   1               /       ZERO FIELD ZERO, ONE, TWO
   2               
   3               /       USED WITH OS/8 ABSLDR TO PRECLEAR CORE IMAGE AND STANDARDIZE LENGTH.
   4               
   5               /       LAST EDIT:      08-APR-1987     23:00:00        CJL
   6               
   7                       FIELD   0               /CLEARING FIELD ZERO
   8               
   9                       *0000                   /START AT THE BEGINNING
  10               
  11 000000  0000          ZBLOCK  7600-.          /CLEAR OUT ALL AVAILABLE FIELD ZERO MEMORY
     000001  0000  
     000002  0000  
     000003  0000  
     000004  0000  
     000005  0000  
     000006  0000  
     000007  0000  
     000010  0000  
     000011  0000  
     000012  0000  
     000013  0000  
     000014  0000  
     000015  0000  
     000016  0000  
     000017  0000  
     000020  0000  
     000021  0000  
     000022  0000  
     000023  0000  
     000024  0000  
     000025  0000  
     000026  0000  
     000027  0000  
     000030  0000  
     000031  0000  
     000032  0000  
     000033  0000  
     000034  0000  
     000035  0000  
     000036  0000  
     000037  0000  
     000040  0000  
     000041  0000  
     000042  0000  
     000043  0000  
     000044  0000  
     000045  0000  
     000046  0000  
     000047  0000  
     000050  0000  
     000051  0000  
     000052  0000  
     000053  0000  
     000054  0000  
     000055  0000  
     000056  0000  
     000057  0000  
     000060  0000  
     000061  0000  
     000062  0000  
     000063  0000  
     000064  0000  
     000065  0000  
     000066  0000  
     000067  0000  
     000070  0000  
     000071  0000  
     000072  0000  
     000073  0000  
     000074  0000  
     000075  0000  
     000076  0000  
     000077  0000  
     000100  0000  
     000101  0000  
     000102  0000  
     000103  0000  
     000104  0000  
     000105  0000  
     000106  0000  
     000107  0000  
     000110  0000  
     000111  0000  
     000112  0000  
     000113  0000  
     000114  0000  
     000115  0000  
     000116  0000  
     000117  0000  
     000120  0000  
     000121  0000  
     000122  0000  
     000123  0000  
     000124  0000  
     000125  0000  
     000126  0000  
     000127  0000  
     000130  0000  
     000131  0000  
     000132  0000  
     000133  0000  
     000134  0000  
     000135  0000  
     000136  0000  
     000137  0000  
     000140  0000  
     000141  0000  
     000142  0000  
     000143  0000  
     000144  0000  
     000145  0000  
     000146  0000  
     000147  0000  
     000150  0000  
     000151  0000  
     000152  0000  
     000153  0000  
     000154  0000  
     000155  0000  
     000156  0000  
     000157  0000  
     000160  0000  
     000161  0000  
     000162  0000  
     000163  0000  
     000164  0000  
     000165  0000  
     000166  0000  
     000167  0000  
     000170  0000  
     000171  0000  
     000172  0000  
     000173  0000  
     000174  0000  
     000175  0000  
     000176  0000  
     000177  0000  
     000200  0000  
     000201  0000  
     000202  0000  
     000203  0000  
     000204  0000  
     000205  0000  
     000206  0000  
     000207  0000  
     000210  0000  
     000211  0000  
     000212  0000  
     000213  0000  
     000214  0000  
     000215  0000  
     000216  0000  
     000217  0000  
     000220  0000  
     000221  0000  
     000222  0000  
     000223  0000  
     000224  0000  
     000225  0000  
     000226  0000  
     000227  0000  
     000230  0000  
     000231  0000  
     000232  0000  
     000233  0000  
     000234  0000  
     000235  0000  
     000236  0000  
     000237  0000  
     000240  0000  
     000241  0000  
     000242  0000  
     000243  0000  
     000244  0000  
     000245  0000  
     000246  0000  
     000247  0000  
     000250  0000  
     000251  0000  
     000252  0000  
     000253  0000  
     000254  0000  
     000255  0000  
     000256  0000  
     000257  0000  
     000260  0000  
     000261  0000  
     000262  0000  
     000263  0000  
     000264  0000  
     000265  0000  
     000266  0000  
     000267  0000  
     000270  0000  
     000271  0000  
     000272  0000  
     000273  0000  
     000274  0000  
     000275  0000  
     000276  0000  
     000277  0000  
     000300  0000  
     000301  0000  
     000302  0000  
     000303  0000  
     000304  0000  
     000305  0000  
     000306  0000  
     000307  0000  
     000310  0000  
     000311  0000  
     000312  0000  
     000313  0000  
     000314  0000  
     000315  0000  
     000316  0000  
     000317  0000  
     000320  0000  
     000321  0000  
     000322  0000  
     000323  0000  
     000324  0000  
     000325  0000  
     000326  0000  
     000327  0000  
     000330  0000  
     000331  0000  
     000332  0000  
     000333  0000  
     000334  0000  
     000335  0000  
     000336  0000  
     000337  0000  
     000340  0000  
     000341  0000  
     000342  0000  
     000343  0000  
     000344  0000  
     000345  0000  
     000346  0000  
     000347  0000  
     000350  0000  
     000351  0000  
     000352  0000  
     000353  0000  
     000354  0000  
     000355  0000  
     000356  0000  
     000357  0000  
     000360  0000  
     000361  0000  
     000362  0000  
     000363  0000  
     000364  0000  
     000365  0000  
     000366  0000  
     000367  0000  
     000370  0000  
     000371  0000  
     000372  0000  
     000373  0000  
     000374  0000  
     000375  0000  
     000376  0000  
     000377  0000  
     000400  0000  
     000401  0000  
     000402  0000  
     000403  0000  
     000404  0000  
     000405  0000  
     000406  0000  
     000407  0000  
     000410  0000  
     000411  0000  
     000412  0000  
     000413  0000  
     000414  0000  
     000415  0000  
     000416  0000  
     000417  0000  
     000420  0000  
     000421  0000  
     000422  0000  
     000423  0000  
     000424  0000  
     000425  0000  
     000426  0000  
     000427  0000  
     000430  0000  
     000431  0000  
     000432  0000  
     000433  0000  
     000434  0000  
     000435  0000  
     000436  0000  
     000437  0000  
     000440  0000  
     000441  0000  
     000442  0000  
     000443  0000  
     000444  0000  
     000445  0000  
     000446  0000  
     000447  0000  
     000450  0000  
     000451  0000  
     000452  0000  
     000453  0000  
     000454  0000  
     000455  0000  
     000456  0000  
     000457  0000  
     000460  0000  
     000461  0000  
     000462  0000  
     000463  0000  
     000464  0000  
     000465  0000  
     000466  0000  
     000467  0000  
     000470  0000  
     000471  0000  
     000472  0000  
     000473  0000  
     000474  0000  
     000475  0000  
     000476  0000  
     000477  0000  
     000500  0000  
     000501  0000  
     000502  0000  
     000503  0000  
     000504  0000  
     000505  0000  
     000506  0000  
     000507  0000  
     000510  0000  
     000511  0000  
     000512  0000  
     000513  0000  
     000514  0000  
     000515  0000  
     000516  0000  
     000517  0000  
     000520  0000  
     000521  0000  
     000522  0000  
     000523  0000  
     000524  0000  
     000525  0000  
     000526  0000  
     000527  0000  
     000530  0000  
     000531  0000  
     000532  0000  
     000533  0000  
     000534  0000  
     000535  0000  
     000536  0000  
     000537  0000  
     000540  0000  
     000541  0000  
     000542  0000  
     000543  0000  
     000544  0000  
     000545  0000  
     000546  0000  
     000547  0000  
     000550  0000  
     000551  0000  
     000552  0000  
     000553  0000  
     000554  0000  
     000555  0000  
     000556  0000  
     000557  0000  
     000560  0000  
     000561  0000  
     000562  0000  
     000563  0000  
     000564  0000  
     000565  0000  
     000566  0000  
     000567  0000  
     000570  0000  
     000571  0000  
     000572  0000  
     000573  0000  
     000574  0000  
     000575  0000  
     000576  0000  
     000577  0000  
     000600  0000  
     000601  0000  
     000602  0000  
     000603  0000  
     000604  0000  
     000605  0000  
     000606  0000  
     000607  0000  
     000610  0000  
     000611  0000  
     000612  0000  
     000613  0000  
     000614  0000  
     000615  0000  
     000616  0000  
     000617  0000  
     000620  0000  
     000621  0000  
     000622  0000  
     000623  0000  
     000624  0000  
     000625  0000  
     000626  0000  
     000627  0000  
     000630  0000  
     000631  0000  
     000632  0000  
     000633  0000  
     000634  0000  
     000635  0000  
     000636  0000  
     000637  0000  
     000640  0000  
     000641  0000  
     000642  0000  
     000643  0000  
     000644  0000  
     000645  0000  
     000646  0000  
     000647  0000  
     000650  0000  
     000651  0000  
     000652  0000  
     000653  0000  
     000654  0000  
     000655  0000  
     000656  0000  
     000657  0000  
     000660  0000  
     000661  0000  
     000662  0000  
     000663  0000  
     000664  0000  
     000665  0000  
     000666  0000  
     000667  0000  
     000670  0000  
     000671  0000  
     000672  0000  
     000673  0000  
     000674  0000  
     000675  0000  
     000676  0000  
     000677  0000  
     000700  0000  
     000701  0000  
     000702  0000  
     000703  0000  
     000704  0000  
     000705  0000  
     000706  0000  
     000707  0000  
     000710  0000  
     000711  0000  
     000712  0000  
     000713  0000  
     000714  0000  
     000715  0000  
     000716  0000  
     000717  0000  
     000720  0000  
     000721  0000  
     000722  0000  
     000723  0000  
     000724  0000  
     000725  0000  
     000726  0000  
     000727  0000  
     000730  0000  
     000731  0000  
     000732  0000  
     000733  0000  
     000734  0000  
     000735  0000  
     000736  0000  
     000737  0000  
     000740  0000  
     000741  0000  
     000742  0000  
     000743  0000  
     000744  0000  
     000745  0000  
     000746  0000  
     000747  0000  
     000750  0000  
     000751  0000  
     000752  0000  
     000753  0000  
     000754  0000  
     000755  0000  
     000756  0000  
     000757  0000  
     000760  0000  
     000761  0000  
     000762  0000  
     000763  0000  
     000764  0000  
     000765  0000  
     000766  0000  
     000767  0000  
     000770  0000  
     000771  0000  
     000772  0000  
     000773  0000  
     000774  0000  
     000775  0000  
     000776  0000  
     000777  0000  
     001000  0000  
     001001  0000  
     001002  0000  
     001003  0000  
     001004  0000  
     001005  0000  
     001006  0000  
     001007  0000  
     001010  0000  
     001011  0000  
     001012  0000  
     001013  0000  
     001014  0000  
     001015  0000  
     001016  0000  
     001017  0000  
     001020  0000  
     001021  0000  
     001022  0000  
     001023  0000  
     001024  0000  
     001025  0000  
     001026  0000  
     001027  0000  
     001030  0000  
     001031  0000  
     001032  0000  
     001033  0000  
     001034  0000  
     001035  0000  
     001036  0000  
     001037  0000  
     001040  0000  
     001041  0000  
     001042  0000  
     001043  0000  
     001044  0000  
     001045  0000  
     001046  0000  
     001047  0000  
     001050  0000  
     001051  0000  
     001052  0000  
     001053  0000  
     001054  0000  
     001055  0000  
     001056  0000  
     001057  0000  
     001060  0000  
     001061  0000  
     001062  0000  
     001063  0000  
     001064  0000  
     001065  0000  
     001066  0000  
     001067  0000  
     001070  0000  
     001071  0000  
     001072  0000  
     001073  0000  
     001074  0000  
     001075  0000  
     001076  0000  
     001077  0000  
     001100  0000  
     001101  0000  
     001102  0000  
     001103  0000  
     001104  0000  
     001105  0000  
     001106  0000  
     001107  0000  
     001110  0000  
     001111  0000  
     001112  0000  
     001113  0000  
     001114  0000  
     001115  0000  
     001116  0000  
     001117  0000  
     001120  0000  
     001121  0000  
     001122  0000  
     001123  0000  
     001124  0000  
     001125  0000  
     001126  0000  
     001127  0000  
     001130  0000  
     001131  0000  
     001132  0000  
     001133  0000  
     001134  0000  
     001135  0000  
     001136  0000  
     001137  0000  
     001140  0000  
     001141  0000  
     001142  0000  
     001143  0000  
     001144  0000  
     001145  0000  
     001146  0000  
     001147  0000  
     001150  0000  
     001151  0000  
     001152  0000  
     001153  0000  
     001154  0000  
     001155  0000  
     001156  0000  
     001157  0000  
     001160  0000  
     001161  0000  
     001162  0000  
     001163  0000  
     001164  0000  
     001165  0000  
     001166  0000  
     001167  0000  
     001170  0000  
     001171  0000  
     001172  0000  
     001173  0000  
     001174  0000  
     001175  0000  
     001176  0000  
     001177  0000  
     001200  0000  
     001201  0000  
     001202  0000  
     001203  0000  
     001204  0000  
     001205  0000  
     001206  0000  
     001207  0000  
     001210  0000  
     001211  0000  
     001212  0000  
     001213  0000  
     001214  0000  
     001215  0000  
     001216  0000  
     001217  0000  
     001220  0000  
     001221  0000  
     001222  0000  
     001223  0000  
     001224  0000  
     001225  0000  
     001226  0000  
     001227  0000  
     001230  0000  
     001231  0000  
     001232  0000  
     001233  0000  
     001234  0000  
     001235  0000  
     001236  0000  
     001237  0000  
     001240  0000  
     001241  0000  
     001242  0000  
     001243  0000  
     001244  0000  
     001245  0000  
     001246  0000  
     001247  0000  
     001250  0000  
     001251  0000  
     001252  0000  
     001253  0000  
     001254  0000  
     001255  0000  
     001256  0000  
     001257  0000  
     001260  0000  
     001261  0000  
     001262  0000  
     001263  0000  
     001264  0000  
     001265  0000  
     001266  0000  
     001267  0000  
     001270  0000  
     001271  0000  
     001272  0000  
     001273  0000  
     001274  0000  
     001275  0000  
     001276  0000  
     001277  0000  
     001300  0000  
     001301  0000  
     001302  0000  
     001303  0000  
     001304  0000  
     001305  0000  
     001306  0000  
     001307  0000  
     001310  0000  
     001311  0000  
     001312  0000  
     001313  0000  
     001314  0000  
     001315  0000  
     001316  0000  
     001317  0000  
     001320  0000  
     001321  0000  
     001322  0000  
     001323  0000  
     001324  0000  
     001325  0000  
     001326  0000  
     001327  0000  
     001330  0000  
     001331  0000  
     001332  0000  
     001333  0000  
     001334  0000  
     001335  0000  
     001336  0000  
     001337  0000  
     001340  0000  
     001341  0000  
     001342  0000  
     001343  0000  
     001344  0000  
     001345  0000  
     001346  0000  
     001347  0000  
     001350  0000  
     001351  0000  
     001352  0000  
     001353  0000  
     001354  0000  
     001355  0000  
     001356  0000  
     001357  0000  
     001360  0000  
     001361  0000  
     001362  0000  
     001363  0000  
     001364  0000  
     001365  0000  
     001366  0000  
     001367  0000  
     001370  0000  
     001371  0000  
     001372  0000  
     001373  0000  
     001374  0000  
     001375  0000  
     001376  0000  
     001377  0000  
     001400  0000  
     001401  0000  
     001402  0000  
     001403  0000  
     001404  0000  
     001405  0000  
     001406  0000  
     001407  0000  
     001410  0000  
     001411  0000  
     001412  0000  
     001413  0000  
     001414  0000  
     001415  0000  
     001416  0000  
     001417  0000  
     001420  0000  
     001421  0000  
     001422  0000  
     001423  0000  
     001424  0000  
     001425  0000  
     001426  0000  
     001427  0000  
     001430  0000  
     001431  0000  
     001432  0000  
     001433  0000  
     001434  0000  
     001435  0000  
     001436  0000  
     001437  0000  
     001440  0000  
     001441  0000  
     001442  0000  
     001443  0000  
     001444  0000  
     001445  0000  
     001446  0000  
     001447  0000  
     001450  0000  
     001451  0000  
     001452  0000  
     001453  0000  
     001454  0000  
     001455  0000  
     001456  0000  
     001457  0000  
     001460  0000  
     001461  0000  
     001462  0000  
     001463  0000  
     001464  0000  
     001465  0000  
     001466  0000  
     001467  0000  
     001470  0000  
     001471  0000  
     001472  0000  
     001473  0000  
     001474  0000  
     001475  0000  
     001476  0000  
     001477  0000  
     001500  0000  
     001501  0000  
     001502  0000  
     001503  0000  
     001504  0000  
     001505  0000  
     001506  0000  
     001507  0000  
     001510  0000  
     001511  0000  
     001512  0000  
     001513  0000  
     001514  0000  
     001515  0000  
     001516  0000  
     001517  0000  
     001520  0000  
     001521  0000  
     001522  0000  
     001523  0000  
     001524  0000  
     001525  0000  
     001526  0000  
     001527  0000  
     001530  0000  
     001531  0000  
     001532  0000  
     001533  0000  
     001534  0000  
     001535  0000  
     001536  0000  
     001537  0000  
     001540  0000  
     001541  0000  
     001542  0000  
     001543  0000  
     001544  0000  
     001545  0000  
     001546  0000  
     001547  0000  
     001550  0000  
     001551  0000  
     001552  0000  
     001553  0000  
     001554  0000  
     001555  0000  
     001556  0000  
     001557  0000  
     001560  0000  
     001561  0000  
     001562  0000  
     001563  0000  
     001564  0000  
     001565  0000  
     001566  0000  
     001567  0000  
     001570  0000  
     001571  0000  
     001572  0000  
     001573  0000  
     001574  0000  
     001575  0000  
     001576  0000  
     001577  0000  
     001600  0000  
     001601  0000  
     001602  0000  
     001603  0000  
     001604  0000  
     001605  0000  
     001606  0000  
     001607  0000  
     001610  0000  
     001611  0000  
     001612  0000  
     001613  0000  
     001614  0000  
     001615  0000  
     001616  0000  
     001617  0000  
     001620  0000  
     001621  0000  
     001622  0000  
     001623  0000  
     001624  0000  
     001625  0000  
     001626  0000  
     001627  0000  
     001630  0000  
     001631  0000  
     001632  0000  
     001633  0000  
     001634  0000  
     001635  0000  
     001636  0000  
     001637  0000  
     001640  0000  
     001641  0000  
     001642  0000  
     001643  0000  
     001644  0000  
     001645  0000  
     001646  0000  
     001647  0000  
     001650  0000  
     001651  0000  
     001652  0000  
     001653  0000  
     001654  0000  
     001655  0000  
     001656  0000  
     001657  0000  
     001660  0000  
     001661  0000  
     001662  0000  
     001663  0000  
     001664  0000  
     001665  0000  
     001666  0000  
     001667  0000  
     001670  0000  
     001671  0000  
     001672  0000  
     001673  0000  
     001674  0000  
     001675  0000  
     001676  0000  
     001677  0000  
     001700  0000  
     001701  0000  
     001702  0000  
     001703  0000  
     001704  0000  
     001705  0000  
     001706  0000  
     001707  0000  
     001710  0000  
     001711  0000  
     001712  0000  
     001713  0000  
     001714  0000  
     001715  0000  
     001716  0000  
     001717  0000  
     001720  0000  
     001721  0000  
     001722  0000  
     001723  0000  
     001724  0000  
     001725  0000  
     001726  0000  
     001727  0000  
     001730  0000  
     001731  0000  
     001732  0000  
     001733  0000  
     001734  0000  
     001735  0000  
     001736  0000  
     001737  0000  
     001740  0000  
     001741  0000  
     001742  0000  
     001743  0000  
     001744  0000  
     001745  0000  
     001746  0000  
     001747  0000  
     001750  0000  
     001751  0000  
     001752  0000  
     001753  0000  
     001754  0000  
     001755  0000  
     001756  0000  
     001757  0000  
     001760  0000  
     001761  0000  
     001762  0000  
     001763  0000  
     001764  0000  
     001765  0000  
     001766  0000  
     001767  0000  
     001770  0000  
     001771  0000  
     001772  0000  
     001773  0000  
     001774  0000  
     001775  0000  
     001776  0000  
     001777  0000  
     002000  0000  
     002001  0000  
     002002  0000  
     002003  0000  
     002004  0000  
     002005  0000  
     002006  0000  
     002007  0000  
     002010  0000  
     002011  0000  
     002012  0000  
     002013  0000  
     002014  0000  
     002015  0000  
     002016  0000  
     002017  0000  
     002020  0000  
     002021  0000  
     002022  0000  
     002023  0000  
     002024  0000  
     002025  0000  
     002026  0000  
     002027  0000  
     002030  0000  
     002031  0000  
     002032  0000  
     002033  0000  
     002034  0000  
     002035  0000  
     002036  0000  
     002037  0000  
     002040  0000  
     002041  0000  
     002042  0000  
     002043  0000  
     002044  0000  
     002045  0000  
     002046  0000  
     002047  0000  
     002050  0000  
     002051  0000  
     002052  0000  
     002053  0000  
     002054  0000  
     002055  0000  
     002056  0000  
     002057  0000  
     002060  0000  
     002061  0000  
     002062  0000  
     002063  0000  
     002064  0000  
     002065  0000  
     002066  0000  
     002067  0000  
     002070  0000  
     002071  0000  
     002072  0000  
     002073  0000  
     002074  0000  
     002075  0000  
     002076  0000  
     002077  0000  
     002100  0000  
     002101  0000  
     002102  0000  
     002103  0000  
     002104  0000  
     002105  0000  
     002106  0000  
     002107  0000  
     002110  0000  
     002111  0000  
     002112  0000  
     002113  0000  
     002114  0000  
     002115  0000  
     002116  0000  
     002117  0000  
     002120  0000  
     002121  0000  
     002122  0000  
     002123  0000  
     002124  0000  
     002125  0000  
     002126  0000  
     002127  0000  
     002130  0000  
     002131  0000  
     002132  0000  
     002133  0000  
     002134  0000  
     002135  0000  
     002136  0000  
     002137  0000  
     002140  0000  
     002141  0000  
     002142  0000  
     002143  0000  
     002144  0000  
     002145  0000  
     002146  0000  
     002147  0000  
     002150  0000  
     002151  0000  
     002152  0000  
     002153  0000  
     002154  0000  
     002155  0000  
     002156  0000  
     002157  0000  
     002160  0000  
     002161  0000  
     002162  0000  
     002163  0000  
     002164  0000  
     002165  0000  
     002166  0000  
     002167  0000  
     002170  0000  
     002171  0000  
     002172  0000  
     002173  0000  
     002174  0000  
     002175  0000  
     002176  0000  
     002177  0000  
     002200  0000  
     002201  0000  
     002202  0000  
     002203  0000  
     002204  0000  
     002205  0000  
     002206  0000  
     002207  0000  
     002210  0000  
     002211  0000  
     002212  0000  
     002213  0000  
     002214  0000  
     002215  0000  
     002216  0000  
     002217  0000  
     002220  0000  
     002221  0000  
     002222  0000  
     002223  0000  
     002224  0000  
     002225  0000  
     002226  0000  
     002227  0000  
     002230  0000  
     002231  0000  
     002232  0000  
     002233  0000  
     002234  0000  
     002235  0000  
     002236  0000  
     002237  0000  
     002240  0000  
     002241  0000  
     002242  0000  
     002243  0000  
     002244  0000  
     002245  0000  
     002246  0000  
     002247  0000  
     002250  0000  
     002251  0000  
     002252  0000  
     002253  0000  
     002254  0000  
     002255  0000  
     002256  0000  
     002257  0000  
     002260  0000  
     002261  0000  
     002262  0000  
     002263  0000  
     002264  0000  
     002265  0000  
     002266  0000  
     002267  0000  
     002270  0000  
     002271  0000  
     002272  0000  
     002273  0000  
     002274  0000  
     002275  0000  
     002276  0000  
     002277  0000  
     002300  0000  
     002301  0000  
     002302  0000  
     002303  0000  
     002304  0000  
     002305  0000  
     002306  0000  
     002307  0000  
     002310  0000  
     002311  0000  
     002312  0000  
     002313  0000  
     002314  0000  
     002315  0000  
     002316  0000  
     002317  0000  
     002320  0000  
     002321  0000  
     002322  0000  
     002323  0000  
     002324  0000  
     002325  0000  
     002326  0000  
     002327  0000  
     002330  0000  
     002331  0000  
     002332  0000  
     002333  0000  
     002334  0000  
     002335  0000  
     002336  0000  
     002337  0000  
     002340  0000  
     002341  0000  
     002342  0000  
     002343  0000  
     002344  0000  
     002345  0000  
     002346  0000  
     002347  0000  
     002350  0000  
     002351  0000  
     002352  0000  
     002353  0000  
     002354  0000  
     002355  0000  
     002356  0000  
     002357  0000  
     002360  0000  
     002361  0000  
     002362  0000  
     002363  0000  
     002364  0000  
     002365  0000  
     002366  0000  
     002367  0000  
     002370  0000  
     002371  0000  
     002372  0000  
     002373  0000  
     002374  0000  
     002375  0000  
     002376  0000  
     002377  0000  
     002400  0000  
     002401  0000  
     002402  0000  
     002403  0000  
     002404  0000  
     002405  0000  
     002406  0000  
     002407  0000  
     002410  0000  
     002411  0000  
     002412  0000  
     002413  0000  
     002414  0000  
     002415  0000  
     002416  0000  
     002417  0000  
     002420  0000  
     002421  0000  
     002422  0000  
     002423  0000  
     002424  0000  
     002425  0000  
     002426  0000  
     002427  0000  
     002430  0000  
     002431  0000  
     002432  0000  
     002433  0000  
     002434  0000  
     002435  0000  
     002436  0000  
     002437  0000  
     002440  0000  
     002441  0000  
     002442  0000  
     002443  0000  
     002444  0000  
     002445  0000  
     002446  0000  
     002447  0000  
     002450  0000  
     002451  0000  
     002452  0000  
     002453  0000  
     002454  0000  
     002455  0000  
     002456  0000  
     002457  0000  
     002460  0000  
     002461  0000  
     002462  0000  
     002463  0000  
     002464  0000  
     002465  0000  
     002466  0000  
     002467  0000  
     002470  0000  
     002471  0000  
     002472  0000  
     002473  0000  
     002474  0000  
     002475  0000  
     002476  0000  
     002477  0000  
     002500  0000  
     002501  0000  
     002502  0000  
     002503  0000  
     002504  0000  
     002505  0000  
     002506  0000  
     002507  0000  
     002510  0000  
     002511  0000  
     002512  0000  
     002513  0000  
     002514  0000  
     002515  0000  
     002516  0000  
     002517  0000  
     002520  0000  
     002521  0000  
     002522  0000  
     002523  0000  
     002524  0000  
     002525  0000  
     002526  0000  
     002527  0000  
     002530  0000  
     002531  0000  
     002532  0000  
     002533  0000  
     002534  0000  
     002535  0000  
     002536  0000  
     002537  0000  
     002540  0000  
     002541  0000  
     002542  0000  
     002543  0000  
     002544  0000  
     002545  0000  
     002546  0000  
     002547  0000  
     002550  0000  
     002551  0000  
     002552  0000  
     002553  0000  
     002554  0000  
     002555  0000  
     002556  0000  
     002557  0000  
     002560  0000  
     002561  0000  
     002562  0000  
     002563  0000  
     002564  0000  
     002565  0000  
     002566  0000  
     002567  0000  
     002570  0000  
     002571  0000  
     002572  0000  
     002573  0000  
     002574  0000  
     002575  0000  
     002576  0000  
     002577  0000  
     002600  0000  
     002601  0000  
     002602  0000  
     002603  0000  
     002604  0000  
     002605  0000  
     002606  0000  
     002607  0000  
     002610  0000  
     002611  0000  
     002612  0000  
     002613  0000  
     002614  0000  
     002615  0000  
     002616  0000  
     002617  0000  
     002620  0000  
     002621  0000  
     002622  0000  
     002623  0000  
     002624  0000  
     002625  0000  
     002626  0000  
     002627  0000  
     002630  0000  
     002631  0000  
     002632  0000  
     002633  0000  
     002634  0000  
     002635  0000  
     002636  0000  
     002637  0000  
     002640  0000  
     002641  0000  
     002642  0000  
     002643  0000  
     002644  0000  
     002645  0000  
     002646  0000  
     002647  0000  
     002650  0000  
     002651  0000  
     002652  0000  
     002653  0000  
     002654  0000  
     002655  0000  
     002656  0000  
     002657  0000  
     002660  0000  
     002661  0000  
     002662  0000  
     002663  0000  
     002664  0000  
     002665  0000  
     002666  0000  
     002667  0000  
     002670  0000  
     002671  0000  
     002672  0000  
     002673  0000  
     002674  0000  
     002675  0000  
     002676  0000  
     002677  0000  
     002700  0000  
     002701  0000  
     002702  0000  
     002703  0000  
     002704  0000  
     002705  0000  
     002706  0000  
     002707  0000  
     002710  0000  
     002711  0000  
     002712  0000  
     002713  0000  
     002714  0000  
     002715  0000  
     002716  0000  
     002717  0000  
     002720  0000  
     002721  0000  
     002722  0000  
     002723  0000  
     002724  0000  
     002725  0000  
     002726  0000  
     002727  0000  
     002730  0000  
     002731  0000  
     002732  0000  
     002733  0000  
     002734  0000  
     002735  0000  
     002736  0000  
     002737  0000  
     002740  0000  
     002741  0000  
     002742  0000  
     002743  0000  
     002744  0000  
     002745  0000  
     002746  0000  
     002747  0000  
     002750  0000  
     002751  0000  
     002752  0000  
     002753  0000  
     002754  0000  
     002755  0000  
     002756  0000  
     002757  0000  
     002760  0000  
     002761  0000  
     002762  0000  
     002763  0000  
     002764  0000  
     002765  0000  
     002766  0000  
     002767  0000  
     002770  0000  
     002771  0000  
     002772  0000  
     002773  0000  
     002774  0000  
     002775  0000  
     002776  0000  
     002777  0000  
     003000  0000  
     003001  0000  
     003002  0000  
     003003  0000  
     003004  0000  
     003005  0000  
     003006  0000  
     003007  0000  
     003010  0000  
     003011  0000  
     003012  0000  
     003013  0000  
     003014  0000  
     003015  0000  
     003016  0000  
     003017  0000  
     003020  0000  
     003021  0000  
     003022  0000  
     003023  0000  
     003024  0000  
     003025  0000  
     003026  0000  
     003027  0000  
     003030  0000  
     003031  0000  
     003032  0000  
     003033  0000  
     003034  0000  
     003035  0000  
     003036  0000  
     003037  0000  
     003040  0000  
     003041  0000  
     003042  0000  
     003043  0000  
     003044  0000  
     003045  0000  
     003046  0000  
     003047  0000  
     003050  0000  
     003051  0000  
     003052  0000  
     003053  0000  
     003054  0000  
     003055  0000  
     003056  0000  
     003057  0000  
     003060  0000  
     003061  0000  
     003062  0000  
     003063  0000  
     003064  0000  
     003065  0000  
     003066  0000  
     003067  0000  
     003070  0000  
     003071  0000  
     003072  0000  
     003073  0000  
     003074  0000  
     003075  0000  
     003076  0000  
     003077  0000  
     003100  0000  
     003101  0000  
     003102  0000  
     003103  0000  
     003104  0000  
     003105  0000  
     003106  0000  
     003107  0000  
     003110  0000  
     003111  0000  
     003112  0000  
     003113  0000  
     003114  0000  
     003115  0000  
     003116  0000  
     003117  0000  
     003120  0000  
     003121  0000  
     003122  0000  
     003123  0000  
     003124  0000  
     003125  0000  
     003126  0000  
     003127  0000  
     003130  0000  
     003131  0000  
     003132  0000  
     003133  0000  
     003134  0000  
     003135  0000  
     003136  0000  
     003137  0000  
     003140  0000  
     003141  0000  
     003142  0000  
     003143  0000  
     003144  0000  
     003145  0000  
     003146  0000  
     003147  0000  
     003150  0000  
     003151  0000  
     003152  0000  
     003153  0000  
     003154  0000  
     003155  0000  
     003156  0000  
     003157  0000  
     003160  0000  
     003161  0000  
     003162  0000  
     003163  0000  
     003164  0000  
     003165  0000  
     003166  0000  
     003167  0000  
     003170  0000  
     003171  0000  
     003172  0000  
     003173  0000  
     003174  0000  
     003175  0000  
     003176  0000  
     003177  0000  
     003200  0000  
     003201  0000  
     003202  0000  
     003203  0000  
     003204  0000  
     003205  0000  
     003206  0000  
     003207  0000  
     003210  0000  
     003211  0000  
     003212  0000  
     003213  0000  
     003214  0000  
     003215  0000  
     003216  0000  
     003217  0000  
     003220  0000  
     003221  0000  
     003222  0000  
     003223  0000  
     003224  0000  
     003225  0000  
     003226  0000  
     003227  0000  
     003230  0000  
     003231  0000  
     003232  0000  
     003233  0000  
     003234  0000  
     003235  0000  
     003236  0000  
     003237  0000  
     003240  0000  
     003241  0000  
     003242  0000  
     003243  0000  
     003244  0000  
     003245  0000  
     003246  0000  
     003247  0000  
     003250  0000  
     003251  0000  
     003252  0000  
     003253  0000  
     003254  0000  
     003255  0000  
     003256  0000  
     003257  0000  
     003260  0000  
     003261  0000  
     003262  0000  
     003263  0000  
     003264  0000  
     003265  0000  
     003266  0000  
     003267  0000  
     003270  0000  
     003271  0000  
     003272  0000  
     003273  0000  
     003274  0000  
     003275  0000  
     003276  0000  
     003277  0000  
     003300  0000  
     003301  0000  
     003302  0000  
     003303  0000  
     003304  0000  
     003305  0000  
     003306  0000  
     003307  0000  
     003310  0000  
     003311  0000  
     003312  0000  
     003313  0000  
     003314  0000  
     003315  0000  
     003316  0000  
     003317  0000  
     003320  0000  
     003321  0000  
     003322  0000  
     003323  0000  
     003324  0000  
     003325  0000  
     003326  0000  
     003327  0000  
     003330  0000  
     003331  0000  
     003332  0000  
     003333  0000  
     003334  0000  
     003335  0000  
     003336  0000  
     003337  0000  
     003340  0000  
     003341  0000  
     003342  0000  
     003343  0000  
     003344  0000  
     003345  0000  
     003346  0000  
     003347  0000  
     003350  0000  
     003351  0000  
     003352  0000  
     003353  0000  
     003354  0000  
     003355  0000  
     003356  0000  
     003357  0000  
     003360  0000  
     003361  0000  
     003362  0000  
     003363  0000  
     003364  0000  
     003365  0000  
     003366  0000  
     003367  0000  
     003370  0000  
     003371  0000  
     003372  0000  
     003373  0000  
     003374  0000  
     003375  0000  
     003376  0000  
     003377  0000  
     003400  0000  
     003401  0000  
     003402  0000  
     003403  0000  
     003404  0000  
     003405  0000  
     003406  0000  
     003407  0000  
     003410  0000  
     003411  0000  
     003412  0000  
     003413  0000  
     003414  0000  
     003415  0000  
     003416  0000  
     003417  0000  
     003420  0000  
     003421  0000  
     003422  0000  
     003423  0000  
     003424  0000  
     003425  0000  
     003426  0000  
     003427  0000  
     003430  0000  
     003431  0000  
     003432  0000  
     003433  0000  
     003434  0000  
     003435  0000  
     003436  0000  
     003437  0000  
     003440  0000  
     003441  0000  
     003442  0000  
     003443  0000  
     003444  0000  
     003445  0000  
     003446  0000  
     003447  0000  
     003450  0000  
     003451  0000  
     003452  0000  
     003453  0000  
     003454  0000  
     003455  0000  
     003456  0000  
     003457  0000  
     003460  0000  
     003461  0000  
     003462  0000  
     003463  0000  
     003464  0000  
     003465  0000  
     003466  0000  
     003467  0000  
     003470  0000  
     003471  0000  
     003472  0000  
     003473  0000  
     003474  0000  
     003475  0000  
     003476  0000  
     003477  0000  
     003500  0000  
     003501  0000  
     003502  0000  
     003503  0000  
     003504  0000  
     003505  0000  
     003506  0000  
     003507  0000  
     003510  0000  
     003511  0000  
     003512  0000  
     003513  0000  
     003514  0000  
     003515  0000  
     003516  0000  
     003517  0000  
     003520  0000  
     003521  0000  
     003522  0000  
     003523  0000  
     003524  0000  
     003525  0000  
     003526  0000  
     003527  0000  
     003530  0000  
     003531  0000  
     003532  0000  
     003533  0000  
     003534  0000  
     003535  0000  
     003536  0000  
     003537  0000  
     003540  0000  
     003541  0000  
     003542  0000  
     003543  0000  
     003544  0000  
     003545  0000  
     003546  0000  
     003547  0000  
     003550  0000  
     003551  0000  
     003552  0000  
     003553  0000  
     003554  0000  
     003555  0000  
     003556  0000  
     003557  0000  
     003560  0000  
     003561  0000  
     003562  0000  
     003563  0000  
     003564  0000  
     003565  0000  
     003566  0000  
     003567  0000  
     003570  0000  
     003571  0000  
     003572  0000  
     003573  0000  
     003574  0000  
     003575  0000  
     003576  0000  
     003577  0000  
     003600  0000  
     003601  0000  
     003602  0000  
     003603  0000  
     003604  0000  
     003605  0000  
     003606  0000  
     003607  0000  
     003610  0000  
     003611  0000  
     003612  0000  
     003613  0000  
     003614  0000  
     003615  0000  
     003616  0000  
     003617  0000  
     003620  0000  
     003621  0000  
     003622  0000  
     003623  0000  
     003624  0000  
     003625  0000  
     003626  0000  
     003627  0000  
     003630  0000  
     003631  0000  
     003632  0000  
     003633  0000  
     003634  0000  
     003635  0000  
     003636  0000  
     003637  0000  
     003640  0000  
     003641  0000  
     003642  0000  
     003643  0000  
     003644  0000  
     003645  0000  
     003646  0000  
     003647  0000  
     003650  0000  
     003651  0000  
     003652  0000  
     003653  0000  
     003654  0000  
     003655  0000  
     003656  0000  
     003657  0000  
     003660  0000  
     003661  0000  
     003662  0000  
     003663  0000  
     003664  0000  
     003665  0000  
     003666  0000  
     003667  0000  
     003670  0000  
     003671  0000  
     003672  0000  
     003673  0000  
     003674  0000  
     003675  0000  
     003676  0000  
     003677  0000  
     003700  0000  
     003701  0000  
     003702  0000  
     003703  0000  
     003704  0000  
     003705  0000  
     003706  0000  
     003707  0000  
     003710  0000  
     003711  0000  
     003712  0000  
     003713  0000  
     003714  0000  
     003715  0000  
     003716  0000  
     003717  0000  
     003720  0000  
     003721  0000  
     003722  0000  
     003723  0000  
     003724  0000  
     003725  0000  
     003726  0000  
     003727  0000  
     003730  0000  
     003731  0000  
     003732  0000  
     003733  0000  
     003734  0000  
     003735  0000  
     003736  0000  
     003737  0000  
     003740  0000  
     003741  0000  
     003742  0000  
     003743  0000  
     003744  0000  
     003745  0000  
     003746  0000  
     003747  0000  
     003750  0000  
     003751  0000  
     003752  0000  
     003753  0000  
     003754  0000  
     003755  0000  
     003756  0000  
     003757  0000  
     003760  0000  
     003761  0000  
     003762  0000  
     003763  0000  
     003764  0000  
     003765  0000  
     003766  0000  
     003767  0000  
     003770  0000  
     003771  0000  
     003772  0000  
     003773  0000  
     003774  0000  
     003775  0000  
     003776  0000  
     003777  0000  
     004000  0000  
     004001  0000  
     004002  0000  
     004003  0000  
     004004  0000  
     004005  0000  
     004006  0000  
     004007  0000  
     004010  0000  
     004011  0000  
     004012  0000  
     004013  0000  
     004014  0000  
     004015  0000  
     004016  0000  
     004017  0000  
     004020  0000  
     004021  0000  
     004022  0000  
     004023  0000  
     004024  0000  
     004025  0000  
     004026  0000  
     004027  0000  
     004030  0000  
     004031  0000  
     004032  0000  
     004033  0000  
     004034  0000  
     004035  0000  
     004036  0000  
     004037  0000  
     004040  0000  
     004041  0000  
     004042  0000  
     004043  0000  
     004044  0000  
     004045  0000  
     004046  0000  
     004047  0000  
     004050  0000  
     004051  0000  
     004052  0000  
     004053  0000  
     004054  0000  
     004055  0000  
     004056  0000  
     004057  0000  
     004060  0000  
     004061  0000  
     004062  0000  
     004063  0000  
     004064  0000  
     004065  0000  
     004066  0000  
     004067  0000  
     004070  0000  
     004071  0000  
     004072  0000  
     004073  0000  
     004074  0000  
     004075  0000  
     004076  0000  
     004077  0000  
     004100  0000  
     004101  0000  
     004102  0000  
     004103  0000  
     004104  0000  
     004105  0000  
     004106  0000  
     004107  0000  
     004110  0000  
     004111  0000  
     004112  0000  
     004113  0000  
     004114  0000  
     004115  0000  
     004116  0000  
     004117  0000  
     004120  0000  
     004121  0000  
     004122  0000  
     004123  0000  
     004124  0000  
     004125  0000  
     004126  0000  
     004127  0000  
     004130  0000  
     004131  0000  
     004132  0000  
     004133  0000  
     004134  0000  
     004135  0000  
     004136  0000  
     004137  0000  
     004140  0000  
     004141  0000  
     004142  0000  
     004143  0000  
     004144  0000  
     004145  0000  
     004146  0000  
     004147  0000  
     004150  0000  
     004151  0000  
     004152  0000  
     004153  0000  
     004154  0000  
     004155  0000  
     004156  0000  
     004157  0000  
     004160  0000  
     004161  0000  
     004162  0000  
     004163  0000  
     004164  0000  
     004165  0000  
     004166  0000  
     004167  0000  
     004170  0000  
     004171  0000  
     004172  0000  
     004173  0000  
     004174  0000  
     004175  0000  
     004176  0000  
     004177  0000  
     004200  0000  
     004201  0000  
     004202  0000  
     004203  0000  
     004204  0000  
     004205  0000  
     004206  0000  
     004207  0000  
     004210  0000  
     004211  0000  
     004212  0000  
     004213  0000  
     004214  0000  
     004215  0000  
     004216  0000  
     004217  0000  
     004220  0000  
     004221  0000  
     004222  0000  
     004223  0000  
     004224  0000  
     004225  0000  
     004226  0000  
     004227  0000  
     004230  0000  
     004231  0000  
     004232  0000  
     004233  0000  
     004234  0000  
     004235  0000  
     004236  0000  
     004237  0000  
     004240  0000  
     004241  0000  
     004242  0000  
     004243  0000  
     004244  0000  
     004245  0000  
     004246  0000  
     004247  0000  
     004250  0000  
     004251  0000  
     004252  0000  
     004253  0000  
     004254  0000  
     004255  0000  
     004256  0000  
     004257  0000  
     004260  0000  
     004261  0000  
     004262  0000  
     004263  0000  
     004264  0000  
     004265  0000  
     004266  0000  
     004267  0000  
     004270  0000  
     004271  0000  
     004272  0000  
     004273  0000  
     004274  0000  
     004275  0000  
     004276  0000  
     004277  0000  
     004300  0000  
     004301  0000  
     004302  0000  
     004303  0000  
     004304  0000  
     004305  0000  
     004306  0000  
     004307  0000  
     004310  0000  
     004311  0000  
     004312  0000  
     004313  0000  
     004314  0000  
     004315  0000  
     004316  0000  
     004317  0000  
     004320  0000  
     004321  0000  
     004322  0000  
     004323  0000  
     004324  0000  
     004325  0000  
     004326  0000  
     004327  0000  
     004330  0000  
     004331  0000  
     004332  0000  
     004333  0000  
     004334  0000  
     004335  0000  
     004336  0000  
     004337  0000  
     004340  0000  
     004341  0000  
     004342  0000  
     004343  0000  
     004344  0000  
     004345  0000  
     004346  0000  
     004347  0000  
     004350  0000  
     004351  0000  
     004352  0000  
     004353  0000  
     004354  0000  
     004355  0000  
     004356  0000  
     004357  0000  
     004360  0000  
     004361  0000  
     004362  0000  
     004363  0000  
     004364  0000  
     004365  0000  
     004366  0000  
     004367  0000  
     004370  0000  
     004371  0000  
     004372  0000  
     004373  0000  
     004374  0000  
     004375  0000  
     004376  0000  
     004377  0000  
     004400  0000  
     004401  0000  
     004402  0000  
     004403  0000  
     004404  0000  
     004405  0000  
     004406  0000  
     004407  0000  
     004410  0000  
     004411  0000  
     004412  0000  
     004413  0000  
     004414  0000  
     004415  0000  
     004416  0000  
     004417  0000  
     004420  0000  
     004421  0000  
     004422  0000  
     004423  0000  
     004424  0000  
     004425  0000  
     004426  0000  
     004427  0000  
     004430  0000  
     004431  0000  
     004432  0000  
     004433  0000  
     004434  0000  
     004435  0000  
     004436  0000  
     004437  0000  
     004440  0000  
     004441  0000  
     004442  0000  
     004443  0000  
     004444  0000  
     004445  0000  
     004446  0000  
     004447  0000  
     004450  0000  
     004451  0000  
     004452  0000  
     004453  0000  
     004454  0000  
     004455  0000  
     004456  0000  
     004457  0000  
     004460  0000  
     004461  0000  
     004462  0000  
     004463  0000  
     004464  0000  
     004465  0000  
     004466  0000  
     004467  0000  
     004470  0000  
     004471  0000  
     004472  0000  
     004473  0000  
     004474  0000  
     004475  0000  
     004476  0000  
     004477  0000  
     004500  0000  
     004501  0000  
     004502  0000  
     004503  0000  
     004504  0000  
     004505  0000  
     004506  0000  
     004507  0000  
     004510  0000  
     004511  0000  
     004512  0000  
     004513  0000  
     004514  0000  
     004515  0000  
     004516  0000  
     004517  0000  
     004520  0000  
     004521  0000  
     004522  0000  
     004523  0000  
     004524  0000  
     004525  0000  
     004526  0000  
     004527  0000  
     004530  0000  
     004531  0000  
     004532  0000  
     004533  0000  
     004534  0000  
     004535  0000  
     004536  0000  
     004537  0000  
     004540  0000  
     004541  0000  
     004542  0000  
     004543  0000  
     004544  0000  
     004545  0000  
     004546  0000  
     004547  0000  
     004550  0000  
     004551  0000  
     004552  0000  
     004553  0000  
     004554  0000  
     004555  0000  
     004556  0000  
     004557  0000  
     004560  0000  
     004561  0000  
     004562  0000  
     004563  0000  
     004564  0000  
     004565  0000  
     004566  0000  
     004567  0000  
     004570  0000  
     004571  0000  
     004572  0000  
     004573  0000  
     004574  0000  
     004575  0000  
     004576  0000  
     004577  0000  
     004600  0000  
     004601  0000  
     004602  0000  
     004603  0000  
     004604  0000  
     004605  0000  
     004606  0000  
     004607  0000  
     004610  0000  
     004611  0000  
     004612  0000  
     004613  0000  
     004614  0000  
     004615  0000  
     004616  0000  
     004617  0000  
     004620  0000  
     004621  0000  
     004622  0000  
     004623  0000  
     004624  0000  
     004625  0000  
     004626  0000  
     004627  0000  
     004630  0000  
     004631  0000  
     004632  0000  
     004633  0000  
     004634  0000  
     004635  0000  
     004636  0000  
     004637  0000  
     004640  0000  
     004641  0000  
     004642  0000  
     004643  0000  
     004644  0000  
     004645  0000  
     004646  0000  
     004647  0000  
     004650  0000  
     004651  0000  
     004652  0000  
     004653  0000  
     004654  0000  
     004655  0000  
     004656  0000  
     004657  0000  
     004660  0000  
     004661  0000  
     004662  0000  
     004663  0000  
     004664  0000  
     004665  0000  
     004666  0000  
     004667  0000  
     004670  0000  
     004671  0000  
     004672  0000  
     004673  0000  
     004674  0000  
     004675  0000  
     004676  0000  
     004677  0000  
     004700  0000  
     004701  0000  
     004702  0000  
     004703  0000  
     004704  0000  
     004705  0000  
     004706  0000  
     004707  0000  
     004710  0000  
     004711  0000  
     004712  0000  
     004713  0000  
     004714  0000  
     004715  0000  
     004716  0000  
     004717  0000  
     004720  0000  
     004721  0000  
     004722  0000  
     004723  0000  
     004724  0000  
     004725  0000  
     004726  0000  
     004727  0000  
     004730  0000  
     004731  0000  
     004732  0000  
     004733  0000  
     004734  0000  
     004735  0000  
     004736  0000  
     004737  0000  
     004740  0000  
     004741  0000  
     004742  0000  
     004743  0000  
     004744  0000  
     004745  0000  
     004746  0000  
     004747  0000  
     004750  0000  
     004751  0000  
     004752  0000  
     004753  0000  
     004754  0000  
     004755  0000  
     004756  0000  
     004757  0000  
     004760  0000  
     004761  0000  
     004762  0000  
     004763  0000  
     004764  0000  
     004765  0000  
     004766  0000  
     004767  0000  
     004770  0000  
     004771  0000  
     004772  0000  
     004773  0000  
     004774  0000  
     004775  0000  
     004776  0000  
     004777  0000  
     005000  0000  
     005001  0000  
     005002  0000  
     005003  0000  
     005004  0000  
     005005  0000  
     005006  0000  
     005007  0000  
     005010  0000  
     005011  0000  
     005012  0000  
     005013  0000  
     005014  0000  
     005015  0000  
     005016  0000  
     005017  0000  
     005020  0000  
     005021  0000  
     005022  0000  
     005023  0000  
     005024  0000  
     005025  0000  
     005026  0000  
     005027  0000  
     005030  0000  
     005031  0000  
     005032  0000  
     005033  0000  
     005034  0000  
     005035  0000  
     005036  0000  
     005037  0000  
     005040  0000  
     005041  0000  
     005042  0000  
     005043  0000  
     005044  0000  
     005045  0000  
     005046  0000  
     005047  0000  
     005050  0000  
     005051  0000  
     005052  0000  
     005053  0000  
     005054  0000  
     005055  0000  
     005056  0000  
     005057  0000  
     005060  0000  
     005061  0000  
     005062  0000  
     005063  0000  
     005064  0000  
     005065  0000  
     005066  0000  
     005067  0000  
     005070  0000  
     005071  0000  
     005072  0000  
     005073  0000  
     005074  0000  
     005075  0000  
     005076  0000  
     005077  0000  
     005100  0000  
     005101  0000  
     005102  0000  
     005103  0000  
     005104  0000  
     005105  0000  
     005106  0000  
     005107  0000  
     005110  0000  
     005111  0000  
     005112  0000  
     005113  0000  
     005114  0000  
     005115  0000  
     005116  0000  
     005117  0000  
     005120  0000  
     005121  0000  
     005122  0000  
     005123  0000  
     005124  0000  
     005125  0000  
     005126  0000  
     005127  0000  
     005130  0000  
     005131  0000  
     005132  0000  
     005133  0000  
     005134  0000  
     005135  0000  
     005136  0000  
     005137  0000  
     005140  0000  
     005141  0000  
     005142  0000  
     005143  0000  
     005144  0000  
     005145  0000  
     005146  0000  
     005147  0000  
     005150  0000  
     005151  0000  
     005152  0000  
     005153  0000  
     005154  0000  
     005155  0000  
     005156  0000  
     005157  0000  
     005160  0000  
     005161  0000  
     005162  0000  
     005163  0000  
     005164  0000  
     005165  0000  
     005166  0000  
     005167  0000  
     005170  0000  
     005171  0000  
     005172  0000  
     005173  0000  
     005174  0000  
     005175  0000  
     005176  0000  
     005177  0000  
     005200  0000  
     005201  0000  
     005202  0000  
     005203  0000  
     005204  0000  
     005205  0000  
     005206  0000  
     005207  0000  
     005210  0000  
     005211  0000  
     005212  0000  
     005213  0000  
     005214  0000  
     005215  0000  
     005216  0000  
     005217  0000  
     005220  0000  
     005221  0000  
     005222  0000  
     005223  0000  
     005224  0000  
     005225  0000  
     005226  0000  
     005227  0000  
     005230  0000  
     005231  0000  
     005232  0000  
     005233  0000  
     005234  0000  
     005235  0000  
     005236  0000  
     005237  0000  
     005240  0000  
     005241  0000  
     005242  0000  
     005243  0000  
     005244  0000  
     005245  0000  
     005246  0000  
     005247  0000  
     005250  0000  
     005251  0000  
     005252  0000  
     005253  0000  
     005254  0000  
     005255  0000  
     005256  0000  
     005257  0000  
     005260  0000  
     005261  0000  
     005262  0000  
     005263  0000  
     005264  0000  
     005265  0000  
     005266  0000  
     005267  0000  
     005270  0000  
     005271  0000  
     005272  0000  
     005273  0000  
     005274  0000  
     005275  0000  
     005276  0000  
     005277  0000  
     005300  0000  
     005301  0000  
     005302  0000  
     005303  0000  
     005304  0000  
     005305  0000  
     005306  0000  
     005307  0000  
     005310  0000  
     005311  0000  
     005312  0000  
     005313  0000  
     005314  0000  
     005315  0000  
     005316  0000  
     005317  0000  
     005320  0000  
     005321  0000  
     005322  0000  
     005323  0000  
     005324  0000  
     005325  0000  
     005326  0000  
     005327  0000  
     005330  0000  
     005331  0000  
     005332  0000  
     005333  0000  
     005334  0000  
     005335  0000  
     005336  0000  
     005337  0000  
     005340  0000  
     005341  0000  
     005342  0000  
     005343  0000  
     005344  0000  
     005345  0000  
     005346  0000  
     005347  0000  
     005350  0000  
     005351  0000  
     005352  0000  
     005353  0000  
     005354  0000  
     005355  0000  
     005356  0000  
     005357  0000  
     005360  0000  
     005361  0000  
     005362  0000  
     005363  0000  
     005364  0000  
     005365  0000  
     005366  0000  
     005367  0000  
     005370  0000  
     005371  0000  
     005372  0000  
     005373  0000  
     005374  0000  
     005375  0000  
     005376  0000  
     005377  0000  
     005400  0000  
     005401  0000  
     005402  0000  
     005403  0000  
     005404  0000  
     005405  0000  
     005406  0000  
     005407  0000  
     005410  0000  
     005411  0000  
     005412  0000  
     005413  0000  
     005414  0000  
     005415  0000  
     005416  0000  
     005417  0000  
     005420  0000  
     005421  0000  
     005422  0000  
     005423  0000  
     005424  0000  
     005425  0000  
     005426  0000  
     005427  0000  
     005430  0000  
     005431  0000  
     005432  0000  
     005433  0000  
     005434  0000  
     005435  0000  
     005436  0000  
     005437  0000  
     005440  0000  
     005441  0000  
     005442  0000  
     005443  0000  
     005444  0000  
     005445  0000  
     005446  0000  
     005447  0000  
     005450  0000  
     005451  0000  
     005452  0000  
     005453  0000  
     005454  0000  
     005455  0000  
     005456  0000  
     005457  0000  
     005460  0000  
     005461  0000  
     005462  0000  
     005463  0000  
     005464  0000  
     005465  0000  
     005466  0000  
     005467  0000  
     005470  0000  
     005471  0000  
     005472  0000  
     005473  0000  
     005474  0000  
     005475  0000  
     005476  0000  
     005477  0000  
     005500  0000  
     005501  0000  
     005502  0000  
     005503  0000  
     005504  0000  
     005505  0000  
     005506  0000  
     005507  0000  
     005510  0000  
     005511  0000  
     005512  0000  
     005513  0000  
     005514  0000  
     005515  0000  
     005516  0000  
     005517  0000  
     005520  0000  
     005521  0000  
     005522  0000  
     005523  0000  
     005524  0000  
     005525  0000  
     005526  0000  
     005527  0000  
     005530  0000  
     005531  0000  
     005532  0000  
     005533  0000  
     005534  0000  
     005535  0000  
     005536  0000  
     005537  0000  
     005540  0000  
     005541  0000  
     005542  0000  
     005543  0000  
     005544  0000  
     005545  0000  
     005546  0000  
     005547  0000  
     005550  0000  
     005551  0000  
     005552  0000  
     005553  0000  
     005554  0000  
     005555  0000  
     005556  0000  
     005557  0000  
     005560  0000  
     005561  0000  
     005562  0000  
     005563  0000  
     005564  0000  
     005565  0000  
     005566  0000  
     005567  0000  
     005570  0000  
     005571  0000  
     005572  0000  
     005573  0000  
     005574  0000  
     005575  0000  
     005576  0000  
     005577  0000  
     005600  0000  
     005601  0000  
     005602  0000  
     005603  0000  
     005604  0000  
     005605  0000  
     005606  0000  
     005607  0000  
     005610  0000  
     005611  0000  
     005612  0000  
     005613  0000  
     005614  0000  
     005615  0000  
     005616  0000  
     005617  0000  
     005620  0000  
     005621  0000  
     005622  0000  
     005623  0000  
     005624  0000  
     005625  0000  
     005626  0000  
     005627  0000  
     005630  0000  
     005631  0000  
     005632  0000  
     005633  0000  
     005634  0000  
     005635  0000  
     005636  0000  
     005637  0000  
     005640  0000  
     005641  0000  
     005642  0000  
     005643  0000  
     005644  0000  
     005645  0000  
     005646  0000  
     005647  0000  
     005650  0000  
     005651  0000  
     005652  0000  
     005653  0000  
     005654  0000  
     005655  0000  
     005656  0000  
     005657  0000  
     005660  0000  
     005661  0000  
     005662  0000  
     005663  0000  
     005664  0000  
     005665  0000  
     005666  0000  
     005667  0000  
     005670  0000  
     005671  0000  
     005672  0000  
     005673  0000  
     005674  0000  
     005675  0000  
     005676  0000  
     005677  0000  
     005700  0000  
     005701  0000  
     005702  0000  
     005703  0000  
     005704  0000  
     005705  0000  
     005706  0000  
     005707  0000  
     005710  0000  
     005711  0000  
     005712  0000  
     005713  0000  
     005714  0000  
     005715  0000  
     005716  0000  
     005717  0000  
     005720  0000  
     005721  0000  
     005722  0000  
     005723  0000  
     005724  0000  
     005725  0000  
     005726  0000  
     005727  0000  
     005730  0000  
     005731  0000  
     005732  0000  
     005733  0000  
     005734  0000  
     005735  0000  
     005736  0000  
     005737  0000  
     005740  0000  
     005741  0000  
     005742  0000  
     005743  0000  
     005744  0000  
     005745  0000  
     005746  0000  
     005747  0000  
     005750  0000  
     005751  0000  
     005752  0000  
     005753  0000  
     005754  0000  
     005755  0000  
     005756  0000  
     005757  0000  
     005760  0000  
     005761  0000  
     005762  0000  
     005763  0000  
     005764  0000  
     005765  0000  
     005766  0000  
     005767  0000  
     005770  0000  
     005771  0000  
     005772  0000  
     005773  0000  
     005774  0000  
     005775  0000  
     005776  0000  
     005777  0000  
     006000  0000  
     006001  0000  
     006002  0000  
     006003  0000  
     006004  0000  
     006005  0000  
     006006  0000  
     006007  0000  
     006010  0000  
     006011  0000  
     006012  0000  
     006013  0000  
     006014  0000  
     006015  0000  
     006016  0000  
     006017  0000  
     006020  0000  
     006021  0000  
     006022  0000  
     006023  0000  
     006024  0000  
     006025  0000  
     006026  0000  
     006027  0000  
     006030  0000  
     006031  0000  
     006032  0000  
     006033  0000  
     006034  0000  
     006035  0000  
     006036  0000  
     006037  0000  
     006040  0000  
     006041  0000  
     006042  0000  
     006043  0000  
     006044  0000  
     006045  0000  
     006046  0000  
     006047  0000  
     006050  0000  
     006051  0000  
     006052  0000  
     006053  0000  
     006054  0000  
     006055  0000  
     006056  0000  
     006057  0000  
     006060  0000  
     006061  0000  
     006062  0000  
     006063  0000  
     006064  0000  
     006065  0000  
     006066  0000  
     006067  0000  
     006070  0000  
     006071  0000  
     006072  0000  
     006073  0000  
     006074  0000  
     006075  0000  
     006076  0000  
     006077  0000  
     006100  0000  
     006101  0000  
     006102  0000  
     006103  0000  
     006104  0000  
     006105  0000  
     006106  0000  
     006107  0000  
     006110  0000  
     006111  0000  
     006112  0000  
     006113  0000  
     006114  0000  
     006115  0000  
     006116  0000  
     006117  0000  
     006120  0000  
     006121  0000  
     006122  0000  
     006123  0000  
     006124  0000  
     006125  0000  
     006126  0000  
     006127  0000  
     006130  0000  
     006131  0000  
     006132  0000  
     006133  0000  
     006134  0000  
     006135  0000  
     006136  0000  
     006137  0000  
     006140  0000  
     006141  0000  
     006142  0000  
     006143  0000  
     006144  0000  
     006145  0000  
     006146  0000  
     006147  0000  
     006150  0000  
     006151  0000  
     006152  0000  
     006153  0000  
     006154  0000  
     006155  0000  
     006156  0000  
     006157  0000  
     006160  0000  
     006161  0000  
     006162  0000  
     006163  0000  
     006164  0000  
     006165  0000  
     006166  0000  
     006167  0000  
     006170  0000  
     006171  0000  
     006172  0000  
     006173  0000  
     006174  0000  
     006175  0000  
     006176  0000  
     006177  0000  
     006200  0000  
     006201  0000  
     006202  0000  
     006203  0000  
     006204  0000  
     006205  0000  
     006206  0000  
     006207  0000  
     006210  0000  
     006211  0000  
     006212  0000  
     006213  0000  
     006214  0000  
     006215  0000  
     006216  0000  
     006217  0000  
     006220  0000  
     006221  0000  
     006222  0000  
     006223  0000  
     006224  0000  
     006225  0000  
     006226  0000  
     006227  0000  
     006230  0000  
     006231  0000  
     006232  0000  
     006233  0000  
     006234  0000  
     006235  0000  
     006236  0000  
     006237  0000  
     006240  0000  
     006241  0000  
     006242  0000  
     006243  0000  
     006244  0000  
     006245  0000  
     006246  0000  
     006247  0000  
     006250  0000  
     006251  0000  
     006252  0000  
     006253  0000  
     006254  0000  
     006255  0000  
     006256  0000  
     006257  0000  
     006260  0000  
     006261  0000  
     006262  0000  
     006263  0000  
     006264  0000  
     006265  0000  
     006266  0000  
     006267  0000  
     006270  0000  
     006271  0000  
     006272  0000  
     006273  0000  
     006274  0000  
     006275  0000  
     006276  0000  
     006277  0000  
     006300  0000  
     006301  0000  
     006302  0000  
     006303  0000  
     006304  0000  
     006305  0000  
     006306  0000  
     006307  0000  
     006310  0000  
     006311  0000  
     006312  0000  
     006313  0000  
     006314  0000  
     006315  0000  
     006316  0000  
     006317  0000  
     006320  0000  
     006321  0000  
     006322  0000  
     006323  0000  
     006324  0000  
     006325  0000  
     006326  0000  
     006327  0000  
     006330  0000  
     006331  0000  
     006332  0000  
     006333  0000  
     006334  0000  
     006335  0000  
     006336  0000  
     006337  0000  
     006340  0000  
     006341  0000  
     006342  0000  
     006343  0000  
     006344  0000  
     006345  0000  
     006346  0000  
     006347  0000  
     006350  0000  
     006351  0000  
     006352  0000  
     006353  0000  
     006354  0000  
     006355  0000  
     006356  0000  
     006357  0000  
     006360  0000  
     006361  0000  
     006362  0000  
     006363  0000  
     006364  0000  
     006365  0000  
     006366  0000  
     006367  0000  
     006370  0000  
     006371  0000  
     006372  0000  
     006373  0000  
     006374  0000  
     006375  0000  
     006376  0000  
     006377  0000  
     006400  0000  
     006401  0000  
     006402  0000  
     006403  0000  
     006404  0000  
     006405  0000  
     006406  0000  
     006407  0000  
     006410  0000  
     006411  0000  
     006412  0000  
     006413  0000  
     006414  0000  
     006415  0000  
     006416  0000  
     006417  0000  
     006420  0000  
     006421  0000  
     006422  0000  
     006423  0000  
     006424  0000  
     006425  0000  
     006426  0000  
     006427  0000  
     006430  0000  
     006431  0000  
     006432  0000  
     006433  0000  
     006434  0000  
     006435  0000  
     006436  0000  
     006437  0000  
     006440  0000  
     006441  0000  
     006442  0000  
     006443  0000  
     006444  0000  
     006445  0000  
     006446  0000  
     006447  0000  
     006450  0000  
     006451  0000  
     006452  0000  
     006453  0000  
     006454  0000  
     006455  0000  
     006456  0000  
     006457  0000  
     006460  0000  
     006461  0000  
     006462  0000  
     006463  0000  
     006464  0000  
     006465  0000  
     006466  0000  
     006467  0000  
     006470  0000  
     006471  0000  
     006472  0000  
     006473  0000  
     006474  0000  
     006475  0000  
     006476  0000  
     006477  0000  
     006500  0000  
     006501  0000  
     006502  0000  
     006503  0000  
     006504  0000  
     006505  0000  
     006506  0000  
     006507  0000  
     006510  0000  
     006511  0000  
     006512  0000  
     006513  0000  
     006514  0000  
     006515  0000  
     006516  0000  
     006517  0000  
     006520  0000  
     006521  0000  
     006522  0000  
     006523  0000  
     006524  0000  
     006525  0000  
     006526  0000  
     006527  0000  
     006530  0000  
     006531  0000  
     006532  0000  
     006533  0000  
     006534  0000  
     006535  0000  
     006536  0000  
     006537  0000  
     006540  0000  
     006541  0000  
     006542  0000  
     006543  0000  
     006544  0000  
     006545  0000  
     006546  0000  
     006547  0000  
     006550  0000  
     006551  0000  
     006552  0000  
     006553  0000  
     006554  0000  
     006555  0000  
     006556  0000  
     006557  0000  
     006560  0000  
     006561  0000  
     006562  0000  
     006563  0000  
     006564  0000  
     006565  0000  
     006566  0000  
     006567  0000  
     006570  0000  
     006571  0000  
     006572  0000  
     006573  0000  
     006574  0000  
     006575  0000  
     006576  0000  
     006577  0000  
     006600  0000  
     006601  0000  
     006602  0000  
     006603  0000  
     006604  0000  
     006605  0000  
     006606  0000  
     006607  0000  
     006610  0000  
     006611  0000  
     006612  0000  
     006613  0000  
     006614  0000  
     006615  0000  
     006616  0000  
     006617  0000  
     006620  0000  
     006621  0000  
     006622  0000  
     006623  0000  
     006624  0000  
     006625  0000  
     006626  0000  
     006627  0000  
     006630  0000  
     006631  0000  
     006632  0000  
     006633  0000  
     006634  0000  
     006635  0000  
     006636  0000  
     006637  0000  
     006640  0000  
     006641  0000  
     006642  0000  
     006643  0000  
     006644  0000  
     006645  0000  
     006646  0000  
     006647  0000  
     006650  0000  
     006651  0000  
     006652  0000  
     006653  0000  
     006654  0000  
     006655  0000  
     006656  0000  
     006657  0000  
     006660  0000  
     006661  0000  
     006662  0000  
     006663  0000  
     006664  0000  
     006665  0000  
     006666  0000  
     006667  0000  
     006670  0000  
     006671  0000  
     006672  0000  
     006673  0000  
     006674  0000  
     006675  0000  
     006676  0000  
     006677  0000  
     006700  0000  
     006701  0000  
     006702  0000  
     006703  0000  
     006704  0000  
     006705  0000  
     006706  0000  
     006707  0000  
     006710  0000  
     006711  0000  
     006712  0000  
     006713  0000  
     006714  0000  
     006715  0000  
     006716  0000  
     006717  0000  
     006720  0000  
     006721  0000  
     006722  0000  
     006723  0000  
     006724  0000  
     006725  0000  
     006726  0000  
     006727  0000  
     006730  0000  
     006731  0000  
     006732  0000  
     006733  0000  
     006734  0000  
     006735  0000  
     006736  0000  
     006737  0000  
     006740  0000  
     006741  0000  
     006742  0000  
     006743  0000  
     006744  0000  
     006745  0000  
     006746  0000  
     006747  0000  
     006750  0000  
     006751  0000  
     006752  0000  
     006753  0000  
     006754  0000  
     006755  0000  
     006756  0000  
     006757  0000  
     006760  0000  
     006761  0000  
     006762  0000  
     006763  0000  
     006764  0000  
     006765  0000  
     006766  0000  
     006767  0000  
     006770  0000  
     006771  0000  
     006772  0000  
     006773  0000  
     006774  0000  
     006775  0000  
     006776  0000  
     006777  0000  
     007000  0000  
     007001  0000  
     007002  0000  
     007003  0000  
     007004  0000  
     007005  0000  
     007006  0000  
     007007  0000  
     007010  0000  
     007011  0000  
     007012  0000  
     007013  0000  
     007014  0000  
     007015  0000  
     007016  0000  
     007017  0000  
     007020  0000  
     007021  0000  
     007022  0000  
     007023  0000  
     007024  0000  
     007025  0000  
     007026  0000  
     007027  0000  
     007030  0000  
     007031  0000  
     007032  0000  
     007033  0000  
     007034  0000  
     007035  0000  
     007036  0000  
     007037  0000  
     007040  0000  
     007041  0000  
     007042  0000  
     007043  0000  
     007044  0000  
     007045  0000  
     007046  0000  
     007047  0000  
     007050  0000  
     007051  0000  
     007052  0000  
     007053  0000  
     007054  0000  
     007055  0000  
     007056  0000  
     007057  0000  
     007060  0000  
     007061  0000  
     007062  0000  
     007063  0000  
     007064  0000  
     007065  0000  
     007066  0000  
     007067  0000  
     007070  0000  
     007071  0000  
     007072  0000  
     007073  0000  
     007074  0000  
     007075  0000  
     007076  0000  
     007077  0000  
     007100  0000  
     007101  0000  
     007102  0000  
     007103  0000  
     007104  0000  
     007105  0000  
     007106  0000  
     007107  0000  
     007110  0000  
     007111  0000  
     007112  0000  
     007113  0000  
     007114  0000  
     007115  0000  
     007116  0000  
     007117  0000  
     007120  0000  
     007121  0000  
     007122  0000  
     007123  0000  
     007124  0000  
     007125  0000  
     007126  0000  
     007127  0000  
     007130  0000  
     007131  0000  
     007132  0000  
     007133  0000  
     007134  0000  
     007135  0000  
     007136  0000  
     007137  0000  
     007140  0000  
     007141  0000  
     007142  0000  
     007143  0000  
     007144  0000  
     007145  0000  
     007146  0000  
     007147  0000  
     007150  0000  
     007151  0000  
     007152  0000  
     007153  0000  
     007154  0000  
     007155  0000  
     007156  0000  
     007157  0000  
     007160  0000  
     007161  0000  
     007162  0000  
     007163  0000  
     007164  0000  
     007165  0000  
     007166  0000  
     007167  0000  
     007170  0000  
     007171  0000  
     007172  0000  
     007173  0000  
     007174  0000  
     007175  0000  
     007176  0000  
     007177  0000  
     007200  0000  
     007201  0000  
     007202  0000  
     007203  0000  
     007204  0000  
     007205  0000  
     007206  0000  
     007207  0000  
     007210  0000  
     007211  0000  
     007212  0000  
     007213  0000  
     007214  0000  
     007215  0000  
     007216  0000  
     007217  0000  
     007220  0000  
     007221  0000  
     007222  0000  
     007223  0000  
     007224  0000  
     007225  0000  
     007226  0000  
     007227  0000  
     007230  0000  
     007231  0000  
     007232  0000  
     007233  0000  
     007234  0000  
     007235  0000  
     007236  0000  
     007237  0000  
     007240  0000  
     007241  0000  
     007242  0000  
     007243  0000  
     007244  0000  
     007245  0000  
     007246  0000  
     007247  0000  
     007250  0000  
     007251  0000  
     007252  0000  
     007253  0000  
     007254  0000  
     007255  0000  
     007256  0000  
     007257  0000  
     007260  0000  
     007261  0000  
     007262  0000  
     007263  0000  
     007264  0000  
     007265  0000  
     007266  0000  
     007267  0000  
     007270  0000  
     007271  0000  
     007272  0000  
     007273  0000  
     007274  0000  
     007275  0000  
     007276  0000  
     007277  0000  
     007300  0000  
     007301  0000  
     007302  0000  
     007303  0000  
     007304  0000  
     007305  0000  
     007306  0000  
     007307  0000  
     007310  0000  
     007311  0000  
     007312  0000  
     007313  0000  
     007314  0000  
     007315  0000  
     007316  0000  
     007317  0000  
     007320  0000  
     007321  0000  
     007322  0000  
     007323  0000  
     007324  0000  
     007325  0000  
     007326  0000  
     007327  0000  
     007330  0000  
     007331  0000  
     007332  0000  
     007333  0000  
     007334  0000  
     007335  0000  
     007336  0000  
     007337  0000  
     007340  0000  
     007341  0000  
     007342  0000  
     007343  0000  
     007344  0000  
     007345  0000  
     007346  0000  
     007347  0000  
     007350  0000  
     007351  0000  
     007352  0000  
     007353  0000  
     007354  0000  
     007355  0000  
     007356  0000  
     007357  0000  
     007360  0000  
     007361  0000  
     007362  0000  
     007363  0000  
     007364  0000  
     007365  0000  
     007366  0000  
     007367  0000  
     007370  0000  
     007371  0000  
     007372  0000  
     007373  0000  
     007374  0000  
     007375  0000  
     007376  0000  
     007377  0000  
     007400  0000  
     007401  0000  
     007402  0000  
     007403  0000  
     007404  0000  
     007405  0000  
     007406  0000  
     007407  0000  
     007410  0000  
     007411  0000  
     007412  0000  
     007413  0000  
     007414  0000  
     007415  0000  
     007416  0000  
     007417  0000  
     007420  0000  
     007421  0000  
     007422  0000  
     007423  0000  
     007424  0000  
     007425  0000  
     007426  0000  
     007427  0000  
     007430  0000  
     007431  0000  
     007432  0000  
     007433  0000  
     007434  0000  
     007435  0000  
     007436  0000  
     007437  0000  
     007440  0000  
     007441  0000  
     007442  0000  
     007443  0000  
     007444  0000  
     007445  0000  
     007446  0000  
     007447  0000  
     007450  0000  
     007451  0000  
     007452  0000  
     007453  0000  
     007454  0000  
     007455  0000  
     007456  0000  
     007457  0000  
     007460  0000  
     007461  0000  
     007462  0000  
     007463  0000  
     007464  0000  
     007465  0000  
     007466  0000  
     007467  0000  
     007470  0000  
     007471  0000  
     007472  0000  
     007473  0000  
     007474  0000  
     007475  0000  
     007476  0000  
     007477  0000  
     007500  0000  
     007501  0000  
     007502  0000  
     007503  0000  
     007504  0000  
     007505  0000  
     007506  0000  
     007507  0000  
     007510  0000  
     007511  0000  
     007512  0000  
     007513  0000  
     007514  0000  
     007515  0000  
     007516  0000  
     007517  0000  
     007520  0000  
     007521  0000  
     007522  0000  
     007523  0000  
     007524  0000  
     007525  0000  
     007526  0000  
     007527  0000  
     007530  0000  
     007531  0000  
     007532  0000  
     007533  0000  
     007534  0000  
     007535  0000  
     007536  0000  
     007537  0000  
     007540  0000  
     007541  0000  
     007542  0000  
     007543  0000  
     007544  0000  
     007545  0000  
     007546  0000  
     007547  0000  
     007550  0000  
     007551  0000  
     007552  0000  
     007553  0000  
     007554  0000  
     007555  0000  
     007556  0000  
     007557  0000  
     007560  0000  
     007561  0000  
     007562  0000  
     007563  0000  
     007564  0000  
     007565  0000  
     007566  0000  
     007567  0000  
     007570  0000  
     007571  0000  
     007572  0000  
     007573  0000  
     007574  0000  
     007575  0000  
     007576  0000  
     007577  0000  
  12               
  13                       FIELD   1               /CLEARING FIELD ONE
  14               
  15                       *0000                   /START AT THE BEGINNING
  16               
  17 010000  0000          ZBLOCK  7600-.          /CLEAR OUT ALL AVAILABLE FIELD ONE MEMORY
     010001  0000  
     010002  0000  
     010003  0000  
     010004  0000  
     010005  0000  
     010006  0000  
     010007  0000  
     010010  0000  
     010011  0000  
     010012  0000  
     010013  0000  
     010014  0000  
     010015  0000  
     010016  0000  
     010017  0000  
     010020  0000  
     010021  0000  
     010022  0000  
     010023  0000  
     010024  0000  
     010025  0000  
     010026  0000  
     010027  0000  
     010030  0000  
     010031  0000  
     010032  0000  
     010033  0000  
     010034  0000  
     010035  0000  
     010036  0000  
     010037  0000  
     010040  0000  
     010041  0000  
     010042  0000  
     010043  0000  
     010044  0000  
     010045  0000  
     010046  0000  
     010047  0000  
     010050  0000  
     010051  0000  
     010052  0000  
     010053  0000  
     010054  0000  
     010055  0000  
     010056  0000  
     010057  0000  
     010060  0000  
     010061  0000  
     010062  0000  
     010063  0000  
     010064  0000  
     010065  0000  
     010066  0000  
     010067  0000  
     010070  0000  
     010071  0000  
     010072  0000  
     010073  0000  
     010074  0000  
     010075  0000  
     010076  0000  
     010077  0000  
     010100  0000  
     010101  0000  
     010102  0000  
     010103  0000  
     010104  0000  
     010105  0000  
     010106  0000  
     010107  0000  
     010110  0000  
     010111  0000  
     010112  0000  
     010113  0000  
     010114  0000  
     010115  0000  
     010116  0000  
     010117  0000  
     010120  0000  
     010121  0000  
     010122  0000  
     010123  0000  
     010124  0000  
     010125  0000  
     010126  0000  
     010127  0000  
     010130  0000  
     010131  0000  
     010132  0000  
     010133  0000  
     010134  0000  
     010135  0000  
     010136  0000  
     010137  0000  
     010140  0000  
     010141  0000  
     010142  0000  
     010143  0000  
     010144  0000  
     010145  0000  
     010146  0000  
     010147  0000  
     010150  0000  
     010151  0000  
     010152  0000  
     010153  0000  
     010154  0000  
     010155  0000  
     010156  0000  
     010157  0000  
     010160  0000  
     010161  0000  
     010162  0000  
     010163  0000  
     010164  0000  
     010165  0000  
     010166  0000  
     010167  0000  
     010170  0000  
     010171  0000  
     010172  0000  
     010173  0000  
     010174  0000  
     010175  0000  
     010176  0000  
     010177  0000  
     010200  0000  
     010201  0000  
     010202  0000  
     010203  0000  
     010204  0000  
     010205  0000  
     010206  0000  
     010207  0000  
     010210  0000  
     010211  0000  
     010212  0000  
     010213  0000  
     010214  0000  
     010215  0000  
     010216  0000  
     010217  0000  
     010220  0000  
     010221  0000  
     010222  0000  
     010223  0000  
     010224  0000  
     010225  0000  
     010226  0000  
     010227  0000  
     010230  0000  
     010231  0000  
     010232  0000  
     010233  0000  
     010234  0000  
     010235  0000  
     010236  0000  
     010237  0000  
     010240  0000  
     010241  0000  
     010242  0000  
     010243  0000  
     010244  0000  
     010245  0000  
     010246  0000  
     010247  0000  
     010250  0000  
     010251  0000  
     010252  0000  
     010253  0000  
     010254  0000  
     010255  0000  
     010256  0000  
     010257  0000  
     010260  0000  
     010261  0000  
     010262  0000  
     010263  0000  
     010264  0000  
     010265  0000  
     010266  0000  
     010267  0000  
     010270  0000  
     010271  0000  
     010272  0000  
     010273  0000  
     010274  0000  
     010275  0000  
     010276  0000  
     010277  0000  
     010300  0000  
     010301  0000  
     010302  0000  
     010303  0000  
     010304  0000  
     010305  0000  
     010306  0000  
     010307  0000  
     010310  0000  
     010311  0000  
     010312  0000  
     010313  0000  
     010314  0000  
     010315  0000  
     010316  0000  
     010317  0000  
     010320  0000  
     010321  0000  
     010322  0000  
     010323  0000  
     010324  0000  
     010325  0000  
     010326  0000  
     010327  0000  
     010330  0000  
     010331  0000  
     010332  0000  
     010333  0000  
     010334  0000  
     010335  0000  
     010336  0000  
     010337  0000  
     010340  0000  
     010341  0000  
     010342  0000  
     010343  0000  
     010344  0000  
     010345  0000  
     010346  0000  
     010347  0000  
     010350  0000  
     010351  0000  
     010352  0000  
     010353  0000  
     010354  0000  
     010355  0000  
     010356  0000  
     010357  0000  
     010360  0000  
     010361  0000  
     010362  0000  
     010363  0000  
     010364  0000  
     010365  0000  
     010366  0000  
     010367  0000  
     010370  0000  
     010371  0000  
     010372  0000  
     010373  0000  
     010374  0000  
     010375  0000  
     010376  0000  
     010377  0000  
     010400  0000  
     010401  0000  
     010402  0000  
     010403  0000  
     010404  0000  
     010405  0000  
     010406  0000  
     010407  0000  
     010410  0000  
     010411  0000  
     010412  0000  
     010413  0000  
     010414  0000  
     010415  0000  
     010416  0000  
     010417  0000  
     010420  0000  
     010421  0000  
     010422  0000  
     010423  0000  
     010424  0000  
     010425  0000  
     010426  0000  
     010427  0000  
     010430  0000  
     010431  0000  
     010432  0000  
     010433  0000  
     010434  0000  
     010435  0000  
     010436  0000  
     010437  0000  
     010440  0000  
     010441  0000  
     010442  0000  
     010443  0000  
     010444  0000  
     010445  0000  
     010446  0000  
     010447  0000  
     010450  0000  
     010451  0000  
     010452  0000  
     010453  0000  
     010454  0000  
     010455  0000  
     010456  0000  
     010457  0000  
     010460  0000  
     010461  0000  
     010462  0000  
     010463  0000  
     010464  0000  
     010465  0000  
     010466  0000  
     010467  0000  
     010470  0000  
     010471  0000  
     010472  0000  
     010473  0000  
     010474  0000  
     010475  0000  
     010476  0000  
     010477  0000  
     010500  0000  
     010501  0000  
     010502  0000  
     010503  0000  
     010504  0000  
     010505  0000  
     010506  0000  
     010507  0000  
     010510  0000  
     010511  0000  
     010512  0000  
     010513  0000  
     010514  0000  
     010515  0000  
     010516  0000  
     010517  0000  
     010520  0000  
     010521  0000  
     010522  0000  
     010523  0000  
     010524  0000  
     010525  0000  
     010526  0000  
     010527  0000  
     010530  0000  
     010531  0000  
     010532  0000  
     010533  0000  
     010534  0000  
     010535  0000  
     010536  0000  
     010537  0000  
     010540  0000  
     010541  0000  
     010542  0000  
     010543  0000  
     010544  0000  
     010545  0000  
     010546  0000  
     010547  0000  
     010550  0000  
     010551  0000  
     010552  0000  
     010553  0000  
     010554  0000  
     010555  0000  
     010556  0000  
     010557  0000  
     010560  0000  
     010561  0000  
     010562  0000  
     010563  0000  
     010564  0000  
     010565  0000  
     010566  0000  
     010567  0000  
     010570  0000  
     010571  0000  
     010572  0000  
     010573  0000  
     010574  0000  
     010575  0000  
     010576  0000  
     010577  0000  
     010600  0000  
     010601  0000  
     010602  0000  
     010603  0000  
     010604  0000  
     010605  0000  
     010606  0000  
     010607  0000  
     010610  0000  
     010611  0000  
     010612  0000  
     010613  0000  
     010614  0000  
     010615  0000  
     010616  0000  
     010617  0000  
     010620  0000  
     010621  0000  
     010622  0000  
     010623  0000  
     010624  0000  
     010625  0000  
     010626  0000  
     010627  0000  
     010630  0000  
     010631  0000  
     010632  0000  
     010633  0000  
     010634  0000  
     010635  0000  
     010636  0000  
     010637  0000  
     010640  0000  
     010641  0000  
     010642  0000  
     010643  0000  
     010644  0000  
     010645  0000  
     010646  0000  
     010647  0000  
     010650  0000  
     010651  0000  
     010652  0000  
     010653  0000  
     010654  0000  
     010655  0000  
     010656  0000  
     010657  0000  
     010660  0000  
     010661  0000  
     010662  0000  
     010663  0000  
     010664  0000  
     010665  0000  
     010666  0000  
     010667  0000  
     010670  0000  
     010671  0000  
     010672  0000  
     010673  0000  
     010674  0000  
     010675  0000  
     010676  0000  
     010677  0000  
     010700  0000  
     010701  0000  
     010702  0000  
     010703  0000  
     010704  0000  
     010705  0000  
     010706  0000  
     010707  0000  
     010710  0000  
     010711  0000  
     010712  0000  
     010713  0000  
     010714  0000  
     010715  0000  
     010716  0000  
     010717  0000  
     010720  0000  
     010721  0000  
     010722  0000  
     010723  0000  
     010724  0000  
     010725  0000  
     010726  0000  
     010727  0000  
     010730  0000  
     010731  0000  
     010732  0000  
     010733  0000  
     010734  0000  
     010735  0000  
     010736  0000  
     010737  0000  
     010740  0000  
     010741  0000  
     010742  0000  
     010743  0000  
     010744  0000  
     010745  0000  
     010746  0000  
     010747  0000  
     010750  0000  
     010751  0000  
     010752  0000  
     010753  0000  
     010754  0000  
     010755  0000  
     010756  0000  
     010757  0000  
     010760  0000  
     010761  0000  
     010762  0000  
     010763  0000  
     010764  0000  
     010765  0000  
     010766  0000  
     010767  0000  
     010770  0000  
     010771  0000  
     010772  0000  
     010773  0000  
     010774  0000  
     010775  0000  
     010776  0000  
     010777  0000  
     011000  0000  
     011001  0000  
     011002  0000  
     011003  0000  
     011004  0000  
     011005  0000  
     011006  0000  
     011007  0000  
     011010  0000  
     011011  0000  
     011012  0000  
     011013  0000  
     011014  0000  
     011015  0000  
     011016  0000  
     011017  0000  
     011020  0000  
     011021  0000  
     011022  0000  
     011023  0000  
     011024  0000  
     011025  0000  
     011026  0000  
     011027  0000  
     011030  0000  
     011031  0000  
     011032  0000  
     011033  0000  
     011034  0000  
     011035  0000  
     011036  0000  
     011037  0000  
     011040  0000  
     011041  0000  
     011042  0000  
     011043  0000  
     011044  0000  
     011045  0000  
     011046  0000  
     011047  0000  
     011050  0000  
     011051  0000  
     011052  0000  
     011053  0000  
     011054  0000  
     011055  0000  
     011056  0000  
     011057  0000  
     011060  0000  
     011061  0000  
     011062  0000  
     011063  0000  
     011064  0000  
     011065  0000  
     011066  0000  
     011067  0000  
     011070  0000  
     011071  0000  
     011072  0000  
     011073  0000  
     011074  0000  
     011075  0000  
     011076  0000  
     011077  0000  
     011100  0000  
     011101  0000  
     011102  0000  
     011103  0000  
     011104  0000  
     011105  0000  
     011106  0000  
     011107  0000  
     011110  0000  
     011111  0000  
     011112  0000  
     011113  0000  
     011114  0000  
     011115  0000  
     011116  0000  
     011117  0000  
     011120  0000  
     011121  0000  
     011122  0000  
     011123  0000  
     011124  0000  
     011125  0000  
     011126  0000  
     011127  0000  
     011130  0000  
     011131  0000  
     011132  0000  
     011133  0000  
     011134  0000  
     011135  0000  
     011136  0000  
     011137  0000  
     011140  0000  
     011141  0000  
     011142  0000  
     011143  0000  
     011144  0000  
     011145  0000  
     011146  0000  
     011147  0000  
     011150  0000  
     011151  0000  
     011152  0000  
     011153  0000  
     011154  0000  
     011155  0000  
     011156  0000  
     011157  0000  
     011160  0000  
     011161  0000  
     011162  0000  
     011163  0000  
     011164  0000  
     011165  0000  
     011166  0000  
     011167  0000  
     011170  0000  
     011171  0000  
     011172  0000  
     011173  0000  
     011174  0000  
     011175  0000  
     011176  0000  
     011177  0000  
     011200  0000  
     011201  0000  
     011202  0000  
     011203  0000  
     011204  0000  
     011205  0000  
     011206  0000  
     011207  0000  
     011210  0000  
     011211  0000  
     011212  0000  
     011213  0000  
     011214  0000  
     011215  0000  
     011216  0000  
     011217  0000  
     011220  0000  
     011221  0000  
     011222  0000  
     011223  0000  
     011224  0000  
     011225  0000  
     011226  0000  
     011227  0000  
     011230  0000  
     011231  0000  
     011232  0000  
     011233  0000  
     011234  0000  
     011235  0000  
     011236  0000  
     011237  0000  
     011240  0000  
     011241  0000  
     011242  0000  
     011243  0000  
     011244  0000  
     011245  0000  
     011246  0000  
     011247  0000  
     011250  0000  
     011251  0000  
     011252  0000  
     011253  0000  
     011254  0000  
     011255  0000  
     011256  0000  
     011257  0000  
     011260  0000  
     011261  0000  
     011262  0000  
     011263  0000  
     011264  0000  
     011265  0000  
     011266  0000  
     011267  0000  
     011270  0000  
     011271  0000  
     011272  0000  
     011273  0000  
     011274  0000  
     011275  0000  
     011276  0000  
     011277  0000  
     011300  0000  
     011301  0000  
     011302  0000  
     011303  0000  
     011304  0000  
     011305  0000  
     011306  0000  
     011307  0000  
     011310  0000  
     011311  0000  
     011312  0000  
     011313  0000  
     011314  0000  
     011315  0000  
     011316  0000  
     011317  0000  
     011320  0000  
     011321  0000  
     011322  0000  
     011323  0000  
     011324  0000  
     011325  0000  
     011326  0000  
     011327  0000  
     011330  0000  
     011331  0000  
     011332  0000  
     011333  0000  
     011334  0000  
     011335  0000  
     011336  0000  
     011337  0000  
     011340  0000  
     011341  0000  
     011342  0000  
     011343  0000  
     011344  0000  
     011345  0000  
     011346  0000  
     011347  0000  
     011350  0000  
     011351  0000  
     011352  0000  
     011353  0000  
     011354  0000  
     011355  0000  
     011356  0000  
     011357  0000  
     011360  0000  
     011361  0000  
     011362  0000  
     011363  0000  
     011364  0000  
     011365  0000  
     011366  0000  
     011367  0000  
     011370  0000  
     011371  0000  
     011372  0000  
     011373  0000  
     011374  0000  
     011375  0000  
     011376  0000  
     011377  0000  
     011400  0000  
     011401  0000  
     011402  0000  
     011403  0000  
     011404  0000  
     011405  0000  
     011406  0000  
     011407  0000  
     011410  0000  
     011411  0000  
     011412  0000  
     011413  0000  
     011414  0000  
     011415  0000  
     011416  0000  
     011417  0000  
     011420  0000  
     011421  0000  
     011422  0000  
     011423  0000  
     011424  0000  
     011425  0000  
     011426  0000  
     011427  0000  
     011430  0000  
     011431  0000  
     011432  0000  
     011433  0000  
     011434  0000  
     011435  0000  
     011436  0000  
     011437  0000  
     011440  0000  
     011441  0000  
     011442  0000  
     011443  0000  
     011444  0000  
     011445  0000  
     011446  0000  
     011447  0000  
     011450  0000  
     011451  0000  
     011452  0000  
     011453  0000  
     011454  0000  
     011455  0000  
     011456  0000  
     011457  0000  
     011460  0000  
     011461  0000  
     011462  0000  
     011463  0000  
     011464  0000  
     011465  0000  
     011466  0000  
     011467  0000  
     011470  0000  
     011471  0000  
     011472  0000  
     011473  0000  
     011474  0000  
     011475  0000  
     011476  0000  
     011477  0000  
     011500  0000  
     011501  0000  
     011502  0000  
     011503  0000  
     011504  0000  
     011505  0000  
     011506  0000  
     011507  0000  
     011510  0000  
     011511  0000  
     011512  0000  
     011513  0000  
     011514  0000  
     011515  0000  
     011516  0000  
     011517  0000  
     011520  0000  
     011521  0000  
     011522  0000  
     011523  0000  
     011524  0000  
     011525  0000  
     011526  0000  
     011527  0000  
     011530  0000  
     011531  0000  
     011532  0000  
     011533  0000  
     011534  0000  
     011535  0000  
     011536  0000  
     011537  0000  
     011540  0000  
     011541  0000  
     011542  0000  
     011543  0000  
     011544  0000  
     011545  0000  
     011546  0000  
     011547  0000  
     011550  0000  
     011551  0000  
     011552  0000  
     011553  0000  
     011554  0000  
     011555  0000  
     011556  0000  
     011557  0000  
     011560  0000  
     011561  0000  
     011562  0000  
     011563  0000  
     011564  0000  
     011565  0000  
     011566  0000  
     011567  0000  
     011570  0000  
     011571  0000  
     011572  0000  
     011573  0000  
     011574  0000  
     011575  0000  
     011576  0000  
     011577  0000  
     011600  0000  
     011601  0000  
     011602  0000  
     011603  0000  
     011604  0000  
     011605  0000  
     011606  0000  
     011607  0000  
     011610  0000  
     011611  0000  
     011612  0000  
     011613  0000  
     011614  0000  
     011615  0000  
     011616  0000  
     011617  0000  
     011620  0000  
     011621  0000  
     011622  0000  
     011623  0000  
     011624  0000  
     011625  0000  
     011626  0000  
     011627  0000  
     011630  0000  
     011631  0000  
     011632  0000  
     011633  0000  
     011634  0000  
     011635  0000  
     011636  0000  
     011637  0000  
     011640  0000  
     011641  0000  
     011642  0000  
     011643  0000  
     011644  0000  
     011645  0000  
     011646  0000  
     011647  0000  
     011650  0000  
     011651  0000  
     011652  0000  
     011653  0000  
     011654  0000  
     011655  0000  
     011656  0000  
     011657  0000  
     011660  0000  
     011661  0000  
     011662  0000  
     011663  0000  
     011664  0000  
     011665  0000  
     011666  0000  
     011667  0000  
     011670  0000  
     011671  0000  
     011672  0000  
     011673  0000  
     011674  0000  
     011675  0000  
     011676  0000  
     011677  0000  
     011700  0000  
     011701  0000  
     011702  0000  
     011703  0000  
     011704  0000  
     011705  0000  
     011706  0000  
     011707  0000  
     011710  0000  
     011711  0000  
     011712  0000  
     011713  0000  
     011714  0000  
     011715  0000  
     011716  0000  
     011717  0000  
     011720  0000  
     011721  0000  
     011722  0000  
     011723  0000  
     011724  0000  
     011725  0000  
     011726  0000  
     011727  0000  
     011730  0000  
     011731  0000  
     011732  0000  
     011733  0000  
     011734  0000  
     011735  0000  
     011736  0000  
     011737  0000  
     011740  0000  
     011741  0000  
     011742  0000  
     011743  0000  
     011744  0000  
     011745  0000  
     011746  0000  
     011747  0000  
     011750  0000  
     011751  0000  
     011752  0000  
     011753  0000  
     011754  0000  
     011755  0000  
     011756  0000  
     011757  0000  
     011760  0000  
     011761  0000  
     011762  0000  
     011763  0000  
     011764  0000  
     011765  0000  
     011766  0000  
     011767  0000  
     011770  0000  
     011771  0000  
     011772  0000  
     011773  0000  
     011774  0000  
     011775  0000  
     011776  0000  
     011777  0000  
     012000  0000  
     012001  0000  
     012002  0000  
     012003  0000  
     012004  0000  
     012005  0000  
     012006  0000  
     012007  0000  
     012010  0000  
     012011  0000  
     012012  0000  
     012013  0000  
     012014  0000  
     012015  0000  
     012016  0000  
     012017  0000  
     012020  0000  
     012021  0000  
     012022  0000  
     012023  0000  
     012024  0000  
     012025  0000  
     012026  0000  
     012027  0000  
     012030  0000  
     012031  0000  
     012032  0000  
     012033  0000  
     012034  0000  
     012035  0000  
     012036  0000  
     012037  0000  
     012040  0000  
     012041  0000  
     012042  0000  
     012043  0000  
     012044  0000  
     012045  0000  
     012046  0000  
     012047  0000  
     012050  0000  
     012051  0000  
     012052  0000  
     012053  0000  
     012054  0000  
     012055  0000  
     012056  0000  
     012057  0000  
     012060  0000  
     012061  0000  
     012062  0000  
     012063  0000  
     012064  0000  
     012065  0000  
     012066  0000  
     012067  0000  
     012070  0000  
     012071  0000  
     012072  0000  
     012073  0000  
     012074  0000  
     012075  0000  
     012076  0000  
     012077  0000  
     012100  0000  
     012101  0000  
     012102  0000  
     012103  0000  
     012104  0000  
     012105  0000  
     012106  0000  
     012107  0000  
     012110  0000  
     012111  0000  
     012112  0000  
     012113  0000  
     012114  0000  
     012115  0000  
     012116  0000  
     012117  0000  
     012120  0000  
     012121  0000  
     012122  0000  
     012123  0000  
     012124  0000  
     012125  0000  
     012126  0000  
     012127  0000  
     012130  0000  
     012131  0000  
     012132  0000  
     012133  0000  
     012134  0000  
     012135  0000  
     012136  0000  
     012137  0000  
     012140  0000  
     012141  0000  
     012142  0000  
     012143  0000  
     012144  0000  
     012145  0000  
     012146  0000  
     012147  0000  
     012150  0000  
     012151  0000  
     012152  0000  
     012153  0000  
     012154  0000  
     012155  0000  
     012156  0000  
     012157  0000  
     012160  0000  
     012161  0000  
     012162  0000  
     012163  0000  
     012164  0000  
     012165  0000  
     012166  0000  
     012167  0000  
     012170  0000  
     012171  0000  
     012172  0000  
     012173  0000  
     012174  0000  
     012175  0000  
     012176  0000  
     012177  0000  
     012200  0000  
     012201  0000  
     012202  0000  
     012203  0000  
     012204  0000  
     012205  0000  
     012206  0000  
     012207  0000  
     012210  0000  
     012211  0000  
     012212  0000  
     012213  0000  
     012214  0000  
     012215  0000  
     012216  0000  
     012217  0000  
     012220  0000  
     012221  0000  
     012222  0000  
     012223  0000  
     012224  0000  
     012225  0000  
     012226  0000  
     012227  0000  
     012230  0000  
     012231  0000  
     012232  0000  
     012233  0000  
     012234  0000  
     012235  0000  
     012236  0000  
     012237  0000  
     012240  0000  
     012241  0000  
     012242  0000  
     012243  0000  
     012244  0000  
     012245  0000  
     012246  0000  
     012247  0000  
     012250  0000  
     012251  0000  
     012252  0000  
     012253  0000  
     012254  0000  
     012255  0000  
     012256  0000  
     012257  0000  
     012260  0000  
     012261  0000  
     012262  0000  
     012263  0000  
     012264  0000  
     012265  0000  
     012266  0000  
     012267  0000  
     012270  0000  
     012271  0000  
     012272  0000  
     012273  0000  
     012274  0000  
     012275  0000  
     012276  0000  
     012277  0000  
     012300  0000  
     012301  0000  
     012302  0000  
     012303  0000  
     012304  0000  
     012305  0000  
     012306  0000  
     012307  0000  
     012310  0000  
     012311  0000  
     012312  0000  
     012313  0000  
     012314  0000  
     012315  0000  
     012316  0000  
     012317  0000  
     012320  0000  
     012321  0000  
     012322  0000  
     012323  0000  
     012324  0000  
     012325  0000  
     012326  0000  
     012327  0000  
     012330  0000  
     012331  0000  
     012332  0000  
     012333  0000  
     012334  0000  
     012335  0000  
     012336  0000  
     012337  0000  
     012340  0000  
     012341  0000  
     012342  0000  
     012343  0000  
     012344  0000  
     012345  0000  
     012346  0000  
     012347  0000  
     012350  0000  
     012351  0000  
     012352  0000  
     012353  0000  
     012354  0000  
     012355  0000  
     012356  0000  
     012357  0000  
     012360  0000  
     012361  0000  
     012362  0000  
     012363  0000  
     012364  0000  
     012365  0000  
     012366  0000  
     012367  0000  
     012370  0000  
     012371  0000  
     012372  0000  
     012373  0000  
     012374  0000  
     012375  0000  
     012376  0000  
     012377  0000  
     012400  0000  
     012401  0000  
     012402  0000  
     012403  0000  
     012404  0000  
     012405  0000  
     012406  0000  
     012407  0000  
     012410  0000  
     012411  0000  
     012412  0000  
     012413  0000  
     012414  0000  
     012415  0000  
     012416  0000  
     012417  0000  
     012420  0000  
     012421  0000  
     012422  0000  
     012423  0000  
     012424  0000  
     012425  0000  
     012426  0000  
     012427  0000  
     012430  0000  
     012431  0000  
     012432  0000  
     012433  0000  
     012434  0000  
     012435  0000  
     012436  0000  
     012437  0000  
     012440  0000  
     012441  0000  
     012442  0000  
     012443  0000  
     012444  0000  
     012445  0000  
     012446  0000  
     012447  0000  
     012450  0000  
     012451  0000  
     012452  0000  
     012453  0000  
     012454  0000  
     012455  0000  
     012456  0000  
     012457  0000  
     012460  0000  
     012461  0000  
     012462  0000  
     012463  0000  
     012464  0000  
     012465  0000  
     012466  0000  
     012467  0000  
     012470  0000  
     012471  0000  
     012472  0000  
     012473  0000  
     012474  0000  
     012475  0000  
     012476  0000  
     012477  0000  
     012500  0000  
     012501  0000  
     012502  0000  
     012503  0000  
     012504  0000  
     012505  0000  
     012506  0000  
     012507  0000  
     012510  0000  
     012511  0000  
     012512  0000  
     012513  0000  
     012514  0000  
     012515  0000  
     012516  0000  
     012517  0000  
     012520  0000  
     012521  0000  
     012522  0000  
     012523  0000  
     012524  0000  
     012525  0000  
     012526  0000  
     012527  0000  
     012530  0000  
     012531  0000  
     012532  0000  
     012533  0000  
     012534  0000  
     012535  0000  
     012536  0000  
     012537  0000  
     012540  0000  
     012541  0000  
     012542  0000  
     012543  0000  
     012544  0000  
     012545  0000  
     012546  0000  
     012547  0000  
     012550  0000  
     012551  0000  
     012552  0000  
     012553  0000  
     012554  0000  
     012555  0000  
     012556  0000  
     012557  0000  
     012560  0000  
     012561  0000  
     012562  0000  
     012563  0000  
     012564  0000  
     012565  0000  
     012566  0000  
     012567  0000  
     012570  0000  
     012571  0000  
     012572  0000  
     012573  0000  
     012574  0000  
     012575  0000  
     012576  0000  
     012577  0000  
     012600  0000  
     012601  0000  
     012602  0000  
     012603  0000  
     012604  0000  
     012605  0000  
     012606  0000  
     012607  0000  
     012610  0000  
     012611  0000  
     012612  0000  
     012613  0000  
     012614  0000  
     012615  0000  
     012616  0000  
     012617  0000  
     012620  0000  
     012621  0000  
     012622  0000  
     012623  0000  
     012624  0000  
     012625  0000  
     012626  0000  
     012627  0000  
     012630  0000  
     012631  0000  
     012632  0000  
     012633  0000  
     012634  0000  
     012635  0000  
     012636  0000  
     012637  0000  
     012640  0000  
     012641  0000  
     012642  0000  
     012643  0000  
     012644  0000  
     012645  0000  
     012646  0000  
     012647  0000  
     012650  0000  
     012651  0000  
     012652  0000  
     012653  0000  
     012654  0000  
     012655  0000  
     012656  0000  
     012657  0000  
     012660  0000  
     012661  0000  
     012662  0000  
     012663  0000  
     012664  0000  
     012665  0000  
     012666  0000  
     012667  0000  
     012670  0000  
     012671  0000  
     012672  0000  
     012673  0000  
     012674  0000  
     012675  0000  
     012676  0000  
     012677  0000  
     012700  0000  
     012701  0000  
     012702  0000  
     012703  0000  
     012704  0000  
     012705  0000  
     012706  0000  
     012707  0000  
     012710  0000  
     012711  0000  
     012712  0000  
     012713  0000  
     012714  0000  
     012715  0000  
     012716  0000  
     012717  0000  
     012720  0000  
     012721  0000  
     012722  0000  
     012723  0000  
     012724  0000  
     012725  0000  
     012726  0000  
     012727  0000  
     012730  0000  
     012731  0000  
     012732  0000  
     012733  0000  
     012734  0000  
     012735  0000  
     012736  0000  
     012737  0000  
     012740  0000  
     012741  0000  
     012742  0000  
     012743  0000  
     012744  0000  
     012745  0000  
     012746  0000  
     012747  0000  
     012750  0000  
     012751  0000  
     012752  0000  
     012753  0000  
     012754  0000  
     012755  0000  
     012756  0000  
     012757  0000  
     012760  0000  
     012761  0000  
     012762  0000  
     012763  0000  
     012764  0000  
     012765  0000  
     012766  0000  
     012767  0000  
     012770  0000  
     012771  0000  
     012772  0000  
     012773  0000  
     012774  0000  
     012775  0000  
     012776  0000  
     012777  0000  
     013000  0000  
     013001  0000  
     013002  0000  
     013003  0000  
     013004  0000  
     013005  0000  
     013006  0000  
     013007  0000  
     013010  0000  
     013011  0000  
     013012  0000  
     013013  0000  
     013014  0000  
     013015  0000  
     013016  0000  
     013017  0000  
     013020  0000  
     013021  0000  
     013022  0000  
     013023  0000  
     013024  0000  
     013025  0000  
     013026  0000  
     013027  0000  
     013030  0000  
     013031  0000  
     013032  0000  
     013033  0000  
     013034  0000  
     013035  0000  
     013036  0000  
     013037  0000  
     013040  0000  
     013041  0000  
     013042  0000  
     013043  0000  
     013044  0000  
     013045  0000  
     013046  0000  
     013047  0000  
     013050  0000  
     013051  0000  
     013052  0000  
     013053  0000  
     013054  0000  
     013055  0000  
     013056  0000  
     013057  0000  
     013060  0000  
     013061  0000  
     013062  0000  
     013063  0000  
     013064  0000  
     013065  0000  
     013066  0000  
     013067  0000  
     013070  0000  
     013071  0000  
     013072  0000  
     013073  0000  
     013074  0000  
     013075  0000  
     013076  0000  
     013077  0000  
     013100  0000  
     013101  0000  
     013102  0000  
     013103  0000  
     013104  0000  
     013105  0000  
     013106  0000  
     013107  0000  
     013110  0000  
     013111  0000  
     013112  0000  
     013113  0000  
     013114  0000  
     013115  0000  
     013116  0000  
     013117  0000  
     013120  0000  
     013121  0000  
     013122  0000  
     013123  0000  
     013124  0000  
     013125  0000  
     013126  0000  
     013127  0000  
     013130  0000  
     013131  0000  
     013132  0000  
     013133  0000  
     013134  0000  
     013135  0000  
     013136  0000  
     013137  0000  
     013140  0000  
     013141  0000  
     013142  0000  
     013143  0000  
     013144  0000  
     013145  0000  
     013146  0000  
     013147  0000  
     013150  0000  
     013151  0000  
     013152  0000  
     013153  0000  
     013154  0000  
     013155  0000  
     013156  0000  
     013157  0000  
     013160  0000  
     013161  0000  
     013162  0000  
     013163  0000  
     013164  0000  
     013165  0000  
     013166  0000  
     013167  0000  
     013170  0000  
     013171  0000  
     013172  0000  
     013173  0000  
     013174  0000  
     013175  0000  
     013176  0000  
     013177  0000  
     013200  0000  
     013201  0000  
     013202  0000  
     013203  0000  
     013204  0000  
     013205  0000  
     013206  0000  
     013207  0000  
     013210  0000  
     013211  0000  
     013212  0000  
     013213  0000  
     013214  0000  
     013215  0000  
     013216  0000  
     013217  0000  
     013220  0000  
     013221  0000  
     013222  0000  
     013223  0000  
     013224  0000  
     013225  0000  
     013226  0000  
     013227  0000  
     013230  0000  
     013231  0000  
     013232  0000  
     013233  0000  
     013234  0000  
     013235  0000  
     013236  0000  
     013237  0000  
     013240  0000  
     013241  0000  
     013242  0000  
     013243  0000  
     013244  0000  
     013245  0000  
     013246  0000  
     013247  0000  
     013250  0000  
     013251  0000  
     013252  0000  
     013253  0000  
     013254  0000  
     013255  0000  
     013256  0000  
     013257  0000  
     013260  0000  
     013261  0000  
     013262  0000  
     013263  0000  
     013264  0000  
     013265  0000  
     013266  0000  
     013267  0000  
     013270  0000  
     013271  0000  
     013272  0000  
     013273  0000  
     013274  0000  
     013275  0000  
     013276  0000  
     013277  0000  
     013300  0000  
     013301  0000  
     013302  0000  
     013303  0000  
     013304  0000  
     013305  0000  
     013306  0000  
     013307  0000  
     013310  0000  
     013311  0000  
     013312  0000  
     013313  0000  
     013314  0000  
     013315  0000  
     013316  0000  
     013317  0000  
     013320  0000  
     013321  0000  
     013322  0000  
     013323  0000  
     013324  0000  
     013325  0000  
     013326  0000  
     013327  0000  
     013330  0000  
     013331  0000  
     013332  0000  
     013333  0000  
     013334  0000  
     013335  0000  
     013336  0000  
     013337  0000  
     013340  0000  
     013341  0000  
     013342  0000  
     013343  0000  
     013344  0000  
     013345  0000  
     013346  0000  
     013347  0000  
     013350  0000  
     013351  0000  
     013352  0000  
     013353  0000  
     013354  0000  
     013355  0000  
     013356  0000  
     013357  0000  
     013360  0000  
     013361  0000  
     013362  0000  
     013363  0000  
     013364  0000  
     013365  0000  
     013366  0000  
     013367  0000  
     013370  0000  
     013371  0000  
     013372  0000  
     013373  0000  
     013374  0000  
     013375  0000  
     013376  0000  
     013377  0000  
     013400  0000  
     013401  0000  
     013402  0000  
     013403  0000  
     013404  0000  
     013405  0000  
     013406  0000  
     013407  0000  
     013410  0000  
     013411  0000  
     013412  0000  
     013413  0000  
     013414  0000  
     013415  0000  
     013416  0000  
     013417  0000  
     013420  0000  
     013421  0000  
     013422  0000  
     013423  0000  
     013424  0000  
     013425  0000  
     013426  0000  
     013427  0000  
     013430  0000  
     013431  0000  
     013432  0000  
     013433  0000  
     013434  0000  
     013435  0000  
     013436  0000  
     013437  0000  
     013440  0000  
     013441  0000  
     013442  0000  
     013443  0000  
     013444  0000  
     013445  0000  
     013446  0000  
     013447  0000  
     013450  0000  
     013451  0000  
     013452  0000  
     013453  0000  
     013454  0000  
     013455  0000  
     013456  0000  
     013457  0000  
     013460  0000  
     013461  0000  
     013462  0000  
     013463  0000  
     013464  0000  
     013465  0000  
     013466  0000  
     013467  0000  
     013470  0000  
     013471  0000  
     013472  0000  
     013473  0000  
     013474  0000  
     013475  0000  
     013476  0000  
     013477  0000  
     013500  0000  
     013501  0000  
     013502  0000  
     013503  0000  
     013504  0000  
     013505  0000  
     013506  0000  
     013507  0000  
     013510  0000  
     013511  0000  
     013512  0000  
     013513  0000  
     013514  0000  
     013515  0000  
     013516  0000  
     013517  0000  
     013520  0000  
     013521  0000  
     013522  0000  
     013523  0000  
     013524  0000  
     013525  0000  
     013526  0000  
     013527  0000  
     013530  0000  
     013531  0000  
     013532  0000  
     013533  0000  
     013534  0000  
     013535  0000  
     013536  0000  
     013537  0000  
     013540  0000  
     013541  0000  
     013542  0000  
     013543  0000  
     013544  0000  
     013545  0000  
     013546  0000  
     013547  0000  
     013550  0000  
     013551  0000  
     013552  0000  
     013553  0000  
     013554  0000  
     013555  0000  
     013556  0000  
     013557  0000  
     013560  0000  
     013561  0000  
     013562  0000  
     013563  0000  
     013564  0000  
     013565  0000  
     013566  0000  
     013567  0000  
     013570  0000  
     013571  0000  
     013572  0000  
     013573  0000  
     013574  0000  
     013575  0000  
     013576  0000  
     013577  0000  
     013600  0000  
     013601  0000  
     013602  0000  
     013603  0000  
     013604  0000  
     013605  0000  
     013606  0000  
     013607  0000  
     013610  0000  
     013611  0000  
     013612  0000  
     013613  0000  
     013614  0000  
     013615  0000  
     013616  0000  
     013617  0000  
     013620  0000  
     013621  0000  
     013622  0000  
     013623  0000  
     013624  0000  
     013625  0000  
     013626  0000  
     013627  0000  
     013630  0000  
     013631  0000  
     013632  0000  
     013633  0000  
     013634  0000  
     013635  0000  
     013636  0000  
     013637  0000  
     013640  0000  
     013641  0000  
     013642  0000  
     013643  0000  
     013644  0000  
     013645  0000  
     013646  0000  
     013647  0000  
     013650  0000  
     013651  0000  
     013652  0000  
     013653  0000  
     013654  0000  
     013655  0000  
     013656  0000  
     013657  0000  
     013660  0000  
     013661  0000  
     013662  0000  
     013663  0000  
     013664  0000  
     013665  0000  
     013666  0000  
     013667  0000  
     013670  0000  
     013671  0000  
     013672  0000  
     013673  0000  
     013674  0000  
     013675  0000  
     013676  0000  
     013677  0000  
     013700  0000  
     013701  0000  
     013702  0000  
     013703  0000  
     013704  0000  
     013705  0000  
     013706  0000  
     013707  0000  
     013710  0000  
     013711  0000  
     013712  0000  
     013713  0000  
     013714  0000  
     013715  0000  
     013716  0000  
     013717  0000  
     013720  0000  
     013721  0000  
     013722  0000  
     013723  0000  
     013724  0000  
     013725  0000  
     013726  0000  
     013727  0000  
     013730  0000  
     013731  0000  
     013732  0000  
     013733  0000  
     013734  0000  
     013735  0000  
     013736  0000  
     013737  0000  
     013740  0000  
     013741  0000  
     013742  0000  
     013743  0000  
     013744  0000  
     013745  0000  
     013746  0000  
     013747  0000  
     013750  0000  
     013751  0000  
     013752  0000  
     013753  0000  
     013754  0000  
     013755  0000  
     013756  0000  
     013757  0000  
     013760  0000  
     013761  0000  
     013762  0000  
     013763  0000  
     013764  0000  
     013765  0000  
     013766  0000  
     013767  0000  
     013770  0000  
     013771  0000  
     013772  0000  
     013773  0000  
     013774  0000  
     013775  0000  
     013776  0000  
     013777  0000  
     014000  0000  
     014001  0000  
     014002  0000  
     014003  0000  
     014004  0000  
     014005  0000  
     014006  0000  
     014007  0000  
     014010  0000  
     014011  0000  
     014012  0000  
     014013  0000  
     014014  0000  
     014015  0000  
     014016  0000  
     014017  0000  
     014020  0000  
     014021  0000  
     014022  0000  
     014023  0000  
     014024  0000  
     014025  0000  
     014026  0000  
     014027  0000  
     014030  0000  
     014031  0000  
     014032  0000  
     014033  0000  
     014034  0000  
     014035  0000  
     014036  0000  
     014037  0000  
     014040  0000  
     014041  0000  
     014042  0000  
     014043  0000  
     014044  0000  
     014045  0000  
     014046  0000  
     014047  0000  
     014050  0000  
     014051  0000  
     014052  0000  
     014053  0000  
     014054  0000  
     014055  0000  
     014056  0000  
     014057  0000  
     014060  0000  
     014061  0000  
     014062  0000  
     014063  0000  
     014064  0000  
     014065  0000  
     014066  0000  
     014067  0000  
     014070  0000  
     014071  0000  
     014072  0000  
     014073  0000  
     014074  0000  
     014075  0000  
     014076  0000  
     014077  0000  
     014100  0000  
     014101  0000  
     014102  0000  
     014103  0000  
     014104  0000  
     014105  0000  
     014106  0000  
     014107  0000  
     014110  0000  
     014111  0000  
     014112  0000  
     014113  0000  
     014114  0000  
     014115  0000  
     014116  0000  
     014117  0000  
     014120  0000  
     014121  0000  
     014122  0000  
     014123  0000  
     014124  0000  
     014125  0000  
     014126  0000  
     014127  0000  
     014130  0000  
     014131  0000  
     014132  0000  
     014133  0000  
     014134  0000  
     014135  0000  
     014136  0000  
     014137  0000  
     014140  0000  
     014141  0000  
     014142  0000  
     014143  0000  
     014144  0000  
     014145  0000  
     014146  0000  
     014147  0000  
     014150  0000  
     014151  0000  
     014152  0000  
     014153  0000  
     014154  0000  
     014155  0000  
     014156  0000  
     014157  0000  
     014160  0000  
     014161  0000  
     014162  0000  
     014163  0000  
     014164  0000  
     014165  0000  
     014166  0000  
     014167  0000  
     014170  0000  
     014171  0000  
     014172  0000  
     014173  0000  
     014174  0000  
     014175  0000  
     014176  0000  
     014177  0000  
     014200  0000  
     014201  0000  
     014202  0000  
     014203  0000  
     014204  0000  
     014205  0000  
     014206  0000  
     014207  0000  
     014210  0000  
     014211  0000  
     014212  0000  
     014213  0000  
     014214  0000  
     014215  0000  
     014216  0000  
     014217  0000  
     014220  0000  
     014221  0000  
     014222  0000  
     014223  0000  
     014224  0000  
     014225  0000  
     014226  0000  
     014227  0000  
     014230  0000  
     014231  0000  
     014232  0000  
     014233  0000  
     014234  0000  
     014235  0000  
     014236  0000  
     014237  0000  
     014240  0000  
     014241  0000  
     014242  0000  
     014243  0000  
     014244  0000  
     014245  0000  
     014246  0000  
     014247  0000  
     014250  0000  
     014251  0000  
     014252  0000  
     014253  0000  
     014254  0000  
     014255  0000  
     014256  0000  
     014257  0000  
     014260  0000  
     014261  0000  
     014262  0000  
     014263  0000  
     014264  0000  
     014265  0000  
     014266  0000  
     014267  0000  
     014270  0000  
     014271  0000  
     014272  0000  
     014273  0000  
     014274  0000  
     014275  0000  
     014276  0000  
     014277  0000  
     014300  0000  
     014301  0000  
     014302  0000  
     014303  0000  
     014304  0000  
     014305  0000  
     014306  0000  
     014307  0000  
     014310  0000  
     014311  0000  
     014312  0000  
     014313  0000  
     014314  0000  
     014315  0000  
     014316  0000  
     014317  0000  
     014320  0000  
     014321  0000  
     014322  0000  
     014323  0000  
     014324  0000  
     014325  0000  
     014326  0000  
     014327  0000  
     014330  0000  
     014331  0000  
     014332  0000  
     014333  0000  
     014334  0000  
     014335  0000  
     014336  0000  
     014337  0000  
     014340  0000  
     014341  0000  
     014342  0000  
     014343  0000  
     014344  0000  
     014345  0000  
     014346  0000  
     014347  0000  
     014350  0000  
     014351  0000  
     014352  0000  
     014353  0000  
     014354  0000  
     014355  0000  
     014356  0000  
     014357  0000  
     014360  0000  
     014361  0000  
     014362  0000  
     014363  0000  
     014364  0000  
     014365  0000  
     014366  0000  
     014367  0000  
     014370  0000  
     014371  0000  
     014372  0000  
     014373  0000  
     014374  0000  
     014375  0000  
     014376  0000  
     014377  0000  
     014400  0000  
     014401  0000  
     014402  0000  
     014403  0000  
     014404  0000  
     014405  0000  
     014406  0000  
     014407  0000  
     014410  0000  
     014411  0000  
     014412  0000  
     014413  0000  
     014414  0000  
     014415  0000  
     014416  0000  
     014417  0000  
     014420  0000  
     014421  0000  
     014422  0000  
     014423  0000  
     014424  0000  
     014425  0000  
     014426  0000  
     014427  0000  
     014430  0000  
     014431  0000  
     014432  0000  
     014433  0000  
     014434  0000  
     014435  0000  
     014436  0000  
     014437  0000  
     014440  0000  
     014441  0000  
     014442  0000  
     014443  0000  
     014444  0000  
     014445  0000  
     014446  0000  
     014447  0000  
     014450  0000  
     014451  0000  
     014452  0000  
     014453  0000  
     014454  0000  
     014455  0000  
     014456  0000  
     014457  0000  
     014460  0000  
     014461  0000  
     014462  0000  
     014463  0000  
     014464  0000  
     014465  0000  
     014466  0000  
     014467  0000  
     014470  0000  
     014471  0000  
     014472  0000  
     014473  0000  
     014474  0000  
     014475  0000  
     014476  0000  
     014477  0000  
     014500  0000  
     014501  0000  
     014502  0000  
     014503  0000  
     014504  0000  
     014505  0000  
     014506  0000  
     014507  0000  
     014510  0000  
     014511  0000  
     014512  0000  
     014513  0000  
     014514  0000  
     014515  0000  
     014516  0000  
     014517  0000  
     014520  0000  
     014521  0000  
     014522  0000  
     014523  0000  
     014524  0000  
     014525  0000  
     014526  0000  
     014527  0000  
     014530  0000  
     014531  0000  
     014532  0000  
     014533  0000  
     014534  0000  
     014535  0000  
     014536  0000  
     014537  0000  
     014540  0000  
     014541  0000  
     014542  0000  
     014543  0000  
     014544  0000  
     014545  0000  
     014546  0000  
     014547  0000  
     014550  0000  
     014551  0000  
     014552  0000  
     014553  0000  
     014554  0000  
     014555  0000  
     014556  0000  
     014557  0000  
     014560  0000  
     014561  0000  
     014562  0000  
     014563  0000  
     014564  0000  
     014565  0000  
     014566  0000  
     014567  0000  
     014570  0000  
     014571  0000  
     014572  0000  
     014573  0000  
     014574  0000  
     014575  0000  
     014576  0000  
     014577  0000  
     014600  0000  
     014601  0000  
     014602  0000  
     014603  0000  
     014604  0000  
     014605  0000  
     014606  0000  
     014607  0000  
     014610  0000  
     014611  0000  
     014612  0000  
     014613  0000  
     014614  0000  
     014615  0000  
     014616  0000  
     014617  0000  
     014620  0000  
     014621  0000  
     014622  0000  
     014623  0000  
     014624  0000  
     014625  0000  
     014626  0000  
     014627  0000  
     014630  0000  
     014631  0000  
     014632  0000  
     014633  0000  
     014634  0000  
     014635  0000  
     014636  0000  
     014637  0000  
     014640  0000  
     014641  0000  
     014642  0000  
     014643  0000  
     014644  0000  
     014645  0000  
     014646  0000  
     014647  0000  
     014650  0000  
     014651  0000  
     014652  0000  
     014653  0000  
     014654  0000  
     014655  0000  
     014656  0000  
     014657  0000  
     014660  0000  
     014661  0000  
     014662  0000  
     014663  0000  
     014664  0000  
     014665  0000  
     014666  0000  
     014667  0000  
     014670  0000  
     014671  0000  
     014672  0000  
     014673  0000  
     014674  0000  
     014675  0000  
     014676  0000  
     014677  0000  
     014700  0000  
     014701  0000  
     014702  0000  
     014703  0000  
     014704  0000  
     014705  0000  
     014706  0000  
     014707  0000  
     014710  0000  
     014711  0000  
     014712  0000  
     014713  0000  
     014714  0000  
     014715  0000  
     014716  0000  
     014717  0000  
     014720  0000  
     014721  0000  
     014722  0000  
     014723  0000  
     014724  0000  
     014725  0000  
     014726  0000  
     014727  0000  
     014730  0000  
     014731  0000  
     014732  0000  
     014733  0000  
     014734  0000  
     014735  0000  
     014736  0000  
     014737  0000  
     014740  0000  
     014741  0000  
     014742  0000  
     014743  0000  
     014744  0000  
     014745  0000  
     014746  0000  
     014747  0000  
     014750  0000  
     014751  0000  
     014752  0000  
     014753  0000  
     014754  0000  
     014755  0000  
     014756  0000  
     014757  0000  
     014760  0000  
     014761  0000  
     014762  0000  
     014763  0000  
     014764  0000  
     014765  0000  
     014766  0000  
     014767  0000  
     014770  0000  
     014771  0000  
     014772  0000  
     014773  0000  
     014774  0000  
     014775  0000  
     014776  0000  
     014777  0000  
     015000  0000  
     015001  0000  
     015002  0000  
     015003  0000  
     015004  0000  
     015005  0000  
     015006  0000  
     015007  0000  
     015010  0000  
     015011  0000  
     015012  0000  
     015013  0000  
     015014  0000  
     015015  0000  
     015016  0000  
     015017  0000  
     015020  0000  
     015021  0000  
     015022  0000  
     015023  0000  
     015024  0000  
     015025  0000  
     015026  0000  
     015027  0000  
     015030  0000  
     015031  0000  
     015032  0000  
     015033  0000  
     015034  0000  
     015035  0000  
     015036  0000  
     015037  0000  
     015040  0000  
     015041  0000  
     015042  0000  
     015043  0000  
     015044  0000  
     015045  0000  
     015046  0000  
     015047  0000  
     015050  0000  
     015051  0000  
     015052  0000  
     015053  0000  
     015054  0000  
     015055  0000  
     015056  0000  
     015057  0000  
     015060  0000  
     015061  0000  
     015062  0000  
     015063  0000  
     015064  0000  
     015065  0000  
     015066  0000  
     015067  0000  
     015070  0000  
     015071  0000  
     015072  0000  
     015073  0000  
     015074  0000  
     015075  0000  
     015076  0000  
     015077  0000  
     015100  0000  
     015101  0000  
     015102  0000  
     015103  0000  
     015104  0000  
     015105  0000  
     015106  0000  
     015107  0000  
     015110  0000  
     015111  0000  
     015112  0000  
     015113  0000  
     015114  0000  
     015115  0000  
     015116  0000  
     015117  0000  
     015120  0000  
     015121  0000  
     015122  0000  
     015123  0000  
     015124  0000  
     015125  0000  
     015126  0000  
     015127  0000  
     015130  0000  
     015131  0000  
     015132  0000  
     015133  0000  
     015134  0000  
     015135  0000  
     015136  0000  
     015137  0000  
     015140  0000  
     015141  0000  
     015142  0000  
     015143  0000  
     015144  0000  
     015145  0000  
     015146  0000  
     015147  0000  
     015150  0000  
     015151  0000  
     015152  0000  
     015153  0000  
     015154  0000  
     015155  0000  
     015156  0000  
     015157  0000  
     015160  0000  
     015161  0000  
     015162  0000  
     015163  0000  
     015164  0000  
     015165  0000  
     015166  0000  
     015167  0000  
     015170  0000  
     015171  0000  
     015172  0000  
     015173  0000  
     015174  0000  
     015175  0000  
     015176  0000  
     015177  0000  
     015200  0000  
     015201  0000  
     015202  0000  
     015203  0000  
     015204  0000  
     015205  0000  
     015206  0000  
     015207  0000  
     015210  0000  
     015211  0000  
     015212  0000  
     015213  0000  
     015214  0000  
     015215  0000  
     015216  0000  
     015217  0000  
     015220  0000  
     015221  0000  
     015222  0000  
     015223  0000  
     015224  0000  
     015225  0000  
     015226  0000  
     015227  0000  
     015230  0000  
     015231  0000  
     015232  0000  
     015233  0000  
     015234  0000  
     015235  0000  
     015236  0000  
     015237  0000  
     015240  0000  
     015241  0000  
     015242  0000  
     015243  0000  
     015244  0000  
     015245  0000  
     015246  0000  
     015247  0000  
     015250  0000  
     015251  0000  
     015252  0000  
     015253  0000  
     015254  0000  
     015255  0000  
     015256  0000  
     015257  0000  
     015260  0000  
     015261  0000  
     015262  0000  
     015263  0000  
     015264  0000  
     015265  0000  
     015266  0000  
     015267  0000  
     015270  0000  
     015271  0000  
     015272  0000  
     015273  0000  
     015274  0000  
     015275  0000  
     015276  0000  
     015277  0000  
     015300  0000  
     015301  0000  
     015302  0000  
     015303  0000  
     015304  0000  
     015305  0000  
     015306  0000  
     015307  0000  
     015310  0000  
     015311  0000  
     015312  0000  
     015313  0000  
     015314  0000  
     015315  0000  
     015316  0000  
     015317  0000  
     015320  0000  
     015321  0000  
     015322  0000  
     015323  0000  
     015324  0000  
     015325  0000  
     015326  0000  
     015327  0000  
     015330  0000  
     015331  0000  
     015332  0000  
     015333  0000  
     015334  0000  
     015335  0000  
     015336  0000  
     015337  0000  
     015340  0000  
     015341  0000  
     015342  0000  
     015343  0000  
     015344  0000  
     015345  0000  
     015346  0000  
     015347  0000  
     015350  0000  
     015351  0000  
     015352  0000  
     015353  0000  
     015354  0000  
     015355  0000  
     015356  0000  
     015357  0000  
     015360  0000  
     015361  0000  
     015362  0000  
     015363  0000  
     015364  0000  
     015365  0000  
     015366  0000  
     015367  0000  
     015370  0000  
     015371  0000  
     015372  0000  
     015373  0000  
     015374  0000  
     015375  0000  
     015376  0000  
     015377  0000  
     015400  0000  
     015401  0000  
     015402  0000  
     015403  0000  
     015404  0000  
     015405  0000  
     015406  0000  
     015407  0000  
     015410  0000  
     015411  0000  
     015412  0000  
     015413  0000  
     015414  0000  
     015415  0000  
     015416  0000  
     015417  0000  
     015420  0000  
     015421  0000  
     015422  0000  
     015423  0000  
     015424  0000  
     015425  0000  
     015426  0000  
     015427  0000  
     015430  0000  
     015431  0000  
     015432  0000  
     015433  0000  
     015434  0000  
     015435  0000  
     015436  0000  
     015437  0000  
     015440  0000  
     015441  0000  
     015442  0000  
     015443  0000  
     015444  0000  
     015445  0000  
     015446  0000  
     015447  0000  
     015450  0000  
     015451  0000  
     015452  0000  
     015453  0000  
     015454  0000  
     015455  0000  
     015456  0000  
     015457  0000  
     015460  0000  
     015461  0000  
     015462  0000  
     015463  0000  
     015464  0000  
     015465  0000  
     015466  0000  
     015467  0000  
     015470  0000  
     015471  0000  
     015472  0000  
     015473  0000  
     015474  0000  
     015475  0000  
     015476  0000  
     015477  0000  
     015500  0000  
     015501  0000  
     015502  0000  
     015503  0000  
     015504  0000  
     015505  0000  
     015506  0000  
     015507  0000  
     015510  0000  
     015511  0000  
     015512  0000  
     015513  0000  
     015514  0000  
     015515  0000  
     015516  0000  
     015517  0000  
     015520  0000  
     015521  0000  
     015522  0000  
     015523  0000  
     015524  0000  
     015525  0000  
     015526  0000  
     015527  0000  
     015530  0000  
     015531  0000  
     015532  0000  
     015533  0000  
     015534  0000  
     015535  0000  
     015536  0000  
     015537  0000  
     015540  0000  
     015541  0000  
     015542  0000  
     015543  0000  
     015544  0000  
     015545  0000  
     015546  0000  
     015547  0000  
     015550  0000  
     015551  0000  
     015552  0000  
     015553  0000  
     015554  0000  
     015555  0000  
     015556  0000  
     015557  0000  
     015560  0000  
     015561  0000  
     015562  0000  
     015563  0000  
     015564  0000  
     015565  0000  
     015566  0000  
     015567  0000  
     015570  0000  
     015571  0000  
     015572  0000  
     015573  0000  
     015574  0000  
     015575  0000  
     015576  0000  
     015577  0000  
     015600  0000  
     015601  0000  
     015602  0000  
     015603  0000  
     015604  0000  
     015605  0000  
     015606  0000  
     015607  0000  
     015610  0000  
     015611  0000  
     015612  0000  
     015613  0000  
     015614  0000  
     015615  0000  
     015616  0000  
     015617  0000  
     015620  0000  
     015621  0000  
     015622  0000  
     015623  0000  
     015624  0000  
     015625  0000  
     015626  0000  
     015627  0000  
     015630  0000  
     015631  0000  
     015632  0000  
     015633  0000  
     015634  0000  
     015635  0000  
     015636  0000  
     015637  0000  
     015640  0000  
     015641  0000  
     015642  0000  
     015643  0000  
     015644  0000  
     015645  0000  
     015646  0000  
     015647  0000  
     015650  0000  
     015651  0000  
     015652  0000  
     015653  0000  
     015654  0000  
     015655  0000  
     015656  0000  
     015657  0000  
     015660  0000  
     015661  0000  
     015662  0000  
     015663  0000  
     015664  0000  
     015665  0000  
     015666  0000  
     015667  0000  
     015670  0000  
     015671  0000  
     015672  0000  
     015673  0000  
     015674  0000  
     015675  0000  
     015676  0000  
     015677  0000  
     015700  0000  
     015701  0000  
     015702  0000  
     015703  0000  
     015704  0000  
     015705  0000  
     015706  0000  
     015707  0000  
     015710  0000  
     015711  0000  
     015712  0000  
     015713  0000  
     015714  0000  
     015715  0000  
     015716  0000  
     015717  0000  
     015720  0000  
     015721  0000  
     015722  0000  
     015723  0000  
     015724  0000  
     015725  0000  
     015726  0000  
     015727  0000  
     015730  0000  
     015731  0000  
     015732  0000  
     015733  0000  
     015734  0000  
     015735  0000  
     015736  0000  
     015737  0000  
     015740  0000  
     015741  0000  
     015742  0000  
     015743  0000  
     015744  0000  
     015745  0000  
     015746  0000  
     015747  0000  
     015750  0000  
     015751  0000  
     015752  0000  
     015753  0000  
     015754  0000  
     015755  0000  
     015756  0000  
     015757  0000  
     015760  0000  
     015761  0000  
     015762  0000  
     015763  0000  
     015764  0000  
     015765  0000  
     015766  0000  
     015767  0000  
     015770  0000  
     015771  0000  
     015772  0000  
     015773  0000  
     015774  0000  
     015775  0000  
     015776  0000  
     015777  0000  
     016000  0000  
     016001  0000  
     016002  0000  
     016003  0000  
     016004  0000  
     016005  0000  
     016006  0000  
     016007  0000  
     016010  0000  
     016011  0000  
     016012  0000  
     016013  0000  
     016014  0000  
     016015  0000  
     016016  0000  
     016017  0000  
     016020  0000  
     016021  0000  
     016022  0000  
     016023  0000  
     016024  0000  
     016025  0000  
     016026  0000  
     016027  0000  
     016030  0000  
     016031  0000  
     016032  0000  
     016033  0000  
     016034  0000  
     016035  0000  
     016036  0000  
     016037  0000  
     016040  0000  
     016041  0000  
     016042  0000  
     016043  0000  
     016044  0000  
     016045  0000  
     016046  0000  
     016047  0000  
     016050  0000  
     016051  0000  
     016052  0000  
     016053  0000  
     016054  0000  
     016055  0000  
     016056  0000  
     016057  0000  
     016060  0000  
     016061  0000  
     016062  0000  
     016063  0000  
     016064  0000  
     016065  0000  
     016066  0000  
     016067  0000  
     016070  0000  
     016071  0000  
     016072  0000  
     016073  0000  
     016074  0000  
     016075  0000  
     016076  0000  
     016077  0000  
     016100  0000  
     016101  0000  
     016102  0000  
     016103  0000  
     016104  0000  
     016105  0000  
     016106  0000  
     016107  0000  
     016110  0000  
     016111  0000  
     016112  0000  
     016113  0000  
     016114  0000  
     016115  0000  
     016116  0000  
     016117  0000  
     016120  0000  
     016121  0000  
     016122  0000  
     016123  0000  
     016124  0000  
     016125  0000  
     016126  0000  
     016127  0000  
     016130  0000  
     016131  0000  
     016132  0000  
     016133  0000  
     016134  0000  
     016135  0000  
     016136  0000  
     016137  0000  
     016140  0000  
     016141  0000  
     016142  0000  
     016143  0000  
     016144  0000  
     016145  0000  
     016146  0000  
     016147  0000  
     016150  0000  
     016151  0000  
     016152  0000  
     016153  0000  
     016154  0000  
     016155  0000  
     016156  0000  
     016157  0000  
     016160  0000  
     016161  0000  
     016162  0000  
     016163  0000  
     016164  0000  
     016165  0000  
     016166  0000  
     016167  0000  
     016170  0000  
     016171  0000  
     016172  0000  
     016173  0000  
     016174  0000  
     016175  0000  
     016176  0000  
     016177  0000  
     016200  0000  
     016201  0000  
     016202  0000  
     016203  0000  
     016204  0000  
     016205  0000  
     016206  0000  
     016207  0000  
     016210  0000  
     016211  0000  
     016212  0000  
     016213  0000  
     016214  0000  
     016215  0000  
     016216  0000  
     016217  0000  
     016220  0000  
     016221  0000  
     016222  0000  
     016223  0000  
     016224  0000  
     016225  0000  
     016226  0000  
     016227  0000  
     016230  0000  
     016231  0000  
     016232  0000  
     016233  0000  
     016234  0000  
     016235  0000  
     016236  0000  
     016237  0000  
     016240  0000  
     016241  0000  
     016242  0000  
     016243  0000  
     016244  0000  
     016245  0000  
     016246  0000  
     016247  0000  
     016250  0000  
     016251  0000  
     016252  0000  
     016253  0000  
     016254  0000  
     016255  0000  
     016256  0000  
     016257  0000  
     016260  0000  
     016261  0000  
     016262  0000  
     016263  0000  
     016264  0000  
     016265  0000  
     016266  0000  
     016267  0000  
     016270  0000  
     016271  0000  
     016272  0000  
     016273  0000  
     016274  0000  
     016275  0000  
     016276  0000  
     016277  0000  
     016300  0000  
     016301  0000  
     016302  0000  
     016303  0000  
     016304  0000  
     016305  0000  
     016306  0000  
     016307  0000  
     016310  0000  
     016311  0000  
     016312  0000  
     016313  0000  
     016314  0000  
     016315  0000  
     016316  0000  
     016317  0000  
     016320  0000  
     016321  0000  
     016322  0000  
     016323  0000  
     016324  0000  
     016325  0000  
     016326  0000  
     016327  0000  
     016330  0000  
     016331  0000  
     016332  0000  
     016333  0000  
     016334  0000  
     016335  0000  
     016336  0000  
     016337  0000  
     016340  0000  
     016341  0000  
     016342  0000  
     016343  0000  
     016344  0000  
     016345  0000  
     016346  0000  
     016347  0000  
     016350  0000  
     016351  0000  
     016352  0000  
     016353  0000  
     016354  0000  
     016355  0000  
     016356  0000  
     016357  0000  
     016360  0000  
     016361  0000  
     016362  0000  
     016363  0000  
     016364  0000  
     016365  0000  
     016366  0000  
     016367  0000  
     016370  0000  
     016371  0000  
     016372  0000  
     016373  0000  
     016374  0000  
     016375  0000  
     016376  0000  
     016377  0000  
     016400  0000  
     016401  0000  
     016402  0000  
     016403  0000  
     016404  0000  
     016405  0000  
     016406  0000  
     016407  0000  
     016410  0000  
     016411  0000  
     016412  0000  
     016413  0000  
     016414  0000  
     016415  0000  
     016416  0000  
     016417  0000  
     016420  0000  
     016421  0000  
     016422  0000  
     016423  0000  
     016424  0000  
     016425  0000  
     016426  0000  
     016427  0000  
     016430  0000  
     016431  0000  
     016432  0000  
     016433  0000  
     016434  0000  
     016435  0000  
     016436  0000  
     016437  0000  
     016440  0000  
     016441  0000  
     016442  0000  
     016443  0000  
     016444  0000  
     016445  0000  
     016446  0000  
     016447  0000  
     016450  0000  
     016451  0000  
     016452  0000  
     016453  0000  
     016454  0000  
     016455  0000  
     016456  0000  
     016457  0000  
     016460  0000  
     016461  0000  
     016462  0000  
     016463  0000  
     016464  0000  
     016465  0000  
     016466  0000  
     016467  0000  
     016470  0000  
     016471  0000  
     016472  0000  
     016473  0000  
     016474  0000  
     016475  0000  
     016476  0000  
     016477  0000  
     016500  0000  
     016501  0000  
     016502  0000  
     016503  0000  
     016504  0000  
     016505  0000  
     016506  0000  
     016507  0000  
     016510  0000  
     016511  0000  
     016512  0000  
     016513  0000  
     016514  0000  
     016515  0000  
     016516  0000  
     016517  0000  
     016520  0000  
     016521  0000  
     016522  0000  
     016523  0000  
     016524  0000  
     016525  0000  
     016526  0000  
     016527  0000  
     016530  0000  
     016531  0000  
     016532  0000  
     016533  0000  
     016534  0000  
     016535  0000  
     016536  0000  
     016537  0000  
     016540  0000  
     016541  0000  
     016542  0000  
     016543  0000  
     016544  0000  
     016545  0000  
     016546  0000  
     016547  0000  
     016550  0000  
     016551  0000  
     016552  0000  
     016553  0000  
     016554  0000  
     016555  0000  
     016556  0000  
     016557  0000  
     016560  0000  
     016561  0000  
     016562  0000  
     016563  0000  
     016564  0000  
     016565  0000  
     016566  0000  
     016567  0000  
     016570  0000  
     016571  0000  
     016572  0000  
     016573  0000  
     016574  0000  
     016575  0000  
     016576  0000  
     016577  0000  
     016600  0000  
     016601  0000  
     016602  0000  
     016603  0000  
     016604  0000  
     016605  0000  
     016606  0000  
     016607  0000  
     016610  0000  
     016611  0000  
     016612  0000  
     016613  0000  
     016614  0000  
     016615  0000  
     016616  0000  
     016617  0000  
     016620  0000  
     016621  0000  
     016622  0000  
     016623  0000  
     016624  0000  
     016625  0000  
     016626  0000  
     016627  0000  
     016630  0000  
     016631  0000  
     016632  0000  
     016633  0000  
     016634  0000  
     016635  0000  
     016636  0000  
     016637  0000  
     016640  0000  
     016641  0000  
     016642  0000  
     016643  0000  
     016644  0000  
     016645  0000  
     016646  0000  
     016647  0000  
     016650  0000  
     016651  0000  
     016652  0000  
     016653  0000  
     016654  0000  
     016655  0000  
     016656  0000  
     016657  0000  
     016660  0000  
     016661  0000  
     016662  0000  
     016663  0000  
     016664  0000  
     016665  0000  
     016666  0000  
     016667  0000  
     016670  0000  
     016671  0000  
     016672  0000  
     016673  0000  
     016674  0000  
     016675  0000  
     016676  0000  
     016677  0000  
     016700  0000  
     016701  0000  
     016702  0000  
     016703  0000  
     016704  0000  
     016705  0000  
     016706  0000  
     016707  0000  
     016710  0000  
     016711  0000  
     016712  0000  
     016713  0000  
     016714  0000  
     016715  0000  
     016716  0000  
     016717  0000  
     016720  0000  
     016721  0000  
     016722  0000  
     016723  0000  
     016724  0000  
     016725  0000  
     016726  0000  
     016727  0000  
     016730  0000  
     016731  0000  
     016732  0000  
     016733  0000  
     016734  0000  
     016735  0000  
     016736  0000  
     016737  0000  
     016740  0000  
     016741  0000  
     016742  0000  
     016743  0000  
     016744  0000  
     016745  0000  
     016746  0000  
     016747  0000  
     016750  0000  
     016751  0000  
     016752  0000  
     016753  0000  
     016754  0000  
     016755  0000  
     016756  0000  
     016757  0000  
     016760  0000  
     016761  0000  
     016762  0000  
     016763  0000  
     016764  0000  
     016765  0000  
     016766  0000  
     016767  0000  
     016770  0000  
     016771  0000  
     016772  0000  
     016773  0000  
     016774  0000  
     016775  0000  
     016776  0000  
     016777  0000  
     017000  0000  
     017001  0000  
     017002  0000  
     017003  0000  
     017004  0000  
     017005  0000  
     017006  0000  
     017007  0000  
     017010  0000  
     017011  0000  
     017012  0000  
     017013  0000  
     017014  0000  
     017015  0000  
     017016  0000  
     017017  0000  
     017020  0000  
     017021  0000  
     017022  0000  
     017023  0000  
     017024  0000  
     017025  0000  
     017026  0000  
     017027  0000  
     017030  0000  
     017031  0000  
     017032  0000  
     017033  0000  
     017034  0000  
     017035  0000  
     017036  0000  
     017037  0000  
     017040  0000  
     017041  0000  
     017042  0000  
     017043  0000  
     017044  0000  
     017045  0000  
     017046  0000  
     017047  0000  
     017050  0000  
     017051  0000  
     017052  0000  
     017053  0000  
     017054  0000  
     017055  0000  
     017056  0000  
     017057  0000  
     017060  0000  
     017061  0000  
     017062  0000  
     017063  0000  
     017064  0000  
     017065  0000  
     017066  0000  
     017067  0000  
     017070  0000  
     017071  0000  
     017072  0000  
     017073  0000  
     017074  0000  
     017075  0000  
     017076  0000  
     017077  0000  
     017100  0000  
     017101  0000  
     017102  0000  
     017103  0000  
     017104  0000  
     017105  0000  
     017106  0000  
     017107  0000  
     017110  0000  
     017111  0000  
     017112  0000  
     017113  0000  
     017114  0000  
     017115  0000  
     017116  0000  
     017117  0000  
     017120  0000  
     017121  0000  
     017122  0000  
     017123  0000  
     017124  0000  
     017125  0000  
     017126  0000  
     017127  0000  
     017130  0000  
     017131  0000  
     017132  0000  
     017133  0000  
     017134  0000  
     017135  0000  
     017136  0000  
     017137  0000  
     017140  0000  
     017141  0000  
     017142  0000  
     017143  0000  
     017144  0000  
     017145  0000  
     017146  0000  
     017147  0000  
     017150  0000  
     017151  0000  
     017152  0000  
     017153  0000  
     017154  0000  
     017155  0000  
     017156  0000  
     017157  0000  
     017160  0000  
     017161  0000  
     017162  0000  
     017163  0000  
     017164  0000  
     017165  0000  
     017166  0000  
     017167  0000  
     017170  0000  
     017171  0000  
     017172  0000  
     017173  0000  
     017174  0000  
     017175  0000  
     017176  0000  
     017177  0000  
     017200  0000  
     017201  0000  
     017202  0000  
     017203  0000  
     017204  0000  
     017205  0000  
     017206  0000  
     017207  0000  
     017210  0000  
     017211  0000  
     017212  0000  
     017213  0000  
     017214  0000  
     017215  0000  
     017216  0000  
     017217  0000  
     017220  0000  
     017221  0000  
     017222  0000  
     017223  0000  
     017224  0000  
     017225  0000  
     017226  0000  
     017227  0000  
     017230  0000  
     017231  0000  
     017232  0000  
     017233  0000  
     017234  0000  
     017235  0000  
     017236  0000  
     017237  0000  
     017240  0000  
     017241  0000  
     017242  0000  
     017243  0000  
     017244  0000  
     017245  0000  
     017246  0000  
     017247  0000  
     017250  0000  
     017251  0000  
     017252  0000  
     017253  0000  
     017254  0000  
     017255  0000  
     017256  0000  
     017257  0000  
     017260  0000  
     017261  0000  
     017262  0000  
     017263  0000  
     017264  0000  
     017265  0000  
     017266  0000  
     017267  0000  
     017270  0000  
     017271  0000  
     017272  0000  
     017273  0000  
     017274  0000  
     017275  0000  
     017276  0000  
     017277  0000  
     017300  0000  
     017301  0000  
     017302  0000  
     017303  0000  
     017304  0000  
     017305  0000  
     017306  0000  
     017307  0000  
     017310  0000  
     017311  0000  
     017312  0000  
     017313  0000  
     017314  0000  
     017315  0000  
     017316  0000  
     017317  0000  
     017320  0000  
     017321  0000  
     017322  0000  
     017323  0000  
     017324  0000  
     017325  0000  
     017326  0000  
     017327  0000  
     017330  0000  
     017331  0000  
     017332  0000  
     017333  0000  
     017334  0000  
     017335  0000  
     017336  0000  
     017337  0000  
     017340  0000  
     017341  0000  
     017342  0000  
     017343  0000  
     017344  0000  
     017345  0000  
     017346  0000  
     017347  0000  
     017350  0000  
     017351  0000  
     017352  0000  
     017353  0000  
     017354  0000  
     017355  0000  
     017356  0000  
     017357  0000  
     017360  0000  
     017361  0000  
     017362  0000  
     017363  0000  
     017364  0000  
     017365  0000  
     017366  0000  
     017367  0000  
     017370  0000  
     017371  0000  
     017372  0000  
     017373  0000  
     017374  0000  
     017375  0000  
     017376  0000  
     017377  0000  
     017400  0000  
     017401  0000  
     017402  0000  
     017403  0000  
     017404  0000  
     017405  0000  
     017406  0000  
     017407  0000  
     017410  0000  
     017411  0000  
     017412  0000  
     017413  0000  
     017414  0000  
     017415  0000  
     017416  0000  
     017417  0000  
     017420  0000  
     017421  0000  
     017422  0000  
     017423  0000  
     017424  0000  
     017425  0000  
     017426  0000  
     017427  0000  
     017430  0000  
     017431  0000  
     017432  0000  
     017433  0000  
     017434  0000  
     017435  0000  
     017436  0000  
     017437  0000  
     017440  0000  
     017441  0000  
     017442  0000  
     017443  0000  
     017444  0000  
     017445  0000  
     017446  0000  
     017447  0000  
     017450  0000  
     017451  0000  
     017452  0000  
     017453  0000  
     017454  0000  
     017455  0000  
     017456  0000  
     017457  0000  
     017460  0000  
     017461  0000  
     017462  0000  
     017463  0000  
     017464  0000  
     017465  0000  
     017466  0000  
     017467  0000  
     017470  0000  
     017471  0000  
     017472  0000  
     017473  0000  
     017474  0000  
     017475  0000  
     017476  0000  
     017477  0000  
     017500  0000  
     017501  0000  
     017502  0000  
     017503  0000  
     017504  0000  
     017505  0000  
     017506  0000  
     017507  0000  
     017510  0000  
     017511  0000  
     017512  0000  
     017513  0000  
     017514  0000  
     017515  0000  
     017516  0000  
     017517  0000  
     017520  0000  
     017521  0000  
     017522  0000  
     017523  0000  
     017524  0000  
     017525  0000  
     017526  0000  
     017527  0000  
     017530  0000  
     017531  0000  
     017532  0000  
     017533  0000  
     017534  0000  
     017535  0000  
     017536  0000  
     017537  0000  
     017540  0000  
     017541  0000  
     017542  0000  
     017543  0000  
     017544  0000  
     017545  0000  
     017546  0000  
     017547  0000  
     017550  0000  
     017551  0000  
     017552  0000  
     017553  0000  
     017554  0000  
     017555  0000  
     017556  0000  
     017557  0000  
     017560  0000  
     017561  0000  
     017562  0000  
     017563  0000  
     017564  0000  
     017565  0000  
     017566  0000  
     017567  0000  
     017570  0000  
     017571  0000  
     017572  0000  
     017573  0000  
     017574  0000  
     017575  0000  
     017576  0000  
     017577  0000  
  18               
  19                       FIELD   2               /CLEARING FIELD TWO
  20               
  21                       *0000                   /START AT THE BEGINNING
  22               
  23 020000  0000          ZBLOCK  7600-.          /CLEAR OUT ALL AVAILABLE FIELD TWO MEMORY
     020001  0000  
     020002  0000  
     020003  0000  
     020004  0000  
     020005  0000  
     020006  0000  
     020007  0000  
     020010  0000  
     020011  0000  
     020012  0000  
     020013  0000  
     020014  0000  
     020015  0000  
     020016  0000  
     020017  0000  
     020020  0000  
     020021  0000  
     020022  0000  
     020023  0000  
     020024  0000  
     020025  0000  
     020026  0000  
     020027  0000  
     020030  0000  
     020031  0000  
     020032  0000  
     020033  0000  
     020034  0000  
     020035  0000  
     020036  0000  
     020037  0000  
     020040  0000  
     020041  0000  
     020042  0000  
     020043  0000  
     020044  0000  
     020045  0000  
     020046  0000  
     020047  0000  
     020050  0000  
     020051  0000  
     020052  0000  
     020053  0000  
     020054  0000  
     020055  0000  
     020056  0000  
     020057  0000  
     020060  0000  
     020061  0000  
     020062  0000  
     020063  0000  
     020064  0000  
     020065  0000  
     020066  0000  
     020067  0000  
     020070  0000  
     020071  0000  
     020072  0000  
     020073  0000  
     020074  0000  
     020075  0000  
     020076  0000  
     020077  0000  
     020100  0000  
     020101  0000  
     020102  0000  
     020103  0000  
     020104  0000  
     020105  0000  
     020106  0000  
     020107  0000  
     020110  0000  
     020111  0000  
     020112  0000  
     020113  0000  
     020114  0000  
     020115  0000  
     020116  0000  
     020117  0000  
     020120  0000  
     020121  0000  
     020122  0000  
     020123  0000  
     020124  0000  
     020125  0000  
     020126  0000  
     020127  0000  
     020130  0000  
     020131  0000  
     020132  0000  
     020133  0000  
     020134  0000  
     020135  0000  
     020136  0000  
     020137  0000  
     020140  0000  
     020141  0000  
     020142  0000  
     020143  0000  
     020144  0000  
     020145  0000  
     020146  0000  
     020147  0000  
     020150  0000  
     020151  0000  
     020152  0000  
     020153  0000  
     020154  0000  
     020155  0000  
     020156  0000  
     020157  0000  
     020160  0000  
     020161  0000  
     020162  0000  
     020163  0000  
     020164  0000  
     020165  0000  
     020166  0000  
     020167  0000  
     020170  0000  
     020171  0000  
     020172  0000  
     020173  0000  
     020174  0000  
     020175  0000  
     020176  0000  
     020177  0000  
     020200  0000  
     020201  0000  
     020202  0000  
     020203  0000  
     020204  0000  
     020205  0000  
     020206  0000  
     020207  0000  
     020210  0000  
     020211  0000  
     020212  0000  
     020213  0000  
     020214  0000  
     020215  0000  
     020216  0000  
     020217  0000  
     020220  0000  
     020221  0000  
     020222  0000  
     020223  0000  
     020224  0000  
     020225  0000  
     020226  0000  
     020227  0000  
     020230  0000  
     020231  0000  
     020232  0000  
     020233  0000  
     020234  0000  
     020235  0000  
     020236  0000  
     020237  0000  
     020240  0000  
     020241  0000  
     020242  0000  
     020243  0000  
     020244  0000  
     020245  0000  
     020246  0000  
     020247  0000  
     020250  0000  
     020251  0000  
     020252  0000  
     020253  0000  
     020254  0000  
     020255  0000  
     020256  0000  
     020257  0000  
     020260  0000  
     020261  0000  
     020262  0000  
     020263  0000  
     020264  0000  
     020265  0000  
     020266  0000  
     020267  0000  
     020270  0000  
     020271  0000  
     020272  0000  
     020273  0000  
     020274  0000  
     020275  0000  
     020276  0000  
     020277  0000  
     020300  0000  
     020301  0000  
     020302  0000  
     020303  0000  
     020304  0000  
     020305  0000  
     020306  0000  
     020307  0000  
     020310  0000  
     020311  0000  
     020312  0000  
     020313  0000  
     020314  0000  
     020315  0000  
     020316  0000  
     020317  0000  
     020320  0000  
     020321  0000  
     020322  0000  
     020323  0000  
     020324  0000  
     020325  0000  
     020326  0000  
     020327  0000  
     020330  0000  
     020331  0000  
     020332  0000  
     020333  0000  
     020334  0000  
     020335  0000  
     020336  0000  
     020337  0000  
     020340  0000  
     020341  0000  
     020342  0000  
     020343  0000  
     020344  0000  
     020345  0000  
     020346  0000  
     020347  0000  
     020350  0000  
     020351  0000  
     020352  0000  
     020353  0000  
     020354  0000  
     020355  0000  
     020356  0000  
     020357  0000  
     020360  0000  
     020361  0000  
     020362  0000  
     020363  0000  
     020364  0000  
     020365  0000  
     020366  0000  
     020367  0000  
     020370  0000  
     020371  0000  
     020372  0000  
     020373  0000  
     020374  0000  
     020375  0000  
     020376  0000  
     020377  0000  
     020400  0000  
     020401  0000  
     020402  0000  
     020403  0000  
     020404  0000  
     020405  0000  
     020406  0000  
     020407  0000  
     020410  0000  
     020411  0000  
     020412  0000  
     020413  0000  
     020414  0000  
     020415  0000  
     020416  0000  
     020417  0000  
     020420  0000  
     020421  0000  
     020422  0000  
     020423  0000  
     020424  0000  
     020425  0000  
     020426  0000  
     020427  0000  
     020430  0000  
     020431  0000  
     020432  0000  
     020433  0000  
     020434  0000  
     020435  0000  
     020436  0000  
     020437  0000  
     020440  0000  
     020441  0000  
     020442  0000  
     020443  0000  
     020444  0000  
     020445  0000  
     020446  0000  
     020447  0000  
     020450  0000  
     020451  0000  
     020452  0000  
     020453  0000  
     020454  0000  
     020455  0000  
     020456  0000  
     020457  0000  
     020460  0000  
     020461  0000  
     020462  0000  
     020463  0000  
     020464  0000  
     020465  0000  
     020466  0000  
     020467  0000  
     020470  0000  
     020471  0000  
     020472  0000  
     020473  0000  
     020474  0000  
     020475  0000  
     020476  0000  
     020477  0000  
     020500  0000  
     020501  0000  
     020502  0000  
     020503  0000  
     020504  0000  
     020505  0000  
     020506  0000  
     020507  0000  
     020510  0000  
     020511  0000  
     020512  0000  
     020513  0000  
     020514  0000  
     020515  0000  
     020516  0000  
     020517  0000  
     020520  0000  
     020521  0000  
     020522  0000  
     020523  0000  
     020524  0000  
     020525  0000  
     020526  0000  
     020527  0000  
     020530  0000  
     020531  0000  
     020532  0000  
     020533  0000  
     020534  0000  
     020535  0000  
     020536  0000  
     020537  0000  
     020540  0000  
     020541  0000  
     020542  0000  
     020543  0000  
     020544  0000  
     020545  0000  
     020546  0000  
     020547  0000  
     020550  0000  
     020551  0000  
     020552  0000  
     020553  0000  
     020554  0000  
     020555  0000  
     020556  0000  
     020557  0000  
     020560  0000  
     020561  0000  
     020562  0000  
     020563  0000  
     020564  0000  
     020565  0000  
     020566  0000  
     020567  0000  
     020570  0000  
     020571  0000  
     020572  0000  
     020573  0000  
     020574  0000  
     020575  0000  
     020576  0000  
     020577  0000  
     020600  0000  
     020601  0000  
     020602  0000  
     020603  0000  
     020604  0000  
     020605  0000  
     020606  0000  
     020607  0000  
     020610  0000  
     020611  0000  
     020612  0000  
     020613  0000  
     020614  0000  
     020615  0000  
     020616  0000  
     020617  0000  
     020620  0000  
     020621  0000  
     020622  0000  
     020623  0000  
     020624  0000  
     020625  0000  
     020626  0000  
     020627  0000  
     020630  0000  
     020631  0000  
     020632  0000  
     020633  0000  
     020634  0000  
     020635  0000  
     020636  0000  
     020637  0000  
     020640  0000  
     020641  0000  
     020642  0000  
     020643  0000  
     020644  0000  
     020645  0000  
     020646  0000  
     020647  0000  
     020650  0000  
     020651  0000  
     020652  0000  
     020653  0000  
     020654  0000  
     020655  0000  
     020656  0000  
     020657  0000  
     020660  0000  
     020661  0000  
     020662  0000  
     020663  0000  
     020664  0000  
     020665  0000  
     020666  0000  
     020667  0000  
     020670  0000  
     020671  0000  
     020672  0000  
     020673  0000  
     020674  0000  
     020675  0000  
     020676  0000  
     020677  0000  
     020700  0000  
     020701  0000  
     020702  0000  
     020703  0000  
     020704  0000  
     020705  0000  
     020706  0000  
     020707  0000  
     020710  0000  
     020711  0000  
     020712  0000  
     020713  0000  
     020714  0000  
     020715  0000  
     020716  0000  
     020717  0000  
     020720  0000  
     020721  0000  
     020722  0000  
     020723  0000  
     020724  0000  
     020725  0000  
     020726  0000  
     020727  0000  
     020730  0000  
     020731  0000  
     020732  0000  
     020733  0000  
     020734  0000  
     020735  0000  
     020736  0000  
     020737  0000  
     020740  0000  
     020741  0000  
     020742  0000  
     020743  0000  
     020744  0000  
     020745  0000  
     020746  0000  
     020747  0000  
     020750  0000  
     020751  0000  
     020752  0000  
     020753  0000  
     020754  0000  
     020755  0000  
     020756  0000  
     020757  0000  
     020760  0000  
     020761  0000  
     020762  0000  
     020763  0000  
     020764  0000  
     020765  0000  
     020766  0000  
     020767  0000  
     020770  0000  
     020771  0000  
     020772  0000  
     020773  0000  
     020774  0000  
     020775  0000  
     020776  0000  
     020777  0000  
     021000  0000  
     021001  0000  
     021002  0000  
     021003  0000  
     021004  0000  
     021005  0000  
     021006  0000  
     021007  0000  
     021010  0000  
     021011  0000  
     021012  0000  
     021013  0000  
     021014  0000  
     021015  0000  
     021016  0000  
     021017  0000  
     021020  0000  
     021021  0000  
     021022  0000  
     021023  0000  
     021024  0000  
     021025  0000  
     021026  0000  
     021027  0000  
     021030  0000  
     021031  0000  
     021032  0000  
     021033  0000  
     021034  0000  
     021035  0000  
     021036  0000  
     021037  0000  
     021040  0000  
     021041  0000  
     021042  0000  
     021043  0000  
     021044  0000  
     021045  0000  
     021046  0000  
     021047  0000  
     021050  0000  
     021051  0000  
     021052  0000  
     021053  0000  
     021054  0000  
     021055  0000  
     021056  0000  
     021057  0000  
     021060  0000  
     021061  0000  
     021062  0000  
     021063  0000  
     021064  0000  
     021065  0000  
     021066  0000  
     021067  0000  
     021070  0000  
     021071  0000  
     021072  0000  
     021073  0000  
     021074  0000  
     021075  0000  
     021076  0000  
     021077  0000  
     021100  0000  
     021101  0000  
     021102  0000  
     021103  0000  
     021104  0000  
     021105  0000  
     021106  0000  
     021107  0000  
     021110  0000  
     021111  0000  
     021112  0000  
     021113  0000  
     021114  0000  
     021115  0000  
     021116  0000  
     021117  0000  
     021120  0000  
     021121  0000  
     021122  0000  
     021123  0000  
     021124  0000  
     021125  0000  
     021126  0000  
     021127  0000  
     021130  0000  
     021131  0000  
     021132  0000  
     021133  0000  
     021134  0000  
     021135  0000  
     021136  0000  
     021137  0000  
     021140  0000  
     021141  0000  
     021142  0000  
     021143  0000  
     021144  0000  
     021145  0000  
     021146  0000  
     021147  0000  
     021150  0000  
     021151  0000  
     021152  0000  
     021153  0000  
     021154  0000  
     021155  0000  
     021156  0000  
     021157  0000  
     021160  0000  
     021161  0000  
     021162  0000  
     021163  0000  
     021164  0000  
     021165  0000  
     021166  0000  
     021167  0000  
     021170  0000  
     021171  0000  
     021172  0000  
     021173  0000  
     021174  0000  
     021175  0000  
     021176  0000  
     021177  0000  
     021200  0000  
     021201  0000  
     021202  0000  
     021203  0000  
     021204  0000  
     021205  0000  
     021206  0000  
     021207  0000  
     021210  0000  
     021211  0000  
     021212  0000  
     021213  0000  
     021214  0000  
     021215  0000  
     021216  0000  
     021217  0000  
     021220  0000  
     021221  0000  
     021222  0000  
     021223  0000  
     021224  0000  
     021225  0000  
     021226  0000  
     021227  0000  
     021230  0000  
     021231  0000  
     021232  0000  
     021233  0000  
     021234  0000  
     021235  0000  
     021236  0000  
     021237  0000  
     021240  0000  
     021241  0000  
     021242  0000  
     021243  0000  
     021244  0000  
     021245  0000  
     021246  0000  
     021247  0000  
     021250  0000  
     021251  0000  
     021252  0000  
     021253  0000  
     021254  0000  
     021255  0000  
     021256  0000  
     021257  0000  
     021260  0000  
     021261  0000  
     021262  0000  
     021263  0000  
     021264  0000  
     021265  0000  
     021266  0000  
     021267  0000  
     021270  0000  
     021271  0000  
     021272  0000  
     021273  0000  
     021274  0000  
     021275  0000  
     021276  0000  
     021277  0000  
     021300  0000  
     021301  0000  
     021302  0000  
     021303  0000  
     021304  0000  
     021305  0000  
     021306  0000  
     021307  0000  
     021310  0000  
     021311  0000  
     021312  0000  
     021313  0000  
     021314  0000  
     021315  0000  
     021316  0000  
     021317  0000  
     021320  0000  
     021321  0000  
     021322  0000  
     021323  0000  
     021324  0000  
     021325  0000  
     021326  0000  
     021327  0000  
     021330  0000  
     021331  0000  
     021332  0000  
     021333  0000  
     021334  0000  
     021335  0000  
     021336  0000  
     021337  0000  
     021340  0000  
     021341  0000  
     021342  0000  
     021343  0000  
     021344  0000  
     021345  0000  
     021346  0000  
     021347  0000  
     021350  0000  
     021351  0000  
     021352  0000  
     021353  0000  
     021354  0000  
     021355  0000  
     021356  0000  
     021357  0000  
     021360  0000  
     021361  0000  
     021362  0000  
     021363  0000  
     021364  0000  
     021365  0000  
     021366  0000  
     021367  0000  
     021370  0000  
     021371  0000  
     021372  0000  
     021373  0000  
     021374  0000  
     021375  0000  
     021376  0000  
     021377  0000  
     021400  0000  
     021401  0000  
     021402  0000  
     021403  0000  
     021404  0000  
     021405  0000  
     021406  0000  
     021407  0000  
     021410  0000  
     021411  0000  
     021412  0000  
     021413  0000  
     021414  0000  
     021415  0000  
     021416  0000  
     021417  0000  
     021420  0000  
     021421  0000  
     021422  0000  
     021423  0000  
     021424  0000  
     021425  0000  
     021426  0000  
     021427  0000  
     021430  0000  
     021431  0000  
     021432  0000  
     021433  0000  
     021434  0000  
     021435  0000  
     021436  0000  
     021437  0000  
     021440  0000  
     021441  0000  
     021442  0000  
     021443  0000  
     021444  0000  
     021445  0000  
     021446  0000  
     021447  0000  
     021450  0000  
     021451  0000  
     021452  0000  
     021453  0000  
     021454  0000  
     021455  0000  
     021456  0000  
     021457  0000  
     021460  0000  
     021461  0000  
     021462  0000  
     021463  0000  
     021464  0000  
     021465  0000  
     021466  0000  
     021467  0000  
     021470  0000  
     021471  0000  
     021472  0000  
     021473  0000  
     021474  0000  
     021475  0000  
     021476  0000  
     021477  0000  
     021500  0000  
     021501  0000  
     021502  0000  
     021503  0000  
     021504  0000  
     021505  0000  
     021506  0000  
     021507  0000  
     021510  0000  
     021511  0000  
     021512  0000  
     021513  0000  
     021514  0000  
     021515  0000  
     021516  0000  
     021517  0000  
     021520  0000  
     021521  0000  
     021522  0000  
     021523  0000  
     021524  0000  
     021525  0000  
     021526  0000  
     021527  0000  
     021530  0000  
     021531  0000  
     021532  0000  
     021533  0000  
     021534  0000  
     021535  0000  
     021536  0000  
     021537  0000  
     021540  0000  
     021541  0000  
     021542  0000  
     021543  0000  
     021544  0000  
     021545  0000  
     021546  0000  
     021547  0000  
     021550  0000  
     021551  0000  
     021552  0000  
     021553  0000  
     021554  0000  
     021555  0000  
     021556  0000  
     021557  0000  
     021560  0000  
     021561  0000  
     021562  0000  
     021563  0000  
     021564  0000  
     021565  0000  
     021566  0000  
     021567  0000  
     021570  0000  
     021571  0000  
     021572  0000  
     021573  0000  
     021574  0000  
     021575  0000  
     021576  0000  
     021577  0000  
     021600  0000  
     021601  0000  
     021602  0000  
     021603  0000  
     021604  0000  
     021605  0000  
     021606  0000  
     021607  0000  
     021610  0000  
     021611  0000  
     021612  0000  
     021613  0000  
     021614  0000  
     021615  0000  
     021616  0000  
     021617  0000  
     021620  0000  
     021621  0000  
     021622  0000  
     021623  0000  
     021624  0000  
     021625  0000  
     021626  0000  
     021627  0000  
     021630  0000  
     021631  0000  
     021632  0000  
     021633  0000  
     021634  0000  
     021635  0000  
     021636  0000  
     021637  0000  
     021640  0000  
     021641  0000  
     021642  0000  
     021643  0000  
     021644  0000  
     021645  0000  
     021646  0000  
     021647  0000  
     021650  0000  
     021651  0000  
     021652  0000  
     021653  0000  
     021654  0000  
     021655  0000  
     021656  0000  
     021657  0000  
     021660  0000  
     021661  0000  
     021662  0000  
     021663  0000  
     021664  0000  
     021665  0000  
     021666  0000  
     021667  0000  
     021670  0000  
     021671  0000  
     021672  0000  
     021673  0000  
     021674  0000  
     021675  0000  
     021676  0000  
     021677  0000  
     021700  0000  
     021701  0000  
     021702  0000  
     021703  0000  
     021704  0000  
     021705  0000  
     021706  0000  
     021707  0000  
     021710  0000  
     021711  0000  
     021712  0000  
     021713  0000  
     021714  0000  
     021715  0000  
     021716  0000  
     021717  0000  
     021720  0000  
     021721  0000  
     021722  0000  
     021723  0000  
     021724  0000  
     021725  0000  
     021726  0000  
     021727  0000  
     021730  0000  
     021731  0000  
     021732  0000  
     021733  0000  
     021734  0000  
     021735  0000  
     021736  0000  
     021737  0000  
     021740  0000  
     021741  0000  
     021742  0000  
     021743  0000  
     021744  0000  
     021745  0000  
     021746  0000  
     021747  0000  
     021750  0000  
     021751  0000  
     021752  0000  
     021753  0000  
     021754  0000  
     021755  0000  
     021756  0000  
     021757  0000  
     021760  0000  
     021761  0000  
     021762  0000  
     021763  0000  
     021764  0000  
     021765  0000  
     021766  0000  
     021767  0000  
     021770  0000  
     021771  0000  
     021772  0000  
     021773  0000  
     021774  0000  
     021775  0000  
     021776  0000  
     021777  0000  
     022000  0000  
     022001  0000  
     022002  0000  
     022003  0000  
     022004  0000  
     022005  0000  
     022006  0000  
     022007  0000  
     022010  0000  
     022011  0000  
     022012  0000  
     022013  0000  
     022014  0000  
     022015  0000  
     022016  0000  
     022017  0000  
     022020  0000  
     022021  0000  
     022022  0000  
     022023  0000  
     022024  0000  
     022025  0000  
     022026  0000  
     022027  0000  
     022030  0000  
     022031  0000  
     022032  0000  
     022033  0000  
     022034  0000  
     022035  0000  
     022036  0000  
     022037  0000  
     022040  0000  
     022041  0000  
     022042  0000  
     022043  0000  
     022044  0000  
     022045  0000  
     022046  0000  
     022047  0000  
     022050  0000  
     022051  0000  
     022052  0000  
     022053  0000  
     022054  0000  
     022055  0000  
     022056  0000  
     022057  0000  
     022060  0000  
     022061  0000  
     022062  0000  
     022063  0000  
     022064  0000  
     022065  0000  
     022066  0000  
     022067  0000  
     022070  0000  
     022071  0000  
     022072  0000  
     022073  0000  
     022074  0000  
     022075  0000  
     022076  0000  
     022077  0000  
     022100  0000  
     022101  0000  
     022102  0000  
     022103  0000  
     022104  0000  
     022105  0000  
     022106  0000  
     022107  0000  
     022110  0000  
     022111  0000  
     022112  0000  
     022113  0000  
     022114  0000  
     022115  0000  
     022116  0000  
     022117  0000  
     022120  0000  
     022121  0000  
     022122  0000  
     022123  0000  
     022124  0000  
     022125  0000  
     022126  0000  
     022127  0000  
     022130  0000  
     022131  0000  
     022132  0000  
     022133  0000  
     022134  0000  
     022135  0000  
     022136  0000  
     022137  0000  
     022140  0000  
     022141  0000  
     022142  0000  
     022143  0000  
     022144  0000  
     022145  0000  
     022146  0000  
     022147  0000  
     022150  0000  
     022151  0000  
     022152  0000  
     022153  0000  
     022154  0000  
     022155  0000  
     022156  0000  
     022157  0000  
     022160  0000  
     022161  0000  
     022162  0000  
     022163  0000  
     022164  0000  
     022165  0000  
     022166  0000  
     022167  0000  
     022170  0000  
     022171  0000  
     022172  0000  
     022173  0000  
     022174  0000  
     022175  0000  
     022176  0000  
     022177  0000  
     022200  0000  
     022201  0000  
     022202  0000  
     022203  0000  
     022204  0000  
     022205  0000  
     022206  0000  
     022207  0000  
     022210  0000  
     022211  0000  
     022212  0000  
     022213  0000  
     022214  0000  
     022215  0000  
     022216  0000  
     022217  0000  
     022220  0000  
     022221  0000  
     022222  0000  
     022223  0000  
     022224  0000  
     022225  0000  
     022226  0000  
     022227  0000  
     022230  0000  
     022231  0000  
     022232  0000  
     022233  0000  
     022234  0000  
     022235  0000  
     022236  0000  
     022237  0000  
     022240  0000  
     022241  0000  
     022242  0000  
     022243  0000  
     022244  0000  
     022245  0000  
     022246  0000  
     022247  0000  
     022250  0000  
     022251  0000  
     022252  0000  
     022253  0000  
     022254  0000  
     022255  0000  
     022256  0000  
     022257  0000  
     022260  0000  
     022261  0000  
     022262  0000  
     022263  0000  
     022264  0000  
     022265  0000  
     022266  0000  
     022267  0000  
     022270  0000  
     022271  0000  
     022272  0000  
     022273  0000  
     022274  0000  
     022275  0000  
     022276  0000  
     022277  0000  
     022300  0000  
     022301  0000  
     022302  0000  
     022303  0000  
     022304  0000  
     022305  0000  
     022306  0000  
     022307  0000  
     022310  0000  
     022311  0000  
     022312  0000  
     022313  0000  
     022314  0000  
     022315  0000  
     022316  0000  
     022317  0000  
     022320  0000  
     022321  0000  
     022322  0000  
     022323  0000  
     022324  0000  
     022325  0000  
     022326  0000  
     022327  0000  
     022330  0000  
     022331  0000  
     022332  0000  
     022333  0000  
     022334  0000  
     022335  0000  
     022336  0000  
     022337  0000  
     022340  0000  
     022341  0000  
     022342  0000  
     022343  0000  
     022344  0000  
     022345  0000  
     022346  0000  
     022347  0000  
     022350  0000  
     022351  0000  
     022352  0000  
     022353  0000  
     022354  0000  
     022355  0000  
     022356  0000  
     022357  0000  
     022360  0000  
     022361  0000  
     022362  0000  
     022363  0000  
     022364  0000  
     022365  0000  
     022366  0000  
     022367  0000  
     022370  0000  
     022371  0000  
     022372  0000  
     022373  0000  
     022374  0000  
     022375  0000  
     022376  0000  
     022377  0000  
     022400  0000  
     022401  0000  
     022402  0000  
     022403  0000  
     022404  0000  
     022405  0000  
     022406  0000  
     022407  0000  
     022410  0000  
     022411  0000  
     022412  0000  
     022413  0000  
     022414  0000  
     022415  0000  
     022416  0000  
     022417  0000  
     022420  0000  
     022421  0000  
     022422  0000  
     022423  0000  
     022424  0000  
     022425  0000  
     022426  0000  
     022427  0000  
     022430  0000  
     022431  0000  
     022432  0000  
     022433  0000  
     022434  0000  
     022435  0000  
     022436  0000  
     022437  0000  
     022440  0000  
     022441  0000  
     022442  0000  
     022443  0000  
     022444  0000  
     022445  0000  
     022446  0000  
     022447  0000  
     022450  0000  
     022451  0000  
     022452  0000  
     022453  0000  
     022454  0000  
     022455  0000  
     022456  0000  
     022457  0000  
     022460  0000  
     022461  0000  
     022462  0000  
     022463  0000  
     022464  0000  
     022465  0000  
     022466  0000  
     022467  0000  
     022470  0000  
     022471  0000  
     022472  0000  
     022473  0000  
     022474  0000  
     022475  0000  
     022476  0000  
     022477  0000  
     022500  0000  
     022501  0000  
     022502  0000  
     022503  0000  
     022504  0000  
     022505  0000  
     022506  0000  
     022507  0000  
     022510  0000  
     022511  0000  
     022512  0000  
     022513  0000  
     022514  0000  
     022515  0000  
     022516  0000  
     022517  0000  
     022520  0000  
     022521  0000  
     022522  0000  
     022523  0000  
     022524  0000  
     022525  0000  
     022526  0000  
     022527  0000  
     022530  0000  
     022531  0000  
     022532  0000  
     022533  0000  
     022534  0000  
     022535  0000  
     022536  0000  
     022537  0000  
     022540  0000  
     022541  0000  
     022542  0000  
     022543  0000  
     022544  0000  
     022545  0000  
     022546  0000  
     022547  0000  
     022550  0000  
     022551  0000  
     022552  0000  
     022553  0000  
     022554  0000  
     022555  0000  
     022556  0000  
     022557  0000  
     022560  0000  
     022561  0000  
     022562  0000  
     022563  0000  
     022564  0000  
     022565  0000  
     022566  0000  
     022567  0000  
     022570  0000  
     022571  0000  
     022572  0000  
     022573  0000  
     022574  0000  
     022575  0000  
     022576  0000  
     022577  0000  
     022600  0000  
     022601  0000  
     022602  0000  
     022603  0000  
     022604  0000  
     022605  0000  
     022606  0000  
     022607  0000  
     022610  0000  
     022611  0000  
     022612  0000  
     022613  0000  
     022614  0000  
     022615  0000  
     022616  0000  
     022617  0000  
     022620  0000  
     022621  0000  
     022622  0000  
     022623  0000  
     022624  0000  
     022625  0000  
     022626  0000  
     022627  0000  
     022630  0000  
     022631  0000  
     022632  0000  
     022633  0000  
     022634  0000  
     022635  0000  
     022636  0000  
     022637  0000  
     022640  0000  
     022641  0000  
     022642  0000  
     022643  0000  
     022644  0000  
     022645  0000  
     022646  0000  
     022647  0000  
     022650  0000  
     022651  0000  
     022652  0000  
     022653  0000  
     022654  0000  
     022655  0000  
     022656  0000  
     022657  0000  
     022660  0000  
     022661  0000  
     022662  0000  
     022663  0000  
     022664  0000  
     022665  0000  
     022666  0000  
     022667  0000  
     022670  0000  
     022671  0000  
     022672  0000  
     022673  0000  
     022674  0000  
     022675  0000  
     022676  0000  
     022677  0000  
     022700  0000  
     022701  0000  
     022702  0000  
     022703  0000  
     022704  0000  
     022705  0000  
     022706  0000  
     022707  0000  
     022710  0000  
     022711  0000  
     022712  0000  
     022713  0000  
     022714  0000  
     022715  0000  
     022716  0000  
     022717  0000  
     022720  0000  
     022721  0000  
     022722  0000  
     022723  0000  
     022724  0000  
     022725  0000  
     022726  0000  
     022727  0000  
     022730  0000  
     022731  0000  
     022732  0000  
     022733  0000  
     022734  0000  
     022735  0000  
     022736  0000  
     022737  0000  
     022740  0000  
     022741  0000  
     022742  0000  
     022743  0000  
     022744  0000  
     022745  0000  
     022746  0000  
     022747  0000  
     022750  0000  
     022751  0000  
     022752  0000  
     022753  0000  
     022754  0000  
     022755  0000  
     022756  0000  
     022757  0000  
     022760  0000  
     022761  0000  
     022762  0000  
     022763  0000  
     022764  0000  
     022765  0000  
     022766  0000  
     022767  0000  
     022770  0000  
     022771  0000  
     022772  0000  
     022773  0000  
     022774  0000  
     022775  0000  
     022776  0000  
     022777  0000  
     023000  0000  
     023001  0000  
     023002  0000  
     023003  0000  
     023004  0000  
     023005  0000  
     023006  0000  
     023007  0000  
     023010  0000  
     023011  0000  
     023012  0000  
     023013  0000  
     023014  0000  
     023015  0000  
     023016  0000  
     023017  0000  
     023020  0000  
     023021  0000  
     023022  0000  
     023023  0000  
     023024  0000  
     023025  0000  
     023026  0000  
     023027  0000  
     023030  0000  
     023031  0000  
     023032  0000  
     023033  0000  
     023034  0000  
     023035  0000  
     023036  0000  
     023037  0000  
     023040  0000  
     023041  0000  
     023042  0000  
     023043  0000  
     023044  0000  
     023045  0000  
     023046  0000  
     023047  0000  
     023050  0000  
     023051  0000  
     023052  0000  
     023053  0000  
     023054  0000  
     023055  0000  
     023056  0000  
     023057  0000  
     023060  0000  
     023061  0000  
     023062  0000  
     023063  0000  
     023064  0000  
     023065  0000  
     023066  0000  
     023067  0000  
     023070  0000  
     023071  0000  
     023072  0000  
     023073  0000  
     023074  0000  
     023075  0000  
     023076  0000  
     023077  0000  
     023100  0000  
     023101  0000  
     023102  0000  
     023103  0000  
     023104  0000  
     023105  0000  
     023106  0000  
     023107  0000  
     023110  0000  
     023111  0000  
     023112  0000  
     023113  0000  
     023114  0000  
     023115  0000  
     023116  0000  
     023117  0000  
     023120  0000  
     023121  0000  
     023122  0000  
     023123  0000  
     023124  0000  
     023125  0000  
     023126  0000  
     023127  0000  
     023130  0000  
     023131  0000  
     023132  0000  
     023133  0000  
     023134  0000  
     023135  0000  
     023136  0000  
     023137  0000  
     023140  0000  
     023141  0000  
     023142  0000  
     023143  0000  
     023144  0000  
     023145  0000  
     023146  0000  
     023147  0000  
     023150  0000  
     023151  0000  
     023152  0000  
     023153  0000  
     023154  0000  
     023155  0000  
     023156  0000  
     023157  0000  
     023160  0000  
     023161  0000  
     023162  0000  
     023163  0000  
     023164  0000  
     023165  0000  
     023166  0000  
     023167  0000  
     023170  0000  
     023171  0000  
     023172  0000  
     023173  0000  
     023174  0000  
     023175  0000  
     023176  0000  
     023177  0000  
     023200  0000  
     023201  0000  
     023202  0000  
     023203  0000  
     023204  0000  
     023205  0000  
     023206  0000  
     023207  0000  
     023210  0000  
     023211  0000  
     023212  0000  
     023213  0000  
     023214  0000  
     023215  0000  
     023216  0000  
     023217  0000  
     023220  0000  
     023221  0000  
     023222  0000  
     023223  0000  
     023224  0000  
     023225  0000  
     023226  0000  
     023227  0000  
     023230  0000  
     023231  0000  
     023232  0000  
     023233  0000  
     023234  0000  
     023235  0000  
     023236  0000  
     023237  0000  
     023240  0000  
     023241  0000  
     023242  0000  
     023243  0000  
     023244  0000  
     023245  0000  
     023246  0000  
     023247  0000  
     023250  0000  
     023251  0000  
     023252  0000  
     023253  0000  
     023254  0000  
     023255  0000  
     023256  0000  
     023257  0000  
     023260  0000  
     023261  0000  
     023262  0000  
     023263  0000  
     023264  0000  
     023265  0000  
     023266  0000  
     023267  0000  
     023270  0000  
     023271  0000  
     023272  0000  
     023273  0000  
     023274  0000  
     023275  0000  
     023276  0000  
     023277  0000  
     023300  0000  
     023301  0000  
     023302  0000  
     023303  0000  
     023304  0000  
     023305  0000  
     023306  0000  
     023307  0000  
     023310  0000  
     023311  0000  
     023312  0000  
     023313  0000  
     023314  0000  
     023315  0000  
     023316  0000  
     023317  0000  
     023320  0000  
     023321  0000  
     023322  0000  
     023323  0000  
     023324  0000  
     023325  0000  
     023326  0000  
     023327  0000  
     023330  0000  
     023331  0000  
     023332  0000  
     023333  0000  
     023334  0000  
     023335  0000  
     023336  0000  
     023337  0000  
     023340  0000  
     023341  0000  
     023342  0000  
     023343  0000  
     023344  0000  
     023345  0000  
     023346  0000  
     023347  0000  
     023350  0000  
     023351  0000  
     023352  0000  
     023353  0000  
     023354  0000  
     023355  0000  
     023356  0000  
     023357  0000  
     023360  0000  
     023361  0000  
     023362  0000  
     023363  0000  
     023364  0000  
     023365  0000  
     023366  0000  
     023367  0000  
     023370  0000  
     023371  0000  
     023372  0000  
     023373  0000  
     023374  0000  
     023375  0000  
     023376  0000  
     023377  0000  
     023400  0000  
     023401  0000  
     023402  0000  
     023403  0000  
     023404  0000  
     023405  0000  
     023406  0000  
     023407  0000  
     023410  0000  
     023411  0000  
     023412  0000  
     023413  0000  
     023414  0000  
     023415  0000  
     023416  0000  
     023417  0000  
     023420  0000  
     023421  0000  
     023422  0000  
     023423  0000  
     023424  0000  
     023425  0000  
     023426  0000  
     023427  0000  
     023430  0000  
     023431  0000  
     023432  0000  
     023433  0000  
     023434  0000  
     023435  0000  
     023436  0000  
     023437  0000  
     023440  0000  
     023441  0000  
     023442  0000  
     023443  0000  
     023444  0000  
     023445  0000  
     023446  0000  
     023447  0000  
     023450  0000  
     023451  0000  
     023452  0000  
     023453  0000  
     023454  0000  
     023455  0000  
     023456  0000  
     023457  0000  
     023460  0000  
     023461  0000  
     023462  0000  
     023463  0000  
     023464  0000  
     023465  0000  
     023466  0000  
     023467  0000  
     023470  0000  
     023471  0000  
     023472  0000  
     023473  0000  
     023474  0000  
     023475  0000  
     023476  0000  
     023477  0000  
     023500  0000  
     023501  0000  
     023502  0000  
     023503  0000  
     023504  0000  
     023505  0000  
     023506  0000  
     023507  0000  
     023510  0000  
     023511  0000  
     023512  0000  
     023513  0000  
     023514  0000  
     023515  0000  
     023516  0000  
     023517  0000  
     023520  0000  
     023521  0000  
     023522  0000  
     023523  0000  
     023524  0000  
     023525  0000  
     023526  0000  
     023527  0000  
     023530  0000  
     023531  0000  
     023532  0000  
     023533  0000  
     023534  0000  
     023535  0000  
     023536  0000  
     023537  0000  
     023540  0000  
     023541  0000  
     023542  0000  
     023543  0000  
     023544  0000  
     023545  0000  
     023546  0000  
     023547  0000  
     023550  0000  
     023551  0000  
     023552  0000  
     023553  0000  
     023554  0000  
     023555  0000  
     023556  0000  
     023557  0000  
     023560  0000  
     023561  0000  
     023562  0000  
     023563  0000  
     023564  0000  
     023565  0000  
     023566  0000  
     023567  0000  
     023570  0000  
     023571  0000  
     023572  0000  
     023573  0000  
     023574  0000  
     023575  0000  
     023576  0000  
     023577  0000  
     023600  0000  
     023601  0000  
     023602  0000  
     023603  0000  
     023604  0000  
     023605  0000  
     023606  0000  
     023607  0000  
     023610  0000  
     023611  0000  
     023612  0000  
     023613  0000  
     023614  0000  
     023615  0000  
     023616  0000  
     023617  0000  
     023620  0000  
     023621  0000  
     023622  0000  
     023623  0000  
     023624  0000  
     023625  0000  
     023626  0000  
     023627  0000  
     023630  0000  
     023631  0000  
     023632  0000  
     023633  0000  
     023634  0000  
     023635  0000  
     023636  0000  
     023637  0000  
     023640  0000  
     023641  0000  
     023642  0000  
     023643  0000  
     023644  0000  
     023645  0000  
     023646  0000  
     023647  0000  
     023650  0000  
     023651  0000  
     023652  0000  
     023653  0000  
     023654  0000  
     023655  0000  
     023656  0000  
     023657  0000  
     023660  0000  
     023661  0000  
     023662  0000  
     023663  0000  
     023664  0000  
     023665  0000  
     023666  0000  
     023667  0000  
     023670  0000  
     023671  0000  
     023672  0000  
     023673  0000  
     023674  0000  
     023675  0000  
     023676  0000  
     023677  0000  
     023700  0000  
     023701  0000  
     023702  0000  
     023703  0000  
     023704  0000  
     023705  0000  
     023706  0000  
     023707  0000  
     023710  0000  
     023711  0000  
     023712  0000  
     023713  0000  
     023714  0000  
     023715  0000  
     023716  0000  
     023717  0000  
     023720  0000  
     023721  0000  
     023722  0000  
     023723  0000  
     023724  0000  
     023725  0000  
     023726  0000  
     023727  0000  
     023730  0000  
     023731  0000  
     023732  0000  
     023733  0000  
     023734  0000  
     023735  0000  
     023736  0000  
     023737  0000  
     023740  0000  
     023741  0000  
     023742  0000  
     023743  0000  
     023744  0000  
     023745  0000  
     023746  0000  
     023747  0000  
     023750  0000  
     023751  0000  
     023752  0000  
     023753  0000  
     023754  0000  
     023755  0000  
     023756  0000  
     023757  0000  
     023760  0000  
     023761  0000  
     023762  0000  
     023763  0000  
     023764  0000  
     023765  0000  
     023766  0000  
     023767  0000  
     023770  0000  
     023771  0000  
     023772  0000  
     023773  0000  
     023774  0000  
     023775  0000  
     023776  0000  
     023777  0000  
     024000  0000  
     024001  0000  
     024002  0000  
     024003  0000  
     024004  0000  
     024005  0000  
     024006  0000  
     024007  0000  
     024010  0000  
     024011  0000  
     024012  0000  
     024013  0000  
     024014  0000  
     024015  0000  
     024016  0000  
     024017  0000  
     024020  0000  
     024021  0000  
     024022  0000  
     024023  0000  
     024024  0000  
     024025  0000  
     024026  0000  
     024027  0000  
     024030  0000  
     024031  0000  
     024032  0000  
     024033  0000  
     024034  0000  
     024035  0000  
     024036  0000  
     024037  0000  
     024040  0000  
     024041  0000  
     024042  0000  
     024043  0000  
     024044  0000  
     024045  0000  
     024046  0000  
     024047  0000  
     024050  0000  
     024051  0000  
     024052  0000  
     024053  0000  
     024054  0000  
     024055  0000  
     024056  0000  
     024057  0000  
     024060  0000  
     024061  0000  
     024062  0000  
     024063  0000  
     024064  0000  
     024065  0000  
     024066  0000  
     024067  0000  
     024070  0000  
     024071  0000  
     024072  0000  
     024073  0000  
     024074  0000  
     024075  0000  
     024076  0000  
     024077  0000  
     024100  0000  
     024101  0000  
     024102  0000  
     024103  0000  
     024104  0000  
     024105  0000  
     024106  0000  
     024107  0000  
     024110  0000  
     024111  0000  
     024112  0000  
     024113  0000  
     024114  0000  
     024115  0000  
     024116  0000  
     024117  0000  
     024120  0000  
     024121  0000  
     024122  0000  
     024123  0000  
     024124  0000  
     024125  0000  
     024126  0000  
     024127  0000  
     024130  0000  
     024131  0000  
     024132  0000  
     024133  0000  
     024134  0000  
     024135  0000  
     024136  0000  
     024137  0000  
     024140  0000  
     024141  0000  
     024142  0000  
     024143  0000  
     024144  0000  
     024145  0000  
     024146  0000  
     024147  0000  
     024150  0000  
     024151  0000  
     024152  0000  
     024153  0000  
     024154  0000  
     024155  0000  
     024156  0000  
     024157  0000  
     024160  0000  
     024161  0000  
     024162  0000  
     024163  0000  
     024164  0000  
     024165  0000  
     024166  0000  
     024167  0000  
     024170  0000  
     024171  0000  
     024172  0000  
     024173  0000  
     024174  0000  
     024175  0000  
     024176  0000  
     024177  0000  
     024200  0000  
     024201  0000  
     024202  0000  
     024203  0000  
     024204  0000  
     024205  0000  
     024206  0000  
     024207  0000  
     024210  0000  
     024211  0000  
     024212  0000  
     024213  0000  
     024214  0000  
     024215  0000  
     024216  0000  
     024217  0000  
     024220  0000  
     024221  0000  
     024222  0000  
     024223  0000  
     024224  0000  
     024225  0000  
     024226  0000  
     024227  0000  
     024230  0000  
     024231  0000  
     024232  0000  
     024233  0000  
     024234  0000  
     024235  0000  
     024236  0000  
     024237  0000  
     024240  0000  
     024241  0000  
     024242  0000  
     024243  0000  
     024244  0000  
     024245  0000  
     024246  0000  
     024247  0000  
     024250  0000  
     024251  0000  
     024252  0000  
     024253  0000  
     024254  0000  
     024255  0000  
     024256  0000  
     024257  0000  
     024260  0000  
     024261  0000  
     024262  0000  
     024263  0000  
     024264  0000  
     024265  0000  
     024266  0000  
     024267  0000  
     024270  0000  
     024271  0000  
     024272  0000  
     024273  0000  
     024274  0000  
     024275  0000  
     024276  0000  
     024277  0000  
     024300  0000  
     024301  0000  
     024302  0000  
     024303  0000  
     024304  0000  
     024305  0000  
     024306  0000  
     024307  0000  
     024310  0000  
     024311  0000  
     024312  0000  
     024313  0000  
     024314  0000  
     024315  0000  
     024316  0000  
     024317  0000  
     024320  0000  
     024321  0000  
     024322  0000  
     024323  0000  
     024324  0000  
     024325  0000  
     024326  0000  
     024327  0000  
     024330  0000  
     024331  0000  
     024332  0000  
     024333  0000  
     024334  0000  
     024335  0000  
     024336  0000  
     024337  0000  
     024340  0000  
     024341  0000  
     024342  0000  
     024343  0000  
     024344  0000  
     024345  0000  
     024346  0000  
     024347  0000  
     024350  0000  
     024351  0000  
     024352  0000  
     024353  0000  
     024354  0000  
     024355  0000  
     024356  0000  
     024357  0000  
     024360  0000  
     024361  0000  
     024362  0000  
     024363  0000  
     024364  0000  
     024365  0000  
     024366  0000  
     024367  0000  
     024370  0000  
     024371  0000  
     024372  0000  
     024373  0000  
     024374  0000  
     024375  0000  
     024376  0000  
     024377  0000  
     024400  0000  
     024401  0000  
     024402  0000  
     024403  0000  
     024404  0000  
     024405  0000  
     024406  0000  
     024407  0000  
     024410  0000  
     024411  0000  
     024412  0000  
     024413  0000  
     024414  0000  
     024415  0000  
     024416  0000  
     024417  0000  
     024420  0000  
     024421  0000  
     024422  0000  
     024423  0000  
     024424  0000  
     024425  0000  
     024426  0000  
     024427  0000  
     024430  0000  
     024431  0000  
     024432  0000  
     024433  0000  
     024434  0000  
     024435  0000  
     024436  0000  
     024437  0000  
     024440  0000  
     024441  0000  
     024442  0000  
     024443  0000  
     024444  0000  
     024445  0000  
     024446  0000  
     024447  0000  
     024450  0000  
     024451  0000  
     024452  0000  
     024453  0000  
     024454  0000  
     024455  0000  
     024456  0000  
     024457  0000  
     024460  0000  
     024461  0000  
     024462  0000  
     024463  0000  
     024464  0000  
     024465  0000  
     024466  0000  
     024467  0000  
     024470  0000  
     024471  0000  
     024472  0000  
     024473  0000  
     024474  0000  
     024475  0000  
     024476  0000  
     024477  0000  
     024500  0000  
     024501  0000  
     024502  0000  
     024503  0000  
     024504  0000  
     024505  0000  
     024506  0000  
     024507  0000  
     024510  0000  
     024511  0000  
     024512  0000  
     024513  0000  
     024514  0000  
     024515  0000  
     024516  0000  
     024517  0000  
     024520  0000  
     024521  0000  
     024522  0000  
     024523  0000  
     024524  0000  
     024525  0000  
     024526  0000  
     024527  0000  
     024530  0000  
     024531  0000  
     024532  0000  
     024533  0000  
     024534  0000  
     024535  0000  
     024536  0000  
     024537  0000  
     024540  0000  
     024541  0000  
     024542  0000  
     024543  0000  
     024544  0000  
     024545  0000  
     024546  0000  
     024547  0000  
     024550  0000  
     024551  0000  
     024552  0000  
     024553  0000  
     024554  0000  
     024555  0000  
     024556  0000  
     024557  0000  
     024560  0000  
     024561  0000  
     024562  0000  
     024563  0000  
     024564  0000  
     024565  0000  
     024566  0000  
     024567  0000  
     024570  0000  
     024571  0000  
     024572  0000  
     024573  0000  
     024574  0000  
     024575  0000  
     024576  0000  
     024577  0000  
     024600  0000  
     024601  0000  
     024602  0000  
     024603  0000  
     024604  0000  
     024605  0000  
     024606  0000  
     024607  0000  
     024610  0000  
     024611  0000  
     024612  0000  
     024613  0000  
     024614  0000  
     024615  0000  
     024616  0000  
     024617  0000  
     024620  0000  
     024621  0000  
     024622  0000  
     024623  0000  
     024624  0000  
     024625  0000  
     024626  0000  
     024627  0000  
     024630  0000  
     024631  0000  
     024632  0000  
     024633  0000  
     024634  0000  
     024635  0000  
     024636  0000  
     024637  0000  
     024640  0000  
     024641  0000  
     024642  0000  
     024643  0000  
     024644  0000  
     024645  0000  
     024646  0000  
     024647  0000  
     024650  0000  
     024651  0000  
     024652  0000  
     024653  0000  
     024654  0000  
     024655  0000  
     024656  0000  
     024657  0000  
     024660  0000  
     024661  0000  
     024662  0000  
     024663  0000  
     024664  0000  
     024665  0000  
     024666  0000  
     024667  0000  
     024670  0000  
     024671  0000  
     024672  0000  
     024673  0000  
     024674  0000  
     024675  0000  
     024676  0000  
     024677  0000  
     024700  0000  
     024701  0000  
     024702  0000  
     024703  0000  
     024704  0000  
     024705  0000  
     024706  0000  
     024707  0000  
     024710  0000  
     024711  0000  
     024712  0000  
     024713  0000  
     024714  0000  
     024715  0000  
     024716  0000  
     024717  0000  
     024720  0000  
     024721  0000  
     024722  0000  
     024723  0000  
     024724  0000  
     024725  0000  
     024726  0000  
     024727  0000  
     024730  0000  
     024731  0000  
     024732  0000  
     024733  0000  
     024734  0000  
     024735  0000  
     024736  0000  
     024737  0000  
     024740  0000  
     024741  0000  
     024742  0000  
     024743  0000  
     024744  0000  
     024745  0000  
     024746  0000  
     024747  0000  
     024750  0000  
     024751  0000  
     024752  0000  
     024753  0000  
     024754  0000  
     024755  0000  
     024756  0000  
     024757  0000  
     024760  0000  
     024761  0000  
     024762  0000  
     024763  0000  
     024764  0000  
     024765  0000  
     024766  0000  
     024767  0000  
     024770  0000  
     024771  0000  
     024772  0000  
     024773  0000  
     024774  0000  
     024775  0000  
     024776  0000  
     024777  0000  
     025000  0000  
     025001  0000  
     025002  0000  
     025003  0000  
     025004  0000  
     025005  0000  
     025006  0000  
     025007  0000  
     025010  0000  
     025011  0000  
     025012  0000  
     025013  0000  
     025014  0000  
     025015  0000  
     025016  0000  
     025017  0000  
     025020  0000  
     025021  0000  
     025022  0000  
     025023  0000  
     025024  0000  
     025025  0000  
     025026  0000  
     025027  0000  
     025030  0000  
     025031  0000  
     025032  0000  
     025033  0000  
     025034  0000  
     025035  0000  
     025036  0000  
     025037  0000  
     025040  0000  
     025041  0000  
     025042  0000  
     025043  0000  
     025044  0000  
     025045  0000  
     025046  0000  
     025047  0000  
     025050  0000  
     025051  0000  
     025052  0000  
     025053  0000  
     025054  0000  
     025055  0000  
     025056  0000  
     025057  0000  
     025060  0000  
     025061  0000  
     025062  0000  
     025063  0000  
     025064  0000  
     025065  0000  
     025066  0000  
     025067  0000  
     025070  0000  
     025071  0000  
     025072  0000  
     025073  0000  
     025074  0000  
     025075  0000  
     025076  0000  
     025077  0000  
     025100  0000  
     025101  0000  
     025102  0000  
     025103  0000  
     025104  0000  
     025105  0000  
     025106  0000  
     025107  0000  
     025110  0000  
     025111  0000  
     025112  0000  
     025113  0000  
     025114  0000  
     025115  0000  
     025116  0000  
     025117  0000  
     025120  0000  
     025121  0000  
     025122  0000  
     025123  0000  
     025124  0000  
     025125  0000  
     025126  0000  
     025127  0000  
     025130  0000  
     025131  0000  
     025132  0000  
     025133  0000  
     025134  0000  
     025135  0000  
     025136  0000  
     025137  0000  
     025140  0000  
     025141  0000  
     025142  0000  
     025143  0000  
     025144  0000  
     025145  0000  
     025146  0000  
     025147  0000  
     025150  0000  
     025151  0000  
     025152  0000  
     025153  0000  
     025154  0000  
     025155  0000  
     025156  0000  
     025157  0000  
     025160  0000  
     025161  0000  
     025162  0000  
     025163  0000  
     025164  0000  
     025165  0000  
     025166  0000  
     025167  0000  
     025170  0000  
     025171  0000  
     025172  0000  
     025173  0000  
     025174  0000  
     025175  0000  
     025176  0000  
     025177  0000  
     025200  0000  
     025201  0000  
     025202  0000  
     025203  0000  
     025204  0000  
     025205  0000  
     025206  0000  
     025207  0000  
     025210  0000  
     025211  0000  
     025212  0000  
     025213  0000  
     025214  0000  
     025215  0000  
     025216  0000  
     025217  0000  
     025220  0000  
     025221  0000  
     025222  0000  
     025223  0000  
     025224  0000  
     025225  0000  
     025226  0000  
     025227  0000  
     025230  0000  
     025231  0000  
     025232  0000  
     025233  0000  
     025234  0000  
     025235  0000  
     025236  0000  
     025237  0000  
     025240  0000  
     025241  0000  
     025242  0000  
     025243  0000  
     025244  0000  
     025245  0000  
     025246  0000  
     025247  0000  
     025250  0000  
     025251  0000  
     025252  0000  
     025253  0000  
     025254  0000  
     025255  0000  
     025256  0000  
     025257  0000  
     025260  0000  
     025261  0000  
     025262  0000  
     025263  0000  
     025264  0000  
     025265  0000  
     025266  0000  
     025267  0000  
     025270  0000  
     025271  0000  
     025272  0000  
     025273  0000  
     025274  0000  
     025275  0000  
     025276  0000  
     025277  0000  
     025300  0000  
     025301  0000  
     025302  0000  
     025303  0000  
     025304  0000  
     025305  0000  
     025306  0000  
     025307  0000  
     025310  0000  
     025311  0000  
     025312  0000  
     025313  0000  
     025314  0000  
     025315  0000  
     025316  0000  
     025317  0000  
     025320  0000  
     025321  0000  
     025322  0000  
     025323  0000  
     025324  0000  
     025325  0000  
     025326  0000  
     025327  0000  
     025330  0000  
     025331  0000  
     025332  0000  
     025333  0000  
     025334  0000  
     025335  0000  
     025336  0000  
     025337  0000  
     025340  0000  
     025341  0000  
     025342  0000  
     025343  0000  
     025344  0000  
     025345  0000  
     025346  0000  
     025347  0000  
     025350  0000  
     025351  0000  
     025352  0000  
     025353  0000  
     025354  0000  
     025355  0000  
     025356  0000  
     025357  0000  
     025360  0000  
     025361  0000  
     025362  0000  
     025363  0000  
     025364  0000  
     025365  0000  
     025366  0000  
     025367  0000  
     025370  0000  
     025371  0000  
     025372  0000  
     025373  0000  
     025374  0000  
     025375  0000  
     025376  0000  
     025377  0000  
     025400  0000  
     025401  0000  
     025402  0000  
     025403  0000  
     025404  0000  
     025405  0000  
     025406  0000  
     025407  0000  
     025410  0000  
     025411  0000  
     025412  0000  
     025413  0000  
     025414  0000  
     025415  0000  
     025416  0000  
     025417  0000  
     025420  0000  
     025421  0000  
     025422  0000  
     025423  0000  
     025424  0000  
     025425  0000  
     025426  0000  
     025427  0000  
     025430  0000  
     025431  0000  
     025432  0000  
     025433  0000  
     025434  0000  
     025435  0000  
     025436  0000  
     025437  0000  
     025440  0000  
     025441  0000  
     025442  0000  
     025443  0000  
     025444  0000  
     025445  0000  
     025446  0000  
     025447  0000  
     025450  0000  
     025451  0000  
     025452  0000  
     025453  0000  
     025454  0000  
     025455  0000  
     025456  0000  
     025457  0000  
     025460  0000  
     025461  0000  
     025462  0000  
     025463  0000  
     025464  0000  
     025465  0000  
     025466  0000  
     025467  0000  
     025470  0000  
     025471  0000  
     025472  0000  
     025473  0000  
     025474  0000  
     025475  0000  
     025476  0000  
     025477  0000  
     025500  0000  
     025501  0000  
     025502  0000  
     025503  0000  
     025504  0000  
     025505  0000  
     025506  0000  
     025507  0000  
     025510  0000  
     025511  0000  
     025512  0000  
     025513  0000  
     025514  0000  
     025515  0000  
     025516  0000  
     025517  0000  
     025520  0000  
     025521  0000  
     025522  0000  
     025523  0000  
     025524  0000  
     025525  0000  
     025526  0000  
     025527  0000  
     025530  0000  
     025531  0000  
     025532  0000  
     025533  0000  
     025534  0000  
     025535  0000  
     025536  0000  
     025537  0000  
     025540  0000  
     025541  0000  
     025542  0000  
     025543  0000  
     025544  0000  
     025545  0000  
     025546  0000  
     025547  0000  
     025550  0000  
     025551  0000  
     025552  0000  
     025553  0000  
     025554  0000  
     025555  0000  
     025556  0000  
     025557  0000  
     025560  0000  
     025561  0000  
     025562  0000  
     025563  0000  
     025564  0000  
     025565  0000  
     025566  0000  
     025567  0000  
     025570  0000  
     025571  0000  
     025572  0000  
     025573  0000  
     025574  0000  
     025575  0000  
     025576  0000  
     025577  0000  
     025600  0000  
     025601  0000  
     025602  0000  
     025603  0000  
     025604  0000  
     025605  0000  
     025606  0000  
     025607  0000  
     025610  0000  
     025611  0000  
     025612  0000  
     025613  0000  
     025614  0000  
     025615  0000  
     025616  0000  
     025617  0000  
     025620  0000  
     025621  0000  
     025622  0000  
     025623  0000  
     025624  0000  
     025625  0000  
     025626  0000  
     025627  0000  
     025630  0000  
     025631  0000  
     025632  0000  
     025633  0000  
     025634  0000  
     025635  0000  
     025636  0000  
     025637  0000  
     025640  0000  
     025641  0000  
     025642  0000  
     025643  0000  
     025644  0000  
     025645  0000  
     025646  0000  
     025647  0000  
     025650  0000  
     025651  0000  
     025652  0000  
     025653  0000  
     025654  0000  
     025655  0000  
     025656  0000  
     025657  0000  
     025660  0000  
     025661  0000  
     025662  0000  
     025663  0000  
     025664  0000  
     025665  0000  
     025666  0000  
     025667  0000  
     025670  0000  
     025671  0000  
     025672  0000  
     025673  0000  
     025674  0000  
     025675  0000  
     025676  0000  
     025677  0000  
     025700  0000  
     025701  0000  
     025702  0000  
     025703  0000  
     025704  0000  
     025705  0000  
     025706  0000  
     025707  0000  
     025710  0000  
     025711  0000  
     025712  0000  
     025713  0000  
     025714  0000  
     025715  0000  
     025716  0000  
     025717  0000  
     025720  0000  
     025721  0000  
     025722  0000  
     025723  0000  
     025724  0000  
     025725  0000  
     025726  0000  
     025727  0000  
     025730  0000  
     025731  0000  
     025732  0000  
     025733  0000  
     025734  0000  
     025735  0000  
     025736  0000  
     025737  0000  
     025740  0000  
     025741  0000  
     025742  0000  
     025743  0000  
     025744  0000  
     025745  0000  
     025746  0000  
     025747  0000  
     025750  0000  
     025751  0000  
     025752  0000  
     025753  0000  
     025754  0000  
     025755  0000  
     025756  0000  
     025757  0000  
     025760  0000  
     025761  0000  
     025762  0000  
     025763  0000  
     025764  0000  
     025765  0000  
     025766  0000  
     025767  0000  
     025770  0000  
     025771  0000  
     025772  0000  
     025773  0000  
     025774  0000  
     025775  0000  
     025776  0000  
     025777  0000  
     026000  0000  
     026001  0000  
     026002  0000  
     026003  0000  
     026004  0000  
     026005  0000  
     026006  0000  
     026007  0000  
     026010  0000  
     026011  0000  
     026012  0000  
     026013  0000  
     026014  0000  
     026015  0000  
     026016  0000  
     026017  0000  
     026020  0000  
     026021  0000  
     026022  0000  
     026023  0000  
     026024  0000  
     026025  0000  
     026026  0000  
     026027  0000  
     026030  0000  
     026031  0000  
     026032  0000  
     026033  0000  
     026034  0000  
     026035  0000  
     026036  0000  
     026037  0000  
     026040  0000  
     026041  0000  
     026042  0000  
     026043  0000  
     026044  0000  
     026045  0000  
     026046  0000  
     026047  0000  
     026050  0000  
     026051  0000  
     026052  0000  
     026053  0000  
     026054  0000  
     026055  0000  
     026056  0000  
     026057  0000  
     026060  0000  
     026061  0000  
     026062  0000  
     026063  0000  
     026064  0000  
     026065  0000  
     026066  0000  
     026067  0000  
     026070  0000  
     026071  0000  
     026072  0000  
     026073  0000  
     026074  0000  
     026075  0000  
     026076  0000  
     026077  0000  
     026100  0000  
     026101  0000  
     026102  0000  
     026103  0000  
     026104  0000  
     026105  0000  
     026106  0000  
     026107  0000  
     026110  0000  
     026111  0000  
     026112  0000  
     026113  0000  
     026114  0000  
     026115  0000  
     026116  0000  
     026117  0000  
     026120  0000  
     026121  0000  
     026122  0000  
     026123  0000  
     026124  0000  
     026125  0000  
     026126  0000  
     026127  0000  
     026130  0000  
     026131  0000  
     026132  0000  
     026133  0000  
     026134  0000  
     026135  0000  
     026136  0000  
     026137  0000  
     026140  0000  
     026141  0000  
     026142  0000  
     026143  0000  
     026144  0000  
     026145  0000  
     026146  0000  
     026147  0000  
     026150  0000  
     026151  0000  
     026152  0000  
     026153  0000  
     026154  0000  
     026155  0000  
     026156  0000  
     026157  0000  
     026160  0000  
     026161  0000  
     026162  0000  
     026163  0000  
     026164  0000  
     026165  0000  
     026166  0000  
     026167  0000  
     026170  0000  
     026171  0000  
     026172  0000  
     026173  0000  
     026174  0000  
     026175  0000  
     026176  0000  
     026177  0000  
     026200  0000  
     026201  0000  
     026202  0000  
     026203  0000  
     026204  0000  
     026205  0000  
     026206  0000  
     026207  0000  
     026210  0000  
     026211  0000  
     026212  0000  
     026213  0000  
     026214  0000  
     026215  0000  
     026216  0000  
     026217  0000  
     026220  0000  
     026221  0000  
     026222  0000  
     026223  0000  
     026224  0000  
     026225  0000  
     026226  0000  
     026227  0000  
     026230  0000  
     026231  0000  
     026232  0000  
     026233  0000  
     026234  0000  
     026235  0000  
     026236  0000  
     026237  0000  
     026240  0000  
     026241  0000  
     026242  0000  
     026243  0000  
     026244  0000  
     026245  0000  
     026246  0000  
     026247  0000  
     026250  0000  
     026251  0000  
     026252  0000  
     026253  0000  
     026254  0000  
     026255  0000  
     026256  0000  
     026257  0000  
     026260  0000  
     026261  0000  
     026262  0000  
     026263  0000  
     026264  0000  
     026265  0000  
     026266  0000  
     026267  0000  
     026270  0000  
     026271  0000  
     026272  0000  
     026273  0000  
     026274  0000  
     026275  0000  
     026276  0000  
     026277  0000  
     026300  0000  
     026301  0000  
     026302  0000  
     026303  0000  
     026304  0000  
     026305  0000  
     026306  0000  
     026307  0000  
     026310  0000  
     026311  0000  
     026312  0000  
     026313  0000  
     026314  0000  
     026315  0000  
     026316  0000  
     026317  0000  
     026320  0000  
     026321  0000  
     026322  0000  
     026323  0000  
     026324  0000  
     026325  0000  
     026326  0000  
     026327  0000  
     026330  0000  
     026331  0000  
     026332  0000  
     026333  0000  
     026334  0000  
     026335  0000  
     026336  0000  
     026337  0000  
     026340  0000  
     026341  0000  
     026342  0000  
     026343  0000  
     026344  0000  
     026345  0000  
     026346  0000  
     026347  0000  
     026350  0000  
     026351  0000  
     026352  0000  
     026353  0000  
     026354  0000  
     026355  0000  
     026356  0000  
     026357  0000  
     026360  0000  
     026361  0000  
     026362  0000  
     026363  0000  
     026364  0000  
     026365  0000  
     026366  0000  
     026367  0000  
     026370  0000  
     026371  0000  
     026372  0000  
     026373  0000  
     026374  0000  
     026375  0000  
     026376  0000  
     026377  0000  
     026400  0000  
     026401  0000  
     026402  0000  
     026403  0000  
     026404  0000  
     026405  0000  
     026406  0000  
     026407  0000  
     026410  0000  
     026411  0000  
     026412  0000  
     026413  0000  
     026414  0000  
     026415  0000  
     026416  0000  
     026417  0000  
     026420  0000  
     026421  0000  
     026422  0000  
     026423  0000  
     026424  0000  
     026425  0000  
     026426  0000  
     026427  0000  
     026430  0000  
     026431  0000  
     026432  0000  
     026433  0000  
     026434  0000  
     026435  0000  
     026436  0000  
     026437  0000  
     026440  0000  
     026441  0000  
     026442  0000  
     026443  0000  
     026444  0000  
     026445  0000  
     026446  0000  
     026447  0000  
     026450  0000  
     026451  0000  
     026452  0000  
     026453  0000  
     026454  0000  
     026455  0000  
     026456  0000  
     026457  0000  
     026460  0000  
     026461  0000  
     026462  0000  
     026463  0000  
     026464  0000  
     026465  0000  
     026466  0000  
     026467  0000  
     026470  0000  
     026471  0000  
     026472  0000  
     026473  0000  
     026474  0000  
     026475  0000  
     026476  0000  
     026477  0000  
     026500  0000  
     026501  0000  
     026502  0000  
     026503  0000  
     026504  0000  
     026505  0000  
     026506  0000  
     026507  0000  
     026510  0000  
     026511  0000  
     026512  0000  
     026513  0000  
     026514  0000  
     026515  0000  
     026516  0000  
     026517  0000  
     026520  0000  
     026521  0000  
     026522  0000  
     026523  0000  
     026524  0000  
     026525  0000  
     026526  0000  
     026527  0000  
     026530  0000  
     026531  0000  
     026532  0000  
     026533  0000  
     026534  0000  
     026535  0000  
     026536  0000  
     026537  0000  
     026540  0000  
     026541  0000  
     026542  0000  
     026543  0000  
     026544  0000  
     026545  0000  
     026546  0000  
     026547  0000  
     026550  0000  
     026551  0000  
     026552  0000  
     026553  0000  
     026554  0000  
     026555  0000  
     026556  0000  
     026557  0000  
     026560  0000  
     026561  0000  
     026562  0000  
     026563  0000  
     026564  0000  
     026565  0000  
     026566  0000  
     026567  0000  
     026570  0000  
     026571  0000  
     026572  0000  
     026573  0000  
     026574  0000  
     026575  0000  
     026576  0000  
     026577  0000  
     026600  0000  
     026601  0000  
     026602  0000  
     026603  0000  
     026604  0000  
     026605  0000  
     026606  0000  
     026607  0000  
     026610  0000  
     026611  0000  
     026612  0000  
     026613  0000  
     026614  0000  
     026615  0000  
     026616  0000  
     026617  0000  
     026620  0000  
     026621  0000  
     026622  0000  
     026623  0000  
     026624  0000  
     026625  0000  
     026626  0000  
     026627  0000  
     026630  0000  
     026631  0000  
     026632  0000  
     026633  0000  
     026634  0000  
     026635  0000  
     026636  0000  
     026637  0000  
     026640  0000  
     026641  0000  
     026642  0000  
     026643  0000  
     026644  0000  
     026645  0000  
     026646  0000  
     026647  0000  
     026650  0000  
     026651  0000  
     026652  0000  
     026653  0000  
     026654  0000  
     026655  0000  
     026656  0000  
     026657  0000  
     026660  0000  
     026661  0000  
     026662  0000  
     026663  0000  
     026664  0000  
     026665  0000  
     026666  0000  
     026667  0000  
     026670  0000  
     026671  0000  
     026672  0000  
     026673  0000  
     026674  0000  
     026675  0000  
     026676  0000  
     026677  0000  
     026700  0000  
     026701  0000  
     026702  0000  
     026703  0000  
     026704  0000  
     026705  0000  
     026706  0000  
     026707  0000  
     026710  0000  
     026711  0000  
     026712  0000  
     026713  0000  
     026714  0000  
     026715  0000  
     026716  0000  
     026717  0000  
     026720  0000  
     026721  0000  
     026722  0000  
     026723  0000  
     026724  0000  
     026725  0000  
     026726  0000  
     026727  0000  
     026730  0000  
     026731  0000  
     026732  0000  
     026733  0000  
     026734  0000  
     026735  0000  
     026736  0000  
     026737  0000  
     026740  0000  
     026741  0000  
     026742  0000  
     026743  0000  
     026744  0000  
     026745  0000  
     026746  0000  
     026747  0000  
     026750  0000  
     026751  0000  
     026752  0000  
     026753  0000  
     026754  0000  
     026755  0000  
     026756  0000  
     026757  0000  
     026760  0000  
     026761  0000  
     026762  0000  
     026763  0000  
     026764  0000  
     026765  0000  
     026766  0000  
     026767  0000  
     026770  0000  
     026771  0000  
     026772  0000  
     026773  0000  
     026774  0000  
     026775  0000  
     026776  0000  
     026777  0000  
     027000  0000  
     027001  0000  
     027002  0000  
     027003  0000  
     027004  0000  
     027005  0000  
     027006  0000  
     027007  0000  
     027010  0000  
     027011  0000  
     027012  0000  
     027013  0000  
     027014  0000  
     027015  0000  
     027016  0000  
     027017  0000  
     027020  0000  
     027021  0000  
     027022  0000  
     027023  0000  
     027024  0000  
     027025  0000  
     027026  0000  
     027027  0000  
     027030  0000  
     027031  0000  
     027032  0000  
     027033  0000  
     027034  0000  
     027035  0000  
     027036  0000  
     027037  0000  
     027040  0000  
     027041  0000  
     027042  0000  
     027043  0000  
     027044  0000  
     027045  0000  
     027046  0000  
     027047  0000  
     027050  0000  
     027051  0000  
     027052  0000  
     027053  0000  
     027054  0000  
     027055  0000  
     027056  0000  
     027057  0000  
     027060  0000  
     027061  0000  
     027062  0000  
     027063  0000  
     027064  0000  
     027065  0000  
     027066  0000  
     027067  0000  
     027070  0000  
     027071  0000  
     027072  0000  
     027073  0000  
     027074  0000  
     027075  0000  
     027076  0000  
     027077  0000  
     027100  0000  
     027101  0000  
     027102  0000  
     027103  0000  
     027104  0000  
     027105  0000  
     027106  0000  
     027107  0000  
     027110  0000  
     027111  0000  
     027112  0000  
     027113  0000  
     027114  0000  
     027115  0000  
     027116  0000  
     027117  0000  
     027120  0000  
     027121  0000  
     027122  0000  
     027123  0000  
     027124  0000  
     027125  0000  
     027126  0000  
     027127  0000  
     027130  0000  
     027131  0000  
     027132  0000  
     027133  0000  
     027134  0000  
     027135  0000  
     027136  0000  
     027137  0000  
     027140  0000  
     027141  0000  
     027142  0000  
     027143  0000  
     027144  0000  
     027145  0000  
     027146  0000  
     027147  0000  
     027150  0000  
     027151  0000  
     027152  0000  
     027153  0000  
     027154  0000  
     027155  0000  
     027156  0000  
     027157  0000  
     027160  0000  
     027161  0000  
     027162  0000  
     027163  0000  
     027164  0000  
     027165  0000  
     027166  0000  
     027167  0000  
     027170  0000  
     027171  0000  
     027172  0000  
     027173  0000  
     027174  0000  
     027175  0000  
     027176  0000  
     027177  0000  
     027200  0000  
     027201  0000  
     027202  0000  
     027203  0000  
     027204  0000  
     027205  0000  
     027206  0000  
     027207  0000  
     027210  0000  
     027211  0000  
     027212  0000  
     027213  0000  
     027214  0000  
     027215  0000  
     027216  0000  
     027217  0000  
     027220  0000  
     027221  0000  
     027222  0000  
     027223  0000  
     027224  0000  
     027225  0000  
     027226  0000  
     027227  0000  
     027230  0000  
     027231  0000  
     027232  0000  
     027233  0000  
     027234  0000  
     027235  0000  
     027236  0000  
     027237  0000  
     027240  0000  
     027241  0000  
     027242  0000  
     027243  0000  
     027244  0000  
     027245  0000  
     027246  0000  
     027247  0000  
     027250  0000  
     027251  0000  
     027252  0000  
     027253  0000  
     027254  0000  
     027255  0000  
     027256  0000  
     027257  0000  
     027260  0000  
     027261  0000  
     027262  0000  
     027263  0000  
     027264  0000  
     027265  0000  
     027266  0000  
     027267  0000  
     027270  0000  
     027271  0000  
     027272  0000  
     027273  0000  
     027274  0000  
     027275  0000  
     027276  0000  
     027277  0000  
     027300  0000  
     027301  0000  
     027302  0000  
     027303  0000  
     027304  0000  
     027305  0000  
     027306  0000  
     027307  0000  
     027310  0000  
     027311  0000  
     027312  0000  
     027313  0000  
     027314  0000  
     027315  0000  
     027316  0000  
     027317  0000  
     027320  0000  
     027321  0000  
     027322  0000  
     027323  0000  
     027324  0000  
     027325  0000  
     027326  0000  
     027327  0000  
     027330  0000  
     027331  0000  
     027332  0000  
     027333  0000  
     027334  0000  
     027335  0000  
     027336  0000  
     027337  0000  
     027340  0000  
     027341  0000  
     027342  0000  
     027343  0000  
     027344  0000  
     027345  0000  
     027346  0000  
     027347  0000  
     027350  0000  
     027351  0000  
     027352  0000  
     027353  0000  
     027354  0000  
     027355  0000  
     027356  0000  
     027357  0000  
     027360  0000  
     027361  0000  
     027362  0000  
     027363  0000  
     027364  0000  
     027365  0000  
     027366  0000  
     027367  0000  
     027370  0000  
     027371  0000  
     027372  0000  
     027373  0000  
     027374  0000  
     027375  0000  
     027376  0000  
     027377  0000  
     027400  0000  
     027401  0000  
     027402  0000  
     027403  0000  
     027404  0000  
     027405  0000  
     027406  0000  
     027407  0000  
     027410  0000  
     027411  0000  
     027412  0000  
     027413  0000  
     027414  0000  
     027415  0000  
     027416  0000  
     027417  0000  
     027420  0000  
     027421  0000  
     027422  0000  
     027423  0000  
     027424  0000  
     027425  0000  
     027426  0000  
     027427  0000  
     027430  0000  
     027431  0000  
     027432  0000  
     027433  0000  
     027434  0000  
     027435  0000  
     027436  0000  
     027437  0000  
     027440  0000  
     027441  0000  
     027442  0000  
     027443  0000  
     027444  0000  
     027445  0000  
     027446  0000  
     027447  0000  
     027450  0000  
     027451  0000  
     027452  0000  
     027453  0000  
     027454  0000  
     027455  0000  
     027456  0000  
     027457  0000  
     027460  0000  
     027461  0000  
     027462  0000  
     027463  0000  
     027464  0000  
     027465  0000  
     027466  0000  
     027467  0000  
     027470  0000  
     027471  0000  
     027472  0000  
     027473  0000  
     027474  0000  
     027475  0000  
     027476  0000  
     027477  0000  
     027500  0000  
     027501  0000  
     027502  0000  
     027503  0000  
     027504  0000  
     027505  0000  
     027506  0000  
     027507  0000  
     027510  0000  
     027511  0000  
     027512  0000  
     027513  0000  
     027514  0000  
     027515  0000  
     027516  0000  
     027517  0000  
     027520  0000  
     027521  0000  
     027522  0000  
     027523  0000  
     027524  0000  
     027525  0000  
     027526  0000  
     027527  0000  
     027530  0000  
     027531  0000  
     027532  0000  
     027533  0000  
     027534  0000  
     027535  0000  
     027536  0000  
     027537  0000  
     027540  0000  
     027541  0000  
     027542  0000  
     027543  0000  
     027544  0000  
     027545  0000  
     027546  0000  
     027547  0000  
     027550  0000  
     027551  0000  
     027552  0000  
     027553  0000  
     027554  0000  
     027555  0000  
     027556  0000  
     027557  0000  
     027560  0000  
     027561  0000  
     027562  0000  
     027563  0000  
     027564  0000  
     027565  0000  
     027566  0000  
     027567  0000  
     027570  0000  
     027571  0000  
     027572  0000  
     027573  0000  
     027574  0000  
     027575  0000  
     027576  0000  
     027577  0000  
  24               
  25                       $                       /THAT'S ALL FOLK!

