solid 12-12177
facet normal -0.500000000000001 0.0 -0.866025403784438
  outer loop
    vertex 2.3525 0.0630000000000002 -0.141746824526945
    vertex 2.32235238063781 0.0 -0.129259271713866
    vertex 2.32235238063781 0.0630000000000002 -0.129259271713866
  endloop
endfacet
facet normal -0.25881904510252 0.0 -0.965925826289069
  outer loop
    vertex 2.32235238063781 0.0 -0.129259271713866
    vertex 2.3525 0.0630000000000002 -0.141746824526945
    vertex 2.3525 0.0 -0.141746824526945
  endloop
endfacet
facet normal -0.707106781186548 0.0 -0.707106781186547
  outer loop
    vertex 2.37838834764832 0.0630000000000002 -0.161611652351682
    vertex 2.3525 0.0 -0.141746824526945
    vertex 2.3525 0.0630000000000002 -0.141746824526945
  endloop
endfacet
facet normal -0.500000000000001 0.0 -0.866025403784438
  outer loop
    vertex 2.3525 0.0 -0.141746824526945
    vertex 2.37838834764832 0.0630000000000002 -0.161611652351682
    vertex 2.37838834764832 0.0 -0.161611652351682
  endloop
endfacet
facet normal -0.707106781186548 0.0 -0.707106781186547
  outer loop
    vertex 2.37838834764832 0.0630000000000002 -0.161611652351682
    vertex 2.39825317547305 0.0 -0.1875
    vertex 2.37838834764832 0.0 -0.161611652351682
  endloop
endfacet
facet normal -0.866025403784436 0.0 -0.500000000000004
  outer loop
    vertex 2.39825317547305 0.0 -0.1875
    vertex 2.37838834764832 0.0630000000000002 -0.161611652351682
    vertex 2.39825317547305 0.0630000000000002 -0.1875
  endloop
endfacet
facet normal -0.866025403784436 0.0 -0.500000000000004
  outer loop
    vertex 2.39825317547305 0.0630000000000002 -0.1875
    vertex 2.41074072828613 0.0 -0.217647619362185
    vertex 2.39825317547305 0.0 -0.1875
  endloop
endfacet
facet normal -0.965925826289068 0.0 -0.258819045102522
  outer loop
    vertex 2.41074072828613 0.0 -0.217647619362185
    vertex 2.39825317547305 0.0630000000000002 -0.1875
    vertex 2.41074072828613 0.0630000000000002 -0.217647619362185
  endloop
endfacet
facet normal -0.965925826289068 0.0 -0.258819045102522
  outer loop
    vertex 2.41074072828613 0.0630000000000002 -0.217647619362185
    vertex 2.415 0.0 -0.25
    vertex 2.41074072828613 0.0 -0.217647619362185
  endloop
endfacet
facet normal -1.0 0.0 5.34666593738814e-017
  outer loop
    vertex 2.415 0.0 -0.25
    vertex 2.41074072828613 0.0630000000000002 -0.217647619362185
    vertex 2.415 0.0630000000000002 -0.25
  endloop
endfacet
facet normal -1.0 0.0 5.34666593738814e-017
  outer loop
    vertex 2.415 0.0630000000000002 -0.25
    vertex 2.41074072828613 0.0 -0.282352380637815
    vertex 2.415 0.0 -0.25
  endloop
endfacet
facet normal -0.965925826289068 0.0 0.258819045102523
  outer loop
    vertex 2.41074072828613 0.0 -0.282352380637815
    vertex 2.415 0.0630000000000002 -0.25
    vertex 2.41074072828613 0.0630000000000002 -0.282352380637815
  endloop
endfacet
facet normal -0.965925826289068 0.0 0.258819045102523
  outer loop
    vertex 2.41074072828613 0.0630000000000002 -0.282352380637815
    vertex 2.39825317547305 0.0 -0.3125
    vertex 2.41074072828613 0.0 -0.282352380637815
  endloop
endfacet
facet normal -0.866025403784436 0.0 0.500000000000004
  outer loop
    vertex 2.39825317547305 0.0 -0.3125
    vertex 2.41074072828613 0.0630000000000002 -0.282352380637815
    vertex 2.39825317547305 0.0630000000000002 -0.3125
  endloop
endfacet
facet normal -0.866025403784436 0.0 0.500000000000004
  outer loop
    vertex 2.39825317547305 0.0630000000000002 -0.3125
    vertex 2.37838834764832 0.0 -0.338388347648318
    vertex 2.39825317547305 0.0 -0.3125
  endloop
endfacet
facet normal -0.707106781186549 0.0 0.707106781186547
  outer loop
    vertex 2.37838834764832 0.0 -0.338388347648318
    vertex 2.39825317547305 0.0630000000000002 -0.3125
    vertex 2.37838834764832 0.0630000000000002 -0.338388347648318
  endloop
endfacet
facet normal -0.707106781186549 0.0 0.707106781186547
  outer loop
    vertex 2.37838834764832 0.0 -0.338388347648318
    vertex 2.3525 0.0630000000000002 -0.358253175473055
    vertex 2.3525 0.0 -0.358253175473055
  endloop
endfacet
facet normal -0.500000000000001 0.0 0.866025403784438
  outer loop
    vertex 2.3525 0.0630000000000002 -0.358253175473055
    vertex 2.37838834764832 0.0 -0.338388347648318
    vertex 2.37838834764832 0.0630000000000002 -0.338388347648318
  endloop
endfacet
facet normal -0.500000000000001 0.0 0.866025403784438
  outer loop
    vertex 2.3525 0.0 -0.358253175473055
    vertex 2.32235238063781 0.0630000000000002 -0.370740728286134
    vertex 2.32235238063781 0.0 -0.370740728286134
  endloop
endfacet
facet normal -0.258819045102521 0.0 0.965925826289068
  outer loop
    vertex 2.32235238063781 0.0630000000000002 -0.370740728286134
    vertex 2.3525 0.0 -0.358253175473055
    vertex 2.3525 0.0630000000000002 -0.358253175473055
  endloop
endfacet
facet normal -0.258819045102521 0.0 0.965925826289068
  outer loop
    vertex 2.32235238063781 0.0 -0.370740728286134
    vertex 2.29 0.0630000000000002 -0.375
    vertex 2.29 0.0 -0.375
  endloop
endfacet
facet normal -8.37644330190809e-016 0.0 1.0
  outer loop
    vertex 2.29 0.0630000000000002 -0.375
    vertex 2.32235238063781 0.0 -0.370740728286134
    vertex 2.32235238063781 0.0630000000000002 -0.370740728286134
  endloop
endfacet
facet normal -8.37644330190809e-016 0.0 1.0
  outer loop
    vertex 2.29 0.0 -0.375
    vertex 2.25764761936218 0.0630000000000002 -0.370740728286134
    vertex 2.25764761936218 0.0 -0.370740728286134
  endloop
endfacet
facet normal 0.258819045102519 0.0 0.965925826289069
  outer loop
    vertex 2.25764761936218 0.0630000000000002 -0.370740728286134
    vertex 2.29 0.0 -0.375
    vertex 2.29 0.0630000000000002 -0.375
  endloop
endfacet
facet normal 0.258819045102519 0.0 0.965925826289069
  outer loop
    vertex 2.25764761936218 0.0 -0.370740728286134
    vertex 2.2275 0.0630000000000002 -0.358253175473055
    vertex 2.2275 0.0 -0.358253175473055
  endloop
endfacet
facet normal 0.500000000000001 0.0 0.866025403784438
  outer loop
    vertex 2.2275 0.0630000000000002 -0.358253175473055
    vertex 2.25764761936218 0.0 -0.370740728286134
    vertex 2.25764761936218 0.0630000000000002 -0.370740728286134
  endloop
endfacet
facet normal 0.500000000000001 0.0 0.866025403784438
  outer loop
    vertex 2.2275 0.0 -0.358253175473055
    vertex 2.20161165235168 0.0630000000000002 -0.338388347648318
    vertex 2.20161165235168 0.0 -0.338388347648318
  endloop
endfacet
facet normal 0.707106781186549 0.0 0.707106781186547
  outer loop
    vertex 2.20161165235168 0.0630000000000002 -0.338388347648318
    vertex 2.2275 0.0 -0.358253175473055
    vertex 2.2275 0.0630000000000002 -0.358253175473055
  endloop
endfacet
facet normal 0.707106781186549 0.0 0.707106781186547
  outer loop
    vertex 2.20161165235168 0.0630000000000002 -0.338388347648318
    vertex 2.18174682452695 0.0 -0.3125
    vertex 2.20161165235168 0.0 -0.338388347648318
  endloop
endfacet
facet normal 0.866025403784436 0.0 0.500000000000004
  outer loop
    vertex 2.18174682452695 0.0 -0.3125
    vertex 2.20161165235168 0.0630000000000002 -0.338388347648318
    vertex 2.18174682452695 0.0630000000000002 -0.3125
  endloop
endfacet
facet normal 0.716201129449776 -0.2297932297237 0.658977248277978
  outer loop
    vertex -0.795495128834864 -1.25 -0.778504144339057
    vertex -0.974278579257486 -1.38566428712983 -0.579799659796348
    vertex -0.795495128834864 -1.32536071037126 -0.80485567213749
  endloop
endfacet
facet normal 0.866025403784436 0.0 0.500000000000004
  outer loop
    vertex 2.18174682452695 0.0630000000000002 -0.3125
    vertex 2.16925927171387 0.0 -0.282352380637815
    vertex 2.18174682452695 0.0 -0.3125
  endloop
endfacet
facet normal 0.965925826289068 0.0 0.258819045102523
  outer loop
    vertex 2.16925927171387 0.0 -0.282352380637815
    vertex 2.18174682452695 0.0630000000000002 -0.3125
    vertex 2.16925927171387 0.0630000000000002 -0.282352380637815
  endloop
endfacet
facet normal 0.965925826289068 0.0 0.258819045102523
  outer loop
    vertex 2.16925927171387 0.0630000000000002 -0.282352380637815
    vertex 2.165 0.0 -0.25
    vertex 2.16925927171387 0.0 -0.282352380637815
  endloop
endfacet
facet normal 1.0 0.0 -2.22777747391172e-016
  outer loop
    vertex 2.165 0.0 -0.25
    vertex 2.16925927171387 0.0630000000000002 -0.282352380637815
    vertex 2.165 0.0630000000000002 -0.25
  endloop
endfacet
facet normal 1.0 0.0 -2.22777747391172e-016
  outer loop
    vertex 2.165 0.0630000000000002 -0.25
    vertex 2.16925927171387 0.0 -0.217647619362185
    vertex 2.165 0.0 -0.25
  endloop
endfacet
facet normal 0.965925826289068 0.0 -0.258819045102523
  outer loop
    vertex 2.16925927171387 0.0 -0.217647619362185
    vertex 2.165 0.0630000000000002 -0.25
    vertex 2.16925927171387 0.0630000000000002 -0.217647619362185
  endloop
endfacet
facet normal 0.965925826289068 0.0 -0.258819045102523
  outer loop
    vertex 2.16925927171387 0.0630000000000002 -0.217647619362185
    vertex 2.18174682452695 0.0 -0.1875
    vertex 2.16925927171387 0.0 -0.217647619362185
  endloop
endfacet
facet normal 0.866025403784436 0.0 -0.500000000000004
  outer loop
    vertex 2.18174682452695 0.0 -0.1875
    vertex 2.16925927171387 0.0630000000000002 -0.217647619362185
    vertex 2.18174682452695 0.0630000000000002 -0.1875
  endloop
endfacet
facet normal 0.866025403784436 0.0 -0.500000000000004
  outer loop
    vertex 2.18174682452695 0.0630000000000002 -0.1875
    vertex 2.20161165235168 0.0 -0.161611652351682
    vertex 2.18174682452695 0.0 -0.1875
  endloop
endfacet
facet normal 0.707106781186548 0.0 -0.707106781186547
  outer loop
    vertex 2.20161165235168 0.0 -0.161611652351682
    vertex 2.18174682452695 0.0630000000000002 -0.1875
    vertex 2.20161165235168 0.0630000000000002 -0.161611652351682
  endloop
endfacet
facet normal 0.500000000000001 0.0 -0.866025403784438
  outer loop
    vertex 2.2275 0.0630000000000002 -0.141746824526945
    vertex 2.20161165235168 0.0 -0.161611652351682
    vertex 2.20161165235168 0.0630000000000002 -0.161611652351682
  endloop
endfacet
facet normal 0.707106781186548 0.0 -0.707106781186547
  outer loop
    vertex 2.20161165235168 0.0 -0.161611652351682
    vertex 2.2275 0.0630000000000002 -0.141746824526945
    vertex 2.2275 0.0 -0.141746824526945
  endloop
endfacet
facet normal 0.25881904510252 0.0 -0.965925826289068
  outer loop
    vertex 2.25764761936218 0.0630000000000002 -0.129259271713866
    vertex 2.2275 0.0 -0.141746824526945
    vertex 2.2275 0.0630000000000002 -0.141746824526945
  endloop
endfacet
facet normal 0.500000000000001 0.0 -0.866025403784438
  outer loop
    vertex 2.2275 0.0 -0.141746824526945
    vertex 2.25764761936218 0.0630000000000002 -0.129259271713866
    vertex 2.25764761936218 0.0 -0.129259271713866
  endloop
endfacet
facet normal 0.0 0.0 -1.0
  outer loop
    vertex 2.29 0.0630000000000002 -0.125
    vertex 2.25764761936218 0.0 -0.129259271713866
    vertex 2.25764761936218 0.0630000000000002 -0.129259271713866
  endloop
endfacet
facet normal 0.25881904510252 0.0 -0.965925826289068
  outer loop
    vertex 2.25764761936218 0.0 -0.129259271713866
    vertex 2.29 0.0630000000000002 -0.125
    vertex 2.29 0.0 -0.125
  endloop
endfacet
facet normal -0.25881904510252 0.0 -0.965925826289069
  outer loop
    vertex 2.32235238063781 0.0630000000000002 -0.129259271713866
    vertex 2.29 0.0 -0.125
    vertex 2.29 0.0630000000000002 -0.125
  endloop
endfacet
facet normal 0.0 0.0 -1.0
  outer loop
    vertex 2.29 0.0 -0.125
    vertex 2.32235238063781 0.0630000000000002 -0.129259271713866
    vertex 2.32235238063781 0.0 -0.129259271713866
  endloop
endfacet
facet normal 0.0 0.0 1.0
  outer loop
    vertex 0.63688178291398 0.0 -2.3623338134688
    vertex 0.604529402276165 0.0630000000000002 -2.35807454175494
    vertex 0.604529402276165 0.0 -2.35807454175494
  endloop
endfacet
facet normal 0.258819045102523 0.0 0.965925826289068
  outer loop
    vertex 0.604529402276165 0.0630000000000002 -2.35807454175494
    vertex 0.63688178291398 0.0 -2.3623338134688
    vertex 0.63688178291398 0.0630000000000002 -2.3623338134688
  endloop
endfacet
facet normal 0.258819045102523 0.0 0.965925826289068
  outer loop
    vertex 0.604529402276165 0.0 -2.35807454175494
    vertex 0.57438178291398 0.0630000000000002 -2.34558698894186
    vertex 0.57438178291398 0.0 -2.34558698894186
  endloop
endfacet
facet normal 0.500000000000004 0.0 0.866025403784437
  outer loop
    vertex 0.57438178291398 0.0630000000000002 -2.34558698894186
    vertex 0.604529402276165 0.0 -2.35807454175494
    vertex 0.604529402276165 0.0630000000000002 -2.35807454175494
  endloop
endfacet
facet normal 0.500000000000004 0.0 0.866025403784437
  outer loop
    vertex 0.57438178291398 0.0 -2.34558698894186
    vertex 0.548493435265661 0.0630000000000002 -2.32572216111712
    vertex 0.548493435265661 0.0 -2.32572216111712
  endloop
endfacet
facet normal 0.707106781186547 0.0 0.707106781186548
  outer loop
    vertex 0.548493435265661 0.0630000000000002 -2.32572216111712
    vertex 0.57438178291398 0.0 -2.34558698894186
    vertex 0.57438178291398 0.0630000000000002 -2.34558698894186
  endloop
endfacet
facet normal 0.707106781186547 0.0 0.707106781186548
  outer loop
    vertex 0.548493435265661 0.0630000000000002 -2.32572216111712
    vertex 0.528628607440925 0.0 -2.2998338134688
    vertex 0.548493435265661 0.0 -2.32572216111712
  endloop
endfacet
facet normal 0.866025403784438 0.0 0.500000000000001
  outer loop
    vertex 0.528628607440925 0.0 -2.2998338134688
    vertex 0.548493435265661 0.0630000000000002 -2.32572216111712
    vertex 0.528628607440925 0.0630000000000002 -2.2998338134688
  endloop
endfacet
facet normal 0.866025403784438 0.0 0.500000000000001
  outer loop
    vertex 0.528628607440925 0.0630000000000002 -2.2998338134688
    vertex 0.516141054627846 0.0 -2.26968619410662
    vertex 0.528628607440925 0.0 -2.2998338134688
  endloop
endfacet
facet normal 0.965925826289068 0.0 0.258819045102521
  outer loop
    vertex 0.516141054627846 0.0 -2.26968619410662
    vertex 0.528628607440925 0.0630000000000002 -2.2998338134688
    vertex 0.516141054627846 0.0630000000000002 -2.26968619410662
  endloop
endfacet
facet normal 0.965925826289068 0.0 0.258819045102521
  outer loop
    vertex 0.516141054627846 0.0630000000000002 -2.26968619410662
    vertex 0.51188178291398 0.0 -2.2373338134688
    vertex 0.516141054627846 0.0 -2.26968619410662
  endloop
endfacet
facet normal 1.0 0.0 -1.67528866038162e-015
  outer loop
    vertex 0.51188178291398 0.0 -2.2373338134688
    vertex 0.516141054627846 0.0630000000000002 -2.26968619410662
    vertex 0.51188178291398 0.0630000000000002 -2.2373338134688
  endloop
endfacet
facet normal 1.0 0.0 -1.67528866038162e-015
  outer loop
    vertex 0.51188178291398 0.0630000000000002 -2.2373338134688
    vertex 0.516141054627846 0.0 -2.20498143283099
    vertex 0.51188178291398 0.0 -2.2373338134688
  endloop
endfacet
facet normal 0.965925826289068 0.0 -0.258819045102521
  outer loop
    vertex 0.516141054627846 0.0 -2.20498143283099
    vertex 0.51188178291398 0.0630000000000002 -2.2373338134688
    vertex 0.516141054627846 0.0630000000000002 -2.20498143283099
  endloop
endfacet
facet normal 0.965925826289068 0.0 -0.258819045102521
  outer loop
    vertex 0.516141054627846 0.0630000000000002 -2.20498143283099
    vertex 0.528628607440925 0.0 -2.1748338134688
    vertex 0.516141054627846 0.0 -2.20498143283099
  endloop
endfacet
facet normal 0.866025403784438 0.0 -0.500000000000001
  outer loop
    vertex 0.528628607440925 0.0 -2.1748338134688
    vertex 0.516141054627846 0.0630000000000002 -2.20498143283099
    vertex 0.528628607440925 0.0630000000000002 -2.1748338134688
  endloop
endfacet
facet normal 0.866025403784438 0.0 -0.500000000000001
  outer loop
    vertex 0.528628607440925 0.0630000000000002 -2.1748338134688
    vertex 0.548493435265661 0.0 -2.14894546582048
    vertex 0.528628607440925 0.0 -2.1748338134688
  endloop
endfacet
facet normal 0.707106781186546 0.0 -0.707106781186549
  outer loop
    vertex 0.548493435265661 0.0 -2.14894546582048
    vertex 0.528628607440925 0.0630000000000002 -2.1748338134688
    vertex 0.548493435265661 0.0630000000000002 -2.14894546582048
  endloop
endfacet
facet normal 0.500000000000004 0.0 -0.866025403784437
  outer loop
    vertex 0.57438178291398 0.0630000000000002 -2.12908063799575
    vertex 0.548493435265661 0.0 -2.14894546582048
    vertex 0.548493435265661 0.0630000000000002 -2.14894546582048
  endloop
endfacet
facet normal 0.707106781186546 0.0 -0.707106781186549
  outer loop
    vertex 0.548493435265661 0.0 -2.14894546582048
    vertex 0.57438178291398 0.0630000000000002 -2.12908063799575
    vertex 0.57438178291398 0.0 -2.12908063799575
  endloop
endfacet
facet normal 0.258819045102523 0.0 -0.965925826289068
  outer loop
    vertex 0.604529402276165 0.0630000000000002 -2.11659308518267
    vertex 0.57438178291398 0.0 -2.12908063799575
    vertex 0.57438178291398 0.0630000000000002 -2.12908063799575
  endloop
endfacet
facet normal 0.500000000000004 0.0 -0.866025403784437
  outer loop
    vertex 0.57438178291398 0.0 -2.12908063799575
    vertex 0.604529402276165 0.0630000000000002 -2.11659308518267
    vertex 0.604529402276165 0.0 -2.11659308518267
  endloop
endfacet
facet normal 4.18822165095405e-016 0.0 -1.0
  outer loop
    vertex -2.54 0.0630000000000002 0.0
    vertex -2.57235238063782 0.0 -0.00425927171386631
    vertex -2.57235238063782 0.0630000000000002 -0.00425927171386631
  endloop
endfacet
facet normal 0.258819045102521 0.0 -0.965925826289068
  outer loop
    vertex -2.57235238063782 0.0 -0.00425927171386631
    vertex -2.54 0.0630000000000002 0.0
    vertex -2.54 0.0 0.0
  endloop
endfacet
facet normal -0.25881904510252 0.0 -0.965925826289068
  outer loop
    vertex -2.50764761936219 0.0630000000000002 -0.00425927171386631
    vertex -2.54 0.0 0.0
    vertex -2.54 0.0630000000000002 0.0
  endloop
endfacet
facet normal 4.18822165095405e-016 0.0 -1.0
  outer loop
    vertex -2.54 0.0 0.0
    vertex -2.50764761936219 0.0630000000000002 -0.00425927171386631
    vertex -2.50764761936219 0.0 -0.00425927171386631
  endloop
endfacet
facet normal 0.0 -1.0 0.0
  outer loop
    vertex 2.54043640378383 0.0 -0.352698430785445
    vertex 2.29 0.0 -0.375
    vertex 2.51863198109017 0.0 -0.390072358203662
  endloop
endfacet
facet normal 0.0 -1.0 0.0
  outer loop
    vertex 2.29 0.0 -0.375
    vertex 2.54043640378383 0.0 -0.352698430785445
    vertex 2.32235238063781 0.0 -0.370740728286134
  endloop
endfacet
facet normal 0.0 -1.0 0.0
  outer loop
    vertex 2.32235238063781 0.0 -0.370740728286134
    vertex 2.54043640378383 0.0 -0.352698430785445
    vertex 2.3525 0.0 -0.358253175473055
  endloop
endfacet
facet normal 0.0 -1.0 0.0
  outer loop
    vertex 2.3525 0.0 -0.358253175473055
    vertex 2.54043640378383 0.0 -0.352698430785445
    vertex 2.37838834764832 0.0 -0.338388347648318
  endloop
endfacet
facet normal 0.0 -1.0 0.0
  outer loop
    vertex 2.37838834764832 0.0 -0.338388347648318
    vertex 2.54043640378383 0.0 -0.352698430785445
    vertex 2.55822926331577 0.0 -0.31325660717975
  endloop
endfacet
facet normal 0.0 -1.0 0.0
  outer loop
    vertex 2.37838834764832 0.0 -0.338388347648318
    vertex 2.55822926331577 0.0 -0.31325660717975
    vertex 2.39825317547305 0.0 -0.3125
  endloop
endfacet
facet normal 0.0 -1.0 0.0
  outer loop
    vertex 2.39825317547305 0.0 -0.3125
    vertex 2.55822926331577 0.0 -0.31325660717975
    vertex 2.57181698452624 0.0 -0.27217598970663
  endloop
endfacet
facet normal 0.0 -1.0 0.0
  outer loop
    vertex 2.39825317547305 0.0 -0.3125
    vertex 2.57181698452624 0.0 -0.27217598970663
    vertex 2.41074072828613 0.0 -0.282352380637815
  endloop
endfacet
facet normal 0.0 -1.0 0.0
  outer loop
    vertex 2.41074072828613 0.0 -0.282352380637815
    vertex 2.57181698452624 0.0 -0.27217598970663
    vertex 2.415 0.0 -0.25
  endloop
endfacet
facet normal 0.0 -1.0 0.0
  outer loop
    vertex 2.415 0.0 -0.25
    vertex 2.57181698452624 0.0 -0.27217598970663
    vertex 2.58105174152477 0.0 -0.229903509736275
  endloop
endfacet
facet normal 0.0 -1.0 0.0
  outer loop
    vertex 2.415 0.0 -0.25
    vertex 2.58105174152477 0.0 -0.229903509736275
    vertex 2.41074072828613 0.0 -0.217647619362185
  endloop
endfacet
facet normal 0.0 -1.0 0.0
  outer loop
    vertex 2.41074072828613 0.0 -0.217647619362185
    vertex 2.58105174152477 0.0 -0.229903509736275
    vertex 2.58583306594326 0.0 -0.186899065355824
  endloop
endfacet
facet normal 0.0 -1.0 0.0
  outer loop
    vertex 2.41074072828613 0.0 -0.217647619362185
    vertex 2.58583306594326 0.0 -0.186899065355824
    vertex 2.39825317547305 0.0 -0.1875
  endloop
endfacet
facet normal 0.0 -1.0 0.0
  outer loop
    vertex 2.39825317547305 0.0 -0.1875
    vertex 2.58583306594326 0.0 -0.186899065355824
    vertex 2.37838834764832 0.0 -0.161611652351682
  endloop
endfacet
facet normal 0.0 -1.0 0.0
  outer loop
    vertex 2.37838834764832 0.0 -0.161611652351682
    vertex 2.58583306594326 0.0 -0.186899065355824
    vertex 2.58610893996879 0.0 -0.143630517966431
  endloop
endfacet
facet normal 0.0 -1.0 0.0
  outer loop
    vertex 2.37838834764832 0.0 -0.161611652351682
    vertex 2.58610893996879 0.0 -0.143630517966431
    vertex 2.3525 0.0 -0.141746824526945
  endloop
endfacet
facet normal 0.0 -1.0 0.0
  outer loop
    vertex 2.3525 0.0 -0.141746824526945
    vertex 2.58610893996879 0.0 -0.143630517966431
    vertex 2.58187636226489 0.0 -0.100568602244456
  endloop
endfacet
facet normal 0.0 -1.0 0.0
  outer loop
    vertex 2.3525 0.0 -0.141746824526945
    vertex 2.58187636226489 0.0 -0.100568602244456
    vertex 2.32235238063781 0.0 -0.129259271713866
  endloop
endfacet
facet normal 0.0 -1.0 0.0
  outer loop
    vertex 2.32235238063781 0.0 -0.129259271713866
    vertex 2.58187636226489 0.0 -0.100568602244456
    vertex 2.29 0.0 -0.125
  endloop
endfacet
facet normal 0.0 -1.0 0.0
  outer loop
    vertex -1.0866665545752 0.0 -0.278495000436969
    vertex -2.50764761936219 0.0 -0.245740728286134
    vertex -2.54 0.0 -0.25
  endloop
endfacet
facet normal 0.0 -1.0 0.0
  outer loop
    vertex -2.50764761936219 0.0 -0.245740728286134
    vertex -1.0866665545752 0.0 -0.278495000436969
    vertex -1.125 0.0 0.0101854133921768
  endloop
endfacet
facet normal 0.0 -1.0 0.0
  outer loop
    vertex -2.50764761936219 0.0 -0.245740728286134
    vertex -1.125 0.0 0.0101854133921768
    vertex -2.4775 0.0 -0.233253175473055
  endloop
endfacet
facet normal 0.0 -1.0 0.0
  outer loop
    vertex -2.4775 0.0 -0.233253175473055
    vertex -1.125 0.0 0.0101854133921768
    vertex -2.45161165235168 0.0 -0.213388347648318
  endloop
endfacet
facet normal 0.0 -1.0 0.0
  outer loop
    vertex -2.45161165235168 0.0 -0.213388347648318
    vertex -1.125 0.0 0.0101854133921768
    vertex -2.43174682452695 0.0 -0.1875
  endloop
endfacet
facet normal 0.0 -1.0 0.0
  outer loop
    vertex -2.43174682452695 0.0 -0.1875
    vertex -1.125 0.0 0.0101854133921768
    vertex -2.41925927171387 0.0 -0.157352380637815
  endloop
endfacet
facet normal 0.0 -1.0 0.0
  outer loop
    vertex -2.41925927171387 0.0 -0.157352380637815
    vertex -1.125 0.0 0.0101854133921768
    vertex -2.415 0.0 -0.125
  endloop
endfacet
facet normal 0.0 -1.0 0.0
  outer loop
    vertex -2.415 0.0 -0.125
    vertex -1.125 0.0 0.0101854133921768
    vertex -2.41925927171387 0.0 -0.092647619362185
  endloop
endfacet
facet normal 0.0 -1.0 0.0
  outer loop
    vertex -2.41925927171387 0.0 -0.092647619362185
    vertex -1.125 0.0 0.0101854133921768
    vertex -2.43174682452695 0.0 -0.0625
  endloop
endfacet
facet normal 0.0 -1.0 0.0
  outer loop
    vertex -2.43174682452695 0.0 -0.0625
    vertex -1.125 0.0 0.0101854133921768
    vertex -2.45161165235168 0.0 -0.0366116523516817
  endloop
endfacet
facet normal 0.0 -1.0 0.0
  outer loop
    vertex -2.45161165235168 0.0 -0.0366116523516817
    vertex -1.125 0.0 0.0101854133921768
    vertex -2.4775 0.0 -0.0167468245269453
  endloop
endfacet
facet normal 0.0 -1.0 0.0
  outer loop
    vertex -2.4775 0.0 -0.0167468245269453
    vertex -1.125 0.0 0.0101854133921768
    vertex -2.50764761936219 0.0 -0.00425927171386631
  endloop
endfacet
facet normal 0.0 -1.0 0.0
  outer loop
    vertex -2.50764761936219 0.0 -0.00425927171386631
    vertex -1.125 0.0 0.0101854133921768
    vertex -2.54 0.0 0.0
  endloop
endfacet
facet normal 0.0 -1.0 0.0
  outer loop
    vertex -1.77635683940025e-015 0.0 -1.10519005565337
    vertex -2.51559524893947 0.0 -1.09789606395945
    vertex -2.48208615215793 0.0 -1.13152664577526
  endloop
endfacet
facet normal 0.0 -1.0 0.0
  outer loop
    vertex -2.51559524893947 0.0 -1.09789606395945
    vertex -1.77635683940025e-015 0.0 -1.10519005565337
    vertex -0.291171425740329 0.0 -1.06718455816819
  endloop
endfacet
facet normal 0.0 -1.0 0.0
  outer loop
    vertex -2.51559524893947 0.0 -1.09789606395945
    vertex -0.291171425740329 0.0 -1.06718455816819
    vertex -2.54686910163735 0.0 -1.06217741703916
  endloop
endfacet
facet normal 0.0 -1.0 0.0
  outer loop
    vertex -2.54686910163735 0.0 -1.06217741703916
    vertex -0.291171425740329 0.0 -1.06718455816819
    vertex -0.5625 0.0 -0.95575807755925
  endloop
endfacet
facet normal 0.0 -1.0 0.0
  outer loop
    vertex -2.54686910163735 0.0 -1.06217741703916
    vertex -0.5625 0.0 -0.95575807755925
    vertex -2.57577788562923 0.0 -1.02451898095247
  endloop
endfacet
facet normal 0.0 -1.0 0.0
  outer loop
    vertex -2.57577788562923 0.0 -1.02451898095247
    vertex -0.5625 0.0 -0.95575807755925
    vertex -2.60220159421178 0.0 -0.985077084127771
  endloop
endfacet
facet normal 0.0 -1.0 0.0
  outer loop
    vertex -2.60220159421178 0.0 -0.985077084127771
    vertex -0.5625 0.0 -0.95575807755925
    vertex -2.62603053677473 0.0 -0.944015458530183
  endloop
endfacet
facet normal 0.0 -1.0 0.0
  outer loop
    vertex -2.62603053677473 0.0 -0.944015458530183
    vertex -0.5625 0.0 -0.95575807755925
    vertex -0.795495128834864 0.0 -0.778504144339057
  endloop
endfacet
facet normal 0.0 -1.0 0.0
  outer loop
    vertex -2.62603053677473 0.0 -0.944015458530183
    vertex -0.795495128834864 0.0 -0.778504144339057
    vertex -2.64716579415075 0.0 -0.901504559974232
  endloop
endfacet
facet normal 0.0 -1.0 0.0
  outer loop
    vertex -2.64716579415075 0.0 -0.901504559974232
    vertex -0.795495128834864 0.0 -0.778504144339057
    vertex -2.66551962925055 0.0 -0.857720860524388
  endloop
endfacet
facet normal 0.0 -1.0 0.0
  outer loop
    vertex -2.66551962925055 0.0 -0.857720860524388
    vertex -0.795495128834864 0.0 -0.778504144339057
    vertex -2.7998788538045 0.0 -0.505813631886329
  endloop
endfacet
facet normal 0.0 -1.0 0.0
  outer loop
    vertex -2.7998788538045 0.0 -0.505813631886329
    vertex -0.795495128834864 0.0 -0.778504144339057
    vertex -0.97427857925749 0.0 -0.547502321130599
  endloop
endfacet
facet normal 0.0 -1.0 0.0
  outer loop
    vertex -2.7998788538045 0.0 -0.505813631886329
    vertex -0.97427857925749 0.0 -0.547502321130599
    vertex -1.0866665545752 0.0 -0.278495000436969
  endloop
endfacet
facet normal 0.0 -1.0 0.0
  outer loop
    vertex -2.7998788538045 0.0 -0.505813631886329
    vertex -1.0866665545752 0.0 -0.278495000436969
    vertex -2.81450022074276 0.0 -0.462269561583897
  endloop
endfacet
facet normal 0.0 -1.0 0.0
  outer loop
    vertex -2.81450022074276 0.0 -0.462269561583897
    vertex -1.0866665545752 0.0 -0.278495000436969
    vertex -2.82552655951659 0.0 -0.417679312841697
  endloop
endfacet
facet normal 0.0 -1.0 0.0
  outer loop
    vertex -2.82552655951659 0.0 -0.417679312841697
    vertex -1.0866665545752 0.0 -0.278495000436969
    vertex -2.83288460727592 0.0 -0.372339158862935
  endloop
endfacet
facet normal 0.0 -1.0 0.0
  outer loop
    vertex -2.83288460727592 0.0 -0.372339158862935
    vertex -1.0866665545752 0.0 -0.278495000436969
    vertex -2.83652547457876 0.0 -0.326550355483401
  endloop
endfacet
facet normal 0.0 -1.0 0.0
  outer loop
    vertex -2.83652547457876 0.0 -0.326550355483401
    vertex -1.0866665545752 0.0 -0.278495000436969
    vertex -2.83642497022977 0.0 -0.280617139522374
  endloop
endfacet
facet normal 0.0 -1.0 0.0
  outer loop
    vertex -2.83642497022977 0.0 -0.280617139522374
    vertex -1.0866665545752 0.0 -0.278495000436969
    vertex -2.54 0.0 -0.25
  endloop
endfacet
facet normal 0.0 -1.0 0.0
  outer loop
    vertex -2.83642497022977 0.0 -0.280617139522374
    vertex -2.54 0.0 -0.25
    vertex -2.83258376201496 0.0 -0.234844707326816
  endloop
endfacet
facet normal 0.0 -1.0 0.0
  outer loop
    vertex -2.83258376201496 0.0 -0.234844707326816
    vertex -2.54 0.0 -0.25
    vertex -2.57235238063782 0.0 -0.245740728286134
  endloop
endfacet
facet normal 0.0 -1.0 0.0
  outer loop
    vertex -2.83258376201496 0.0 -0.234844707326816
    vertex -2.57235238063782 0.0 -0.245740728286134
    vertex -2.6025 0.0 -0.233253175473055
  endloop
endfacet
facet normal 0.0 -1.0 0.0
  outer loop
    vertex -2.83258376201496 0.0 -0.234844707326816
    vertex -2.6025 0.0 -0.233253175473055
    vertex -2.82502737226477 0.0 -0.189537186940133
  endloop
endfacet
facet normal 0.0 -1.0 0.0
  outer loop
    vertex -2.82502737226477 0.0 -0.189537186940133
    vertex -2.6025 0.0 -0.233253175473055
    vertex -2.62838834764832 0.0 -0.213388347648318
  endloop
endfacet
facet normal 0.0 -1.0 0.0
  outer loop
    vertex -2.82502737226477 0.0 -0.189537186940133
    vertex -2.62838834764832 0.0 -0.213388347648318
    vertex -2.64825317547305 0.0 -0.1875
  endloop
endfacet
facet normal 0.0 -1.0 0.0
  outer loop
    vertex -2.82502737226477 0.0 -0.189537186940133
    vertex -2.64825317547305 0.0 -0.1875
    vertex -2.81380600827472 0.0 -0.144995617369121
  endloop
endfacet
facet normal 0.0 -1.0 0.0
  outer loop
    vertex -2.81380600827472 0.0 -0.144995617369121
    vertex -2.64825317547305 0.0 -0.1875
    vertex -2.66074072828613 0.0 -0.157352380637815
  endloop
endfacet
facet normal 0.0 -1.0 0.0
  outer loop
    vertex -2.81380600827472 0.0 -0.144995617369121
    vertex -2.66074072828613 0.0 -0.157352380637815
    vertex -2.665 0.0 -0.125
  endloop
endfacet
facet normal 0.0 -1.0 0.0
  outer loop
    vertex -2.81380600827472 0.0 -0.144995617369121
    vertex -2.665 0.0 -0.125
    vertex -2.7989942287106 0.0 -0.101515948375552
  endloop
endfacet
facet normal 0.0 -1.0 0.0
  outer loop
    vertex -2.7989942287106 0.0 -0.101515948375552
    vertex -2.665 0.0 -0.125
    vertex -2.66074072828613 0.0 -0.092647619362185
  endloop
endfacet
facet normal 0.0 -1.0 0.0
  outer loop
    vertex -2.7989942287106 0.0 -0.101515948375552
    vertex -2.66074072828613 0.0 -0.092647619362185
    vertex -2.78069044821463 0.0 -0.0593870740824745
  endloop
endfacet
facet normal 0.0 -1.0 0.0
  outer loop
    vertex -2.78069044821463 0.0 -0.0593870740824745
    vertex -2.66074072828613 0.0 -0.092647619362185
    vertex -2.64825317547305 0.0 -0.0625
  endloop
endfacet
facet normal 0.0 -1.0 0.0
  outer loop
    vertex -2.78069044821463 0.0 -0.0593870740824745
    vertex -2.64825317547305 0.0 -0.0625
    vertex -2.62838834764832 0.0 -0.0366116523516817
  endloop
endfacet
facet normal 0.0 -1.0 0.0
  outer loop
    vertex -2.78069044821463 0.0 -0.0593870740824745
    vertex -2.62838834764832 0.0 -0.0366116523516817
    vertex -2.75901628350418 0.0 -0.0188889134606565
  endloop
endfacet
facet normal 0.0 -1.0 0.0
  outer loop
    vertex -2.75901628350418 0.0 -0.0188889134606565
    vertex -2.62838834764832 0.0 -0.0366116523516817
    vertex -2.6025 0.0 -0.0167468245269453
  endloop
endfacet
facet normal 0.0 -1.0 0.0
  outer loop
    vertex -2.75901628350418 0.0 -0.0188889134606565
    vertex -2.6025 0.0 -0.0167468245269453
    vertex -2.73411574530774 0.0 0.0197094495509309
  endloop
endfacet
facet normal 0.0 -1.0 0.0
  outer loop
    vertex -2.73411574530774 0.0 0.0197094495509309
    vertex -2.6025 0.0 -0.0167468245269453
    vertex -2.57235238063782 0.0 -0.00425927171386631
  endloop
endfacet
facet normal 0.0 -1.0 0.0
  outer loop
    vertex -2.73411574530774 0.0 0.0197094495509309
    vertex -2.57235238063782 0.0 -0.00425927171386631
    vertex -2.54 0.0 0.0
  endloop
endfacet
facet normal 0.0 -1.0 0.0
  outer loop
    vertex -2.73411574530774 0.0 0.0197094495509309
    vertex -2.54 0.0 0.0
    vertex -1.125 0.0 0.0101854133921768
  endloop
endfacet
facet normal 0.0 -1.0 0.0
  outer loop
    vertex -2.73411574530774 0.0 0.0197094495509309
    vertex -1.125 0.0 0.0101854133921768
    vertex -1.12318669040415 0.0 0.0236745712768084
  endloop
endfacet
facet normal 0.0 -1.0 0.0
  outer loop
    vertex -2.73411574530774 0.0 0.0197094495509309
    vertex -1.12318669040415 0.0 0.0236745712768084
    vertex -1.76228991633137 0.0 1.39926871096258
  endloop
endfacet
facet normal 0.0 -1.0 0.0
  outer loop
    vertex -1.76228991633137 0.0 1.39926871096258
    vertex -1.12318669040415 0.0 0.0236745712768084
    vertex -1.08669254967224 0.0 0.29850360195954
  endloop
endfacet
facet normal 0.0 -1.0 0.0
  outer loop
    vertex -1.76228991633137 0.0 1.39926871096258
    vertex -1.08669254967224 0.0 0.29850360195954
    vertex -0.974278579257488 0.0 0.567873147914941
  endloop
endfacet
facet normal 0.0 -1.0 0.0
  outer loop
    vertex -1.76228991633137 0.0 1.39926871096258
    vertex -0.974278579257488 0.0 0.567873147914941
    vertex -0.79549512883486 0.0 0.798874971123399
  endloop
endfacet
facet normal 0.0 -1.0 0.0
  outer loop
    vertex -1.76228991633137 0.0 1.39926871096258
    vertex -0.79549512883486 0.0 0.798874971123399
    vertex -0.784329077563109 0.0 0.807314444721375
  endloop
endfacet
facet normal 0.0 -1.0 0.0
  outer loop
    vertex -1.76228991633137 0.0 1.39926871096258
    vertex -0.784329077563109 0.0 0.807314444721375
    vertex -0.562500000000002 0.0 0.976128904343588
  endloop
endfacet
facet normal 0.0 -1.0 0.0
  outer loop
    vertex -1.76228991633137 0.0 1.39926871096258
    vertex -0.562500000000002 0.0 0.976128904343588
    vertex -0.549488153348234 0.0 0.981458686161573
  endloop
endfacet
facet normal 0.0 -1.0 0.0
  outer loop
    vertex -1.76228991633137 0.0 1.39926871096258
    vertex -0.549488153348234 0.0 0.981458686161573
    vertex -0.291178391105595 0.0 1.08753873243819
  endloop
endfacet
facet normal 0.0 -1.0 0.0
  outer loop
    vertex -1.76228991633137 0.0 1.39926871096258
    vertex -0.291178391105595 0.0 1.08753873243819
    vertex -0.277200519554774 0.0 1.08937895413881
  endloop
endfacet
facet normal 0.0 -1.0 0.0
  outer loop
    vertex -1.76228991633137 0.0 1.39926871096258
    vertex -0.277200519554774 0.0 1.08937895413881
    vertex 0.0 0.0 1.12556088243771
  endloop
endfacet
facet normal 0.0 -1.0 0.0
  outer loop
    vertex 0.87660491694374 0.0 -2.40494376976227
    vertex 0.669234163551795 0.0 -2.35807454175494
    vertex 0.63688178291398 0.0 -2.3623338134688
  endloop
endfacet
facet normal 0.0 -1.0 0.0
  outer loop
    vertex 0.669234163551795 0.0 -2.35807454175494
    vertex 0.87660491694374 0.0 -2.40494376976227
    vertex 0.69938178291398 0.0 -2.34558698894186
  endloop
endfacet
facet normal 0.0 -1.0 0.0
  outer loop
    vertex 0.69938178291398 0.0 -2.34558698894186
    vertex 0.87660491694374 0.0 -2.40494376976227
    vertex 0.725270130562298 0.0 -2.32572216111712
  endloop
endfacet
facet normal 0.0 -1.0 0.0
  outer loop
    vertex 0.725270130562298 0.0 -2.32572216111712
    vertex 0.87660491694374 0.0 -2.40494376976227
    vertex 2.49305321368743 0.0 -0.424971784528783
  endloop
endfacet
facet normal 0.0 -1.0 0.0
  outer loop
    vertex 0.725270130562298 0.0 -2.32572216111712
    vertex 2.49305321368743 0.0 -0.424971784528783
    vertex 0.745134958387034 0.0 -2.2998338134688
  endloop
endfacet
facet normal 0.0 -1.0 0.0
  outer loop
    vertex 0.745134958387034 0.0 -2.2998338134688
    vertex 2.49305321368743 0.0 -0.424971784528783
    vertex 0.757622511200113 0.0 -2.26968619410662
  endloop
endfacet
facet normal 0.0 -1.0 0.0
  outer loop
    vertex 0.757622511200113 0.0 -2.26968619410662
    vertex 2.49305321368743 0.0 -0.424971784528783
    vertex 0.76188178291398 0.0 -2.2373338134688
  endloop
endfacet
facet normal 0.0 -1.0 0.0
  outer loop
    vertex 0.76188178291398 0.0 -2.2373338134688
    vertex 2.49305321368743 0.0 -0.424971784528783
    vertex 0.757622511200113 0.0 -2.20498143283099
  endloop
endfacet
facet normal 0.0 -1.0 0.0
  outer loop
    vertex 0.757622511200113 0.0 -2.20498143283099
    vertex 2.49305321368743 0.0 -0.424971784528783
    vertex 0.745134958387034 0.0 -2.1748338134688
  endloop
endfacet
facet normal 0.0 -1.0 0.0
  outer loop
    vertex 0.745134958387034 0.0 -2.1748338134688
    vertex 2.49305321368743 0.0 -0.424971784528783
    vertex 0.725270130562298 0.0 -2.14894546582048
  endloop
endfacet
facet normal 0.0 -1.0 0.0
  outer loop
    vertex 0.725270130562298 0.0 -2.14894546582048
    vertex 2.49305321368743 0.0 -0.424971784528783
    vertex 0.69938178291398 0.0 -2.12908063799575
  endloop
endfacet
facet normal 0.0 -1.0 0.0
  outer loop
    vertex 0.69938178291398 0.0 -2.12908063799575
    vertex 2.49305321368743 0.0 -0.424971784528783
    vertex 0.669234163551795 0.0 -2.11659308518267
  endloop
endfacet
facet normal 0.0 -1.0 0.0
  outer loop
    vertex 0.669234163551795 0.0 -2.11659308518267
    vertex 2.49305321368743 0.0 -0.424971784528783
    vertex 0.63688178291398 0.0 -2.1123338134688
  endloop
endfacet
facet normal 0.0 -1.0 0.0
  outer loop
    vertex 0.63688178291398 0.0 -2.1123338134688
    vertex 2.49305321368743 0.0 -0.424971784528783
    vertex 0.291171425740337 0.0 -1.0671845581682
  endloop
endfacet
facet normal 0.0 -1.0 0.0
  outer loop
    vertex 0.63688178291398 0.0 -2.1123338134688
    vertex 0.291171425740337 0.0 -1.0671845581682
    vertex -1.77635683940025e-015 0.0 -1.10519005565337
  endloop
endfacet
facet normal 0.0 -1.0 0.0
  outer loop
    vertex 0.63688178291398 0.0 -2.1123338134688
    vertex -1.77635683940025e-015 0.0 -1.10519005565337
    vertex -2.28617206989249 0.0 -1.26380704332101
  endloop
endfacet
facet normal 0.0 -1.0 0.0
  outer loop
    vertex -2.28617206989249 0.0 -1.26380704332101
    vertex -1.77635683940025e-015 0.0 -1.10519005565337
    vertex -2.32860620448979 0.0 -1.24251808323925
  endloop
endfacet
facet normal 0.0 -1.0 0.0
  outer loop
    vertex -2.32860620448979 0.0 -1.24251808323925
    vertex -1.77635683940025e-015 0.0 -1.10519005565337
    vertex -2.36958132754209 0.0 -1.21854070032881
  endloop
endfacet
facet normal 0.0 -1.0 0.0
  outer loop
    vertex -2.36958132754209 0.0 -1.21854070032881
    vertex -1.77635683940025e-015 0.0 -1.10519005565337
    vertex -2.40892734232591 0.0 -1.1919744299655
  endloop
endfacet
facet normal 0.0 -1.0 0.0
  outer loop
    vertex -2.40892734232591 0.0 -1.1919744299655
    vertex -1.77635683940025e-015 0.0 -1.10519005565337
    vertex -2.44648091490351 0.0 -1.16292955456477
  endloop
endfacet
facet normal 0.0 -1.0 0.0
  outer loop
    vertex -2.44648091490351 0.0 -1.16292955456477
    vertex -1.77635683940025e-015 0.0 -1.10519005565337
    vertex -2.48208615215793 0.0 -1.13152664577526
  endloop
endfacet
facet normal 0.0 -1.0 0.0
  outer loop
    vertex 0.291171425740337 0.0 -1.0671845581682
    vertex 2.49305321368743 0.0 -0.424971784528783
    vertex 0.562500000000008 0.0 -0.955758077559235
  endloop
endfacet
facet normal 0.0 -1.0 0.0
  outer loop
    vertex 0.562500000000008 0.0 -0.955758077559235
    vertex 2.49305321368743 0.0 -0.424971784528783
    vertex 0.79549512883487 0.0 -0.778504144339055
  endloop
endfacet
facet normal 0.0 -1.0 0.0
  outer loop
    vertex 0.79549512883487 0.0 -0.778504144339055
    vertex 2.49305321368743 0.0 -0.424971784528783
    vertex 0.974278579257498 0.0 -0.5475023211306
  endloop
endfacet
facet normal 0.0 -1.0 0.0
  outer loop
    vertex 0.974278579257498 0.0 -0.5475023211306
    vertex 2.49305321368743 0.0 -0.424971784528783
    vertex 1.08666655457521 0.0 -0.278495000436955
  endloop
endfacet
facet normal 0.0 -1.0 0.0
  outer loop
    vertex 1.08666655457521 0.0 -0.278495000436955
    vertex 2.49305321368743 0.0 -0.424971784528783
    vertex 2.29 0.0 -0.375
  endloop
endfacet
facet normal 0.0 -1.0 0.0
  outer loop
    vertex 2.29 0.0 -0.375
    vertex 2.49305321368743 0.0 -0.424971784528783
    vertex 2.51863198109017 0.0 -0.390072358203662
  endloop
endfacet
facet normal 0.0 -1.0 0.0
  outer loop
    vertex 1.08666655457521 0.0 -0.278495000436955
    vertex 2.29 0.0 -0.375
    vertex 2.25764761936218 0.0 -0.370740728286134
  endloop
endfacet
facet normal 0.0 -1.0 0.0
  outer loop
    vertex 1.08666655457521 0.0 -0.278495000436955
    vertex 2.25764761936218 0.0 -0.370740728286134
    vertex 2.2275 0.0 -0.358253175473055
  endloop
endfacet
facet normal 0.0 -1.0 0.0
  outer loop
    vertex 1.08666655457521 0.0 -0.278495000436955
    vertex 2.2275 0.0 -0.358253175473055
    vertex 2.20161165235168 0.0 -0.338388347648318
  endloop
endfacet
facet normal 0.0 -1.0 0.0
  outer loop
    vertex 1.08666655457521 0.0 -0.278495000436955
    vertex 2.20161165235168 0.0 -0.338388347648318
    vertex 2.18174682452695 0.0 -0.3125
  endloop
endfacet
facet normal 0.0 -1.0 0.0
  outer loop
    vertex 1.08666655457521 0.0 -0.278495000436955
    vertex 2.18174682452695 0.0 -0.3125
    vertex 2.16925927171387 0.0 -0.282352380637815
  endloop
endfacet
facet normal 0.0 -1.0 0.0
  outer loop
    vertex 1.08666655457521 0.0 -0.278495000436955
    vertex 2.16925927171387 0.0 -0.282352380637815
    vertex 2.165 0.0 -0.25
  endloop
endfacet
facet normal 0.0 -1.0 0.0
  outer loop
    vertex 1.08666655457521 0.0 -0.278495000436955
    vertex 2.165 0.0 -0.25
    vertex 1.12500000000001 0.0 0.0101854133921826
  endloop
endfacet
facet normal 0.0 -1.0 0.0
  outer loop
    vertex 1.12500000000001 0.0 0.0101854133921826
    vertex 2.165 0.0 -0.25
    vertex 2.16925927171387 0.0 -0.217647619362185
  endloop
endfacet
facet normal 0.0 -1.0 0.0
  outer loop
    vertex 1.12500000000001 0.0 0.0101854133921826
    vertex 2.16925927171387 0.0 -0.217647619362185
    vertex 2.18174682452695 0.0 -0.1875
  endloop
endfacet
facet normal 0.0 -1.0 0.0
  outer loop
    vertex 1.12500000000001 0.0 0.0101854133921826
    vertex 2.18174682452695 0.0 -0.1875
    vertex 2.20161165235168 0.0 -0.161611652351682
  endloop
endfacet
facet normal 0.0 -1.0 0.0
  outer loop
    vertex 1.12500000000001 0.0 0.0101854133921826
    vertex 2.20161165235168 0.0 -0.161611652351682
    vertex 2.2275 0.0 -0.141746824526945
  endloop
endfacet
facet normal 0.0 -1.0 0.0
  outer loop
    vertex 1.12500000000001 0.0 0.0101854133921826
    vertex 2.2275 0.0 -0.141746824526945
    vertex 2.25764761936218 0.0 -0.129259271713866
  endloop
endfacet
facet normal 0.0 -1.0 0.0
  outer loop
    vertex 1.12500000000001 0.0 0.0101854133921826
    vertex 2.25764761936218 0.0 -0.129259271713866
    vertex 2.29 0.0 -0.125
  endloop
endfacet
facet normal 0.0 -1.0 0.0
  outer loop
    vertex 1.12500000000001 0.0 0.0101854133921826
    vertex 2.29 0.0 -0.125
    vertex 2.58187636226489 0.0 -0.100568602244456
  endloop
endfacet
facet normal 0.0 -1.0 0.0
  outer loop
    vertex 1.12500000000001 0.0 0.0101854133921826
    vertex 2.58187636226489 0.0 -0.100568602244456
    vertex 2.57318138062413 0.0 -0.0581818048432252
  endloop
endfacet
facet normal 0.0 -1.0 0.0
  outer loop
    vertex 1.12500000000001 0.0 0.0101854133921826
    vertex 2.57318138062413 0.0 -0.0581818048432252
    vertex 2.56011859099705 0.0 -0.0169312675518789
  endloop
endfacet
facet normal 0.0 -1.0 0.0
  outer loop
    vertex 1.12500000000001 0.0 0.0101854133921826
    vertex 2.56011859099705 0.0 -0.0169312675518789
    vertex 2.54283010834749 0.0 0.0227342296382718
  endloop
endfacet
facet normal 0.0 -1.0 0.0
  outer loop
    vertex 1.12500000000001 0.0 0.0101854133921826
    vertex 2.54283010834749 0.0 0.0227342296382718
    vertex 1.12318669040417 0.0 0.0236745712768141
  endloop
endfacet
facet normal 0.0 -1.0 0.0
  outer loop
    vertex 1.12318669040417 0.0 0.0236745712768141
    vertex 2.54283010834749 0.0 0.0227342296382718
    vertex 2.52150402053084 0.0 0.0603831509787667
  endloop
endfacet
facet normal 0.0 -1.0 0.0
  outer loop
    vertex 1.12318669040417 0.0 0.0236745712768141
    vertex 2.52150402053084 0.0 0.0603831509787667
    vertex 1.08669254967225 0.0 0.298503601959534
  endloop
endfacet
facet normal 0.0 -1.0 0.0
  outer loop
    vertex 1.08669254967225 0.0 0.298503601959534
    vertex 2.52150402053084 0.0 0.0603831509787667
    vertex 0.922220109266202 0.0 2.56895166133883
  endloop
endfacet
facet normal 0.0 -1.0 0.0
  outer loop
    vertex 1.08669254967225 0.0 0.298503601959534
    vertex 0.922220109266202 0.0 2.56895166133883
    vertex 0.974278579257495 0.0 0.567873147914947
  endloop
endfacet
facet normal 0.0 -1.0 0.0
  outer loop
    vertex 0.974278579257495 0.0 0.567873147914947
    vertex 0.922220109266202 0.0 2.56895166133883
    vertex 0.795495128834867 0.0 0.798874971123398
  endloop
endfacet
facet normal 0.0 -1.0 0.0
  outer loop
    vertex 0.795495128834867 0.0 0.798874971123398
    vertex 0.922220109266202 0.0 2.56895166133883
    vertex 0.784329077563116 0.0 0.807314444721374
  endloop
endfacet
facet normal 0.0 -1.0 0.0
  outer loop
    vertex 0.784329077563116 0.0 0.807314444721374
    vertex 0.922220109266202 0.0 2.56895166133883
    vertex 0.562513456052394 0.0 0.976063429127506
  endloop
endfacet
facet normal 0.0 -1.0 0.0
  outer loop
    vertex 0.562513456052394 0.0 0.976063429127506
    vertex 0.922220109266202 0.0 2.56895166133883
    vertex 0.549488153348236 0.0 0.981458686161583
  endloop
endfacet
facet normal 0.0 -1.0 0.0
  outer loop
    vertex 0.549488153348236 0.0 0.981458686161583
    vertex 0.922220109266202 0.0 2.56895166133883
    vertex 0.291178391105604 0.0 1.08753873243818
  endloop
endfacet
facet normal 0.0 -1.0 0.0
  outer loop
    vertex 0.291178391105604 0.0 1.08753873243818
    vertex 0.922220109266202 0.0 2.56895166133883
    vertex 0.0139778715508217 0.0 1.12372066073709
  endloop
endfacet
facet normal 0.0 -1.0 0.0
  outer loop
    vertex 0.0139778715508217 0.0 1.12372066073709
    vertex 0.922220109266202 0.0 2.56895166133883
    vertex 0.0 0.0 1.12556088243771
  endloop
endfacet
facet normal 0.0 -1.0 0.0
  outer loop
    vertex 0.0 0.0 1.12556088243771
    vertex 0.922220109266202 0.0 2.56895166133883
    vertex -1.76228991633137 0.0 1.39926871096258
  endloop
endfacet
facet normal 0.0 -1.0 0.0
  outer loop
    vertex -1.76228991633137 0.0 1.39926871096258
    vertex 0.922220109266202 0.0 2.56895166133883
    vertex -0.31 0.0 2.415
  endloop
endfacet
facet normal 0.0 -1.0 0.0
  outer loop
    vertex -0.31 0.0 2.415
    vertex 0.922220109266202 0.0 2.56895166133883
    vertex -0.277647619362185 0.0 2.41925927171387
  endloop
endfacet
facet normal 0.0 -1.0 0.0
  outer loop
    vertex -0.277647619362185 0.0 2.41925927171387
    vertex 0.922220109266202 0.0 2.56895166133883
    vertex -0.2475 0.0 2.43174682452695
  endloop
endfacet
facet normal 0.0 -1.0 0.0
  outer loop
    vertex -0.2475 0.0 2.43174682452695
    vertex 0.922220109266202 0.0 2.56895166133883
    vertex -0.221611652351681 0.0 2.45161165235168
  endloop
endfacet
facet normal 0.0 -1.0 0.0
  outer loop
    vertex -0.221611652351681 0.0 2.45161165235168
    vertex 0.922220109266202 0.0 2.56895166133883
    vertex -0.201746824526945 0.0 2.4775
  endloop
endfacet
facet normal 0.0 -1.0 0.0
  outer loop
    vertex -0.201746824526945 0.0 2.4775
    vertex 0.922220109266202 0.0 2.56895166133883
    vertex -0.189259271713866 0.0 2.50764761936219
  endloop
endfacet
facet normal 0.0 -1.0 0.0
  outer loop
    vertex -0.189259271713866 0.0 2.50764761936219
    vertex 0.922220109266202 0.0 2.56895166133883
    vertex -0.185 0.0 2.54
  endloop
endfacet
facet normal 0.0 -1.0 0.0
  outer loop
    vertex -0.185 0.0 2.54
    vertex 0.922220109266202 0.0 2.56895166133883
    vertex -0.189259271713866 0.0 2.57235238063782
  endloop
endfacet
facet normal 0.0 -1.0 0.0
  outer loop
    vertex -0.189259271713866 0.0 2.57235238063782
    vertex 0.922220109266202 0.0 2.56895166133883
    vertex 0.895739454122864 0.0 2.60723225345713
  endloop
endfacet
facet normal 0.0 -1.0 0.0
  outer loop
    vertex -0.189259271713866 0.0 2.57235238063782
    vertex 0.895739454122864 0.0 2.60723225345713
    vertex -0.201746824526945 0.0 2.6025
  endloop
endfacet
facet normal 0.0 -1.0 0.0
  outer loop
    vertex -0.201746824526945 0.0 2.6025
    vertex 0.895739454122864 0.0 2.60723225345713
    vertex -0.221611652351682 0.0 2.62838834764832
  endloop
endfacet
facet normal 0.0 -1.0 0.0
  outer loop
    vertex -0.221611652351682 0.0 2.62838834764832
    vertex 0.895739454122864 0.0 2.60723225345713
    vertex 0.866456878769415 0.0 2.64341456419619
  endloop
endfacet
facet normal 0.0 -1.0 0.0
  outer loop
    vertex -0.221611652351682 0.0 2.62838834764832
    vertex 0.866456878769415 0.0 2.64341456419619
    vertex -0.2475 0.0 2.64825317547305
  endloop
endfacet
facet normal 0.0 -1.0 0.0
  outer loop
    vertex -0.2475 0.0 2.64825317547305
    vertex 0.866456878769415 0.0 2.64341456419619
    vertex 0.83453799313896 0.0 2.67729396162085
  endloop
endfacet
facet normal 0.0 -1.0 0.0
  outer loop
    vertex -0.2475 0.0 2.64825317547305
    vertex 0.83453799313896 0.0 2.67729396162085
    vertex -0.277647619362185 0.0 2.66074072828613
  endloop
endfacet
facet normal 0.0 -1.0 0.0
  outer loop
    vertex -0.277647619362185 0.0 2.66074072828613
    vertex 0.83453799313896 0.0 2.67729396162085
    vertex -0.31 0.0 2.665
  endloop
endfacet
facet normal 0.0 -1.0 0.0
  outer loop
    vertex -1.76228991633137 0.0 1.39926871096258
    vertex -0.418253175473055 0.0 2.4775
    vertex -0.523503865335996 0.0 2.71254157321927
  endloop
endfacet
facet normal 0.0 -1.0 0.0
  outer loop
    vertex -0.418253175473055 0.0 2.4775
    vertex -1.76228991633137 0.0 1.39926871096258
    vertex -0.398388347648318 0.0 2.45161165235168
  endloop
endfacet
facet normal 0.0 -1.0 0.0
  outer loop
    vertex -0.398388347648318 0.0 2.45161165235168
    vertex -1.76228991633137 0.0 1.39926871096258
    vertex -0.3725 0.0 2.43174682452695
  endloop
endfacet
facet normal 0.0 -1.0 0.0
  outer loop
    vertex -0.3725 0.0 2.43174682452695
    vertex -1.76228991633137 0.0 1.39926871096258
    vertex -0.342352380637815 0.0 2.41925927171387
  endloop
endfacet
facet normal 0.0 -1.0 0.0
  outer loop
    vertex -0.342352380637815 0.0 2.41925927171387
    vertex -1.76228991633137 0.0 1.39926871096258
    vertex -0.31 0.0 2.415
  endloop
endfacet
facet normal 0.0 -1.0 0.0
  outer loop
    vertex -0.523503865335996 0.0 2.71254157321927
    vertex -0.418253175473055 0.0 2.4775
    vertex -0.430740728286133 0.0 2.50764761936219
  endloop
endfacet
facet normal 0.0 -1.0 0.0
  outer loop
    vertex -0.523503865335996 0.0 2.71254157321927
    vertex -0.430740728286133 0.0 2.50764761936219
    vertex -0.435 0.0 2.54
  endloop
endfacet
facet normal 0.0 -1.0 0.0
  outer loop
    vertex -0.523503865335996 0.0 2.71254157321927
    vertex -0.435 0.0 2.54
    vertex -0.430740728286133 0.0 2.57235238063782
  endloop
endfacet
facet normal 0.0 -1.0 0.0
  outer loop
    vertex -0.523503865335996 0.0 2.71254157321927
    vertex -0.430740728286133 0.0 2.57235238063782
    vertex -0.418253175473055 0.0 2.6025
  endloop
endfacet
facet normal 0.0 -1.0 0.0
  outer loop
    vertex -0.523503865335996 0.0 2.71254157321927
    vertex -0.418253175473055 0.0 2.6025
    vertex -0.398388347648318 0.0 2.62838834764832
  endloop
endfacet
facet normal 0.0 -1.0 0.0
  outer loop
    vertex -0.523503865335996 0.0 2.71254157321927
    vertex -0.398388347648318 0.0 2.62838834764832
    vertex -0.3725 0.0 2.64825317547305
  endloop
endfacet
facet normal 0.0 -1.0 0.0
  outer loop
    vertex -0.523503865335996 0.0 2.71254157321927
    vertex -0.3725 0.0 2.64825317547305
    vertex -0.342352380637815 0.0 2.66074072828613
  endloop
endfacet
facet normal 0.0 -1.0 0.0
  outer loop
    vertex -0.523503865335996 0.0 2.71254157321927
    vertex -0.342352380637815 0.0 2.66074072828613
    vertex -0.31 0.0 2.665
  endloop
endfacet
facet normal 0.0 -1.0 0.0
  outer loop
    vertex -0.523503865335996 0.0 2.71254157321927
    vertex -0.31 0.0 2.665
    vertex 0.83453799313896 0.0 2.67729396162085
  endloop
endfacet
facet normal 0.0 -1.0 0.0
  outer loop
    vertex -0.523503865335996 0.0 2.71254157321927
    vertex 0.83453799313896 0.0 2.67729396162085
    vertex 0.800163317026975 0.0 2.7086788381053
  endloop
endfacet
facet normal 0.0 -1.0 0.0
  outer loop
    vertex -0.523503865335996 0.0 2.71254157321927
    vertex 0.800163317026975 0.0 2.7086788381053
    vertex 0.763527259147266 0.0 2.73739169398525
  endloop
endfacet
facet normal 0.0 -1.0 0.0
  outer loop
    vertex -0.523503865335996 0.0 2.71254157321927
    vertex 0.763527259147266 0.0 2.73739169398525
    vertex -0.490366452387165 0.0 2.74509087868864
  endloop
endfacet
facet normal 0.0 -1.0 0.0
  outer loop
    vertex -0.490366452387165 0.0 2.74509087868864
    vertex 0.763527259147266 0.0 2.73739169398525
    vertex 0.724837017638018 0.0 2.76327014142138
  endloop
endfacet
facet normal 0.0 -1.0 0.0
  outer loop
    vertex -0.490366452387165 0.0 2.74509087868864
    vertex 0.724837017638018 0.0 2.76327014142138
    vertex -0.454845446357403 0.0 2.77502085620472
  endloop
endfacet
facet normal 0.0 -1.0 0.0
  outer loop
    vertex -0.454845446357403 0.0 2.77502085620472
    vertex 0.724837017638018 0.0 2.76327014142138
    vertex 0.684311408236258 0.0 2.78616782279667
  endloop
endfacet
facet normal 0.0 -1.0 0.0
  outer loop
    vertex -0.454845446357403 0.0 2.77502085620472
    vertex 0.684311408236258 0.0 2.78616782279667
    vertex -0.417147340458908 0.0 2.80215751471577
  endloop
endfacet
facet normal 0.0 -1.0 0.0
  outer loop
    vertex -0.417147340458908 0.0 2.80215751471577
    vertex 0.684311408236258 0.0 2.78616782279667
    vertex 0.642179626748056 0.0 2.80595523845356
  endloop
endfacet
facet normal 0.0 -1.0 0.0
  outer loop
    vertex -0.417147340458908 0.0 2.80215751471577
    vertex 0.642179626748056 0.0 2.80595523845356
    vertex -0.377491283974055 0.0 2.82634310148867
  endloop
endfacet
facet normal 0.0 -1.0 0.0
  outer loop
    vertex -0.377491283974055 0.0 2.82634310148867
    vertex 0.642179626748056 0.0 2.80595523845356
    vertex 0.598679952813419 0.0 2.82252047908956
  endloop
endfacet
facet normal 0.0 -1.0 0.0
  outer loop
    vertex -0.377491283974055 0.0 2.82634310148867
    vertex 0.598679952813419 0.0 2.82252047908956
    vertex 0.554058402296844 0.0 2.83576985866918
  endloop
endfacet
facet normal 0.0 -1.0 0.0
  outer loop
    vertex -0.377491283974055 0.0 2.82634310148867
    vertex 0.554058402296844 0.0 2.83576985866918
    vertex -0.336107808281366 0.0 2.84743701916823
  endloop
endfacet
facet normal 0.0 -1.0 0.0
  outer loop
    vertex -0.336107808281366 0.0 2.84743701916823
    vertex 0.554058402296844 0.0 2.83576985866918
    vertex 0.508567335925032 0.0 2.84562844427279
  endloop
endfacet
facet normal 0.0 -1.0 0.0
  outer loop
    vertex -0.336107808281366 0.0 2.84743701916823
    vertex 0.508567335925032 0.0 2.84562844427279
    vertex 0.462464032040739 0.0 2.85204047988566
  endloop
endfacet
facet normal 0.0 -1.0 0.0
  outer loop
    vertex -0.336107808281366 0.0 2.84743701916823
    vertex 0.462464032040739 0.0 2.85204047988566
    vertex -0.293237486714279 0.0 2.86531664310762
  endloop
endfacet
facet normal 0.0 -1.0 0.0
  outer loop
    vertex -0.293237486714279 0.0 2.86531664310762
    vertex 0.462464032040739 0.0 2.85204047988566
    vertex 0.336182647433332 0.0 2.86478519774309
  endloop
endfacet
facet normal 0.0 -1.0 0.0
  outer loop
    vertex -0.293237486714279 0.0 2.86531664310762
    vertex 0.336182647433332 0.0 2.86478519774309
    vertex -0.0191672297367478 0.0 2.90064823439954
  endloop
endfacet
facet normal 0.0 -1.0 0.0
  outer loop
    vertex -0.293237486714279 0.0 2.86531664310762
    vertex -0.0191672297367478 0.0 2.90064823439954
    vertex -0.249129536043312 0.0 2.8798780342186
  endloop
endfacet
facet normal 0.0 -1.0 0.0
  outer loop
    vertex -0.249129536043312 0.0 2.8798780342186
    vertex -0.0191672297367478 0.0 2.90064823439954
    vertex -0.204040367711591 0.0 2.89103654319754
  endloop
endfacet
facet normal 0.0 -1.0 0.0
  outer loop
    vertex -0.204040367711591 0.0 2.89103654319754
    vertex -0.0191672297367478 0.0 2.90064823439954
    vertex -0.158232097245806 0.0 2.89872730261472
  endloop
endfacet
facet normal 0.0 -1.0 0.0
  outer loop
    vertex -0.158232097245806 0.0 2.89872730261472
    vertex -0.0191672297367478 0.0 2.90064823439954
    vertex -0.111971020507784 0.0 2.90290560400623
  endloop
endfacet
facet normal 0.0 -1.0 0.0
  outer loop
    vertex -0.111971020507784 0.0 2.90290560400623
    vertex -0.0191672297367478 0.0 2.90064823439954
    vertex -0.0655260656446397 0.0 2.90354715777634
  endloop
endfacet
facet normal 0.0 -1.0 0.0
  outer loop
    vertex 0.621922389086887 0.0 -2.54455776574655
    vertex 0.537030206227613 0.0 -2.54513991736166
    vertex 0.579492309812288 0.0 -2.54718381196073
  endloop
endfacet
facet normal 0.0 -1.0 0.0
  outer loop
    vertex 0.537030206227613 0.0 -2.54513991736166
    vertex 0.621922389086887 0.0 -2.54455776574655
    vertex 0.495048510756382 0.0 -2.53845074765769
  endloop
endfacet
facet normal 0.0 -1.0 0.0
  outer loop
    vertex 0.495048510756382 0.0 -2.53845074765769
    vertex 0.621922389086887 0.0 -2.54455776574655
    vertex 0.663808398097081 0.0 -2.53729346982983
  endloop
endfacet
facet normal 0.0 -1.0 0.0
  outer loop
    vertex 0.495048510756382 0.0 -2.53845074765769
    vertex 0.663808398097081 0.0 -2.53729346982983
    vertex 0.454053858259746 0.0 -2.52719702771058
  endloop
endfacet
facet normal 0.0 -1.0 0.0
  outer loop
    vertex 0.454053858259746 0.0 -2.52719702771058
    vertex 0.663808398097081 0.0 -2.53729346982983
    vertex 0.704644856725385 0.0 -2.52547858969219
  endloop
endfacet
facet normal 0.0 -1.0 0.0
  outer loop
    vertex 0.454053858259746 0.0 -2.52719702771058
    vertex 0.704644856725385 0.0 -2.52547858969219
    vertex 0.414540971969876 0.0 -2.51151456734839
  endloop
endfacet
facet normal 0.0 -1.0 0.0
  outer loop
    vertex 0.414540971969876 0.0 -2.51151456734839
    vertex 0.704644856725385 0.0 -2.52547858969219
    vertex 0.743938950822326 0.0 -2.50925570723966
  endloop
endfacet
facet normal 0.0 -1.0 0.0
  outer loop
    vertex 0.414540971969876 0.0 -2.51151456734839
    vertex 0.743938950822326 0.0 -2.50925570723966
    vertex -2.28617206989249 0.0 -1.26380704332101
  endloop
endfacet
facet normal 0.0 -1.0 0.0
  outer loop
    vertex -2.28617206989249 0.0 -1.26380704332101
    vertex 0.743938950822326 0.0 -2.50925570723966
    vertex 0.781216479484786 0.0 -2.48882060012501
  endloop
endfacet
facet normal 0.0 -1.0 0.0
  outer loop
    vertex -2.28617206989249 0.0 -1.26380704332101
    vertex 0.781216479484786 0.0 -2.48882060012501
    vertex 0.816027577709793 0.0 -2.46441987910418
  endloop
endfacet
facet normal 0.0 -1.0 0.0
  outer loop
    vertex -2.28617206989249 0.0 -1.26380704332101
    vertex 0.816027577709793 0.0 -2.46441987910418
    vertex 0.604529402276165 0.0 -2.35807454175494
  endloop
endfacet
facet normal 0.0 -1.0 0.0
  outer loop
    vertex 0.604529402276165 0.0 -2.35807454175494
    vertex 0.816027577709793 0.0 -2.46441987910418
    vertex 0.847952145362807 0.0 -2.43634801193906
  endloop
endfacet
facet normal 0.0 -1.0 0.0
  outer loop
    vertex 0.604529402276165 0.0 -2.35807454175494
    vertex 0.847952145362807 0.0 -2.43634801193906
    vertex 0.87660491694374 0.0 -2.40494376976227
  endloop
endfacet
facet normal 0.0 -1.0 0.0
  outer loop
    vertex 0.604529402276165 0.0 -2.35807454175494
    vertex 0.87660491694374 0.0 -2.40494376976227
    vertex 0.63688178291398 0.0 -2.3623338134688
  endloop
endfacet
facet normal 0.0 -1.0 0.0
  outer loop
    vertex -2.28617206989249 0.0 -1.26380704332101
    vertex 0.604529402276165 0.0 -2.35807454175494
    vertex 0.57438178291398 0.0 -2.34558698894186
  endloop
endfacet
facet normal 0.0 -1.0 0.0
  outer loop
    vertex -2.28617206989249 0.0 -1.26380704332101
    vertex 0.57438178291398 0.0 -2.34558698894186
    vertex 0.548493435265661 0.0 -2.32572216111712
  endloop
endfacet
facet normal 0.0 -1.0 0.0
  outer loop
    vertex -2.28617206989249 0.0 -1.26380704332101
    vertex 0.548493435265661 0.0 -2.32572216111712
    vertex 0.528628607440925 0.0 -2.2998338134688
  endloop
endfacet
facet normal 0.0 -1.0 0.0
  outer loop
    vertex -2.28617206989249 0.0 -1.26380704332101
    vertex 0.528628607440925 0.0 -2.2998338134688
    vertex 0.516141054627846 0.0 -2.26968619410662
  endloop
endfacet
facet normal 0.0 -1.0 0.0
  outer loop
    vertex -2.28617206989249 0.0 -1.26380704332101
    vertex 0.516141054627846 0.0 -2.26968619410662
    vertex 0.51188178291398 0.0 -2.2373338134688
  endloop
endfacet
facet normal 0.0 -1.0 0.0
  outer loop
    vertex -2.28617206989249 0.0 -1.26380704332101
    vertex 0.51188178291398 0.0 -2.2373338134688
    vertex 0.516141054627846 0.0 -2.20498143283099
  endloop
endfacet
facet normal 0.0 -1.0 0.0
  outer loop
    vertex -2.28617206989249 0.0 -1.26380704332101
    vertex 0.516141054627846 0.0 -2.20498143283099
    vertex 0.528628607440925 0.0 -2.1748338134688
  endloop
endfacet
facet normal 0.0 -1.0 0.0
  outer loop
    vertex -2.28617206989249 0.0 -1.26380704332101
    vertex 0.528628607440925 0.0 -2.1748338134688
    vertex 0.548493435265661 0.0 -2.14894546582048
  endloop
endfacet
facet normal 0.0 -1.0 0.0
  outer loop
    vertex -2.28617206989249 0.0 -1.26380704332101
    vertex 0.548493435265661 0.0 -2.14894546582048
    vertex 0.57438178291398 0.0 -2.12908063799575
  endloop
endfacet
facet normal 0.0 -1.0 0.0
  outer loop
    vertex -2.28617206989249 0.0 -1.26380704332101
    vertex 0.57438178291398 0.0 -2.12908063799575
    vertex 0.604529402276165 0.0 -2.11659308518267
  endloop
endfacet
facet normal 0.0 -1.0 0.0
  outer loop
    vertex -2.28617206989249 0.0 -1.26380704332101
    vertex 0.604529402276165 0.0 -2.11659308518267
    vertex 0.63688178291398 0.0 -2.1123338134688
  endloop
endfacet
facet normal 0.452581020162155 -0.545941746169067 0.705065975621327
  outer loop
    vertex -0.5625 -1.25 -0.95575807755925
    vertex -0.29117142574033 -1.25 -1.08610567213749
    vertex -0.291171425740329 -1.25 -1.06718455816819
  endloop
endfacet
facet normal 0.254562558929191 -0.900703089260279 0.352039555431507
  outer loop
    vertex -0.29117142574033 -1.25 -1.08610567213749
    vertex -0.5625 -1.25 -0.95575807755925
    vertex -0.562499999999996 -1.27908814845274 -0.977547224213778
  endloop
endfacet
facet normal -0.968461636226317 -0.0457715368371015 0.244922488909072
  outer loop
    vertex 1.08666655457521 -1.25 -0.278495000436955
    vertex 0.974278579257498 -1.25 -0.5475023211306
    vertex 1.08666655457521 -1.45588928962875 -0.317716382508745
  endloop
endfacet
facet normal 1.0 0.0 -2.22777747391172e-016
  outer loop
    vertex -2.665 0.0630000000000002 -0.125
    vertex -2.66074072828613 0.0 -0.092647619362185
    vertex -2.665 0.0 -0.125
  endloop
endfacet
facet normal 0.965925826289068 0.0 -0.258819045102523
  outer loop
    vertex -2.66074072828613 0.0 -0.092647619362185
    vertex -2.665 0.0630000000000002 -0.125
    vertex -2.66074072828613 0.0630000000000002 -0.092647619362185
  endloop
endfacet
facet normal 0.965925826289068 0.0 -0.258819045102523
  outer loop
    vertex -2.66074072828613 0.0630000000000002 -0.092647619362185
    vertex -2.64825317547305 0.0 -0.0625
    vertex -2.66074072828613 0.0 -0.092647619362185
  endloop
endfacet
facet normal 0.866025403784436 0.0 -0.500000000000004
  outer loop
    vertex -2.64825317547305 0.0 -0.0625
    vertex -2.66074072828613 0.0630000000000002 -0.092647619362185
    vertex -2.64825317547305 0.0630000000000002 -0.0625
  endloop
endfacet
facet normal 0.866025403784436 0.0 -0.500000000000004
  outer loop
    vertex -2.64825317547305 0.0630000000000002 -0.0625
    vertex -2.62838834764832 0.0 -0.0366116523516817
    vertex -2.64825317547305 0.0 -0.0625
  endloop
endfacet
facet normal 0.707106781186549 0.0 -0.707106781186546
  outer loop
    vertex -2.62838834764832 0.0 -0.0366116523516817
    vertex -2.64825317547305 0.0630000000000002 -0.0625
    vertex -2.62838834764832 0.0630000000000002 -0.0366116523516817
  endloop
endfacet
facet normal 0.500000000000001 0.0 -0.866025403784438
  outer loop
    vertex -2.6025 0.0630000000000002 -0.0167468245269453
    vertex -2.62838834764832 0.0 -0.0366116523516817
    vertex -2.62838834764832 0.0630000000000002 -0.0366116523516817
  endloop
endfacet
facet normal 0.707106781186549 0.0 -0.707106781186546
  outer loop
    vertex -2.62838834764832 0.0 -0.0366116523516817
    vertex -2.6025 0.0630000000000002 -0.0167468245269453
    vertex -2.6025 0.0 -0.0167468245269453
  endloop
endfacet
facet normal 0.258819045102521 0.0 -0.965925826289068
  outer loop
    vertex -2.57235238063782 0.0630000000000002 -0.00425927171386631
    vertex -2.6025 0.0 -0.0167468245269453
    vertex -2.6025 0.0630000000000002 -0.0167468245269453
  endloop
endfacet
facet normal 0.500000000000001 0.0 -0.866025403784438
  outer loop
    vertex -2.6025 0.0 -0.0167468245269453
    vertex -2.57235238063782 0.0630000000000002 -0.00425927171386631
    vertex -2.57235238063782 0.0 -0.00425927171386631
  endloop
endfacet
facet normal -0.795795878678945 -0.184401155542191 0.57680597544782
  outer loop
    vertex 0.79549512883487 -1.25 -0.778504144339055
    vertex 0.974278579257494 -1.38566428712983 -0.579799659796349
    vertex 0.974278579257498 -1.25 -0.5475023211306
  endloop
endfacet
facet normal -0.374844978054308 -0.500671483954664 0.780268740615757
  outer loop
    vertex 0.562500000000008 -1.25 -0.955758077559234
    vertex 0.291171425740337 -1.25 -1.0671845581682
    vertex 0.291171425740344 -1.25 -1.08610567213749
  endloop
endfacet
facet normal 0.256147077833381 0.683516157276994 -0.683516157276996
  outer loop
    vertex -0.291171425740334 -2.7867785792575 0.450672907120005
    vertex 8.88178419700125e-015 -3.16535942096253 0.019727605150111
    vertex -0.291171425740332 -3.13216168341008 0.000560882437716792
  endloop
endfacet
facet normal 0.130526192220026 0.858616436401264 -0.495722430686906
  outer loop
    vertex 8.88178419700125e-015 -3.16535942096253 0.019727605150111
    vertex -0.291171425740334 -2.7867785792575 0.450672907120005
    vertex 0.0 -2.81388441846361 0.477778746326117
  endloop
endfacet
facet normal -0.795795878678945 -0.184401155542191 0.57680597544782
  outer loop
    vertex 0.79549512883487 -1.25 -0.778504144339055
    vertex 0.795495128834873 -1.32536071037126 -0.804855672137492
    vertex 0.974278579257494 -1.38566428712983 -0.579799659796349
  endloop
endfacet
facet normal -0.869467434285663 -0.110658582799565 0.481436453511258
  outer loop
    vertex 0.974278579257498 -1.25 -0.5475023211306
    vertex 0.974278579257494 -1.38566428712983 -0.579799659796349
    vertex 1.08666655457521 -1.45588928962875 -0.317716382508745
  endloop
endfacet
facet normal 0.496678616445389 0.814484050684662 -0.299876779938359
  outer loop
    vertex 0.53000000000001 -1.41293200766667 -1.04244817226202
    vertex 0.274348187808676 -1.33141151885842 -1.11824046411784
    vertex 0.274348187808683 -1.310645825623 -1.06985567213749
  endloop
endfacet
facet normal 0.254393879563211 0.890552293581925 -0.377094638568027
  outer loop
    vertex 0.274348187808683 -1.310645825623 -1.06985567213749
    vertex 0.274348187808676 -1.33141151885842 -1.11824046411784
    vertex 8.88178419700125e-015 -1.29560596820874 -1.11878058908061
  endloop
endfacet
facet normal 0.254393879563211 0.890552293581925 -0.377094638568027
  outer loop
    vertex 0.274348187808683 -1.310645825623 -1.06985567213749
    vertex 8.88178419700125e-015 -1.29560596820874 -1.11878058908061
    vertex 7.105427357601e-015 -1.27575791376234 -1.07920385994617
  endloop
endfacet
facet normal 0.922709232875506 -2.00530134702537e-016 -0.385496655713504
  outer loop
    vertex 0.917986928011506 -1.25 -0.515280363135948
    vertex 1.02388137586642 0.0629999999999984 -0.261815687637957
    vertex 1.02388137586642 -1.25 -0.261815687637957
  endloop
endfacet
facet normal 0.922709232875506 -2.00530134702537e-016 -0.385496655713504
  outer loop
    vertex 1.02388137586642 0.0629999999999984 -0.261815687637957
    vertex 0.917986928011506 -1.25 -0.515280363135948
    vertex 0.917986928011506 0.0629999999999988 -0.515280363135948
  endloop
endfacet
facet normal 0.00238995273178398 0.910410418939628 -0.413699356069248
  outer loop
    vertex 7.105427357601e-015 -1.27575791376234 -1.07920385994617
    vertex 8.88178419700125e-015 -1.29560596820874 -1.11878058908061
    vertex -0.274348187808672 -1.33141151885842 -1.11824046411784
  endloop
endfacet
facet normal -0.251694317780758 0.893336061222208 -0.37229108519661
  outer loop
    vertex -0.274348187808673 -1.310645825623 -1.06985567213749
    vertex 7.105427357601e-015 -1.27575791376234 -1.07920385994617
    vertex -0.274348187808672 -1.33141151885842 -1.11824046411784
  endloop
endfacet
facet normal 0.991298510290026 -1.78294368463014e-016 -0.131633063843302
  outer loop
    vertex 1.02388137586642 0.0629999999999984 -0.261815687637957
    vertex 1.06000000000001 -1.25 0.0101854133921844
    vertex 1.02388137586642 -1.25 -0.261815687637957
  endloop
endfacet
facet normal 0.991298510290026 -1.78294368463014e-016 -0.131633063843302
  outer loop
    vertex 1.06000000000001 -1.25 0.0101854133921844
    vertex 1.02388137586642 0.0629999999999984 -0.261815687637957
    vertex 1.06000000000001 0.0629999999999993 0.0101854133921839
  endloop
endfacet
facet normal -0.251694317780758 0.893336061222208 -0.37229108519661
  outer loop
    vertex -0.274348187808673 -1.310645825623 -1.06985567213749
    vertex -0.274348187808672 -1.33141151885842 -1.11824046411784
    vertex -0.529999999999992 -1.43638808170215 -1.11665689785313
  endloop
endfacet
facet normal -0.496499281721256 0.816785969655049 -0.293852246928518
  outer loop
    vertex -0.529999999999999 -1.41293200766667 -1.04244817226203
    vertex -0.274348187808673 -1.310645825623 -1.06985567213749
    vertex -0.529999999999992 -1.43638808170215 -1.11665689785313
  endloop
endfacet
facet normal 0.991298510290017 -1.65409720912857e-016 0.131633063843368
  outer loop
    vertex 1.06000000000001 -1.25 0.0101854133921844
    vertex 1.02388137586641 0.0629999999999988 0.282186514422293
    vertex 1.02388137586641 -1.25 0.282186514422293
  endloop
endfacet
facet normal 0.991298510290017 -1.65409720912857e-016 0.131633063843368
  outer loop
    vertex 1.02388137586641 0.0629999999999988 0.282186514422293
    vertex 1.06000000000001 -1.25 0.0101854133921844
    vertex 1.06000000000001 0.0629999999999993 0.0101854133921839
  endloop
endfacet
facet normal -0.708128160876285 0.672194772836662 -0.216121945079713
  outer loop
    vertex -0.749533188057729 -1.575645825623 -0.998849136143238
    vertex -0.917986928011505 -1.82101196856308 -1.11085486552006
    vertex -0.917986928011498 -1.78769860169554 -0.942029766041822
  endloop
endfacet
facet normal -0.708128160876285 0.672194772836662 -0.216121945079713
  outer loop
    vertex -0.749533188057729 -1.575645825623 -0.998849136143238
    vertex -0.749533188057738 -1.60338167746411 -1.11413780771045
    vertex -0.917986928011505 -1.82101196856308 -1.11085486552006
  endloop
endfacet
facet normal 0.922709232875533 -1.70725575456813e-016 0.385496655713438
  outer loop
    vertex 1.02388137586641 0.0629999999999988 0.282186514422293
    vertex 0.917986928011509 -1.25 0.535651189920293
    vertex 1.02388137586641 -1.25 0.282186514422293
  endloop
endfacet
facet normal 0.922709232875533 -1.70725575456813e-016 0.385496655713438
  outer loop
    vertex 0.917986928011509 -1.25 0.535651189920293
    vertex 1.02388137586641 0.0629999999999988 0.282186514422293
    vertex 0.917986928011509 0.0629999999999988 0.535651189920293
  endloop
endfacet
facet normal -0.708128160876285 0.672194772836662 -0.216121945079713
  outer loop
    vertex -0.749533188057729 -1.575645825623 -0.998849136143238
    vertex -0.529999999999999 -1.41293200766667 -1.04244817226203
    vertex -0.749533188057738 -1.60338167746411 -1.11413780771045
  endloop
endfacet
facet normal -0.496499281721256 0.816785969655049 -0.293852246928518
  outer loop
    vertex -0.529999999999999 -1.41293200766667 -1.04244817226203
    vertex -0.529999999999992 -1.43638808170215 -1.11665689785313
    vertex -0.749533188057738 -1.60338167746411 -1.11413780771045
  endloop
endfacet
facet normal 0.705796197443492 0.673705357130422 -0.219026983378939
  outer loop
    vertex 0.749533188057737 -1.575645825623 -0.99884913614324
    vertex 0.917986928011513 -1.82101196856308 -1.11085486552004
    vertex 0.749533188057744 -1.60338167746411 -1.11413780771046
  endloop
endfacet
facet normal 0.705796197443492 0.673705357130422 -0.219026983378939
  outer loop
    vertex 0.749533188057737 -1.575645825623 -0.99884913614324
    vertex 0.917986928011506 -1.78769860169555 -0.942029766041823
    vertex 0.917986928011513 -1.82101196856308 -1.11085486552004
  endloop
endfacet
facet normal 0.705796197443492 0.673705357130422 -0.219026983378939
  outer loop
    vertex 0.749533188057737 -1.575645825623 -0.99884913614324
    vertex 0.749533188057744 -1.60338167746411 -1.11413780771046
    vertex 0.529999999999999 -1.43638808170215 -1.11665689785313
  endloop
endfacet
facet normal 0.922785680952914 -4.62329692537755e-005 -0.385313618875299
  outer loop
    vertex -1.08669254967224 0.0 0.29850360195954
    vertex -0.974278579257488 -1.25 0.56787314791494
    vertex -1.0866665545752 -1.25 0.298865827221318
  endloop
endfacet
facet normal 0.922785680952914 -4.62329692537755e-005 -0.385313618875299
  outer loop
    vertex -0.974278579257488 -1.25 0.56787314791494
    vertex -1.08669254967224 0.0 0.29850360195954
    vertex -0.974278579257488 0.0 0.567873147914941
  endloop
endfacet
facet normal 0.705796197443492 0.673705357130422 -0.219026983378939
  outer loop
    vertex 0.749533188057737 -1.575645825623 -0.99884913614324
    vertex 0.529999999999999 -1.43638808170215 -1.11665689785313
    vertex 0.53000000000001 -1.41293200766667 -1.04244817226202
  endloop
endfacet
facet normal 0.496678616445389 0.814484050684662 -0.299876779938359
  outer loop
    vertex 0.53000000000001 -1.41293200766667 -1.04244817226202
    vertex 0.529999999999999 -1.43638808170215 -1.11665689785313
    vertex 0.274348187808676 -1.33141151885842 -1.11824046411784
  endloop
endfacet
facet normal 0.790817609882249 -1.78806119373746e-016 0.61205188334007
  outer loop
    vertex 0.917986928011509 0.0629999999999988 0.535651189920293
    vertex 0.749533188057741 -1.25 0.753306241121153
    vertex 0.917986928011509 -1.25 0.535651189920293
  endloop
endfacet
facet normal 0.790817609882249 -1.78806119373746e-016 0.61205188334007
  outer loop
    vertex 0.749533188057741 -1.25 0.753306241121153
    vertex 0.917986928011509 0.0629999999999988 0.535651189920293
    vertex 0.749533188057741 0.0629999999999993 0.753306241121153
  endloop
endfacet
facet normal 0.868925779335949 0.474093509940404 -0.1421384319521
  outer loop
    vertex 0.917986928011506 -1.78769860169555 -0.942029766041823
    vertex 1.02388137586641 -2.03463928962875 -0.87586220813175
    vertex 1.02388137586642 -2.07444781031173 -1.10703179836686
  endloop
endfacet
facet normal -0.868925779335949 0.4740935099404 -0.142138431952112
  outer loop
    vertex -0.917986928011498 -1.78769860169554 -0.942029766041822
    vertex -0.917986928011505 -1.82101196856308 -1.11085486552006
    vertex -1.02388137586641 -2.07444781031173 -1.10703179836685
  endloop
endfacet
facet normal 0.605467813125928 -1.63625216385596e-016 -0.795869792911194
  outer loop
    vertex 0.749533188057737 0.0629999999999984 -0.732935414336812
    vertex 0.530000000000006 -1.25 -0.899948009193153
    vertex 0.530000000000006 0.0629999999999993 -0.899948009193153
  endloop
endfacet
facet normal 0.605467813125928 -1.63625216385596e-016 -0.795869792911194
  outer loop
    vertex 0.530000000000006 -1.25 -0.899948009193153
    vertex 0.749533188057737 0.0629999999999984 -0.732935414336812
    vertex 0.749533188057737 -1.25 -0.732935414336812
  endloop
endfacet
facet normal 0.868925779335949 0.474093509940404 -0.1421384319521
  outer loop
    vertex 0.917986928011506 -1.78769860169555 -0.942029766041823
    vertex 1.02388137586642 -2.07444781031173 -1.10703179836686
    vertex 0.917986928011513 -1.82101196856308 -1.11085486552004
  endloop
endfacet
facet normal -0.868925779335949 0.4740935099404 -0.142138431952112
  outer loop
    vertex -0.917986928011498 -1.78769860169554 -0.942029766041822
    vertex -1.02388137586641 -2.07444781031173 -1.10703179836685
    vertex -1.02388137586641 -2.03463928962875 -0.875862208131744
  endloop
endfacet
facet normal 0.605467813125947 -1.46978099732596e-016 0.795869792911179
  outer loop
    vertex 0.749533188057741 -1.25 0.753306241121153
    vertex 0.530000000000003 0.0629999999999988 0.920318835977507
    vertex 0.530000000000003 -1.25 0.920318835977507
  endloop
endfacet
facet normal 0.605467813125947 -1.46978099732596e-016 0.795869792911179
  outer loop
    vertex 0.530000000000003 0.0629999999999988 0.920318835977507
    vertex 0.749533188057741 -1.25 0.753306241121153
    vertex 0.749533188057741 0.0629999999999993 0.753306241121153
  endloop
endfacet
facet normal -0.968126011108608 0.240711202812194 -0.0692108622662823
  outer loop
    vertex -1.02388137586641 -2.03463928962875 -0.875862208131744
    vertex -1.02388137586641 -2.07444781031173 -1.10703179836685
    vertex -1.05999999999999 -2.34641796891741 -1.10292914195947
  endloop
endfacet
facet normal -0.968126011108608 0.240711202812194 -0.0692108622662823
  outer loop
    vertex -1.02388137586641 -2.03463928962875 -0.875862208131744
    vertex -1.05999999999999 -2.34641796891741 -1.10292914195947
    vertex -1.06 -2.29963928962875 -0.804855672137491
  endloop
endfacet
facet normal 0.379883727958472 -7.20990821195273e-017 0.925034244356593
  outer loop
    vertex 0.530000000000003 -1.25 0.920318835977507
    vertex 0.274348187808676 0.0629999999999988 1.02530734215128
    vertex 0.274348187808676 -1.25 1.02530734215128
  endloop
endfacet
facet normal 0.379883727958472 -7.20990821195273e-017 0.925034244356593
  outer loop
    vertex 0.274348187808676 0.0629999999999988 1.02530734215128
    vertex 0.530000000000003 -1.25 0.920318835977507
    vertex 0.530000000000003 0.0629999999999988 0.920318835977507
  endloop
endfacet
facet normal -0.999949729095227 -0.00967843605184119 0.00262052627789692
  outer loop
    vertex -1.06 -2.29963928962875 -0.804855672137491
    vertex -1.05999999999999 -2.34641796891741 -1.10292914195947
    vertex -1.0238813758664 -2.61838812752311 -1.09882648555207
  endloop
endfacet
facet normal -0.999949729095227 -0.00967843605184119 0.00262052627789692
  outer loop
    vertex -1.06 -2.29963928962875 -0.804855672137491
    vertex -1.0238813758664 -2.61838812752311 -1.09882648555207
    vertex -1.02388137586642 -2.56463928962875 -0.733849136143249
  endloop
endfacet
facet normal -0.379044256781536 -1.67642711240832e-016 -0.925378544921446
  outer loop
    vertex 0.562500000000004 -1.25 0.976128904343599
    vertex 0.291316592797278 -1.25 1.0872083254073
    vertex 0.549488153348236 0.0 0.981458686161583
  endloop
endfacet
facet normal 0.129428307995557 -2.42525196676965e-017 0.991588782252708
  outer loop
    vertex 0.274348187808676 -1.25 1.02530734215128
    vertex 7.105427357601e-015 0.0629999999999993 1.06111696644841
    vertex 7.105427357601e-015 -1.25 1.06111696644841
  endloop
endfacet
facet normal 0.129428307995557 -2.42525196676965e-017 0.991588782252708
  outer loop
    vertex 7.105427357601e-015 0.0629999999999993 1.06111696644841
    vertex 0.274348187808676 -1.25 1.02530734215128
    vertex 0.274348187808676 0.0629999999999988 1.02530734215128
  endloop
endfacet
facet normal -0.963233306810009 -0.259067199498267 0.0711743127538258
  outer loop
    vertex -1.02388137586642 -2.56463928962875 -0.733849136143249
    vertex -1.0238813758664 -2.61838812752311 -1.09882648555207
    vertex -0.917986928011505 -2.87182396927175 -1.09500341839889
  endloop
endfacet
facet normal -0.963233306810009 -0.259067199498267 0.0711743127538258
  outer loop
    vertex -1.02388137586642 -2.56463928962875 -0.733849136143249
    vertex -0.917986928011505 -2.87182396927175 -1.09500341839889
    vertex -0.917986928011501 -2.81157997756196 -0.667681578233164
  endloop
endfacet
facet normal -0.379883720168881 0.000202509791289088 -0.92503422538868
  outer loop
    vertex 0.549488153348236 0.0 0.981458686161583
    vertex 0.291316592797278 -1.25 1.0872083254073
    vertex 0.291178391105604 0.0 1.08753873243818
  endloop
endfacet
facet normal -0.129428307995548 2.21080698328945e-017 0.991588782252709
  outer loop
    vertex 7.105427357601e-015 -1.25 1.06111696644841
    vertex -0.274348187808672 0.0629999999999993 1.02530734215128
    vertex -0.274348187808672 -1.25 1.02530734215128
  endloop
endfacet
facet normal -0.129428307995548 2.21080698328945e-017 0.991588782252709
  outer loop
    vertex -0.274348187808672 0.0629999999999993 1.02530734215128
    vertex 7.105427357601e-015 -1.25 1.06111696644841
    vertex 7.105427357601e-015 0.0629999999999993 1.06111696644841
  endloop
endfacet
facet normal -0.861293678445933 -0.490301713493537 0.133332026214166
  outer loop
    vertex -0.917986928011501 -2.81157997756196 -0.667681578233164
    vertex -0.917986928011505 -2.87182396927175 -1.09500341839889
    vertex -0.749533188057736 -3.08945426037072 -1.09172047620848
  endloop
endfacet
facet normal -0.861293678445933 -0.490301713493537 0.133332026214166
  outer loop
    vertex -0.917986928011501 -2.81157997756196 -0.667681578233164
    vertex -0.749533188057736 -3.08945426037072 -1.09172047620848
    vertex -0.749533188057738 -3.0236327536345 -0.61086220813174
  endloop
endfacet
facet normal -0.379883727958463 7.69056875941607e-017 0.925034244356597
  outer loop
    vertex -0.274348187808672 -1.25 1.02530734215128
    vertex -0.52999999999999 0.0629999999999988 0.920318835977515
    vertex -0.52999999999999 -1.25 0.920318835977515
  endloop
endfacet
facet normal -0.379883727958463 7.69056875941607e-017 0.925034244356597
  outer loop
    vertex -0.52999999999999 0.0629999999999988 0.920318835977515
    vertex -0.274348187808672 -1.25 1.02530734215128
    vertex -0.274348187808672 0.0629999999999993 1.02530734215128
  endloop
endfacet
facet normal -0.495234034882413 -0.8389286371955 0.225703328259436
  outer loop
    vertex -0.529999999999998 -3.18634657159083 -0.567263172012959
    vertex -0.749533188057738 -3.0236327536345 -0.61086220813174
    vertex -0.529999999999992 -3.25644785613268 -1.08920138606581
  endloop
endfacet
facet normal -0.701604348853103 -0.687910869134816 0.185822425440511
  outer loop
    vertex -0.749533188057738 -3.0236327536345 -0.61086220813174
    vertex -0.749533188057736 -3.08945426037072 -1.09172047620848
    vertex -0.529999999999992 -3.25644785613268 -1.08920138606581
  endloop
endfacet
facet normal 0.999908197707223 0.0014387695558271 -0.0134731622145075
  outer loop
    vertex -1.125 -1.25 0.0101854133921773
    vertex -1.0866665545752 -1.25 0.298865827221318
    vertex -1.08666655457519 -1.60661071037126 0.244783617491257
  endloop
endfacet
facet normal 0.961558597051207 0.0397570597277878 -0.271706534037582
  outer loop
    vertex -1.0866665545752 -1.25 0.298865827221318
    vertex -1.125 -1.25 0.0101854133921773
    vertex -1.0872083254073 -1.25 0.291316592797276
  endloop
endfacet
facet normal -0.605467813125942 1.55747578203023e-016 0.795869792911183
  outer loop
    vertex -0.52999999999999 -1.25 0.920318835977515
    vertex -0.749533188057736 0.0629999999999997 0.753306241121156
    vertex -0.749533188057736 -1.25 0.753306241121156
  endloop
endfacet
facet normal -0.605467813125942 1.55747578203023e-016 0.795869792911183
  outer loop
    vertex -0.749533188057736 0.0629999999999997 0.753306241121156
    vertex -0.52999999999999 -1.25 0.920318835977515
    vertex -0.52999999999999 0.0629999999999988 0.920318835977515
  endloop
endfacet
facet normal -0.25604928245931 -0.933590058920357 0.250695765495066
  outer loop
    vertex -0.274348187808668 -3.2886327536345 -0.539855672137497
    vertex -0.529999999999998 -3.18634657159083 -0.567263172012959
    vertex -0.274348187808666 -3.36142441897641 -1.0876178198011
  endloop
endfacet
facet normal -0.495234034882413 -0.8389286371955 0.225703328259436
  outer loop
    vertex -0.529999999999998 -3.18634657159083 -0.567263172012959
    vertex -0.529999999999992 -3.25644785613268 -1.08920138606581
    vertex -0.274348187808666 -3.36142441897641 -1.0876178198011
  endloop
endfacet
facet normal -0.790817609882264 1.79630244853299e-016 0.612051883340051
  outer loop
    vertex -0.749533188057736 -1.25 0.753306241121156
    vertex -0.917986928011501 0.0629999999999993 0.53565118992029
    vertex -0.917986928011501 -1.25 0.53565118992029
  endloop
endfacet
facet normal -0.790817609882264 1.79630244853299e-016 0.612051883340051
  outer loop
    vertex -0.917986928011501 0.0629999999999993 0.53565118992029
    vertex -0.749533188057736 -1.25 0.753306241121156
    vertex -0.749533188057736 0.0629999999999997 0.753306241121156
  endloop
endfacet
facet normal -0.922709232875517 1.82919637741101e-016 0.385496655713477
  outer loop
    vertex -0.917986928011501 0.0629999999999993 0.53565118992029
    vertex -1.02388137586641 -1.25 0.2821865144223
    vertex -0.917986928011501 -1.25 0.53565118992029
  endloop
endfacet
facet normal -0.922709232875517 1.82919637741101e-016 0.385496655713477
  outer loop
    vertex -1.02388137586641 -1.25 0.2821865144223
    vertex -0.917986928011501 0.0629999999999993 0.53565118992029
    vertex -1.02388137586641 0.0629999999999993 0.2821865144223
  endloop
endfacet
facet normal -0.961558597051206 0.039757059727776 -0.271706534037588
  outer loop
    vertex 1.0866665545752 -1.25 0.298865827221312
    vertex 1.12500000000001 -1.25 0.0101854133921826
    vertex 1.0866665545752 -1.60661071037126 0.244783617491252
  endloop
endfacet
facet normal -0.999908197707223 0.00143876955582811 -0.0134731622145294
  outer loop
    vertex 1.12500000000001 -1.25 0.0101854133921826
    vertex 1.0866665545752 -1.25 0.298865827221312
    vertex 1.0872083254073 -1.25 0.291316592797279
  endloop
endfacet
facet normal 0.922709232875523 -1.8916575254534e-016 0.385496655713462
  outer loop
    vertex -0.97427857925749 0.0 -0.547502321130599
    vertex -1.0866665545752 -1.25 -0.278495000436969
    vertex -0.97427857925749 -1.25 -0.547502321130599
  endloop
endfacet
facet normal 0.922709232875523 -1.8916575254534e-016 0.385496655713462
  outer loop
    vertex -1.0866665545752 -1.25 -0.278495000436969
    vertex -0.97427857925749 0.0 -0.547502321130599
    vertex -1.0866665545752 0.0 -0.278495000436969
  endloop
endfacet
facet normal 0.255870551290502 -0.933581112602501 0.250911472783074
  outer loop
    vertex 0.274348187808676 -3.2886327536345 -0.539855672137494
    vertex 0.530000000000003 -3.25644785613268 -1.08920138606582
    vertex 0.529999999999999 -3.18634657159083 -0.56726317201296
  endloop
endfacet
facet normal 0.255870551290502 -0.933581112602501 0.250911472783074
  outer loop
    vertex 0.274348187808676 -3.2886327536345 -0.539855672137494
    vertex 0.27434818780868 -3.36142441897641 -1.08761781980109
    vertex 0.530000000000003 -3.25644785613268 -1.08920138606582
  endloop
endfacet
facet normal 0.991298510290023 -2.54781891566172e-016 0.131633063843324
  outer loop
    vertex -1.0866665545752 0.0 -0.278495000436969
    vertex -1.125 -1.25 0.0101854133921773
    vertex -1.0866665545752 -1.25 -0.278495000436969
  endloop
endfacet
facet normal 0.991298510290023 -2.54781891566172e-016 0.131633063843324
  outer loop
    vertex -1.125 -1.25 0.0101854133921773
    vertex -1.0866665545752 0.0 -0.278495000436969
    vertex -1.125 0.0 0.0101854133921768
  endloop
endfacet
facet normal 0.495158924394524 -0.838826178856388 0.226248273490981
  outer loop
    vertex 0.529999999999999 -3.18634657159083 -0.56726317201296
    vertex 0.749533188057741 -3.08945426037072 -1.09172047620849
    vertex 0.749533188057741 -3.0236327536345 -0.610862208131743
  endloop
endfacet
facet normal 0.495158924394524 -0.838826178856388 0.226248273490981
  outer loop
    vertex 0.529999999999999 -3.18634657159083 -0.56726317201296
    vertex 0.530000000000003 -3.25644785613268 -1.08920138606582
    vertex 0.749533188057741 -3.08945426037072 -1.09172047620849
  endloop
endfacet
facet normal -0.129002226357201 0.98313209097637 -0.129652293798901
  outer loop
    vertex 1.77635683940025e-015 -3.4616665545752 -1.08610567213749
    vertex 0.29117142574034 -3.3492785792575 -0.523605672137494
    vertex 0.291171425740344 -3.42366538053663 -1.08667891797063
  endloop
endfacet
facet normal -0.25604466443632 0.933686576400579 -0.250340781462107
  outer loop
    vertex 0.29117142574034 -3.3492785792575 -0.523605672137494
    vertex 1.77635683940025e-015 -3.4616665545752 -1.08610567213749
    vertex 1.77635683940025e-015 -3.38630584420395 -0.513684246397162
  endloop
endfacet
facet normal 0.861293678445929 -0.490301713493543 0.133332026214169
  outer loop
    vertex 0.917986928011506 -2.81157997756196 -0.667681578233161
    vertex 0.749533188057741 -3.08945426037072 -1.09172047620849
    vertex 0.917986928011513 -2.87182396927175 -1.09500341839889
  endloop
endfacet
facet normal 0.861293678445929 -0.490301713493543 0.133332026214169
  outer loop
    vertex 0.917986928011506 -2.81157997756196 -0.667681578233161
    vertex 0.749533188057741 -3.0236327536345 -0.610862208131743
    vertex 0.749533188057741 -3.08945426037072 -1.09172047620849
  endloop
endfacet
facet normal 0.963233306810006 -0.259067199498277 0.0711743127538296
  outer loop
    vertex 1.02388137586642 -2.56463928962875 -0.733849136143248
    vertex 0.917986928011513 -2.87182396927175 -1.09500341839889
    vertex 1.02388137586641 -2.61838812752311 -1.09882648555207
  endloop
endfacet
facet normal 0.963233306810006 -0.259067199498277 0.0711743127538296
  outer loop
    vertex 1.02388137586642 -2.56463928962875 -0.733849136143248
    vertex 0.917986928011506 -2.81157997756196 -0.667681578233161
    vertex 0.917986928011513 -2.87182396927175 -1.09500341839889
  endloop
endfacet
facet normal 0.255865862394249 0.933678126564348 -0.25055501678581
  outer loop
    vertex -0.291171425740329 -3.3492785792575 -0.523605672137492
    vertex 1.77635683940025e-015 -3.4616665545752 -1.08610567213749
    vertex -0.29117142574033 -3.42366538053663 -1.08667891797063
  endloop
endfacet
facet normal 0.129002226357191 0.983132090976371 -0.129652293798901
  outer loop
    vertex 1.77635683940025e-015 -3.4616665545752 -1.08610567213749
    vertex -0.291171425740329 -3.3492785792575 -0.523605672137492
    vertex 1.77635683940025e-015 -3.38630584420395 -0.513684246397162
  endloop
endfacet
facet normal 0.790817609882255 -7.02387135016249e-017 -0.612051883340063
  outer loop
    vertex -0.974278579257488 0.0 0.567873147914941
    vertex -0.79549512883486 -1.25 0.798874971123399
    vertex -0.974278579257488 -1.25 0.56787314791494
  endloop
endfacet
facet normal 0.790817609882255 -7.02387135016249e-017 -0.612051883340063
  outer loop
    vertex -0.79549512883486 -1.25 0.798874971123399
    vertex -0.974278579257488 0.0 0.567873147914941
    vertex -0.79549512883486 0.0 0.798874971123399
  endloop
endfacet
facet normal -0.968109361932625 -0.2407359648607 0.0693574693958392
  outer loop
    vertex 1.08666655457521 -2.01838928962875 -0.880216382508742
    vertex 1.0866665545752 -2.05777039492553 -1.10728337635411
    vertex 1.125 -2.34641796891741 -1.10292914195947
  endloop
endfacet
facet normal -0.968109361932625 -0.2407359648607 0.0693574693958392
  outer loop
    vertex 1.08666655457521 -2.01838928962875 -0.880216382508742
    vertex 1.125 -2.34641796891741 -1.10292914195947
    vertex 1.125 -2.29963928962875 -0.804855672137496
  endloop
endfacet
facet normal -0.999949660176154 0.00968644811765326 -0.0026172192223461
  outer loop
    vertex 1.125 -2.29963928962875 -0.804855672137496
    vertex 1.125 -2.34641796891741 -1.10292914195947
    vertex 1.0866665545752 -2.6350655429093 -1.09857490756482
  endloop
endfacet
facet normal -0.999949660176154 0.00968644811765326 -0.0026172192223461
  outer loop
    vertex 1.125 -2.29963928962875 -0.804855672137496
    vertex 1.0866665545752 -2.6350655429093 -1.09857490756482
    vertex 1.08666655457521 -2.58088928962875 -0.729494961766241
  endloop
endfacet
facet normal 0.255870551290502 -0.933581112602501 0.250911472783074
  outer loop
    vertex 0.274348187808676 -3.2886327536345 -0.539855672137494
    vertex 1.77635683940025e-015 -3.39722996962609 -1.08707769483832
    vertex 0.27434818780868 -3.36142441897641 -1.08761781980109
  endloop
endfacet
facet normal -3.38232248723019e-015 -0.991315333405646 0.131506310703528
  outer loop
    vertex 1.77635683940025e-015 -3.39722996962609 -1.08707769483832
    vertex 0.274348187808676 -3.2886327536345 -0.539855672137494
    vertex 0.0 -3.32352066549517 -0.530507484328824
  endloop
endfacet
facet normal -0.963226158958653 0.259110798466126 -0.0711123112829702
  outer loop
    vertex 1.08666655457521 -2.58088928962875 -0.729494961766241
    vertex 1.0866665545752 -2.6350655429093 -1.09857490756482
    vertex 0.974278579257502 -2.90404226174631 -1.09451740704848
  endloop
endfacet
facet normal -0.963226158958653 0.259110798466126 -0.0711123112829702
  outer loop
    vertex 1.08666655457521 -2.58088928962875 -0.729494961766241
    vertex 0.974278579257502 -2.90404226174631 -1.09451740704848
    vertex 0.974278579257498 -2.84297256691635 -0.659269959267327
  endloop
endfacet
facet normal -0.86127956926736 0.490370023497417 -0.133171857454097
  outer loop
    vertex 0.974278579257498 -2.84297256691635 -0.659269959267327
    vertex 0.974278579257502 -2.90404226174631 -1.09451740704848
    vertex 0.795495128834866 -3.13501780654474 -1.09103315236526
  endloop
endfacet
facet normal -0.86127956926736 0.490370023497417 -0.133171857454097
  outer loop
    vertex 0.974278579257498 -2.84297256691635 -0.659269959267327
    vertex 0.795495128834866 -3.13501780654474 -1.09103315236526
    vertex 0.795495128834866 -3.0680285792575 -0.598966382508746
  endloop
endfacet
facet normal -0.701588199418512 0.687994493200678 -0.185573639728901
  outer loop
    vertex 0.795495128834866 -3.0680285792575 -0.598966382508746
    vertex 0.795495128834866 -3.13501780654474 -1.09103315236526
    vertex 0.562500000000001 -3.31225157563172 -1.08835958971384
  endloop
endfacet
facet normal -0.495220499579924 0.839021113726347 -0.225389058113323
  outer loop
    vertex 0.562500000000008 -3.24072013133378 -0.552693820590226
    vertex 0.795495128834866 -3.0680285792575 -0.598966382508746
    vertex 0.562500000000001 -3.31225157563172 -1.08835958971384
  endloop
endfacet
facet normal -3.38232248723019e-015 -0.991315333405646 0.131506310703528
  outer loop
    vertex 1.77635683940025e-015 -3.39722996962609 -1.08707769483832
    vertex -0.274348187808668 -3.2886327536345 -0.539855672137497
    vertex -0.274348187808666 -3.36142441897641 -1.0876178198011
  endloop
endfacet
facet normal -0.25604928245931 -0.933590058920357 0.250695765495066
  outer loop
    vertex -0.274348187808668 -3.2886327536345 -0.539855672137497
    vertex 1.77635683940025e-015 -3.39722996962609 -1.08707769483832
    vertex 0.0 -3.32352066549517 -0.530507484328824
  endloop
endfacet
facet normal -0.495220499579924 0.839021113726347 -0.225389058113323
  outer loop
    vertex 0.562500000000008 -3.24072013133378 -0.552693820590226
    vertex 0.562500000000001 -3.31225157563172 -1.08835958971384
    vertex 0.291171425740344 -3.42366538053663 -1.08667891797063
  endloop
endfacet
facet normal -0.25604466443632 0.933686576400579 -0.250340781462107
  outer loop
    vertex 0.29117142574034 -3.3492785792575 -0.523605672137494
    vertex 0.562500000000008 -3.24072013133378 -0.552693820590226
    vertex 0.291171425740344 -3.42366538053663 -1.08667891797063
  endloop
endfacet
facet normal 0.255865862394249 0.933678126564348 -0.25055501678581
  outer loop
    vertex -0.291171425740329 -3.3492785792575 -0.523605672137492
    vertex -0.29117142574033 -3.42366538053663 -1.08667891797063
    vertex -0.562500000000002 -3.31225157563172 -1.08835958971385
  endloop
endfacet
facet normal 0.255865862394249 0.933678126564348 -0.25055501678581
  outer loop
    vertex -0.291171425740329 -3.3492785792575 -0.523605672137492
    vertex -0.562500000000002 -3.31225157563172 -1.08835958971385
    vertex -0.562499999999996 -3.24072013133378 -0.552693820590231
  endloop
endfacet
facet normal 0.495145065131608 0.838919779216931 -0.225931335839968
  outer loop
    vertex -0.562499999999996 -3.24072013133378 -0.552693820590231
    vertex -0.562500000000002 -3.31225157563172 -1.08835958971385
    vertex -0.79549512883486 -3.13501780654474 -1.09103315236526
  endloop
endfacet
facet normal 0.495145065131608 0.838919779216931 -0.225931335839968
  outer loop
    vertex -0.562499999999996 -3.24072013133378 -0.552693820590231
    vertex -0.79549512883486 -3.13501780654474 -1.09103315236526
    vertex -0.79549512883486 -3.0680285792575 -0.598966382508751
  endloop
endfacet
facet normal 0.86127956926736 0.490370023497417 -0.133171857454096
  outer loop
    vertex -0.974278579257488 -2.84297256691635 -0.659269959267331
    vertex -0.79549512883486 -3.13501780654474 -1.09103315236526
    vertex -0.974278579257499 -2.90404226174631 -1.09451740704849
  endloop
endfacet
facet normal 0.86127956926736 0.490370023497417 -0.133171857454096
  outer loop
    vertex -0.974278579257488 -2.84297256691635 -0.659269959267331
    vertex -0.79549512883486 -3.0680285792575 -0.598966382508751
    vertex -0.79549512883486 -3.13501780654474 -1.09103315236526
  endloop
endfacet
facet normal 0.963226158958652 0.25911079846613 -0.071112311282966
  outer loop
    vertex -1.0866665545752 -2.58088928962875 -0.729494961766246
    vertex -0.974278579257499 -2.90404226174631 -1.09451740704849
    vertex -1.0866665545752 -2.63506554290931 -1.09857490756483
  endloop
endfacet
facet normal 0.963226158958652 0.25911079846613 -0.071112311282966
  outer loop
    vertex -1.0866665545752 -2.58088928962875 -0.729494961766246
    vertex -0.974278579257488 -2.84297256691635 -0.659269959267331
    vertex -0.974278579257499 -2.90404226174631 -1.09451740704849
  endloop
endfacet
facet normal 0.999949660176154 0.00968644811766389 -0.002617219222336
  outer loop
    vertex -1.12499999999999 -2.29963928962875 -0.804855672137491
    vertex -1.0866665545752 -2.63506554290931 -1.09857490756483
    vertex -1.12499999999999 -2.34641796891741 -1.10292914195948
  endloop
endfacet
facet normal 0.999949660176154 0.00968644811766389 -0.002617219222336
  outer loop
    vertex -1.12499999999999 -2.29963928962875 -0.804855672137491
    vertex -1.0866665545752 -2.58088928962875 -0.729494961766246
    vertex -1.0866665545752 -2.63506554290931 -1.09857490756483
  endloop
endfacet
facet normal 0.968109361932624 -0.240735964860699 0.0693574693958526
  outer loop
    vertex -1.08666655457521 -2.01838928962875 -0.880216382508749
    vertex -1.12499999999999 -2.34641796891741 -1.10292914195948
    vertex -1.08666655457519 -2.05777039492553 -1.1072833763541
  endloop
endfacet
facet normal 0.968109361932624 -0.240735964860699 0.0693574693958526
  outer loop
    vertex -1.08666655457521 -2.01838928962875 -0.880216382508749
    vertex -1.12499999999999 -2.29963928962875 -0.804855672137491
    vertex -1.12499999999999 -2.34641796891741 -1.10292914195948
  endloop
endfacet
facet normal 0.868780826587618 -0.474047044357739 0.143175679112853
  outer loop
    vertex -0.974278579257488 -1.75630601234115 -0.95044138500767
    vertex -1.08666655457519 -2.05777039492553 -1.1072833763541
    vertex -0.974278579257495 -1.78879367608852 -1.11134087687046
  endloop
endfacet
facet normal 0.868780826587618 -0.474047044357739 0.143175679112853
  outer loop
    vertex -0.974278579257488 -1.75630601234115 -0.95044138500767
    vertex -1.08666655457521 -2.01838928962875 -0.880216382508749
    vertex -1.08666655457519 -2.05777039492553 -1.1072833763541
  endloop
endfacet
facet normal 0.704731236363938 -0.673181492807058 0.224010183328833
  outer loop
    vertex -0.795495128834867 -1.53125 -1.01074496176624
    vertex -0.974278579257495 -1.78879367608852 -1.11134087687046
    vertex -0.795495128834864 -1.55781813129009 -1.11482513155368
  endloop
endfacet
facet normal 0.704731236363938 -0.673181492807058 0.224010183328833
  outer loop
    vertex -0.795495128834867 -1.53125 -1.01074496176624
    vertex -0.974278579257488 -1.75630601234115 -0.95044138500767
    vertex -0.974278579257495 -1.78879367608852 -1.11134087687046
  endloop
endfacet
facet normal -0.991298510290022 1.7711487805097e-016 0.131633063843336
  outer loop
    vertex -1.02388137586641 0.0629999999999993 0.2821865144223
    vertex -1.06 -1.25 0.0101854133921764
    vertex -1.02388137586641 -1.25 0.2821865144223
  endloop
endfacet
facet normal -0.991298510290022 1.7711487805097e-016 0.131633063843336
  outer loop
    vertex -1.06 -1.25 0.0101854133921764
    vertex -1.02388137586641 0.0629999999999993 0.2821865144223
    vertex -1.06 0.0629999999999997 0.0101854133921759
  endloop
endfacet
facet normal 0.704731236363938 -0.673181492807058 0.224010183328833
  outer loop
    vertex -0.795495128834867 -1.53125 -1.01074496176624
    vertex -0.5625 -1.3805843622031 -1.1174986942051
    vertex -0.562499999999991 -1.35855844792371 -1.05701752368476
  endloop
endfacet
facet normal 0.704731236363938 -0.673181492807058 0.224010183328833
  outer loop
    vertex -0.795495128834867 -1.53125 -1.01074496176624
    vertex -0.795495128834864 -1.55781813129009 -1.11482513155368
    vertex -0.5625 -1.3805843622031 -1.1174986942051
  endloop
endfacet
facet normal -0.991298510290025 1.25131873680376e-016 -0.131633063843312
  outer loop
    vertex -1.06 -1.25 0.0101854133921764
    vertex -1.02388137586641 0.0629999999999988 -0.261815687637957
    vertex -1.02388137586641 -1.25 -0.261815687637957
  endloop
endfacet
facet normal -0.991298510290025 1.25131873680376e-016 -0.131633063843312
  outer loop
    vertex -1.02388137586641 0.0629999999999988 -0.261815687637957
    vertex -1.06 -1.25 0.0101854133921764
    vertex -1.06 0.0629999999999997 0.0101854133921759
  endloop
endfacet
facet normal 0.494146110485204 -0.808974128494174 0.318403016504927
  outer loop
    vertex -0.562499999999991 -1.35855844792371 -1.05701752368476
    vertex -0.291171425740329 -1.2691705572982 -1.1191793659483
    vertex -0.29117142574033 -1.25 -1.08610567213749
  endloop
endfacet
facet normal 0.494146110485204 -0.808974128494174 0.318403016504927
  outer loop
    vertex -0.562499999999991 -1.35855844792371 -1.05701752368476
    vertex -0.5625 -1.3805843622031 -1.1174986942051
    vertex -0.291171425740329 -1.2691705572982 -1.1191793659483
  endloop
endfacet
facet normal -0.922709232875501 8.60041170610534e-017 -0.385496655713516
  outer loop
    vertex -1.02388137586641 0.0629999999999988 -0.261815687637957
    vertex -0.917986928011496 -1.25 -0.515280363135943
    vertex -1.02388137586641 -1.25 -0.261815687637957
  endloop
endfacet
facet normal -0.922709232875501 8.60041170610534e-017 -0.385496655713516
  outer loop
    vertex -0.917986928011496 -1.25 -0.515280363135943
    vertex -1.02388137586641 0.0629999999999988 -0.261815687637957
    vertex -0.917986928011496 0.0629999999999993 -0.515280363135943
  endloop
endfacet
facet normal -0.92278568095292 -4.62329692533905e-005 -0.385313618875285
  outer loop
    vertex 0.974278579257495 0.0 0.567873147914947
    vertex 1.0866665545752 -1.25 0.298865827221312
    vertex 0.974278579257494 -1.25 0.567873147914946
  endloop
endfacet
facet normal -0.92278568095292 -4.62329692533905e-005 -0.385313618875285
  outer loop
    vertex 1.0866665545752 -1.25 0.298865827221312
    vertex 0.974278579257495 0.0 0.567873147914947
    vertex 1.08669254967225 0.0 0.298503601959534
  endloop
endfacet
facet normal -0.79081760988227 9.16649526205165e-017 -0.612051883340044
  outer loop
    vertex -0.917986928011496 -1.25 -0.515280363135943
    vertex -0.749533188057734 0.0629999999999988 -0.732935414336808
    vertex -0.749533188057734 -1.25 -0.732935414336808
  endloop
endfacet
facet normal -0.79081760988227 9.16649526205165e-017 -0.612051883340044
  outer loop
    vertex -0.749533188057734 0.0629999999999988 -0.732935414336808
    vertex -0.917986928011496 -1.25 -0.515280363135943
    vertex -0.917986928011496 0.0629999999999993 -0.515280363135943
  endloop
endfacet
facet normal 0.605467813125956 -6.25361975888333e-017 0.795869792911173
  outer loop
    vertex -0.5625 -1.25 -0.95575807755925
    vertex -0.795495128834864 0.0 -0.778504144339057
    vertex -0.795495128834864 -1.25 -0.778504144339057
  endloop
endfacet
facet normal 0.605467813125956 -6.25361975888333e-017 0.795869792911173
  outer loop
    vertex -0.795495128834864 0.0 -0.778504144339057
    vertex -0.5625 -1.25 -0.95575807755925
    vertex -0.5625 0.0 -0.95575807755925
  endloop
endfacet
facet normal -0.605467813125907 9.40021813374881e-017 -0.795869792911209
  outer loop
    vertex -0.529999999999989 0.0629999999999997 -0.899948009193152
    vertex -0.749533188057734 -1.25 -0.732935414336808
    vertex -0.749533188057734 0.0629999999999988 -0.732935414336808
  endloop
endfacet
facet normal -0.605467813125907 9.40021813374881e-017 -0.795869792911209
  outer loop
    vertex -0.749533188057734 -1.25 -0.732935414336808
    vertex -0.529999999999989 0.0629999999999997 -0.899948009193152
    vertex -0.529999999999989 -1.25 -0.899948009193152
  endloop
endfacet
facet normal -0.380756555329273 -0.861965654806717 0.334723252116451
  outer loop
    vertex 0.562500000000001 -1.35855844792371 -1.05701752368475
    vertex 0.291171425740344 -1.25 -1.08610567213749
    vertex 0.562500000000001 -1.3805843622031 -1.1174986942051
  endloop
endfacet
facet normal -0.241043475892477 -0.907958732383614 0.342795832848088
  outer loop
    vertex 0.291171425740344 -1.25 -1.08610567213749
    vertex 0.291171425740347 -1.2691705572982 -1.1191793659483
    vertex 0.562500000000001 -1.3805843622031 -1.1174986942051
  endloop
endfacet
facet normal -0.379883727958491 1.12831767432931e-017 -0.925034244356586
  outer loop
    vertex -0.274348187808666 0.0629999999999993 -1.00493651536693
    vertex -0.529999999999989 -1.25 -0.899948009193152
    vertex -0.529999999999989 0.0629999999999997 -0.899948009193152
  endloop
endfacet
facet normal -0.379883727958491 1.12831767432931e-017 -0.925034244356586
  outer loop
    vertex -0.529999999999989 -1.25 -0.899948009193152
    vertex -0.274348187808666 0.0629999999999993 -1.00493651536693
    vertex -0.274348187808666 -1.25 -1.00493651536693
  endloop
endfacet
facet normal -0.608117999754418 -0.753613908274087 0.249516684072513
  outer loop
    vertex 0.795495128834863 -1.53125 -1.01074496176624
    vertex 0.562500000000001 -1.35855844792371 -1.05701752368475
    vertex 0.795495128834866 -1.55781813129009 -1.11482513155367
  endloop
endfacet
facet normal -0.598199505045436 -0.749742436109123 0.282919832568436
  outer loop
    vertex 0.562500000000001 -1.35855844792371 -1.05701752368475
    vertex 0.562500000000001 -1.3805843622031 -1.1174986942051
    vertex 0.795495128834866 -1.55781813129009 -1.11482513155367
  endloop
endfacet
facet normal -0.129428307995553 -1.95559059380405e-017 -0.991588782252708
  outer loop
    vertex 3.5527136788005e-015 0.0629999999999993 -1.04074613966406
    vertex -0.274348187808666 -1.25 -1.00493651536693
    vertex -0.274348187808666 0.0629999999999993 -1.00493651536693
  endloop
endfacet
facet normal -0.129428307995553 -1.95559059380405e-017 -0.991588782252708
  outer loop
    vertex -0.274348187808666 -1.25 -1.00493651536693
    vertex 3.5527136788005e-015 0.0629999999999993 -1.04074613966406
    vertex 3.5527136788005e-015 -1.25 -1.04074613966406
  endloop
endfacet
facet normal -0.789419410533446 -0.583653318230426 0.190173074833527
  outer loop
    vertex 0.795495128834863 -1.53125 -1.01074496176624
    vertex 0.795495128834866 -1.55781813129009 -1.11482513155367
    vertex 0.974278579257491 -1.78879367608852 -1.11134087687046
  endloop
endfacet
facet normal -0.789419410533446 -0.583653318230426 0.190173074833527
  outer loop
    vertex 0.795495128834863 -1.53125 -1.01074496176624
    vertex 0.974278579257491 -1.78879367608852 -1.11134087687046
    vertex 0.974278579257502 -1.75630601234115 -0.950441385007657
  endloop
endfacet
facet normal 0.12942830799556 -2.04704350304599e-017 -0.991588782252707
  outer loop
    vertex 0.27434818780868 0.0629999999999993 -1.00493651536692
    vertex 3.5527136788005e-015 -1.25 -1.04074613966406
    vertex 3.5527136788005e-015 0.0629999999999993 -1.04074613966406
  endloop
endfacet
facet normal 0.12942830799556 -2.04704350304599e-017 -0.991588782252707
  outer loop
    vertex 3.5527136788005e-015 -1.25 -1.04074613966406
    vertex 0.27434818780868 0.0629999999999993 -1.00493651536692
    vertex 0.27434818780868 -1.25 -1.00493651536692
  endloop
endfacet
facet normal -0.86878082658761 -0.474047044357743 0.143175679112888
  outer loop
    vertex 0.974278579257502 -1.75630601234115 -0.950441385007657
    vertex 0.974278579257491 -1.78879367608852 -1.11134087687046
    vertex 1.0866665545752 -2.05777039492553 -1.10728337635411
  endloop
endfacet
facet normal -0.86878082658761 -0.474047044357743 0.143175679112888
  outer loop
    vertex 0.974278579257502 -1.75630601234115 -0.950441385007657
    vertex 1.0866665545752 -2.05777039492553 -1.10728337635411
    vertex 1.08666655457521 -2.01838928962875 -0.880216382508742
  endloop
endfacet
facet normal 0.379883727958474 -7.20990821195275e-017 -0.925034244356593
  outer loop
    vertex 0.530000000000006 0.0629999999999993 -0.899948009193153
    vertex 0.27434818780868 -1.25 -1.00493651536692
    vertex 0.27434818780868 0.0629999999999993 -1.00493651536692
  endloop
endfacet
facet normal 0.379883727958474 -7.20990821195275e-017 -0.925034244356593
  outer loop
    vertex 0.27434818780868 -1.25 -1.00493651536692
    vertex 0.530000000000006 0.0629999999999993 -0.899948009193153
    vertex 0.530000000000006 -1.25 -0.899948009193153
  endloop
endfacet
facet normal 0.379883727958423 -2.53817955745614e-017 0.925034244356614
  outer loop
    vertex -0.291171425740329 -1.25 -1.06718455816819
    vertex -0.5625 0.0 -0.95575807755925
    vertex -0.5625 -1.25 -0.95575807755925
  endloop
endfacet
facet normal 0.379883727958423 -2.53817955745614e-017 0.925034244356614
  outer loop
    vertex -0.5625 0.0 -0.95575807755925
    vertex -0.291171425740329 -1.25 -1.06718455816819
    vertex -0.291171425740329 0.0 -1.06718455816819
  endloop
endfacet
facet normal -0.129428307995554 2.50468465952767e-017 0.991588782252708
  outer loop
    vertex 0.291171425740337 -1.25 -1.0671845581682
    vertex -1.77635683940025e-015 0.0 -1.10519005565337
    vertex -1.77635683940025e-015 -1.25 -1.10519005565337
  endloop
endfacet
facet normal -0.129428307995554 2.50468465952767e-017 0.991588782252708
  outer loop
    vertex -1.77635683940025e-015 0.0 -1.10519005565337
    vertex 0.291171425740337 -1.25 -1.0671845581682
    vertex 0.291171425740337 0.0 -1.0671845581682
  endloop
endfacet
facet normal -0.605467813125932 1.56425282197118e-016 0.795869792911191
  outer loop
    vertex 0.79549512883487 -1.25 -0.778504144339055
    vertex 0.562500000000008 0.0 -0.955758077559235
    vertex 0.562500000000008 -1.25 -0.955758077559234
  endloop
endfacet
facet normal -0.605467813125932 1.56425282197118e-016 0.795869792911191
  outer loop
    vertex 0.562500000000008 0.0 -0.955758077559235
    vertex 0.79549512883487 -1.25 -0.778504144339055
    vertex 0.79549512883487 0.0 -0.778504144339055
  endloop
endfacet
facet normal 0.790817609882256 -1.96249572194092e-016 -0.612051883340062
  outer loop
    vertex 0.749533188057737 0.0629999999999984 -0.732935414336812
    vertex 0.917986928011506 -1.25 -0.515280363135948
    vertex 0.749533188057737 -1.25 -0.732935414336812
  endloop
endfacet
facet normal 0.790817609882256 -1.96249572194092e-016 -0.612051883340062
  outer loop
    vertex 0.917986928011506 -1.25 -0.515280363135948
    vertex 0.749533188057737 0.0629999999999984 -0.732935414336812
    vertex 0.917986928011506 0.0629999999999988 -0.515280363135948
  endloop
endfacet
facet normal -0.382683431990042 -4.42734429334113e-005 -0.923879531605818
  outer loop
    vertex 0.562513456052394 0.0 0.976063429127506
    vertex 0.562500000000004 -1.25 0.976128904343599
    vertex 0.549488153348236 0.0 0.981458686161583
  endloop
endfacet
facet normal 0.129428307995591 -1.63371082263123e-017 0.991588782252703
  outer loop
    vertex -1.77635683940025e-015 -1.25 -1.10519005565337
    vertex -0.291171425740329 0.0 -1.06718455816819
    vertex -0.291171425740329 -1.25 -1.06718455816819
  endloop
endfacet
facet normal 0.129428307995591 -1.63371082263123e-017 0.991588782252703
  outer loop
    vertex -0.291171425740329 0.0 -1.06718455816819
    vertex -1.77635683940025e-015 -1.25 -1.10519005565337
    vertex -1.77635683940025e-015 0.0 -1.10519005565337
  endloop
endfacet
facet normal -0.991298510290026 9.27215402970334e-017 0.131633063843303
  outer loop
    vertex 1.12500000000001 0.0 0.0101854133921826
    vertex 1.08666655457521 -1.25 -0.278495000436955
    vertex 1.12500000000001 -1.25 0.0101854133921826
  endloop
endfacet
facet normal -0.991298510290026 9.27215402970334e-017 0.131633063843303
  outer loop
    vertex 1.08666655457521 -1.25 -0.278495000436955
    vertex 1.12500000000001 0.0 0.0101854133921826
    vertex 1.08666655457521 0.0 -0.278495000436955
  endloop
endfacet
facet normal -0.79081760988225 1.24599840953571e-016 0.612051883340069
  outer loop
    vertex 0.974278579257498 0.0 -0.5475023211306
    vertex 0.79549512883487 -1.25 -0.778504144339055
    vertex 0.974278579257498 -1.25 -0.5475023211306
  endloop
endfacet
facet normal -0.79081760988225 1.24599840953571e-016 0.612051883340069
  outer loop
    vertex 0.79549512883487 -1.25 -0.778504144339055
    vertex 0.974278579257498 0.0 -0.5475023211306
    vertex 0.79549512883487 0.0 -0.778504144339055
  endloop
endfacet
facet normal -0.790817609882246 3.00196624707632e-016 -0.612051883340074
  outer loop
    vertex 0.795495128834867 0.0 0.798874971123398
    vertex 0.974278579257494 -1.25 0.567873147914946
    vertex 0.795495128834866 -1.25 0.798874971123398
  endloop
endfacet
facet normal -0.790817609882246 3.00196624707632e-016 -0.612051883340074
  outer loop
    vertex 0.974278579257494 -1.25 0.567873147914946
    vertex 0.795495128834867 0.0 0.798874971123398
    vertex 0.974278579257495 0.0 0.567873147914947
  endloop
endfacet
facet normal 0.790817609882258 -6.22999204767855e-017 0.612051883340059
  outer loop
    vertex -0.795495128834864 0.0 -0.778504144339057
    vertex -0.97427857925749 -1.25 -0.547502321130599
    vertex -0.795495128834864 -1.25 -0.778504144339057
  endloop
endfacet
facet normal 0.790817609882258 -6.22999204767855e-017 0.612051883340059
  outer loop
    vertex -0.97427857925749 -1.25 -0.547502321130599
    vertex -0.795495128834864 0.0 -0.778504144339057
    vertex -0.97427857925749 0.0 -0.547502321130599
  endloop
endfacet
facet normal -0.922709232875517 8.47583148185685e-017 0.385496655713477
  outer loop
    vertex 1.08666655457521 -1.25 -0.278495000436955
    vertex 0.974278579257498 0.0 -0.5475023211306
    vertex 0.974278579257498 -1.25 -0.5475023211306
  endloop
endfacet
facet normal -0.922709232875517 8.47583148185685e-017 0.385496655713477
  outer loop
    vertex 0.974278579257498 0.0 -0.5475023211306
    vertex 1.08666655457521 -1.25 -0.278495000436955
    vertex 1.08666655457521 0.0 -0.278495000436955
  endloop
endfacet
facet normal -0.379883727958495 1.39956632682643e-016 0.925034244356584
  outer loop
    vertex 0.562500000000008 -1.25 -0.955758077559234
    vertex 0.291171425740337 0.0 -1.0671845581682
    vertex 0.291171425740337 -1.25 -1.0671845581682
  endloop
endfacet
facet normal -0.379883727958495 1.39956632682643e-016 0.925034244356584
  outer loop
    vertex 0.291171425740337 0.0 -1.0671845581682
    vertex 0.562500000000008 -1.25 -0.955758077559234
    vertex 0.562500000000008 0.0 -0.955758077559235
  endloop
endfacet
facet normal 0.474399899077101 -0.427035370724289 0.769795770257284
  outer loop
    vertex -0.562499999999996 -1.27908814845274 -0.977547224213778
    vertex -0.795495128834864 -1.25 -0.778504144339057
    vertex -0.795495128834864 -1.32536071037126 -0.80485567213749
  endloop
endfacet
facet normal 0.474399899077101 -0.427035370724289 0.769795770257284
  outer loop
    vertex -0.562499999999996 -1.27908814845274 -0.977547224213778
    vertex -0.5625 -1.25 -0.95575807755925
    vertex -0.795495128834864 -1.25 -0.778504144339057
  endloop
endfacet
facet normal 0.86946743428567 -0.110658582799561 0.481436453511246
  outer loop
    vertex -0.97427857925749 -1.25 -0.547502321130599
    vertex -0.974278579257486 -1.38566428712983 -0.579799659796348
    vertex -0.795495128834864 -1.25 -0.778504144339057
  endloop
endfacet
facet normal 0.965925826289068 0.0 0.258819045102523
  outer loop
    vertex -2.66074072828613 0.0630000000000002 -0.157352380637815
    vertex -2.665 0.0 -0.125
    vertex -2.66074072828613 0.0 -0.157352380637815
  endloop
endfacet
facet normal 1.0 0.0 -2.22777747391172e-016
  outer loop
    vertex -2.665 0.0 -0.125
    vertex -2.66074072828613 0.0630000000000002 -0.157352380637815
    vertex -2.665 0.0630000000000002 -0.125
  endloop
endfacet
facet normal 0.866025403784436 0.0 0.500000000000004
  outer loop
    vertex -2.64825317547305 0.0630000000000002 -0.1875
    vertex -2.66074072828613 0.0 -0.157352380637815
    vertex -2.64825317547305 0.0 -0.1875
  endloop
endfacet
facet normal 0.965925826289068 0.0 0.258819045102523
  outer loop
    vertex -2.66074072828613 0.0 -0.157352380637815
    vertex -2.64825317547305 0.0630000000000002 -0.1875
    vertex -2.66074072828613 0.0630000000000002 -0.157352380637815
  endloop
endfacet
facet normal 0.707106781186548 0.0 0.707106781186547
  outer loop
    vertex -2.62838834764832 0.0630000000000002 -0.213388347648318
    vertex -2.64825317547305 0.0 -0.1875
    vertex -2.62838834764832 0.0 -0.213388347648318
  endloop
endfacet
facet normal 0.866025403784436 0.0 0.500000000000004
  outer loop
    vertex -2.64825317547305 0.0 -0.1875
    vertex -2.62838834764832 0.0630000000000002 -0.213388347648318
    vertex -2.64825317547305 0.0630000000000002 -0.1875
  endloop
endfacet
facet normal 0.500000000000001 0.0 0.866025403784438
  outer loop
    vertex -2.6025 0.0 -0.233253175473055
    vertex -2.62838834764832 0.0630000000000002 -0.213388347648318
    vertex -2.62838834764832 0.0 -0.213388347648318
  endloop
endfacet
facet normal 0.707106781186548 0.0 0.707106781186547
  outer loop
    vertex -2.62838834764832 0.0630000000000002 -0.213388347648318
    vertex -2.6025 0.0 -0.233253175473055
    vertex -2.6025 0.0630000000000002 -0.233253175473055
  endloop
endfacet
facet normal 0.25881904510252 0.0 0.965925826289068
  outer loop
    vertex -2.57235238063782 0.0 -0.245740728286134
    vertex -2.6025 0.0630000000000002 -0.233253175473055
    vertex -2.6025 0.0 -0.233253175473055
  endloop
endfacet
facet normal 0.500000000000001 0.0 0.866025403784438
  outer loop
    vertex -2.6025 0.0630000000000002 -0.233253175473055
    vertex -2.57235238063782 0.0 -0.245740728286134
    vertex -2.57235238063782 0.0630000000000002 -0.245740728286134
  endloop
endfacet
facet normal -4.36644384886698e-016 0.0 1.0
  outer loop
    vertex -2.54 0.0 -0.25
    vertex -2.57235238063782 0.0630000000000002 -0.245740728286134
    vertex -2.57235238063782 0.0 -0.245740728286134
  endloop
endfacet
facet normal 0.25881904510252 0.0 0.965925826289068
  outer loop
    vertex -2.57235238063782 0.0630000000000002 -0.245740728286134
    vertex -2.54 0.0 -0.25
    vertex -2.54 0.0630000000000002 -0.25
  endloop
endfacet
facet normal -0.258819045102521 0.0 0.965925826289068
  outer loop
    vertex -2.50764761936219 0.0 -0.245740728286134
    vertex -2.54 0.0630000000000002 -0.25
    vertex -2.54 0.0 -0.25
  endloop
endfacet
facet normal -4.36644384886698e-016 0.0 1.0
  outer loop
    vertex -2.54 0.0630000000000002 -0.25
    vertex -2.50764761936219 0.0 -0.245740728286134
    vertex -2.50764761936219 0.0630000000000002 -0.245740728286134
  endloop
endfacet
facet normal -0.500000000000001 0.0 0.866025403784438
  outer loop
    vertex -2.4775 0.0 -0.233253175473055
    vertex -2.50764761936219 0.0630000000000002 -0.245740728286134
    vertex -2.50764761936219 0.0 -0.245740728286134
  endloop
endfacet
facet normal -0.258819045102521 0.0 0.965925826289068
  outer loop
    vertex -2.50764761936219 0.0630000000000002 -0.245740728286134
    vertex -2.4775 0.0 -0.233253175473055
    vertex -2.4775 0.0630000000000002 -0.233253175473055
  endloop
endfacet
facet normal -0.707106781186548 0.0 0.707106781186547
  outer loop
    vertex -2.45161165235168 0.0 -0.213388347648318
    vertex -2.4775 0.0630000000000002 -0.233253175473055
    vertex -2.4775 0.0 -0.233253175473055
  endloop
endfacet
facet normal -0.500000000000001 0.0 0.866025403784438
  outer loop
    vertex -2.4775 0.0630000000000002 -0.233253175473055
    vertex -2.45161165235168 0.0 -0.213388347648318
    vertex -2.45161165235168 0.0630000000000002 -0.213388347648318
  endloop
endfacet
facet normal -0.866025403784436 0.0 0.500000000000004
  outer loop
    vertex -2.43174682452695 0.0630000000000002 -0.1875
    vertex -2.45161165235168 0.0 -0.213388347648318
    vertex -2.43174682452695 0.0 -0.1875
  endloop
endfacet
facet normal -0.707106781186548 0.0 0.707106781186547
  outer loop
    vertex -2.45161165235168 0.0 -0.213388347648318
    vertex -2.43174682452695 0.0630000000000002 -0.1875
    vertex -2.45161165235168 0.0630000000000002 -0.213388347648318
  endloop
endfacet
facet normal -0.965925826289068 0.0 0.258819045102523
  outer loop
    vertex -2.41925927171387 0.0630000000000002 -0.157352380637815
    vertex -2.43174682452695 0.0 -0.1875
    vertex -2.41925927171387 0.0 -0.157352380637815
  endloop
endfacet
facet normal -0.866025403784436 0.0 0.500000000000004
  outer loop
    vertex -2.43174682452695 0.0 -0.1875
    vertex -2.41925927171387 0.0630000000000002 -0.157352380637815
    vertex -2.43174682452695 0.0630000000000002 -0.1875
  endloop
endfacet
facet normal -1.0 0.0 0.0
  outer loop
    vertex -2.415 0.0630000000000002 -0.125
    vertex -2.41925927171387 0.0 -0.157352380637815
    vertex -2.415 0.0 -0.125
  endloop
endfacet
facet normal -0.965925826289068 0.0 0.258819045102523
  outer loop
    vertex -2.41925927171387 0.0 -0.157352380637815
    vertex -2.415 0.0630000000000002 -0.125
    vertex -2.41925927171387 0.0630000000000002 -0.157352380637815
  endloop
endfacet
facet normal -0.965925826289068 0.0 -0.258819045102523
  outer loop
    vertex -2.41925927171387 0.0630000000000002 -0.092647619362185
    vertex -2.415 0.0 -0.125
    vertex -2.41925927171387 0.0 -0.092647619362185
  endloop
endfacet
facet normal -1.0 0.0 0.0
  outer loop
    vertex -2.415 0.0 -0.125
    vertex -2.41925927171387 0.0630000000000002 -0.092647619362185
    vertex -2.415 0.0630000000000002 -0.125
  endloop
endfacet
facet normal -0.866025403784436 0.0 -0.500000000000004
  outer loop
    vertex -2.43174682452695 0.0630000000000002 -0.0625
    vertex -2.41925927171387 0.0 -0.092647619362185
    vertex -2.43174682452695 0.0 -0.0625
  endloop
endfacet
facet normal -0.965925826289068 0.0 -0.258819045102523
  outer loop
    vertex -2.41925927171387 0.0 -0.092647619362185
    vertex -2.43174682452695 0.0630000000000002 -0.0625
    vertex -2.41925927171387 0.0630000000000002 -0.092647619362185
  endloop
endfacet
facet normal -0.707106781186548 0.0 -0.707106781186547
  outer loop
    vertex -2.45161165235168 0.0630000000000002 -0.0366116523516817
    vertex -2.43174682452695 0.0 -0.0625
    vertex -2.45161165235168 0.0 -0.0366116523516817
  endloop
endfacet
facet normal -0.866025403784436 0.0 -0.500000000000004
  outer loop
    vertex -2.43174682452695 0.0 -0.0625
    vertex -2.45161165235168 0.0630000000000002 -0.0366116523516817
    vertex -2.43174682452695 0.0630000000000002 -0.0625
  endloop
endfacet
facet normal -0.707106781186548 0.0 -0.707106781186547
  outer loop
    vertex -2.45161165235168 0.0630000000000002 -0.0366116523516817
    vertex -2.4775 0.0 -0.0167468245269453
    vertex -2.4775 0.0630000000000002 -0.0167468245269453
  endloop
endfacet
facet normal -0.500000000000001 0.0 -0.866025403784438
  outer loop
    vertex -2.4775 0.0 -0.0167468245269453
    vertex -2.45161165235168 0.0630000000000002 -0.0366116523516817
    vertex -2.45161165235168 0.0 -0.0366116523516817
  endloop
endfacet
facet normal -0.500000000000001 0.0 -0.866025403784438
  outer loop
    vertex -2.4775 0.0630000000000002 -0.0167468245269453
    vertex -2.50764761936219 0.0 -0.00425927171386631
    vertex -2.50764761936219 0.0630000000000002 -0.00425927171386631
  endloop
endfacet
facet normal -0.25881904510252 0.0 -0.965925826289068
  outer loop
    vertex -2.50764761936219 0.0 -0.00425927171386631
    vertex -2.4775 0.0630000000000002 -0.0167468245269453
    vertex -2.4775 0.0 -0.0167468245269453
  endloop
endfacet
facet normal 0.605593158145101 0.000732855522124597 -0.795774082092792
  outer loop
    vertex -0.562500000000002 0.0 0.976128904343588
    vertex -0.562780441218855 -1.25 0.974764317697087
    vertex -0.784329077563109 0.0 0.807314444721375
  endloop
endfacet
facet normal 0.602965047714407 1.6317000790761e-017 -0.797767604778962
  outer loop
    vertex -0.784329077563109 0.0 0.807314444721375
    vertex -0.79549512883486 -1.25 0.798874971123399
    vertex -0.79549512883486 0.0 0.798874971123399
  endloop
endfacet
facet normal 0.602965047714407 1.6317000790761e-017 -0.797767604778962
  outer loop
    vertex -0.79549512883486 -1.25 0.798874971123399
    vertex -0.784329077563109 0.0 0.807314444721375
    vertex -0.562780441218855 -1.25 0.974764317697087
  endloop
endfacet
facet normal 0.997434796434629 -2.07357188038463e-016 -0.0715809112921244
  outer loop
    vertex -1.08669254967224 0.0 0.29850360195954
    vertex -1.0866665545752 -1.25 0.298865827221318
    vertex -1.0872083254073 -1.25 0.291316592797276
  endloop
endfacet
facet normal 0.991298450331051 0.000347808233439182 -0.131633055881456
  outer loop
    vertex -1.08669254967224 0.0 0.29850360195954
    vertex -1.0872083254073 -1.25 0.291316592797276
    vertex -1.12318669040415 0.0 0.0236745712768084
  endloop
endfacet
facet normal 0.991085305787662 -1.90988506518831e-016 -0.133228813144063
  outer loop
    vertex -1.125 0.0 0.0101854133921768
    vertex -1.0872083254073 -1.25 0.291316592797276
    vertex -1.125 -1.25 0.0101854133921773
  endloop
endfacet
facet normal 0.991085305787662 -1.90988506518831e-016 -0.133228813144063
  outer loop
    vertex -1.0872083254073 -1.25 0.291316592797276
    vertex -1.125 0.0 0.0101854133921768
    vertex -1.12318669040415 0.0 0.0236745712768084
  endloop
endfacet
facet normal -0.701215786444182 0.186304902087592 -0.688176506646079
  outer loop
    vertex 0.795495128834866 -1.73713928962875 0.731922907119999
    vertex 0.562780441218854 -1.25 0.974764317697088
    vertex 0.795495128834866 -1.25 0.798874971123398
  endloop
endfacet
facet normal -0.884343185957623 -0.216207908313569 -0.413752667463295
  outer loop
    vertex 0.562780441218854 -1.25 0.974764317697088
    vertex 0.795495128834866 -1.73713928962875 0.731922907119999
    vertex 0.562500000000004 -1.25 0.976128904343599
  endloop
endfacet
facet normal 0.884343185957252 -0.216207908312548 -0.413752667464622
  outer loop
    vertex -0.562780441218855 -1.25 0.974764317697087
    vertex -0.562500000000002 -1.25 0.976128904343588
    vertex -0.79549512883486 -1.73713928962875 0.731922907119996
  endloop
endfacet
facet normal 0.884343185957252 -0.216207908312548 -0.413752667464622
  outer loop
    vertex -0.562780441218855 -1.25 0.974764317697087
    vertex -0.79549512883486 -1.73713928962875 0.731922907119996
    vertex -0.79549512883486 -1.25 0.798874971123399
  endloop
endfacet
facet normal -0.991298450331048 0.000347808233444317 -0.131633055881479
  outer loop
    vertex 1.12318669040417 0.0 0.0236745712768141
    vertex 1.0872083254073 -1.25 0.291316592797279
    vertex 1.08669254967225 0.0 0.298503601959534
  endloop
endfacet
facet normal -0.991085305787657 3.61141903235612e-016 -0.133228813144107
  outer loop
    vertex 1.0872083254073 -1.25 0.291316592797279
    vertex 1.12500000000001 0.0 0.0101854133921826
    vertex 1.12500000000001 -1.25 0.0101854133921826
  endloop
endfacet
facet normal -0.991085305787657 3.61141903235612e-016 -0.133228813144107
  outer loop
    vertex 1.12500000000001 0.0 0.0101854133921826
    vertex 1.0872083254073 -1.25 0.291316592797279
    vertex 1.12318669040417 0.0 0.0236745712768141
  endloop
endfacet
facet normal -0.997434796434687 2.4062884408229e-016 -0.0715809112913149
  outer loop
    vertex 1.08669254967225 0.0 0.298503601959534
    vertex 1.0872083254073 -1.25 0.291316592797279
    vertex 1.0866665545752 -1.25 0.298865827221312
  endloop
endfacet
facet normal -0.602965047714399 2.12121010279881e-016 -0.797767604778969
  outer loop
    vertex 0.784329077563116 0.0 0.807314444721374
    vertex 0.795495128834866 -1.25 0.798874971123398
    vertex 0.562780441218854 -1.25 0.974764317697088
  endloop
endfacet
facet normal -0.602965047714399 2.12121010279881e-016 -0.797767604778969
  outer loop
    vertex 0.795495128834866 -1.25 0.798874971123398
    vertex 0.784329077563116 0.0 0.807314444721374
    vertex 0.795495128834867 0.0 0.798874971123398
  endloop
endfacet
facet normal -0.605467665709725 0.000697817926276062 -0.795869599136792
  outer loop
    vertex 0.784329077563116 0.0 0.807314444721374
    vertex 0.562780441218854 -1.25 0.974764317697088
    vertex 0.562513456052394 0.0 0.976063429127506
  endloop
endfacet
facet normal -0.979528308680601 -1.61605822490724e-017 -0.201306464112112
  outer loop
    vertex 0.562513456052394 0.0 0.976063429127506
    vertex 0.562780441218854 -1.25 0.974764317697088
    vertex 0.562500000000004 -1.25 0.976128904343599
  endloop
endfacet
facet normal -0.12942830402204 0.000247792547822957 -0.991588751810362
  outer loop
    vertex 0.291316592797278 -1.25 1.0872083254073
    vertex 0.0139778715508217 0.0 1.12372066073709
    vertex 0.291178391105604 0.0 1.08753873243818
  endloop
endfacet
facet normal -0.130526192220052 9.38183207979738e-017 -0.99144486137381
  outer loop
    vertex 0.0139778715508217 0.0 1.12372066073709
    vertex 0.0 -1.25 1.12556088243771
    vertex 0.0 0.0 1.12556088243771
  endloop
endfacet
facet normal -0.130526192220052 9.38183207979738e-017 -0.99144486137381
  outer loop
    vertex 0.0 -1.25 1.12556088243771
    vertex 0.0139778715508217 0.0 1.12372066073709
    vertex 0.291316592797278 -1.25 1.0872083254073
  endloop
endfacet
facet normal 0.129428307995542 0.0 -0.991588782252709
  outer loop
    vertex 0.0 -1.25 1.12556088243771
    vertex -0.277200519554774 0.0 1.08937895413881
    vertex 0.0 0.0 1.12556088243771
  endloop
endfacet
facet normal 0.130526188217977 0.000247633122300186 -0.991444830975038
  outer loop
    vertex -0.291178391105595 0.0 1.08753873243819
    vertex 0.0 -1.25 1.12556088243771
    vertex -0.291316592797279 -1.25 1.0872083254073
  endloop
endfacet
facet normal 0.130526188217977 0.000247633122300186 -0.991444830975038
  outer loop
    vertex 0.0 -1.25 1.12556088243771
    vertex -0.291178391105595 0.0 1.08753873243819
    vertex -0.277200519554774 0.0 1.08937895413881
  endloop
endfacet
facet normal 0.379502259662208 8.50159929671376e-005 -0.925190806095456
  outer loop
    vertex -0.549488153348234 0.0 0.981458686161573
    vertex -0.562500000000002 -1.25 0.976128904343588
    vertex -0.562500000000002 0.0 0.976128904343588
  endloop
endfacet
facet normal 0.379502259662208 8.50159929671376e-005 -0.925190806095456
  outer loop
    vertex -0.562500000000002 -1.25 0.976128904343588
    vertex -0.549488153348234 0.0 0.981458686161573
    vertex -0.291316592797279 -1.25 1.0872083254073
  endloop
endfacet
facet normal 0.379502259662208 8.50159929671376e-005 -0.925190806095456
  outer loop
    vertex -0.291316592797279 -1.25 1.0872083254073
    vertex -0.549488153348234 0.0 0.981458686161573
    vertex -0.291178391105595 0.0 1.08753873243819
  endloop
endfacet
facet normal 0.979528308679716 -7.15347259500737e-017 -0.201306464116419
  outer loop
    vertex -0.562500000000002 0.0 0.976128904343588
    vertex -0.562500000000002 -1.25 0.976128904343588
    vertex -0.562780441218855 -1.25 0.974764317697087
  endloop
endfacet
facet normal -0.13030955135519 0.957662378093811 -0.256714219336046
  outer loop
    vertex 1.77635683940025e-015 -3.38630584420395 -0.513684246397162
    vertex 0.291171425740344 -3.13216168341007 0.000560882437713239
    vertex 0.29117142574034 -3.3492785792575 -0.523605672137494
  endloop
endfacet
facet normal -0.256147077833382 0.837132908138286 -0.483318909861134
  outer loop
    vertex 0.291171425740344 -3.13216168341007 0.000560882437713239
    vertex 1.77635683940025e-015 -3.38630584420395 -0.513684246397162
    vertex 8.88178419700125e-015 -3.16535942096253 0.019727605150111
  endloop
endfacet
facet normal -0.812431511835558 0.0 -0.583056634107348
  outer loop
    vertex -2.57577788562923 0.0630000000000002 -1.02451898095247
    vertex -2.54686910163735 0.0 -1.06217741703916
    vertex -2.57577788562923 0.0 -1.02451898095247
  endloop
endfacet
facet normal -0.773198405640636 0.0 -0.634164194443977
  outer loop
    vertex -2.54686910163735 0.0 -1.06217741703916
    vertex -2.57577788562923 0.0630000000000002 -1.02451898095247
    vertex -2.54686910163735 0.0630000000000002 -1.06217741703916
  endloop
endfacet
facet normal -0.773198405640636 0.0 -0.634164194443977
  outer loop
    vertex -2.54686910163735 0.0630000000000002 -1.06217741703916
    vertex -2.51559524893947 0.0 -1.09789606395945
    vertex -2.54686910163735 0.0 -1.06217741703916
  endloop
endfacet
facet normal -0.730755583266492 0.0 -0.682639200108556
  outer loop
    vertex -2.51559524893947 0.0 -1.09789606395945
    vertex -2.54686910163735 0.0630000000000002 -1.06217741703916
    vertex -2.51559524893947 0.0630000000000002 -1.09789606395945
  endloop
endfacet
facet normal -0.730755583266492 0.0 -0.682639200108556
  outer loop
    vertex -2.51559524893947 0.0630000000000002 -1.09789606395945
    vertex -2.48208615215793 0.0 -1.13152664577526
    vertex -2.51559524893947 0.0 -1.09789606395945
  endloop
endfacet
facet normal -0.685279234178438 0.0 -0.728280420719803
  outer loop
    vertex -2.48208615215793 0.0 -1.13152664577526
    vertex -2.51559524893947 0.0630000000000002 -1.09789606395945
    vertex -2.48208615215793 0.0630000000000002 -1.13152664577526
  endloop
endfacet
facet normal -0.636958140676553 0.0 -0.770898389559784
  outer loop
    vertex -2.44648091490351 0.0630000000000002 -1.16292955456477
    vertex -2.48208615215793 0.0 -1.13152664577526
    vertex -2.48208615215793 0.0630000000000002 -1.13152664577526
  endloop
endfacet
facet normal -0.685279234178438 0.0 -0.728280420719803
  outer loop
    vertex -2.48208615215793 0.0 -1.13152664577526
    vertex -2.44648091490351 0.0630000000000002 -1.16292955456477
    vertex -2.44648091490351 0.0 -1.16292955456477
  endloop
endfacet
facet normal -0.585992894218966 0.0 -0.810316190091794
  outer loop
    vertex -2.40892734232591 0.0630000000000002 -1.1919744299655
    vertex -2.44648091490351 0.0 -1.16292955456477
    vertex -2.44648091490351 0.0630000000000002 -1.16292955456477
  endloop
endfacet
facet normal -0.636958140676553 0.0 -0.770898389559784
  outer loop
    vertex -2.44648091490351 0.0 -1.16292955456477
    vertex -2.40892734232591 0.0630000000000002 -1.1919744299655
    vertex -2.40892734232591 0.0 -1.1919744299655
  endloop
endfacet
facet normal -0.532595062722711 0.0 -0.846370190379713
  outer loop
    vertex -2.36958132754209 0.0630000000000002 -1.21854070032881
    vertex -2.40892734232591 0.0 -1.1919744299655
    vertex -2.40892734232591 0.0630000000000002 -1.1919744299655
  endloop
endfacet
facet normal -0.585992894218966 0.0 -0.810316190091794
  outer loop
    vertex -2.40892734232591 0.0 -1.1919744299655
    vertex -2.36958132754209 0.0630000000000002 -1.21854070032881
    vertex -2.36958132754209 0.0 -1.21854070032881
  endloop
endfacet
facet normal -0.476986312298889 0.0 -0.878910722360074
  outer loop
    vertex -2.32860620448979 0.0630000000000002 -1.24251808323925
    vertex -2.36958132754209 0.0 -1.21854070032881
    vertex -2.36958132754209 0.0630000000000002 -1.21854070032881
  endloop
endfacet
facet normal -0.532595062722711 0.0 -0.846370190379713
  outer loop
    vertex -2.36958132754209 0.0 -1.21854070032881
    vertex -2.32860620448979 0.0630000000000002 -1.24251808323925
    vertex -2.32860620448979 0.0 -1.24251808323925
  endloop
endfacet
facet normal -0.448424648720733 0.0 -0.893820638841869
  outer loop
    vertex -2.28617206989249 0.0630000000000002 -1.26380704332101
    vertex -2.32860620448979 0.0 -1.24251808323925
    vertex -2.32860620448979 0.0630000000000002 -1.24251808323925
  endloop
endfacet
facet normal -0.476986312298889 0.0 -0.878910722360074
  outer loop
    vertex -2.32860620448979 0.0 -1.24251808323925
    vertex -2.28617206989249 0.0630000000000002 -1.26380704332101
    vertex -2.28617206989249 0.0 -1.26380704332101
  endloop
endfacet
facet normal -0.419397487068027 0.0 -0.907802703147013
  outer loop
    vertex 0.414540971969876 0.0630000000000002 -2.51151456734839
    vertex -2.28617206989249 0.0 -1.26380704332101
    vertex -2.28617206989249 0.0630000000000002 -1.26380704332101
  endloop
endfacet
facet normal -0.419397487068027 0.0 -0.907802703147013
  outer loop
    vertex -2.28617206989249 0.0 -1.26380704332101
    vertex 0.414540971969876 0.0630000000000002 -2.51151456734839
    vertex 0.414540971969876 0.0 -2.51151456734839
  endloop
endfacet
facet normal -0.317291251983271 0.0 -0.948328140157661
  outer loop
    vertex 0.454053858259746 0.0630000000000002 -2.52719702771058
    vertex 0.414540971969876 0.0 -2.51151456734839
    vertex 0.414540971969876 0.0630000000000002 -2.51151456734839
  endloop
endfacet
facet normal -0.368901277203637 0.0 -0.92946858348065
  outer loop
    vertex 0.414540971969876 0.0 -2.51151456734839
    vertex 0.454053858259746 0.0630000000000002 -2.52719702771058
    vertex 0.454053858259746 0.0 -2.52719702771058
  endloop
endfacet
facet normal -0.211355947881921 0.0 -0.977409158589654
  outer loop
    vertex 0.495048510756382 0.0630000000000002 -2.53845074765769
    vertex 0.454053858259746 0.0 -2.52719702771058
    vertex 0.454053858259746 0.0630000000000002 -2.52719702771058
  endloop
endfacet
facet normal -0.317291251983271 0.0 -0.948328140157661
  outer loop
    vertex 0.454053858259746 0.0 -2.52719702771058
    vertex 0.495048510756382 0.0630000000000002 -2.53845074765769
    vertex 0.495048510756382 0.0 -2.53845074765769
  endloop
endfacet
facet normal -0.102870001408784 0.0 -0.994694808878661
  outer loop
    vertex 0.537030206227613 0.0630000000000002 -2.54513991736166
    vertex 0.495048510756382 0.0 -2.53845074765769
    vertex 0.495048510756382 0.0630000000000002 -2.53845074765769
  endloop
endfacet
facet normal -0.211355947881921 0.0 -0.977409158589654
  outer loop
    vertex 0.495048510756382 0.0 -2.53845074765769
    vertex 0.537030206227613 0.0630000000000002 -2.54513991736166
    vertex 0.537030206227613 0.0 -2.54513991736166
  endloop
endfacet
facet normal 0.00685737965377232 0.0 -0.999976487895732
  outer loop
    vertex 0.579492309812288 0.0630000000000002 -2.54718381196073
    vertex 0.537030206227613 0.0 -2.54513991736166
    vertex 0.537030206227613 0.0630000000000002 -2.54513991736166
  endloop
endfacet
facet normal -0.102870001408784 0.0 -0.994694808878661
  outer loop
    vertex 0.537030206227613 0.0 -2.54513991736166
    vertex 0.579492309812288 0.0630000000000002 -2.54718381196073
    vertex 0.579492309812288 0.0 -2.54718381196073
  endloop
endfacet
facet normal 0.116502005897835 0.0 -0.993190456368657
  outer loop
    vertex 0.621922389086887 0.0630000000000002 -2.54455776574655
    vertex 0.579492309812288 0.0 -2.54718381196073
    vertex 0.579492309812288 0.0630000000000002 -2.54718381196073
  endloop
endfacet
facet normal 0.00685737965377232 0.0 -0.999976487895732
  outer loop
    vertex 0.579492309812288 0.0 -2.54718381196073
    vertex 0.621922389086887 0.0630000000000002 -2.54455776574655
    vertex 0.621922389086887 0.0 -2.54455776574655
  endloop
endfacet
facet normal 0.224740686600172 0.0 -0.974418608087142
  outer loop
    vertex 0.663808398097081 0.0630000000000002 -2.53729346982983
    vertex 0.621922389086887 0.0 -2.54455776574655
    vertex 0.621922389086887 0.0630000000000002 -2.54455776574655
  endloop
endfacet
facet normal 0.116502005897835 0.0 -0.993190456368657
  outer loop
    vertex 0.621922389086887 0.0 -2.54455776574655
    vertex 0.663808398097081 0.0630000000000002 -2.53729346982983
    vertex 0.663808398097081 0.0 -2.53729346982983
  endloop
endfacet
facet normal 0.330267197980324 0.0 -0.943887481609024
  outer loop
    vertex 0.704644856725385 0.0630000000000002 -2.52547858969219
    vertex 0.663808398097081 0.0 -2.53729346982983
    vertex 0.663808398097081 0.0630000000000002 -2.53729346982983
  endloop
endfacet
facet normal 0.224740686600172 0.0 -0.974418608087142
  outer loop
    vertex 0.663808398097081 0.0 -2.53729346982983
    vertex 0.704644856725385 0.0630000000000002 -2.52547858969219
    vertex 0.704644856725385 0.0 -2.52547858969219
  endloop
endfacet
facet normal 0.431808046701699 0.0 -0.901965526394254
  outer loop
    vertex 0.743938950822326 0.0630000000000002 -2.50925570723966
    vertex 0.704644856725385 0.0 -2.52547858969219
    vertex 0.704644856725385 0.0630000000000002 -2.52547858969219
  endloop
endfacet
facet normal 0.330267197980324 0.0 -0.943887481609024
  outer loop
    vertex 0.704644856725385 0.0 -2.52547858969219
    vertex 0.743938950822326 0.0630000000000002 -2.50925570723966
    vertex 0.743938950822326 0.0 -2.50925570723966
  endloop
endfacet
facet normal 0.52813783838193 0.0 -0.849158656358906
  outer loop
    vertex 0.781216479484786 0.0630000000000002 -2.48882060012501
    vertex 0.743938950822326 0.0 -2.50925570723966
    vertex 0.743938950822326 0.0630000000000002 -2.50925570723966
  endloop
endfacet
facet normal 0.431808046701699 0.0 -0.901965526394254
  outer loop
    vertex 0.743938950822326 0.0 -2.50925570723966
    vertex 0.781216479484786 0.0630000000000002 -2.48882060012501
    vertex 0.781216479484786 0.0 -2.48882060012501
  endloop
endfacet
facet normal 0.618094065645249 0.0 -0.786104144508936
  outer loop
    vertex 0.816027577709793 0.0630000000000002 -2.46441987910418
    vertex 0.781216479484786 0.0 -2.48882060012501
    vertex 0.781216479484786 0.0630000000000002 -2.48882060012501
  endloop
endfacet
facet normal 0.52813783838193 0.0 -0.849158656358906
  outer loop
    vertex 0.781216479484786 0.0 -2.48882060012501
    vertex 0.816027577709793 0.0630000000000002 -2.46441987910418
    vertex 0.816027577709793 0.0 -2.46441987910418
  endloop
endfacet
facet normal 0.700591137254853 0.0 -0.713562932333197
  outer loop
    vertex 0.847952145362807 0.0630000000000002 -2.43634801193906
    vertex 0.816027577709793 0.0 -2.46441987910418
    vertex 0.816027577709793 0.0630000000000002 -2.46441987910418
  endloop
endfacet
facet normal 0.618094065645249 0.0 -0.786104144508936
  outer loop
    vertex 0.816027577709793 0.0 -2.46441987910418
    vertex 0.847952145362807 0.0630000000000002 -2.43634801193906
    vertex 0.847952145362807 0.0 -2.43634801193906
  endloop
endfacet
facet normal 0.700591137254853 0.0 -0.713562932333197
  outer loop
    vertex 0.847952145362807 0.0630000000000002 -2.43634801193906
    vertex 0.87660491694374 0.0 -2.40494376976227
    vertex 0.847952145362807 0.0 -2.43634801193906
  endloop
endfacet
facet normal 0.738727519858014 0.0 -0.67400419242348
  outer loop
    vertex 0.87660491694374 0.0 -2.40494376976227
    vertex 0.847952145362807 0.0630000000000002 -2.43634801193906
    vertex 0.87660491694374 0.0630000000000002 -2.40494376976227
  endloop
endfacet
facet normal 0.774633479021787 0.0 -0.632410446765866
  outer loop
    vertex 0.87660491694374 0.0630000000000002 -2.40494376976227
    vertex 2.49305321368743 0.0 -0.424971784528783
    vertex 0.87660491694374 0.0 -2.40494376976227
  endloop
endfacet
facet normal 0.774633479021787 0.0 -0.632410446765866
  outer loop
    vertex 2.49305321368743 0.0 -0.424971784528783
    vertex 0.87660491694374 0.0630000000000002 -2.40494376976227
    vertex 2.49305321368743 0.0630000000000002 -0.424971784528783
  endloop
endfacet
facet normal 0.806560864523172 0.0 -0.591151056684866
  outer loop
    vertex 2.49305321368743 0.0630000000000002 -0.424971784528783
    vertex 2.51863198109017 0.0 -0.390072358203662
    vertex 2.49305321368743 0.0 -0.424971784528783
  endloop
endfacet
facet normal 0.836293037179131 0.0 -0.548282733601656
  outer loop
    vertex 2.51863198109017 0.0 -0.390072358203662
    vertex 2.49305321368743 0.0630000000000002 -0.424971784528783
    vertex 2.51863198109017 0.0630000000000002 -0.390072358203662
  endloop
endfacet
facet normal 0.836293037179131 0.0 -0.548282733601656
  outer loop
    vertex 2.51863198109017 0.0630000000000002 -0.390072358203662
    vertex 2.54043640378383 0.0 -0.352698430785445
    vertex 2.51863198109017 0.0 -0.390072358203662
  endloop
endfacet
facet normal 0.888854251251673 0.0 -0.45819004794062
  outer loop
    vertex 2.54043640378383 0.0 -0.352698430785445
    vertex 2.51863198109017 0.0630000000000002 -0.390072358203662
    vertex 2.54043640378383 0.0630000000000002 -0.352698430785445
  endloop
endfacet
facet normal 0.888854251251673 0.0 -0.45819004794062
  outer loop
    vertex 2.54043640378383 0.0630000000000002 -0.352698430785445
    vertex 2.55822926331577 0.0 -0.31325660717975
    vertex 2.54043640378383 0.0 -0.352698430785445
  endloop
endfacet
facet normal 0.931745288173868 0.0 -0.363112541735748
  outer loop
    vertex 2.55822926331577 0.0 -0.31325660717975
    vertex 2.54043640378383 0.0630000000000002 -0.352698430785445
    vertex 2.55822926331577 0.0630000000000002 -0.31325660717975
  endloop
endfacet
facet normal 0.931745288173868 0.0 -0.363112541735748
  outer loop
    vertex 2.55822926331577 0.0630000000000002 -0.31325660717975
    vertex 2.57181698452624 0.0 -0.27217598970663
    vertex 2.55822926331577 0.0 -0.31325660717975
  endloop
endfacet
facet normal 0.964499520346627 0.0 -0.264084598663243
  outer loop
    vertex 2.57181698452624 0.0 -0.27217598970663
    vertex 2.55822926331577 0.0630000000000002 -0.31325660717975
    vertex 2.57181698452624 0.0630000000000002 -0.27217598970663
  endloop
endfacet
facet normal 0.964499520346627 0.0 -0.264084598663243
  outer loop
    vertex 2.57181698452624 0.0630000000000002 -0.27217598970663
    vertex 2.58105174152477 0.0 -0.229903509736275
    vertex 2.57181698452624 0.0 -0.27217598970663
  endloop
endfacet
facet normal 0.986760602253137 0.0 -0.162183580676424
  outer loop
    vertex 2.58105174152477 0.0 -0.229903509736275
    vertex 2.57181698452624 0.0630000000000002 -0.27217598970663
    vertex 2.58105174152477 0.0630000000000002 -0.229903509736275
  endloop
endfacet
facet normal 0.986760602253137 0.0 -0.162183580676424
  outer loop
    vertex 2.58105174152477 0.0630000000000002 -0.229903509736275
    vertex 2.58583306594326 0.0 -0.186899065355824
    vertex 2.58105174152477 0.0 -0.229903509736275
  endloop
endfacet
facet normal 0.998286347274735 0.0 -0.0585181069829367
  outer loop
    vertex 2.58583306594326 0.0 -0.186899065355824
    vertex 2.58105174152477 0.0630000000000002 -0.229903509736275
    vertex 2.58583306594326 0.0630000000000002 -0.186899065355824
  endloop
endfacet
facet normal 0.998286347274735 0.0 -0.0585181069829367
  outer loop
    vertex 2.58583306594326 0.0630000000000002 -0.186899065355824
    vertex 2.58610893996879 0.0 -0.143630517966431
    vertex 2.58583306594326 0.0 -0.186899065355824
  endloop
endfacet
facet normal 0.998951362529528 0.0 0.045784007037388
  outer loop
    vertex 2.58610893996879 0.0 -0.143630517966431
    vertex 2.58583306594326 0.0630000000000002 -0.186899065355824
    vertex 2.58610893996879 0.0630000000000002 -0.143630517966431
  endloop
endfacet
facet normal 0.998951362529528 0.0 0.045784007037388
  outer loop
    vertex 2.58610893996879 0.0630000000000002 -0.143630517966431
    vertex 2.58187636226489 0.0 -0.100568602244456
    vertex 2.58610893996879 0.0 -0.143630517966431
  endloop
endfacet
facet normal 0.988748413068351 0.0 0.149588019756993
  outer loop
    vertex 2.58187636226489 0.0 -0.100568602244456
    vertex 2.58610893996879 0.0630000000000002 -0.143630517966431
    vertex 2.58187636226489 0.0630000000000002 -0.100568602244456
  endloop
endfacet
facet normal 0.988748413068351 0.0 0.149588019756993
  outer loop
    vertex 2.58187636226489 0.0630000000000002 -0.100568602244456
    vertex 2.57318138062413 0.0 -0.0581818048432252
    vertex 2.58187636226489 0.0 -0.100568602244456
  endloop
endfacet
facet normal 0.967788500586484 0.0 0.251764608578261
  outer loop
    vertex 2.57318138062413 0.0 -0.0581818048432252
    vertex 2.58187636226489 0.0630000000000002 -0.100568602244456
    vertex 2.57318138062413 0.0630000000000002 -0.0581818048432252
  endloop
endfacet
facet normal 0.967788500586484 0.0 0.251764608578261
  outer loop
    vertex 2.57318138062413 0.0630000000000002 -0.0581818048432252
    vertex 2.56011859099705 0.0 -0.0169312675518789
    vertex 2.57318138062413 0.0 -0.0581818048432252
  endloop
endfacet
facet normal 0.936299655794779 0.0 0.351202156255593
  outer loop
    vertex 2.56011859099705 0.0 -0.0169312675518789
    vertex 2.57318138062413 0.0630000000000002 -0.0581818048432252
    vertex 2.56011859099705 0.0630000000000002 -0.0169312675518789
  endloop
endfacet
facet normal 0.936299655794779 0.0 0.351202156255593
  outer loop
    vertex 2.56011859099705 0.0630000000000002 -0.0169312675518789
    vertex 2.54283010834749 0.0 0.0227342296382718
    vertex 2.56011859099705 0.0 -0.0169312675518789
  endloop
endfacet
facet normal 0.894624457588443 0.0 0.446818844594299
  outer loop
    vertex 2.54283010834749 0.0 0.0227342296382718
    vertex 2.56011859099705 0.0630000000000002 -0.0169312675518789
    vertex 2.54283010834749 0.0630000000000002 0.0227342296382718
  endloop
endfacet
facet normal 0.894624457588443 0.0 0.446818844594299
  outer loop
    vertex 2.54283010834749 0.0630000000000002 0.0227342296382718
    vertex 2.52150402053084 0.0 0.0603831509787667
    vertex 2.54283010834749 0.0 0.0227342296382718
  endloop
endfacet
facet normal 0.87010446137036 0.0 0.492867351630634
  outer loop
    vertex 2.52150402053084 0.0 0.0603831509787667
    vertex 2.54283010834749 0.0630000000000002 0.0227342296382718
    vertex 2.52150402053084 0.0630000000000002 0.0603831509787667
  endloop
endfacet
facet normal 0.843216306003381 0.0 0.5375744239545
  outer loop
    vertex 2.52150402053084 0.0630000000000002 0.0603831509787667
    vertex 0.922220109266202 0.0 2.56895166133883
    vertex 2.52150402053084 0.0 0.0603831509787667
  endloop
endfacet
facet normal 0.843216306003381 0.0 0.5375744239545
  outer loop
    vertex 0.922220109266202 0.0 2.56895166133883
    vertex 2.52150402053084 0.0630000000000002 0.0603831509787667
    vertex 0.922220109266202 0.0630000000000002 2.56895166133883
  endloop
endfacet
facet normal 0.0 1.0 0.0
  outer loop
    vertex -2.57577788562923 0.0630000000000002 -1.02451898095247
    vertex 3.5527136788005e-015 0.0629999999999993 -1.04074613966406
    vertex -2.54686910163735 0.0630000000000002 -1.06217741703916
  endloop
endfacet
facet normal 0.0 1.0 0.0
  outer loop
    vertex 3.5527136788005e-015 0.0629999999999993 -1.04074613966406
    vertex -2.57577788562923 0.0630000000000002 -1.02451898095247
    vertex -0.274348187808666 0.0629999999999993 -1.00493651536693
  endloop
endfacet
facet normal 0.0 1.0 0.0
  outer loop
    vertex -0.274348187808666 0.0629999999999993 -1.00493651536693
    vertex -2.57577788562923 0.0630000000000002 -1.02451898095247
    vertex -2.60220159421178 0.0630000000000002 -0.985077084127771
  endloop
endfacet
facet normal 0.0 1.0 0.0
  outer loop
    vertex -0.274348187808666 0.0629999999999993 -1.00493651536693
    vertex -2.60220159421178 0.0630000000000002 -0.985077084127771
    vertex -0.529999999999989 0.0629999999999997 -0.899948009193152
  endloop
endfacet
facet normal 0.0 1.0 0.0
  outer loop
    vertex -0.529999999999989 0.0629999999999997 -0.899948009193152
    vertex -2.60220159421178 0.0630000000000002 -0.985077084127771
    vertex -2.62603053677473 0.0630000000000002 -0.944015458530183
  endloop
endfacet
facet normal 0.0 1.0 0.0
  outer loop
    vertex -0.529999999999989 0.0629999999999997 -0.899948009193152
    vertex -2.62603053677473 0.0630000000000002 -0.944015458530183
    vertex -2.64716579415075 0.0630000000000002 -0.901504559974232
  endloop
endfacet
facet normal 0.0 1.0 0.0
  outer loop
    vertex -0.529999999999989 0.0629999999999997 -0.899948009193152
    vertex -2.64716579415075 0.0630000000000002 -0.901504559974232
    vertex -2.66551962925055 0.0630000000000002 -0.857720860524388
  endloop
endfacet
facet normal 0.0 1.0 0.0
  outer loop
    vertex -0.529999999999989 0.0629999999999997 -0.899948009193152
    vertex -2.66551962925055 0.0630000000000002 -0.857720860524388
    vertex -0.749533188057734 0.0629999999999988 -0.732935414336808
  endloop
endfacet
facet normal 0.0 1.0 0.0
  outer loop
    vertex -0.749533188057734 0.0629999999999988 -0.732935414336808
    vertex -2.66551962925055 0.0630000000000002 -0.857720860524388
    vertex -2.7998788538045 0.0630000000000002 -0.505813631886329
  endloop
endfacet
facet normal 0.0 1.0 0.0
  outer loop
    vertex -0.749533188057734 0.0629999999999988 -0.732935414336808
    vertex -2.7998788538045 0.0630000000000002 -0.505813631886329
    vertex -0.917986928011496 0.0629999999999993 -0.515280363135943
  endloop
endfacet
facet normal 0.0 1.0 0.0
  outer loop
    vertex -0.917986928011496 0.0629999999999993 -0.515280363135943
    vertex -2.7998788538045 0.0630000000000002 -0.505813631886329
    vertex -1.02388137586641 0.0629999999999988 -0.261815687637957
  endloop
endfacet
facet normal 0.0 1.0 0.0
  outer loop
    vertex -1.02388137586641 0.0629999999999988 -0.261815687637957
    vertex -2.7998788538045 0.0630000000000002 -0.505813631886329
    vertex -2.81450022074276 0.0630000000000002 -0.462269561583897
  endloop
endfacet
facet normal 0.0 1.0 0.0
  outer loop
    vertex -1.02388137586641 0.0629999999999988 -0.261815687637957
    vertex -2.81450022074276 0.0630000000000002 -0.462269561583897
    vertex -2.82552655951659 0.0630000000000002 -0.417679312841697
  endloop
endfacet
facet normal 0.0 1.0 0.0
  outer loop
    vertex -1.02388137586641 0.0629999999999988 -0.261815687637957
    vertex -2.82552655951659 0.0630000000000002 -0.417679312841697
    vertex -2.83288460727592 0.0630000000000002 -0.372339158862935
  endloop
endfacet
facet normal 0.0 1.0 0.0
  outer loop
    vertex -1.02388137586641 0.0629999999999988 -0.261815687637957
    vertex -2.83288460727592 0.0630000000000002 -0.372339158862935
    vertex -2.83652547457876 0.0630000000000002 -0.326550355483401
  endloop
endfacet
facet normal 0.0 1.0 0.0
  outer loop
    vertex -1.02388137586641 0.0629999999999988 -0.261815687637957
    vertex -2.83652547457876 0.0630000000000002 -0.326550355483401
    vertex -2.83642497022977 0.0630000000000002 -0.280617139522374
  endloop
endfacet
facet normal 0.0 1.0 0.0
  outer loop
    vertex -1.02388137586641 0.0629999999999988 -0.261815687637957
    vertex -2.83642497022977 0.0630000000000002 -0.280617139522374
    vertex -2.54 0.0630000000000002 -0.25
  endloop
endfacet
facet normal 0.0 1.0 0.0
  outer loop
    vertex -2.54 0.0630000000000002 -0.25
    vertex -2.83642497022977 0.0630000000000002 -0.280617139522374
    vertex -2.83258376201496 0.0630000000000002 -0.234844707326816
  endloop
endfacet
facet normal 0.0 1.0 0.0
  outer loop
    vertex -2.54 0.0630000000000002 -0.25
    vertex -2.83258376201496 0.0630000000000002 -0.234844707326816
    vertex -2.57235238063782 0.0630000000000002 -0.245740728286134
  endloop
endfacet
facet normal 0.0 1.0 0.0
  outer loop
    vertex -2.57235238063782 0.0630000000000002 -0.245740728286134
    vertex -2.83258376201496 0.0630000000000002 -0.234844707326816
    vertex -2.6025 0.0630000000000002 -0.233253175473055
  endloop
endfacet
facet normal 0.0 1.0 0.0
  outer loop
    vertex -2.6025 0.0630000000000002 -0.233253175473055
    vertex -2.83258376201496 0.0630000000000002 -0.234844707326816
    vertex -2.82502737226477 0.0630000000000002 -0.189537186940133
  endloop
endfacet
facet normal 0.0 1.0 0.0
  outer loop
    vertex -2.6025 0.0630000000000002 -0.233253175473055
    vertex -2.82502737226477 0.0630000000000002 -0.189537186940133
    vertex -2.62838834764832 0.0630000000000002 -0.213388347648318
  endloop
endfacet
facet normal 0.0 1.0 0.0
  outer loop
    vertex -2.62838834764832 0.0630000000000002 -0.213388347648318
    vertex -2.82502737226477 0.0630000000000002 -0.189537186940133
    vertex -2.64825317547305 0.0630000000000002 -0.1875
  endloop
endfacet
facet normal 0.0 1.0 0.0
  outer loop
    vertex -2.64825317547305 0.0630000000000002 -0.1875
    vertex -2.82502737226477 0.0630000000000002 -0.189537186940133
    vertex -2.81380600827472 0.0630000000000002 -0.144995617369121
  endloop
endfacet
facet normal 0.0 1.0 0.0
  outer loop
    vertex -2.64825317547305 0.0630000000000002 -0.1875
    vertex -2.81380600827472 0.0630000000000002 -0.144995617369121
    vertex -2.66074072828613 0.0630000000000002 -0.157352380637815
  endloop
endfacet
facet normal 0.0 1.0 0.0
  outer loop
    vertex -2.66074072828613 0.0630000000000002 -0.157352380637815
    vertex -2.81380600827472 0.0630000000000002 -0.144995617369121
    vertex -2.665 0.0630000000000002 -0.125
  endloop
endfacet
facet normal 0.0 1.0 0.0
  outer loop
    vertex -2.665 0.0630000000000002 -0.125
    vertex -2.81380600827472 0.0630000000000002 -0.144995617369121
    vertex -2.7989942287106 0.0630000000000002 -0.101515948375552
  endloop
endfacet
facet normal 0.0 1.0 0.0
  outer loop
    vertex -2.665 0.0630000000000002 -0.125
    vertex -2.7989942287106 0.0630000000000002 -0.101515948375552
    vertex -2.66074072828613 0.0630000000000002 -0.092647619362185
  endloop
endfacet
facet normal 0.0 1.0 0.0
  outer loop
    vertex -2.66074072828613 0.0630000000000002 -0.092647619362185
    vertex -2.7989942287106 0.0630000000000002 -0.101515948375552
    vertex -2.78069044821463 0.0630000000000002 -0.0593870740824745
  endloop
endfacet
facet normal 0.0 1.0 0.0
  outer loop
    vertex -2.66074072828613 0.0630000000000002 -0.092647619362185
    vertex -2.78069044821463 0.0630000000000002 -0.0593870740824745
    vertex -2.64825317547305 0.0630000000000002 -0.0625
  endloop
endfacet
facet normal 0.0 1.0 0.0
  outer loop
    vertex -2.64825317547305 0.0630000000000002 -0.0625
    vertex -2.78069044821463 0.0630000000000002 -0.0593870740824745
    vertex -2.62838834764832 0.0630000000000002 -0.0366116523516817
  endloop
endfacet
facet normal 0.0 1.0 0.0
  outer loop
    vertex -2.62838834764832 0.0630000000000002 -0.0366116523516817
    vertex -2.78069044821463 0.0630000000000002 -0.0593870740824745
    vertex -2.75901628350418 0.0630000000000002 -0.0188889134606565
  endloop
endfacet
facet normal 0.0 1.0 0.0
  outer loop
    vertex -2.62838834764832 0.0630000000000002 -0.0366116523516817
    vertex -2.75901628350418 0.0630000000000002 -0.0188889134606565
    vertex -2.6025 0.0630000000000002 -0.0167468245269453
  endloop
endfacet
facet normal 0.0 1.0 0.0
  outer loop
    vertex -2.6025 0.0630000000000002 -0.0167468245269453
    vertex -2.75901628350418 0.0630000000000002 -0.0188889134606565
    vertex -2.73411574530774 0.0630000000000002 0.0197094495509309
  endloop
endfacet
facet normal 0.0 1.0 0.0
  outer loop
    vertex -2.6025 0.0630000000000002 -0.0167468245269453
    vertex -2.73411574530774 0.0630000000000002 0.0197094495509309
    vertex -2.57235238063782 0.0630000000000002 -0.00425927171386631
  endloop
endfacet
facet normal 0.0 1.0 0.0
  outer loop
    vertex -2.57235238063782 0.0630000000000002 -0.00425927171386631
    vertex -2.73411574530774 0.0630000000000002 0.0197094495509309
    vertex -2.54 0.0630000000000002 0.0
  endloop
endfacet
facet normal 0.0 1.0 0.0
  outer loop
    vertex -2.54 0.0630000000000002 0.0
    vertex -2.73411574530774 0.0630000000000002 0.0197094495509309
    vertex -1.06 0.0629999999999997 0.0101854133921759
  endloop
endfacet
facet normal 0.0 1.0 0.0
  outer loop
    vertex -1.06 0.0629999999999997 0.0101854133921759
    vertex -2.73411574530774 0.0630000000000002 0.0197094495509309
    vertex -1.02388137586641 0.0629999999999993 0.2821865144223
  endloop
endfacet
facet normal 0.0 1.0 0.0
  outer loop
    vertex -1.02388137586641 0.0629999999999993 0.2821865144223
    vertex -2.73411574530774 0.0630000000000002 0.0197094495509309
    vertex -1.76228991633137 0.0630000000000002 1.39926871096258
  endloop
endfacet
facet normal 0.0 1.0 0.0
  outer loop
    vertex -1.02388137586641 0.0629999999999993 0.2821865144223
    vertex -1.76228991633137 0.0630000000000002 1.39926871096258
    vertex -0.917986928011501 0.0629999999999993 0.53565118992029
  endloop
endfacet
facet normal 0.0 1.0 0.0
  outer loop
    vertex -0.917986928011501 0.0629999999999993 0.53565118992029
    vertex -1.76228991633137 0.0630000000000002 1.39926871096258
    vertex -0.749533188057736 0.0629999999999997 0.753306241121156
  endloop
endfacet
facet normal 0.0 1.0 0.0
  outer loop
    vertex -0.749533188057736 0.0629999999999997 0.753306241121156
    vertex -1.76228991633137 0.0630000000000002 1.39926871096258
    vertex -0.52999999999999 0.0629999999999988 0.920318835977515
  endloop
endfacet
facet normal 0.0 1.0 0.0
  outer loop
    vertex -0.52999999999999 0.0629999999999988 0.920318835977515
    vertex -1.76228991633137 0.0630000000000002 1.39926871096258
    vertex -0.274348187808672 0.0629999999999993 1.02530734215128
  endloop
endfacet
facet normal 0.0 1.0 0.0
  outer loop
    vertex -0.274348187808672 0.0629999999999993 1.02530734215128
    vertex -1.76228991633137 0.0630000000000002 1.39926871096258
    vertex 7.105427357601e-015 0.0629999999999993 1.06111696644841
  endloop
endfacet
facet normal 0.0 1.0 0.0
  outer loop
    vertex -1.76228991633137 0.0630000000000002 1.39926871096258
    vertex -0.342352380637815 0.0630000000000002 2.41925927171387
    vertex -0.31 0.0630000000000002 2.415
  endloop
endfacet
facet normal 0.0 1.0 0.0
  outer loop
    vertex -0.342352380637815 0.0630000000000002 2.41925927171387
    vertex -1.76228991633137 0.0630000000000002 1.39926871096258
    vertex -0.3725 0.0630000000000002 2.43174682452695
  endloop
endfacet
facet normal 0.0 1.0 0.0
  outer loop
    vertex -0.3725 0.0630000000000002 2.43174682452695
    vertex -1.76228991633137 0.0630000000000002 1.39926871096258
    vertex -0.398388347648318 0.0630000000000002 2.45161165235168
  endloop
endfacet
facet normal 0.0 1.0 0.0
  outer loop
    vertex -0.398388347648318 0.0630000000000002 2.45161165235168
    vertex -1.76228991633137 0.0630000000000002 1.39926871096258
    vertex -0.418253175473055 0.0630000000000002 2.4775
  endloop
endfacet
facet normal 0.0 1.0 0.0
  outer loop
    vertex -0.418253175473055 0.0630000000000002 2.4775
    vertex -1.76228991633137 0.0630000000000002 1.39926871096258
    vertex -0.523503865335996 0.0630000000000002 2.71254157321927
  endloop
endfacet
facet normal 0.0 1.0 0.0
  outer loop
    vertex -0.418253175473055 0.0630000000000002 2.4775
    vertex -0.523503865335996 0.0630000000000002 2.71254157321927
    vertex -0.430740728286133 0.0630000000000002 2.50764761936219
  endloop
endfacet
facet normal 0.0 1.0 0.0
  outer loop
    vertex -0.430740728286133 0.0630000000000002 2.50764761936219
    vertex -0.523503865335996 0.0630000000000002 2.71254157321927
    vertex -0.435 0.0630000000000002 2.54
  endloop
endfacet
facet normal 0.0 1.0 0.0
  outer loop
    vertex -0.435 0.0630000000000002 2.54
    vertex -0.523503865335996 0.0630000000000002 2.71254157321927
    vertex -0.430740728286133 0.0630000000000002 2.57235238063782
  endloop
endfacet
facet normal 0.0 1.0 0.0
  outer loop
    vertex -0.430740728286133 0.0630000000000002 2.57235238063782
    vertex -0.523503865335996 0.0630000000000002 2.71254157321927
    vertex -0.418253175473055 0.0630000000000002 2.6025
  endloop
endfacet
facet normal 0.0 1.0 0.0
  outer loop
    vertex -0.418253175473055 0.0630000000000002 2.6025
    vertex -0.523503865335996 0.0630000000000002 2.71254157321927
    vertex -0.398388347648318 0.0630000000000002 2.62838834764832
  endloop
endfacet
facet normal 0.0 1.0 0.0
  outer loop
    vertex -0.398388347648318 0.0630000000000002 2.62838834764832
    vertex -0.523503865335996 0.0630000000000002 2.71254157321927
    vertex -0.3725 0.0630000000000002 2.64825317547305
  endloop
endfacet
facet normal 0.0 1.0 0.0
  outer loop
    vertex -0.3725 0.0630000000000002 2.64825317547305
    vertex -0.523503865335996 0.0630000000000002 2.71254157321927
    vertex -0.342352380637815 0.0630000000000002 2.66074072828613
  endloop
endfacet
facet normal 0.0 1.0 0.0
  outer loop
    vertex -0.342352380637815 0.0630000000000002 2.66074072828613
    vertex -0.523503865335996 0.0630000000000002 2.71254157321927
    vertex -0.31 0.0630000000000002 2.665
  endloop
endfacet
facet normal 0.0 1.0 0.0
  outer loop
    vertex -0.31 0.0630000000000002 2.665
    vertex -0.523503865335996 0.0630000000000002 2.71254157321927
    vertex 0.83453799313896 0.0630000000000002 2.67729396162085
  endloop
endfacet
facet normal 0.0 1.0 0.0
  outer loop
    vertex 0.83453799313896 0.0630000000000002 2.67729396162085
    vertex -0.523503865335996 0.0630000000000002 2.71254157321927
    vertex 0.800163317026975 0.0630000000000002 2.7086788381053
  endloop
endfacet
facet normal 0.0 1.0 0.0
  outer loop
    vertex 0.800163317026975 0.0630000000000002 2.7086788381053
    vertex -0.523503865335996 0.0630000000000002 2.71254157321927
    vertex 0.763527259147266 0.0630000000000002 2.73739169398525
  endloop
endfacet
facet normal 0.0 1.0 0.0
  outer loop
    vertex 0.763527259147266 0.0630000000000002 2.73739169398525
    vertex -0.523503865335996 0.0630000000000002 2.71254157321927
    vertex -0.490366452387165 0.0630000000000002 2.74509087868864
  endloop
endfacet
facet normal 0.0 1.0 0.0
  outer loop
    vertex 0.763527259147266 0.0630000000000002 2.73739169398525
    vertex -0.490366452387165 0.0630000000000002 2.74509087868864
    vertex 0.724837017638018 0.0630000000000002 2.76327014142138
  endloop
endfacet
facet normal 0.0 1.0 0.0
  outer loop
    vertex 0.724837017638018 0.0630000000000002 2.76327014142138
    vertex -0.490366452387165 0.0630000000000002 2.74509087868864
    vertex -0.454845446357403 0.0630000000000002 2.77502085620472
  endloop
endfacet
facet normal 0.0 1.0 0.0
  outer loop
    vertex 0.724837017638018 0.0630000000000002 2.76327014142138
    vertex -0.454845446357403 0.0630000000000002 2.77502085620472
    vertex 0.684311408236258 0.0630000000000002 2.78616782279667
  endloop
endfacet
facet normal 0.0 1.0 0.0
  outer loop
    vertex 0.684311408236258 0.0630000000000002 2.78616782279667
    vertex -0.454845446357403 0.0630000000000002 2.77502085620472
    vertex -0.417147340458908 0.0630000000000002 2.80215751471577
  endloop
endfacet
facet normal 0.0 1.0 0.0
  outer loop
    vertex 0.684311408236258 0.0630000000000002 2.78616782279667
    vertex -0.417147340458908 0.0630000000000002 2.80215751471577
    vertex 0.642179626748056 0.0630000000000002 2.80595523845356
  endloop
endfacet
facet normal 0.0 1.0 0.0
  outer loop
    vertex 0.642179626748056 0.0630000000000002 2.80595523845356
    vertex -0.417147340458908 0.0630000000000002 2.80215751471577
    vertex -0.377491283974055 0.0630000000000002 2.82634310148867
  endloop
endfacet
facet normal 0.0 1.0 0.0
  outer loop
    vertex 0.642179626748056 0.0630000000000002 2.80595523845356
    vertex -0.377491283974055 0.0630000000000002 2.82634310148867
    vertex 0.598679952813419 0.0630000000000002 2.82252047908956
  endloop
endfacet
facet normal 0.0 1.0 0.0
  outer loop
    vertex 0.598679952813419 0.0630000000000002 2.82252047908956
    vertex -0.377491283974055 0.0630000000000002 2.82634310148867
    vertex 0.554058402296844 0.0630000000000002 2.83576985866918
  endloop
endfacet
facet normal 0.0 1.0 0.0
  outer loop
    vertex 0.554058402296844 0.0630000000000002 2.83576985866918
    vertex -0.377491283974055 0.0630000000000002 2.82634310148867
    vertex -0.336107808281366 0.0630000000000002 2.84743701916823
  endloop
endfacet
facet normal 0.0 1.0 0.0
  outer loop
    vertex 0.554058402296844 0.0630000000000002 2.83576985866918
    vertex -0.336107808281366 0.0630000000000002 2.84743701916823
    vertex 0.508567335925032 0.0630000000000002 2.84562844427279
  endloop
endfacet
facet normal 0.0 1.0 0.0
  outer loop
    vertex 0.508567335925032 0.0630000000000002 2.84562844427279
    vertex -0.336107808281366 0.0630000000000002 2.84743701916823
    vertex 0.462464032040739 0.0630000000000002 2.85204047988566
  endloop
endfacet
facet normal 0.0 1.0 0.0
  outer loop
    vertex 0.462464032040739 0.0630000000000002 2.85204047988566
    vertex -0.336107808281366 0.0630000000000002 2.84743701916823
    vertex -0.293237486714279 0.0630000000000002 2.86531664310762
  endloop
endfacet
facet normal 0.0 1.0 0.0
  outer loop
    vertex 0.462464032040739 0.0630000000000002 2.85204047988566
    vertex -0.293237486714279 0.0630000000000002 2.86531664310762
    vertex 0.336182647433332 0.0630000000000002 2.86478519774309
  endloop
endfacet
facet normal 0.0 1.0 0.0
  outer loop
    vertex 0.336182647433332 0.0630000000000002 2.86478519774309
    vertex -0.293237486714279 0.0630000000000002 2.86531664310762
    vertex -0.0191672297367478 0.0630000000000002 2.90064823439954
  endloop
endfacet
facet normal 0.0 1.0 0.0
  outer loop
    vertex -0.0191672297367478 0.0630000000000002 2.90064823439954
    vertex -0.293237486714279 0.0630000000000002 2.86531664310762
    vertex -0.249129536043312 0.0630000000000002 2.8798780342186
  endloop
endfacet
facet normal 0.0 1.0 0.0
  outer loop
    vertex -0.0191672297367478 0.0630000000000002 2.90064823439954
    vertex -0.249129536043312 0.0630000000000002 2.8798780342186
    vertex -0.204040367711591 0.0630000000000002 2.89103654319754
  endloop
endfacet
facet normal 0.0 1.0 0.0
  outer loop
    vertex -0.0191672297367478 0.0630000000000002 2.90064823439954
    vertex -0.204040367711591 0.0630000000000002 2.89103654319754
    vertex -0.158232097245806 0.0630000000000002 2.89872730261472
  endloop
endfacet
facet normal 0.0 1.0 0.0
  outer loop
    vertex -0.0191672297367478 0.0630000000000002 2.90064823439954
    vertex -0.158232097245806 0.0630000000000002 2.89872730261472
    vertex -0.111971020507784 0.0630000000000002 2.90290560400623
  endloop
endfacet
facet normal 0.0 1.0 0.0
  outer loop
    vertex -0.0191672297367478 0.0630000000000002 2.90064823439954
    vertex -0.111971020507784 0.0630000000000002 2.90290560400623
    vertex -0.0655260656446397 0.0630000000000002 2.90354715777634
  endloop
endfacet
facet normal 0.0 1.0 0.0
  outer loop
    vertex 0.87660491694374 0.0630000000000002 -2.40494376976227
    vertex 0.725270130562298 0.0630000000000002 -2.32572216111712
    vertex 2.49305321368743 0.0630000000000002 -0.424971784528783
  endloop
endfacet
facet normal 0.0 1.0 0.0
  outer loop
    vertex 0.725270130562298 0.0630000000000002 -2.32572216111712
    vertex 0.87660491694374 0.0630000000000002 -2.40494376976227
    vertex 0.69938178291398 0.0630000000000002 -2.34558698894186
  endloop
endfacet
facet normal 0.0 1.0 0.0
  outer loop
    vertex 0.69938178291398 0.0630000000000002 -2.34558698894186
    vertex 0.87660491694374 0.0630000000000002 -2.40494376976227
    vertex 0.669234163551795 0.0630000000000002 -2.35807454175494
  endloop
endfacet
facet normal 0.0 1.0 0.0
  outer loop
    vertex 0.669234163551795 0.0630000000000002 -2.35807454175494
    vertex 0.87660491694374 0.0630000000000002 -2.40494376976227
    vertex 0.63688178291398 0.0630000000000002 -2.3623338134688
  endloop
endfacet
facet normal 0.0 1.0 0.0
  outer loop
    vertex 2.49305321368743 0.0630000000000002 -0.424971784528783
    vertex 0.725270130562298 0.0630000000000002 -2.32572216111712
    vertex 0.745134958387034 0.0630000000000002 -2.2998338134688
  endloop
endfacet
facet normal 0.0 1.0 0.0
  outer loop
    vertex 2.49305321368743 0.0630000000000002 -0.424971784528783
    vertex 0.745134958387034 0.0630000000000002 -2.2998338134688
    vertex 0.757622511200113 0.0630000000000002 -2.26968619410662
  endloop
endfacet
facet normal 0.0 1.0 0.0
  outer loop
    vertex 2.49305321368743 0.0630000000000002 -0.424971784528783
    vertex 0.757622511200113 0.0630000000000002 -2.26968619410662
    vertex 0.76188178291398 0.0630000000000002 -2.2373338134688
  endloop
endfacet
facet normal 0.0 1.0 0.0
  outer loop
    vertex 2.49305321368743 0.0630000000000002 -0.424971784528783
    vertex 0.76188178291398 0.0630000000000002 -2.2373338134688
    vertex 0.757622511200113 0.0630000000000002 -2.20498143283099
  endloop
endfacet
facet normal 0.0 1.0 0.0
  outer loop
    vertex 2.49305321368743 0.0630000000000002 -0.424971784528783
    vertex 0.757622511200113 0.0630000000000002 -2.20498143283099
    vertex 0.745134958387034 0.0630000000000002 -2.1748338134688
  endloop
endfacet
facet normal 0.0 1.0 0.0
  outer loop
    vertex 2.49305321368743 0.0630000000000002 -0.424971784528783
    vertex 0.745134958387034 0.0630000000000002 -2.1748338134688
    vertex 0.725270130562298 0.0630000000000002 -2.14894546582048
  endloop
endfacet
facet normal 0.0 1.0 0.0
  outer loop
    vertex 2.49305321368743 0.0630000000000002 -0.424971784528783
    vertex 0.725270130562298 0.0630000000000002 -2.14894546582048
    vertex 0.69938178291398 0.0630000000000002 -2.12908063799575
  endloop
endfacet
facet normal 0.0 1.0 0.0
  outer loop
    vertex 2.49305321368743 0.0630000000000002 -0.424971784528783
    vertex 0.69938178291398 0.0630000000000002 -2.12908063799575
    vertex 0.669234163551795 0.0630000000000002 -2.11659308518267
  endloop
endfacet
facet normal 0.0 1.0 0.0
  outer loop
    vertex 2.49305321368743 0.0630000000000002 -0.424971784528783
    vertex 0.669234163551795 0.0630000000000002 -2.11659308518267
    vertex 0.63688178291398 0.0630000000000002 -2.1123338134688
  endloop
endfacet
facet normal 0.0 1.0 0.0
  outer loop
    vertex 2.49305321368743 0.0630000000000002 -0.424971784528783
    vertex 0.63688178291398 0.0630000000000002 -2.1123338134688
    vertex 0.27434818780868 0.0629999999999993 -1.00493651536692
  endloop
endfacet
facet normal 0.0 1.0 0.0
  outer loop
    vertex 0.27434818780868 0.0629999999999993 -1.00493651536692
    vertex 0.63688178291398 0.0630000000000002 -2.1123338134688
    vertex 3.5527136788005e-015 0.0629999999999993 -1.04074613966406
  endloop
endfacet
facet normal 0.0 1.0 0.0
  outer loop
    vertex 3.5527136788005e-015 0.0629999999999993 -1.04074613966406
    vertex 0.63688178291398 0.0630000000000002 -2.1123338134688
    vertex -2.28617206989249 0.0630000000000002 -1.26380704332101
  endloop
endfacet
facet normal 0.0 1.0 0.0
  outer loop
    vertex 3.5527136788005e-015 0.0629999999999993 -1.04074613966406
    vertex -2.28617206989249 0.0630000000000002 -1.26380704332101
    vertex -2.32860620448979 0.0630000000000002 -1.24251808323925
  endloop
endfacet
facet normal 0.0 1.0 0.0
  outer loop
    vertex 3.5527136788005e-015 0.0629999999999993 -1.04074613966406
    vertex -2.32860620448979 0.0630000000000002 -1.24251808323925
    vertex -2.36958132754209 0.0630000000000002 -1.21854070032881
  endloop
endfacet
facet normal 0.0 1.0 0.0
  outer loop
    vertex 3.5527136788005e-015 0.0629999999999993 -1.04074613966406
    vertex -2.36958132754209 0.0630000000000002 -1.21854070032881
    vertex -2.40892734232591 0.0630000000000002 -1.1919744299655
  endloop
endfacet
facet normal 0.0 1.0 0.0
  outer loop
    vertex 3.5527136788005e-015 0.0629999999999993 -1.04074613966406
    vertex -2.40892734232591 0.0630000000000002 -1.1919744299655
    vertex -2.44648091490351 0.0630000000000002 -1.16292955456477
  endloop
endfacet
facet normal 0.0 1.0 0.0
  outer loop
    vertex 3.5527136788005e-015 0.0629999999999993 -1.04074613966406
    vertex -2.44648091490351 0.0630000000000002 -1.16292955456477
    vertex -2.48208615215793 0.0630000000000002 -1.13152664577526
  endloop
endfacet
facet normal 0.0 1.0 0.0
  outer loop
    vertex 3.5527136788005e-015 0.0629999999999993 -1.04074613966406
    vertex -2.48208615215793 0.0630000000000002 -1.13152664577526
    vertex -2.51559524893947 0.0630000000000002 -1.09789606395945
  endloop
endfacet
facet normal 0.0 1.0 0.0
  outer loop
    vertex 3.5527136788005e-015 0.0629999999999993 -1.04074613966406
    vertex -2.51559524893947 0.0630000000000002 -1.09789606395945
    vertex -2.54686910163735 0.0630000000000002 -1.06217741703916
  endloop
endfacet
facet normal 0.0 1.0 0.0
  outer loop
    vertex 2.49305321368743 0.0630000000000002 -0.424971784528783
    vertex 0.27434818780868 0.0629999999999993 -1.00493651536692
    vertex 0.530000000000006 0.0629999999999993 -0.899948009193153
  endloop
endfacet
facet normal 0.0 1.0 0.0
  outer loop
    vertex 2.49305321368743 0.0630000000000002 -0.424971784528783
    vertex 0.530000000000006 0.0629999999999993 -0.899948009193153
    vertex 0.749533188057737 0.0629999999999984 -0.732935414336812
  endloop
endfacet
facet normal 0.0 1.0 0.0
  outer loop
    vertex 2.49305321368743 0.0630000000000002 -0.424971784528783
    vertex 0.749533188057737 0.0629999999999984 -0.732935414336812
    vertex 0.917986928011506 0.0629999999999988 -0.515280363135948
  endloop
endfacet
facet normal 0.0 1.0 0.0
  outer loop
    vertex 2.49305321368743 0.0630000000000002 -0.424971784528783
    vertex 0.917986928011506 0.0629999999999988 -0.515280363135948
    vertex 1.02388137586642 0.0629999999999984 -0.261815687637957
  endloop
endfacet
facet normal 0.0 1.0 0.0
  outer loop
    vertex 2.49305321368743 0.0630000000000002 -0.424971784528783
    vertex 1.02388137586642 0.0629999999999984 -0.261815687637957
    vertex 2.29 0.0630000000000002 -0.375
  endloop
endfacet
facet normal 0.0 1.0 0.0
  outer loop
    vertex 2.49305321368743 0.0630000000000002 -0.424971784528783
    vertex 2.29 0.0630000000000002 -0.375
    vertex 2.51863198109017 0.0630000000000002 -0.390072358203662
  endloop
endfacet
facet normal 0.0 1.0 0.0
  outer loop
    vertex 2.29 0.0630000000000002 -0.375
    vertex 1.02388137586642 0.0629999999999984 -0.261815687637957
    vertex 2.25764761936218 0.0630000000000002 -0.370740728286134
  endloop
endfacet
facet normal 0.0 1.0 0.0
  outer loop
    vertex 2.25764761936218 0.0630000000000002 -0.370740728286134
    vertex 1.02388137586642 0.0629999999999984 -0.261815687637957
    vertex 2.2275 0.0630000000000002 -0.358253175473055
  endloop
endfacet
facet normal 0.0 1.0 0.0
  outer loop
    vertex 2.2275 0.0630000000000002 -0.358253175473055
    vertex 1.02388137586642 0.0629999999999984 -0.261815687637957
    vertex 2.20161165235168 0.0630000000000002 -0.338388347648318
  endloop
endfacet
facet normal 0.0 1.0 0.0
  outer loop
    vertex 2.20161165235168 0.0630000000000002 -0.338388347648318
    vertex 1.02388137586642 0.0629999999999984 -0.261815687637957
    vertex 2.18174682452695 0.0630000000000002 -0.3125
  endloop
endfacet
facet normal 0.0 1.0 0.0
  outer loop
    vertex 2.18174682452695 0.0630000000000002 -0.3125
    vertex 1.02388137586642 0.0629999999999984 -0.261815687637957
    vertex 2.16925927171387 0.0630000000000002 -0.282352380637815
  endloop
endfacet
facet normal 0.0 1.0 0.0
  outer loop
    vertex 2.16925927171387 0.0630000000000002 -0.282352380637815
    vertex 1.02388137586642 0.0629999999999984 -0.261815687637957
    vertex 2.165 0.0630000000000002 -0.25
  endloop
endfacet
facet normal 0.0 1.0 0.0
  outer loop
    vertex 2.165 0.0630000000000002 -0.25
    vertex 1.02388137586642 0.0629999999999984 -0.261815687637957
    vertex 1.06000000000001 0.0629999999999993 0.0101854133921839
  endloop
endfacet
facet normal 0.0 1.0 0.0
  outer loop
    vertex 2.165 0.0630000000000002 -0.25
    vertex 1.06000000000001 0.0629999999999993 0.0101854133921839
    vertex 2.16925927171387 0.0630000000000002 -0.217647619362185
  endloop
endfacet
facet normal 0.0 1.0 0.0
  outer loop
    vertex 2.16925927171387 0.0630000000000002 -0.217647619362185
    vertex 1.06000000000001 0.0629999999999993 0.0101854133921839
    vertex 2.18174682452695 0.0630000000000002 -0.1875
  endloop
endfacet
facet normal 0.0 1.0 0.0
  outer loop
    vertex 2.18174682452695 0.0630000000000002 -0.1875
    vertex 1.06000000000001 0.0629999999999993 0.0101854133921839
    vertex 2.20161165235168 0.0630000000000002 -0.161611652351682
  endloop
endfacet
facet normal 0.0 1.0 0.0
  outer loop
    vertex 2.20161165235168 0.0630000000000002 -0.161611652351682
    vertex 1.06000000000001 0.0629999999999993 0.0101854133921839
    vertex 2.2275 0.0630000000000002 -0.141746824526945
  endloop
endfacet
facet normal 0.0 1.0 0.0
  outer loop
    vertex 2.2275 0.0630000000000002 -0.141746824526945
    vertex 1.06000000000001 0.0629999999999993 0.0101854133921839
    vertex 2.25764761936218 0.0630000000000002 -0.129259271713866
  endloop
endfacet
facet normal 0.0 1.0 0.0
  outer loop
    vertex 2.25764761936218 0.0630000000000002 -0.129259271713866
    vertex 1.06000000000001 0.0629999999999993 0.0101854133921839
    vertex 2.29 0.0630000000000002 -0.125
  endloop
endfacet
facet normal 0.0 1.0 0.0
  outer loop
    vertex 2.29 0.0630000000000002 -0.125
    vertex 1.06000000000001 0.0629999999999993 0.0101854133921839
    vertex 2.58187636226489 0.0630000000000002 -0.100568602244456
  endloop
endfacet
facet normal 0.0 1.0 0.0
  outer loop
    vertex 2.58187636226489 0.0630000000000002 -0.100568602244456
    vertex 1.06000000000001 0.0629999999999993 0.0101854133921839
    vertex 2.57318138062413 0.0630000000000002 -0.0581818048432252
  endloop
endfacet
facet normal 0.0 1.0 0.0
  outer loop
    vertex 2.57318138062413 0.0630000000000002 -0.0581818048432252
    vertex 1.06000000000001 0.0629999999999993 0.0101854133921839
    vertex 2.56011859099705 0.0630000000000002 -0.0169312675518789
  endloop
endfacet
facet normal 0.0 1.0 0.0
  outer loop
    vertex 2.56011859099705 0.0630000000000002 -0.0169312675518789
    vertex 1.06000000000001 0.0629999999999993 0.0101854133921839
    vertex 2.54283010834749 0.0630000000000002 0.0227342296382718
  endloop
endfacet
facet normal 0.0 1.0 0.0
  outer loop
    vertex 2.54283010834749 0.0630000000000002 0.0227342296382718
    vertex 1.06000000000001 0.0629999999999993 0.0101854133921839
    vertex 1.02388137586641 0.0629999999999988 0.282186514422293
  endloop
endfacet
facet normal 0.0 1.0 0.0
  outer loop
    vertex 2.54283010834749 0.0630000000000002 0.0227342296382718
    vertex 1.02388137586641 0.0629999999999988 0.282186514422293
    vertex 2.52150402053084 0.0630000000000002 0.0603831509787667
  endloop
endfacet
facet normal 0.0 1.0 0.0
  outer loop
    vertex 2.52150402053084 0.0630000000000002 0.0603831509787667
    vertex 1.02388137586641 0.0629999999999988 0.282186514422293
    vertex 0.922220109266202 0.0630000000000002 2.56895166133883
  endloop
endfacet
facet normal 0.0 1.0 0.0
  outer loop
    vertex 0.922220109266202 0.0630000000000002 2.56895166133883
    vertex 1.02388137586641 0.0629999999999988 0.282186514422293
    vertex 0.917986928011509 0.0629999999999988 0.535651189920293
  endloop
endfacet
facet normal 0.0 1.0 0.0
  outer loop
    vertex 0.922220109266202 0.0630000000000002 2.56895166133883
    vertex 0.917986928011509 0.0629999999999988 0.535651189920293
    vertex 0.749533188057741 0.0629999999999993 0.753306241121153
  endloop
endfacet
facet normal 0.0 1.0 0.0
  outer loop
    vertex 0.922220109266202 0.0630000000000002 2.56895166133883
    vertex 0.749533188057741 0.0629999999999993 0.753306241121153
    vertex 0.530000000000003 0.0629999999999988 0.920318835977507
  endloop
endfacet
facet normal 0.0 1.0 0.0
  outer loop
    vertex 0.922220109266202 0.0630000000000002 2.56895166133883
    vertex 0.530000000000003 0.0629999999999988 0.920318835977507
    vertex 0.274348187808676 0.0629999999999988 1.02530734215128
  endloop
endfacet
facet normal 0.0 1.0 0.0
  outer loop
    vertex 0.922220109266202 0.0630000000000002 2.56895166133883
    vertex 0.274348187808676 0.0629999999999988 1.02530734215128
    vertex 7.105427357601e-015 0.0629999999999993 1.06111696644841
  endloop
endfacet
facet normal 0.0 1.0 0.0
  outer loop
    vertex 0.922220109266202 0.0630000000000002 2.56895166133883
    vertex 7.105427357601e-015 0.0629999999999993 1.06111696644841
    vertex -1.76228991633137 0.0630000000000002 1.39926871096258
  endloop
endfacet
facet normal 0.0 1.0 0.0
  outer loop
    vertex 0.922220109266202 0.0630000000000002 2.56895166133883
    vertex -1.76228991633137 0.0630000000000002 1.39926871096258
    vertex -0.31 0.0630000000000002 2.415
  endloop
endfacet
facet normal 0.0 1.0 0.0
  outer loop
    vertex 0.922220109266202 0.0630000000000002 2.56895166133883
    vertex -0.31 0.0630000000000002 2.415
    vertex -0.277647619362185 0.0630000000000002 2.41925927171387
  endloop
endfacet
facet normal 0.0 1.0 0.0
  outer loop
    vertex 0.922220109266202 0.0630000000000002 2.56895166133883
    vertex -0.277647619362185 0.0630000000000002 2.41925927171387
    vertex -0.2475 0.0630000000000002 2.43174682452695
  endloop
endfacet
facet normal 0.0 1.0 0.0
  outer loop
    vertex 0.922220109266202 0.0630000000000002 2.56895166133883
    vertex -0.2475 0.0630000000000002 2.43174682452695
    vertex -0.221611652351681 0.0630000000000002 2.45161165235168
  endloop
endfacet
facet normal 0.0 1.0 0.0
  outer loop
    vertex 0.922220109266202 0.0630000000000002 2.56895166133883
    vertex -0.221611652351681 0.0630000000000002 2.45161165235168
    vertex -0.201746824526945 0.0630000000000002 2.4775
  endloop
endfacet
facet normal 0.0 1.0 0.0
  outer loop
    vertex 0.922220109266202 0.0630000000000002 2.56895166133883
    vertex -0.201746824526945 0.0630000000000002 2.4775
    vertex -0.189259271713866 0.0630000000000002 2.50764761936219
  endloop
endfacet
facet normal 0.0 1.0 0.0
  outer loop
    vertex 0.922220109266202 0.0630000000000002 2.56895166133883
    vertex -0.189259271713866 0.0630000000000002 2.50764761936219
    vertex -0.185 0.0630000000000002 2.54
  endloop
endfacet
facet normal 0.0 1.0 0.0
  outer loop
    vertex 0.922220109266202 0.0630000000000002 2.56895166133883
    vertex -0.185 0.0630000000000002 2.54
    vertex -0.189259271713866 0.0630000000000002 2.57235238063782
  endloop
endfacet
facet normal 0.0 1.0 0.0
  outer loop
    vertex 0.922220109266202 0.0630000000000002 2.56895166133883
    vertex -0.189259271713866 0.0630000000000002 2.57235238063782
    vertex 0.895739454122864 0.0630000000000002 2.60723225345713
  endloop
endfacet
facet normal 0.0 1.0 0.0
  outer loop
    vertex 0.895739454122864 0.0630000000000002 2.60723225345713
    vertex -0.189259271713866 0.0630000000000002 2.57235238063782
    vertex -0.201746824526945 0.0630000000000002 2.6025
  endloop
endfacet
facet normal 0.0 1.0 0.0
  outer loop
    vertex 0.895739454122864 0.0630000000000002 2.60723225345713
    vertex -0.201746824526945 0.0630000000000002 2.6025
    vertex -0.221611652351682 0.0630000000000002 2.62838834764832
  endloop
endfacet
facet normal 0.0 1.0 0.0
  outer loop
    vertex 0.895739454122864 0.0630000000000002 2.60723225345713
    vertex -0.221611652351682 0.0630000000000002 2.62838834764832
    vertex 0.866456878769415 0.0630000000000002 2.64341456419619
  endloop
endfacet
facet normal 0.0 1.0 0.0
  outer loop
    vertex 0.866456878769415 0.0630000000000002 2.64341456419619
    vertex -0.221611652351682 0.0630000000000002 2.62838834764832
    vertex -0.2475 0.0630000000000002 2.64825317547305
  endloop
endfacet
facet normal 0.0 1.0 0.0
  outer loop
    vertex 0.866456878769415 0.0630000000000002 2.64341456419619
    vertex -0.2475 0.0630000000000002 2.64825317547305
    vertex 0.83453799313896 0.0630000000000002 2.67729396162085
  endloop
endfacet
facet normal 0.0 1.0 0.0
  outer loop
    vertex 0.83453799313896 0.0630000000000002 2.67729396162085
    vertex -0.2475 0.0630000000000002 2.64825317547305
    vertex -0.277647619362185 0.0630000000000002 2.66074072828613
  endloop
endfacet
facet normal 0.0 1.0 0.0
  outer loop
    vertex 0.83453799313896 0.0630000000000002 2.67729396162085
    vertex -0.277647619362185 0.0630000000000002 2.66074072828613
    vertex -0.31 0.0630000000000002 2.665
  endloop
endfacet
facet normal 0.0 1.0 0.0
  outer loop
    vertex -1.02388137586641 0.0629999999999988 -0.261815687637957
    vertex -2.50764761936219 0.0630000000000002 -0.245740728286134
    vertex -1.06 0.0629999999999997 0.0101854133921759
  endloop
endfacet
facet normal 0.0 1.0 0.0
  outer loop
    vertex -2.50764761936219 0.0630000000000002 -0.245740728286134
    vertex -1.02388137586641 0.0629999999999988 -0.261815687637957
    vertex -2.54 0.0630000000000002 -0.25
  endloop
endfacet
facet normal 0.0 1.0 0.0
  outer loop
    vertex -1.06 0.0629999999999997 0.0101854133921759
    vertex -2.50764761936219 0.0630000000000002 -0.245740728286134
    vertex -2.4775 0.0630000000000002 -0.233253175473055
  endloop
endfacet
facet normal 0.0 1.0 0.0
  outer loop
    vertex -1.06 0.0629999999999997 0.0101854133921759
    vertex -2.4775 0.0630000000000002 -0.233253175473055
    vertex -2.45161165235168 0.0630000000000002 -0.213388347648318
  endloop
endfacet
facet normal 0.0 1.0 0.0
  outer loop
    vertex -1.06 0.0629999999999997 0.0101854133921759
    vertex -2.45161165235168 0.0630000000000002 -0.213388347648318
    vertex -2.43174682452695 0.0630000000000002 -0.1875
  endloop
endfacet
facet normal 0.0 1.0 0.0
  outer loop
    vertex -1.06 0.0629999999999997 0.0101854133921759
    vertex -2.43174682452695 0.0630000000000002 -0.1875
    vertex -2.41925927171387 0.0630000000000002 -0.157352380637815
  endloop
endfacet
facet normal 0.0 1.0 0.0
  outer loop
    vertex -1.06 0.0629999999999997 0.0101854133921759
    vertex -2.41925927171387 0.0630000000000002 -0.157352380637815
    vertex -2.415 0.0630000000000002 -0.125
  endloop
endfacet
facet normal 0.0 1.0 0.0
  outer loop
    vertex -1.06 0.0629999999999997 0.0101854133921759
    vertex -2.415 0.0630000000000002 -0.125
    vertex -2.41925927171387 0.0630000000000002 -0.092647619362185
  endloop
endfacet
facet normal 0.0 1.0 0.0
  outer loop
    vertex -1.06 0.0629999999999997 0.0101854133921759
    vertex -2.41925927171387 0.0630000000000002 -0.092647619362185
    vertex -2.43174682452695 0.0630000000000002 -0.0625
  endloop
endfacet
facet normal 0.0 1.0 0.0
  outer loop
    vertex -1.06 0.0629999999999997 0.0101854133921759
    vertex -2.43174682452695 0.0630000000000002 -0.0625
    vertex -2.45161165235168 0.0630000000000002 -0.0366116523516817
  endloop
endfacet
facet normal 0.0 1.0 0.0
  outer loop
    vertex -1.06 0.0629999999999997 0.0101854133921759
    vertex -2.45161165235168 0.0630000000000002 -0.0366116523516817
    vertex -2.4775 0.0630000000000002 -0.0167468245269453
  endloop
endfacet
facet normal 0.0 1.0 0.0
  outer loop
    vertex -1.06 0.0629999999999997 0.0101854133921759
    vertex -2.4775 0.0630000000000002 -0.0167468245269453
    vertex -2.50764761936219 0.0630000000000002 -0.00425927171386631
  endloop
endfacet
facet normal 0.0 1.0 0.0
  outer loop
    vertex -1.06 0.0629999999999997 0.0101854133921759
    vertex -2.50764761936219 0.0630000000000002 -0.00425927171386631
    vertex -2.54 0.0630000000000002 0.0
  endloop
endfacet
facet normal 0.0 1.0 0.0
  outer loop
    vertex 2.29 0.0630000000000002 -0.375
    vertex 2.54043640378383 0.0630000000000002 -0.352698430785445
    vertex 2.51863198109017 0.0630000000000002 -0.390072358203662
  endloop
endfacet
facet normal 0.0 1.0 0.0
  outer loop
    vertex 2.54043640378383 0.0630000000000002 -0.352698430785445
    vertex 2.29 0.0630000000000002 -0.375
    vertex 2.32235238063781 0.0630000000000002 -0.370740728286134
  endloop
endfacet
facet normal 0.0 1.0 0.0
  outer loop
    vertex 2.54043640378383 0.0630000000000002 -0.352698430785445
    vertex 2.32235238063781 0.0630000000000002 -0.370740728286134
    vertex 2.3525 0.0630000000000002 -0.358253175473055
  endloop
endfacet
facet normal 0.0 1.0 0.0
  outer loop
    vertex 2.54043640378383 0.0630000000000002 -0.352698430785445
    vertex 2.3525 0.0630000000000002 -0.358253175473055
    vertex 2.37838834764832 0.0630000000000002 -0.338388347648318
  endloop
endfacet
facet normal 0.0 1.0 0.0
  outer loop
    vertex 2.54043640378383 0.0630000000000002 -0.352698430785445
    vertex 2.37838834764832 0.0630000000000002 -0.338388347648318
    vertex 2.55822926331577 0.0630000000000002 -0.31325660717975
  endloop
endfacet
facet normal 0.0 1.0 0.0
  outer loop
    vertex 2.55822926331577 0.0630000000000002 -0.31325660717975
    vertex 2.37838834764832 0.0630000000000002 -0.338388347648318
    vertex 2.39825317547305 0.0630000000000002 -0.3125
  endloop
endfacet
facet normal 0.0 1.0 0.0
  outer loop
    vertex 2.55822926331577 0.0630000000000002 -0.31325660717975
    vertex 2.39825317547305 0.0630000000000002 -0.3125
    vertex 2.57181698452624 0.0630000000000002 -0.27217598970663
  endloop
endfacet
facet normal 0.0 1.0 0.0
  outer loop
    vertex 2.57181698452624 0.0630000000000002 -0.27217598970663
    vertex 2.39825317547305 0.0630000000000002 -0.3125
    vertex 2.41074072828613 0.0630000000000002 -0.282352380637815
  endloop
endfacet
facet normal 0.0 1.0 0.0
  outer loop
    vertex 2.57181698452624 0.0630000000000002 -0.27217598970663
    vertex 2.41074072828613 0.0630000000000002 -0.282352380637815
    vertex 2.415 0.0630000000000002 -0.25
  endloop
endfacet
facet normal 0.0 1.0 0.0
  outer loop
    vertex 2.57181698452624 0.0630000000000002 -0.27217598970663
    vertex 2.415 0.0630000000000002 -0.25
    vertex 2.58105174152477 0.0630000000000002 -0.229903509736275
  endloop
endfacet
facet normal 0.0 1.0 0.0
  outer loop
    vertex 2.58105174152477 0.0630000000000002 -0.229903509736275
    vertex 2.415 0.0630000000000002 -0.25
    vertex 2.41074072828613 0.0630000000000002 -0.217647619362185
  endloop
endfacet
facet normal 0.0 1.0 0.0
  outer loop
    vertex 2.58105174152477 0.0630000000000002 -0.229903509736275
    vertex 2.41074072828613 0.0630000000000002 -0.217647619362185
    vertex 2.58583306594326 0.0630000000000002 -0.186899065355824
  endloop
endfacet
facet normal 0.0 1.0 0.0
  outer loop
    vertex 2.58583306594326 0.0630000000000002 -0.186899065355824
    vertex 2.41074072828613 0.0630000000000002 -0.217647619362185
    vertex 2.39825317547305 0.0630000000000002 -0.1875
  endloop
endfacet
facet normal 0.0 1.0 0.0
  outer loop
    vertex 2.58583306594326 0.0630000000000002 -0.186899065355824
    vertex 2.39825317547305 0.0630000000000002 -0.1875
    vertex 2.37838834764832 0.0630000000000002 -0.161611652351682
  endloop
endfacet
facet normal 0.0 1.0 0.0
  outer loop
    vertex 2.58583306594326 0.0630000000000002 -0.186899065355824
    vertex 2.37838834764832 0.0630000000000002 -0.161611652351682
    vertex 2.58610893996879 0.0630000000000002 -0.143630517966431
  endloop
endfacet
facet normal 0.0 1.0 0.0
  outer loop
    vertex 2.58610893996879 0.0630000000000002 -0.143630517966431
    vertex 2.37838834764832 0.0630000000000002 -0.161611652351682
    vertex 2.3525 0.0630000000000002 -0.141746824526945
  endloop
endfacet
facet normal 0.0 1.0 0.0
  outer loop
    vertex 2.58610893996879 0.0630000000000002 -0.143630517966431
    vertex 2.3525 0.0630000000000002 -0.141746824526945
    vertex 2.58187636226489 0.0630000000000002 -0.100568602244456
  endloop
endfacet
facet normal 0.0 1.0 0.0
  outer loop
    vertex 2.58187636226489 0.0630000000000002 -0.100568602244456
    vertex 2.3525 0.0630000000000002 -0.141746824526945
    vertex 2.32235238063781 0.0630000000000002 -0.129259271713866
  endloop
endfacet
facet normal 0.0 1.0 0.0
  outer loop
    vertex 2.58187636226489 0.0630000000000002 -0.100568602244456
    vertex 2.32235238063781 0.0630000000000002 -0.129259271713866
    vertex 2.29 0.0630000000000002 -0.125
  endloop
endfacet
facet normal 0.0 1.0 0.0
  outer loop
    vertex 0.537030206227613 0.0630000000000002 -2.54513991736166
    vertex 0.621922389086887 0.0630000000000002 -2.54455776574655
    vertex 0.579492309812288 0.0630000000000002 -2.54718381196073
  endloop
endfacet
facet normal 0.0 1.0 0.0
  outer loop
    vertex 0.621922389086887 0.0630000000000002 -2.54455776574655
    vertex 0.537030206227613 0.0630000000000002 -2.54513991736166
    vertex 0.495048510756382 0.0630000000000002 -2.53845074765769
  endloop
endfacet
facet normal 0.0 1.0 0.0
  outer loop
    vertex 0.621922389086887 0.0630000000000002 -2.54455776574655
    vertex 0.495048510756382 0.0630000000000002 -2.53845074765769
    vertex 0.663808398097081 0.0630000000000002 -2.53729346982983
  endloop
endfacet
facet normal 0.0 1.0 0.0
  outer loop
    vertex 0.663808398097081 0.0630000000000002 -2.53729346982983
    vertex 0.495048510756382 0.0630000000000002 -2.53845074765769
    vertex 0.454053858259746 0.0630000000000002 -2.52719702771058
  endloop
endfacet
facet normal 0.0 1.0 0.0
  outer loop
    vertex 0.663808398097081 0.0630000000000002 -2.53729346982983
    vertex 0.454053858259746 0.0630000000000002 -2.52719702771058
    vertex 0.704644856725385 0.0630000000000002 -2.52547858969219
  endloop
endfacet
facet normal 0.0 1.0 0.0
  outer loop
    vertex 0.704644856725385 0.0630000000000002 -2.52547858969219
    vertex 0.454053858259746 0.0630000000000002 -2.52719702771058
    vertex 0.414540971969876 0.0630000000000002 -2.51151456734839
  endloop
endfacet
facet normal 0.0 1.0 0.0
  outer loop
    vertex 0.704644856725385 0.0630000000000002 -2.52547858969219
    vertex 0.414540971969876 0.0630000000000002 -2.51151456734839
    vertex 0.743938950822326 0.0630000000000002 -2.50925570723966
  endloop
endfacet
facet normal 0.0 1.0 0.0
  outer loop
    vertex 0.743938950822326 0.0630000000000002 -2.50925570723966
    vertex 0.414540971969876 0.0630000000000002 -2.51151456734839
    vertex -2.28617206989249 0.0630000000000002 -1.26380704332101
  endloop
endfacet
facet normal 0.0 1.0 0.0
  outer loop
    vertex 0.743938950822326 0.0630000000000002 -2.50925570723966
    vertex -2.28617206989249 0.0630000000000002 -1.26380704332101
    vertex 0.781216479484786 0.0630000000000002 -2.48882060012501
  endloop
endfacet
facet normal 0.0 1.0 0.0
  outer loop
    vertex 0.781216479484786 0.0630000000000002 -2.48882060012501
    vertex -2.28617206989249 0.0630000000000002 -1.26380704332101
    vertex 0.816027577709793 0.0630000000000002 -2.46441987910418
  endloop
endfacet
facet normal 0.0 1.0 0.0
  outer loop
    vertex 0.816027577709793 0.0630000000000002 -2.46441987910418
    vertex -2.28617206989249 0.0630000000000002 -1.26380704332101
    vertex 0.604529402276165 0.0630000000000002 -2.35807454175494
  endloop
endfacet
facet normal 0.0 1.0 0.0
  outer loop
    vertex 0.816027577709793 0.0630000000000002 -2.46441987910418
    vertex 0.604529402276165 0.0630000000000002 -2.35807454175494
    vertex 0.847952145362807 0.0630000000000002 -2.43634801193906
  endloop
endfacet
facet normal 0.0 1.0 0.0
  outer loop
    vertex 0.847952145362807 0.0630000000000002 -2.43634801193906
    vertex 0.604529402276165 0.0630000000000002 -2.35807454175494
    vertex 0.87660491694374 0.0630000000000002 -2.40494376976227
  endloop
endfacet
facet normal 0.0 1.0 0.0
  outer loop
    vertex 0.87660491694374 0.0630000000000002 -2.40494376976227
    vertex 0.604529402276165 0.0630000000000002 -2.35807454175494
    vertex 0.63688178291398 0.0630000000000002 -2.3623338134688
  endloop
endfacet
facet normal 0.0 1.0 0.0
  outer loop
    vertex 0.604529402276165 0.0630000000000002 -2.35807454175494
    vertex -2.28617206989249 0.0630000000000002 -1.26380704332101
    vertex 0.57438178291398 0.0630000000000002 -2.34558698894186
  endloop
endfacet
facet normal 0.0 1.0 0.0
  outer loop
    vertex 0.57438178291398 0.0630000000000002 -2.34558698894186
    vertex -2.28617206989249 0.0630000000000002 -1.26380704332101
    vertex 0.548493435265661 0.0630000000000002 -2.32572216111712
  endloop
endfacet
facet normal 0.0 1.0 0.0
  outer loop
    vertex 0.548493435265661 0.0630000000000002 -2.32572216111712
    vertex -2.28617206989249 0.0630000000000002 -1.26380704332101
    vertex 0.528628607440925 0.0630000000000002 -2.2998338134688
  endloop
endfacet
facet normal 0.0 1.0 0.0
  outer loop
    vertex 0.528628607440925 0.0630000000000002 -2.2998338134688
    vertex -2.28617206989249 0.0630000000000002 -1.26380704332101
    vertex 0.516141054627846 0.0630000000000002 -2.26968619410662
  endloop
endfacet
facet normal 0.0 1.0 0.0
  outer loop
    vertex 0.516141054627846 0.0630000000000002 -2.26968619410662
    vertex -2.28617206989249 0.0630000000000002 -1.26380704332101
    vertex 0.51188178291398 0.0630000000000002 -2.2373338134688
  endloop
endfacet
facet normal 0.0 1.0 0.0
  outer loop
    vertex 0.51188178291398 0.0630000000000002 -2.2373338134688
    vertex -2.28617206989249 0.0630000000000002 -1.26380704332101
    vertex 0.516141054627846 0.0630000000000002 -2.20498143283099
  endloop
endfacet
facet normal 0.0 1.0 0.0
  outer loop
    vertex 0.516141054627846 0.0630000000000002 -2.20498143283099
    vertex -2.28617206989249 0.0630000000000002 -1.26380704332101
    vertex 0.528628607440925 0.0630000000000002 -2.1748338134688
  endloop
endfacet
facet normal 0.0 1.0 0.0
  outer loop
    vertex 0.528628607440925 0.0630000000000002 -2.1748338134688
    vertex -2.28617206989249 0.0630000000000002 -1.26380704332101
    vertex 0.548493435265661 0.0630000000000002 -2.14894546582048
  endloop
endfacet
facet normal 0.0 1.0 0.0
  outer loop
    vertex 0.548493435265661 0.0630000000000002 -2.14894546582048
    vertex -2.28617206989249 0.0630000000000002 -1.26380704332101
    vertex 0.57438178291398 0.0630000000000002 -2.12908063799575
  endloop
endfacet
facet normal 0.0 1.0 0.0
  outer loop
    vertex 0.57438178291398 0.0630000000000002 -2.12908063799575
    vertex -2.28617206989249 0.0630000000000002 -1.26380704332101
    vertex 0.604529402276165 0.0630000000000002 -2.11659308518267
  endloop
endfacet
facet normal 0.0 1.0 0.0
  outer loop
    vertex 0.604529402276165 0.0630000000000002 -2.11659308518267
    vertex -2.28617206989249 0.0630000000000002 -1.26380704332101
    vertex 0.63688178291398 0.0630000000000002 -2.1123338134688
  endloop
endfacet
facet normal 4.45555494782345e-016 0.0 -1.0
  outer loop
    vertex 0.63688178291398 0.0630000000000002 -2.1123338134688
    vertex 0.604529402276165 0.0 -2.11659308518267
    vertex 0.604529402276165 0.0630000000000002 -2.11659308518267
  endloop
endfacet
facet normal 0.258819045102523 0.0 -0.965925826289068
  outer loop
    vertex 0.604529402276165 0.0 -2.11659308518267
    vertex 0.63688178291398 0.0630000000000002 -2.1123338134688
    vertex 0.63688178291398 0.0 -2.1123338134688
  endloop
endfacet
facet normal -0.258819045102523 0.0 -0.965925826289068
  outer loop
    vertex 0.669234163551795 0.0630000000000002 -2.11659308518267
    vertex 0.63688178291398 0.0 -2.1123338134688
    vertex 0.63688178291398 0.0630000000000002 -2.1123338134688
  endloop
endfacet
facet normal 4.45555494782345e-016 0.0 -1.0
  outer loop
    vertex 0.63688178291398 0.0 -2.1123338134688
    vertex 0.669234163551795 0.0630000000000002 -2.11659308518267
    vertex 0.669234163551795 0.0 -2.11659308518267
  endloop
endfacet
facet normal -0.500000000000004 0.0 -0.866025403784436
  outer loop
    vertex 0.69938178291398 0.0630000000000002 -2.12908063799575
    vertex 0.669234163551795 0.0 -2.11659308518267
    vertex 0.669234163551795 0.0630000000000002 -2.11659308518267
  endloop
endfacet
facet normal -0.258819045102523 0.0 -0.965925826289068
  outer loop
    vertex 0.669234163551795 0.0 -2.11659308518267
    vertex 0.69938178291398 0.0630000000000002 -2.12908063799575
    vertex 0.69938178291398 0.0 -2.12908063799575
  endloop
endfacet
facet normal -0.707106781186546 0.0 -0.707106781186549
  outer loop
    vertex 0.725270130562298 0.0630000000000002 -2.14894546582048
    vertex 0.69938178291398 0.0 -2.12908063799575
    vertex 0.69938178291398 0.0630000000000002 -2.12908063799575
  endloop
endfacet
facet normal -0.500000000000004 0.0 -0.866025403784436
  outer loop
    vertex 0.69938178291398 0.0 -2.12908063799575
    vertex 0.725270130562298 0.0630000000000002 -2.14894546582048
    vertex 0.725270130562298 0.0 -2.14894546582048
  endloop
endfacet
facet normal -0.707106781186546 0.0 -0.707106781186549
  outer loop
    vertex 0.725270130562298 0.0630000000000002 -2.14894546582048
    vertex 0.745134958387034 0.0 -2.1748338134688
    vertex 0.725270130562298 0.0 -2.14894546582048
  endloop
endfacet
facet normal -0.866025403784438 0.0 -0.500000000000001
  outer loop
    vertex 0.745134958387034 0.0 -2.1748338134688
    vertex 0.725270130562298 0.0630000000000002 -2.14894546582048
    vertex 0.745134958387034 0.0630000000000002 -2.1748338134688
  endloop
endfacet
facet normal -0.866025403784438 0.0 -0.500000000000001
  outer loop
    vertex 0.745134958387034 0.0630000000000002 -2.1748338134688
    vertex 0.757622511200113 0.0 -2.20498143283099
    vertex 0.745134958387034 0.0 -2.1748338134688
  endloop
endfacet
facet normal -0.965925826289069 0.0 -0.258819045102519
  outer loop
    vertex 0.757622511200113 0.0 -2.20498143283099
    vertex 0.745134958387034 0.0630000000000002 -2.1748338134688
    vertex 0.757622511200113 0.0630000000000002 -2.20498143283099
  endloop
endfacet
facet normal -0.965925826289069 0.0 -0.258819045102519
  outer loop
    vertex 0.757622511200113 0.0630000000000002 -2.20498143283099
    vertex 0.76188178291398 0.0 -2.2373338134688
    vertex 0.757622511200113 0.0 -2.20498143283099
  endloop
endfacet
facet normal -1.0 0.0 1.67528866038162e-015
  outer loop
    vertex 0.76188178291398 0.0 -2.2373338134688
    vertex 0.757622511200113 0.0630000000000002 -2.20498143283099
    vertex 0.76188178291398 0.0630000000000002 -2.2373338134688
  endloop
endfacet
facet normal -1.0 0.0 1.67528866038162e-015
  outer loop
    vertex 0.76188178291398 0.0630000000000002 -2.2373338134688
    vertex 0.757622511200113 0.0 -2.26968619410662
    vertex 0.76188178291398 0.0 -2.2373338134688
  endloop
endfacet
facet normal -0.965925826289068 0.0 0.258819045102521
  outer loop
    vertex 0.757622511200113 0.0 -2.26968619410662
    vertex 0.76188178291398 0.0630000000000002 -2.2373338134688
    vertex 0.757622511200113 0.0630000000000002 -2.26968619410662
  endloop
endfacet
facet normal -0.965925826289068 0.0 0.258819045102521
  outer loop
    vertex 0.757622511200113 0.0630000000000002 -2.26968619410662
    vertex 0.745134958387034 0.0 -2.2998338134688
    vertex 0.757622511200113 0.0 -2.26968619410662
  endloop
endfacet
facet normal -0.866025403784439 0.0 0.5
  outer loop
    vertex 0.745134958387034 0.0 -2.2998338134688
    vertex 0.757622511200113 0.0630000000000002 -2.26968619410662
    vertex 0.745134958387034 0.0630000000000002 -2.2998338134688
  endloop
endfacet
facet normal -0.866025403784439 0.0 0.5
  outer loop
    vertex 0.745134958387034 0.0630000000000002 -2.2998338134688
    vertex 0.725270130562298 0.0 -2.32572216111712
    vertex 0.745134958387034 0.0 -2.2998338134688
  endloop
endfacet
facet normal -0.707106781186547 0.0 0.707106781186548
  outer loop
    vertex 0.725270130562298 0.0 -2.32572216111712
    vertex 0.745134958387034 0.0630000000000002 -2.2998338134688
    vertex 0.725270130562298 0.0630000000000002 -2.32572216111712
  endloop
endfacet
facet normal -0.707106781186547 0.0 0.707106781186548
  outer loop
    vertex 0.725270130562298 0.0 -2.32572216111712
    vertex 0.69938178291398 0.0630000000000002 -2.34558698894186
    vertex 0.69938178291398 0.0 -2.34558698894186
  endloop
endfacet
facet normal -0.500000000000004 0.0 0.866025403784437
  outer loop
    vertex 0.69938178291398 0.0630000000000002 -2.34558698894186
    vertex 0.725270130562298 0.0 -2.32572216111712
    vertex 0.725270130562298 0.0630000000000002 -2.32572216111712
  endloop
endfacet
facet normal -0.500000000000004 0.0 0.866025403784437
  outer loop
    vertex 0.69938178291398 0.0 -2.34558698894186
    vertex 0.669234163551795 0.0630000000000002 -2.35807454175494
    vertex 0.669234163551795 0.0 -2.35807454175494
  endloop
endfacet
facet normal -0.258819045102523 0.0 0.965925826289068
  outer loop
    vertex 0.669234163551795 0.0630000000000002 -2.35807454175494
    vertex 0.69938178291398 0.0 -2.34558698894186
    vertex 0.69938178291398 0.0630000000000002 -2.34558698894186
  endloop
endfacet
facet normal -0.258819045102523 0.0 0.965925826289068
  outer loop
    vertex 0.669234163551795 0.0 -2.35807454175494
    vertex 0.63688178291398 0.0630000000000002 -2.3623338134688
    vertex 0.63688178291398 0.0 -2.3623338134688
  endloop
endfacet
facet normal 0.0 0.0 1.0
  outer loop
    vertex 0.63688178291398 0.0630000000000002 -2.3623338134688
    vertex 0.669234163551795 0.0 -2.35807454175494
    vertex 0.669234163551795 0.0630000000000002 -2.35807454175494
  endloop
endfacet
facet normal 3.29711066138935e-016 0.0 1.0
  outer loop
    vertex -0.31 0.0 2.415
    vertex -0.342352380637815 0.0630000000000002 2.41925927171387
    vertex -0.342352380637815 0.0 2.41925927171387
  endloop
endfacet
facet normal 0.258819045102523 0.0 0.965925826289068
  outer loop
    vertex -0.342352380637815 0.0630000000000002 2.41925927171387
    vertex -0.31 0.0 2.415
    vertex -0.31 0.0630000000000002 2.415
  endloop
endfacet
facet normal 0.258819045102523 0.0 0.965925826289068
  outer loop
    vertex -0.342352380637815 0.0 2.41925927171387
    vertex -0.3725 0.0630000000000002 2.43174682452695
    vertex -0.3725 0.0 2.43174682452695
  endloop
endfacet
facet normal 0.500000000000004 0.0 0.866025403784437
  outer loop
    vertex -0.3725 0.0630000000000002 2.43174682452695
    vertex -0.342352380637815 0.0 2.41925927171387
    vertex -0.342352380637815 0.0630000000000002 2.41925927171387
  endloop
endfacet
facet normal 0.500000000000004 0.0 0.866025403784437
  outer loop
    vertex -0.3725 0.0 2.43174682452695
    vertex -0.398388347648318 0.0630000000000002 2.45161165235168
    vertex -0.398388347648318 0.0 2.45161165235168
  endloop
endfacet
facet normal 0.707106781186547 0.0 0.707106781186549
  outer loop
    vertex -0.398388347648318 0.0630000000000002 2.45161165235168
    vertex -0.3725 0.0 2.43174682452695
    vertex -0.3725 0.0630000000000002 2.43174682452695
  endloop
endfacet
facet normal 0.707106781186547 0.0 0.707106781186549
  outer loop
    vertex -0.398388347648318 0.0630000000000002 2.45161165235168
    vertex -0.418253175473055 0.0 2.4775
    vertex -0.398388347648318 0.0 2.45161165235168
  endloop
endfacet
facet normal 0.866025403784438 0.0 0.500000000000001
  outer loop
    vertex -0.418253175473055 0.0 2.4775
    vertex -0.398388347648318 0.0630000000000002 2.45161165235168
    vertex -0.418253175473055 0.0630000000000002 2.4775
  endloop
endfacet
facet normal 0.866025403784438 0.0 0.500000000000001
  outer loop
    vertex -0.418253175473055 0.0630000000000002 2.4775
    vertex -0.430740728286133 0.0 2.50764761936219
    vertex -0.418253175473055 0.0 2.4775
  endloop
endfacet
facet normal 0.965925826289068 0.0 0.258819045102521
  outer loop
    vertex -0.430740728286133 0.0 2.50764761936219
    vertex -0.418253175473055 0.0630000000000002 2.4775
    vertex -0.430740728286133 0.0630000000000002 2.50764761936219
  endloop
endfacet
facet normal 0.965925826289068 0.0 0.258819045102521
  outer loop
    vertex -0.430740728286133 0.0630000000000002 2.50764761936219
    vertex -0.435 0.0 2.54
    vertex -0.430740728286133 0.0 2.50764761936219
  endloop
endfacet
facet normal 1.0 0.0 0.0
  outer loop
    vertex -0.435 0.0 2.54
    vertex -0.430740728286133 0.0630000000000002 2.50764761936219
    vertex -0.435 0.0630000000000002 2.54
  endloop
endfacet
facet normal 1.0 0.0 0.0
  outer loop
    vertex -0.435 0.0630000000000002 2.54
    vertex -0.430740728286133 0.0 2.57235238063782
    vertex -0.435 0.0 2.54
  endloop
endfacet
facet normal 0.965925826289069 0.0 -0.25881904510252
  outer loop
    vertex -0.430740728286133 0.0 2.57235238063782
    vertex -0.435 0.0630000000000002 2.54
    vertex -0.430740728286133 0.0630000000000002 2.57235238063782
  endloop
endfacet
facet normal 0.965925826289069 0.0 -0.25881904510252
  outer loop
    vertex -0.430740728286133 0.0630000000000002 2.57235238063782
    vertex -0.418253175473055 0.0 2.6025
    vertex -0.430740728286133 0.0 2.57235238063782
  endloop
endfacet
facet normal 0.866025403784438 0.0 -0.500000000000001
  outer loop
    vertex -0.418253175473055 0.0 2.6025
    vertex -0.430740728286133 0.0630000000000002 2.57235238063782
    vertex -0.418253175473055 0.0630000000000002 2.6025
  endloop
endfacet
facet normal 0.866025403784438 0.0 -0.500000000000001
  outer loop
    vertex -0.418253175473055 0.0630000000000002 2.6025
    vertex -0.398388347648318 0.0 2.62838834764832
    vertex -0.418253175473055 0.0 2.6025
  endloop
endfacet
facet normal 0.707106781186547 0.0 -0.707106781186549
  outer loop
    vertex -0.398388347648318 0.0 2.62838834764832
    vertex -0.418253175473055 0.0630000000000002 2.6025
    vertex -0.398388347648318 0.0630000000000002 2.62838834764832
  endloop
endfacet
facet normal 0.500000000000004 0.0 -0.866025403784436
  outer loop
    vertex -0.3725 0.0630000000000002 2.64825317547305
    vertex -0.398388347648318 0.0 2.62838834764832
    vertex -0.398388347648318 0.0630000000000002 2.62838834764832
  endloop
endfacet
facet normal 0.707106781186547 0.0 -0.707106781186549
  outer loop
    vertex -0.398388347648318 0.0 2.62838834764832
    vertex -0.3725 0.0630000000000002 2.64825317547305
    vertex -0.3725 0.0 2.64825317547305
  endloop
endfacet
facet normal 0.258819045102523 0.0 -0.965925826289068
  outer loop
    vertex -0.342352380637815 0.0630000000000002 2.66074072828613
    vertex -0.3725 0.0 2.64825317547305
    vertex -0.3725 0.0630000000000002 2.64825317547305
  endloop
endfacet
facet normal 0.500000000000004 0.0 -0.866025403784436
  outer loop
    vertex -0.3725 0.0 2.64825317547305
    vertex -0.342352380637815 0.0630000000000002 2.66074072828613
    vertex -0.342352380637815 0.0 2.66074072828613
  endloop
endfacet
facet normal -1.1584442864341e-016 0.0 -1.0
  outer loop
    vertex -0.31 0.0630000000000002 2.665
    vertex -0.342352380637815 0.0 2.66074072828613
    vertex -0.342352380637815 0.0630000000000002 2.66074072828613
  endloop
endfacet
facet normal 0.258819045102523 0.0 -0.965925826289068
  outer loop
    vertex -0.342352380637815 0.0 2.66074072828613
    vertex -0.31 0.0630000000000002 2.665
    vertex -0.31 0.0 2.665
  endloop
endfacet
facet normal -0.258819045102523 0.0 -0.965925826289068
  outer loop
    vertex -0.277647619362185 0.0630000000000002 2.66074072828613
    vertex -0.31 0.0 2.665
    vertex -0.31 0.0630000000000002 2.665
  endloop
endfacet
facet normal -1.1584442864341e-016 0.0 -1.0
  outer loop
    vertex -0.31 0.0 2.665
    vertex -0.277647619362185 0.0630000000000002 2.66074072828613
    vertex -0.277647619362185 0.0 2.66074072828613
  endloop
endfacet
facet normal -0.500000000000004 0.0 -0.866025403784436
  outer loop
    vertex -0.2475 0.0630000000000002 2.64825317547305
    vertex -0.277647619362185 0.0 2.66074072828613
    vertex -0.277647619362185 0.0630000000000002 2.66074072828613
  endloop
endfacet
facet normal -0.258819045102523 0.0 -0.965925826289068
  outer loop
    vertex -0.277647619362185 0.0 2.66074072828613
    vertex -0.2475 0.0630000000000002 2.64825317547305
    vertex -0.2475 0.0 2.64825317547305
  endloop
endfacet
facet normal -0.707106781186547 0.0 -0.707106781186548
  outer loop
    vertex -0.221611652351682 0.0630000000000002 2.62838834764832
    vertex -0.2475 0.0 2.64825317547305
    vertex -0.2475 0.0630000000000002 2.64825317547305
  endloop
endfacet
facet normal -0.500000000000004 0.0 -0.866025403784436
  outer loop
    vertex -0.2475 0.0 2.64825317547305
    vertex -0.221611652351682 0.0630000000000002 2.62838834764832
    vertex -0.221611652351682 0.0 2.62838834764832
  endloop
endfacet
facet normal -0.707106781186547 0.0 -0.707106781186548
  outer loop
    vertex -0.221611652351682 0.0630000000000002 2.62838834764832
    vertex -0.201746824526945 0.0 2.6025
    vertex -0.221611652351682 0.0 2.62838834764832
  endloop
endfacet
facet normal -0.866025403784438 0.0 -0.500000000000001
  outer loop
    vertex -0.201746824526945 0.0 2.6025
    vertex -0.221611652351682 0.0630000000000002 2.62838834764832
    vertex -0.201746824526945 0.0630000000000002 2.6025
  endloop
endfacet
facet normal -0.866025403784438 0.0 -0.500000000000001
  outer loop
    vertex -0.201746824526945 0.0630000000000002 2.6025
    vertex -0.189259271713866 0.0 2.57235238063782
    vertex -0.201746824526945 0.0 2.6025
  endloop
endfacet
facet normal -0.965925826289068 0.0 -0.258819045102521
  outer loop
    vertex -0.189259271713866 0.0 2.57235238063782
    vertex -0.201746824526945 0.0630000000000002 2.6025
    vertex -0.189259271713866 0.0630000000000002 2.57235238063782
  endloop
endfacet
facet normal -0.965925826289068 0.0 -0.258819045102521
  outer loop
    vertex -0.189259271713866 0.0630000000000002 2.57235238063782
    vertex -0.185 0.0 2.54
    vertex -0.189259271713866 0.0 2.57235238063782
  endloop
endfacet
facet normal -1.0 0.0 -4.36644384886698e-016
  outer loop
    vertex -0.185 0.0 2.54
    vertex -0.189259271713866 0.0630000000000002 2.57235238063782
    vertex -0.185 0.0630000000000002 2.54
  endloop
endfacet
facet normal -1.0 0.0 -4.36644384886698e-016
  outer loop
    vertex -0.185 0.0630000000000002 2.54
    vertex -0.189259271713866 0.0 2.50764761936219
    vertex -0.185 0.0 2.54
  endloop
endfacet
facet normal -0.965925826289068 0.0 0.25881904510252
  outer loop
    vertex -0.189259271713866 0.0 2.50764761936219
    vertex -0.185 0.0630000000000002 2.54
    vertex -0.189259271713866 0.0630000000000002 2.50764761936219
  endloop
endfacet
facet normal -0.965925826289068 0.0 0.25881904510252
  outer loop
    vertex -0.189259271713866 0.0630000000000002 2.50764761936219
    vertex -0.201746824526945 0.0 2.4775
    vertex -0.189259271713866 0.0 2.50764761936219
  endloop
endfacet
facet normal -0.866025403784438 0.0 0.500000000000001
  outer loop
    vertex -0.201746824526945 0.0 2.4775
    vertex -0.189259271713866 0.0630000000000002 2.50764761936219
    vertex -0.201746824526945 0.0630000000000002 2.4775
  endloop
endfacet
facet normal -0.866025403784438 0.0 0.500000000000001
  outer loop
    vertex -0.201746824526945 0.0630000000000002 2.4775
    vertex -0.221611652351681 0.0 2.45161165235168
    vertex -0.201746824526945 0.0 2.4775
  endloop
endfacet
facet normal -0.707106781186547 0.0 0.707106781186548
  outer loop
    vertex -0.221611652351681 0.0 2.45161165235168
    vertex -0.201746824526945 0.0630000000000002 2.4775
    vertex -0.221611652351681 0.0630000000000002 2.45161165235168
  endloop
endfacet
facet normal -0.707106781186547 0.0 0.707106781186548
  outer loop
    vertex -0.221611652351681 0.0 2.45161165235168
    vertex -0.2475 0.0630000000000002 2.43174682452695
    vertex -0.2475 0.0 2.43174682452695
  endloop
endfacet
facet normal -0.500000000000004 0.0 0.866025403784436
  outer loop
    vertex -0.2475 0.0630000000000002 2.43174682452695
    vertex -0.221611652351681 0.0 2.45161165235168
    vertex -0.221611652351681 0.0630000000000002 2.45161165235168
  endloop
endfacet
facet normal -0.500000000000004 0.0 0.866025403784436
  outer loop
    vertex -0.2475 0.0 2.43174682452695
    vertex -0.277647619362185 0.0630000000000002 2.41925927171387
    vertex -0.277647619362185 0.0 2.41925927171387
  endloop
endfacet
facet normal -0.258819045102523 0.0 0.965925826289068
  outer loop
    vertex -0.277647619362185 0.0630000000000002 2.41925927171387
    vertex -0.2475 0.0 2.43174682452695
    vertex -0.2475 0.0630000000000002 2.43174682452695
  endloop
endfacet
facet normal -0.258819045102523 0.0 0.965925826289068
  outer loop
    vertex -0.277647619362185 0.0 2.41925927171387
    vertex -0.31 0.0630000000000002 2.415
    vertex -0.31 0.0 2.415
  endloop
endfacet
facet normal 3.29711066138935e-016 0.0 1.0
  outer loop
    vertex -0.31 0.0630000000000002 2.415
    vertex -0.277647619362185 0.0 2.41925927171387
    vertex -0.277647619362185 0.0630000000000002 2.41925927171387
  endloop
endfacet
facet normal 0.822406223039283 0.0 0.568900698106674
  outer loop
    vertex 0.922220109266202 0.0630000000000002 2.56895166133883
    vertex 0.895739454122864 0.0 2.60723225345713
    vertex 0.922220109266202 0.0 2.56895166133883
  endloop
endfacet
facet normal 0.800432932821044 0.0 0.59942232195298
  outer loop
    vertex 0.895739454122864 0.0 2.60723225345713
    vertex 0.922220109266202 0.0630000000000002 2.56895166133883
    vertex 0.895739454122864 0.0630000000000002 2.60723225345713
  endloop
endfacet
facet normal 0.800432932821044 0.0 0.59942232195298
  outer loop
    vertex 0.895739454122864 0.0630000000000002 2.60723225345713
    vertex 0.866456878769415 0.0 2.64341456419619
    vertex 0.895739454122864 0.0 2.60723225345713
  endloop
endfacet
facet normal 0.753122647546564 0.0 0.657880139350971
  outer loop
    vertex 0.866456878769415 0.0 2.64341456419619
    vertex 0.895739454122864 0.0630000000000002 2.60723225345713
    vertex 0.866456878769415 0.0630000000000002 2.64341456419619
  endloop
endfacet
facet normal 0.753122647546564 0.0 0.657880139350971
  outer loop
    vertex 0.866456878769415 0.0630000000000002 2.64341456419619
    vertex 0.83453799313896 0.0 2.67729396162085
    vertex 0.866456878769415 0.0 2.64341456419619
  endloop
endfacet
facet normal 0.701553017259843 0.0 0.712617263314333
  outer loop
    vertex 0.83453799313896 0.0 2.67729396162085
    vertex 0.866456878769415 0.0630000000000002 2.64341456419619
    vertex 0.83453799313896 0.0630000000000002 2.67729396162085
  endloop
endfacet
facet normal 0.701553017259843 0.0 0.712617263314333
  outer loop
    vertex 0.83453799313896 0.0 2.67729396162085
    vertex 0.800163317026975 0.0630000000000002 2.7086788381053
    vertex 0.800163317026975 0.0 2.7086788381053
  endloop
endfacet
facet normal 0.646015698105149 0.0 0.76332412368647
  outer loop
    vertex 0.800163317026975 0.0630000000000002 2.7086788381053
    vertex 0.83453799313896 0.0 2.67729396162085
    vertex 0.83453799313896 0.0630000000000002 2.67729396162085
  endloop
endfacet
facet normal 0.646015698105149 0.0 0.76332412368647
  outer loop
    vertex 0.800163317026975 0.0 2.7086788381053
    vertex 0.763527259147266 0.0630000000000002 2.73739169398525
    vertex 0.763527259147266 0.0 2.73739169398525
  endloop
endfacet
facet normal 0.586824785806608 0.0 0.809713943786958
  outer loop
    vertex 0.763527259147266 0.0630000000000002 2.73739169398525
    vertex 0.800163317026975 0.0 2.7086788381053
    vertex 0.800163317026975 0.0630000000000002 2.7086788381053
  endloop
endfacet
facet normal 0.586824785806608 0.0 0.809713943786958
  outer loop
    vertex 0.763527259147266 0.0 2.73739169398525
    vertex 0.724837017638018 0.0630000000000002 2.76327014142138
    vertex 0.724837017638018 0.0 2.76327014142138
  endloop
endfacet
facet normal 0.52431503927485 0.0 0.851524362299877
  outer loop
    vertex 0.724837017638018 0.0630000000000002 2.76327014142138
    vertex 0.763527259147266 0.0 2.73739169398525
    vertex 0.763527259147266 0.0630000000000002 2.73739169398525
  endloop
endfacet
facet normal 0.52431503927485 0.0 0.851524362299877
  outer loop
    vertex 0.724837017638018 0.0 2.76327014142138
    vertex 0.684311408236258 0.0630000000000002 2.78616782279667
    vertex 0.684311408236258 0.0 2.78616782279667
  endloop
endfacet
facet normal 0.458839987351398 0.0 0.888518917079073
  outer loop
    vertex 0.684311408236258 0.0630000000000002 2.78616782279667
    vertex 0.724837017638018 0.0 2.76327014142138
    vertex 0.724837017638018 0.0630000000000002 2.76327014142138
  endloop
endfacet
facet normal 0.458839987351398 0.0 0.888518917079073
  outer loop
    vertex 0.684311408236258 0.0 2.78616782279667
    vertex 0.642179626748056 0.0630000000000002 2.80595523845356
    vertex 0.642179626748056 0.0 2.80595523845356
  endloop
endfacet
facet normal 0.390769929398176 0.0 0.920488382478641
  outer loop
    vertex 0.642179626748056 0.0630000000000002 2.80595523845356
    vertex 0.684311408236258 0.0 2.78616782279667
    vertex 0.684311408236258 0.0630000000000002 2.78616782279667
  endloop
endfacet
facet normal 0.390769929398176 0.0 0.920488382478641
  outer loop
    vertex 0.642179626748056 0.0 2.80595523845356
    vertex 0.598679952813419 0.0630000000000002 2.82252047908956
    vertex 0.598679952813419 0.0 2.82252047908956
  endloop
endfacet
facet normal 0.320489841040022 0.0 0.947251952645199
  outer loop
    vertex 0.598679952813419 0.0630000000000002 2.82252047908956
    vertex 0.642179626748056 0.0 2.80595523845356
    vertex 0.642179626748056 0.0630000000000002 2.80595523845356
  endloop
endfacet
facet normal 0.320489841040022 0.0 0.947251952645199
  outer loop
    vertex 0.598679952813419 0.0 2.82252047908956
    vertex 0.554058402296844 0.0630000000000002 2.83576985866918
    vertex 0.554058402296844 0.0 2.83576985866918
  endloop
endfacet
facet normal 0.248397196904465 0.0 0.968658264079755
  outer loop
    vertex 0.554058402296844 0.0630000000000002 2.83576985866918
    vertex 0.598679952813419 0.0 2.82252047908956
    vertex 0.598679952813419 0.0630000000000002 2.82252047908956
  endloop
endfacet
facet normal 0.248397196904465 0.0 0.968658264079755
  outer loop
    vertex 0.554058402296844 0.0 2.83576985866918
    vertex 0.508567335925032 0.0630000000000002 2.84562844427279
    vertex 0.508567335925032 0.0 2.84562844427279
  endloop
endfacet
facet normal 0.174899722672325 0.0 0.984586251686029
  outer loop
    vertex 0.508567335925032 0.0630000000000002 2.84562844427279
    vertex 0.554058402296844 0.0 2.83576985866918
    vertex 0.554058402296844 0.0630000000000002 2.83576985866918
  endloop
endfacet
facet normal 0.174899722672325 0.0 0.984586251686029
  outer loop
    vertex 0.508567335925032 0.0 2.84562844427279
    vertex 0.462464032040739 0.0630000000000002 2.85204047988566
    vertex 0.462464032040739 0.0 2.85204047988566
  endloop
endfacet
facet normal 0.137753825073595 0.0 0.990466498008688
  outer loop
    vertex 0.462464032040739 0.0630000000000002 2.85204047988566
    vertex 0.508567335925032 0.0 2.84562844427279
    vertex 0.508567335925032 0.0630000000000002 2.84562844427279
  endloop
endfacet
facet normal 0.100413089152739 0.0 0.994945833463714
  outer loop
    vertex 0.462464032040739 0.0 2.85204047988566
    vertex 0.336182647433332 0.0630000000000002 2.86478519774309
    vertex 0.336182647433332 0.0 2.86478519774309
  endloop
endfacet
facet normal 0.100413089152739 0.0 0.994945833463714
  outer loop
    vertex 0.336182647433332 0.0630000000000002 2.86478519774309
    vertex 0.462464032040739 0.0 2.85204047988566
    vertex 0.462464032040739 0.0630000000000002 2.85204047988566
  endloop
endfacet
facet normal 0.100413089152738 0.0 0.994945833463714
  outer loop
    vertex 0.336182647433332 0.0 2.86478519774309
    vertex -0.0191672297367478 0.0630000000000002 2.90064823439954
    vertex -0.0191672297367478 0.0 2.90064823439954
  endloop
endfacet
facet normal 0.100413089152738 0.0 0.994945833463714
  outer loop
    vertex -0.0191672297367478 0.0630000000000002 2.90064823439954
    vertex 0.336182647433332 0.0 2.86478519774309
    vertex 0.336182647433332 0.0630000000000002 2.86478519774309
  endloop
endfacet
facet normal 0.0624103707461267 0.0 0.998050572678224
  outer loop
    vertex -0.0191672297367478 0.0 2.90064823439954
    vertex -0.0655260656446397 0.0630000000000002 2.90354715777634
    vertex -0.0655260656446397 0.0 2.90354715777634
  endloop
endfacet
facet normal 0.0243169172709129 0.0 0.999704300047989
  outer loop
    vertex -0.0655260656446397 0.0630000000000002 2.90354715777634
    vertex -0.0191672297367478 0.0 2.90064823439954
    vertex -0.0191672297367478 0.0630000000000002 2.90064823439954
  endloop
endfacet
facet normal 0.0243169172709129 0.0 0.999704300047989
  outer loop
    vertex -0.0655260656446397 0.0 2.90354715777634
    vertex -0.111971020507784 0.0630000000000002 2.90290560400623
    vertex -0.111971020507784 0.0 2.90290560400623
  endloop
endfacet
facet normal -0.0519206154258032 0.0 0.998651215236734
  outer loop
    vertex -0.111971020507784 0.0630000000000002 2.90290560400623
    vertex -0.0655260656446397 0.0 2.90354715777634
    vertex -0.0655260656446397 0.0630000000000002 2.90354715777634
  endloop
endfacet
facet normal -0.0519206154258032 0.0 0.998651215236734
  outer loop
    vertex -0.111971020507784 0.0 2.90290560400623
    vertex -0.158232097245806 0.0630000000000002 2.89872730261472
    vertex -0.158232097245806 0.0 2.89872730261472
  endloop
endfacet
facet normal -0.127856319546793 0.0 0.991792700896688
  outer loop
    vertex -0.158232097245806 0.0630000000000002 2.89872730261472
    vertex -0.111971020507784 0.0 2.90290560400623
    vertex -0.111971020507784 0.0630000000000002 2.90290560400623
  endloop
endfacet
facet normal -0.127856319546793 0.0 0.991792700896688
  outer loop
    vertex -0.158232097245806 0.0 2.89872730261472
    vertex -0.204040367711591 0.0630000000000002 2.89103654319754
    vertex -0.204040367711591 0.0 2.89103654319754
  endloop
endfacet
facet normal -0.203048760312555 0.0 0.979168627426111
  outer loop
    vertex -0.204040367711591 0.0630000000000002 2.89103654319754
    vertex -0.158232097245806 0.0 2.89872730261472
    vertex -0.158232097245806 0.0630000000000002 2.89872730261472
  endloop
endfacet
facet normal -0.203048760312555 0.0 0.979168627426111
  outer loop
    vertex -0.204040367711591 0.0 2.89103654319754
    vertex -0.249129536043312 0.0630000000000002 2.8798780342186
    vertex -0.249129536043312 0.0 2.8798780342186
  endloop
endfacet
facet normal -0.277060823734433 0.0 0.960852381977376
  outer loop
    vertex -0.249129536043312 0.0630000000000002 2.8798780342186
    vertex -0.204040367711591 0.0 2.89103654319754
    vertex -0.204040367711591 0.0630000000000002 2.89103654319754
  endloop
endfacet
facet normal -0.277060823734433 0.0 0.960852381977376
  outer loop
    vertex -0.249129536043312 0.0 2.8798780342186
    vertex -0.293237486714279 0.0630000000000002 2.86531664310762
    vertex -0.293237486714279 0.0 2.86531664310762
  endloop
endfacet
facet normal -0.349462257676428 0.0 0.936950441837611
  outer loop
    vertex -0.293237486714279 0.0630000000000002 2.86531664310762
    vertex -0.249129536043312 0.0 2.8798780342186
    vertex -0.249129536043312 0.0630000000000002 2.8798780342186
  endloop
endfacet
facet normal -0.349462257676428 0.0 0.936950441837611
  outer loop
    vertex -0.293237486714279 0.0 2.86531664310762
    vertex -0.336107808281366 0.0630000000000002 2.84743701916823
    vertex -0.336107808281366 0.0 2.84743701916823
  endloop
endfacet
facet normal -0.419832173027193 0.0 0.907601755447435
  outer loop
    vertex -0.336107808281366 0.0630000000000002 2.84743701916823
    vertex -0.293237486714279 0.0 2.86531664310762
    vertex -0.293237486714279 0.0630000000000002 2.86531664310762
  endloop
endfacet
facet normal -0.419832173027193 0.0 0.907601755447435
  outer loop
    vertex -0.336107808281366 0.0 2.84743701916823
    vertex -0.377491283974055 0.0630000000000002 2.82634310148867
    vertex -0.377491283974055 0.0 2.82634310148867
  endloop
endfacet
facet normal -0.487761490442222 0.0 0.872976934656112
  outer loop
    vertex -0.377491283974055 0.0630000000000002 2.82634310148867
    vertex -0.336107808281366 0.0 2.84743701916823
    vertex -0.336107808281366 0.0630000000000002 2.84743701916823
  endloop
endfacet
facet normal -0.487761490442222 0.0 0.872976934656112
  outer loop
    vertex -0.377491283974055 0.0 2.82634310148867
    vertex -0.417147340458908 0.0630000000000002 2.80215751471577
    vertex -0.417147340458908 0.0 2.80215751471577
  endloop
endfacet
facet normal -0.552855318432696 0.0 0.833277262908741
  outer loop
    vertex -0.417147340458908 0.0630000000000002 2.80215751471577
    vertex -0.377491283974055 0.0 2.82634310148867
    vertex -0.377491283974055 0.0630000000000002 2.82634310148867
  endloop
endfacet
facet normal -0.552855318432696 0.0 0.833277262908741
  outer loop
    vertex -0.417147340458908 0.0 2.80215751471577
    vertex -0.454845446357403 0.0630000000000002 2.77502085620472
    vertex -0.454845446357403 0.0 2.77502085620472
  endloop
endfacet
facet normal -0.614735248976485 0.0 0.788733525131156
  outer loop
    vertex -0.454845446357403 0.0630000000000002 2.77502085620472
    vertex -0.417147340458908 0.0 2.80215751471577
    vertex -0.417147340458908 0.0630000000000002 2.80215751471577
  endloop
endfacet
facet normal -0.614735248976485 0.0 0.788733525131156
  outer loop
    vertex -0.454845446357403 0.0 2.77502085620472
    vertex -0.490366452387165 0.0630000000000002 2.74509087868864
    vertex -0.490366452387165 0.0 2.74509087868864
  endloop
endfacet
facet normal -0.673041557306288 0.0 0.739604666114761
  outer loop
    vertex -0.490366452387165 0.0630000000000002 2.74509087868864
    vertex -0.454845446357403 0.0 2.77502085620472
    vertex -0.454845446357403 0.0630000000000002 2.77502085620472
  endloop
endfacet
facet normal -0.673041557306288 0.0 0.739604666114761
  outer loop
    vertex -0.490366452387165 0.0 2.74509087868864
    vertex -0.523503865335996 0.0630000000000002 2.71254157321927
    vertex -0.523503865335996 0.0 2.71254157321927
  endloop
endfacet
facet normal -0.700747814904642 0.0 0.713409069122597
  outer loop
    vertex -0.523503865335996 0.0630000000000002 2.71254157321927
    vertex -0.490366452387165 0.0 2.74509087868864
    vertex -0.490366452387165 0.0630000000000002 2.74509087868864
  endloop
endfacet
facet normal -0.727435293086961 0.0 0.686176285200448
  outer loop
    vertex -0.523503865335996 0.0630000000000002 2.71254157321927
    vertex -1.76228991633137 0.0 1.39926871096258
    vertex -0.523503865335996 0.0 2.71254157321927
  endloop
endfacet
facet normal -0.727435293086961 0.0 0.686176285200448
  outer loop
    vertex -1.76228991633137 0.0 1.39926871096258
    vertex -0.523503865335996 0.0630000000000002 2.71254157321927
    vertex -1.76228991633137 0.0630000000000002 1.39926871096258
  endloop
endfacet
facet normal -0.817520482536807 0.0 0.575899523035735
  outer loop
    vertex -1.76228991633137 0.0630000000000002 1.39926871096258
    vertex -2.73411574530774 0.0 0.0197094495509309
    vertex -1.76228991633137 0.0 1.39926871096258
  endloop
endfacet
facet normal -0.817520482536807 0.0 0.575899523035735
  outer loop
    vertex -2.73411574530774 0.0 0.0197094495509309
    vertex -1.76228991633137 0.0630000000000002 1.39926871096258
    vertex -2.73411574530774 0.0630000000000002 0.0197094495509309
  endloop
endfacet
facet normal -0.84031282826576 0.0 0.542101789936169
  outer loop
    vertex -2.73411574530774 0.0630000000000002 0.0197094495509309
    vertex -2.75901628350418 0.0 -0.0188889134606565
    vertex -2.73411574530774 0.0 0.0197094495509309
  endloop
endfacet
facet normal -0.861708760802997 0.0 0.507403204124061
  outer loop
    vertex -2.75901628350418 0.0 -0.0188889134606565
    vertex -2.73411574530774 0.0630000000000002 0.0197094495509309
    vertex -2.75901628350418 0.0630000000000002 -0.0188889134606565
  endloop
endfacet
facet normal -0.861708760802997 0.0 0.507403204124061
  outer loop
    vertex -2.75901628350418 0.0630000000000002 -0.0188889134606565
    vertex -2.78069044821463 0.0 -0.0593870740824745
    vertex -2.75901628350418 0.0 -0.0188889134606565
  endloop
endfacet
facet normal -0.900171544774062 0.0 0.435535520915435
  outer loop
    vertex -2.78069044821463 0.0 -0.0593870740824745
    vertex -2.75901628350418 0.0630000000000002 -0.0188889134606565
    vertex -2.78069044821463 0.0630000000000002 -0.0593870740824745
  endloop
endfacet
facet normal -0.922247492131194 0.0 -0.386600004213301
  outer loop
    vertex -2.66551962925055 0.0630000000000002 -0.857720860524388
    vertex -2.64716579415075 0.0 -0.901504559974232
    vertex -2.66551962925055 0.0 -0.857720860524388
  endloop
endfacet
facet normal -0.909314500647674 0.0 -0.416109527542775
  outer loop
    vertex -2.64716579415075 0.0 -0.901504559974232
    vertex -2.66551962925055 0.0630000000000002 -0.857720860524388
    vertex -2.64716579415075 0.0630000000000002 -0.901504559974232
  endloop
endfacet
facet normal -0.909314500647674 0.0 -0.416109527542775
  outer loop
    vertex -2.64716579415075 0.0630000000000002 -0.901504559974232
    vertex -2.62603053677473 0.0 -0.944015458530183
    vertex -2.64716579415075 0.0 -0.901504559974232
  endloop
endfacet
facet normal -0.88063111509527 0.0 -0.473802531785195
  outer loop
    vertex -2.62603053677473 0.0 -0.944015458530183
    vertex -2.64716579415075 0.0630000000000002 -0.901504559974232
    vertex -2.62603053677473 0.0630000000000002 -0.944015458530183
  endloop
endfacet
facet normal -0.88063111509527 0.0 -0.473802531785195
  outer loop
    vertex -2.62603053677473 0.0630000000000002 -0.944015458530183
    vertex -2.60220159421178 0.0 -0.985077084127771
    vertex -2.62603053677473 0.0 -0.944015458530183
  endloop
endfacet
facet normal -0.848292036621841 0.0 -0.529528677791836
  outer loop
    vertex -2.60220159421178 0.0 -0.985077084127771
    vertex -2.62603053677473 0.0630000000000002 -0.944015458530183
    vertex -2.60220159421178 0.0630000000000002 -0.985077084127771
  endloop
endfacet
facet normal -0.848292036621841 0.0 -0.529528677791836
  outer loop
    vertex -2.60220159421178 0.0630000000000002 -0.985077084127771
    vertex -2.57577788562923 0.0 -1.02451898095247
    vertex -2.60220159421178 0.0 -0.985077084127771
  endloop
endfacet
facet normal -0.812431511835558 0.0 -0.583056634107348
  outer loop
    vertex -2.57577788562923 0.0 -1.02451898095247
    vertex -2.60220159421178 0.0630000000000002 -0.985077084127771
    vertex -2.57577788562923 0.0630000000000002 -1.02451898095247
  endloop
endfacet
facet normal -0.93422312225406 0.0 -0.356689161379871
  outer loop
    vertex -2.7998788538045 0.0630000000000002 -0.505813631886329
    vertex -2.66551962925055 0.0 -0.857720860524388
    vertex -2.7998788538045 0.0 -0.505813631886329
  endloop
endfacet
facet normal -0.93422312225406 0.0 -0.356689161379871
  outer loop
    vertex -2.66551962925055 0.0 -0.857720860524388
    vertex -2.7998788538045 0.0630000000000002 -0.505813631886329
    vertex -2.66551962925055 0.0630000000000002 -0.857720860524388
  endloop
endfacet
facet normal -0.960170072709629 0.0 -0.279416233373771
  outer loop
    vertex -2.81450022074276 0.0630000000000002 -0.462269561583897
    vertex -2.7998788538045 0.0 -0.505813631886329
    vertex -2.81450022074276 0.0 -0.462269561583897
  endloop
endfacet
facet normal -0.947984267080337 0.0 -0.318317183589192
  outer loop
    vertex -2.7998788538045 0.0 -0.505813631886329
    vertex -2.81450022074276 0.0630000000000002 -0.462269561583897
    vertex -2.7998788538045 0.0630000000000002 -0.505813631886329
  endloop
endfacet
facet normal -0.979737317487695 0.0 -0.200286766217881
  outer loop
    vertex -2.82552655951659 0.0630000000000002 -0.417679312841697
    vertex -2.81450022074276 0.0 -0.462269561583897
    vertex -2.82552655951659 0.0 -0.417679312841697
  endloop
endfacet
facet normal -0.960170072709629 0.0 -0.279416233373771
  outer loop
    vertex -2.81450022074276 0.0 -0.462269561583897
    vertex -2.82552655951659 0.0630000000000002 -0.417679312841697
    vertex -2.81450022074276 0.0630000000000002 -0.462269561583897
  endloop
endfacet
facet normal -0.992794844972449 0.0 -0.119826523758853
  outer loop
    vertex -2.83288460727592 0.0630000000000002 -0.372339158862935
    vertex -2.82552655951659 0.0 -0.417679312841697
    vertex -2.83288460727592 0.0 -0.372339158862935
  endloop
endfacet
facet normal -0.979737317487695 0.0 -0.200286766217881
  outer loop
    vertex -2.82552655951659 0.0 -0.417679312841697
    vertex -2.83288460727592 0.0630000000000002 -0.372339158862935
    vertex -2.82552655951659 0.0630000000000002 -0.417679312841697
  endloop
endfacet
facet normal -0.99925589638584 0.0 -0.038570111979759
  outer loop
    vertex -2.83652547457876 0.0630000000000002 -0.326550355483401
    vertex -2.83288460727592 0.0 -0.372339158862935
    vertex -2.83652547457876 0.0 -0.326550355483401
  endloop
endfacet
facet normal -0.992794844972449 0.0 -0.119826523758853
  outer loop
    vertex -2.83288460727592 0.0 -0.372339158862935
    vertex -2.83652547457876 0.0630000000000002 -0.326550355483401
    vertex -2.83288460727592 0.0630000000000002 -0.372339158862935
  endloop
endfacet
facet normal -0.999077542243232 0.0 0.0429425731090062
  outer loop
    vertex -2.83642497022977 0.0630000000000002 -0.280617139522374
    vertex -2.83652547457876 0.0 -0.326550355483401
    vertex -2.83642497022977 0.0 -0.280617139522374
  endloop
endfacet
facet normal -0.99925589638584 0.0 -0.038570111979759
  outer loop
    vertex -2.83652547457876 0.0 -0.326550355483401
    vertex -2.83642497022977 0.0630000000000002 -0.280617139522374
    vertex -2.83652547457876 0.0630000000000002 -0.326550355483401
  endloop
endfacet
facet normal -0.99226096759191 0.0 0.124169932727561
  outer loop
    vertex -2.83258376201496 0.0630000000000002 -0.234844707326816
    vertex -2.83642497022977 0.0 -0.280617139522374
    vertex -2.83258376201496 0.0 -0.234844707326816
  endloop
endfacet
facet normal -0.999077542243232 0.0 0.0429425731090062
  outer loop
    vertex -2.83642497022977 0.0 -0.280617139522374
    vertex -2.83258376201496 0.0630000000000002 -0.234844707326816
    vertex -2.83642497022977 0.0630000000000002 -0.280617139522374
  endloop
endfacet
facet normal -0.978851464137206 0.0 0.204572263898231
  outer loop
    vertex -2.82502737226477 0.0630000000000002 -0.189537186940133
    vertex -2.83258376201496 0.0 -0.234844707326816
    vertex -2.82502737226477 0.0 -0.189537186940133
  endloop
endfacet
facet normal -0.99226096759191 0.0 0.124169932727561
  outer loop
    vertex -2.83258376201496 0.0 -0.234844707326816
    vertex -2.82502737226477 0.0630000000000002 -0.189537186940133
    vertex -2.83258376201496 0.0630000000000002 -0.234844707326816
  endloop
endfacet
facet normal -0.95893812930858 0.0 0.283615345420802
  outer loop
    vertex -2.81380600827472 0.0630000000000002 -0.144995617369121
    vertex -2.82502737226477 0.0 -0.189537186940133
    vertex -2.81380600827472 0.0 -0.144995617369121
  endloop
endfacet
facet normal -0.978851464137206 0.0 0.204572263898231
  outer loop
    vertex -2.82502737226477 0.0 -0.189537186940133
    vertex -2.81380600827472 0.0630000000000002 -0.144995617369121
    vertex -2.82502737226477 0.0630000000000002 -0.189537186940133
  endloop
endfacet
facet normal -0.932653274265146 0.0 0.360773987424958
  outer loop
    vertex -2.7989942287106 0.0630000000000002 -0.101515948375552
    vertex -2.81380600827472 0.0 -0.144995617369121
    vertex -2.7989942287106 0.0 -0.101515948375552
  endloop
endfacet
facet normal -0.95893812930858 0.0 0.283615345420802
  outer loop
    vertex -2.81380600827472 0.0 -0.144995617369121
    vertex -2.7989942287106 0.0630000000000002 -0.101515948375552
    vertex -2.81380600827472 0.0630000000000002 -0.144995617369121
  endloop
endfacet
facet normal -0.900171544774062 0.0 0.435535520915435
  outer loop
    vertex -2.78069044821463 0.0630000000000002 -0.0593870740824745
    vertex -2.7989942287106 0.0 -0.101515948375552
    vertex -2.78069044821463 0.0 -0.0593870740824745
  endloop
endfacet
facet normal -0.932653274265146 0.0 0.360773987424958
  outer loop
    vertex -2.7989942287106 0.0 -0.101515948375552
    vertex -2.78069044821463 0.0630000000000002 -0.0593870740824745
    vertex -2.7989942287106 0.0630000000000002 -0.101515948375552
  endloop
endfacet
facet normal 7.00705579699847e-015 -0.13190035926131 0.991262979852843
  outer loop
    vertex 7.105427357601e-015 -1.25 1.06111696644841
    vertex -0.27434818780867 -1.79625000000001 0.952527081497014
    vertex -3.5527136788005e-015 -1.80559818780868 0.987414993357665
  endloop
endfacet
facet normal 7.00705579699847e-015 -0.13190035926131 0.991262979852843
  outer loop
    vertex 7.105427357601e-015 -1.25 1.06111696644841
    vertex -0.274348187808672 -1.25 1.02530734215128
    vertex -0.27434818780867 -1.79625000000001 0.952527081497014
  endloop
endfacet
facet normal 0.256081005838389 -0.250807661273838 0.933551303086845
  outer loop
    vertex 0.274348187808676 -1.79625000000001 0.952527081497008
    vertex 7.105427357601e-015 -1.25 1.06111696644841
    vertex -3.5527136788005e-015 -1.80559818780868 0.987414993357665
  endloop
endfacet
facet normal 0.252511322153242 -0.128348999518344 0.959043568617746
  outer loop
    vertex 0.274348187808676 -1.25 1.02530734215128
    vertex 7.105427357601e-015 -1.25 1.06111696644841
    vertex 0.274348187808676 -1.79625000000001 0.952527081497008
  endloop
endfacet
facet normal 0.495198456231608 -0.225950461545674 0.838883113355567
  outer loop
    vertex 0.530000000000003 -1.76884250012454 0.850240899453332
    vertex 0.274348187808676 -1.25 1.02530734215128
    vertex 0.274348187808676 -1.79625000000001 0.952527081497008
  endloop
endfacet
facet normal 0.489386361164823 -0.117558404289258 0.86410705996816
  outer loop
    vertex 0.530000000000003 -1.25 0.920318835977507
    vertex 0.274348187808676 -1.25 1.02530734215128
    vertex 0.530000000000003 -1.76884250012454 0.850240899453332
  endloop
endfacet
facet normal 0.701260321054488 -0.186745204537715 0.688011766394095
  outer loop
    vertex 0.749533188057741 -1.72524346400576 0.687527081497003
    vertex 0.530000000000003 -1.25 0.920318835977507
    vertex 0.530000000000003 -1.76884250012454 0.850240899453332
  endloop
endfacet
facet normal 0.69510558180048 -0.0985654201984299 0.712118731737147
  outer loop
    vertex 0.749533188057741 -1.25 0.753306241121153
    vertex 0.530000000000003 -1.25 0.920318835977507
    vertex 0.749533188057741 -1.72524346400576 0.687527081497003
  endloop
endfacet
facet normal 0.857309609478009 -0.0721011940329013 0.5097270360847
  outer loop
    vertex 0.917986928011509 -1.25 0.535651189920293
    vertex 0.749533188057741 -1.72524346400576 0.687527081497003
    vertex 0.917986928011506 -1.66842409390434 0.475474305424457
  endloop
endfacet
facet normal 0.69510558180048 -0.0985654201984299 0.712118731737147
  outer loop
    vertex 0.749533188057741 -1.25 0.753306241121153
    vertex 0.749533188057741 -1.72524346400576 0.687527081497003
    vertex 0.917986928011509 -1.25 0.535651189920293
  endloop
endfacet
facet normal 0.961630908364771 -0.0401885751929998 0.271386946077923
  outer loop
    vertex 1.02388137586641 -1.25 0.282186514422293
    vertex 0.917986928011506 -1.66842409390434 0.475474305424457
    vertex 1.02388137586641 -1.60225653599425 0.228533617491253
  endloop
endfacet
facet normal 0.857309609478009 -0.0721011940329013 0.5097270360847
  outer loop
    vertex 0.917986928011509 -1.25 0.535651189920293
    vertex 0.917986928011506 -1.66842409390434 0.475474305424457
    vertex 1.02388137586641 -1.25 0.282186514422293
  endloop
endfacet
facet normal -0.968461636226317 -0.0457715368371015 0.244922488909072
  outer loop
    vertex 1.08666655457521 -1.25 -0.278495000436955
    vertex 1.08666655457521 -1.45588928962875 -0.317716382508745
    vertex 1.125 -1.53125 -0.0364663825087534
  endloop
endfacet
facet normal -0.968461636226317 -0.0457715368371015 0.244922488909072
  outer loop
    vertex 1.08666655457521 -1.25 -0.278495000436955
    vertex 1.125 -1.53125 -0.0364663825087534
    vertex 1.12500000000001 -1.25 0.0101854133921826
  endloop
endfacet
facet normal -0.999908197707223 0.00143876955582811 -0.0134731622145294
  outer loop
    vertex 1.12500000000001 -1.25 0.0101854133921826
    vertex 1.125 -1.53125 -0.0364663825087534
    vertex 1.0866665545752 -1.60661071037126 0.244783617491252
  endloop
endfacet
facet normal -0.961558597051206 0.039757059727776 -0.271706534037588
  outer loop
    vertex 1.0866665545752 -1.25 0.298865827221312
    vertex 1.0866665545752 -1.60661071037126 0.244783617491252
    vertex 0.974278579257498 -1.67683571287017 0.506866894778855
  endloop
endfacet
facet normal -0.961558597051206 0.039757059727776 -0.271706534037588
  outer loop
    vertex 1.0866665545752 -1.25 0.298865827221312
    vertex 0.974278579257498 -1.67683571287017 0.506866894778855
    vertex 0.974278579257494 -1.25 0.567873147914946
  endloop
endfacet
facet normal -0.857374652712737 0.0716411382998489 -0.509682501356301
  outer loop
    vertex 0.974278579257494 -1.25 0.567873147914946
    vertex 0.974278579257498 -1.67683571287017 0.506866894778855
    vertex 0.795495128834866 -1.73713928962875 0.731922907119999
  endloop
endfacet
facet normal -0.857374652712737 0.0716411382998489 -0.509682501356301
  outer loop
    vertex 0.974278579257494 -1.25 0.567873147914946
    vertex 0.795495128834866 -1.73713928962875 0.731922907119999
    vertex 0.795495128834866 -1.25 0.798874971123398
  endloop
endfacet
facet normal -0.701215786444182 0.186304902087592 -0.688176506646079
  outer loop
    vertex 0.795495128834866 -1.73713928962875 0.731922907119999
    vertex 0.562500000000004 -1.78341185154727 0.904614459196288
    vertex 0.562500000000004 -1.25 0.976128904343599
  endloop
endfacet
facet normal -0.49512145716472 0.225469038545924 -0.83905807624518
  outer loop
    vertex 0.562500000000004 -1.78341185154727 0.904614459196288
    vertex 0.29117142574034 -1.81250000000001 1.01317290712
    vertex 0.291316592797278 -1.25 1.0872083254073
  endloop
endfacet
facet normal -0.49512145716472 0.225469038545924 -0.83905807624518
  outer loop
    vertex 0.562500000000004 -1.78341185154727 0.904614459196288
    vertex 0.291316592797278 -1.25 1.0872083254073
    vertex 0.562500000000004 -1.25 0.976128904343599
  endloop
endfacet
facet normal -0.256136952106776 0.250200280592743 -0.933698924363075
  outer loop
    vertex 0.29117142574034 -1.81250000000001 1.01317290712
    vertex 0.0 -1.82242142574034 1.05020017206645
    vertex 0.0 -1.25 1.12556088243771
  endloop
endfacet
facet normal -0.252845995508218 0.127026762099612 -0.959131432216642
  outer loop
    vertex 0.291316592797278 -1.25 1.0872083254073
    vertex 0.29117142574034 -1.81250000000001 1.01317290712
    vertex 0.0 -1.25 1.12556088243771
  endloop
endfacet
facet normal 0.130526192220021 0.256604812292575 -0.957662196942552
  outer loop
    vertex 0.0 -1.82242142574034 1.05020017206645
    vertex -0.291171425740332 -1.81250000000001 1.01317290712001
    vertex 0.0 -1.25 1.12556088243771
  endloop
endfacet
facet normal 0.129428307995564 0.129428307995557 -0.983105602760361
  outer loop
    vertex 0.0 -1.25 1.12556088243771
    vertex -0.291171425740332 -1.81250000000001 1.01317290712001
    vertex -0.291316592797279 -1.25 1.0872083254073
  endloop
endfacet
facet normal 0.256136952106784 0.250200280592736 -0.933698924363075
  outer loop
    vertex -0.291171425740332 -1.81250000000001 1.01317290712001
    vertex -0.562499999999989 -1.78341185154727 0.904614459196284
    vertex -0.291316592797279 -1.25 1.0872083254073
  endloop
endfacet
facet normal 0.49512145716473 0.225469038545917 -0.839058076245175
  outer loop
    vertex -0.562499999999989 -1.78341185154727 0.904614459196284
    vertex -0.79549512883486 -1.73713928962875 0.731922907119996
    vertex -0.562500000000002 -1.25 0.976128904343588
  endloop
endfacet
facet normal 0.857374652712737 0.0716411382998531 -0.5096825013563
  outer loop
    vertex -0.974278579257488 -1.25 0.56787314791494
    vertex -0.79549512883486 -1.73713928962875 0.731922907119996
    vertex -0.974278579257486 -1.67683571287017 0.506866894778856
  endloop
endfacet
facet normal 0.694004756506836 0.0980306558043128 -0.713265300199346
  outer loop
    vertex -0.79549512883486 -1.25 0.798874971123399
    vertex -0.79549512883486 -1.73713928962875 0.731922907119996
    vertex -0.974278579257488 -1.25 0.56787314791494
  endloop
endfacet
facet normal 0.961558597051207 0.0397570597277878 -0.271706534037582
  outer loop
    vertex -1.0866665545752 -1.25 0.298865827221318
    vertex -0.974278579257486 -1.67683571287017 0.506866894778856
    vertex -1.08666655457519 -1.60661071037126 0.244783617491257
  endloop
endfacet
facet normal 0.857374652712737 0.0716411382998531 -0.5096825013563
  outer loop
    vertex -0.974278579257488 -1.25 0.56787314791494
    vertex -0.974278579257486 -1.67683571287017 0.506866894778856
    vertex -1.0866665545752 -1.25 0.298865827221318
  endloop
endfacet
facet normal -0.130526192220046 0.495722430686902 -0.858616436401264
  outer loop
    vertex 1.77635683940025e-015 -2.3558332772876 0.829253748825034
    vertex 0.29117142574034 -2.7867785792575 0.450672907120005
    vertex 0.0 -2.81388441846361 0.477778746326117
  endloop
endfacet
facet normal -0.256147077833385 0.68351615727699 -0.683516157276999
  outer loop
    vertex 0.29117142574034 -2.7867785792575 0.450672907120005
    vertex 1.77635683940025e-015 -2.3558332772876 0.829253748825034
    vertex 0.291171425740337 -2.33666655457521 0.796056011272571
  endloop
endfacet
facet normal 0.999949729095227 -0.00967843605183421 0.00262052627790037
  outer loop
    vertex 1.06000000000001 -2.29963928962875 -0.804855672137491
    vertex 1.02388137586641 -2.61838812752311 -1.09882648555207
    vertex 1.06 -2.34641796891741 -1.10292914195947
  endloop
endfacet
facet normal 0.999949729095227 -0.00967843605183421 0.00262052627790037
  outer loop
    vertex 1.06000000000001 -2.29963928962875 -0.804855672137491
    vertex 1.02388137586642 -2.56463928962875 -0.733849136143248
    vertex 1.02388137586641 -2.61838812752311 -1.09882648555207
  endloop
endfacet
facet normal 0.968126011108606 0.240711202812207 -0.0692108622662587
  outer loop
    vertex 1.02388137586641 -2.03463928962875 -0.87586220813175
    vertex 1.06 -2.34641796891741 -1.10292914195947
    vertex 1.02388137586642 -2.07444781031173 -1.10703179836686
  endloop
endfacet
facet normal 0.968126011108606 0.240711202812207 -0.0692108622662587
  outer loop
    vertex 1.02388137586641 -2.03463928962875 -0.87586220813175
    vertex 1.06000000000001 -2.29963928962875 -0.804855672137491
    vertex 1.06 -2.34641796891741 -1.10292914195947
  endloop
endfacet
facet normal 0.4953570658651 -0.614256207659933 0.614256207659928
  outer loop
    vertex 0.53000000000001 -2.66750407146629 0.331398399328799
    vertex 0.749533188057748 -2.16809987131647 0.504089951405082
    vertex 0.530000000000006 -2.25232674129336 0.64997516956754
  endloop
endfacet
facet normal 0.701716476830787 -0.356228152363124 0.617005258979324
  outer loop
    vertex 0.749533188057748 -2.16809987131647 0.504089951405082
    vertex 0.53000000000001 -2.66750407146629 0.331398399328799
    vertex 0.749533188057741 -2.54838928962875 0.212283617491249
  endloop
endfacet
facet normal 0.861318766179911 -0.359256164196467 0.359256164196466
  outer loop
    vertex 0.917986928011509 -2.39315588365762 0.0570502115201261
    vertex 0.749533188057748 -2.16809987131647 0.504089951405082
    vertex 0.749533188057741 -2.54838928962875 0.212283617491249
  endloop
endfacet
facet normal 0.701716476830787 -0.356228152363124 0.617005258979324
  outer loop
    vertex 0.749533188057748 -2.16809987131647 0.504089951405082
    vertex 0.917986928011509 -2.39315588365762 0.0570502115201261
    vertex 0.917986928011502 -2.05833327728761 0.313968633573296
  endloop
endfacet
facet normal 0.963165699389223 -0.190147095060729 0.190147095060732
  outer loop
    vertex 1.02388137586642 -2.2123827536345 -0.12372291850299
    vertex 0.917986928011502 -2.05833327728761 0.313968633573296
    vertex 0.917986928011509 -2.39315588365762 0.0570502115201261
  endloop
endfacet
facet normal 0.861318766179916 -0.25403246988638 0.439997144615432
  outer loop
    vertex 0.917986928011502 -2.05833327728761 0.313968633573296
    vertex 1.02388137586642 -2.2123827536345 -0.12372291850299
    vertex 1.02388137586642 -1.93050737119194 0.0925676696920759
  endloop
endfacet
facet normal -0.999940854491381 0.00543800328812444 -0.00941889798677198
  outer loop
    vertex 1.125 -1.7933332772876 -0.145024830432457
    vertex 1.0866665545752 -1.81250000000001 -0.523605672137494
    vertex 1.12500000000001 -2.01838928962875 -0.317716382508748
  endloop
endfacet
facet normal -0.968601909439036 -0.175798664714853 0.175798664714858
  outer loop
    vertex 1.0866665545752 -1.81250000000001 -0.523605672137494
    vertex 1.125 -1.7933332772876 -0.145024830432457
    vertex 1.0866665545752 -1.64774756441744 -0.397186681979722
  endloop
endfacet
facet normal -0.963165699389224 0.13445430034036 -0.232881679485639
  outer loop
    vertex 1.0866665545752 -1.93891899015777 0.1071370211148
    vertex 1.12500000000001 -2.01838928962875 -0.317716382508748
    vertex 1.0866665545752 -2.2242785792575 -0.11182709288
  endloop
endfacet
facet normal -0.999940854491381 0.00769049800229955 -0.00769049800229524
  outer loop
    vertex 1.12500000000001 -2.01838928962875 -0.317716382508748
    vertex 1.0866665545752 -1.93891899015777 0.1071370211148
    vertex 1.125 -1.7933332772876 -0.145024830432457
  endloop
endfacet
facet normal -0.86131876617992 0.254032469886377 -0.439997144615425
  outer loop
    vertex 0.974278579257494 -2.0745832772876 0.342114459196286
    vertex 1.0866665545752 -2.2242785792575 -0.11182709288
    vertex 0.974278579257505 -2.41613685404618 0.0800311819086863
  endloop
endfacet
facet normal -0.963165699389224 0.190147095060728 -0.190147095060727
  outer loop
    vertex 1.0866665545752 -2.2242785792575 -0.11182709288
    vertex 0.974278579257494 -2.0745832772876 0.342114459196286
    vertex 1.0866665545752 -1.93891899015777 0.1071370211148
  endloop
endfacet
facet normal -0.701716476830776 0.356228152363131 -0.617005258979333
  outer loop
    vertex 0.79549512883487 -2.19108084170504 0.543894159725307
    vertex 0.974278579257505 -2.41613685404618 0.0800311819086863
    vertex 0.79549512883487 -2.58088928962875 0.244783617491256
  endloop
endfacet
facet normal -0.861318766179922 0.359256164196453 -0.359256164196452
  outer loop
    vertex 0.974278579257505 -2.41613685404618 0.0800311819086863
    vertex 0.79549512883487 -2.19108084170504 0.543894159725307
    vertex 0.974278579257494 -2.0745832772876 0.342114459196286
  endloop
endfacet
facet normal -0.701716476830776 0.356228152363131 -0.617005258979333
  outer loop
    vertex 0.79549512883487 -2.19108084170504 0.543894159725307
    vertex 0.562500000000001 -2.70730827978652 0.371202607649017
    vertex 0.562500000000001 -2.28047256691635 0.69872516956754
  endloop
endfacet
facet normal -0.495357065865096 0.614256207659931 -0.614256207659933
  outer loop
    vertex 0.562500000000001 -2.70730827978652 0.371202607649017
    vertex 0.79549512883487 -2.19108084170504 0.543894159725307
    vertex 0.79549512883487 -2.58088928962875 0.244783617491256
  endloop
endfacet
facet normal -0.495357065865091 0.43434472982227 -0.752307140051951
  outer loop
    vertex 0.562500000000001 -2.28047256691635 0.69872516956754
    vertex 0.29117142574034 -2.7867785792575 0.450672907120005
    vertex 0.291171425740337 -2.33666655457521 0.796056011272571
  endloop
endfacet
facet normal -0.256147077833385 0.68351615727699 -0.683516157276999
  outer loop
    vertex 0.29117142574034 -2.7867785792575 0.450672907120005
    vertex 0.562500000000001 -2.28047256691635 0.69872516956754
    vertex 0.562500000000001 -2.70730827978652 0.371202607649017
  endloop
endfacet
facet normal 0.495357065865104 0.434344729822263 -0.752307140051947
  outer loop
    vertex -0.562499999999988 -2.28047256691635 0.698725169567544
    vertex -0.291171425740334 -2.7867785792575 0.450672907120005
    vertex -0.562500000000007 -2.70730827978652 0.371202607649022
  endloop
endfacet
facet normal 0.256147077833381 0.683516157276994 -0.683516157276996
  outer loop
    vertex -0.291171425740334 -2.7867785792575 0.450672907120005
    vertex -0.562499999999988 -2.28047256691635 0.698725169567544
    vertex -0.291171425740339 -2.33666655457521 0.79605601127258
  endloop
endfacet
facet normal 0.495357065865104 0.434344729822263 -0.752307140051947
  outer loop
    vertex -0.562499999999988 -2.28047256691635 0.698725169567544
    vertex -0.795495128834858 -2.58088928962875 0.244783617491244
    vertex -0.795495128834865 -2.19108084170504 0.543894159725306
  endloop
endfacet
facet normal 0.701716476830787 0.503782684371044 -0.503782684371041
  outer loop
    vertex -0.795495128834858 -2.58088928962875 0.244783617491244
    vertex -0.562499999999988 -2.28047256691635 0.698725169567544
    vertex -0.562500000000007 -2.70730827978652 0.371202607649022
  endloop
endfacet
facet normal 0.861318766179916 0.359256164196459 -0.359256164196461
  outer loop
    vertex -0.974278579257485 -2.41613685404618 0.0800311819086854
    vertex -0.795495128834865 -2.19108084170504 0.543894159725306
    vertex -0.795495128834858 -2.58088928962875 0.244783617491244
  endloop
endfacet
facet normal 0.701716476830784 0.356228152363127 -0.617005258979325
  outer loop
    vertex -0.795495128834865 -2.19108084170504 0.543894159725306
    vertex -0.974278579257485 -2.41613685404618 0.0800311819086854
    vertex -0.974278579257486 -2.0745832772876 0.34211445919628
  endloop
endfacet
facet normal 0.96316569938922 0.190147095060736 -0.19014709506074
  outer loop
    vertex -1.08666655457519 -2.2242785792575 -0.111827092879995
    vertex -0.974278579257486 -2.0745832772876 0.34211445919628
    vertex -0.974278579257485 -2.41613685404618 0.0800311819086854
  endloop
endfacet
facet normal 0.861318766179919 0.254032469886385 -0.439997144615422
  outer loop
    vertex -0.974278579257486 -2.0745832772876 0.34211445919628
    vertex -1.08666655457519 -2.2242785792575 -0.111827092879995
    vertex -1.0866665545752 -1.93891899015777 0.10713702111481
  endloop
endfacet
facet normal 0.999940854491381 0.00769049800230204 -0.00769049800229973
  outer loop
    vertex -1.12499999999999 -2.01838928962875 -0.31771638250875
    vertex -1.0866665545752 -1.93891899015777 0.10713702111481
    vertex -1.08666655457519 -2.2242785792575 -0.111827092879995
  endloop
endfacet
facet normal 0.963165699389221 0.13445430034037 -0.232881679485644
  outer loop
    vertex -1.0866665545752 -1.93891899015777 0.10713702111481
    vertex -1.12499999999999 -2.01838928962875 -0.31771638250875
    vertex -1.125 -1.7933332772876 -0.145024830432462
  endloop
endfacet
facet normal 0.968601909439038 -0.175798664714846 0.175798664714856
  outer loop
    vertex -1.0866665545752 -1.81250000000001 -0.523605672137498
    vertex -1.125 -1.7933332772876 -0.145024830432462
    vertex -1.12499999999999 -2.01838928962875 -0.31771638250875
  endloop
endfacet
facet normal 0.999940854491381 0.00543800328812641 -0.00941889798676551
  outer loop
    vertex -1.125 -1.7933332772876 -0.145024830432462
    vertex -1.0866665545752 -1.81250000000001 -0.523605672137498
    vertex -1.0866665545752 -1.64774756441744 -0.397186681979721
  endloop
endfacet
facet normal 0.870730561229312 -0.347727112648183 0.347727112648186
  outer loop
    vertex -0.974278579257494 -1.62064172521132 -0.715463946926181
    vertex -1.0866665545752 -1.64774756441744 -0.397186681979721
    vertex -1.0866665545752 -1.81250000000001 -0.523605672137498
  endloop
endfacet
facet normal 0.968601909439038 -0.124308427943416 0.215308513007
  outer loop
    vertex -1.0866665545752 -1.64774756441744 -0.397186681979721
    vertex -0.974278579257494 -1.62064172521132 -0.715463946926181
    vertex -0.97427857925749 -1.5120832772876 -0.632164120061206
  endloop
endfacet
facet normal 0.712577993522726 -0.496101100153567 0.496101100153534
  outer loop
    vertex -0.795495128834862 -1.45588928962875 -0.880216382508749
    vertex -0.97427857925749 -1.5120832772876 -0.632164120061206
    vertex -0.974278579257494 -1.62064172521132 -0.715463946926181
  endloop
endfacet
facet normal 0.87073056122931 -0.245880199355963 0.425876997859666
  outer loop
    vertex -0.97427857925749 -1.5120832772876 -0.632164120061206
    vertex -0.795495128834862 -1.45588928962875 -0.880216382508749
    vertex -0.795495128834862 -1.39558571287017 -0.833943820590225
  endloop
endfacet
facet normal 0.504757985981697 -0.610417633914639 0.610417633914482
  outer loop
    vertex -0.5625 -1.32947029947098 -1.00663537266652
    vertex -0.795495128834862 -1.39558571287017 -0.833943820590225
    vertex -0.795495128834862 -1.45588928962875 -0.880216382508749
  endloop
endfacet
facet normal 0.71257799352273 -0.350796452072699 0.607597278104772
  outer loop
    vertex -0.795495128834862 -1.39558571287017 -0.833943820590225
    vertex -0.5625 -1.32947029947098 -1.00663537266652
    vertex -0.562499999999993 -1.30619398765886 -0.988774830432454
  endloop
endfacet
facet normal 0.254562558929191 -0.900703089260279 0.352039555431507
  outer loop
    vertex -0.29117142574033 -1.25 -1.08610567213749
    vertex -0.562499999999993 -1.30619398765886 -0.988774830432454
    vertex -0.5625 -1.32947029947098 -1.00663537266652
  endloop
endfacet
facet normal -0.381922776224761 -0.515597870502494 0.767003147929697
  outer loop
    vertex 0.562500000000004 -1.30619398765886 -0.98877483043246
    vertex 0.291171425740344 -1.25 -1.08610567213749
    vertex 0.562500000000001 -1.32947029947098 -1.00663537266652
  endloop
endfacet
facet normal -0.608761429008728 -0.56098552679693 0.560985526796925
  outer loop
    vertex 0.795495128834866 -1.45588928962875 -0.880216382508749
    vertex 0.562500000000004 -1.30619398765886 -0.98877483043246
    vertex 0.562500000000001 -1.32947029947098 -1.00663537266652
  endloop
endfacet
facet normal -0.608004883362011 -0.439346003535317 0.661290519352495
  outer loop
    vertex 0.562500000000004 -1.30619398765886 -0.98877483043246
    vertex 0.795495128834866 -1.45588928962875 -0.880216382508749
    vertex 0.79549512883487 -1.39558571287017 -0.833943820590226
  endloop
endfacet
facet normal -0.870730561229312 -0.245880199355952 0.425876997859669
  outer loop
    vertex 0.974278579257494 -1.5120832772876 -0.632164120061207
    vertex 0.795495128834866 -1.45588928962875 -0.880216382508749
    vertex 0.974278579257502 -1.62064172521132 -0.715463946926181
  endloop
endfacet
facet normal -0.793353340291226 -0.430459334576887 0.430459334576889
  outer loop
    vertex 0.795495128834866 -1.45588928962875 -0.880216382508749
    vertex 0.974278579257494 -1.5120832772876 -0.632164120061207
    vertex 0.79549512883487 -1.39558571287017 -0.833943820590226
  endloop
endfacet
facet normal -0.968601909439038 -0.124308427943412 0.215308513007002
  outer loop
    vertex 1.0866665545752 -1.64774756441744 -0.397186681979722
    vertex 0.974278579257502 -1.62064172521132 -0.715463946926181
    vertex 1.0866665545752 -1.81250000000001 -0.523605672137494
  endloop
endfacet
facet normal -0.870730561229312 -0.347727112648183 0.347727112648187
  outer loop
    vertex 0.974278579257502 -1.62064172521132 -0.715463946926181
    vertex 1.0866665545752 -1.64774756441744 -0.397186681979722
    vertex 0.974278579257494 -1.5120832772876 -0.632164120061207
  endloop
endfacet
facet normal 0.999940854491381 -0.00543800328812405 0.00941889798676074
  outer loop
    vertex 1.06000000000001 -1.7933332772876 -0.145024830432463
    vertex 1.02388137586641 -1.60225653599425 0.228533617491253
    vertex 1.02388137586642 -1.93050737119194 0.0925676696920759
  endloop
endfacet
facet normal 0.963322746455755 -0.0723720137702009 0.258401969388369
  outer loop
    vertex 1.02388137586641 -1.60225653599425 0.228533617491253
    vertex 1.06000000000001 -1.7933332772876 -0.145024830432463
    vertex 1.06 -1.53125 -0.0364663825087428
  endloop
endfacet
facet normal 0.968601909439037 0.124308427943407 -0.215308513007011
  outer loop
    vertex 1.02388137586642 -1.65615918338327 -0.382617330556999
    vertex 1.06 -1.53125 -0.0364663825087428
    vertex 1.06000000000001 -1.7933332772876 -0.145024830432463
  endloop
endfacet
facet normal 0.999957860360749 -0.00243132116504578 0.00885246746084114
  outer loop
    vertex 1.06 -1.53125 -0.0364663825087428
    vertex 1.02388137586642 -1.65615918338327 -0.382617330556999
    vertex 1.02388137586642 -1.46024346400576 -0.301466382508746
  endloop
endfacet
facet normal 0.870730561229312 0.245880199355944 -0.425876997859674
  outer loop
    vertex 0.917986928011513 -1.5283332772876 -0.60401829443821
    vertex 1.02388137586642 -1.46024346400576 -0.301466382508746
    vertex 1.02388137586642 -1.65615918338327 -0.382617330556999
  endloop
endfacet
facet normal 0.967675258120659 0.0728775390166622 -0.241440384211074
  outer loop
    vertex 1.02388137586642 -1.46024346400576 -0.301466382508746
    vertex 0.917986928011513 -1.5283332772876 -0.60401829443821
    vertex 0.917986928011509 -1.39407590609567 -0.548407070441953
  endloop
endfacet
facet normal 0.712577993522727 0.350796452072679 -0.607597278104787
  outer loop
    vertex 0.749533188057748 -1.41856668325873 -0.794139612269999
    vertex 0.917986928011509 -1.39407590609567 -0.548407070441953
    vertex 0.917986928011513 -1.5283332772876 -0.60401829443821
  endloop
endfacet
facet normal 0.8671652611159 0.153750969878382 -0.47369299042233
  outer loop
    vertex 0.917986928011509 -1.39407590609567 -0.548407070441953
    vertex 0.749533188057748 -1.41856668325873 -0.794139612269999
    vertex 0.749533188057744 -1.33725653599425 -0.760459846514502
  endloop
endfacet
facet normal 0.485353939858964 0.36632232533946 -0.793876254224342
  outer loop
    vertex 0.530000000000006 -1.29365749987547 -0.923173664470816
    vertex 0.749533188057748 -1.41856668325873 -0.794139612269999
    vertex 0.529999999999999 -1.33433981328185 -0.94002483043246
  endloop
endfacet
facet normal 0.712577993522727 0.350796452072679 -0.607597278104787
  outer loop
    vertex 0.749533188057748 -1.41856668325873 -0.794139612269999
    vertex 0.530000000000006 -1.29365749987547 -0.923173664470816
    vertex 0.749533188057744 -1.33725653599425 -0.760459846514502
  endloop
endfacet
facet normal 0.226307101500623 0.574965790275457 -0.786256596680312
  outer loop
    vertex 0.274348187808672 -1.26625 -1.0254598465145
    vertex 0.529999999999999 -1.33433981328185 -0.94002483043246
    vertex 0.274348187808669 -1.2813925893544 -1.03173211239455
  endloop
endfacet
facet normal 0.504757985981696 0.431630448296836 -0.747605866543846
  outer loop
    vertex 0.529999999999999 -1.33433981328185 -0.94002483043246
    vertex 0.274348187808672 -1.26625 -1.0254598465145
    vertex 0.530000000000006 -1.29365749987547 -0.923173664470816
  endloop
endfacet
facet normal 0.226307101500623 0.574965790275457 -0.786256596680312
  outer loop
    vertex 0.274348187808672 -1.26625 -1.0254598465145
    vertex 1.06581410364015e-014 -1.2633332772876 -1.06301175844396
    vertex -1.77635683940025e-015 -1.25690181219133 -1.06034775837516
  endloop
endfacet
facet normal 1.00415590070024e-013 0.499999999999936 -0.866025403784476
  outer loop
    vertex 1.06581410364015e-014 -1.2633332772876 -1.06301175844396
    vertex 0.274348187808672 -1.26625 -1.0254598465145
    vertex 0.274348187808669 -1.2813925893544 -1.03173211239455
  endloop
endfacet
facet normal -9.03634163231308e-014 0.707529255873476 -0.706684053932962
  outer loop
    vertex -1.77635683940025e-015 -1.25690181219133 -1.06034775837516
    vertex -0.274348187808664 -1.2813925893544 -1.03173211239453
    vertex -0.274348187808668 -1.26625 -1.0254598465145
  endloop
endfacet
facet normal -0.261572412895598 0.482591927204551 -0.835873737240842
  outer loop
    vertex -0.274348187808664 -1.2813925893544 -1.03173211239453
    vertex -1.77635683940025e-015 -1.25690181219133 -1.06034775837516
    vertex 1.06581410364015e-014 -1.2633332772876 -1.06301175844396
  endloop
endfacet
facet normal -0.485353939858941 0.366322325339553 -0.793876254224313
  outer loop
    vertex -0.530000000000003 -1.29365749987547 -0.92317366447082
    vertex -0.274348187808664 -1.2813925893544 -1.03173211239453
    vertex -0.530000000000006 -1.33433981328185 -0.940024830432459
  endloop
endfacet
facet normal -0.261572412895598 0.482591927204551 -0.835873737240842
  outer loop
    vertex -0.274348187808664 -1.2813925893544 -1.03173211239453
    vertex -0.530000000000003 -1.29365749987547 -0.92317366447082
    vertex -0.274348187808668 -1.26625 -1.0254598465145
  endloop
endfacet
facet normal -0.70760670665998 0.241771493463786 -0.663957298053201
  outer loop
    vertex -0.749533188057731 -1.33725653599425 -0.760459846514499
    vertex -0.530000000000006 -1.33433981328185 -0.940024830432459
    vertex -0.749533188057743 -1.41856668325873 -0.794139612270005
  endloop
endfacet
facet normal -0.504757985981709 0.43163044829685 -0.747605866543829
  outer loop
    vertex -0.530000000000006 -1.33433981328185 -0.940024830432459
    vertex -0.749533188057731 -1.33725653599425 -0.760459846514499
    vertex -0.530000000000003 -1.29365749987547 -0.92317366447082
  endloop
endfacet
facet normal -0.867165261115901 0.153750969878385 -0.473692990422327
  outer loop
    vertex -0.917986928011498 -1.39407590609567 -0.548407070441951
    vertex -0.749533188057743 -1.41856668325873 -0.794139612270005
    vertex -0.9179869280115 -1.5283332772876 -0.604018294438212
  endloop
endfacet
facet normal -0.712577993522735 0.350796452072695 -0.607597278104767
  outer loop
    vertex -0.749533188057743 -1.41856668325873 -0.794139612270005
    vertex -0.917986928011498 -1.39407590609567 -0.548407070441951
    vertex -0.749533188057731 -1.33725653599425 -0.760459846514499
  endloop
endfacet
facet normal -0.967675258120657 0.0728775390166581 -0.241440384211083
  outer loop
    vertex -1.02388137586641 -1.46024346400576 -0.30146638250875
    vertex -0.9179869280115 -1.5283332772876 -0.604018294438212
    vertex -1.02388137586641 -1.65615918338327 -0.382617330556997
  endloop
endfacet
facet normal -0.870730561229312 0.245880199355954 -0.425876997859668
  outer loop
    vertex -0.9179869280115 -1.5283332772876 -0.604018294438212
    vertex -1.02388137586641 -1.46024346400576 -0.30146638250875
    vertex -0.917986928011498 -1.39407590609567 -0.548407070441951
  endloop
endfacet
facet normal -0.999957860360749 -0.00243132116505545 0.00885246746082213
  outer loop
    vertex -1.06 -1.53125 -0.0364663825087419
    vertex -1.02388137586641 -1.65615918338327 -0.382617330556997
    vertex -1.06 -1.7933332772876 -0.145024830432462
  endloop
endfacet
facet normal -0.968601909439038 0.124308427943406 -0.215308513007007
  outer loop
    vertex -1.02388137586641 -1.65615918338327 -0.382617330556997
    vertex -1.06 -1.53125 -0.0364663825087419
    vertex -1.02388137586641 -1.46024346400576 -0.30146638250875
  endloop
endfacet
facet normal -0.963322746455758 -0.0723720137702097 0.258401969388353
  outer loop
    vertex -1.02388137586641 -1.60225653599425 0.228533617491255
    vertex -1.06 -1.7933332772876 -0.145024830432462
    vertex -1.02388137586641 -1.93050737119194 0.0925676696920732
  endloop
endfacet
facet normal -0.999940854491381 -0.00543800328813046 0.00941889798675638
  outer loop
    vertex -1.06 -1.7933332772876 -0.145024830432462
    vertex -1.02388137586641 -1.60225653599425 0.228533617491255
    vertex -1.06 -1.53125 -0.0364663825087419
  endloop
endfacet
facet normal -0.861321609451806 -0.134863478558251 0.489833570963157
  outer loop
    vertex -0.917986928011505 -1.66842409390434 0.475474305424456
    vertex -1.02388137586641 -1.93050737119194 0.0925676696920732
    vertex -0.917986928011505 -2.0583332772876 0.313968633573284
  endloop
endfacet
facet normal -0.963165699389224 -0.134454300340368 0.232881679485634
  outer loop
    vertex -1.02388137586641 -1.93050737119194 0.0925676696920732
    vertex -0.917986928011505 -1.66842409390434 0.475474305424456
    vertex -1.02388137586641 -1.60225653599425 0.228533617491255
  endloop
endfacet
facet normal -0.701260321054493 -0.18674520453772 0.688011766394089
  outer loop
    vertex -0.749533188057745 -1.72524346400576 0.687527081497002
    vertex -0.917986928011505 -2.0583332772876 0.313968633573284
    vertex -0.749533188057733 -2.16809987131647 0.50408995140508
  endloop
endfacet
facet normal -0.861318766179918 -0.254032469886389 0.439997144615421
  outer loop
    vertex -0.917986928011505 -2.0583332772876 0.313968633573284
    vertex -0.749533188057745 -1.72524346400576 0.687527081497002
    vertex -0.917986928011505 -1.66842409390434 0.475474305424456
  endloop
endfacet
facet normal -0.701716476830786 -0.356228152363134 0.617005258979319
  outer loop
    vertex -0.749533188057733 -2.16809987131647 0.50408995140508
    vertex -0.529999999999999 -1.76884250012454 0.850240899453335
    vertex -0.749533188057745 -1.72524346400576 0.687527081497002
  endloop
endfacet
facet normal -0.495198456231614 -0.225950461545674 0.838883113355563
  outer loop
    vertex -0.529999999999999 -1.76884250012454 0.850240899453335
    vertex -0.749533188057733 -2.16809987131647 0.50408995140508
    vertex -0.529999999999994 -2.25232674129336 0.649975169567546
  endloop
endfacet
facet normal -0.4953570658651 -0.434344729822273 0.752307140051944
  outer loop
    vertex -0.529999999999994 -2.25232674129336 0.649975169567546
    vertex -0.27434818780867 -1.79625000000001 0.952527081497014
    vertex -0.529999999999999 -1.76884250012454 0.850240899453335
  endloop
endfacet
facet normal -0.256081005838385 -0.250807661273835 0.933551303086847
  outer loop
    vertex -0.27434818780867 -1.79625000000001 0.952527081497014
    vertex -0.529999999999994 -2.25232674129336 0.649975169567546
    vertex -0.274348187808664 -2.30527396522081 0.741682451529622
  endloop
endfacet
facet normal -0.256147077833381 -0.483318909861138 0.837132908138284
  outer loop
    vertex -0.274348187808664 -2.30527396522081 0.741682451529622
    vertex -3.5527136788005e-015 -1.80559818780868 0.987414993357665
    vertex -0.27434818780867 -1.79625000000001 0.952527081497014
  endloop
endfacet
facet normal 8.0168895172894e-015 -0.259289048959048 0.965799766561326
  outer loop
    vertex -3.5527136788005e-015 -1.80559818780868 0.987414993357665
    vertex -0.274348187808664 -2.30527396522081 0.741682451529622
    vertex -1.77635683940025e-015 -2.3233332772876 0.77296209757905
  endloop
endfacet
facet normal 5.12407740581313e-015 -0.500000000000001 0.866025403784438
  outer loop
    vertex -1.77635683940025e-015 -2.3233332772876 0.77296209757905
    vertex 0.274348187808676 -1.79625000000001 0.952527081497008
    vertex -3.5527136788005e-015 -1.80559818780868 0.987414993357665
  endloop
endfacet
facet normal 0.256081005838389 -0.250807661273838 0.933551303086845
  outer loop
    vertex 0.274348187808676 -1.79625000000001 0.952527081497008
    vertex -1.77635683940025e-015 -2.3233332772876 0.77296209757905
    vertex 0.274348187808669 -2.30527396522081 0.741682451529613
  endloop
endfacet
facet normal 0.495357065865092 -0.434344729822268 0.752307140051952
  outer loop
    vertex 0.530000000000006 -2.25232674129336 0.64997516956754
    vertex 0.274348187808676 -1.79625000000001 0.952527081497008
    vertex 0.274348187808669 -2.30527396522081 0.741682451529613
  endloop
endfacet
facet normal 0.256081005838389 -0.250807661273838 0.933551303086845
  outer loop
    vertex 0.274348187808676 -1.79625000000001 0.952527081497008
    vertex 0.530000000000006 -2.25232674129336 0.64997516956754
    vertex 0.530000000000003 -1.76884250012454 0.850240899453332
  endloop
endfacet
facet normal 0.495357065865092 -0.434344729822268 0.752307140051952
  outer loop
    vertex 0.530000000000006 -2.25232674129336 0.64997516956754
    vertex 0.749533188057741 -1.72524346400576 0.687527081497003
    vertex 0.530000000000003 -1.76884250012454 0.850240899453332
  endloop
endfacet
facet normal 0.701260321054488 -0.186745204537715 0.688011766394095
  outer loop
    vertex 0.749533188057741 -1.72524346400576 0.687527081497003
    vertex 0.530000000000006 -2.25232674129336 0.64997516956754
    vertex 0.749533188057748 -2.16809987131647 0.504089951405082
  endloop
endfacet
facet normal 0.963165699389221 -0.134454300340361 0.232881679485648
  outer loop
    vertex 1.02388137586642 -1.93050737119194 0.0925676696920759
    vertex 0.917986928011506 -1.66842409390434 0.475474305424457
    vertex 0.917986928011502 -2.05833327728761 0.313968633573296
  endloop
endfacet
facet normal 0.861321609451806 -0.134863478558246 0.489833570963158
  outer loop
    vertex 0.917986928011506 -1.66842409390434 0.475474305424457
    vertex 1.02388137586642 -1.93050737119194 0.0925676696920759
    vertex 1.02388137586641 -1.60225653599425 0.228533617491253
  endloop
endfacet
facet normal -0.999957976826719 0.00242273807000235 -0.00884165826406168
  outer loop
    vertex 1.125 -1.53125 -0.0364663825087534
    vertex 1.0866665545752 -1.64774756441744 -0.397186681979722
    vertex 1.125 -1.7933332772876 -0.145024830432457
  endloop
endfacet
facet normal -0.968601909439038 -0.124308427943412 0.215308513007002
  outer loop
    vertex 1.0866665545752 -1.64774756441744 -0.397186681979722
    vertex 1.125 -1.53125 -0.0364663825087534
    vertex 1.08666655457521 -1.45588928962875 -0.317716382508745
  endloop
endfacet
facet normal 0.861318766179916 -0.25403246988638 0.439997144615432
  outer loop
    vertex 0.917986928011502 -2.05833327728761 0.313968633573296
    vertex 0.749533188057741 -1.72524346400576 0.687527081497003
    vertex 0.749533188057748 -2.16809987131647 0.504089951405082
  endloop
endfacet
facet normal 0.701260321054488 -0.186745204537715 0.688011766394095
  outer loop
    vertex 0.749533188057741 -1.72524346400576 0.687527081497003
    vertex 0.917986928011502 -2.05833327728761 0.313968633573296
    vertex 0.917986928011506 -1.66842409390434 0.475474305424457
  endloop
endfacet
facet normal -0.96329599038278 0.0722321330921903 -0.258540816625558
  outer loop
    vertex 1.0866665545752 -1.60661071037126 0.244783617491252
    vertex 1.125 -1.7933332772876 -0.145024830432457
    vertex 1.0866665545752 -1.93891899015777 0.1071370211148
  endloop
endfacet
facet normal -0.999940854491381 0.00543800328812444 -0.00941889798677198
  outer loop
    vertex 1.125 -1.7933332772876 -0.145024830432457
    vertex 1.0866665545752 -1.60661071037126 0.244783617491252
    vertex 1.125 -1.53125 -0.0364663825087534
  endloop
endfacet
facet normal -0.861303873304446 0.134653545873934 -0.489922504498758
  outer loop
    vertex 0.974278579257498 -1.67683571287017 0.506866894778855
    vertex 1.0866665545752 -1.93891899015777 0.1071370211148
    vertex 0.974278579257494 -2.0745832772876 0.342114459196286
  endloop
endfacet
facet normal -0.963165699389224 0.13445430034036 -0.232881679485639
  outer loop
    vertex 1.0866665545752 -1.93891899015777 0.1071370211148
    vertex 0.974278579257498 -1.67683571287017 0.506866894778855
    vertex 1.0866665545752 -1.60661071037126 0.244783617491252
  endloop
endfacet
facet normal -0.701215786444182 0.186304902087592 -0.688176506646079
  outer loop
    vertex 0.795495128834866 -1.73713928962875 0.731922907119999
    vertex 0.974278579257494 -2.0745832772876 0.342114459196286
    vertex 0.79549512883487 -2.19108084170504 0.543894159725307
  endloop
endfacet
facet normal -0.86131876617992 0.254032469886377 -0.439997144615425
  outer loop
    vertex 0.974278579257494 -2.0745832772876 0.342114459196286
    vertex 0.795495128834866 -1.73713928962875 0.731922907119999
    vertex 0.974278579257498 -1.67683571287017 0.506866894778855
  endloop
endfacet
facet normal -0.49512145716472 0.225469038545924 -0.83905807624518
  outer loop
    vertex 0.562500000000004 -1.78341185154727 0.904614459196288
    vertex 0.79549512883487 -2.19108084170504 0.543894159725307
    vertex 0.562500000000001 -2.28047256691635 0.69872516956754
  endloop
endfacet
facet normal -0.701716476830776 0.356228152363131 -0.617005258979333
  outer loop
    vertex 0.79549512883487 -2.19108084170504 0.543894159725307
    vertex 0.562500000000004 -1.78341185154727 0.904614459196288
    vertex 0.795495128834866 -1.73713928962875 0.731922907119999
  endloop
endfacet
facet normal -0.256136952106776 0.250200280592743 -0.933698924363075
  outer loop
    vertex 0.29117142574034 -1.81250000000001 1.01317290712
    vertex 0.562500000000001 -2.28047256691635 0.69872516956754
    vertex 0.291171425740337 -2.33666655457521 0.796056011272571
  endloop
endfacet
facet normal -0.495357065865091 0.43434472982227 -0.752307140051951
  outer loop
    vertex 0.562500000000001 -2.28047256691635 0.69872516956754
    vertex 0.29117142574034 -1.81250000000001 1.01317290712
    vertex 0.562500000000004 -1.78341185154727 0.904614459196288
  endloop
endfacet
facet normal 0.256136952106784 0.250200280592736 -0.933698924363075
  outer loop
    vertex -0.291171425740332 -1.81250000000001 1.01317290712001
    vertex -0.562499999999988 -2.28047256691635 0.698725169567544
    vertex -0.562499999999989 -1.78341185154727 0.904614459196284
  endloop
endfacet
facet normal 0.495357065865104 0.434344729822263 -0.752307140051947
  outer loop
    vertex -0.562499999999988 -2.28047256691635 0.698725169567544
    vertex -0.291171425740332 -1.81250000000001 1.01317290712001
    vertex -0.291171425740339 -2.33666655457521 0.79605601127258
  endloop
endfacet
facet normal 0.701215786444169 0.186304902087605 -0.688176506646088
  outer loop
    vertex -0.79549512883486 -1.73713928962875 0.731922907119996
    vertex -0.562499999999988 -2.28047256691635 0.698725169567544
    vertex -0.795495128834865 -2.19108084170504 0.543894159725306
  endloop
endfacet
facet normal 0.495357065865104 0.434344729822263 -0.752307140051947
  outer loop
    vertex -0.562499999999988 -2.28047256691635 0.698725169567544
    vertex -0.79549512883486 -1.73713928962875 0.731922907119996
    vertex -0.562499999999989 -1.78341185154727 0.904614459196284
  endloop
endfacet
facet normal 0.861318766179919 0.254032469886385 -0.439997144615422
  outer loop
    vertex -0.974278579257486 -2.0745832772876 0.34211445919628
    vertex -0.79549512883486 -1.73713928962875 0.731922907119996
    vertex -0.795495128834865 -2.19108084170504 0.543894159725306
  endloop
endfacet
facet normal 0.701215786444169 0.186304902087605 -0.688176506646088
  outer loop
    vertex -0.79549512883486 -1.73713928962875 0.731922907119996
    vertex -0.974278579257486 -2.0745832772876 0.34211445919628
    vertex -0.974278579257486 -1.67683571287017 0.506866894778856
  endloop
endfacet
facet normal 0.963165699389221 0.13445430034037 -0.232881679485644
  outer loop
    vertex -1.0866665545752 -1.93891899015777 0.10713702111481
    vertex -0.974278579257486 -1.67683571287017 0.506866894778856
    vertex -0.974278579257486 -2.0745832772876 0.34211445919628
  endloop
endfacet
facet normal 0.861303873304444 0.134653545873935 -0.489922504498761
  outer loop
    vertex -0.974278579257486 -1.67683571287017 0.506866894778856
    vertex -1.0866665545752 -1.93891899015777 0.10713702111481
    vertex -1.08666655457519 -1.60661071037126 0.244783617491257
  endloop
endfacet
facet normal 0.999940854491381 0.00543800328812641 -0.00941889798676551
  outer loop
    vertex -1.125 -1.7933332772876 -0.145024830432462
    vertex -1.08666655457519 -1.60661071037126 0.244783617491257
    vertex -1.0866665545752 -1.93891899015777 0.10713702111481
  endloop
endfacet
facet normal 0.963295990382779 0.0722321330921896 -0.258540816625563
  outer loop
    vertex -1.08666655457519 -1.60661071037126 0.244783617491257
    vertex -1.125 -1.7933332772876 -0.145024830432462
    vertex -1.12499999999999 -1.53125 -0.0364663825087499
  endloop
endfacet
facet normal 0.968601909439038 -0.124308427943416 0.215308513007
  outer loop
    vertex -1.0866665545752 -1.64774756441744 -0.397186681979721
    vertex -1.12499999999999 -1.53125 -0.0364663825087499
    vertex -1.125 -1.7933332772876 -0.145024830432462
  endloop
endfacet
facet normal 0.999957976826719 0.0024227380699851 -0.00884165826406552
  outer loop
    vertex -1.12499999999999 -1.53125 -0.0364663825087499
    vertex -1.0866665545752 -1.64774756441744 -0.397186681979721
    vertex -1.0866665545752 -1.45588928962875 -0.317716382508741
  endloop
endfacet
facet normal 0.87073056122931 -0.245880199355963 0.425876997859666
  outer loop
    vertex -0.97427857925749 -1.5120832772876 -0.632164120061206
    vertex -1.0866665545752 -1.45588928962875 -0.317716382508741
    vertex -1.0866665545752 -1.64774756441744 -0.397186681979721
  endloop
endfacet
facet normal 0.967631641562556 -0.0731833732151065 0.241522670016317
  outer loop
    vertex -1.0866665545752 -1.45588928962875 -0.317716382508741
    vertex -0.97427857925749 -1.5120832772876 -0.632164120061206
    vertex -0.974278579257486 -1.38566428712983 -0.579799659796348
  endloop
endfacet
facet normal 0.71257799352273 -0.350796452072699 0.607597278104772
  outer loop
    vertex -0.795495128834862 -1.39558571287017 -0.833943820590225
    vertex -0.974278579257486 -1.38566428712983 -0.579799659796348
    vertex -0.97427857925749 -1.5120832772876 -0.632164120061206
  endloop
endfacet
facet normal 0.866799296052462 -0.155937639729279 0.473648005251388
  outer loop
    vertex -0.974278579257486 -1.38566428712983 -0.579799659796348
    vertex -0.795495128834862 -1.39558571287017 -0.833943820590225
    vertex -0.795495128834864 -1.32536071037126 -0.80485567213749
  endloop
endfacet
facet normal 0.71257799352273 -0.350796452072699 0.607597278104772
  outer loop
    vertex -0.795495128834862 -1.39558571287017 -0.833943820590225
    vertex -0.562499999999996 -1.27908814845274 -0.977547224213778
    vertex -0.795495128834864 -1.32536071037126 -0.80485567213749
  endloop
endfacet
facet normal 0.474399899077101 -0.427035370724289 0.769795770257284
  outer loop
    vertex -0.562499999999996 -1.27908814845274 -0.977547224213778
    vertex -0.795495128834862 -1.39558571287017 -0.833943820590225
    vertex -0.562499999999993 -1.30619398765886 -0.988774830432454
  endloop
endfacet
facet normal 0.254562558929191 -0.900703089260279 0.352039555431507
  outer loop
    vertex -0.29117142574033 -1.25 -1.08610567213749
    vertex -0.562499999999996 -1.27908814845274 -0.977547224213778
    vertex -0.562499999999993 -1.30619398765886 -0.988774830432454
  endloop
endfacet
facet normal -0.866799296052458 -0.155937639729268 0.473648005251397
  outer loop
    vertex 0.974278579257494 -1.38566428712983 -0.579799659796349
    vertex 0.79549512883487 -1.39558571287017 -0.833943820590226
    vertex 0.974278579257494 -1.5120832772876 -0.632164120061207
  endloop
endfacet
facet normal -0.796523216248039 -0.302303972012401 0.523605838855341
  outer loop
    vertex 0.79549512883487 -1.39558571287017 -0.833943820590226
    vertex 0.974278579257494 -1.38566428712983 -0.579799659796349
    vertex 0.795495128834873 -1.32536071037126 -0.804855672137492
  endloop
endfacet
facet normal -0.967631641562554 -0.0731833732150856 0.241522670016332
  outer loop
    vertex 1.08666655457521 -1.45588928962875 -0.317716382508745
    vertex 0.974278579257494 -1.5120832772876 -0.632164120061207
    vertex 1.0866665545752 -1.64774756441744 -0.397186681979722
  endloop
endfacet
facet normal -0.870730561229312 -0.245880199355952 0.425876997859669
  outer loop
    vertex 0.974278579257494 -1.5120832772876 -0.632164120061207
    vertex 1.08666655457521 -1.45588928962875 -0.317716382508745
    vertex 0.974278579257494 -1.38566428712983 -0.579799659796349
  endloop
endfacet
facet normal -3.05036257401222e-015 -1.0 3.34271409484853e-029
  outer loop
    vertex 0.291171425740344 -1.25 -1.08610567213749
    vertex -1.77635683940025e-015 -1.25 -1.10519005565337
    vertex -1.77635683940025e-015 -1.25 -1.11946855285813
  endloop
endfacet
facet normal 7.65222789343788e-015 -1.0 4.69411273110678e-014
  outer loop
    vertex -0.291171425740329 -1.25 -1.06718455816819
    vertex -0.29117142574033 -1.25 -1.08610567213749
    vertex -1.77635683940025e-015 -1.25 -1.10519005565337
  endloop
endfacet
facet normal 0.999949729095227 -0.00967843605183421 0.00262052627790037
  outer loop
    vertex 1.06000000000001 -2.29963928962875 -0.804855672137491
    vertex 1.02388137586642 -2.42867334182957 -0.405598300945554
    vertex 1.02388137586642 -2.56463928962875 -0.733849136143248
  endloop
endfacet
facet normal 0.963165699389223 -0.23288167948564 0.134454300340364
  outer loop
    vertex 1.02388137586642 -2.42867334182957 -0.405598300945554
    vertex 1.06000000000001 -2.29963928962875 -0.804855672137491
    vertex 1.06 -2.19108084170504 -0.542772394849893
  endloop
endfacet
facet normal 0.968126011108606 0.240711202812207 -0.0692108622662587
  outer loop
    vertex 1.02388137586641 -2.03463928962875 -0.87586220813175
    vertex 1.06 -2.19108084170504 -0.542772394849893
    vertex 1.06000000000001 -2.29963928962875 -0.804855672137491
  endloop
endfacet
facet normal 0.999940854491381 -0.00941889798675509 0.00543800328812857
  outer loop
    vertex 1.06 -2.19108084170504 -0.542772394849893
    vertex 1.02388137586641 -2.03463928962875 -0.87586220813175
    vertex 1.02388137586642 -1.9534883415805 -0.679946488754221
  endloop
endfacet
facet normal 0.868925779335949 0.474093509940404 -0.1421384319521
  outer loop
    vertex 0.917986928011506 -1.78769860169555 -0.942029766041823
    vertex 1.02388137586642 -1.9534883415805 -0.679946488754221
    vertex 1.02388137586641 -2.03463928962875 -0.87586220813175
  endloop
endfacet
facet normal 0.968601909439037 0.215308513007006 -0.124308427943414
  outer loop
    vertex 1.02388137586642 -1.9534883415805 -0.679946488754221
    vertex 0.917986928011506 -1.78769860169555 -0.942029766041823
    vertex 0.917986928011509 -1.73208737769928 -0.807772394849891
  endloop
endfacet
facet normal 0.705796197443492 0.673705357130422 -0.219026983378939
  outer loop
    vertex 0.749533188057737 -1.575645825623 -0.99884913614324
    vertex 0.917986928011509 -1.73208737769928 -0.807772394849891
    vertex 0.917986928011506 -1.78769860169555 -0.942029766041823
  endloop
endfacet
facet normal 0.870730561229309 0.425876997859667 -0.245880199355967
  outer loop
    vertex 0.917986928011509 -1.73208737769928 -0.807772394849891
    vertex 0.749533188057737 -1.575645825623 -0.99884913614324
    vertex 0.749533188057741 -1.5419660598675 -0.917538988878766
  endloop
endfacet
facet normal 0.504757985981711 0.747605866543837 -0.431630448296834
  outer loop
    vertex 0.530000000000006 -1.39608084170504 -1.00176585885564
    vertex 0.749533188057737 -1.575645825623 -0.99884913614324
    vertex 0.53000000000001 -1.41293200766667 -1.04244817226202
  endloop
endfacet
facet normal 0.705796197443492 0.673705357130422 -0.219026983378939
  outer loop
    vertex 0.749533188057737 -1.575645825623 -0.99884913614324
    vertex 0.530000000000006 -1.39608084170504 -1.00176585885564
    vertex 0.749533188057741 -1.5419660598675 -0.917538988878766
  endloop
endfacet
facet normal 0.261572412895578 0.835873737240879 -0.482591927204497
  outer loop
    vertex 0.274348187808672 -1.30437355974296 -1.0547130827831
    vertex 0.53000000000001 -1.41293200766667 -1.04244817226202
    vertex 0.274348187808683 -1.310645825623 -1.06985567213749
  endloop
endfacet
facet normal 0.496678616445389 0.814484050684662 -0.299876779938359
  outer loop
    vertex 0.53000000000001 -1.41293200766667 -1.04244817226202
    vertex 0.274348187808672 -1.30437355974296 -1.0547130827831
    vertex 0.530000000000006 -1.39608084170504 -1.00176585885564
  endloop
endfacet
facet normal -4.5913795034674e-014 0.866025403784446 -0.499999999999986
  outer loop
    vertex 1.77635683940025e-015 -1.27309391369353 -1.07277239484989
    vertex 0.274348187808683 -1.310645825623 -1.06985567213749
    vertex 7.105427357601e-015 -1.27575791376234 -1.07920385994617
  endloop
endfacet
facet normal 0.254393879563211 0.890552293581925 -0.377094638568027
  outer loop
    vertex 0.274348187808683 -1.310645825623 -1.06985567213749
    vertex 1.77635683940025e-015 -1.27309391369353 -1.07277239484989
    vertex 0.274348187808672 -1.30437355974296 -1.0547130827831
  endloop
endfacet
facet normal -0.251694317780758 0.893336061222208 -0.37229108519661
  outer loop
    vertex -0.274348187808673 -1.310645825623 -1.06985567213749
    vertex 1.77635683940025e-015 -1.27309391369353 -1.07277239484989
    vertex 7.105427357601e-015 -1.27575791376234 -1.07920385994617
  endloop
endfacet
facet normal -4.5913795034674e-014 0.866025403784446 -0.499999999999986
  outer loop
    vertex 1.77635683940025e-015 -1.27309391369353 -1.07277239484989
    vertex -0.274348187808673 -1.310645825623 -1.06985567213749
    vertex -0.274348187808673 -1.30437355974296 -1.05471308278311
  endloop
endfacet
facet normal -0.496499281721256 0.816785969655049 -0.293852246928518
  outer loop
    vertex -0.529999999999999 -1.41293200766667 -1.04244817226203
    vertex -0.274348187808673 -1.30437355974296 -1.05471308278311
    vertex -0.274348187808673 -1.310645825623 -1.06985567213749
  endloop
endfacet
facet normal -0.261572412895623 0.83587373724082 -0.482591927204576
  outer loop
    vertex -0.274348187808673 -1.30437355974296 -1.05471308278311
    vertex -0.529999999999999 -1.41293200766667 -1.04244817226203
    vertex -0.52999999999999 -1.39608084170504 -1.00176585885564
  endloop
endfacet
facet normal -0.708128160876285 0.672194772836662 -0.216121945079713
  outer loop
    vertex -0.749533188057729 -1.575645825623 -0.998849136143238
    vertex -0.52999999999999 -1.39608084170504 -1.00176585885564
    vertex -0.529999999999999 -1.41293200766667 -1.04244817226203
  endloop
endfacet
facet normal -0.504757985981705 0.747605866543823 -0.431630448296866
  outer loop
    vertex -0.52999999999999 -1.39608084170504 -1.00176585885564
    vertex -0.749533188057729 -1.575645825623 -0.998849136143238
    vertex -0.749533188057736 -1.54196605986749 -0.917538988878761
  endloop
endfacet
facet normal -0.870730561229303 0.425876997859681 -0.245880199355965
  outer loop
    vertex -0.917986928011505 -1.73208737769928 -0.807772394849902
    vertex -0.749533188057729 -1.575645825623 -0.998849136143238
    vertex -0.917986928011498 -1.78769860169554 -0.942029766041822
  endloop
endfacet
facet normal -0.708128160876285 0.672194772836662 -0.216121945079713
  outer loop
    vertex -0.749533188057729 -1.575645825623 -0.998849136143238
    vertex -0.917986928011505 -1.73208737769928 -0.807772394849902
    vertex -0.749533188057736 -1.54196605986749 -0.917538988878761
  endloop
endfacet
facet normal -0.968601909439037 0.21530851300701 -0.12430842794341
  outer loop
    vertex -1.02388137586642 -1.9534883415805 -0.679946488754231
    vertex -0.917986928011498 -1.78769860169554 -0.942029766041822
    vertex -1.02388137586641 -2.03463928962875 -0.875862208131744
  endloop
endfacet
facet normal -0.868925779335949 0.4740935099404 -0.142138431952112
  outer loop
    vertex -0.917986928011498 -1.78769860169554 -0.942029766041822
    vertex -1.02388137586642 -1.9534883415805 -0.679946488754231
    vertex -0.917986928011505 -1.73208737769928 -0.807772394849902
  endloop
endfacet
facet normal -0.999940854491381 -0.00941889798676075 0.0054380032881354
  outer loop
    vertex -1.06 -2.19108084170504 -0.542772394849896
    vertex -1.02388137586641 -2.03463928962875 -0.875862208131744
    vertex -1.06 -2.29963928962875 -0.804855672137491
  endloop
endfacet
facet normal -0.968126011108608 0.240711202812194 -0.0692108622662823
  outer loop
    vertex -1.02388137586641 -2.03463928962875 -0.875862208131744
    vertex -1.06 -2.19108084170504 -0.542772394849896
    vertex -1.02388137586642 -1.9534883415805 -0.679946488754231
  endloop
endfacet
facet normal -0.963165699389222 -0.232881679485639 0.134454300340371
  outer loop
    vertex -1.02388137586641 -2.42867334182957 -0.405598300945556
    vertex -1.06 -2.29963928962875 -0.804855672137491
    vertex -1.02388137586642 -2.56463928962875 -0.733849136143249
  endloop
endfacet
facet normal -0.999949729095227 -0.00967843605184119 0.00262052627789692
  outer loop
    vertex -1.06 -2.29963928962875 -0.804855672137491
    vertex -1.02388137586641 -2.42867334182957 -0.405598300945556
    vertex -1.06 -2.19108084170504 -0.542772394849896
  endloop
endfacet
facet normal -0.861318766179918 -0.439997144615425 0.254032469886384
  outer loop
    vertex -0.917986928011505 -2.65007430571079 -0.277772394849899
    vertex -1.02388137586642 -2.56463928962875 -0.733849136143249
    vertex -0.917986928011501 -2.81157997756196 -0.667681578233164
  endloop
endfacet
facet normal -0.963233306810009 -0.259067199498267 0.0711743127538258
  outer loop
    vertex -1.02388137586642 -2.56463928962875 -0.733849136143249
    vertex -0.917986928011505 -2.65007430571079 -0.277772394849899
    vertex -1.02388137586641 -2.42867334182957 -0.405598300945556
  endloop
endfacet
facet normal -0.701716476830781 -0.617005258979326 0.356228152363132
  outer loop
    vertex -0.749533188057734 -2.84019562354258 -0.168005800821023
    vertex -0.917986928011501 -2.81157997756196 -0.667681578233164
    vertex -0.749533188057738 -3.0236327536345 -0.61086220813174
  endloop
endfacet
facet normal -0.861293678445933 -0.490301713493537 0.133332026214166
  outer loop
    vertex -0.917986928011501 -2.81157997756196 -0.667681578233164
    vertex -0.749533188057734 -2.84019562354258 -0.168005800821023
    vertex -0.917986928011505 -2.65007430571079 -0.277772394849899
  endloop
endfacet
facet normal -0.495234034882413 -0.8389286371955 0.225703328259436
  outer loop
    vertex -0.529999999999998 -3.18634657159083 -0.567263172012959
    vertex -0.749533188057734 -2.84019562354258 -0.168005800821023
    vertex -0.749533188057738 -3.0236327536345 -0.61086220813174
  endloop
endfacet
facet normal -0.701716476830781 -0.617005258979326 0.356228152363132
  outer loop
    vertex -0.749533188057734 -2.84019562354258 -0.168005800821023
    vertex -0.529999999999998 -3.18634657159083 -0.567263172012959
    vertex -0.529999999999999 -2.98608084170504 -0.0837789308441481
  endloop
endfacet
facet normal -0.25604928245931 -0.933590058920357 0.250695765495066
  outer loop
    vertex -0.274348187808668 -3.2886327536345 -0.539855672137497
    vertex -0.529999999999999 -2.98608084170504 -0.0837789308441481
    vertex -0.529999999999998 -3.18634657159083 -0.567263172012959
  endloop
endfacet
facet normal -0.495357065865098 -0.752307140051949 0.434344729822267
  outer loop
    vertex -0.529999999999999 -2.98608084170504 -0.0837789308441481
    vertex -0.274348187808668 -3.2886327536345 -0.539855672137497
    vertex -0.274348187808668 -3.07778812366712 -0.0308317069166844
  endloop
endfacet
facet normal -1.57609280458604e-015 -0.965799809388144 0.259288889437679
  outer loop
    vertex 0.0 -3.32352066549517 -0.530507484328824
    vertex -0.274348187808668 -3.07778812366712 -0.0308317069166844
    vertex -0.274348187808668 -3.2886327536345 -0.539855672137497
  endloop
endfacet
facet normal -0.256147077833386 -0.837132908138285 0.483318909861134
  outer loop
    vertex -0.274348187808668 -3.07778812366712 -0.0308317069166844
    vertex 0.0 -3.32352066549517 -0.530507484328824
    vertex 0.0 -3.10906776971654 -0.0127723948498977
  endloop
endfacet
facet normal 0.256147077833383 -0.837132908138289 0.483318909861129
  outer loop
    vertex 0.274348187808672 -3.07778812366712 -0.0308317069166923
    vertex 0.0 -3.32352066549517 -0.530507484328824
    vertex 0.274348187808676 -3.2886327536345 -0.539855672137494
  endloop
endfacet
facet normal -1.57609280458604e-015 -0.965799809388144 0.259288889437679
  outer loop
    vertex 0.0 -3.32352066549517 -0.530507484328824
    vertex 0.274348187808672 -3.07778812366712 -0.0308317069166923
    vertex 0.0 -3.10906776971654 -0.0127723948498977
  endloop
endfacet
facet normal 0.4953570658651 -0.752307140051949 0.434344729822265
  outer loop
    vertex 0.529999999999999 -2.98608084170504 -0.083778930844141
    vertex 0.274348187808676 -3.2886327536345 -0.539855672137494
    vertex 0.529999999999999 -3.18634657159083 -0.56726317201296
  endloop
endfacet
facet normal 0.255870551290502 -0.933581112602501 0.250911472783074
  outer loop
    vertex 0.274348187808676 -3.2886327536345 -0.539855672137494
    vertex 0.529999999999999 -2.98608084170504 -0.083778930844141
    vertex 0.274348187808672 -3.07778812366712 -0.0308317069166923
  endloop
endfacet
facet normal 0.701716476830778 -0.617005258979333 0.356228152363125
  outer loop
    vertex 0.749533188057737 -2.84019562354258 -0.168005800821032
    vertex 0.529999999999999 -3.18634657159083 -0.56726317201296
    vertex 0.749533188057741 -3.0236327536345 -0.610862208131743
  endloop
endfacet
facet normal 0.495158924394524 -0.838826178856388 0.226248273490981
  outer loop
    vertex 0.529999999999999 -3.18634657159083 -0.56726317201296
    vertex 0.749533188057737 -2.84019562354258 -0.168005800821032
    vertex 0.529999999999999 -2.98608084170504 -0.083778930844141
  endloop
endfacet
facet normal 0.861293678445929 -0.490301713493543 0.133332026214169
  outer loop
    vertex 0.917986928011506 -2.81157997756196 -0.667681578233161
    vertex 0.749533188057737 -2.84019562354258 -0.168005800821032
    vertex 0.749533188057741 -3.0236327536345 -0.610862208131743
  endloop
endfacet
facet normal 0.701716476830778 -0.617005258979333 0.356228152363125
  outer loop
    vertex 0.749533188057737 -2.84019562354258 -0.168005800821032
    vertex 0.917986928011506 -2.81157997756196 -0.667681578233161
    vertex 0.917986928011509 -2.65007430571079 -0.277772394849891
  endloop
endfacet
facet normal 0.963233306810006 -0.259067199498277 0.0711743127538296
  outer loop
    vertex 1.02388137586642 -2.56463928962875 -0.733849136143248
    vertex 0.917986928011509 -2.65007430571079 -0.277772394849891
    vertex 0.917986928011506 -2.81157997756196 -0.667681578233161
  endloop
endfacet
facet normal 0.861318766179909 -0.439997144615441 0.254032469886387
  outer loop
    vertex 0.917986928011509 -2.65007430571079 -0.277772394849891
    vertex 1.02388137586642 -2.56463928962875 -0.733849136143248
    vertex 1.02388137586642 -2.42867334182957 -0.405598300945554
  endloop
endfacet
facet normal -0.999940854491381 0.00941889798676853 -0.00543800328812463
  outer loop
    vertex 1.125 -2.19108084170504 -0.542772394849894
    vertex 1.08666655457521 -2.01838928962875 -0.880216382508742
    vertex 1.125 -2.29963928962875 -0.804855672137496
  endloop
endfacet
facet normal -0.968109361932625 -0.2407359648607 0.0693574693958392
  outer loop
    vertex 1.08666655457521 -2.01838928962875 -0.880216382508742
    vertex 1.125 -2.19108084170504 -0.542772394849894
    vertex 1.0866665545752 -1.93891899015777 -0.688358107720051
  endloop
endfacet
facet normal -0.963165699389224 0.232881679485638 -0.134454300340362
  outer loop
    vertex 1.0866665545752 -2.4432426932523 -0.397186681979722
    vertex 1.125 -2.29963928962875 -0.804855672137496
    vertex 1.08666655457521 -2.58088928962875 -0.729494961766241
  endloop
endfacet
facet normal -0.999949660176154 0.00968644811765326 -0.0026172192223461
  outer loop
    vertex 1.125 -2.29963928962875 -0.804855672137496
    vertex 1.0866665545752 -2.4432426932523 -0.397186681979722
    vertex 1.125 -2.19108084170504 -0.542772394849894
  endloop
endfacet
facet normal -0.861318766179917 0.439997144615429 -0.254032469886379
  outer loop
    vertex 0.974278579257494 -2.67822013133379 -0.261522394849894
    vertex 1.08666655457521 -2.58088928962875 -0.729494961766241
    vertex 0.974278579257498 -2.84297256691635 -0.659269959267327
  endloop
endfacet
facet normal -0.963226158958653 0.259110798466126 -0.0711123112829702
  outer loop
    vertex 1.08666655457521 -2.58088928962875 -0.729494961766241
    vertex 0.974278579257494 -2.67822013133379 -0.261522394849894
    vertex 1.0866665545752 -2.4432426932523 -0.397186681979722
  endloop
endfacet
facet normal -0.70171647683078 0.61700525897933 -0.356228152363128
  outer loop
    vertex 0.795495128834866 -2.87999983186281 -0.145024830432463
    vertex 0.974278579257498 -2.84297256691635 -0.659269959267327
    vertex 0.795495128834866 -3.0680285792575 -0.598966382508746
  endloop
endfacet
facet normal -0.86127956926736 0.490370023497417 -0.133171857454097
  outer loop
    vertex 0.974278579257498 -2.84297256691635 -0.659269959267327
    vertex 0.795495128834866 -2.87999983186281 -0.145024830432463
    vertex 0.974278579257494 -2.67822013133379 -0.261522394849894
  endloop
endfacet
facet normal -0.495220499579924 0.839021113726347 -0.225389058113323
  outer loop
    vertex 0.562500000000008 -3.24072013133378 -0.552693820590226
    vertex 0.795495128834866 -2.87999983186281 -0.145024830432463
    vertex 0.795495128834866 -3.0680285792575 -0.598966382508746
  endloop
endfacet
facet normal -0.70171647683078 0.61700525897933 -0.356228152363128
  outer loop
    vertex 0.795495128834866 -2.87999983186281 -0.145024830432463
    vertex 0.562500000000008 -3.24072013133378 -0.552693820590226
    vertex 0.562500000000004 -3.03483084170504 -0.0556331052211423
  endloop
endfacet
facet normal -0.25604466443632 0.933686576400579 -0.250340781462107
  outer loop
    vertex 0.29117142574034 -3.3492785792575 -0.523605672137494
    vertex 0.562500000000004 -3.03483084170504 -0.0556331052211423
    vertex 0.562500000000008 -3.24072013133378 -0.552693820590226
  endloop
endfacet
facet normal -0.495357065865099 0.752307140051946 -0.434344729822271
  outer loop
    vertex 0.562500000000004 -3.03483084170504 -0.0556331052211423
    vertex 0.29117142574034 -3.3492785792575 -0.523605672137494
    vertex 0.291171425740344 -3.13216168341007 0.000560882437713239
  endloop
endfacet
facet normal 0.495357065865109 0.752307140051946 -0.43434472982226
  outer loop
    vertex -0.562500000000004 -3.03483084170504 -0.0556331052211556
    vertex -0.291171425740329 -3.3492785792575 -0.523605672137492
    vertex -0.562499999999996 -3.24072013133378 -0.552693820590231
  endloop
endfacet
facet normal 0.255865862394249 0.933678126564348 -0.25055501678581
  outer loop
    vertex -0.291171425740329 -3.3492785792575 -0.523605672137492
    vertex -0.562500000000004 -3.03483084170504 -0.0556331052211556
    vertex -0.291171425740332 -3.13216168341008 0.000560882437716792
  endloop
endfacet
facet normal 0.701716476830783 0.617005258979326 -0.356228152363128
  outer loop
    vertex -0.795495128834858 -2.87999983186281 -0.14502483043246
    vertex -0.562499999999996 -3.24072013133378 -0.552693820590231
    vertex -0.79549512883486 -3.0680285792575 -0.598966382508751
  endloop
endfacet
facet normal 0.495145065131608 0.838919779216931 -0.225931335839968
  outer loop
    vertex -0.562499999999996 -3.24072013133378 -0.552693820590231
    vertex -0.795495128834858 -2.87999983186281 -0.14502483043246
    vertex -0.562500000000004 -3.03483084170504 -0.0556331052211556
  endloop
endfacet
facet normal 0.86127956926736 0.490370023497417 -0.133171857454096
  outer loop
    vertex -0.974278579257488 -2.84297256691635 -0.659269959267331
    vertex -0.795495128834858 -2.87999983186281 -0.14502483043246
    vertex -0.79549512883486 -3.0680285792575 -0.598966382508751
  endloop
endfacet
facet normal 0.701716476830783 0.617005258979326 -0.356228152363128
  outer loop
    vertex -0.795495128834858 -2.87999983186281 -0.14502483043246
    vertex -0.974278579257488 -2.84297256691635 -0.659269959267331
    vertex -0.97427857925749 -2.67822013133379 -0.261522394849895
  endloop
endfacet
facet normal 0.963226158958652 0.25911079846613 -0.071112311282966
  outer loop
    vertex -1.0866665545752 -2.58088928962875 -0.729494961766246
    vertex -0.97427857925749 -2.67822013133379 -0.261522394849895
    vertex -0.974278579257488 -2.84297256691635 -0.659269959267331
  endloop
endfacet
facet normal 0.861318766179917 0.439997144615427 -0.254032469886386
  outer loop
    vertex -0.97427857925749 -2.67822013133379 -0.261522394849895
    vertex -1.0866665545752 -2.58088928962875 -0.729494961766246
    vertex -1.0866665545752 -2.4432426932523 -0.397186681979721
  endloop
endfacet
facet normal 0.999949660176154 0.00968644811766389 -0.002617219222336
  outer loop
    vertex -1.12499999999999 -2.29963928962875 -0.804855672137491
    vertex -1.0866665545752 -2.4432426932523 -0.397186681979721
    vertex -1.0866665545752 -2.58088928962875 -0.729494961766246
  endloop
endfacet
facet normal 0.963165699389223 0.232881679485637 -0.134454300340367
  outer loop
    vertex -1.0866665545752 -2.4432426932523 -0.397186681979721
    vertex -1.12499999999999 -2.29963928962875 -0.804855672137491
    vertex -1.125 -2.19108084170504 -0.542772394849889
  endloop
endfacet
facet normal 0.968109361932624 -0.240735964860699 0.0693574693958526
  outer loop
    vertex -1.08666655457521 -2.01838928962875 -0.880216382508749
    vertex -1.125 -2.19108084170504 -0.542772394849889
    vertex -1.12499999999999 -2.29963928962875 -0.804855672137491
  endloop
endfacet
facet normal 0.999940854491381 0.0094188979867637 -0.00543800328812813
  outer loop
    vertex -1.125 -2.19108084170504 -0.542772394849889
    vertex -1.08666655457521 -2.01838928962875 -0.880216382508749
    vertex -1.08666655457519 -1.93891899015777 -0.688358107720059
  endloop
endfacet
facet normal 0.868780826587618 -0.474047044357739 0.143175679112853
  outer loop
    vertex -0.974278579257488 -1.75630601234115 -0.95044138500767
    vertex -1.08666655457519 -1.93891899015777 -0.688358107720059
    vertex -1.08666655457521 -2.01838928962875 -0.880216382508749
  endloop
endfacet
facet normal 0.968601909439039 -0.215308513007003 0.124308427943404
  outer loop
    vertex -1.08666655457519 -1.93891899015777 -0.688358107720059
    vertex -0.974278579257488 -1.75630601234115 -0.95044138500767
    vertex -0.97427857925749 -1.70394155207629 -0.824022394849894
  endloop
endfacet
facet normal 0.704731236363938 -0.673181492807058 0.224010183328833
  outer loop
    vertex -0.795495128834867 -1.53125 -1.01074496176624
    vertex -0.97427857925749 -1.70394155207629 -0.824022394849894
    vertex -0.974278579257488 -1.75630601234115 -0.95044138500767
  endloop
endfacet
facet normal 0.870730561229314 -0.42587699785967 0.245880199355943
  outer loop
    vertex -0.97427857925749 -1.70394155207629 -0.824022394849894
    vertex -0.795495128834867 -1.53125 -1.01074496176624
    vertex -0.795495128834864 -1.50216185154727 -0.940519959267325
  endloop
endfacet
facet normal 0.504757985981705 -0.747605866543825 0.431630448296861
  outer loop
    vertex -0.5625 -1.34733084170503 -1.02991168447864
    vertex -0.795495128834867 -1.53125 -1.01074496176624
    vertex -0.562499999999991 -1.35855844792371 -1.05701752368476
  endloop
endfacet
facet normal 0.704731236363938 -0.673181492807058 0.224010183328833
  outer loop
    vertex -0.795495128834867 -1.53125 -1.01074496176624
    vertex -0.5625 -1.34733084170503 -1.02991168447864
    vertex -0.795495128834864 -1.50216185154727 -0.940519959267325
  endloop
endfacet
facet normal 0.504757985981705 -0.747605866543825 0.431630448296861
  outer loop
    vertex -0.5625 -1.34733084170503 -1.02991168447864
    vertex -0.562499999999991 -1.35855844792371 -1.05701752368476
    vertex -0.29117142574033 -1.25 -1.08610567213749
  endloop
endfacet
facet normal -0.382683432365086 -0.800103145191267 0.461939766255644
  outer loop
    vertex 0.562500000000008 -1.34733084170503 -1.02991168447864
    vertex 0.291171425740344 -1.25 -1.08610567213749
    vertex 0.562500000000001 -1.35855844792371 -1.05701752368475
  endloop
endfacet
facet normal -0.608117999754418 -0.753613908274087 0.249516684072513
  outer loop
    vertex 0.795495128834863 -1.53125 -1.01074496176624
    vertex 0.562500000000008 -1.34733084170503 -1.02991168447864
    vertex 0.562500000000001 -1.35855844792371 -1.05701752368475
  endloop
endfacet
facet normal -0.608761429008728 -0.687064146869441 0.396676670145622
  outer loop
    vertex 0.562500000000008 -1.34733084170503 -1.02991168447864
    vertex 0.795495128834863 -1.53125 -1.01074496176624
    vertex 0.795495128834866 -1.50216185154727 -0.940519959267327
  endloop
endfacet
facet normal -0.870730561229311 -0.425876997859673 0.245880199355951
  outer loop
    vertex 0.974278579257494 -1.70394155207629 -0.824022394849891
    vertex 0.795495128834863 -1.53125 -1.01074496176624
    vertex 0.974278579257502 -1.75630601234115 -0.950441385007657
  endloop
endfacet
facet normal -0.789419410533446 -0.583653318230426 0.190173074833527
  outer loop
    vertex 0.795495128834863 -1.53125 -1.01074496176624
    vertex 0.974278579257494 -1.70394155207629 -0.824022394849891
    vertex 0.795495128834866 -1.50216185154727 -0.940519959267327
  endloop
endfacet
facet normal -0.96860190943904 -0.215308513006996 0.124308427943408
  outer loop
    vertex 1.0866665545752 -1.93891899015777 -0.688358107720051
    vertex 0.974278579257502 -1.75630601234115 -0.950441385007657
    vertex 1.08666655457521 -2.01838928962875 -0.880216382508742
  endloop
endfacet
facet normal -0.86878082658761 -0.474047044357743 0.143175679112888
  outer loop
    vertex 0.974278579257502 -1.75630601234115 -0.950441385007657
    vertex 1.0866665545752 -1.93891899015777 -0.688358107720051
    vertex 0.974278579257494 -1.70394155207629 -0.824022394849891
  endloop
endfacet
facet normal 0.999940854491381 -0.00941889798675509 0.00543800328812857
  outer loop
    vertex 1.06 -2.19108084170504 -0.542772394849893
    vertex 1.02388137586642 -2.2123827536345 -0.12372291850299
    vertex 1.02388137586642 -2.42867334182957 -0.405598300945554
  endloop
endfacet
facet normal 0.963165699389223 -0.190147095060729 0.190147095060732
  outer loop
    vertex 1.02388137586642 -2.2123827536345 -0.12372291850299
    vertex 1.06 -2.19108084170504 -0.542772394849893
    vertex 1.06 -2.01838928962875 -0.317716382508746
  endloop
endfacet
facet normal 0.968601909439037 0.215308513007006 -0.124308427943414
  outer loop
    vertex 1.02388137586642 -1.9534883415805 -0.679946488754221
    vertex 1.06 -2.01838928962875 -0.317716382508746
    vertex 1.06 -2.19108084170504 -0.542772394849893
  endloop
endfacet
facet normal 0.999940854491381 -0.00769049800229711 0.00769049800229374
  outer loop
    vertex 1.06 -2.01838928962875 -0.317716382508746
    vertex 1.02388137586642 -1.9534883415805 -0.679946488754221
    vertex 1.02388137586642 -1.824395825623 -0.511709846514499
  endloop
endfacet
facet normal 0.870730561229309 0.425876997859667 -0.245880199355967
  outer loop
    vertex 0.917986928011509 -1.73208737769928 -0.807772394849891
    vertex 1.02388137586642 -1.824395825623 -0.511709846514499
    vertex 1.02388137586642 -1.9534883415805 -0.679946488754221
  endloop
endfacet
facet normal 0.968601909439039 0.175798664714847 -0.175798664714851
  outer loop
    vertex 1.02388137586642 -1.824395825623 -0.511709846514499
    vertex 0.917986928011509 -1.73208737769928 -0.807772394849891
    vertex 0.917986928011506 -1.64362269559988 -0.692482976537618
  endloop
endfacet
facet normal 0.712577993522726 0.607597278104774 -0.350796452072703
  outer loop
    vertex 0.749533188057741 -1.5419660598675 -0.917538988878766
    vertex 0.917986928011506 -1.64362269559988 -0.692482976537618
    vertex 0.917986928011509 -1.73208737769928 -0.807772394849891
  endloop
endfacet
facet normal 0.870730561229311 0.347727112648181 -0.347727112648191
  outer loop
    vertex 0.917986928011506 -1.64362269559988 -0.692482976537618
    vertex 0.749533188057741 -1.5419660598675 -0.917538988878766
    vertex 0.749533188057751 -1.48838928962875 -0.847716382508743
  endloop
endfacet
facet normal 0.504757985981701 0.610417633914547 -0.610417633914571
  outer loop
    vertex 0.529999999999999 -1.36927450779121 -0.966831164346287
    vertex 0.749533188057741 -1.5419660598675 -0.917538988878766
    vertex 0.530000000000006 -1.39608084170504 -1.00176585885564
  endloop
endfacet
facet normal 0.712577993522726 0.607597278104774 -0.350796452072703
  outer loop
    vertex 0.749533188057741 -1.5419660598675 -0.917538988878766
    vertex 0.529999999999999 -1.36927450779121 -0.966831164346287
    vertex 0.749533188057751 -1.48838928962875 -0.847716382508743
  endloop
endfacet
facet normal 0.261572412895675 0.682488048544344 -0.682488048544491
  outer loop
    vertex 0.27434818780868 -1.294395825623 -1.0417098465145
    vertex 0.530000000000006 -1.39608084170504 -1.00176585885564
    vertex 0.274348187808672 -1.30437355974296 -1.0547130827831
  endloop
endfacet
facet normal 0.504757985981711 0.747605866543837 -0.431630448296834
  outer loop
    vertex 0.530000000000006 -1.39608084170504 -1.00176585885564
    vertex 0.27434818780868 -1.294395825623 -1.0417098465145
    vertex 0.529999999999999 -1.36927450779121 -0.966831164346287
  endloop
endfacet
facet normal -5.20080745382592e-015 0.707106781186577 -0.707106781186518
  outer loop
    vertex 5.32907051820075e-015 -1.26885610157101 -1.06724957056648
    vertex 0.274348187808672 -1.30437355974296 -1.0547130827831
    vertex 1.77635683940025e-015 -1.27309391369353 -1.07277239484989
  endloop
endfacet
facet normal 0.261572412895578 0.835873737240879 -0.482591927204497
  outer loop
    vertex 0.274348187808672 -1.30437355974296 -1.0547130827831
    vertex 5.32907051820075e-015 -1.26885610157101 -1.06724957056648
    vertex 0.27434818780868 -1.294395825623 -1.0417098465145
  endloop
endfacet
facet normal -0.261572412895623 0.83587373724082 -0.482591927204576
  outer loop
    vertex -0.274348187808673 -1.30437355974296 -1.05471308278311
    vertex 5.32907051820075e-015 -1.26885610157101 -1.06724957056648
    vertex 1.77635683940025e-015 -1.27309391369353 -1.07277239484989
  endloop
endfacet
facet normal -5.20080745382592e-015 0.707106781186577 -0.707106781186518
  outer loop
    vertex 5.32907051820075e-015 -1.26885610157101 -1.06724957056648
    vertex -0.274348187808673 -1.30437355974296 -1.05471308278311
    vertex -0.274348187808673 -1.294395825623 -1.04170984651451
  endloop
endfacet
facet normal -0.504757985981705 0.747605866543823 -0.431630448296866
  outer loop
    vertex -0.52999999999999 -1.39608084170504 -1.00176585885564
    vertex -0.274348187808673 -1.294395825623 -1.04170984651451
    vertex -0.274348187808673 -1.30437355974296 -1.05471308278311
  endloop
endfacet
facet normal -0.261572412895628 0.682488048544501 -0.682488048544352
  outer loop
    vertex -0.274348187808673 -1.294395825623 -1.04170984651451
    vertex -0.52999999999999 -1.39608084170504 -1.00176585885564
    vertex -0.530000000000001 -1.36927450779121 -0.966831164346289
  endloop
endfacet
facet normal -0.712577993522722 0.607597278104775 -0.350796452072709
  outer loop
    vertex -0.749533188057736 -1.54196605986749 -0.917538988878761
    vertex -0.530000000000001 -1.36927450779121 -0.966831164346289
    vertex -0.52999999999999 -1.39608084170504 -1.00176585885564
  endloop
endfacet
facet normal -0.504757985981708 0.610417633914514 -0.610417633914598
  outer loop
    vertex -0.530000000000001 -1.36927450779121 -0.966831164346289
    vertex -0.749533188057736 -1.54196605986749 -0.917538988878761
    vertex -0.749533188057738 -1.48838928962875 -0.847716382508748
  endloop
endfacet
facet normal -0.870730561229315 0.347727112648193 -0.34772711264817
  outer loop
    vertex -0.917986928011501 -1.64362269559988 -0.692482976537614
    vertex -0.749533188057736 -1.54196605986749 -0.917538988878761
    vertex -0.917986928011505 -1.73208737769928 -0.807772394849902
  endloop
endfacet
facet normal -0.712577993522722 0.607597278104775 -0.350796452072709
  outer loop
    vertex -0.749533188057736 -1.54196605986749 -0.917538988878761
    vertex -0.917986928011501 -1.64362269559988 -0.692482976537614
    vertex -0.749533188057738 -1.48838928962875 -0.847716382508748
  endloop
endfacet
facet normal -0.96860190943904 0.17579866471486 -0.175798664714831
  outer loop
    vertex -1.02388137586641 -1.824395825623 -0.511709846514501
    vertex -0.917986928011505 -1.73208737769928 -0.807772394849902
    vertex -1.02388137586642 -1.9534883415805 -0.679946488754231
  endloop
endfacet
facet normal -0.870730561229303 0.425876997859681 -0.245880199355965
  outer loop
    vertex -0.917986928011505 -1.73208737769928 -0.807772394849902
    vertex -1.02388137586641 -1.824395825623 -0.511709846514501
    vertex -0.917986928011501 -1.64362269559988 -0.692482976537614
  endloop
endfacet
facet normal -0.999940854491381 -0.00769049800229634 0.00769049800230897
  outer loop
    vertex -1.05999999999999 -2.01838928962875 -0.31771638250874
    vertex -1.02388137586642 -1.9534883415805 -0.679946488754231
    vertex -1.06 -2.19108084170504 -0.542772394849896
  endloop
endfacet
facet normal -0.968601909439037 0.21530851300701 -0.12430842794341
  outer loop
    vertex -1.02388137586642 -1.9534883415805 -0.679946488754231
    vertex -1.05999999999999 -2.01838928962875 -0.31771638250874
    vertex -1.02388137586641 -1.824395825623 -0.511709846514501
  endloop
endfacet
facet normal -0.963165699389224 -0.190147095060728 0.19014709506073
  outer loop
    vertex -1.02388137586641 -2.2123827536345 -0.123722918502996
    vertex -1.06 -2.19108084170504 -0.542772394849896
    vertex -1.02388137586641 -2.42867334182957 -0.405598300945556
  endloop
endfacet
facet normal -0.999940854491381 -0.00941889798676075 0.0054380032881354
  outer loop
    vertex -1.06 -2.19108084170504 -0.542772394849896
    vertex -1.02388137586641 -2.2123827536345 -0.123722918502996
    vertex -1.05999999999999 -2.01838928962875 -0.31771638250874
  endloop
endfacet
facet normal -0.861318766179917 -0.359256164196458 0.35925616419646
  outer loop
    vertex -0.9179869280115 -2.39315588365762 0.0570502115201181
    vertex -1.02388137586641 -2.42867334182957 -0.405598300945556
    vertex -0.917986928011505 -2.65007430571079 -0.277772394849899
  endloop
endfacet
facet normal -0.963165699389222 -0.232881679485639 0.134454300340371
  outer loop
    vertex -1.02388137586641 -2.42867334182957 -0.405598300945556
    vertex -0.9179869280115 -2.39315588365762 0.0570502115201181
    vertex -1.02388137586641 -2.2123827536345 -0.123722918502996
  endloop
endfacet
facet normal -0.701716476830786 -0.503782684371045 0.503782684371042
  outer loop
    vertex -0.749533188057738 -2.54838928962875 0.212283617491242
    vertex -0.917986928011505 -2.65007430571079 -0.277772394849899
    vertex -0.749533188057734 -2.84019562354258 -0.168005800821023
  endloop
endfacet
facet normal -0.861318766179918 -0.439997144615425 0.254032469886384
  outer loop
    vertex -0.917986928011505 -2.65007430571079 -0.277772394849899
    vertex -0.749533188057738 -2.54838928962875 0.212283617491242
    vertex -0.9179869280115 -2.39315588365762 0.0570502115201181
  endloop
endfacet
facet normal -0.495357065865098 -0.752307140051949 0.434344729822267
  outer loop
    vertex -0.529999999999999 -2.98608084170504 -0.0837789308441481
    vertex -0.749533188057738 -2.54838928962875 0.212283617491242
    vertex -0.749533188057734 -2.84019562354258 -0.168005800821023
  endloop
endfacet
facet normal -0.701716476830786 -0.503782684371045 0.503782684371042
  outer loop
    vertex -0.749533188057738 -2.54838928962875 0.212283617491242
    vertex -0.529999999999999 -2.98608084170504 -0.0837789308441481
    vertex -0.529999999999999 -2.66750407146629 0.331398399328795
  endloop
endfacet
facet normal -0.256147077833386 -0.837132908138285 0.483318909861134
  outer loop
    vertex -0.274348187808668 -3.07778812366712 -0.0308317069166844
    vertex -0.529999999999999 -2.66750407146629 0.331398399328795
    vertex -0.529999999999999 -2.98608084170504 -0.0837789308441481
  endloop
endfacet
facet normal -0.4953570658651 -0.614256207659931 0.614256207659929
  outer loop
    vertex -0.529999999999999 -2.66750407146629 0.331398399328795
    vertex -0.274348187808668 -3.07778812366712 -0.0308317069166844
    vertex -0.274348187808668 -2.74238275363451 0.406277081497002
  endloop
endfacet
facet normal 4.5426218136641e-018 -0.86602540378444 0.499999999999998
  outer loop
    vertex 0.0 -3.10906776971654 -0.0127723948498977
    vertex -0.274348187808668 -2.74238275363451 0.406277081497002
    vertex -0.274348187808668 -3.07778812366712 -0.0308317069166844
  endloop
endfacet
facet normal -0.256147077833384 -0.683516157276998 0.683516157276991
  outer loop
    vertex -0.274348187808668 -2.74238275363451 0.406277081497002
    vertex 0.0 -3.10906776971654 -0.0127723948498977
    vertex 5.32907051820075e-015 -2.76792247768649 0.431816805548992
  endloop
endfacet
facet normal 0.256147077833381 -0.683516157276996 0.683516157276994
  outer loop
    vertex 0.27434818780868 -2.74238275363451 0.406277081497007
    vertex 0.0 -3.10906776971654 -0.0127723948498977
    vertex 0.274348187808672 -3.07778812366712 -0.0308317069166923
  endloop
endfacet
facet normal 4.5426218136641e-018 -0.86602540378444 0.499999999999998
  outer loop
    vertex 0.0 -3.10906776971654 -0.0127723948498977
    vertex 0.27434818780868 -2.74238275363451 0.406277081497007
    vertex 5.32907051820075e-015 -2.76792247768649 0.431816805548992
  endloop
endfacet
facet normal 0.4953570658651 -0.614256207659933 0.614256207659928
  outer loop
    vertex 0.53000000000001 -2.66750407146629 0.331398399328799
    vertex 0.274348187808672 -3.07778812366712 -0.0308317069166923
    vertex 0.529999999999999 -2.98608084170504 -0.083778930844141
  endloop
endfacet
facet normal 0.256147077833383 -0.837132908138289 0.483318909861129
  outer loop
    vertex 0.274348187808672 -3.07778812366712 -0.0308317069166923
    vertex 0.53000000000001 -2.66750407146629 0.331398399328799
    vertex 0.27434818780868 -2.74238275363451 0.406277081497007
  endloop
endfacet
facet normal 0.701716476830784 -0.503782684371051 0.503782684371039
  outer loop
    vertex 0.749533188057741 -2.54838928962875 0.212283617491249
    vertex 0.529999999999999 -2.98608084170504 -0.083778930844141
    vertex 0.749533188057737 -2.84019562354258 -0.168005800821032
  endloop
endfacet
facet normal 0.4953570658651 -0.752307140051949 0.434344729822265
  outer loop
    vertex 0.529999999999999 -2.98608084170504 -0.083778930844141
    vertex 0.749533188057741 -2.54838928962875 0.212283617491249
    vertex 0.53000000000001 -2.66750407146629 0.331398399328799
  endloop
endfacet
facet normal 0.861318766179909 -0.439997144615441 0.254032469886387
  outer loop
    vertex 0.917986928011509 -2.65007430571079 -0.277772394849891
    vertex 0.749533188057741 -2.54838928962875 0.212283617491249
    vertex 0.749533188057737 -2.84019562354258 -0.168005800821032
  endloop
endfacet
facet normal 0.701716476830784 -0.503782684371051 0.503782684371039
  outer loop
    vertex 0.749533188057741 -2.54838928962875 0.212283617491249
    vertex 0.917986928011509 -2.65007430571079 -0.277772394849891
    vertex 0.917986928011509 -2.39315588365762 0.0570502115201261
  endloop
endfacet
facet normal 0.963165699389223 -0.23288167948564 0.134454300340364
  outer loop
    vertex 1.02388137586642 -2.42867334182957 -0.405598300945554
    vertex 0.917986928011509 -2.39315588365762 0.0570502115201261
    vertex 0.917986928011509 -2.65007430571079 -0.277772394849891
  endloop
endfacet
facet normal 0.861318766179911 -0.359256164196467 0.359256164196466
  outer loop
    vertex 0.917986928011509 -2.39315588365762 0.0570502115201261
    vertex 1.02388137586642 -2.42867334182957 -0.405598300945554
    vertex 1.02388137586642 -2.2123827536345 -0.12372291850299
  endloop
endfacet
facet normal -0.999940854491381 0.00769049800229955 -0.00769049800229524
  outer loop
    vertex 1.12500000000001 -2.01838928962875 -0.317716382508748
    vertex 1.0866665545752 -1.93891899015777 -0.688358107720051
    vertex 1.125 -2.19108084170504 -0.542772394849894
  endloop
endfacet
facet normal -0.96860190943904 -0.215308513006996 0.124308427943408
  outer loop
    vertex 1.0866665545752 -1.93891899015777 -0.688358107720051
    vertex 1.12500000000001 -2.01838928962875 -0.317716382508748
    vertex 1.0866665545752 -1.81250000000001 -0.523605672137494
  endloop
endfacet
facet normal -0.963165699389224 0.190147095060728 -0.190147095060727
  outer loop
    vertex 1.0866665545752 -2.2242785792575 -0.11182709288
    vertex 1.125 -2.19108084170504 -0.542772394849894
    vertex 1.0866665545752 -2.4432426932523 -0.397186681979722
  endloop
endfacet
facet normal -0.999940854491381 0.00941889798676853 -0.00543800328812463
  outer loop
    vertex 1.125 -2.19108084170504 -0.542772394849894
    vertex 1.0866665545752 -2.2242785792575 -0.11182709288
    vertex 1.12500000000001 -2.01838928962875 -0.317716382508748
  endloop
endfacet
facet normal -0.861318766179922 0.359256164196453 -0.359256164196452
  outer loop
    vertex 0.974278579257505 -2.41613685404618 0.0800311819086863
    vertex 1.0866665545752 -2.4432426932523 -0.397186681979722
    vertex 0.974278579257494 -2.67822013133379 -0.261522394849894
  endloop
endfacet
facet normal -0.963165699389224 0.232881679485638 -0.134454300340362
  outer loop
    vertex 1.0866665545752 -2.4432426932523 -0.397186681979722
    vertex 0.974278579257505 -2.41613685404618 0.0800311819086863
    vertex 1.0866665545752 -2.2242785792575 -0.11182709288
  endloop
endfacet
facet normal -0.701716476830775 0.503782684371051 -0.503782684371052
  outer loop
    vertex 0.79549512883487 -2.58088928962875 0.244783617491256
    vertex 0.974278579257494 -2.67822013133379 -0.261522394849894
    vertex 0.795495128834866 -2.87999983186281 -0.145024830432463
  endloop
endfacet
facet normal -0.861318766179917 0.439997144615429 -0.254032469886379
  outer loop
    vertex 0.974278579257494 -2.67822013133379 -0.261522394849894
    vertex 0.79549512883487 -2.58088928962875 0.244783617491256
    vertex 0.974278579257505 -2.41613685404618 0.0800311819086863
  endloop
endfacet
facet normal -0.495357065865099 0.752307140051946 -0.434344729822271
  outer loop
    vertex 0.562500000000004 -3.03483084170504 -0.0556331052211423
    vertex 0.79549512883487 -2.58088928962875 0.244783617491256
    vertex 0.795495128834866 -2.87999983186281 -0.145024830432463
  endloop
endfacet
facet normal -0.701716476830775 0.503782684371051 -0.503782684371052
  outer loop
    vertex 0.79549512883487 -2.58088928962875 0.244783617491256
    vertex 0.562500000000004 -3.03483084170504 -0.0556331052211423
    vertex 0.562500000000001 -2.70730827978652 0.371202607649017
  endloop
endfacet
facet normal -0.256147077833382 0.837132908138286 -0.483318909861134
  outer loop
    vertex 0.291171425740344 -3.13216168341007 0.000560882437713239
    vertex 0.562500000000001 -2.70730827978652 0.371202607649017
    vertex 0.562500000000004 -3.03483084170504 -0.0556331052211423
  endloop
endfacet
facet normal -0.495357065865096 0.614256207659931 -0.614256207659933
  outer loop
    vertex 0.562500000000001 -2.70730827978652 0.371202607649017
    vertex 0.291171425740344 -3.13216168341007 0.000560882437713239
    vertex 0.29117142574034 -2.7867785792575 0.450672907120005
  endloop
endfacet
facet normal 0.495357065865111 0.614256207659926 -0.614256207659926
  outer loop
    vertex -0.562500000000007 -2.70730827978652 0.371202607649022
    vertex -0.291171425740332 -3.13216168341008 0.000560882437716792
    vertex -0.562500000000004 -3.03483084170504 -0.0556331052211556
  endloop
endfacet
facet normal 0.256147077833382 0.837132908138286 -0.483318909861134
  outer loop
    vertex -0.291171425740332 -3.13216168341008 0.000560882437716792
    vertex -0.562500000000007 -2.70730827978652 0.371202607649022
    vertex -0.291171425740334 -2.7867785792575 0.450672907120005
  endloop
endfacet
facet normal 0.701716476830787 0.503782684371044 -0.503782684371041
  outer loop
    vertex -0.795495128834858 -2.58088928962875 0.244783617491244
    vertex -0.562500000000004 -3.03483084170504 -0.0556331052211556
    vertex -0.795495128834858 -2.87999983186281 -0.14502483043246
  endloop
endfacet
facet normal 0.495357065865109 0.752307140051946 -0.43434472982226
  outer loop
    vertex -0.562500000000004 -3.03483084170504 -0.0556331052211556
    vertex -0.795495128834858 -2.58088928962875 0.244783617491244
    vertex -0.562500000000007 -2.70730827978652 0.371202607649022
  endloop
endfacet
facet normal 0.861318766179917 0.439997144615427 -0.254032469886386
  outer loop
    vertex -0.97427857925749 -2.67822013133379 -0.261522394849895
    vertex -0.795495128834858 -2.58088928962875 0.244783617491244
    vertex -0.795495128834858 -2.87999983186281 -0.14502483043246
  endloop
endfacet
facet normal 0.701716476830787 0.503782684371044 -0.503782684371041
  outer loop
    vertex -0.795495128834858 -2.58088928962875 0.244783617491244
    vertex -0.97427857925749 -2.67822013133379 -0.261522394849895
    vertex -0.974278579257485 -2.41613685404618 0.0800311819086854
  endloop
endfacet
facet normal 0.963165699389223 0.232881679485637 -0.134454300340367
  outer loop
    vertex -1.0866665545752 -2.4432426932523 -0.397186681979721
    vertex -0.974278579257485 -2.41613685404618 0.0800311819086854
    vertex -0.97427857925749 -2.67822013133379 -0.261522394849895
  endloop
endfacet
facet normal 0.861318766179916 0.359256164196459 -0.359256164196461
  outer loop
    vertex -0.974278579257485 -2.41613685404618 0.0800311819086854
    vertex -1.0866665545752 -2.4432426932523 -0.397186681979721
    vertex -1.08666655457519 -2.2242785792575 -0.111827092879995
  endloop
endfacet
facet normal 0.999940854491381 0.0094188979867637 -0.00543800328812813
  outer loop
    vertex -1.125 -2.19108084170504 -0.542772394849889
    vertex -1.08666655457519 -2.2242785792575 -0.111827092879995
    vertex -1.0866665545752 -2.4432426932523 -0.397186681979721
  endloop
endfacet
facet normal 0.96316569938922 0.190147095060736 -0.19014709506074
  outer loop
    vertex -1.08666655457519 -2.2242785792575 -0.111827092879995
    vertex -1.125 -2.19108084170504 -0.542772394849889
    vertex -1.12499999999999 -2.01838928962875 -0.31771638250875
  endloop
endfacet
facet normal 0.968601909439039 -0.215308513007003 0.124308427943404
  outer loop
    vertex -1.08666655457519 -1.93891899015777 -0.688358107720059
    vertex -1.12499999999999 -2.01838928962875 -0.31771638250875
    vertex -1.125 -2.19108084170504 -0.542772394849889
  endloop
endfacet
facet normal 0.999940854491381 0.00769049800230204 -0.00769049800229973
  outer loop
    vertex -1.12499999999999 -2.01838928962875 -0.31771638250875
    vertex -1.08666655457519 -1.93891899015777 -0.688358107720059
    vertex -1.0866665545752 -1.81250000000001 -0.523605672137498
  endloop
endfacet
facet normal 0.870730561229314 -0.42587699785967 0.245880199355943
  outer loop
    vertex -0.97427857925749 -1.70394155207629 -0.824022394849894
    vertex -1.0866665545752 -1.81250000000001 -0.523605672137498
    vertex -1.08666655457519 -1.93891899015777 -0.688358107720059
  endloop
endfacet
facet normal 0.968601909439038 -0.175798664714846 0.175798664714856
  outer loop
    vertex -1.0866665545752 -1.81250000000001 -0.523605672137498
    vertex -0.97427857925749 -1.70394155207629 -0.824022394849894
    vertex -0.974278579257494 -1.62064172521132 -0.715463946926181
  endloop
endfacet
facet normal 0.712577993522733 -0.607597278104782 0.350796452072675
  outer loop
    vertex -0.795495128834864 -1.50216185154727 -0.940519959267325
    vertex -0.974278579257494 -1.62064172521132 -0.715463946926181
    vertex -0.97427857925749 -1.70394155207629 -0.824022394849894
  endloop
endfacet
facet normal 0.870730561229312 -0.347727112648183 0.347727112648186
  outer loop
    vertex -0.974278579257494 -1.62064172521132 -0.715463946926181
    vertex -0.795495128834864 -1.50216185154727 -0.940519959267325
    vertex -0.795495128834862 -1.45588928962875 -0.880216382508749
  endloop
endfacet
facet normal 0.504757985981697 -0.610417633914639 0.610417633914482
  outer loop
    vertex -0.5625 -1.32947029947098 -1.00663537266652
    vertex -0.795495128834864 -1.50216185154727 -0.940519959267325
    vertex -0.5625 -1.34733084170503 -1.02991168447864
  endloop
endfacet
facet normal 0.712577993522733 -0.607597278104782 0.350796452072675
  outer loop
    vertex -0.795495128834864 -1.50216185154727 -0.940519959267325
    vertex -0.5625 -1.32947029947098 -1.00663537266652
    vertex -0.795495128834862 -1.45588928962875 -0.880216382508749
  endloop
endfacet
facet normal 0.504757985981697 -0.610417633914639 0.610417633914482
  outer loop
    vertex -0.5625 -1.32947029947098 -1.00663537266652
    vertex -0.5625 -1.34733084170503 -1.02991168447864
    vertex -0.29117142574033 -1.25 -1.08610567213749
  endloop
endfacet
facet normal -0.382683432365099 -0.653281482438214 0.653281482438157
  outer loop
    vertex 0.562500000000001 -1.32947029947098 -1.00663537266652
    vertex 0.291171425740344 -1.25 -1.08610567213749
    vertex 0.562500000000008 -1.34733084170503 -1.02991168447864
  endloop
endfacet
facet normal -0.608761429008728 -0.68706414686944 0.396676670145623
  outer loop
    vertex 0.795495128834866 -1.50216185154727 -0.940519959267327
    vertex 0.562500000000001 -1.32947029947098 -1.00663537266652
    vertex 0.562500000000008 -1.34733084170503 -1.02991168447864
  endloop
endfacet
facet normal -0.608761429008728 -0.560985526796928 0.560985526796926
  outer loop
    vertex 0.562500000000001 -1.32947029947098 -1.00663537266652
    vertex 0.795495128834866 -1.50216185154727 -0.940519959267327
    vertex 0.795495128834866 -1.45588928962875 -0.880216382508749
  endloop
endfacet
facet normal -0.870730561229312 -0.347727112648183 0.347727112648187
  outer loop
    vertex 0.974278579257502 -1.62064172521132 -0.715463946926181
    vertex 0.795495128834866 -1.50216185154727 -0.940519959267327
    vertex 0.974278579257494 -1.70394155207629 -0.824022394849891
  endloop
endfacet
facet normal -0.793353340291228 -0.527202862365673 0.304380714504372
  outer loop
    vertex 0.795495128834866 -1.50216185154727 -0.940519959267327
    vertex 0.974278579257502 -1.62064172521132 -0.715463946926181
    vertex 0.795495128834866 -1.45588928962875 -0.880216382508749
  endloop
endfacet
facet normal -0.968601909439036 -0.175798664714853 0.175798664714858
  outer loop
    vertex 1.0866665545752 -1.81250000000001 -0.523605672137494
    vertex 0.974278579257494 -1.70394155207629 -0.824022394849891
    vertex 1.0866665545752 -1.93891899015777 -0.688358107720051
  endloop
endfacet
facet normal -0.870730561229311 -0.425876997859673 0.245880199355951
  outer loop
    vertex 0.974278579257494 -1.70394155207629 -0.824022394849891
    vertex 1.0866665545752 -1.81250000000001 -0.523605672137494
    vertex 0.974278579257502 -1.62064172521132 -0.715463946926181
  endloop
endfacet
facet normal 0.999940854491381 -0.00769049800229711 0.00769049800229374
  outer loop
    vertex 1.06 -2.01838928962875 -0.317716382508746
    vertex 1.02388137586642 -1.93050737119194 0.0925676696920759
    vertex 1.02388137586642 -2.2123827536345 -0.12372291850299
  endloop
endfacet
facet normal 0.963165699389221 -0.134454300340361 0.232881679485648
  outer loop
    vertex 1.02388137586642 -1.93050737119194 0.0925676696920759
    vertex 1.06 -2.01838928962875 -0.317716382508746
    vertex 1.06000000000001 -1.7933332772876 -0.145024830432463
  endloop
endfacet
facet normal 0.968601909439039 0.175798664714847 -0.175798664714851
  outer loop
    vertex 1.02388137586642 -1.824395825623 -0.511709846514499
    vertex 1.06000000000001 -1.7933332772876 -0.145024830432463
    vertex 1.06 -2.01838928962875 -0.317716382508746
  endloop
endfacet
facet normal 0.999940854491381 -0.00543800328812405 0.00941889798676074
  outer loop
    vertex 1.06000000000001 -1.7933332772876 -0.145024830432463
    vertex 1.02388137586642 -1.824395825623 -0.511709846514499
    vertex 1.02388137586642 -1.65615918338327 -0.382617330556999
  endloop
endfacet
facet normal 0.870730561229311 0.347727112648181 -0.347727112648191
  outer loop
    vertex 0.917986928011506 -1.64362269559988 -0.692482976537618
    vertex 1.02388137586642 -1.65615918338327 -0.382617330556999
    vertex 1.02388137586642 -1.824395825623 -0.511709846514499
  endloop
endfacet
facet normal 0.968601909439037 0.124308427943407 -0.215308513007011
  outer loop
    vertex 1.02388137586642 -1.65615918338327 -0.382617330556999
    vertex 0.917986928011506 -1.64362269559988 -0.692482976537618
    vertex 0.917986928011513 -1.5283332772876 -0.60401829443821
  endloop
endfacet
facet normal 0.712577993522732 0.496101100153539 -0.496101100153553
  outer loop
    vertex 0.749533188057751 -1.48838928962875 -0.847716382508743
    vertex 0.917986928011513 -1.5283332772876 -0.60401829443821
    vertex 0.917986928011506 -1.64362269559988 -0.692482976537618
  endloop
endfacet
facet normal 0.870730561229312 0.245880199355944 -0.425876997859674
  outer loop
    vertex 0.917986928011513 -1.5283332772876 -0.60401829443821
    vertex 0.749533188057751 -1.48838928962875 -0.847716382508743
    vertex 0.749533188057748 -1.41856668325873 -0.794139612269999
  endloop
endfacet
facet normal 0.712577993522727 0.350796452072679 -0.607597278104787
  outer loop
    vertex 0.749533188057748 -1.41856668325873 -0.794139612269999
    vertex 0.529999999999999 -1.36927450779121 -0.966831164346287
    vertex 0.529999999999999 -1.33433981328185 -0.94002483043246
  endloop
endfacet
facet normal 0.504757985981701 0.610417633914547 -0.610417633914571
  outer loop
    vertex 0.529999999999999 -1.36927450779121 -0.966831164346287
    vertex 0.749533188057748 -1.41856668325873 -0.794139612269999
    vertex 0.749533188057751 -1.48838928962875 -0.847716382508743
  endloop
endfacet
facet normal 0.504757985981696 0.431630448296836 -0.747605866543846
  outer loop
    vertex 0.529999999999999 -1.33433981328185 -0.94002483043246
    vertex 0.27434818780868 -1.294395825623 -1.0417098465145
    vertex 0.274348187808669 -1.2813925893544 -1.03173211239455
  endloop
endfacet
facet normal 0.261572412895675 0.682488048544344 -0.682488048544491
  outer loop
    vertex 0.27434818780868 -1.294395825623 -1.0417098465145
    vertex 0.529999999999999 -1.33433981328185 -0.94002483043246
    vertex 0.529999999999999 -1.36927450779121 -0.966831164346287
  endloop
endfacet
facet normal 1.00415590070024e-013 0.499999999999936 -0.866025403784476
  outer loop
    vertex 1.06581410364015e-014 -1.2633332772876 -1.06301175844396
    vertex 0.27434818780868 -1.294395825623 -1.0417098465145
    vertex 5.32907051820075e-015 -1.26885610157101 -1.06724957056648
  endloop
endfacet
facet normal 0.261572412895675 0.682488048544344 -0.682488048544491
  outer loop
    vertex 0.27434818780868 -1.294395825623 -1.0417098465145
    vertex 1.06581410364015e-014 -1.2633332772876 -1.06301175844396
    vertex 0.274348187808669 -1.2813925893544 -1.03173211239455
  endloop
endfacet
facet normal -0.261572412895598 0.482591927204551 -0.835873737240842
  outer loop
    vertex -0.274348187808664 -1.2813925893544 -1.03173211239453
    vertex 5.32907051820075e-015 -1.26885610157101 -1.06724957056648
    vertex -0.274348187808673 -1.294395825623 -1.04170984651451
  endloop
endfacet
facet normal -5.20080745382592e-015 0.707106781186577 -0.707106781186518
  outer loop
    vertex 5.32907051820075e-015 -1.26885610157101 -1.06724957056648
    vertex -0.274348187808664 -1.2813925893544 -1.03173211239453
    vertex 1.06581410364015e-014 -1.2633332772876 -1.06301175844396
  endloop
endfacet
facet normal -0.261572412895598 0.482591927204551 -0.835873737240842
  outer loop
    vertex -0.274348187808664 -1.2813925893544 -1.03173211239453
    vertex -0.530000000000001 -1.36927450779121 -0.966831164346289
    vertex -0.530000000000006 -1.33433981328185 -0.940024830432459
  endloop
endfacet
facet normal -0.504757985981708 0.610417633914514 -0.610417633914598
  outer loop
    vertex -0.530000000000001 -1.36927450779121 -0.966831164346289
    vertex -0.274348187808664 -1.2813925893544 -1.03173211239453
    vertex -0.274348187808673 -1.294395825623 -1.04170984651451
  endloop
endfacet
facet normal -0.504757985981709 0.43163044829685 -0.747605866543829
  outer loop
    vertex -0.530000000000006 -1.33433981328185 -0.940024830432459
    vertex -0.749533188057738 -1.48838928962875 -0.847716382508748
    vertex -0.749533188057743 -1.41856668325873 -0.794139612270005
  endloop
endfacet
facet normal -0.71257799352273 0.496101100153531 -0.496101100153564
  outer loop
    vertex -0.749533188057738 -1.48838928962875 -0.847716382508748
    vertex -0.530000000000006 -1.33433981328185 -0.940024830432459
    vertex -0.530000000000001 -1.36927450779121 -0.966831164346289
  endloop
endfacet
facet normal -0.870730561229312 0.245880199355954 -0.425876997859668
  outer loop
    vertex -0.9179869280115 -1.5283332772876 -0.604018294438212
    vertex -0.749533188057738 -1.48838928962875 -0.847716382508748
    vertex -0.917986928011501 -1.64362269559988 -0.692482976537614
  endloop
endfacet
facet normal -0.71257799352273 0.496101100153531 -0.496101100153564
  outer loop
    vertex -0.749533188057738 -1.48838928962875 -0.847716382508748
    vertex -0.9179869280115 -1.5283332772876 -0.604018294438212
    vertex -0.749533188057743 -1.41856668325873 -0.794139612270005
  endloop
endfacet
facet normal -0.968601909439038 0.124308427943406 -0.215308513007007
  outer loop
    vertex -1.02388137586641 -1.65615918338327 -0.382617330556997
    vertex -0.917986928011501 -1.64362269559988 -0.692482976537614
    vertex -1.02388137586641 -1.824395825623 -0.511709846514501
  endloop
endfacet
facet normal -0.870730561229315 0.347727112648193 -0.34772711264817
  outer loop
    vertex -0.917986928011501 -1.64362269559988 -0.692482976537614
    vertex -1.02388137586641 -1.65615918338327 -0.382617330556997
    vertex -0.9179869280115 -1.5283332772876 -0.604018294438212
  endloop
endfacet
facet normal -0.999940854491381 -0.00543800328813046 0.00941889798675638
  outer loop
    vertex -1.06 -1.7933332772876 -0.145024830432462
    vertex -1.02388137586641 -1.824395825623 -0.511709846514501
    vertex -1.05999999999999 -2.01838928962875 -0.31771638250874
  endloop
endfacet
facet normal -0.96860190943904 0.17579866471486 -0.175798664714831
  outer loop
    vertex -1.02388137586641 -1.824395825623 -0.511709846514501
    vertex -1.06 -1.7933332772876 -0.145024830432462
    vertex -1.02388137586641 -1.65615918338327 -0.382617330556997
  endloop
endfacet
facet normal -0.963165699389224 -0.134454300340368 0.232881679485634
  outer loop
    vertex -1.02388137586641 -1.93050737119194 0.0925676696920732
    vertex -1.05999999999999 -2.01838928962875 -0.31771638250874
    vertex -1.02388137586641 -2.2123827536345 -0.123722918502996
  endloop
endfacet
facet normal -0.999940854491381 -0.00769049800229634 0.00769049800230897
  outer loop
    vertex -1.05999999999999 -2.01838928962875 -0.31771638250874
    vertex -1.02388137586641 -1.93050737119194 0.0925676696920732
    vertex -1.06 -1.7933332772876 -0.145024830432462
  endloop
endfacet
facet normal -0.861318766179918 -0.254032469886389 0.439997144615421
  outer loop
    vertex -0.917986928011505 -2.0583332772876 0.313968633573284
    vertex -1.02388137586641 -2.2123827536345 -0.123722918502996
    vertex -0.9179869280115 -2.39315588365762 0.0570502115201181
  endloop
endfacet
facet normal -0.963165699389224 -0.190147095060728 0.19014709506073
  outer loop
    vertex -1.02388137586641 -2.2123827536345 -0.123722918502996
    vertex -0.917986928011505 -2.0583332772876 0.313968633573284
    vertex -1.02388137586641 -1.93050737119194 0.0925676696920732
  endloop
endfacet
facet normal -0.701716476830786 -0.356228152363134 0.617005258979319
  outer loop
    vertex -0.749533188057733 -2.16809987131647 0.50408995140508
    vertex -0.9179869280115 -2.39315588365762 0.0570502115201181
    vertex -0.749533188057738 -2.54838928962875 0.212283617491242
  endloop
endfacet
facet normal -0.861318766179917 -0.359256164196458 0.35925616419646
  outer loop
    vertex -0.9179869280115 -2.39315588365762 0.0570502115201181
    vertex -0.749533188057733 -2.16809987131647 0.50408995140508
    vertex -0.917986928011505 -2.0583332772876 0.313968633573284
  endloop
endfacet
facet normal -0.4953570658651 -0.614256207659931 0.614256207659929
  outer loop
    vertex -0.529999999999999 -2.66750407146629 0.331398399328795
    vertex -0.749533188057733 -2.16809987131647 0.50408995140508
    vertex -0.749533188057738 -2.54838928962875 0.212283617491242
  endloop
endfacet
facet normal -0.701716476830786 -0.356228152363134 0.617005258979319
  outer loop
    vertex -0.749533188057733 -2.16809987131647 0.50408995140508
    vertex -0.529999999999999 -2.66750407146629 0.331398399328795
    vertex -0.529999999999994 -2.25232674129336 0.649975169567546
  endloop
endfacet
facet normal 2.10777652154015e-015 -0.707106781186549 0.707106781186546
  outer loop
    vertex 5.32907051820075e-015 -2.76792247768649 0.431816805548992
    vertex -0.274348187808664 -2.30527396522081 0.741682451529622
    vertex -0.274348187808668 -2.74238275363451 0.406277081497002
  endloop
endfacet
facet normal -0.256147077833381 -0.483318909861138 0.837132908138284
  outer loop
    vertex -0.274348187808664 -2.30527396522081 0.741682451529622
    vertex 5.32907051820075e-015 -2.76792247768649 0.431816805548992
    vertex -1.77635683940025e-015 -2.3233332772876 0.77296209757905
  endloop
endfacet
facet normal -0.256147077833384 -0.683516157276998 0.683516157276991
  outer loop
    vertex -0.274348187808668 -2.74238275363451 0.406277081497002
    vertex -0.529999999999994 -2.25232674129336 0.649975169567546
    vertex -0.529999999999999 -2.66750407146629 0.331398399328795
  endloop
endfacet
facet normal -0.4953570658651 -0.434344729822273 0.752307140051944
  outer loop
    vertex -0.529999999999994 -2.25232674129336 0.649975169567546
    vertex -0.274348187808668 -2.74238275363451 0.406277081497002
    vertex -0.274348187808664 -2.30527396522081 0.741682451529622
  endloop
endfacet
facet normal 2.10777652154015e-015 -0.707106781186549 0.707106781186546
  outer loop
    vertex 5.32907051820075e-015 -2.76792247768649 0.431816805548992
    vertex 0.274348187808669 -2.30527396522081 0.741682451529613
    vertex -1.77635683940025e-015 -2.3233332772876 0.77296209757905
  endloop
endfacet
facet normal 0.25614707783338 -0.483318909861133 0.837132908138287
  outer loop
    vertex 0.274348187808669 -2.30527396522081 0.741682451529613
    vertex 5.32907051820075e-015 -2.76792247768649 0.431816805548992
    vertex 0.27434818780868 -2.74238275363451 0.406277081497007
  endloop
endfacet
facet normal 0.256147077833381 -0.683516157276996 0.683516157276994
  outer loop
    vertex 0.27434818780868 -2.74238275363451 0.406277081497007
    vertex 0.530000000000006 -2.25232674129336 0.64997516956754
    vertex 0.274348187808669 -2.30527396522081 0.741682451529613
  endloop
endfacet
facet normal 0.495357065865092 -0.434344729822268 0.752307140051952
  outer loop
    vertex 0.530000000000006 -2.25232674129336 0.64997516956754
    vertex 0.27434818780868 -2.74238275363451 0.406277081497007
    vertex 0.53000000000001 -2.66750407146629 0.331398399328799
  endloop
endfacet
facet normal -0.130526192220039 0.858616436401263 -0.495722430686905
  outer loop
    vertex 8.88178419700125e-015 -3.16535942096253 0.019727605150111
    vertex 0.29117142574034 -2.7867785792575 0.450672907120005
    vertex 0.291171425740344 -3.13216168341007 0.000560882437713239
  endloop
endfacet
facet normal -0.256147077833385 0.68351615727699 -0.683516157276999
  outer loop
    vertex 0.29117142574034 -2.7867785792575 0.450672907120005
    vertex 8.88178419700125e-015 -3.16535942096253 0.019727605150111
    vertex 0.0 -2.81388441846361 0.477778746326117
  endloop
endfacet
facet normal 0.86946743428567 -0.110658582799561 0.481436453511246
  outer loop
    vertex -0.97427857925749 -1.25 -0.547502321130599
    vertex -1.0866665545752 -1.45588928962875 -0.317716382508741
    vertex -0.974278579257486 -1.38566428712983 -0.579799659796348
  endloop
endfacet
facet normal 0.968461636226315 -0.0457715368371086 0.244922488909079
  outer loop
    vertex -1.0866665545752 -1.25 -0.278495000436969
    vertex -1.0866665545752 -1.45588928962875 -0.317716382508741
    vertex -0.97427857925749 -1.25 -0.547502321130599
  endloop
endfacet
facet normal 0.999908197707223 0.0014387695558271 -0.0134731622145075
  outer loop
    vertex -1.125 -1.25 0.0101854133921773
    vertex -1.08666655457519 -1.60661071037126 0.244783617491257
    vertex -1.12499999999999 -1.53125 -0.0364663825087499
  endloop
endfacet
facet normal 0.968461636226315 -0.0457715368371086 0.244922488909079
  outer loop
    vertex -1.0866665545752 -1.25 -0.278495000436969
    vertex -1.12499999999999 -1.53125 -0.0364663825087499
    vertex -1.0866665545752 -1.45588928962875 -0.317716382508741
  endloop
endfacet
facet normal 0.999908197707223 0.0014387695558271 -0.0134731622145075
  outer loop
    vertex -1.125 -1.25 0.0101854133921773
    vertex -1.12499999999999 -1.53125 -0.0364663825087499
    vertex -1.0866665545752 -1.25 -0.278495000436969
  endloop
endfacet
facet normal 0.256147077833382 0.837132908138286 -0.483318909861134
  outer loop
    vertex -0.291171425740332 -3.13216168341008 0.000560882437716792
    vertex 1.77635683940025e-015 -3.38630584420395 -0.513684246397162
    vertex -0.291171425740329 -3.3492785792575 -0.523605672137492
  endloop
endfacet
facet normal 0.130309551355178 0.957662378093812 -0.256714219336047
  outer loop
    vertex 1.77635683940025e-015 -3.38630584420395 -0.513684246397162
    vertex -0.291171425740332 -3.13216168341008 0.000560882437716792
    vertex 8.88178419700125e-015 -3.16535942096253 0.019727605150111
  endloop
endfacet
facet normal 0.999910844946098 -0.00161960286684468 0.0132543972225967
  outer loop
    vertex 1.06000000000001 -1.25 0.0101854133921844
    vertex 1.02388137586641 -1.60225653599425 0.228533617491253
    vertex 1.06 -1.53125 -0.0364663825087428
  endloop
endfacet
facet normal 0.999910844946098 -0.00161960286684468 0.0132543972225967
  outer loop
    vertex 1.06000000000001 -1.25 0.0101854133921844
    vertex 1.02388137586641 -1.25 0.282186514422293
    vertex 1.02388137586641 -1.60225653599425 0.228533617491253
  endloop
endfacet
facet normal 0.968429277814508 0.0453782124704291 -0.245123543758366
  outer loop
    vertex 1.02388137586642 -1.25 -0.261815687637957
    vertex 1.06 -1.53125 -0.0364663825087428
    vertex 1.02388137586642 -1.46024346400576 -0.301466382508746
  endloop
endfacet
facet normal 0.999910844946098 -0.00161960286684468 0.0132543972225967
  outer loop
    vertex 1.06000000000001 -1.25 0.0101854133921844
    vertex 1.06 -1.53125 -0.0364663825087428
    vertex 1.02388137586642 -1.25 -0.261815687637957
  endloop
endfacet
facet normal 0.869301190874578 0.10727473478898 -0.482501368723441
  outer loop
    vertex 0.917986928011506 -1.25 -0.515280363135948
    vertex 1.02388137586642 -1.46024346400576 -0.301466382508746
    vertex 0.917986928011509 -1.39407590609567 -0.548407070441953
  endloop
endfacet
facet normal 0.869301190874578 0.10727473478898 -0.482501368723441
  outer loop
    vertex 0.917986928011506 -1.25 -0.515280363135948
    vertex 1.02388137586642 -1.25 -0.261815687637957
    vertex 1.02388137586642 -1.46024346400576 -0.301466382508746
  endloop
endfacet
facet normal 0.7154043588078 0.209712039998633 -0.666496409351478
  outer loop
    vertex 0.749533188057737 -1.25 -0.732935414336812
    vertex 0.917986928011509 -1.39407590609567 -0.548407070441953
    vertex 0.749533188057744 -1.33725653599425 -0.760459846514502
  endloop
endfacet
facet normal 0.869301190874578 0.10727473478898 -0.482501368723441
  outer loop
    vertex 0.917986928011506 -1.25 -0.515280363135948
    vertex 0.917986928011509 -1.39407590609567 -0.548407070441953
    vertex 0.749533188057737 -1.25 -0.732935414336812
  endloop
endfacet
facet normal 0.707606706659969 0.241771493463788 -0.663957298053213
  outer loop
    vertex 0.749533188057744 -1.33725653599425 -0.760459846514502
    vertex 0.530000000000006 -1.29365749987547 -0.923173664470816
    vertex 0.749533188057737 -1.25 -0.732935414336812
  endloop
endfacet
facet normal 0.7154043588078 0.209712039998633 -0.666496409351478
  outer loop
    vertex 0.749533188057737 -1.25 -0.732935414336812
    vertex 0.530000000000006 -1.29365749987547 -0.923173664470816
    vertex 0.530000000000006 -1.25 -0.899948009193153
  endloop
endfacet
facet normal 0.485353939858964 0.36632232533946 -0.793876254224342
  outer loop
    vertex 0.530000000000006 -1.29365749987547 -0.923173664470816
    vertex 0.274348187808672 -1.26625 -1.0254598465145
    vertex 0.530000000000006 -1.25 -0.899948009193153
  endloop
endfacet
facet normal 0.47917120446044 0.421509014859654 -0.769886424875757
  outer loop
    vertex 0.530000000000006 -1.25 -0.899948009193153
    vertex 0.274348187808672 -1.26625 -1.0254598465145
    vertex 0.27434818780868 -1.25 -1.00493651536692
  endloop
endfacet
facet normal 0.183881817646518 0.775073192937203 -0.604523798314956
  outer loop
    vertex 0.27434818780868 -1.25 -1.00493651536692
    vertex 0.274348187808672 -1.26625 -1.0254598465145
    vertex -1.77635683940025e-015 -1.25690181219133 -1.06034775837516
  endloop
endfacet
facet normal 0.183881817646518 0.775073192937203 -0.604523798314956
  outer loop
    vertex 0.27434818780868 -1.25 -1.00493651536692
    vertex -1.77635683940025e-015 -1.25690181219133 -1.06034775837516
    vertex 3.5527136788005e-015 -1.25 -1.04074613966406
  endloop
endfacet
facet normal -0.183881817646508 0.775073192937205 -0.604523798314957
  outer loop
    vertex -0.274348187808666 -1.25 -1.00493651536693
    vertex -1.77635683940025e-015 -1.25690181219133 -1.06034775837516
    vertex -0.274348187808668 -1.26625 -1.0254598465145
  endloop
endfacet
facet normal -0.183881817646508 0.775073192937205 -0.604523798314957
  outer loop
    vertex -0.274348187808666 -1.25 -1.00493651536693
    vertex 3.5527136788005e-015 -1.25 -1.04074613966406
    vertex -1.77635683940025e-015 -1.25690181219133 -1.06034775837516
  endloop
endfacet
facet normal -0.22630710150063 0.574965790275303 -0.786256596680422
  outer loop
    vertex -0.274348187808668 -1.26625 -1.0254598465145
    vertex -0.530000000000003 -1.29365749987547 -0.92317366447082
    vertex -0.529999999999989 -1.25 -0.899948009193152
  endloop
endfacet
facet normal -0.479171204460369 0.42150901485986 -0.769886424875689
  outer loop
    vertex -0.529999999999989 -1.25 -0.899948009193152
    vertex -0.274348187808666 -1.25 -1.00493651536693
    vertex -0.274348187808668 -1.26625 -1.0254598465145
  endloop
endfacet
facet normal -0.485353939858941 0.366322325339553 -0.793876254224313
  outer loop
    vertex -0.530000000000003 -1.29365749987547 -0.92317366447082
    vertex -0.749533188057731 -1.33725653599425 -0.760459846514499
    vertex -0.749533188057734 -1.25 -0.732935414336808
  endloop
endfacet
facet normal -0.479171204460369 0.42150901485986 -0.769886424875689
  outer loop
    vertex -0.529999999999989 -1.25 -0.899948009193152
    vertex -0.530000000000003 -1.29365749987547 -0.92317366447082
    vertex -0.749533188057734 -1.25 -0.732935414336808
  endloop
endfacet
facet normal -0.715404358807814 0.209712039998584 -0.666496409351477
  outer loop
    vertex -0.749533188057734 -1.25 -0.732935414336808
    vertex -0.749533188057731 -1.33725653599425 -0.760459846514499
    vertex -0.917986928011498 -1.39407590609567 -0.548407070441951
  endloop
endfacet
facet normal -0.869301190874581 0.10727473478898 -0.482501368723436
  outer loop
    vertex -0.917986928011496 -1.25 -0.515280363135943
    vertex -0.749533188057734 -1.25 -0.732935414336808
    vertex -0.917986928011498 -1.39407590609567 -0.548407070441951
  endloop
endfacet
facet normal -0.869301190874581 0.10727473478898 -0.482501368723436
  outer loop
    vertex -0.917986928011496 -1.25 -0.515280363135943
    vertex -0.917986928011498 -1.39407590609567 -0.548407070441951
    vertex -1.02388137586641 -1.46024346400576 -0.30146638250875
  endloop
endfacet
facet normal -0.869301190874581 0.10727473478898 -0.482501368723436
  outer loop
    vertex -0.917986928011496 -1.25 -0.515280363135943
    vertex -1.02388137586641 -1.46024346400576 -0.30146638250875
    vertex -1.02388137586641 -1.25 -0.261815687637957
  endloop
endfacet
facet normal -0.968429277814506 0.0453782124704248 -0.245123543758374
  outer loop
    vertex -1.02388137586641 -1.25 -0.261815687637957
    vertex -1.02388137586641 -1.46024346400576 -0.30146638250875
    vertex -1.06 -1.53125 -0.0364663825087419
  endloop
endfacet
facet normal -0.999910844946098 -0.00161960286684455 0.0132543972225701
  outer loop
    vertex -1.06 -1.25 0.0101854133921764
    vertex -1.02388137586641 -1.25 -0.261815687637957
    vertex -1.06 -1.53125 -0.0364663825087419
  endloop
endfacet
facet normal -0.999910844946098 -0.00161960286684455 0.0132543972225701
  outer loop
    vertex -1.06 -1.25 0.0101854133921764
    vertex -1.06 -1.53125 -0.0364663825087419
    vertex -1.02388137586641 -1.60225653599425 0.228533617491255
  endloop
endfacet
facet normal -0.999910844946098 -0.00161960286684455 0.0132543972225701
  outer loop
    vertex -1.06 -1.25 0.0101854133921764
    vertex -1.02388137586641 -1.60225653599425 0.228533617491255
    vertex -1.02388137586641 -1.25 0.2821865144223
  endloop
endfacet
facet normal -0.961630908364771 -0.0401885751929927 0.271386946077927
  outer loop
    vertex -1.02388137586641 -1.25 0.2821865144223
    vertex -1.02388137586641 -1.60225653599425 0.228533617491255
    vertex -0.917986928011505 -1.66842409390434 0.475474305424456
  endloop
endfacet
facet normal -0.961630908364771 -0.0401885751929927 0.271386946077927
  outer loop
    vertex -1.02388137586641 -1.25 0.2821865144223
    vertex -0.917986928011505 -1.66842409390434 0.475474305424456
    vertex -0.917986928011501 -1.25 0.53565118992029
  endloop
endfacet
facet normal -0.857309609478005 -0.0721011940328881 0.509727036084708
  outer loop
    vertex -0.917986928011501 -1.25 0.53565118992029
    vertex -0.917986928011505 -1.66842409390434 0.475474305424456
    vertex -0.749533188057745 -1.72524346400576 0.687527081497002
  endloop
endfacet
facet normal -0.695105581800486 -0.0985654201984225 0.712118731737143
  outer loop
    vertex -0.749533188057736 -1.25 0.753306241121156
    vertex -0.917986928011501 -1.25 0.53565118992029
    vertex -0.749533188057745 -1.72524346400576 0.687527081497002
  endloop
endfacet
facet normal -0.489386361164815 -0.117558404289257 0.864107059968164
  outer loop
    vertex -0.52999999999999 -1.25 0.920318835977515
    vertex -0.749533188057745 -1.72524346400576 0.687527081497002
    vertex -0.529999999999999 -1.76884250012454 0.850240899453335
  endloop
endfacet
facet normal -0.489386361164815 -0.117558404289257 0.864107059968164
  outer loop
    vertex -0.52999999999999 -1.25 0.920318835977515
    vertex -0.749533188057736 -1.25 0.753306241121156
    vertex -0.749533188057745 -1.72524346400576 0.687527081497002
  endloop
endfacet
facet normal -0.256081005838385 -0.250807661273835 0.933551303086847
  outer loop
    vertex -0.27434818780867 -1.79625000000001 0.952527081497014
    vertex -0.274348187808672 -1.25 1.02530734215128
    vertex -0.529999999999999 -1.76884250012454 0.850240899453335
  endloop
endfacet
facet normal -0.252511322153236 -0.128348999518339 0.959043568617749
  outer loop
    vertex -0.274348187808672 -1.25 1.02530734215128
    vertex -0.52999999999999 -1.25 0.920318835977515
    vertex -0.529999999999999 -1.76884250012454 0.850240899453335
  endloop
endfacet
facet normal 0.922709232875516 0.385452802210332 -0.00581453648018211
  outer loop
    vertex 0.917986928011515 -1.84363682040293 -2.61068422784071
    vertex 1.02388137586642 -2.07444781031173 -1.10703179836686
    vertex 1.02388137586642 -2.09707266215158 -2.60686116068753
  endloop
endfacet
facet normal 0.922709232875516 0.385452802210332 -0.00581453648018211
  outer loop
    vertex 1.02388137586642 -2.07444781031173 -1.10703179836686
    vertex 0.917986928011515 -1.84363682040293 -2.61068422784071
    vertex 0.917986928011513 -1.82101196856308 -1.11085486552004
  endloop
endfacet
facet normal 0.790817609882249 0.611982257264735 -0.00923172211924573
  outer loop
    vertex 0.749533188057746 -1.62600652930396 -2.61396717003113
    vertex 0.917986928011513 -1.82101196856308 -1.11085486552004
    vertex 0.917986928011515 -1.84363682040293 -2.61068422784071
  endloop
endfacet
facet normal 0.790817609882249 0.611982257264735 -0.00923172211924573
  outer loop
    vertex 0.917986928011513 -1.82101196856308 -1.11085486552004
    vertex 0.749533188057746 -1.62600652930396 -2.61396717003113
    vertex 0.749533188057744 -1.60338167746411 -1.11413780771046
  endloop
endfacet
facet normal 0.605467813125946 0.795779255994839 -0.0120042907656175
  outer loop
    vertex 0.529999999999999 -1.43638808170215 -1.11665689785313
    vertex 0.749533188057746 -1.62600652930396 -2.61396717003113
    vertex 0.530000000000002 -1.459012933542 -2.6164862601738
  endloop
endfacet
facet normal 0.605467813125946 0.795779255994839 -0.0120042907656175
  outer loop
    vertex 0.749533188057746 -1.62600652930396 -2.61396717003113
    vertex 0.529999999999999 -1.43638808170215 -1.11665689785313
    vertex 0.749533188057744 -1.60338167746411 -1.11413780771046
  endloop
endfacet
facet normal 0.379883727958464 0.924929013892091 -0.0139525084835699
  outer loop
    vertex 0.274348187808676 -1.33141151885842 -1.11824046411784
    vertex 0.530000000000002 -1.459012933542 -2.6164862601738
    vertex 0.274348187808678 -1.35403637069827 -2.61806982643851
  endloop
endfacet
facet normal 0.379883727958464 0.924929013892091 -0.0139525084835699
  outer loop
    vertex 0.530000000000002 -1.459012933542 -2.6164862601738
    vertex 0.274348187808676 -1.33141151885842 -1.11824046411784
    vertex 0.529999999999999 -1.43638808170215 -1.11665689785313
  endloop
endfacet
facet normal 0.129428307995564 0.991475980646937 -0.014956366189683
  outer loop
    vertex 8.88178419700125e-015 -1.29560596820874 -1.11878058908061
    vertex 0.274348187808678 -1.35403637069827 -2.61806982643851
    vertex 1.06581410364015e-014 -1.31823082004859 -2.61860995140128
  endloop
endfacet
facet normal 0.129428307995564 0.991475980646937 -0.014956366189683
  outer loop
    vertex 0.274348187808678 -1.35403637069827 -2.61806982643851
    vertex 8.88178419700125e-015 -1.29560596820874 -1.11878058908061
    vertex 0.274348187808676 -1.33141151885842 -1.11824046411784
  endloop
endfacet
facet normal -0.129428307995558 0.991475980646938 -0.0149563661896834
  outer loop
    vertex -0.27434818780867 -1.35403637069827 -2.61806982643851
    vertex 8.88178419700125e-015 -1.29560596820874 -1.11878058908061
    vertex 1.06581410364015e-014 -1.31823082004859 -2.61860995140128
  endloop
endfacet
facet normal -0.129428307995558 0.991475980646938 -0.0149563661896834
  outer loop
    vertex 8.88178419700125e-015 -1.29560596820874 -1.11878058908061
    vertex -0.27434818780867 -1.35403637069827 -2.61806982643851
    vertex -0.274348187808672 -1.33141151885842 -1.11824046411784
  endloop
endfacet
facet normal -0.379883727958468 0.924929013892089 -0.0139525084835709
  outer loop
    vertex -0.52999999999999 -1.459012933542 -2.6164862601738
    vertex -0.274348187808672 -1.33141151885842 -1.11824046411784
    vertex -0.27434818780867 -1.35403637069827 -2.61806982643851
  endloop
endfacet
facet normal -0.379883727958468 0.924929013892089 -0.0139525084835709
  outer loop
    vertex -0.274348187808672 -1.33141151885842 -1.11824046411784
    vertex -0.52999999999999 -1.459012933542 -2.6164862601738
    vertex -0.529999999999992 -1.43638808170215 -1.11665689785313
  endloop
endfacet
facet normal -0.605467813125939 0.795779255994844 -0.0120042907656193
  outer loop
    vertex -0.749533188057736 -1.62600652930396 -2.61396717003112
    vertex -0.529999999999992 -1.43638808170215 -1.11665689785313
    vertex -0.52999999999999 -1.459012933542 -2.6164862601738
  endloop
endfacet
facet normal -0.605467813125939 0.795779255994844 -0.0120042907656193
  outer loop
    vertex -0.529999999999992 -1.43638808170215 -1.11665689785313
    vertex -0.749533188057736 -1.62600652930396 -2.61396717003112
    vertex -0.749533188057738 -1.60338167746411 -1.11413780771045
  endloop
endfacet
facet normal -0.790817609882249 0.611982257264734 -0.00923172211924796
  outer loop
    vertex -0.917986928011505 -1.82101196856308 -1.11085486552006
    vertex -0.749533188057736 -1.62600652930396 -2.61396717003112
    vertex -0.917986928011503 -1.84363682040293 -2.61068422784073
  endloop
endfacet
facet normal -0.790817609882249 0.611982257264734 -0.00923172211924796
  outer loop
    vertex -0.749533188057736 -1.62600652930396 -2.61396717003112
    vertex -0.917986928011505 -1.82101196856308 -1.11085486552006
    vertex -0.749533188057738 -1.60338167746411 -1.11413780771045
  endloop
endfacet
facet normal -0.922709232875525 0.385452802210312 -0.00581453648018444
  outer loop
    vertex -1.02388137586641 -2.07444781031173 -1.10703179836685
    vertex -0.917986928011503 -1.84363682040293 -2.61068422784073
    vertex -1.02388137586641 -2.09707266215158 -2.60686116068752
  endloop
endfacet
facet normal -0.922709232875525 0.385452802210312 -0.00581453648018444
  outer loop
    vertex -0.917986928011503 -1.84363682040293 -2.61068422784073
    vertex -1.02388137586641 -2.07444781031173 -1.10703179836685
    vertex -0.917986928011505 -1.82101196856308 -1.11085486552006
  endloop
endfacet
facet normal -0.991298510290028 0.131618089469599 -0.00198545237778806
  outer loop
    vertex -1.05999999999999 -2.34641796891741 -1.10292914195947
    vertex -1.02388137586641 -2.09707266215158 -2.60686116068752
    vertex -1.05999999999999 -2.36904282075726 -2.60275850428014
  endloop
endfacet
facet normal -0.991298510290028 0.131618089469599 -0.00198545237778806
  outer loop
    vertex -1.02388137586641 -2.09707266215158 -2.60686116068752
    vertex -1.05999999999999 -2.34641796891741 -1.10292914195947
    vertex -1.02388137586641 -2.07444781031173 -1.10703179836685
  endloop
endfacet
facet normal -0.991298510290025 -0.131618089469617 0.00198545237778551
  outer loop
    vertex -1.0238813758664 -2.61838812752311 -1.09882648555207
    vertex -1.05999999999999 -2.36904282075726 -2.60275850428014
    vertex -1.0238813758664 -2.64101297936296 -2.59865584787274
  endloop
endfacet
facet normal -0.991298510290025 -0.131618089469617 0.00198545237778551
  outer loop
    vertex -1.05999999999999 -2.36904282075726 -2.60275850428014
    vertex -1.0238813758664 -2.61838812752311 -1.09882648555207
    vertex -1.05999999999999 -2.34641796891741 -1.10292914195947
  endloop
endfacet
facet normal -0.92270923287553 -0.385452802210299 0.00581453648018162
  outer loop
    vertex -0.917986928011505 -2.87182396927175 -1.09500341839889
    vertex -1.0238813758664 -2.64101297936296 -2.59865584787274
    vertex -0.917986928011503 -2.8944488211116 -2.59483278071956
  endloop
endfacet
facet normal -0.92270923287553 -0.385452802210299 0.00581453648018162
  outer loop
    vertex -1.0238813758664 -2.64101297936296 -2.59865584787274
    vertex -0.917986928011505 -2.87182396927175 -1.09500341839889
    vertex -1.0238813758664 -2.61838812752311 -1.09882648555207
  endloop
endfacet
facet normal -0.605467813125951 0.795779255994835 -0.0120042907656192
  outer loop
    vertex 0.562500000000003 -3.33487642747157 -2.58818895203451
    vertex 0.795495128834866 -3.13501780654474 -1.09103315236526
    vertex 0.795495128834868 -3.15764265838459 -2.59086251468593
  endloop
endfacet
facet normal -0.605467813125951 0.795779255994835 -0.0120042907656192
  outer loop
    vertex 0.795495128834866 -3.13501780654474 -1.09103315236526
    vertex 0.562500000000003 -3.33487642747157 -2.58818895203451
    vertex 0.562500000000001 -3.31225157563172 -1.08835958971384
  endloop
endfacet
facet normal -0.379883727958471 0.924929013892088 -0.0139525084835709
  outer loop
    vertex 0.291171425740345 -3.44629023237648 -2.5865082802913
    vertex 0.562500000000001 -3.31225157563172 -1.08835958971384
    vertex 0.562500000000003 -3.33487642747157 -2.58818895203451
  endloop
endfacet
facet normal -0.379883727958471 0.924929013892088 -0.0139525084835709
  outer loop
    vertex 0.562500000000001 -3.31225157563172 -1.08835958971384
    vertex 0.291171425740345 -3.44629023237648 -2.5865082802913
    vertex 0.291171425740344 -3.42366538053663 -1.08667891797063
  endloop
endfacet
facet normal -0.129428307995557 0.991475980646938 -0.0149563661896834
  outer loop
    vertex 3.5527136788005e-015 -3.48429140641505 -2.58593503445816
    vertex 0.291171425740344 -3.42366538053663 -1.08667891797063
    vertex 0.291171425740345 -3.44629023237648 -2.5865082802913
  endloop
endfacet
facet normal -0.129428307995557 0.991475980646938 -0.0149563661896834
  outer loop
    vertex 0.291171425740344 -3.42366538053663 -1.08667891797063
    vertex 3.5527136788005e-015 -3.48429140641505 -2.58593503445816
    vertex 1.77635683940025e-015 -3.4616665545752 -1.08610567213749
  endloop
endfacet
facet normal 0.12942830799555 0.991475980646939 -0.0149563661896831
  outer loop
    vertex -0.29117142574033 -3.42366538053663 -1.08667891797063
    vertex 3.5527136788005e-015 -3.48429140641505 -2.58593503445816
    vertex -0.291171425740329 -3.44629023237648 -2.5865082802913
  endloop
endfacet
facet normal 0.12942830799555 0.991475980646939 -0.0149563661896831
  outer loop
    vertex 3.5527136788005e-015 -3.48429140641505 -2.58593503445816
    vertex -0.29117142574033 -3.42366538053663 -1.08667891797063
    vertex 1.77635683940025e-015 -3.4616665545752 -1.08610567213749
  endloop
endfacet
facet normal 0.379883727958465 0.924929013892091 -0.0139525084835699
  outer loop
    vertex -0.562500000000002 -3.31225157563172 -1.08835958971385
    vertex -0.291171425740329 -3.44629023237648 -2.5865082802913
    vertex -0.5625 -3.33487642747157 -2.58818895203452
  endloop
endfacet
facet normal 0.379883727958465 0.924929013892091 -0.0139525084835699
  outer loop
    vertex -0.291171425740329 -3.44629023237648 -2.5865082802913
    vertex -0.562500000000002 -3.31225157563172 -1.08835958971385
    vertex -0.29117142574033 -3.42366538053663 -1.08667891797063
  endloop
endfacet
facet normal 0.605467813125963 0.795779255994826 -0.0120042907656173
  outer loop
    vertex -0.79549512883486 -3.13501780654474 -1.09103315236526
    vertex -0.5625 -3.33487642747157 -2.58818895203452
    vertex -0.795495128834858 -3.15764265838459 -2.59086251468593
  endloop
endfacet
facet normal 0.605467813125963 0.795779255994826 -0.0120042907656173
  outer loop
    vertex -0.5625 -3.33487642747157 -2.58818895203452
    vertex -0.79549512883486 -3.13501780654474 -1.09103315236526
    vertex -0.562500000000002 -3.31225157563172 -1.08835958971385
  endloop
endfacet
facet normal 0.790817609882233 0.611982257264756 -0.00923172211924604
  outer loop
    vertex -0.974278579257497 -2.92666711358616 -2.59434676936916
    vertex -0.79549512883486 -3.13501780654474 -1.09103315236526
    vertex -0.795495128834858 -3.15764265838459 -2.59086251468593
  endloop
endfacet
facet normal 0.790817609882233 0.611982257264756 -0.00923172211924604
  outer loop
    vertex -0.79549512883486 -3.13501780654474 -1.09103315236526
    vertex -0.974278579257497 -2.92666711358616 -2.59434676936916
    vertex -0.974278579257499 -2.90404226174631 -1.09451740704849
  endloop
endfacet
facet normal 0.922709232875528 0.385452802210304 -0.0058145364801817
  outer loop
    vertex -1.0866665545752 -2.65769039474916 -2.59840426988549
    vertex -0.974278579257499 -2.90404226174631 -1.09451740704849
    vertex -0.974278579257497 -2.92666711358616 -2.59434676936916
  endloop
endfacet
facet normal 0.922709232875528 0.385452802210304 -0.0058145364801817
  outer loop
    vertex -0.974278579257499 -2.90404226174631 -1.09451740704849
    vertex -1.0866665545752 -2.65769039474916 -2.59840426988549
    vertex -1.0866665545752 -2.63506554290931 -1.09857490756483
  endloop
endfacet
facet normal 0.991298510290027 0.131618089469607 -0.00198545237778536
  outer loop
    vertex -1.12499999999999 -2.36904282075726 -2.60275850428015
    vertex -1.0866665545752 -2.63506554290931 -1.09857490756483
    vertex -1.0866665545752 -2.65769039474916 -2.59840426988549
  endloop
endfacet
facet normal 0.991298510290027 0.131618089469607 -0.00198545237778536
  outer loop
    vertex -1.0866665545752 -2.63506554290931 -1.09857490756483
    vertex -1.12499999999999 -2.36904282075726 -2.60275850428015
    vertex -1.12499999999999 -2.34641796891741 -1.10292914195948
  endloop
endfacet
facet normal 0.991298510290024 -0.131618089469628 0.0019854523777885
  outer loop
    vertex -1.08666655457519 -2.08039524676538 -2.60711273867477
    vertex -1.12499999999999 -2.34641796891741 -1.10292914195948
    vertex -1.12499999999999 -2.36904282075726 -2.60275850428015
  endloop
endfacet
facet normal 0.991298510290024 -0.131618089469628 0.0019854523777885
  outer loop
    vertex -1.12499999999999 -2.34641796891741 -1.10292914195948
    vertex -1.08666655457519 -2.08039524676538 -2.60711273867477
    vertex -1.08666655457519 -2.05777039492553 -1.1072833763541
  endloop
endfacet
facet normal 0.922709232875534 -0.38545280221029 0.00581453648018411
  outer loop
    vertex -0.974278579257493 -1.81141852792837 -2.61117023919113
    vertex -1.08666655457519 -2.05777039492553 -1.1072833763541
    vertex -1.08666655457519 -2.08039524676538 -2.60711273867477
  endloop
endfacet
facet normal 0.922709232875534 -0.38545280221029 0.00581453648018411
  outer loop
    vertex -1.08666655457519 -2.05777039492553 -1.1072833763541
    vertex -0.974278579257493 -1.81141852792837 -2.61117023919113
    vertex -0.974278579257495 -1.78879367608852 -1.11134087687046
  endloop
endfacet
facet normal 0.790817609882243 -0.611982257264742 0.00923172211924808
  outer loop
    vertex -0.795495128834861 -1.58044298312994 -2.61465449387434
    vertex -0.974278579257495 -1.78879367608852 -1.11134087687046
    vertex -0.974278579257493 -1.81141852792837 -2.61117023919113
  endloop
endfacet
facet normal 0.790817609882243 -0.611982257264742 0.00923172211924808
  outer loop
    vertex -0.974278579257495 -1.78879367608852 -1.11134087687046
    vertex -0.795495128834861 -1.58044298312994 -2.61465449387434
    vertex -0.795495128834864 -1.55781813129009 -1.11482513155368
  endloop
endfacet
facet normal 0.605467813125964 -0.795779255994825 0.012004290765619
  outer loop
    vertex -0.5625 -1.3805843622031 -1.1174986942051
    vertex -0.795495128834861 -1.58044298312994 -2.61465449387434
    vertex -0.562499999999998 -1.40320921404295 -2.61732805652577
  endloop
endfacet
facet normal 0.605467813125964 -0.795779255994825 0.012004290765619
  outer loop
    vertex -0.795495128834861 -1.58044298312994 -2.61465449387434
    vertex -0.5625 -1.3805843622031 -1.1174986942051
    vertex -0.795495128834864 -1.55781813129009 -1.11482513155368
  endloop
endfacet
facet normal 0.379883727958433 -0.924929013892103 0.0139525084835712
  outer loop
    vertex -0.291171425740329 -1.2691705572982 -1.1191793659483
    vertex -0.562499999999998 -1.40320921404295 -2.61732805652577
    vertex -0.291171425740327 -1.29179540913805 -2.61900872826897
  endloop
endfacet
facet normal 0.379883727958433 -0.924929013892103 0.0139525084835712
  outer loop
    vertex -0.562499999999998 -1.40320921404295 -2.61732805652577
    vertex -0.291171425740329 -1.2691705572982 -1.1191793659483
    vertex -0.5625 -1.3805843622031 -1.1174986942051
  endloop
endfacet
facet normal 0.0657046214598027 -0.997725604016848 0.0150506414494904
  outer loop
    vertex -1.77635683940025e-015 -1.25 -1.11946855285813
    vertex -0.291171425740327 -1.29179540913805 -2.61900872826897
    vertex 0.0 -1.27262485183985 -2.6192979151788
  endloop
endfacet
facet normal 0.0657046214598027 -0.997725604016848 0.0150506414494904
  outer loop
    vertex -0.291171425740327 -1.29179540913805 -2.61900872826897
    vertex -1.77635683940025e-015 -1.25 -1.11946855285813
    vertex -0.291171425740329 -1.2691705572982 -1.1191793659483
  endloop
endfacet
facet normal -0.0657046214597887 -0.997725604016848 0.0150506414494902
  outer loop
    vertex 0.291171425740349 -1.29179540913805 -2.61900872826897
    vertex -1.77635683940025e-015 -1.25 -1.11946855285813
    vertex 0.0 -1.27262485183985 -2.6192979151788
  endloop
endfacet
facet normal -0.0657046214597887 -0.997725604016848 0.0150506414494902
  outer loop
    vertex -1.77635683940025e-015 -1.25 -1.11946855285813
    vertex 0.291171425740349 -1.29179540913805 -2.61900872826897
    vertex 0.291171425740347 -1.2691705572982 -1.1191793659483
  endloop
endfacet
facet normal -0.379883727958462 -0.924929013892092 0.0139525084835699
  outer loop
    vertex 0.562500000000003 -1.40320921404295 -2.61732805652576
    vertex 0.291171425740347 -1.2691705572982 -1.1191793659483
    vertex 0.291171425740349 -1.29179540913805 -2.61900872826897
  endloop
endfacet
facet normal -0.379883727958462 -0.924929013892092 0.0139525084835699
  outer loop
    vertex 0.291171425740347 -1.2691705572982 -1.1191793659483
    vertex 0.562500000000003 -1.40320921404295 -2.61732805652576
    vertex 0.562500000000001 -1.3805843622031 -1.1174986942051
  endloop
endfacet
facet normal -1.42100896774504e-015 0.0150832345599 0.999886241547113
  outer loop
    vertex -1.0866665545752 -2.65769039474916 -2.59840426988549
    vertex -1.08666655457519 -2.08039524676538 -2.60711273867477
    vertex -1.12499999999999 -2.36904282075726 -2.60275850428015
  endloop
endfacet
facet normal -1.42100896774504e-015 0.0150832345599 0.999886241547113
  outer loop
    vertex -1.08666655457519 -2.08039524676538 -2.60711273867477
    vertex -1.0866665545752 -2.65769039474916 -2.59840426988549
    vertex -1.05999999999999 -2.36904282075726 -2.60275850428014
  endloop
endfacet
facet normal -1.42100896774504e-015 0.0150832345599 0.999886241547113
  outer loop
    vertex -1.05999999999999 -2.36904282075726 -2.60275850428014
    vertex -1.0866665545752 -2.65769039474916 -2.59840426988549
    vertex -1.0238813758664 -2.64101297936296 -2.59865584787274
  endloop
endfacet
facet normal -1.42100896774504e-015 0.0150832345599 0.999886241547113
  outer loop
    vertex -1.0238813758664 -2.64101297936296 -2.59865584787274
    vertex -1.0866665545752 -2.65769039474916 -2.59840426988549
    vertex -0.974278579257497 -2.92666711358616 -2.59434676936916
  endloop
endfacet
facet normal -1.42100896774504e-015 0.0150832345599 0.999886241547113
  outer loop
    vertex -1.0238813758664 -2.64101297936296 -2.59865584787274
    vertex -0.974278579257497 -2.92666711358616 -2.59434676936916
    vertex -0.917986928011503 -2.8944488211116 -2.59483278071956
  endloop
endfacet
facet normal -1.42100896774504e-015 0.0150832345599 0.999886241547113
  outer loop
    vertex -0.917986928011503 -2.8944488211116 -2.59483278071956
    vertex -0.974278579257497 -2.92666711358616 -2.59434676936916
    vertex -0.795495128834858 -3.15764265838459 -2.59086251468593
  endloop
endfacet
facet normal -1.42100896774504e-015 0.0150832345599 0.999886241547113
  outer loop
    vertex -0.917986928011503 -2.8944488211116 -2.59483278071956
    vertex -0.795495128834858 -3.15764265838459 -2.59086251468593
    vertex -0.749533188057734 -3.11207911221057 -2.59154983852915
  endloop
endfacet
facet normal -1.42100896774504e-015 0.0150832345599 0.999886241547113
  outer loop
    vertex -0.749533188057734 -3.11207911221057 -2.59154983852915
    vertex -0.795495128834858 -3.15764265838459 -2.59086251468593
    vertex -0.5625 -3.33487642747157 -2.58818895203452
  endloop
endfacet
facet normal -1.42100896774504e-015 0.0150832345599 0.999886241547113
  outer loop
    vertex -0.749533188057734 -3.11207911221057 -2.59154983852915
    vertex -0.5625 -3.33487642747157 -2.58818895203452
    vertex -0.52999999999999 -3.27907270797253 -2.58903074838648
  endloop
endfacet
facet normal -1.42100896774504e-015 0.0150832345599 0.999886241547113
  outer loop
    vertex -0.52999999999999 -3.27907270797253 -2.58903074838648
    vertex -0.5625 -3.33487642747157 -2.58818895203452
    vertex -0.291171425740329 -3.44629023237648 -2.5865082802913
  endloop
endfacet
facet normal -1.42100896774504e-015 0.0150832345599 0.999886241547113
  outer loop
    vertex -0.52999999999999 -3.27907270797253 -2.58903074838648
    vertex -0.291171425740329 -3.44629023237648 -2.5865082802913
    vertex -0.274348187808664 -3.38404927081626 -2.58744718212177
  endloop
endfacet
facet normal -1.42100896774504e-015 0.0150832345599 0.999886241547113
  outer loop
    vertex -0.274348187808664 -3.38404927081626 -2.58744718212177
    vertex -0.291171425740329 -3.44629023237648 -2.5865082802913
    vertex 3.5527136788005e-015 -3.48429140641505 -2.58593503445816
  endloop
endfacet
facet normal -1.42100896774504e-015 0.0150832345599 0.999886241547113
  outer loop
    vertex -0.274348187808664 -3.38404927081626 -2.58744718212177
    vertex 3.5527136788005e-015 -3.48429140641505 -2.58593503445816
    vertex 3.5527136788005e-015 -3.41985482146594 -2.58690705715899
  endloop
endfacet
facet normal -1.42100896774504e-015 0.0150832345599 0.999886241547113
  outer loop
    vertex 3.5527136788005e-015 -3.41985482146594 -2.58690705715899
    vertex 3.5527136788005e-015 -3.48429140641505 -2.58593503445816
    vertex 0.291171425740345 -3.44629023237648 -2.5865082802913
  endloop
endfacet
facet normal -1.42100896774504e-015 0.0150832345599 0.999886241547113
  outer loop
    vertex 3.5527136788005e-015 -3.41985482146594 -2.58690705715899
    vertex 0.291171425740345 -3.44629023237648 -2.5865082802913
    vertex 0.274348187808681 -3.38404927081626 -2.58744718212176
  endloop
endfacet
facet normal -1.42100896774504e-015 0.0150832345599 0.999886241547113
  outer loop
    vertex 0.274348187808681 -3.38404927081626 -2.58744718212176
    vertex 0.291171425740345 -3.44629023237648 -2.5865082802913
    vertex 0.530000000000005 -3.27907270797253 -2.58903074838649
  endloop
endfacet
facet normal -1.42100896774504e-015 0.0150832345599 0.999886241547113
  outer loop
    vertex 0.530000000000005 -3.27907270797253 -2.58903074838649
    vertex 0.291171425740345 -3.44629023237648 -2.5865082802913
    vertex 0.562500000000003 -3.33487642747157 -2.58818895203451
  endloop
endfacet
facet normal -1.42100896774504e-015 0.0150832345599 0.999886241547113
  outer loop
    vertex 0.530000000000005 -3.27907270797253 -2.58903074838649
    vertex 0.562500000000003 -3.33487642747157 -2.58818895203451
    vertex 0.749533188057743 -3.11207911221057 -2.59154983852916
  endloop
endfacet
facet normal -1.42100896774504e-015 0.0150832345599 0.999886241547113
  outer loop
    vertex 0.749533188057743 -3.11207911221057 -2.59154983852916
    vertex 0.562500000000003 -3.33487642747157 -2.58818895203451
    vertex 0.795495128834868 -3.15764265838459 -2.59086251468593
  endloop
endfacet
facet normal -1.42100896774504e-015 0.0150832345599 0.999886241547113
  outer loop
    vertex 0.749533188057743 -3.11207911221057 -2.59154983852916
    vertex 0.795495128834868 -3.15764265838459 -2.59086251468593
    vertex 0.917986928011515 -2.8944488211116 -2.59483278071956
  endloop
endfacet
facet normal -1.42100896774504e-015 0.0150832345599 0.999886241547113
  outer loop
    vertex 0.917986928011515 -2.8944488211116 -2.59483278071956
    vertex 0.795495128834868 -3.15764265838459 -2.59086251468593
    vertex 0.974278579257504 -2.92666711358616 -2.59434676936914
  endloop
endfacet
facet normal -1.42100896774504e-015 0.0150832345599 0.999886241547113
  outer loop
    vertex 0.917986928011515 -2.8944488211116 -2.59483278071956
    vertex 0.974278579257504 -2.92666711358616 -2.59434676936914
    vertex 1.02388137586641 -2.64101297936296 -2.59865584787274
  endloop
endfacet
facet normal -1.42100896774504e-015 0.0150832345599 0.999886241547113
  outer loop
    vertex 1.02388137586641 -2.64101297936296 -2.59865584787274
    vertex 0.974278579257504 -2.92666711358616 -2.59434676936914
    vertex 1.08666655457521 -2.65769039474915 -2.59840426988549
  endloop
endfacet
facet normal -1.42100896774504e-015 0.0150832345599 0.999886241547113
  outer loop
    vertex 1.02388137586641 -2.64101297936296 -2.59865584787274
    vertex 1.08666655457521 -2.65769039474915 -2.59840426988549
    vertex 1.06 -2.36904282075726 -2.60275850428014
  endloop
endfacet
facet normal -1.42100896774504e-015 0.0150832345599 0.999886241547113
  outer loop
    vertex 1.06 -2.36904282075726 -2.60275850428014
    vertex 1.08666655457521 -2.65769039474915 -2.59840426988549
    vertex 1.0866665545752 -2.08039524676538 -2.60711273867478
  endloop
endfacet
facet normal -1.42100896774504e-015 0.0150832345599 0.999886241547113
  outer loop
    vertex 1.0866665545752 -2.08039524676538 -2.60711273867478
    vertex 1.08666655457521 -2.65769039474915 -2.59840426988549
    vertex 1.12500000000001 -2.36904282075726 -2.60275850428014
  endloop
endfacet
facet normal -1.42100896774504e-015 0.0150832345599 0.999886241547113
  outer loop
    vertex -1.08666655457519 -2.08039524676538 -2.60711273867477
    vertex -1.02388137586641 -2.09707266215158 -2.60686116068752
    vertex -0.974278579257493 -1.81141852792837 -2.61117023919113
  endloop
endfacet
facet normal -1.42100896774504e-015 0.0150832345599 0.999886241547113
  outer loop
    vertex -1.02388137586641 -2.09707266215158 -2.60686116068752
    vertex -1.08666655457519 -2.08039524676538 -2.60711273867477
    vertex -1.05999999999999 -2.36904282075726 -2.60275850428014
  endloop
endfacet
facet normal -1.42100896774504e-015 0.0150832345599 0.999886241547113
  outer loop
    vertex -0.974278579257493 -1.81141852792837 -2.61117023919113
    vertex -1.02388137586641 -2.09707266215158 -2.60686116068752
    vertex -0.917986928011503 -1.84363682040293 -2.61068422784073
  endloop
endfacet
facet normal -1.42100896774504e-015 0.0150832345599 0.999886241547113
  outer loop
    vertex -0.974278579257493 -1.81141852792837 -2.61117023919113
    vertex -0.917986928011503 -1.84363682040293 -2.61068422784073
    vertex -0.795495128834861 -1.58044298312994 -2.61465449387434
  endloop
endfacet
facet normal -1.42100896774504e-015 0.0150832345599 0.999886241547113
  outer loop
    vertex -0.795495128834861 -1.58044298312994 -2.61465449387434
    vertex -0.917986928011503 -1.84363682040293 -2.61068422784073
    vertex -0.749533188057736 -1.62600652930396 -2.61396717003112
  endloop
endfacet
facet normal -1.42100896774504e-015 0.0150832345599 0.999886241547113
  outer loop
    vertex -0.795495128834861 -1.58044298312994 -2.61465449387434
    vertex -0.749533188057736 -1.62600652930396 -2.61396717003112
    vertex -0.562499999999998 -1.40320921404295 -2.61732805652577
  endloop
endfacet
facet normal -1.42100896774504e-015 0.0150832345599 0.999886241547113
  outer loop
    vertex -0.562499999999998 -1.40320921404295 -2.61732805652577
    vertex -0.749533188057736 -1.62600652930396 -2.61396717003112
    vertex -0.52999999999999 -1.459012933542 -2.6164862601738
  endloop
endfacet
facet normal -1.42100896774504e-015 0.0150832345599 0.999886241547113
  outer loop
    vertex -0.562499999999998 -1.40320921404295 -2.61732805652577
    vertex -0.52999999999999 -1.459012933542 -2.6164862601738
    vertex -0.291171425740327 -1.29179540913805 -2.61900872826897
  endloop
endfacet
facet normal -1.42100896774504e-015 0.0150832345599 0.999886241547113
  outer loop
    vertex -0.291171425740327 -1.29179540913805 -2.61900872826897
    vertex -0.52999999999999 -1.459012933542 -2.6164862601738
    vertex -0.27434818780867 -1.35403637069827 -2.61806982643851
  endloop
endfacet
facet normal -1.42100896774504e-015 0.0150832345599 0.999886241547113
  outer loop
    vertex -0.291171425740327 -1.29179540913805 -2.61900872826897
    vertex -0.27434818780867 -1.35403637069827 -2.61806982643851
    vertex 0.0 -1.27262485183985 -2.6192979151788
  endloop
endfacet
facet normal -1.42100896774504e-015 0.0150832345599 0.999886241547113
  outer loop
    vertex 0.0 -1.27262485183985 -2.6192979151788
    vertex -0.27434818780867 -1.35403637069827 -2.61806982643851
    vertex 1.06581410364015e-014 -1.31823082004859 -2.61860995140128
  endloop
endfacet
facet normal -1.42100896774504e-015 0.0150832345599 0.999886241547113
  outer loop
    vertex 0.0 -1.27262485183985 -2.6192979151788
    vertex 1.06581410364015e-014 -1.31823082004859 -2.61860995140128
    vertex 0.291171425740349 -1.29179540913805 -2.61900872826897
  endloop
endfacet
facet normal -1.42100896774504e-015 0.0150832345599 0.999886241547113
  outer loop
    vertex 0.291171425740349 -1.29179540913805 -2.61900872826897
    vertex 1.06581410364015e-014 -1.31823082004859 -2.61860995140128
    vertex 0.274348187808678 -1.35403637069827 -2.61806982643851
  endloop
endfacet
facet normal -1.42100896774504e-015 0.0150832345599 0.999886241547113
  outer loop
    vertex 0.291171425740349 -1.29179540913805 -2.61900872826897
    vertex 0.274348187808678 -1.35403637069827 -2.61806982643851
    vertex 0.530000000000002 -1.459012933542 -2.6164862601738
  endloop
endfacet
facet normal -1.42100896774504e-015 0.0150832345599 0.999886241547113
  outer loop
    vertex 0.291171425740349 -1.29179540913805 -2.61900872826897
    vertex 0.530000000000002 -1.459012933542 -2.6164862601738
    vertex 0.562500000000003 -1.40320921404295 -2.61732805652576
  endloop
endfacet
facet normal -1.42100896774504e-015 0.0150832345599 0.999886241547113
  outer loop
    vertex 0.562500000000003 -1.40320921404295 -2.61732805652576
    vertex 0.530000000000002 -1.459012933542 -2.6164862601738
    vertex 0.749533188057746 -1.62600652930396 -2.61396717003113
  endloop
endfacet
facet normal -1.42100896774504e-015 0.0150832345599 0.999886241547113
  outer loop
    vertex 0.562500000000003 -1.40320921404295 -2.61732805652576
    vertex 0.749533188057746 -1.62600652930396 -2.61396717003113
    vertex 0.795495128834868 -1.58044298312994 -2.61465449387434
  endloop
endfacet
facet normal -1.42100896774504e-015 0.0150832345599 0.999886241547113
  outer loop
    vertex 0.795495128834868 -1.58044298312994 -2.61465449387434
    vertex 0.749533188057746 -1.62600652930396 -2.61396717003113
    vertex 0.917986928011515 -1.84363682040293 -2.61068422784071
  endloop
endfacet
facet normal -1.42100896774504e-015 0.0150832345599 0.999886241547113
  outer loop
    vertex 0.795495128834868 -1.58044298312994 -2.61465449387434
    vertex 0.917986928011515 -1.84363682040293 -2.61068422784071
    vertex 0.974278579257493 -1.81141852792837 -2.61117023919113
  endloop
endfacet
facet normal -1.42100896774504e-015 0.0150832345599 0.999886241547113
  outer loop
    vertex 0.974278579257493 -1.81141852792837 -2.61117023919113
    vertex 0.917986928011515 -1.84363682040293 -2.61068422784071
    vertex 1.02388137586642 -2.09707266215158 -2.60686116068753
  endloop
endfacet
facet normal -1.42100896774504e-015 0.0150832345599 0.999886241547113
  outer loop
    vertex 0.974278579257493 -1.81141852792837 -2.61117023919113
    vertex 1.02388137586642 -2.09707266215158 -2.60686116068753
    vertex 1.0866665545752 -2.08039524676538 -2.60711273867478
  endloop
endfacet
facet normal -1.42100896774504e-015 0.0150832345599 0.999886241547113
  outer loop
    vertex 1.0866665545752 -2.08039524676538 -2.60711273867478
    vertex 1.02388137586642 -2.09707266215158 -2.60686116068753
    vertex 1.06 -2.36904282075726 -2.60275850428014
  endloop
endfacet
facet normal -0.790817609882245 -0.61198225726474 0.00923172211924581
  outer loop
    vertex -0.749533188057736 -3.08945426037072 -1.09172047620848
    vertex -0.917986928011503 -2.8944488211116 -2.59483278071956
    vertex -0.749533188057734 -3.11207911221057 -2.59154983852915
  endloop
endfacet
facet normal -0.790817609882245 -0.61198225726474 0.00923172211924581
  outer loop
    vertex -0.917986928011503 -2.8944488211116 -2.59483278071956
    vertex -0.749533188057736 -3.08945426037072 -1.09172047620848
    vertex -0.917986928011505 -2.87182396927175 -1.09500341839889
  endloop
endfacet
facet normal -0.605467813125949 -0.795779255994836 0.0120042907656175
  outer loop
    vertex -0.52999999999999 -3.27907270797253 -2.58903074838648
    vertex -0.749533188057736 -3.08945426037072 -1.09172047620848
    vertex -0.749533188057734 -3.11207911221057 -2.59154983852915
  endloop
endfacet
facet normal -0.605467813125949 -0.795779255994836 0.0120042907656175
  outer loop
    vertex -0.749533188057736 -3.08945426037072 -1.09172047620848
    vertex -0.52999999999999 -3.27907270797253 -2.58903074838648
    vertex -0.529999999999992 -3.25644785613268 -1.08920138606581
  endloop
endfacet
facet normal -0.379883727958463 -0.924929013892091 0.0139525084835699
  outer loop
    vertex -0.274348187808664 -3.38404927081626 -2.58744718212177
    vertex -0.529999999999992 -3.25644785613268 -1.08920138606581
    vertex -0.52999999999999 -3.27907270797253 -2.58903074838648
  endloop
endfacet
facet normal -0.379883727958463 -0.924929013892091 0.0139525084835699
  outer loop
    vertex -0.529999999999992 -3.25644785613268 -1.08920138606581
    vertex -0.274348187808664 -3.38404927081626 -2.58744718212177
    vertex -0.274348187808666 -3.36142441897641 -1.0876178198011
  endloop
endfacet
facet normal -0.129428307995564 -0.991475980646937 0.014956366189683
  outer loop
    vertex 3.5527136788005e-015 -3.41985482146594 -2.58690705715899
    vertex -0.274348187808666 -3.36142441897641 -1.0876178198011
    vertex -0.274348187808664 -3.38404927081626 -2.58744718212177
  endloop
endfacet
facet normal -0.129428307995564 -0.991475980646937 0.014956366189683
  outer loop
    vertex -0.274348187808666 -3.36142441897641 -1.0876178198011
    vertex 3.5527136788005e-015 -3.41985482146594 -2.58690705715899
    vertex 1.77635683940025e-015 -3.39722996962609 -1.08707769483832
  endloop
endfacet
facet normal 0.129428307995559 -0.991475980646938 0.0149563661896834
  outer loop
    vertex 0.27434818780868 -3.36142441897641 -1.08761781980109
    vertex 3.5527136788005e-015 -3.41985482146594 -2.58690705715899
    vertex 0.274348187808681 -3.38404927081626 -2.58744718212176
  endloop
endfacet
facet normal 0.129428307995559 -0.991475980646938 0.0149563661896834
  outer loop
    vertex 3.5527136788005e-015 -3.41985482146594 -2.58690705715899
    vertex 0.27434818780868 -3.36142441897641 -1.08761781980109
    vertex 1.77635683940025e-015 -3.39722996962609 -1.08707769483832
  endloop
endfacet
facet normal 0.379883727958467 -0.924929013892089 0.0139525084835709
  outer loop
    vertex 0.530000000000003 -3.25644785613268 -1.08920138606582
    vertex 0.274348187808681 -3.38404927081626 -2.58744718212176
    vertex 0.530000000000005 -3.27907270797253 -2.58903074838649
  endloop
endfacet
facet normal 0.379883727958467 -0.924929013892089 0.0139525084835709
  outer loop
    vertex 0.274348187808681 -3.38404927081626 -2.58744718212176
    vertex 0.530000000000003 -3.25644785613268 -1.08920138606582
    vertex 0.27434818780868 -3.36142441897641 -1.08761781980109
  endloop
endfacet
facet normal 0.60546781312596 -0.795779255994828 0.0120042907656191
  outer loop
    vertex 0.749533188057741 -3.08945426037072 -1.09172047620849
    vertex 0.530000000000005 -3.27907270797253 -2.58903074838649
    vertex 0.749533188057743 -3.11207911221057 -2.59154983852916
  endloop
endfacet
facet normal 0.60546781312596 -0.795779255994828 0.0120042907656191
  outer loop
    vertex 0.530000000000005 -3.27907270797253 -2.58903074838649
    vertex 0.749533188057741 -3.08945426037072 -1.09172047620849
    vertex 0.530000000000003 -3.25644785613268 -1.08920138606582
  endloop
endfacet
facet normal 0.790817609882236 -0.611982257264751 0.00923172211924822
  outer loop
    vertex 0.917986928011515 -2.8944488211116 -2.59483278071956
    vertex 0.749533188057741 -3.08945426037072 -1.09172047620849
    vertex 0.749533188057743 -3.11207911221057 -2.59154983852916
  endloop
endfacet
facet normal 0.790817609882236 -0.611982257264751 0.00923172211924822
  outer loop
    vertex 0.749533188057741 -3.08945426037072 -1.09172047620849
    vertex 0.917986928011515 -2.8944488211116 -2.59483278071956
    vertex 0.917986928011513 -2.87182396927175 -1.09500341839889
  endloop
endfacet
facet normal 0.92270923287553 -0.3854528022103 0.00581453648018425
  outer loop
    vertex 1.02388137586641 -2.64101297936296 -2.59865584787274
    vertex 0.917986928011513 -2.87182396927175 -1.09500341839889
    vertex 0.917986928011515 -2.8944488211116 -2.59483278071956
  endloop
endfacet
facet normal 0.92270923287553 -0.3854528022103 0.00581453648018425
  outer loop
    vertex 0.917986928011513 -2.87182396927175 -1.09500341839889
    vertex 1.02388137586641 -2.64101297936296 -2.59865584787274
    vertex 1.02388137586641 -2.61838812752311 -1.09882648555207
  endloop
endfacet
facet normal 0.991298510290024 -0.131618089469629 0.0019854523777885
  outer loop
    vertex 1.06 -2.36904282075726 -2.60275850428014
    vertex 1.02388137586641 -2.61838812752311 -1.09882648555207
    vertex 1.02388137586641 -2.64101297936296 -2.59865584787274
  endloop
endfacet
facet normal 0.991298510290024 -0.131618089469629 0.0019854523777885
  outer loop
    vertex 1.02388137586641 -2.61838812752311 -1.09882648555207
    vertex 1.06 -2.36904282075726 -2.60275850428014
    vertex 1.06 -2.34641796891741 -1.10292914195947
  endloop
endfacet
facet normal 0.991298510290028 0.131618089469593 -0.00198545237778515
  outer loop
    vertex 1.02388137586642 -2.09707266215158 -2.60686116068753
    vertex 1.06 -2.34641796891741 -1.10292914195947
    vertex 1.06 -2.36904282075726 -2.60275850428014
  endloop
endfacet
facet normal 0.991298510290028 0.131618089469593 -0.00198545237778515
  outer loop
    vertex 1.06 -2.34641796891741 -1.10292914195947
    vertex 1.02388137586642 -2.09707266215158 -2.60686116068753
    vertex 1.02388137586642 -2.07444781031173 -1.10703179836686
  endloop
endfacet
facet normal -0.605467813125962 -0.795779255994827 0.0120042907656173
  outer loop
    vertex 0.795495128834868 -1.58044298312994 -2.61465449387434
    vertex 0.562500000000001 -1.3805843622031 -1.1174986942051
    vertex 0.562500000000003 -1.40320921404295 -2.61732805652576
  endloop
endfacet
facet normal -0.605467813125962 -0.795779255994827 0.0120042907656173
  outer loop
    vertex 0.562500000000001 -1.3805843622031 -1.1174986942051
    vertex 0.795495128834868 -1.58044298312994 -2.61465449387434
    vertex 0.795495128834866 -1.55781813129009 -1.11482513155367
  endloop
endfacet
facet normal -0.790817609882257 -0.611982257264725 0.00923172211924558
  outer loop
    vertex 0.974278579257491 -1.78879367608852 -1.11134087687046
    vertex 0.795495128834868 -1.58044298312994 -2.61465449387434
    vertex 0.974278579257493 -1.81141852792837 -2.61117023919113
  endloop
endfacet
facet normal -0.790817609882257 -0.611982257264725 0.00923172211924558
  outer loop
    vertex 0.795495128834868 -1.58044298312994 -2.61465449387434
    vertex 0.974278579257491 -1.78879367608852 -1.11134087687046
    vertex 0.795495128834866 -1.55781813129009 -1.11482513155367
  endloop
endfacet
facet normal -0.922709232875517 -0.385452802210329 0.00581453648018208
  outer loop
    vertex 1.0866665545752 -2.05777039492553 -1.10728337635411
    vertex 0.974278579257493 -1.81141852792837 -2.61117023919113
    vertex 1.0866665545752 -2.08039524676538 -2.60711273867478
  endloop
endfacet
facet normal -0.922709232875517 -0.385452802210329 0.00581453648018208
  outer loop
    vertex 0.974278579257493 -1.81141852792837 -2.61117023919113
    vertex 1.0866665545752 -2.05777039492553 -1.10728337635411
    vertex 0.974278579257491 -1.78879367608852 -1.11134087687046
  endloop
endfacet
facet normal -0.991298510290022 -0.131618089469646 0.00198545237778595
  outer loop
    vertex 1.125 -2.34641796891741 -1.10292914195947
    vertex 1.0866665545752 -2.08039524676538 -2.60711273867478
    vertex 1.12500000000001 -2.36904282075726 -2.60275850428014
  endloop
endfacet
facet normal -0.991298510290022 -0.131618089469646 0.00198545237778595
  outer loop
    vertex 1.0866665545752 -2.08039524676538 -2.60711273867478
    vertex 1.125 -2.34641796891741 -1.10292914195947
    vertex 1.0866665545752 -2.05777039492553 -1.10728337635411
  endloop
endfacet
facet normal -0.991298510290023 0.131618089469632 -0.00198545237778855
  outer loop
    vertex 1.0866665545752 -2.6350655429093 -1.09857490756482
    vertex 1.12500000000001 -2.36904282075726 -2.60275850428014
    vertex 1.08666655457521 -2.65769039474915 -2.59840426988549
  endloop
endfacet
facet normal -0.991298510290023 0.131618089469632 -0.00198545237778855
  outer loop
    vertex 1.12500000000001 -2.36904282075726 -2.60275850428014
    vertex 1.0866665545752 -2.6350655429093 -1.09857490756482
    vertex 1.125 -2.34641796891741 -1.10292914195947
  endloop
endfacet
facet normal -0.60384808163024 -0.283667388604738 0.744916308690881
  outer loop
    vertex 0.79549512883487 -1.25 -0.778504144339055
    vertex 0.562500000000004 -1.30619398765886 -0.98877483043246
    vertex 0.79549512883487 -1.39558571287017 -0.833943820590226
  endloop
endfacet
facet normal -0.548465670433958 -0.423589237752931 0.72094213777204
  outer loop
    vertex 0.79549512883487 -1.25 -0.778504144339055
    vertex 0.562500000000008 -1.25 -0.955758077559234
    vertex 0.562500000000004 -1.30619398765886 -0.98877483043246
  endloop
endfacet
facet normal -0.922709232875524 0.385452802210313 -0.00581453648018445
  outer loop
    vertex 0.974278579257502 -2.90404226174631 -1.09451740704848
    vertex 1.08666655457521 -2.65769039474915 -2.59840426988549
    vertex 0.974278579257504 -2.92666711358616 -2.59434676936914
  endloop
endfacet
facet normal -0.922709232875524 0.385452802210313 -0.00581453648018445
  outer loop
    vertex 1.08666655457521 -2.65769039474915 -2.59840426988549
    vertex 0.974278579257502 -2.90404226174631 -1.09451740704848
    vertex 1.0866665545752 -2.6350655429093 -1.09857490756482
  endloop
endfacet
facet normal -0.790817609882238 0.611982257264748 -0.00923172211924818
  outer loop
    vertex 0.795495128834866 -3.13501780654474 -1.09103315236526
    vertex 0.974278579257504 -2.92666711358616 -2.59434676936914
    vertex 0.795495128834868 -3.15764265838459 -2.59086251468593
  endloop
endfacet
facet normal -0.790817609882238 0.611982257264748 -0.00923172211924818
  outer loop
    vertex 0.974278579257504 -2.92666711358616 -2.59434676936914
    vertex 0.795495128834866 -3.13501780654474 -1.09103315236526
    vertex 0.974278579257502 -2.90404226174631 -1.09451740704848
  endloop
endfacet
facet normal 0.0328509662492216 -0.864702528345824 0.501208890073622
  outer loop
    vertex -0.29117142574033 -1.25 -1.08610567213749
    vertex -0.291171425740329 -1.2691705572982 -1.1191793659483
    vertex -1.77635683940025e-015 -1.25 -1.10519005565337
  endloop
endfacet
facet normal -4.5887045902219e-015 -1.0 2.34705636555402e-014
  outer loop
    vertex 0.291171425740337 -1.25 -1.0671845581682
    vertex -1.77635683940025e-015 -1.25 -1.10519005565337
    vertex 0.291171425740344 -1.25 -1.08610567213749
  endloop
endfacet
facet normal -0.0573656940905029 -0.863744760885914 0.500653737810525
  outer loop
    vertex 0.291171425740344 -1.25 -1.08610567213749
    vertex -1.77635683940025e-015 -1.25 -1.11946855285813
    vertex 0.291171425740347 -1.2691705572982 -1.1191793659483
  endloop
endfacet
facet normal 0.0656971792661895 -0.99783960666856 1.46696512298861e-016
  outer loop
    vertex -1.77635683940025e-015 -1.25 -1.10519005565337
    vertex -0.291171425740329 -1.2691705572982 -1.1191793659483
    vertex -1.77635683940025e-015 -1.25 -1.11946855285813
  endloop
endfacet
facet normal -0.795795878678945 -0.184401155542191 0.57680597544782
  outer loop
    vertex 0.79549512883487 -1.25 -0.778504144339055
    vertex 0.79549512883487 -1.39558571287017 -0.833943820590226
    vertex 0.795495128834873 -1.32536071037126 -0.804855672137492
  endloop
endfacet
facet normal -0.374844978054308 -0.500671483954664 0.780268740615757
  outer loop
    vertex 0.562500000000008 -1.25 -0.955758077559234
    vertex 0.291171425740344 -1.25 -1.08610567213749
    vertex 0.562500000000004 -1.30619398765886 -0.98877483043246
  endloop
endfacet
facet normal 0.130526192220025 0.495722430686906 -0.858616436401264
  outer loop
    vertex 1.77635683940025e-015 -2.3558332772876 0.829253748825034
    vertex -0.291171425740334 -2.7867785792575 0.450672907120005
    vertex -0.291171425740339 -2.33666655457521 0.79605601127258
  endloop
endfacet
facet normal 0.256147077833381 0.683516157276994 -0.683516157276996
  outer loop
    vertex -0.291171425740334 -2.7867785792575 0.450672907120005
    vertex 1.77635683940025e-015 -2.3558332772876 0.829253748825034
    vertex 0.0 -2.81388441846361 0.477778746326117
  endloop
endfacet
facet normal -0.256136952106776 0.250200280592743 -0.933698924363075
  outer loop
    vertex 0.29117142574034 -1.81250000000001 1.01317290712
    vertex 1.77635683940025e-015 -2.3558332772876 0.829253748825034
    vertex 0.0 -1.82242142574034 1.05020017206645
  endloop
endfacet
facet normal -0.130526192220046 0.495722430686902 -0.858616436401264
  outer loop
    vertex 1.77635683940025e-015 -2.3558332772876 0.829253748825034
    vertex 0.29117142574034 -1.81250000000001 1.01317290712
    vertex 0.291171425740337 -2.33666655457521 0.796056011272571
  endloop
endfacet
facet normal 0.256136952106784 0.250200280592736 -0.933698924363075
  outer loop
    vertex -0.291171425740332 -1.81250000000001 1.01317290712001
    vertex 1.77635683940025e-015 -2.3558332772876 0.829253748825034
    vertex -0.291171425740339 -2.33666655457521 0.79605601127258
  endloop
endfacet
facet normal 0.130526192220025 0.495722430686906 -0.858616436401264
  outer loop
    vertex 1.77635683940025e-015 -2.3558332772876 0.829253748825034
    vertex -0.291171425740332 -1.81250000000001 1.01317290712001
    vertex 0.0 -1.82242142574034 1.05020017206645
  endloop
endfacet
facet normal 0.25284599550824 0.127026762099602 -0.959131432216637
  outer loop
    vertex -0.291316592797279 -1.25 1.0872083254073
    vertex -0.562499999999989 -1.78341185154727 0.904614459196284
    vertex -0.562500000000002 -1.25 0.976128904343588
  endloop
endfacet
endsolid 12-12177
