:020000040000FA
:10000000FFFFFFFF5599AA660C000180000000E089
:100010000C800680000000280C8004800001FCB4E5
:100020000C000380000000000C0001800000009024
:100030000C000480000000000C0001800000008023
:100040000C0002000A00F3AE00480C0000000000A3
:1000500000000000000000000000000000000000A0
:100060000000000000000000000000000000000090
:100070000000000000000000000000000000000080
:100080000000000000000000000000000000000070
:1000900000000220010000000000000000480C00E9
:1000A0000000000000000000000000000000000050
:1000B0000000000000000000000000000000000040
:1000C0000000000000000000000000000000000030
:1000D0000000000000000000000000000000000020
:1000E00000000000000002200100000000000000ED
:1000F000FF530500000000000000000000000000A9
:1001000000000000000000000000000000000000EF
:1001100000000000000000000000000000000000DF
:1001200000000000000000000000000000000000CF
:1001300000000000000000000000FC4F050000006F
:100140000000000000400C00000000000000000063
:10015000000000000000000000000000000000009F
:10016000000000000000000000000000000000008F
:10017000000000000000000000000000000000007F
:1001800000000000000000000000000000800200ED
:100190000300000000000000FF5B01000000000001
:1001A000000000000000000000000000000000004F
:1001B000000000000000000000000000000000003F
:1001C000000000000000000000000000000000002F
:1001D000000000000000000000000000000000001F
:1001E0000000FC4F0D00000000000000FF5B01005C
:1001F00000000000000000000000000000000000FF
:1002000000000000000000000000000000000000EE
:1002100000000000000000000000000000000000DE
:1002200000000000000000000000000000000000CE
:10023000000000000000FC4F05000000000000006E
:100240000048000000000000000000000000000066
:10025000000000000000000000000000000000009E
:10026000000000000000000000000000000000008E
:10027000000000000000000000000000000000007E
:100280000000000000000000000000200500000049
:1002900000000000FF48002800A0008002000A00C3
:1002A0002800A00080020008002800A000800200B2
:1002B00002002800A0008002000A002800A00080A0
:1002C00002000A000800A0008000000A002000A030
:1002D000008002000A002800A00080000002FC2329
:1002E000090000000000000003A00B04EF14EC0361
:1002F000B01FC07F00FF01FC07F01FC07F00FF019F
:10030000FE07F01FC07F003F41FE07F003C06E20D4
:1003100033019C073213906800BF01EC05B013C095
:100320006D003F01BC063413C05B00FB01FC07F00D
:100330001FC00F000E000000000000000118470061
:1003400051034407101D407700DD017407D01D40A4
:100350007700DD017407D01D4077001D017407D0C0
:10036000B1C02409D101440710114064089D014423
:10037000071219C065101D4174865419C05700DD5D
:10038000017407D01D4007600C0000000000000051
:1003900010A02300C9006403900C403300CD00344A
:1003A00003D00C403300CD003403D00C4033008D1B
:1003B000003003C00042070C1580548350014031C7
:1003C000201520460390084A01000D2074025400B5
:1003D000443380CD003403D00C4043800E00000035
:1003E0000000000003A04500D1014406100D403775
:1003F00000DD007403D00D403700DD007403D00D24
:100400004037201D017403D01140B70155004463EB
:1004100012854014329901400B10194045001D010E
:10042000740F5411405700DD007403D00D000F000D
:10043000060000000000000002A81701DB036C0F9B
:10044000B00DC03700DF007C03F00DC03700DF00C7
:100450007403D00DC037001F137403F011C0A34004
:10046000D7825C067221C8E50487036D04B019E1E8
:1004700065001F817C067431C15708DB207C03F0C6
:100480000DC00B200E0000000000000005800D00D4
:100490006B10F403F00FC03F00FF00FC03F00FC02F
:1004A0003F00FF00FC03F00FC03F007F00FC03F0A3
:1004B00001C06C20FB29FC03F013C07E00BF00FCD0
:1004C0000FF00BE00F1CBF00FC03F20BC01D00FF80
:1004D00000FC03F00FC01700060000000000000041
:1004E00003083503DF227C03F00DC03700DF007CFA
:1004F00003F00DC03700DF007C83F00DC037009F94
:10050000807C03F005C0E500D7024C0B3021C037DA
:10051000101F005C997009C227009F007C0A30C13F
:10052000C01703D3007C03F00DC00F2004000000AF
:100530000000000013A0400051000C03D00D403714
:1005400000DD007403D00D403700DD007403D00DD2
:10055000403700DC806403D004003400C1002C0F5D
:10056000101440F7029101040B10594007089D290F
:1005700034371019445700D5007403D00D404F0094
:1005800002000000000000000300C2004503140345
:10059000D20C423300CD003403D00C403300CD00E8
:1005A0003403D00C4033000D003403D01040210040
:1005B0000400041314904063808500142B50684499
:1005C00061820C013408001040D300C9003403D00C
:1005D0000C400F00080000000000000006087A022E
:1005E00061018407D01E407B00ED01B407D01E409E
:1005F0007B00ED01B407D01E407B002D21B407DA4B
:1006000092407C023121E4071016486F05A1119435
:1006100005101A006B00AD21F406181A405F00EDBA
:1006200001B407D01E401B2008000000000000009D
:1006300012102200C7141C01F20CC23300CF003C80
:1006400003F00CC03300CF003C03F00C4033008FAC
:10065000003C03F020C1210007000C433060C03390
:100660000087001C037008C08300CF123C0330C019
:10067000C02300CB003C03F00CC04B40080000003E
:100680000000000002A83D08B700FC23F00FC03FA7
:1006900000FF00FC03F00FC03F00FF00FC03F00F61
:1006A000C03F00BF00EC03F003C23B002F00FC037F
:1006B000F007C03F01E3008C23F20FC00F02FF08D8
:1006C000FC03F48FC00F00F700FC03F00FC00B20F9
:1006D000060000000000000010A017005300DD031A
:1006E000F00DC03700DF007C03F00DC03700DF00E5
:1006F0007C03F00DC037005F014C03F205C02540BC
:10070000D7006C05721104220093005C03F019C03D
:1007100026001F014C033101C00620DF407C03F09E
:100720000DC043000E00000000000000139831408F
:100730006100AC03D00E403B00ED00B403D00E408E
:100740003B00ED00B403D00E403B006D008C03D0A5
:1007500006402C00E100B4031206422800E1208488
:1007600083D00E423A00ED008403100E401B20EDB2
:1007700000B403D00E404F600600000000000000EF
:100780000400790041018405D01E407B00ED01B4D6
:1007900007D01E407B00ED01B407D01E407B00FD5A
:1007A00001A407D016406900E521E40F5013427BF5
:1007B00000A1019407D03B40DB00FD01C6071012E9
:1007C000405B00ED01B407D01E40130004000000A0
:1007D0000000000016207300410A2423D00C40338F
:1007E00000CD003403D00C403300CD003403D00CD6
:1007F000403310CD020403D01C48F40AC108348FE2
:10080000100C407121C1000407D22C42D380CD02CC
:10081000050F141C48D300CD003403D00C405B00FE
:100820000C0000000000000017A81F047320C40182
:10083000F005C017005F007C01F005C017005F00E5
:100840007C01F005C017007F116C01F057C09D00BE
:100850006703EC017087C05B416301DCE5D017C41E
:100860001F007F24CCA13837C01E005F007C01F040
:1008700005C05F200E00000000000000128001286B
:100880001F066400F001C007001F007C00F001C0DB
:1008900007001F007C00F001C007001F107D00E072
:1008A00031C007011F107C18F221C086001F887C10
:1008B00088F0010104081F107C20F881C107061F81
:1008C000007C00F001C04B000600000000000000AA
:1008D0001008250083804D02F009C027009F007C8E
:1008E00002F009C027009F007C02F009C027009F8A
:1008F000007C02F008C0240193004C06A05948A6D1
:100900000099084D22F049C027249E407C023009FE
:10091000C027009F007C02B009C0432004000000F3
:10092000000000000120A60091305402D0094027A9
:10093000009D007402D0094027009D007402D00978
:100940004027009D007402D0494064009B006C0E5B
:10095000D23948A7009100440ED0094027009C00DE
:10096000340216094027009D007402D00940070098
:1009700008000000000000001CA0A441D1044403B2
:10098000D0094027009D007402D0094027009D0037
:100990007402D0094027009D007602D889402400C7
:1009A000D1404412900940A600DD105402D10948FC
:1009B00027009D00740210094027009D00740290DA
:1009C000094073000200000000000000142820010C
:1009D00081041512D0084023008D003402D0084055
:1009E00023008D003402D0084023008D203602D22F
:1009F0004850200099002403D00840272095001477
:100A000002D0084023008C00740210084023008D9F
:100A1000003402D0084053A0000000000000000095
:100A20001CB0060013404C00F201C207001F007CFE
:100A300000F001C007001F007C00D0014007001F2C
:100A4000007C00F201C0840213004C00B005C00617
:100A5000001F005801F001C007001F007C0030019A
:100A6000C407001F007C00B001C073C00A00000072
:100A70000000000019A82F22BF88FC22F009C0271F
:100A8000009F007C02F009C027009F007C02F00953
:100A9000C02708AF007C02F08AC02F48BF00BC020C
:100AA000F00AC02F00AB80EC02F00AC82F00AF00A4
:100AB000BC02F00BC03F009F007C02F009C0672021
:100AC0000E0000000000000018A06F04B3014C46A7
:100AD000F009C027009F007C02F009C027009F009A
:100AE0007C02F009C027009F007C02F00BD02E6230
:100AF0009300CC02300BC02C00AF00CC02B009C078
:100B000027009F003C021209C024009F007C02F0D5
:100B100009C063000E000000000000001C189700D0
:100B200011004408D00140070019007400D00140B2
:100B300007001D007400D00100079017007400D05A
:100B4000214004001F00540010054404001D00450E
:100B500000D0054207001D0074011001C80E001DE1
:100B6000007400D0014073600C0000000000000021
:100B70001200310081020402D0084023008D0034AD
:100B800002D0084023008D003402D0084023008D9D
:100B9000003402D08848624999005602100840206B
:100BA000009D000402D00A402B00AD00F402510B5E
:100BB0004028008D003402D008404B0004000000A3
:100BC000000000001820253091804402D009402701
:100BD000009D007402D0094027009D007602D009D4
:100BE00040270095407402D0694025009D005402C2
:100BF00000194824049D004412D04B402F01BD0031
:100C0000F402502B402E099D007402D0094063006D
:100C1000040000000000000005A8274093044512CE
:100C2000F009C027009F007C02F009C027009F0048
:100C30007C82F009C027009D327C02F028C066004B
:100C40008B041C1E2018C0E40A9F104C4EB009C033
:100C5000A7149F1238067028C264009F007C02F01F
:100C600009C017200E0000000000000013802120A2
:100C70008F097C26F009C027009B007C02F009C088
:100C800027009F007C02F009C0270097807C02F0BB
:100C900009F026019F007C12F409D027109F047CE4
:100CA00006D019C027009F027C0AB449C027009FC4
:100CB000007C02F009C04F000600000000000000A8
:100CC000100885081F024D08F001C007001F007CB6
:100CD00000F001C007001F005C00F001C007001F0A
:100CE000007C00F201D006201F004D083001C087B3
:100CF000001E064C18F023C00F003F02FC003023FA
:100D0000808F001F007C00F001C043200400000021
:100D10000000000014A01C027D5B4401D0054017B8
:100D2000005D007401D0054017005D007401D0051E
:100D30004017005D007401D2B70154145D00C41562
:100D40001037405F006D02D449D1054217005D8025
:100D5000740110054017085D007401D00540530070
:100D6000020000000000000014A032008D00040307
:100D7000D00C403300CD003403D00C403300CD0004
:100D80001403D00C403380CD003403D0380064000D
:100D9000CD20241F5C6C482300CD000403D000400C
:100DA00003020D0134009000400304CD003403D051
:100DB0000C4053000A0000000000000001803800D1
:100DC000CD008403D00E403B00ED00B403D00E40B4
:100DD0003B00ED00B403D00E403B00ED00B403D067
:100DE0000B447810FD00A403502E409B00BD40949E
:100DF00003D20E403B00ED10F403900E403B00ED9B
:100E000000B403D00E4007200200000000000000E4
:100E1000111078002F818C07F01EC47B00EF01BCFD
:100E200007F01EC07B00EF019C07F01EC07B00EFA7
:100E300001BC07F01EC03A00EF01AC06701EC05B9B
:100E4000006F018C06F016C44B202F81BC04B01239
:100E5000C04B00EF01BC87F01EC0474000000000FF
:100E60000000000010B82500DF007003F00DC0374F
:100E700000DF007C03F00DC03700DF007C03F00DC5
:100E8000C03700DF007803F00CC03700CF001C0231
:100E9000B209C017005F007C02F009C03700DB40D8
:100EA0007C03740DC03700DF007C03F00DC04320CD
:100EB000060000000000000000207D00B301CC0708
:100EC000F01FC07F00FF01FC07F01FC07F00FF0183
:100ED000FC07F01FC07F00EF01CC07F01AC06C6068
:100EE000F30198057097C07F0AF601FC073213B032
:100EF0005C027F81FC242093C46F00FF01FC07F09B
:100F00001FC0030004000000000000001518390095
:100F1000E1028403D00E403B00ED00B403D00E404C
:100F20003B00ED00B403D00EC03B00ED008403D2C3
:100F30000AC02E40EB00842311A6401B20A100B460
:100F400002100EC02A00AD10B433108E421B20EDEB
:100F500000B423D00E4057600400000000000000E1
:100F600000001904A1008443D00E403B00ED00B402
:100F700003D00E403B00ED00B403D00E403B00FD1B
:100F8000008403D08B403800F100F403D006481BE6
:100F900000E500F40210074118046900F400120291
:100FA000602B04ED00B403D00E40030004000000E9
:100FB0000000000004202100C005041FD00C4033B5
:100FC00000CD003403D00C403300CD003403D00CEE
:100FD000403100CD020403C068407600C1112502F3
:100FE0009000405300C15134021A3840A0008D21B6
:100FF0003467103C419300CD003603D00C40130001
:10100000040000000000000015A8750802024D074A
:10101000F00DC03700DF007C03F00DC03700DF00AB
:101020007403F00D403700CF134C03F029D0344344
:10103000D1067C62D00D409706C711742A3439401E
:10104000642A9F00780B142D415700DF007C03F0C9
:101050000DC05720060000000000000001003721ED
:101060001F087C03F00DC03700DF007C03F00DC0CB
:101070003700DF007C03F00DC03700DF107C03F089
:1010800009C03520DF004C0A70EDC09700DF007CFE
:101090000EF025C197205F107C00F101C02700DF12
:1010A000007C03F00DC007000C00000000000000F1
:1010B0008408730113038C03300FC03F00FF00FC52
:1010C00003F00FC03F00FF00DC03F00FC03F00FF44
:1010D00000CC03F24EC07C02FB00FC02F017C01FE4
:1010E000007300CC02F00FC82F08B380FC17300F3C
:1010F000401F04F300FC03F00FC013220C0000009B
:10110000000000008520360855024503500D403789
:1011100000DD007403D00D403700DD007403D00DF6
:10112000403700DD004403900D407500D520740E5B
:10113000D0014013005B0E4C16D0214413205112F5
:10114000361C14A1456202D5007403D00D4017026D
:10115000080000000000000001A034041140440316
:10116000120D423700DD007403D00D403700DD0062
:101170007403D00D403700DD004403D02540340017
:10118000D1007446D081401705D50054065029403F
:101190003704D1805403100D403780D1007403D040
:1011A0000D40070002000000000000001028104061
:1011B00041800403500C403300CD003403D00C4078
:1011C0003300CD003403D00C403300DD0004039025
:1011D00000403100C5003602D000401700DD203449
:1011E00082D204000700000066001200400600C51D
:1011F000003403D00C4043A00000000000000000B9
:1012000000B0060013004C03320DC23700DF007C33
:1012100003F00DC03700DF007C03F00DC03700DFA6
:10122000004C03D00D403400D3007C02F001E817DD
:101230002057005C02F00CC03740D3005C03200D47
:10124000C43700D3007C03F00DC003C00A000000C7
:101250000000000005A80F007F00FC03F00FC03F56
:1012600000FF00FC03F00FC03F00FF00FC03F00F85
:10127000C03F00FF60FC03A00BC63F00EF00FC82F4
:10128000F803C01B007B408E00F003C00F003F003E
:10129000BC00F803E00F20FF00FC03F00FC0172094
:1012A0000E0000000000000003A06F023B0CED07E1
:1012B000F01FC07F00FF01FC07F01FC07F00FF018F
:1012C000FC10F01BE44C0033048E0D601FC068005E
:1012D0007914CC04B113885F002B01DC04D013C057
:1012E0004F002301DC043013C06C00F701FC07F051
:1012F0000FC00C000E0000000000000001083701C4
:10130000110E4507D01D487700DD017407D01D4040
:101310007700DD017458D019607400119C5401D01D
:101320001D407410520354041011405700950140A1
:10133000043011406708110155061015446500DDA1
:10134000017407D00F4005200C00000000000000D1
:1013500010A0270001010403D00C403300C5003465
:1013600003D00C403300CD003420C20840020001FD
:10137000001411900D44330045004486D8044014F5
:10138000105C801403D804420748598004015001BE
:10139000403000CD003603D00C4040800E000000ED
:1013A0000000000003A8050181044403D00D40376C
:1013B00000DD007403D00D403700DD007404D03927
:1013C0004076001101440DD04D4036045501548043
:1013D000903D62460C5511449390054127005900F9
:1013E0004403120540B508DD007403D00C400D2005
:1013F000060000000000000002A877005B006C03FC
:10140000F00DC03700D7007C03F00DC03700DF00BF
:101410007C84F0395056409303550D303CC1271859
:1014200057250824F0318056201B035C02F101444B
:1014300017009A400C007000C02490D7807C03F203
:101440000DC000200E0000000000000007807D405D
:101450007F01F803F00FC03F00FF00FC03F00FC056
:101460003F00FF007C01F00BC03D0C9F00FC01F031
:101470000FD07D0A4320FC04310BC01F00B340FC99
:10148000823003C03F00B700FC02F207C02F00FF0C
:1014900000F403F00FC01F00060000000000000071
:1014A000030875001F005C03F00DC03700DF007CEF
:1014B00003F00DC03600DF007C0430A9E007009F78
:1014C0008A6C09F02DCEB40117105C42F305C28579
:1014D000105B0A5D235025C01701DF004C01F001AD
:1014E000C4B700DF007C03F00DC00F200400000033
:1014F0000000000013A0900A91004403D00D423771
:1015000000DD007403D00DC03500DD00740D10B097
:101510006063009D014401B00D40D40091126C063F
:10152000D08D4002024101440FD00544B301CD8863
:10153000440BD065403700D9007403D00F404F00F2
:10154000020000000000000007A02200850D140327
:10155000D00C403300CD003403D00C403300CD001C
:10156000340210384223001D102001180C02B00074
:1015700045032400901004110805010404581800C4
:1015800082000D020114D008400300C8003403D0CB
:101590000C401F000A0000000000000006807802D6
:1015A000A1018407D01E407B00ED01B407D01E408E
:1015B0007900ED01B40F1012406B0CED01C40590E1
:1015C0001F407C066101B404D21E414E0530838465
:1015D0001D901A486B103D018606D03E404B00E935
:1015E00001B407D00E401B00020000000000000004
:1015F0001210340057001503F00CC03300CF003C2C
:1016000003F00CC03300CD003C0A34084803208F9F
:10161000202C013488D0302047003D50F044C811C0
:1016200010C7E40C03700CC102004E100841F028F2
:10163000C01300CB003C03F08CC04B400000000006
:101640000000000002B81D08F700FC03F00FC03FC7
:1016500000FF00FC03F00FC03D00FF00FC03F0039F
:10166000C02F00FE00F801720AC03F087F00EC01A5
:10167000F00EC028617700FC13F00F802F007F0070
:10168000FC03F00FC45F00FB00FC03F02FC10B60F4
:10169000060000000000000015A03700D3006C0316
:1016A000F00DC03700DF007C03F00DC03700DF0015
:1016B0007C043001C0770093214C01F00DC0730011
:1016C00053005C00F015C0000053005C023009407C
:1016D00011009B007C00F209420710DE007C03F041
:1016E0003DC054000E0000000000000013883D10B3
:1016F000E1008403D00E483B00ED00B403D00E405F
:101700003B00ED00B4031006403B00F1408501D0E2
:101710000E403B0065009000D00E402A006100B4EE
:1017200002100AC03808A100B402D00EC00B00EDB0
:1017300000B403D04C404C20060000000000000024
:10174000030079046101A407D01E407B00ED01B4C1
:1017500007D01E407B00ED01B4061012416F00E17E
:10176000018405D01E407F18A0019407D817624954
:1017700004E1419407101F405A00E901B405D01A52
:10178000405B00ED01B407D01E400C0004000000D7
:101790000000000012285740C1000403D00C403361
:1017A00000CD003403D00C403300CD00342F14643E
:1017B000406302C181042ED0D448B301C511040B8B
:1017C000D01C40A380498034A3120C503000C120AB
:1017D0003403D00C401100CD003403D00C4048201D
:1017E0000C0000000000000017A81D0073206C0111
:1017F000F005C017005F007C01F005C017005F0016
:10180000FC091027C01F087352CC2DD107C09F00C0
:1018100073059C11E057C0D90873509C813404C8EB
:1018200016815B027401F0054017005F007C01F037
:1018300005C05C2006000000000000001200070048
:101840000F007C00F001C007001F007C00F001C009
:1018500007001F007C80F021C007441F127C00F0AD
:1018600001C007001F007C08F021D1044117027C51
:1018700040B001C086101F067C08F001C00F201F79
:10188000007C00F001C04B000C00000000000000D4
:101890001008270093004C02F009C027009F007C2D
:1018A00002F009C027009F007C46F009C067009F36
:1018B000057C02F009C027008F047C627209C467AE
:1018C000099A007C0E3089C0240093057C2600090B
:1018D000C027009F007C02F009C043200C000000DC
:1018E000000000000120264091105502D009402739
:1018F000009D007402D0094027009D00740ED0198D
:1019000041A7029D017402910940E71499116C8668
:10191000129942270090227442B00948E0209B06A9
:10192000340214A94127009D007402D00940070029
:10193000080000000000000018A0240091004402EC
:10194000D0094027009D007402D0094027009D0067
:101950007452D019403700DD007402D809402702C4
:101960009D00744210096027049C0A7602140960E5
:101970002C02B120F442500B402F009D007402D085
:101980000940630002000000000000001020601009
:1019900081041402D0084023008D003402D0084096
:1019A00023008D003412D0084023088D043402989F
:1019B000084223008D046402140840270081A036E9
:1019C00002900A403800A900F402500A402B008D12
:1019D000003402D0484043800000000000000000B6
:1019E0001CB08602030A4C00F001C007001F007CF7
:1019F00000F001C007001F003C28FA014017005FFB
:101A00000A7C28F101C807001D007C005005C007B2
:101A1000001F407C003001D0044013007C007001A6
:101A2000C00F001F007C00F0A1C073C00A000000BE
:101A30000000000019B82F00BF087C02F009C02781
:101A4000009F007C02F009C027009F00FC22F00BE1
:101A5000C03B08BF08F402B80FC02F00AB08FC025F
:101A6000F00EC02F20B800BC02F008C027009F0075
:101A70007C02B009E027089F007C02F089C0676003
:101A80000E0000000000000018A02F00F3154C020B
:101A9000F009C027809F007C02F009C027009F004A
:101AA000FC52700AC02E00BE346C0A7009C02F00B0
:101AB000BF04CC02F00BC02F00B300FC82500A80A0
:101AC0002C80A300CC02300BC02400B3007C02F0B9
:101AD00009C060000E000000000000001C08470064
:101AE00011074400D0014007001D007400D00140E0
:101AF00007001D00741910014004001D0644001069
:101B0000014407001D026C00D1014807085500740C
:101B1000805001C20600150044005101500400111C
:101B200000740091014070200C00000000000000D3
:101B300010A02704C5110402D0084023008D0034F2
:101B400002D0084023008D003442D0084022008D8E
:101B500010640250084023208C030502C20840276D
:101B60002081007602100940260085002702100916
:101B700040218089003402D0084042800E000000DD
:101B80000000000018A8250495214402D009402730
:101B9000009D007402D0094027009D003402910D81
:101BA0004034009D10400210094227089D00641235
:101BB000D009602700910074025209402600D50028
:101BC0006402500940240899007402900940622080
:101BD000060000000000000005A8E30097004D0289
:101BE000F009C027009D007C02F009C027009F007B
:101BF0007C0AF009C1E6009F022C6E7089C0E721C3
:101C00009F024C1AF009C2230C91213C6E3009E46A
:101C10002400850168023008C061029B007C02F04C
:101C200009C01620040000000000000015802552A5
:101C30008B007C02F009C027009F007C02F009C0E5
:101C400027009F007C027009C027058F097C06F0E1
:101C500009C027028F057C02F049C027429F037C00
:101C600082F049C027009F285C52F009C82740979E
:101C7000007C02B009C05500040000000000000014
:101C80001408050017004C00F001C007001F807CFD
:101C900080F001C007001F007C00D021C885001F14
:101CA000247C003021C007001F886C8CC001C00755
:101CB000001B227C40F001D006101BD84C007001A4
:101CC000C004001F004D00F001C0532004000000BC
:101CD0000000000014A05C0971005401D0054017F9
:101CE000005D007401D0054017005D00F405D026AA
:101CF000409C047D0174011005405F047D0AC4010D
:101D0000C007489F067100F44DD11440D8047D00EF
:101D100084491007C81E085D004401D005405300E7
:101D2000000000000000000014A0324045440503FC
:101D3000D00C403300CD003403D00C403300CD0034
:101D40003407D054403100CD013403140C42A304B5
:101D5000CD0134A3D07C4093008906340ED00C40D2
:101D6000E0848C01350550AC411000CD000403D057
:101D70000D4053000A0000000000000005801C0018
:101D800081809403D00E403B00ED00B403D00E40A0
:101D90003B00ED00B443D006433800ED22B40310FD
:101DA0000E420B00CD009403D222402F802100B4BC
:101DB00001D12F640800BD00F401110F401A00EC9E
:101DC000018403D01E401300020000000000000048
:101DD00015107800E7498C07F01EC07B00EF21BC8E
:101DE00007F01EC07B00EF01BC06F016C05900EFE3
:101DF00001FC07301EC06B00EF01BD07F01EC05B89
:101E000000AA01B405F01EC06800AF01BC06781E30
:101E1000C05800EF018C07F04EC153400000000095
:101E20000000000010B811009F047C03F00DC037C3
:101E300000DF007C03F00DC03700DF007C00F00DF8
:101E4000C017209F207C23F00DC02700DF00640313
:101E5000F001C0030057007C01F20DC005009E0098
:101E60000C00F008C01700CF007C03F06DC0436089
:101E7000060000000000000000A07F00B301CC07B6
:101E8000F01FC07F00FF01FC07F01FC07F00FF01B3
:101E9000FC073017C07F22FF09F827F11FC04B1045
:101EA000F301CC252017C06B00A301EC05E11FC88E
:101EB0006F00E20D8C073093805F40F301FC07F068
:101EC0001FC108000E000000000000001588090274
:101ED000BB02AC03D00E483B00ED08B403D00E406B
:101EE0003B00ED00F40AB082400B00AD08B473D1A2
:101EF0008E408B00E100AC00108241AB00210080DD
:101F000049D04E400B40AB08840212C2401A02E195
:101F100000B403D00E405520060000000000000071
:101F200000003900A100A403D00E403B00ED00B436
:101F300003D00E403B00ED00B4021002402B00EC39
:101F400080B403D80E400B00691084015802400F82
:101F5000022100A401D00E401F00E104E60210029D
:101F6000601F00E100B403D00E4000000400000038
:101F7000000000000428832889022403D00C403389
:101F800000CD003403D00C403300CD003404900069
:101F90004003010D0B3407C02C40D301C821240994
:101FA000563041C30041020405D00C4093418140AA
:101FB00025001410405200C1003403D00C401920F9
:101FC0000C0000000000000015A86511D3026C038E
:101FD000F00DC03700DC007C03F00DC03700DF00DF
:101FE0007C4514394157209F08FC8BF02CC8D71131
:101FF000D92B0C1E7229C07313C3226C02F00DC0C2
:10200000A700C1006C293008C1D711D3007403F0B8
:102010000FC0502006000000000000000100272132
:102020009F047C03F00DC03700DF007C03F00DC07F
:102030003700DF007C01F061C057209F027C13F065
:102040000DC91700D7007CCA9021C0A7405F067C4D
:1020500002F009C29700DF025E09F001C81601DF35
:10206000007C03F00CC007000C0000000000000022
:102070008008CF00F300CC03F00FC03F00FF00FC4E
:1020800003F00FC03F00FF00BC40B00BC01F00AF0B
:1020900000CC03F00FC01C008700CC023203C00F3D
:1020A000007380D800F11FC00F00BF01CD23300B9B
:1020B000C01C00F300FC03F00DC000220C00000067
:1020C000000000008120864081025403D00D423779
:1020D00000D7007403D00D403700DD0074005019A4
:1020E00040D7009D054403700D40D400DD02540C20
:1020F0005011C2C50055035484D0094897091D02E8
:102100000449B139011100DB007403D00D40050210
:1021100008000000000000000180300491406403CA
:10212000D00D403700DD007403D00D403700DD00D6
:10213000740190116047009D016403D00D405480EC
:10214000DD0A448C1031606540D1114404D04D400B
:1021500027215DA474831011401400D1007403D0B2
:102160000D4004000A0000000000000010202000C4
:1021700081003603D00C403300CD003403D00C4036
:102180003300CD00340010004203008D00270350BF
:102190000D4210008DC01400500040252041201435
:1021A00000D80C6013005C0064039200481500C95D
:1021B000003403D00C40410000000000000000008B
:1021C00000B01200B3006C03F00DC03700DF007CDC
:1021D00003F00DC03700DD007C00B801C007001F10
:1021E000006403F10DC01400DF004C003001C00595
:1021F0000051804C80D00DC41780DE007C0230017D
:10220000C01400D3007C03F00FC0004008000000A1
:102210000000000005B80F00BF00DC03F00FC03F56
:1022200000F700FC03F00FC03F00FF00FC00F003CC
:10223000C00F003F20DC03700FC01F00FF80BC00F8
:10224000F103C00D007F00FC80B00BC01B803F403D
:10225000DC02F003C01B08FB00FE03F00FC0176098
:102260000E0000000000000003A07F02F301CC0775
:10227000F01FC07F00FF01FC07F01FC07F00FF01BF
:10228000FC07F01FC07E003F10EC07F01FC46E007B
:10229000F301D480B013C07E002D01FC063003C0D2
:1022A0004F002F41DC04F813C04F00FF01FC07F082
:1022B0001FC00F000E0000000000000001083701E1
:1022C000D1044407D01D407700DD017407D01D40C4
:1022D0007700DD017407D01D4077001F024407D04E
:1022E0001D406400D1215C2C5019427500132174EB
:1022F00004B0B14064081F0154069011404700DD4E
:10230000017407D01D4007200C00000000000000F1
:1023100010A03300C1101403D00C403300CD0034A2
:1023200003D00C403300CD003403D00C4033000DFB
:10233000143403D00C402600C580360050094433C5
:10234000080D00740210006000008D000402D00827
:10235000400300CD003403D00C4043800E00000049
:102360000000000003A83500C1005483D00D4037A1
:1023700000DD007403D00D403700DD007403D00D84
:1023800040370015114407D2AD603620D1005444C7
:1023900050094034009531740718016564089501AF
:1023A0005682D019404700DD007403D00D400F2045
:1023B000060000000000000002A83700D3005D0303
:1023C000D00DC03700DF007C03F00DC03700DF0008
:1023D0007C03F00DC037001D017C8EF01CC0222252
:1023E000D7207C04F010C037101D033C0E1111C41F
:1023F000441C0D014C08D231C1C700DF007C03F042
:102400000DC00B200E0000000000000007803D0002
:10241000FF00EC03F00FC03F00FF00FC03F00FC013
:102420003F00FF00FC03F00FC03F103F00FC02F034
:102430001FC06D08FF001C02F03FE03F103B00FC96
:1024400080F432D02C08BF30FC22B003C00F00FF54
:1024500000FC03F00FC01F00060000000000000099
:1024600003083502D3017C03F00DC03700DF007C88
:1024700003F00DC03700DF007C03F00DC037001FF4
:10248000025C00F02DC03500DD207C02F08DC036EE
:10249000069F024C03F005C2A44193004C43F04157
:1024A000C8870ADF007C03F00DC00F200400000085
:1024B0000000000013A07400D5007403D00D403755
:1024C00000DD007403D00D403700DD007403D00D33
:1024D0004037001D04742AD03D42B401DD00602A5B
:1024E000143D4076089303442B101540A40191033A
:1024F0006C0A1269404702DD007403D00D404F00A2
:10250000020000000000000007A07600C920300390
:10251000900C403300CD003403D00C403300CD008C
:102520003403D00C4033001D000403D0DC40E181B3
:10253000CD00340010004133080D0D2402109840E6
:10254000A2208903240A502040A300CD003403D0E8
:102550000C401F000A000000000000000680F80088
:10256000ED03B407D01E407B00ED01B407D01E4040
:102570007B00ED01A407D01E407B00ED03B407D023
:102580001F406802ED01A065189E4A7A00FD01E433
:10259000461993406A002151E4861212606B00E9EB
:1025A00001B407D01E401B00020000000000000024
:1025B00012103400CB003C03F00CC03300CF003CC1
:1025C00003F00CC03300CF003C03F00CC033000F0D
:1025D000001C0BD008C03112CF003C00700C4033FF
:1025E000200F002D023488D002008B202C0A7008A6
:1025F000C00300CF003C03F00CC04B4000000000C3
:102600000000000002B83D30F700FC23F00FC03F8F
:1026100000FF00FC03F00FC03F00FF00FC03F00FC1
:10262000C03F00FF00FC03F00A802D02FE08EC0111
:10263000700FC03F02F3089C023082C03900BF0017
:10264000BC02700FC82F00FF08FC03F00FC00B6026
:10265000060000000000000015A037C0D30078037A
:10266000F00DC03700DF007C03F00DC03700DF0045
:102670007C03F00DC03700DF006D02F06DC0630019
:10268000D300FC03300000752093403C027008C862
:1026900024008F000C070001C86740D3007C03F0C2
:1026A0000DC057000E000000000000001388390024
:1026B000E180B403D00E403B00ED00B403D00E40E7
:1026C0003B00ED00B403D00E403B00ED008403D18D
:1026D0008E402B00E100B403140E423840EB00B4EE
:1026E000021006422800ED00AC03B002403B00E1BE
:1026F00000B403D00E404F20060000000000000090
:1027000003007900E101B407D01E407B00ED01B465
:1027100007D01E407B00ED01B407D01E407B00CDEA
:1027200001A406D016406940E1013407101E41782B
:1027300010E101B447D01E427A00ED018607101E59
:1027400044FF00E101B407D01E400F000400000068
:102750000000000012283300C1003603D00C4033C3
:1027600000CD003403D00C403300CD003403D00C36
:10277000403300DD010423D028606300C1003487AA
:10278000101C483108C182340390BC42F210CD00C5
:102790002406900C41F304C1003403C00C404B20CC
:1027A0000C0000000000000017A8150053207C0159
:1027B000D005C017005D007C01F005C017005F0068
:1027C0007C01F005C017007F10EC05F0B5C11700C3
:1027D0005300FC1D3016C014007108B405F00758F2
:1027E0005E027F06CC151027C09F0053007C01F1CC
:1027F00005C05F20060000000000000012008710E6
:102800001F007000F001C007001F007C00F001C035
:1028100007001F007C00F001C007001F017C98F03A
:10282000014007121F407C48F001D086001F007C49
:10283000007041C0850A1F927C08F181C407001F07
:10284000007C00F001C04B000C0000000000000004
:102850001008270093004C02F009C027009F007C5D
:1028600002F009C027009F007C02F009C027009FEA
:10287000004C06F01DC0A7209F203C163009C0E682
:10288000009F057C063018D0E4009F0148027019B3
:10289000C067019F407C02F009C043200C0000008B
:1028A000000000000120220495004402D0094027C6
:1028B000009D007402D0094027009D007402D009D9
:1028C0004027009D10540AD03940E7109D00741233
:1028D00050894065009D43740210894924008D8908
:1028E000441672194067019D007402D00940070028
:1028F000080000000000000018A024008108440225
:10290000D0094027009D007402D0094027009D0097
:102910007402D0094027009D004412D0894127004D
:102920009D80740210094826089D027423580940AE
:102930002404DD905412D0494037009D007402D029
:102940000940630002000000000000001020200089
:1029500085000502D0084023008D003402D00840D5
:1029600023008D003402D0084023008D041403D0CE
:10297000084033008D80341254094021008D0074CA
:102980000251486020108D801082D2084023008DB3
:10299000203602D008404380000000000000000004
:1029A0001CB08602130A4C00F001C007001F007C17
:1029B00000F001C007001F007C00F001C007001FED
:1029C0000A4C00F001C007081F807C003405C016C7
:1029D000201D007C007401C004201F005D00F00574
:1029E000C807001F007C00F001C073C00A0000008F
:1029F0000000000019B823009F807C02F009C02766
:102A0000009F007C02F009C027009F007C02F009B3
:102A1000C02700BF08FC02F009C82F009F00FC225D
:102A2000F40BC62210FF00FC02B08BC02F00BF00C9
:102A3000EC02780BC03B209F007C02F009C067606D
:102A40000E0000000000000018A02F0AB1004C0288
:102A5000F009C027009F007C02F009C027009F00FA
:102A60007C02F009C02700BF064C02F009C02A0012
:102A70009FC0F412600AC82E00F700FC82F04BC021
:102A80002D00AD00EC02300BC02F009F007C02F047
:102A900009C063000E000000000000001C08472071
:102AA00011154C00D0014007001D007400D00140FA
:102AB00007001D005C00D0014007001D064C00D03F
:102AC000014007001D0074081001C007001D0074BC
:102AD0000111214004001D004480B8054007001F7B
:102AE00000740090014073200C0000000000000002
:102AF00010A0234081040402D0084021008D00343E
:102B000002D0084023008D003402D0084023008DFD
:102B1000023402D0084022008D40248A500840230D
:102B2000008500340250284020008C00240219083F
:102B30004023008D003402D0084043800E00000086
:102B40000000000018882500C1004402D009402779
:102B5000009D007402D0094027009D005402D00956
:102B60004027009D00440AD0294827009D00740298
:102B7000100D602700DD017022110940B4189D0876
:102B80004003800940270295007402D00940632069
:102B9000060000000000000005A8230093004D027D
:102BA000F009C027009F007C02F009C027009F00A9
:102BB0007C02F009C027009F007D0AF009C02600B2
:102BC0009F006C126059C0270096037C0A70594818
:102BD000A5808F066C1600A9C0A7009D007E02F09C
:102BE00009C017200E000000000000001580250419
:102BF0009E005C02F009C027009F007C02F009C023
:102C000027009F007C02F009C027009F207C83F0F2
:102C10004DC227029F007C02F049C125209F507CB5
:102C200086F048D027019F407C16F009C167049FB9
:102C3000007C02B009C05700060000000000000040
:102C40001408052012244C00F001C007001F007C6E
:102C500000F001C007001F007C00F001C007001F4A
:102C6000046C00F041C0074413407C40B001C00434
:102C7000001F027C00F041C806111E204C08B00164
:102C8000C087021F007C00F001C053200400000038
:102C90000000000014A05C0471004401D00540173E
:102CA0000057007401D0054017005D007401D00585
:102CB0004017007D134409D05500DF005140B44D4A
:102CC0001027001C047D00B4C19007485D007D20E2
:102CD000AC017007481F005D007401D0054053002F
:102CE000020000000000000014A01240C102040312
:102CF000D00C403300CD003403D00C403300CD0065
:102D00003403D00C403300DD00243ED03848330A71
:102D1000C5003485D08C505204CD003619D02460C3
:102D20003200CD01141710AC40B300CD003403D0F5
:102D30000C4053000A00000000000000058028003D
:102D4000E1008603D00E403B00E500B403D00E4006
:102D50003B00ED00B403D00E403B00ED008400D0FA
:102D60000A405B00E5003401511E401A00ED00B43A
:102D700003900441B900AD02B441500E482B00ED60
:102D800000B403D00E401700020000000000000055
:102D900015107C00F3018D07F01EC07B00EF01BC15
:102DA00007F01EC07B00EF01BC07F01EC07B007F58
:102DB00001AC46F01EC07B00E781BC05F41E405A02
:102DC00020AD01BC04F012C06A10EF019D07301E57
:102DD000CC7B10EF01BC07F01EC057400000000084
:102DE0000000000010B825009F007C03F00DC037E4
:102DF00000DF007C03F00DC03700DF007C03F00D26
:102E0000C037005F007C02F04DC11728DB007C0159
:102E1000B00DC235009F007C02F201C027009B402C
:102E20000C01F201420700DF007C03F00DC043609B
:102E3000060000000000000000A07F407301FC07B6
:102E4000F01FC07F00FF01FC07F01FC07F00FF01E3
:102E5000FC07F01FC07F00FF01FC07721F807F008E
:102E6000FF09FC06509FC05B00F109CC04F0938081
:102E70007F00FD01CC05309A407802F301FC07F099
:102E80001FC003000E00000000000000158839027A
:102E9000EB00B403D00E403B00ED00B403D00E4075
:102EA0003B00ED00B403D00E403B022D00B409B24C
:102EB0000AC00B00EF40B01154C6441B20EB08843D
:102EC00002D0C2482800E906841150AA40A804EBA9
:102ED00000B403D00E4057200600000000000000A0
:102EE000000039006500B403D00E403B00ED00B493
:102EF00003D00E403B00ED00B403D00E403B006D0C
:102F000000F402500E403B00ED80B400582E401BF0
:102F100000A9408400D00E442800FD00E400980A77
:102F2000402810E100B403D00E400300040000006C
:102F3000000000000428330091003403D00C40331B
:102F400000CD003403D00C403300CD003403D00C4E
:102F50004033000D023442910C400300C500341888
:102F6000500C481300090904C2D8182000028D9A99
:102F70002404C81840E100C9003403D00C401320D9
:102F80000C0000000000000015A835009500740337
:102F9000F00D403700DF007403F00DC03700DD0096
:102FA0007403F00DC037009F077C0F7005C0770CCD
:102FB000DD007C07710DC01700D2004445D03DC034
:102FC0002400DD00642E9031D18400D3007C03F016
:102FD0000DC057200600000000000000010027205F
:102FE0005F027C03F00DC03700DF007C03F00DC0F2
:102FF0003700DF007C03F00DC037089F047C0572AA
:10300000ADC1A520DF007C8DF23DC017001F127CF2
:103010000AF0EDD024009B025C207041C00600D76E
:10302000007C03F00DC007000C0000000000000051
:1030300080083F00B301CC03F00F803F00FF00FC8D
:1030400003F00FC03F00F700DC03F00FC03F002F7C
:1030500000CC27301FC03F08FF003881304FC01F11
:1030600002BF08FC00700BC02C04F300CC0010035E
:10307000C00C04FF00FC03F00FC003220C00000092
:10308000000000008120A21115095403D10D403722
:1030900000DD007403D00D403700DD007403D00D57
:1030A0004037001D011403503D40D701DD0064117D
:1030B000103D48570019036446D058C062000149CA
:1030C0002C0C723040C400DD005C03D00D400702C0
:1030D000080000000000000001A0340011004403BB
:1030E000D00D403700DD007403D00D403700DD0007
:1030F0007403D00D4037009D814403108D49370A79
:10310000DD007423100D408700DD407404D8196081
:103110004420D12044045011404400DD007403D009
:103120000D400700020000000000000010203000E9
:1031300045001403D00C403300CD003403D00C40C4
:103140003300CD003403D00C4033000D0054031085
:103150000C400300CD003401100C4003800D0034FE
:1031600000D108600600800024005801420000C918
:10317000001403D00C404380000000000000000059
:1031800000B0369013804C03F20DE03700DF007C76
:1031900003F00DC03700DF007C03F00DC037001FC7
:1031A000004C03300DC03708DF00740030094007C1
:1031B000109D007C007001402420D3004C00780159
:1031C000C00400DF007C03F00DC003C00A00000053
:1031D0000000000005B83B003F00FC03F00FC03FBB
:1031E00000FF00FC03F00FC03F00FF00FC03F00FE6
:1031F000C03F003F00BC03F40F000F00FF40EC0095
:10320000F00FC01E002900E400F802C20F002D00DC
:10321000BC007103C20F00FF00DC03F00FC0176099
:103220000E0000000000000003A00F003B50CC0384
:10323000F01FD07800AB01CC27F01FC07F00FF014A
:10324000FC07E01F025D00F341DC33F217C06F1092
:10325000FD01CE073293C04E003F01BC047013C085
:103260007E002E01EC06701FC07E00FF01FC07F0FF
:103270001FC00F000E00000000000000010807241E
:103280001100C407100D501401D5014403D01D4096
:103290007700DD017407D01DC05600D5816E33D094
:1032A00015485400D1016807704800760019015490
:1032B000063019C274001D214C06101D407500DD3A
:1032C000017407D01D4007200C0000000000000022
:1032D00010A0034201100523900D5034044901054C
:1032E00013C00C403300CD003403D00C401510C186
:1032F000000413D005402730C500108250414031F2
:10330000001D00048210084433001D006401100CED
:10331000403000CD003403D00C4043800E0000004C
:10332000000000000388852011084403181D415443
:1033300004D5044403D00D403700DD007483D00D64
:10334000445404D5804403D005402501D13064079E
:10335000D0496074801C01418E98094417089D0073
:103360005401100D403500DD007403D00D400F20D6
:10337000060000000000000002A8B7425B830C03B7
:10338000B03CC0F4005B214403F00DC03700DF0007
:103390007C03F00D405100D3004403E014C0E7006B
:1033A000D78044053030C1C6081F057E063009406D
:1033B00077241F4A6C03240CC03600DF807C03F2A4
:1033C0000DC20B200E0000000000000007807508F1
:1033D0009F01F083B00FC01F447F01FC03F00FC0BA
:1033E0003F00FF00FC03F00FC41F00FF006C83F2DE
:1033F0003FC05E08BF29D503701FC02F203B80F857
:1034000002343B806C267F00C803A20FC03F00FF40
:1034100000F403F00FC01F000600000000000000D1
:1034200003080504430A5C03B079C0B50253404C5D
:1034300003F00DC03700DF007C03F04DC29714D3BA
:103440001078034001C0A42657835C11701DC0A4EE
:10345000001B027C2A3129C08700DF005C23300D6D
:10346000C03700DF007C03F00DC00F200400000017
:1034700000000000138034045100C413A03D4050EC
:10348000004B014407D00D403700DD007403F01CF1
:10349000445400CB23DC031019C032100B42241714
:1034A000121DC02640450B340E30CD400700CF0121
:1034B0000423009D403700DD007403D00D404F0011
:1034C000020000000000000007A046008104041B69
:1034D000102C405100C1010417D00C403300CD0026
:1034E0003403D83C480392CD01340350144000000B
:1034F000C504340B80044102000D0124CA00286079
:10350000B3000D00060ED1BC403200CD003403D014
:103510000C401F000A000000000000000680480266
:1035200061018407901E405C00F9018547D01E6050
:103530007B00ED01B407511E414880E901B4071832
:1035400017407A01B101E007D21E405E202D01F440
:1035500006509A604B20ED13C606D09E007B00ED0E
:1035600001B407D01E401B00020000000000000054
:103570001210304283000D03300DC2110041300C97
:1035800003D00C403300CF003403D08CC00302CFF3
:103590005834237004C18000C5801C139404C012E9
:1035A000420F103C023028C4231D4F001D01F40CB3
:1035B000C03300CF003C03F00CC04B4000000000C3
:1035C0000000000002B80D02BF80B403F28FC01FDC
:1035D00002FF00FC03F00FC03F00FF00FC03F00EF1
:1035E000C02B0AFF00DC43B006C03B01AE088C03D1
:1035F000208FC01A42F408FC23800FC20F00F70886
:10360000BC01380FC43F80FF00FC03F00FC00B600B
:10361000060000000000000015A03700D3004C5742
:10362000700DD01000C3004C03700DC03700DF00D8
:103630007C03F00DC01500DF007C03F004C0060021
:10364000D3214C01701DD006080FA06C06B20940B2
:1036500014808F804C83301CC03600DF007C03F068
:103660000DC057000E000000000000001388390054
:10367000C100AC0B1007401800E5008403D00E40D9
:103680003B00ED00B403D00E400B00ED00B413D0AE
:103690000EC83A00A5208403100F603800AD0084E6
:1036A00002100A400980ED20AC03500E403800EDB6
:1036B00000B403D00E404F000600000000000000E0
:1036C00003007900E1010417581E405C0071018479
:1036D00007D01E407B00ED01B407D01E40DB00ED9B
:1036E00001B407D01640C800F183C045D10E487917
:1036F000003C01A407911A404A04ED01C407121EC0
:10370000427A08ED01B407D01E400F00040000000B
:10371000000000001228F303C119240318C4400458
:1037200080C5200403D00C403300CD003403D00CFE
:1037300040C310CD203403D0584032208512040FEE
:10374000100D4DF004CD08040F107C608100CC20DA
:10375000242FC00C403000CD003403D00C404B204F
:103760000C0000000000000017A89D4073004C01F1
:103770007016C01C0073004C01F005C017005F00FC
:103780007C01F004C0DF005F807C01D126C15800BD
:1037900073038D01F037D09E006F2BEC05B016C07F
:1037A0005C007F188C0D3105C016005F007C01F0B5
:1037B00005C05F200600000000000000120083002A
:1037C0001F807C00F021C287001F017D08F001C02E
:1037D00007001F007C00F001C007001F027C00F002
:1037E00001C887001F007C987081D0070A1F427CA7
:1037F00020F2A1C487141F207C407001C007201F45
:10380000007C00F001C04B000C0000000000000034
:103810001008670083014C0EF039C0250093004862
:1038200016F009C027009F007C02F019C065849F34
:10383000013C023019C0E44093055C063239C025D2
:10384000209F894452A109C064019F214C12302954
:10385000C027009F007C02F009C043200C0000003C
:10386000000000000120660091035406D039406436
:10387000028100441AD0094027009D007402D0093B
:1038800040E4009D877402108948A41191017406D8
:10389000B0295025009D034C4AD02948E4048D02EC
:1038A000440A50294027009D005C02D009400708C7
:1038B000080000000000000018A02401D1184402F4
:1038C000D02940254091017402D0094027009D0075
:1038D0007402D0894025029D087402140940240016
:1038E0009100541218294035009D105402906940EF
:1038F0002400DD28440210294027009D007402D0D6
:1039000009406300020000000000000010203001A8
:1039100081041492D00940300091003402D0084054
:1039200023008D003402D0084030008D0034121086
:10393000095024008100740290084021008D001578
:1039400002D209502000C900040650084023008D0F
:10395000001402D0084043A0000000000000000056
:103960001CB08242130A4C00F0A1C0850213007CF7
:1039700028F001C007001F007C00F005C005001DF5
:10398000807C28380140040013005C0130A1C00590
:10399000201F405C00B0014004001F004D003001BA
:1039A000C007001F007C00F001C073800A00000007
:1039B0000000000019B82F02BF087822F20BC82FB0
:1039C00040BF004D02F009C027009F007C02F009B3
:1039D000CA2F009F007822F00BC82B00EF40BC02DA
:1039E000F00BC82F00BF008C02F00AC42F00FF00AC
:1039F000BC02F009C027089F007C02F009C46720C0
:103A00000E0000000000000018A02F00B000C4024B
:103A1000308BC03E00FB00FC02F009C027009F0075
:103A20007C02F00BCA2E00BF407C42F00BC0290084
:103A3000BF00FC02F00BC02600B300EC02F00B90BC
:103A40002C00B700FC02700BC024009F007C02F029
:103A500009C063000E000000000000001C080720E1
:103A60005100440010514005001B407400D001403B
:103A700007001D007400D0014004001D007400D236
:103A8000014014001D007400D001C207201500542D
:103A900000D0014004081580740070014804001D26
:103AA000007400D0014073200C00000000000000F2
:103AB00010A02340810004021049402600890034F0
:103AC00052D0084023008D003402D0084022008DDF
:103AD000403442C009402300C5003402D0084126CA
:103AE0008891203402D009402420810076031808F0
:103AF0004020008D003402D0084043800E000000BA
:103B00000000000018882100818844021209402525
:103B10000199027403D0094027009D007402D00966
:103B2000402400DD007482D0494624009D4074A2E8
:103B3000C04940274591024403D84D40A420D500F8
:103B4000749A500D0024089D007402D0094063202F
:103B5000060000000000000005A8A70693030D0260
:103B60003218D026209B217C02F009C027009F003C
:103B70007C02F008C026019F007C02F209C8670899
:103B800097007402E029C1E22093426C4EF008C114
:103B9000640892407C023209D024009F007C02F02D
:103BA00009C017200E000000000000001580252825
:103BB0009F017C42F499C027009F047C42F009C019
:103BC00027009F007C02F009C027009F007C02F1C3
:103BD00009C0E7009F007C46F109C026009F037DD5
:103BE00026F009C0A70C9F047C467009C026009FE0
:103BF000007C02F009C05700060000000000000031
:103C0000140885011F624C00B001C9064013087CEE
:103C100080F001C007001F007C00F041C004001FBD
:103C2000007C002101C00720130278003421E00449
:103C3000001F005C40F021C1070013047808F00168
:103C4000C007001F007C00F001C0532004000000EA
:103C50000000000014A09C017918C5091007401845
:103C6000025B00F405D0054017005D007401D037F9
:103C7000415C027D4574011044409F4B7100F48506
:103C80005067C016086D52C401D027409B20756054
:103C90009C01D0764017005D007401D005405300B0
:103CA000020000000000000014A03200CD03060551
:103CB0009014401000C101340FD00C403300CD00EF
:103CC0003403D110404020CD523403100C42730015
:103CD000810034035041403000CD10050CD00C4021
:103CE0003122C5423489C01C413300CD003403D099
:103CF0000C4053000A00000000000000058018007E
:103D00006900840B102A400C00E900B643D00E4035
:103D10003B00ED20B403D00650080CAD00B41710E2
:103D20000E487F006100E48F5202443A00FD00809B
:103D300040D80E413B00E5029401D20E403B00ED1D
:103D400000B403D00E401700020000000000000085
:103D500015106800BF010C05B017D04800E301BC86
:103D600007F01EC07B00EF01BC07F01EC05800AF7B
:103D700001F417301AC07B00E301BC873112407890
:103D800000EF818C04F11EC07900E741BC07F21EF0
:103D9000C87B00EF01BC07F01EC0574000000000C8
:103DA0000000000010B8050059007C03F005C001B8
:103DB00020DF007C03F00DC03700DF007C03F0043F
:103DC000C407009F007C23F409C037005D003C035A
:103DD000D028C03708CF807C80F00DC03310DF00C2
:103DE0007C01F001C03700DF007C03F00DC04360B0
:103DF000060000000000000000A07F00F305CC07D3
:103E0000D017D05C00B309F807301FC07F00FF0156
:103E1000FC07F242485D02BD49FC27F01FC05C0070
:103E2000FF09CC063036C47C2AFE49CC24F01EC0E3
:103E30007C10F3499A25211FC07F00FF01FC07F089
:103E40001FC003000E0000000000000015881902CA
:103E500061068423D047410C00E108B403B00E4052
:103E60003B00ED48B003D026481802AD80B033D0F7
:103E70000E4009006D808442B20E443806ED0C8479
:103E800080F00EC21A41E108BC01B08E403B00ED4B
:103E900000BC03D00E4057200600000000000000C8
:103EA00000003900A11C8603D00E400800A108B60E
:103EB00003100E403B00ED00B403D006401800ADE7
:103EC000A0B403D10B401804BD2084221002403955
:103ED00020FD00A603D00E413C80F108A600910E03
:103EE000403B00ED00B403D00E400300040000008E
:103EF000000000000428C30111820403D22540C041
:103F000002C1037403900C403300CD003403C0049D
:103F10004010018D407403D0885181014D01044649
:103F20001059407100CD1024474018003204C100E0
:103F300034029008403300CD003403D00C401320ED
:103F40000C0000000000000015A8F501D3014C0191
:103F5000D005C0240293397C03300DC03700DF0048
:103F60007C03D0044494011F00FC03F00DC07400D6
:103F7000CF100D0B106D50B102CC036C44D00DC2AC
:103F80003400D1117E01900D803700DD007C03F0FC
:103F90000DC057A004000000000000000100B300A5
:103FA0009F067C03F04DC007409F007C00F00DC0D1
:103FB0003700DF007C03F005C097209F007C03F0F2
:103FC0000DC03700DF427C0BF029C03608DF015CF2
:103FD0000BF06DC0B7229F065E01F00DC03700DF09
:103FE000005C03F00DC007000C00000000000000A2
:103FF000800807013303CC013407C00C00F303FC35
:1040000008300FC03F00FF00FC03F05FC01C00BF82
:1040100000FE03701FC06D19FF00CC03300FC03FBE
:1040200000F300CC04D01BC0FD00F300CC81F00FE6
:10403000C03F00FD00FC03F00FC00322040000009D
:10404000000000008120862111810407101550C056
:1040500041D1017400500D403700DD007403D025BC
:1040600040D4089D0174031218400504DD815446B4
:104070005239D03720D54354039A8940030447016D
:10408000440CF119403700D7007403D00D400702EB
:10409000080000000000000001A02400D100440737
:1040A000101540440091007400100D403700DD00F1
:1040B0007403D00140F61099017403584D401580E7
:1040C000DD114406101D413710D10A5410D20D40A5
:1040D0002520D9014445D019403700DD007403D0B4
:1040E0000D40070002000000000000001020100832
:1040F00041000483100440040081003400500C404F
:104100003300CD003403D0044810008D0034035038
:104110000D440180DD205002540C543600D50015AA
:1041200003980C4002008D0005019208603300CD19
:10413000003403D00C404380000000000000000069
:1041400000B0260083804C03380DC0040093003C6F
:1041500000300DC03700DF007C03F00DC016009B5F
:104160000074037009D005009F004C02120BE03769
:1041700000D1004D03D00DC835809B004C00F009E4
:10418000C23700DF007403F00DC003C00A00000056
:104190000000000005B80F003F80FC02F007D00FC0
:1041A00000FF40FC00F00FC03F00FF00FC03F007E1
:1041B000D41D00BF00FC03B00AC00F00ED00BC001E
:1041C000F80BD03F802F00EC03B003C00B80A7009A
:1041D000FC00780BC03E80F700FC03F00FC01760B6
:1041E0000E0000000000000003A04F00FB01FC07D0
:1041F000F01FC07F00FF01FC07F01FC07F00FF0120
:10420000FC07B01FC07F00FF01FC07B01FC04E00BD
:104210003F10EC04F01BC07F00FB01FC070013C043
:104220000E0033109C0430C3C07F00FB41FC07F03C
:104230001FC00F000E000000000000000108230155
:10424000D1017407D01D407700DD017407D01D40F7
:104250007700DD017407D01D407700DD0174031184
:104260001D4847085D0345043009407700D30174B9
:1042700007F04941C4001102540450C1403701D530
:10428000017607D01D4007200C0000000000000050
:1042900010A0170CC9003403D00C403300CD0034FB
:1042A00003D00C403300CD003403D00C403300CD9C
:1042B000007403900C40020009003480900C4133DC
:1042C00000C9003403900140038A01144581104065
:1042D000402384CD003403D00C4043800E00000006
:1042E0000000000003A82508D1007403D00D40375A
:1042F00000DD007403D00D403700DD007403D00DE5
:10430000403700DD007423100D4257045D01540650
:10431000821D413700D9207483500140451011217E
:1043200054055811403700DD007403D00D400F20B4
:10433000060000000000000002A8B706DB007C03B6
:10434000F00DC03700DF007C03F00DC03700DF0048
:104350007C03F00DC03700DF007C43B00DC4460085
:104360001F037C04B019803300DB803C039031C014
:10437000474113455C0C3031C87702DA007403F012
:104380000DC003200E0000000000000007806D003B
:10439000FF10FC03F00FC03F00FF00FC03F00FC054
:1043A0003F00FF00FC03F00FC03F20FF00F802F0C9
:1043B0000F000F045F00EC80300BC03D00F720FCC5
:1043C00003D02FC82A200F00FC80F00BC33F08F356
:1043D00000FC03F00FC01F000600000000000000FA
:1043E00003083500DB087C03F00DC03700DF007CDC
:1043F00003F00DC03700DF007C03F00DC03700DF95
:10440000006C03B00DC0870017024D00702DC83638
:1044100083DA017C83A025C185009F8A5C09700135
:10442000C4B700DB007C03F00DC00F2004000000C7
:104430000000000013A02008D1017403D00D403704
:1044400000DD007403D00D403700DD007403D00D93
:10445000403700DD003400100D00D700C101040317
:10446000100D407500DD0074033034C066009D00FF
:1044700004B9B469003700D5007403D00D404F0073
:10448000020000000000000007A02240C100340329
:10449000D00C403300CD003403D00C403300CD00AD
:1044A0003403D00C403300CD00341B900C42820208
:1044B0000D110440504D40F000CD1034035418024B
:1044C00040010D01140DD00040170AC0003403D084
:1044D0000C401F000A000000000000000680780069
:1044E000E109B407D01E407B00ED01B407D01E40A7
:1044F0007B00ED01B407D01E407B00ED41F4271096
:104500001E407B006901C4045097637980ED01B4BB
:1045100007101E414A006D07C425901640FF00E1B8
:1045200001B407D01E401B00020000000000000084
:1045300012103000C3083C03F00CC03300CF003C25
:1045400003F00CC03300CF003C03F00CC03300CFAD
:10455000003C03B00CC003000D920400740CE0306A
:1045600010CD043C637025C200060F001C09F0202A
:10457000C03340C3003E03F00CC04B4000000000BD
:104580000000000002B8BD00F708FC03F00FC03FB8
:1045900000FF00FC03F00FC03F00FF00FC03F00F22
:1045A000C03F00FF00BC03F00FC03B007300BC0223
:1045B000B20E803C00FF00BC03B00FC01F00FF0420
:1045C000FC01F007C03B02F700FC03F00FC00B60DA
:1045D000060000000000000015A03701DF014503C0
:1045E000F00DC03700DF007C03F00DC03700DF00A6
:1045F0007C03F00DC03700DF003C0B200DC007002E
:104600001F007E00B00DC03600D4007C03F009C44A
:1046100014001F004D05B001D03400D7007C03F01A
:104620000DC057000E000000000000001388390084
:10463000ED008403D00E403B00ED00B403D00E40EB
:104640003B00ED00B403D00E403B00ED00B423145A
:104650000E442B006D00B400100EC03800E980B489
:1046600003700FC03A006D008401100E403820E145
:1046700000B403D00E404F200600000000000000F0
:1046800003007900ED018407D01E407B00ED01B4EA
:1046900007D01E407B00ED01B407D01E407B00ED2B
:1046A00001B40F501E404B002901F404D11F407A81
:1046B00000E901B407D016407800CD218605901C92
:1046C000407804E101B407D01E400F000400000050
:1046D000000000001228F300CD000403D00C40338A
:1046E00000CD003403D00C403300CD003403D00C97
:1046F000403300CD40740E100C4073200D00340682
:10470000524C403000CD003403520C423202DD01E5
:104710000413100D487400C1003403D00C404B202A
:104720000C0000000000000017A815065F004C01F7
:10473000F005C017005F007C01F005C017005F00A6
:104740007C01F005C017005F007C0D7005CE1B21B9
:104750007B07FC45F0068016205F403C01E057C017
:104760005C007F13C409B007C19C4853007C01F072
:1047700005C05F20060000000000000012000720B6
:104780001F007C00F001C007001F007C00F001C08A
:1047900007001F007C00F001C007001F007C10F024
:1047A00001C087001F927C00B001C2050819007C7F
:1047B000007021C0C7001E107C80F031C087041A31
:1047C000007C00F001C04B000C0000000000000065
:1047D000100837009F457C02F009C027009F007C2D
:1047E00002F009C027009F007C02F009C027009F4B
:1047F000007C033409C0E70093007C163019406543
:10480000009F227C023459C064009F204C02F019A2
:10481000C0240093007C02F009C043200C0000007B
:1048200000000000012026009D017402D0094027ED
:10483000009D007402D0094027009D007402D00939
:104840004027009D007402140940E70091122406DD
:10485000100940E4009D03740210584025129D0B7E
:10486000446ED16940650495007402D00940070088
:10487000080000000000000018A024009D00740241
:10488000D0094027009D007402D0094027009D00F8
:104890007402D0094027009D0074C200094027001F
:1048A0009180748210895025129D9074821009485D
:1048B00025009D104402D08940340191007402D03B
:1048C00009406300020000000000000010202000EA
:1048D0008D013402D0084023008D003402D00840FE
:1048E00023008D003402D0084023008D00340214D0
:1048F0000840370081042406100D4021008D00344B
:104900000312084020018D040502D048482100858B
:10491000003402D008404380000000000000000086
:104920001CB0862A1F007C00F001C007001F007C1D
:1049300000F001C007001F007C00F001C007001F4D
:10494000007C283001C0070013007C0034A1C01592
:10495000001E007C0030A1D015001F0A4D00E0A110
:10496000C0840213007C00F001C077C00A00000080
:104970000000000019B827208F007C02F009C02732
:10498000009F007C02F009C027009F007C02F00914
:10499000C027009F007C02F009C02F40FF08AC0236
:1049A000F00AC026089F007C02F40BC02F02FF080B
:1049B000BE02F08BC22B009F007C02F009C0676032
:1049C0000E0000000000000018A02700BF004402F5
:1049D000F009C027009F007C02F009C027009F005B
:1049E0007C02F009C027009F00FC023409C02A3075
:1049F000B700CC02B02BC22E00BF00EC02300BE09F
:104A00002C01B306EC02300BC12C009B007C02F0A1
:104A100009C067000E000000000000001C0807002D
:104A20001D004500D0014007001D007400D001406A
:104A300007001D007400D0014007001D0074101015
:104A40000140070011006C00D045C004001F004465
:104A50000011414084001506540150054015001115
:104A6000007400D0014073200C0000000000000022
:104A700010A023008D400402D0084023008D003494
:104A800002D0084023008D003402D0084023008D5E
:104A900000344610084227008D400402900940224D
:104AA000008D002402120961A240890206821208C8
:104AB00043260489003482D1084043800E00000060
:104AC0000000000018A825029D004402D0094027DC
:104AD000009D007402D0094027009D007402D00997
:104AE0004027009D00740214094027089940662A57
:104AF000C0494024009520440210096126209DA051
:104B00005482524940271199807402D00940632091
:104B1000060000000000000005A867008F004C029E
:104B2000F009C027009F007C02F009C027009F0009
:104B30007C02F009C027009F007C0A3009C02200D7
:104B40009F004C06B239C026009D00680230A85074
:104B500066019B004CA63029D0E2009B007C02F04D
:104B600009C017200E00000000000000158025007D
:104B70009F007C02F009C027009F007C02F009C062
:104B800027009F007C02F009C027009F007C0AF0EC
:104B900009C0E70087047C06F019C027009F007C4D
:104BA00002F409C2A12087497C46F019C06500972C
:104BB000807C02F009C057000600000000000000E1
:104BC0001408050017184C00F001C007001F007CF6
:104BD00000F001C007001F007C00F001C007001FAB
:104BE000007C403001C0070413024C88B221C0058C
:104BF000001F106C10B011C006081F466C00F02199
:104C000040050912207C00E001C053200400000090
:104C10000000000014A0142071015401D0054017B9
:104C2000005D007401D0054017005D007401D005DF
:104C30004017005D00B409100540DF047113C4057E
:104C4000D016425C006D10A4051007409C227D40E8
:104C50008519D097405C0055007401D00540530081
:104C6000020000000000000014A03200C50104038F
:104C7000D00C403300CD003403D00C403300CD00C5
:104C80003403D00C403300CD00342B100C42A30071
:104C900001052447D0D8403008CD21240F901C4076
:104CA0007000C9010403D03D50F120C1003403D08D
:104CB0000C4053000A00000000000000058078014D
:104CC00021009403D00E403B00ED00B403D00E4011
:104CD0003B00ED00B403D00E403B00ED00B40314E4
:104CE0000E400B506100A443D00F50B900AD00B48A
:104CF0004300264038046D108603D00C490814E5A3
:104D000000B403D00E4017000200000000000000B5
:104D100015107C0BE7018C07F01EC07B00EF01BC77
:104D200007F01EC07B00EF01BC07F01EC07B00EF48
:104D300001FC07301EC05B00A301AC05F016E4784F
:104D400000EF21AC07B01BD06820FB018C07F21EDE
:104D5000C07D40E301BC07F01EC0574000000000CA
:104D60000000000010B835028F007C03F00DC03742
:104D700000DF007C03F00DC03700DF007C03F00D86
:104D8000C03700DF007C03F10DC807004F205D0332
:104D9000F004C836001B002C03F0014805005B003E
:104DA0005C03F001C20700DB007C03F00DC0436030
:104DB000060000000000000000A07F00FF81C8077F
:104DC000F01FC07F00FF01FC07F01FC07F00FF0144
:104DD000FC07F01FC07F00FF01BC07F89FC04F0019
:104DE0002F0DC027B01BC07C22FF09F807D01FD0B1
:104DF0007802F301CC87301F807C00F341FC07F080
:104E00001FC00B000E0000000000000015883922B2
:104E1000AD048403F00E403B00ED00B403D00E401F
:104E20003B00ED00B403D00E403B00ED00B41B1876
:104E30000E600B01278884C3102EC02A10AC089C7A
:104E40002320634128002000840B5002450D00EF11
:104E500000B403900EC057200600000000000000C0
:104E600000003900ED008603D00E403B00ED00B499
:104E700003D00E403B00ED00B403D00E403B00EDEC
:104E800000B481580E460B202D1486839002403AC0
:104E900028A808B4035002442A802100C420502EC0
:104EA000400904E100B403D00E40230004000000D8
:104EB00000000000042873018D000403500C4033EF
:104EC00000CD003403D00C403300CD003403D00CAF
:104ED000403300CD00341D980C40C3000501054F40
:104EE00050204022100840140310314842491160FC
:104EF00004185011400500C5003403D00C4019209F
:104F00000C0000000000000015A87D00DF004C032D
:104F1000D00DC03700DF007C03F00DC03700DF008C
:104F20007C03F00DC03700DF007C13F00DC02304BC
:104F30005D024E0BB00440320099407C0178ADC058
:104F4000E604920544037011423400D1007C03F062
:104F50000D40532006000000000000000100372231
:104F60009F027C03F00DC03700DF007C03F00DC012
:104F70003700DF007C03F00DC03700DF007C0370DA
:104F80000DC407245F066E0BA14DC0B7009F207CA7
:104F900001F005C0A5001F047C08C021C00720DF68
:104FA000007C03B00DC007000C00000000000000F2
:104FB00080083F00FF00CC03F00FC03F00FF00DC83
:104FC00003F00FC03F00FF00FC03F00FC03F00FFE5
:104FD00000FC03300FC00F407300FC827307C82C25
:104FE000A0B380F403F00B8029001300CC03300140
:104FF000C06C05F340FC03F00FC007200C0000005C
:1050000000000000812036008D314403D00D403770
:1050100000DD007403D00D403700DD007403D00DB7
:10502000403700DD003403500D4047005503241283
:105030004025C0460415017007908148E4011FA770
:105040002C80B031404500D5007403D00D400702DC
:10505000080000000000000001A03400DD0144034E
:10506000D00D403700DD007403D00D403700DD0067
:105070007403500D403500DD007622500D400701CD
:1050800059037423104948340211017446C0014089
:105090006400918154A310314C1404D1007403D0E6
:1050A0000D4007000200000000000000102030004A
:1050B0008D000403D00C403300CD003403D00C40ED
:1050C0003300CD003403D00C403300CD00340258FF
:1050D0000C40070041002403510940220805013417
:1050E00003D000402120094074008000400000C02F
:1050F000003403D00C40428000000000000000009B
:1051000000B03E009F004C03F00DC03700DF005C94
:1051100003F00DC03700DF007C03700DC03700DFE7
:10512000007400700DC2078853207C035001622474
:105130001011007C02F001C2040013005C00200189
:10514000C00400D2007C03F00DC007C00A000000BC
:105150000000000005B83F00AF00FC03F00FC03FA7
:1051600000FF00FC03F00FC03F00FF00FC03F00F46
:10517000C03F00FF00FC82C00FC00F007F00AC03E7
:10518000F002E00F803F00BC03B003400E003E0081
:10519000AC00F003C80F20FF00FC03F00FC0176045
:1051A0000E0000000000000003A00F00BA01B410C0
:1051B000301FC05E10FB26F807F01FC03F00F30150
:1051C000FC07F01FC06F40BB41EC05348FC04F009F
:1051D0003F44EC04F293C0CE003B01DC24B412E661
:1051E0004F007301EC04311FC07F00FF01FC07F08A
:1051F0001FC00C000E000000000000000108270383
:10520000914174A4101D400405F1007407D01D40A5
:105210003F04D5017407C01D40670091014411107F
:10522000EC4444081D095407D049402101D0017CB9
:10523000125219C057005F015410101D427700DF51
:10524000017407D00D4005200C0000000000000094
:1052500010A0038C8D003482010C401201C90C3463
:1052600003D00C403302C1003403C00C403700911E
:10527000004741004C4042000D00040351404025CE
:10528000A085203412D00842070001002440100CF1
:10529000483310CD003403D00C4040800E00000095
:1052A0000000000003A8E50015017406103D40143D
:1052B00001D1407403D00D403700D5007403D20DE6
:1052C00040A70091115401100D40440019115403DE
:1052D000D288406520D14074A2D109410500151043
:1052E0004400500D403700DD007403D00C400D2009
:1052F000060000000000000002A847009F037C4455
:10530000301CC05600DB007403F00DC03720D320E2
:105310007C03F00DC0F70083016C01300DC0460026
:105320000D416C067031C0E2005F405C0EF0394008
:10533000270041016C02340DE43790DF007C03F05C
:105340000DC008200E00000000000000078025109E
:10535000FA00FC02F40FC25F00FF00FC03F00FC074
:105360003F00FF00FC03F00FC07F06BF00EC01719F
:105370000FC10E003F20FC27F00BC02D20F740DCB2
:1053800046703BC11F087F88FC26B00FC03F00F766
:1053900000FC03F00FC01F0006000000000000002A
:1053A000030885009F406C0AB029C01401DF007C0F
:1053B00003F00DC03780D3007C03B00DC8B7029353
:1053C000007C05700DC007001F087C02B041C8A416
:1053D00040D3406C0A3029C436201F424C07F00DE0
:1053E000C03700DF007C03F00DC00C20040000007B
:1053F0000000000013A02400D1070002102D40740B
:1054000001FD007403D00D403F00D5807403709DF2
:1054100040F320919134A9B27FC0560119207483C2
:10542000D019D02700D9004403D01DC01020DD2E94
:10543000440ED00D403700D9007403D00D404C000D
:10544000020000000000000007A0060184002410F4
:10545000D00C405420CD002403D00C403700C100B4
:105460003403D02C40332081863409922D40030030
:1054700009073602D83840A1060900448680285022
:1054800000804D0246C0D00C403300CD003403D024
:105490000C401C000A00000000000000068078009C
:1054A000A103A424923E565800ED01B407D01E403B
:1054B0003B00E501B407501E416F2BA101B40590DC
:1054C0001E406A816D89B407985A406B81F9018446
:1054D00016D05B4058806D018526D01E407B00E9C8
:1054E00001B407D00E4018000200000000000000C8
:1054F0001210200087082C40F20CC11000CD082C9F
:1055000003F00CC03702C1003403F00CC033038336
:10551000087401304CD023028B483632F029C12167
:105520000083802C42B108C100004F000C28F00C11
:10553000C03302CF003C03F08DC0484000000000A3
:105540000000000002B83D80A700DC00700EC01F04
:1055500010FF18F003F00FC0BF00FF00FC03E00FC6
:10556000C02B03BF20FC21F00FC00F03FBA8FE23BC
:10557000F04BC83F01E700DD13F24BC00F222F4074
:10558000FD20F00FC03F00FB00FC03F0CFC00B601C
:10559000060000000000000015A037009F007C8579
:1055A000B10CC81400DE345C03F00DC03500D3002C
:1055B0005C03F00DC0170093207C01F88DD04200F1
:1055C00003004C02F009C0240053006C063218C0DE
:1055D000640053004C06360DC23700DF007C03F038
:1055E0000DC057000E0000000000000013883900B5
:1055F000ED00B402010E401800E904B403D00E40DF
:10560000BB00E500B403D00E423B00A100B401D0C2
:105610000EC03A0061008403D00F403D00E10084D9
:10562000029A0E4019206B00EC02100E403B00ED78
:1056300000B403D00E404F20060000000000000020
:1056400003007900AD0134049417405800ED25940F
:1056500007D01E407B01E101B407D01E407F00A1AE
:1056600001B405D01E444A00E1118406D01E602812
:1056700014E101C486981A607C007141840E101EEA
:10568000407B00ED01B407D01E400F000400000075
:1056900000000000122873008D033206100440F051
:1056A00001C9003403D00C403300C5003403D00CD2
:1056B00040F30041017401D20C501202C181040B6D
:1056C000D09D503104C109040F903C401100491293
:1056D0002406100C403300CD003403D00C404B2086
:1056E0000C0000000000000017A89D066F02FC09D6
:1056F000B037C15C015F005C01F005C015005300CC
:105700007C01F005C0DB04731AFC01F005D05E409B
:105710007300CD11E007D018007300EC4D34B7C012
:10572000DC027300CE0D3005C017005F007C01F075
:1057300005C05F2006000000000000001200070006
:105740001F0C7C68F001D187001B007C00F001C0B9
:1057500003001F007C80F001C007441F007C08F09C
:1057600021C007001FA07C40F0014007001F007D02
:10577000187081C807021F007E40F001C007201F7B
:10578000007C00D001C04B000C00000000000000B5
:10579000100867029F005C02B889E065009F407CAA
:1057A00002F009C0270093007C02F009E06708932B
:1057B000057C063208C065048F004C02F019C02732
:1057C0000293804C22C059C027109F094C02F10956
:1057D000C027009F007C02F009C843200C00000095
:1057E000000000000120A6009D41441AD00861A4D9
:1057F000009D007402D009C025009B007C02D009E6
:105800004027009111743A11195064029D006802FA
:10581000D0C940E54881104446D0194227008D0286
:105820004412D0094027009D007402D009400700AF
:10583000080000000000000018A0A410DD015402C0
:10584000D0094025019D406602D0094027009900FB
:105850007402D04940A7019100740210894125309B
:1058600099004003D00900B70099004403D00940D3
:1058700027009D004402D0094027009D007402D0FB
:105880000940630002000000000000001020200119
:105890009D000412D0094020008D043602D8084033
:1058A000210189003402D008402300810034021015
:1058B000484020008D042402D108442300990004AC
:1058C00002D80C4023008D000402D0084023008D34
:1058D000003402D0084043800000000000000000B7
:1058E0001CB086021F005400D0014095021F0A6CB4
:1058F00000F001C083021B007C00F0014007001390
:10590000007C2834A0D005001B004C00F0A1C0870B
:10591000021B004C28F201C007105F004C28F00168
:10592000C007001F007C00F0A1C073C00A00000087
:105930000000000019B82F02BF00F022F00BC03F9A
:10594000009F087002F009C027029F005C02F00966
:10595000C02B40FF007C02F089D82F10BE88FC824B
:10596000F10BC82D00A500BD02F10FC02B00EF0008
:10597000FD02F009C027089F007C02F009C06760A3
:105980000E0000000000000018A02F80BF40E45669
:10599000300BC02E009B004C02F8094027039300F7
:1059A0007E02F00BC02F10B300DC22F04BC02F00A2
:1059B000BF044C02F80BC02F00B320FC02300BC216
:1059C0002400FF00DC223009C027089F007C02F081
:1059D00009C063000E000000000000001C08170052
:1059E0001D004408020540040011004500D001409C
:1059F000070315C07E00D00140070011004400D10C
:105A0000414104001D086C00D9014200005B407058
:105A100040500142040017005511F0014406001DDA
:105A2000007400D0014073200C0000000000000052
:105A300010A023009D00260214094026008920049E
:105A400002D00840230181003402D00840270081A1
:105A5000201402D0C84023008D000402D04D412103
:105A6000058180340211094020008D005512100874
:105A70004023088D003402D0084043800E0000000F
:105A80000000000018A835009D0046461209402479
:105A90000091404402D00940272095805402D20949
:105AA00040274091044402D00840A4109D0464D2D1
:105AB000D009402001990034124009422400950089
:105AC0005402D0094026089D007402D0094063208A
:105AD000060000000000000005A8A7109D106C0241
:105AE0003039C0E6009B004C02D009C0270093006B
:105AF0007402F209C2670191025C02F009D0A702A8
:105B00009E444C02D019C8650993027CCA3039C042
:105B100024209F021C263009C027089E007C02F02A
:105B200009C017200E0000000000000015802500AD
:105B30009F033C42F099C027019F007C02F109C0FD
:105B400027009F007C02F009C127019F007C02F022
:105B500009C027088F007402F099C4654097807EC1
:105B600002F059D0670A97047C42B009C426009F0E
:105B7000007C02F009C05700060000000000000091
:105B8000140805001FC07C283021E1040003207C9C
:105B900000F201C0030013807C00F001C807441B21
:105BA000017C00B001C186001F044D08B001C8048B
:105BB0000213004C90F001C007001F006C00F001C0
:105BC000C007001F007C00F001C05320040000004B
:105BD0000000000014A09C006D03F409100640189A
:105BE0000051007401D00540170055005C01D0073A
:105BF000419B006131F40510574254007D1144016E
:105C00007006401C187120C549D0964017006D01E0
:105C1000C401D005C417005D007401D005405300D5
:105C2000020000000000000014A07204CD04340241
:105C3000541C409001C1003403D00C403300C1001B
:105C40003403D03C40B342C100344B100450320006
:105C5000CD030403980040E001C1000406D00C40CD
:105C60003300CD00240BD00C403300CD003403D0E2
:105C70000C4053000A000000000000000580381CA2
:105C8000ED103403120F410800E104B403D80E40B4
:105C90003B01E500B403D00E403F00E100B40F101B
:105CA0000464B800CD808403D006403800E103943A
:105CB00001D02E403B806D028402D00E403B80ED2F
:105CC00000B403D00E4017000200000000000000E6
:105CD00015107800EF41BC06721E506840E307BC07
:105CE00007F01EC0F300E301BC07F01ECA6B08E119
:105CF00001FC073016C07A00EF018C07B10BC848D1
:105D000042E3018407F01AC07B20EF61AC07F01E6C
:105D1000C07B00EF01BC07F07EC0574000000000D0
:105D20000000000010B83508DF807C03F004C08359
:105D300045DF007403F00DC0B705DF005C03F00D14
:105D4000C0231097007C01F601C13500DF007C0301
:105D50007229800700CF006C09E0094037004F002E
:105D60007C02B00DC03500DF007C03F02DC0436025
:105D7000060000000000000000A07F1ABC09F81413
:105D8000F01AC05E00FB01CC07F01FC07F00F301DA
:105D9000FC07D09ED07C227F49FC07F01EC07C0A05
:105DA000F321CC073432C07C00F701BC0E301FC891
:105DB0007F10FF01CC07F01FC07F00FF01FC07F040
:105DC0003FC003000E0000000000000015883906E7
:105DD0002D10B402C06A410800E1008403D00E40D7
:105DE0003B00E508B403D08E4038132C02B41AD01F
:105DF000464038006B8484035066403C42E104B462
:105E00000010AAC939066D0A8602D20EC03B00ED09
:105E100000B403D00E405720060000000000000030
:105E200000000930AD40B452C20B400A04E90084BE
:105E300003D00E403B00E100B403D00E4808006DD3
:105E400090B400D10E403C30E900E403100A402831
:105E500000E500B602900A403B00ED008401D00E40
:105E6000403B00ED00B403D00E40030004000000EE
:105E700000000000042883004D023402D0184000C6
:105E800000D1000403D00C483300C5003403D00C0B
:105E90004020060D073000D00850F0004900244F84
:105EA0005258406400C1273436902841B1014C0952
:105EB0000400D00C403100CD003403D00D4013203D
:105EC0000C0000000000000015A86508DD02740742
:105ED000F00DC0E600FB004C03F00DC03F00D30006
:105EE0007C03C00DC0F4001D407802F005C02403FF
:105EF000D8102D4F3065F0B403D7073C0394398296
:105F00007710CF024C16D00D403700DF007C03F035
:105F10000FC057200600000000000000010027010C
:105F20005F267C43F005C08700DF007C03F00DC0D6
:105F30003700DF007C03F025C037109FA07C0AF0FB
:105F400025C02700DF005C03F10DC03700DF027CB5
:105F5000037009C037005F067CCAF00DC03700DF50
:105F6000007C03F00DC007000C00000000000000E2
:105F700080082F00FF00BC07320FC40C04D340DCA4
:105F800003F00FC03300F300FC03F00FC02F00BF7D
:105F900000DC00F806C43C20CF01CC03300FE01C2D
:105FA000007705FC03300BC03F00FF00CC02F00F70
:105FB000C03F00FF00FC03F00FC400220C000000F3
:105FC00000000000812066005D017403141C40C0C5
:105FD00001D1004403D00D403700D5007403D01127
:105FE0004867009D03740CD831427500DD415403AD
:105FF00010384464015F0774871039483700DD01A9
:106000006CCC720D403700DD007403D00D400502EA
:10601000080000000000000001A06400DD037420FF
:10602000D219404400D1004403D00D403700D100C4
:106030007403D0194177201D817406C031402402B9
:10604000DD044403101140740095007407101940DA
:1060500037009D216006D00D403700DD007403D06D
:106060000D400400020000000000000010200000AD
:106070000D003482900D500400C1000403D00C4088
:106080003300C5003403D00C4033000D003402D17E
:106090000040318009805403140D5030008D80740D
:1060A0000614084032005D402402020C403200CD4C
:1060B000003403D00C4041800000000000000000CC
:1060C00000B00600DF007C02F00DC20800D3004CD7
:1060D00003F00DC03F00D3007C03F00DC007101F7C
:1060E000205C00D003C03400DF004C03320B402C96
:1060F000101500FC023009C03710DF206C00E00DE5
:10610000C43700DF007C03F00FC000C00A000000AD
:106110000000000005B80F807F80FC02700FC00FE8
:1061200000FF00F003F00FC43F00FF00FC03F80B7A
:10613000C03F003F00FC00F003843B803F00BC03F5
:10614000F00BC02F003F00FC02F003C03F00EF0047
:10615000FC00F00FC03F00FF00FC03F00FC0176011
:106160000E0000000000000003A04F00FB10EC0731
:10617000F01FC07F00FF01FC07F01FC07F00FF0180
:10618000EC07F01FC07F00FF29E405F01FC04F029D
:10619000FF09BC04301AC07E00EB01FC07F013CAF3
:1061A00048003F20CC00F043C30C85FF01FC07F002
:1061B0001FC00F000E0000000000000001082704AF
:1061C000D1434407D01D407700DD017407D01D4046
:1061D0007700DD017407D01D407700DD004411D049
:1061E000454007099D004C077019407410D1015CAF
:1061F00007D011C066081F03440C903140C500D978
:10620000907407D01D4007200C0000000000000023
:1062100010A03300CD003403D00C403300CD003447
:1062200003D00C403300CD003403D00C403300CDFC
:10623000002441D00C410200CD2454041009403206
:1062400010C8203003D8004020001D020408D000F0
:10625000600000CD043403D00C4043800E000000E9
:106260000000000003A82104D5005403D00D4037DE
:1062700000DD007403D00D403700DD007403D00D45
:10628000403700DD00440DD0154107009D005483C8
:10629000400D6A3408D1207403D00D402400151835
:1062A0004504D211404504D9007403D00D400F209D
:1062B000060000000000000002A85700DF007C0379
:1062C000F20DC03700DF007C03F00DC03700DF00A7
:1062D0006C03F00DC03700DF006C05F01DC0C70077
:1062E0009F0D5C03302DC03600DB807483F081404D
:1062F00084091D004C0CF011C0C400DD007C03F0CB
:106300000DC00B200E0000000000000007802D0AC9
:10631000DB00EC03F00F403F00FF00FC03F00FC078
:106320003F00FF00FC03F00FC03F00FF00FC01F046
:1063300007C0CF00FF01CC23700FC03D00FF10DC71
:1063400003F013C04F02BF017C80B002C00700FB06
:1063500010FC03F00FC01F0006000000000000004A
:1063600003083500D7004C03F00DC03700DF007C78
:1063700003F00DC03700DF007C03F00DC03780DB79
:10638000007C01B00DC04501DF027C03222DC03727
:1063900020DF004C03F00DC0070057014C8A30117C
:1063A000C40401D3487C03F00DC00F20040000009A
:1063B0000000000013802408E0044403700D4037FF
:1063C00000DD007403D00D403700DD007403D00DF4
:1063D000403700DD007403108540C400DD1A34032B
:1063E000B01C407000DD024447D80CC00500C0203E
:1063F0004402B109400401DF027403D00D404F0094
:10640000020000000000000007A02200C5010503F3
:10641000D00C403300CD003403D00C403300CD000D
:106420003403D00C403300DD003400900440010000
:10643000C90134035000407104CD002407D100404D
:10644000030005000500510044C200C1033403D01D
:106450000C401F000A0000000000000006807C00C5
:10646000E1038407501E407B00ED01B407D01E40BD
:106470007B00E901B407D01E407B00ED81B404101D
:1064800016004A00ED01F607D012407884ED018431
:1064900007D01E606D8221018425901A405A00E9C0
:1064A00001B407D01E401B000200000000000000E5
:1064B00012103000C7000C03F00CC03300CF003CBA
:1064C00003F00CC03300CF003C03F00CC03300CD10
:1064D000007C01B00DC00100CF20340370A0E13179
:1064E00022CD002823D060C0230007000C08300410
:1064F000C00200C3003C03F00CC04B400000000091
:106500000000000002B8B900FFC0FC03F00FC03F5C
:1065100000FF00FC03F00FC03F00FF00FC03F00F82
:10652000C03F00FF00FC01E007C00D00FF00FC03BE
:10653000B007C23D00FF00DC03F00FC02F086F0062
:10654000F081F08EC03D02FF00FC03F00FC00B6035
:10655000060000000000000015A07701D3007403BE
:10656000F00DC03700DF007C03F00DC03700DF0006
:106570007C03F00DC03700DF007C00F805C0070089
:10658000DB007C03F80DC03700DF007C83711DC089
:10659000440013200C003001C02440D3004C03F011
:1065A0000DC057000E0000000000000013883D40A1
:1065B000E182B403D00E403B00ED00B403D00E40A6
:1065C0003B00ED00B403D00E403B00ED00B40010E2
:1065D00006400B006D00B403D00E423B00ED00B648
:1065E00003700E602848A1009483100E403808F113
:1065F00000AC03D00E404F20060000000000000059
:1066000003007900E141B607D01E407B00ED01B4E4
:1066100007D01E407B00ED01B407D01E407B00ED8B
:1066200001B404D01640CB00ED01B407D01E4C7B62
:1066300010E9019407D01F406880C50184079016B7
:10664000507100E1018407D01E400F0004000000DB
:106650000000000012287300C1003603D00C403344
:1066600000CD003403D00C403300CD003403D00CF7
:10667000403300CD00360810104173115D02344BD9
:10668000D10C403320CD003403D02C44F000C501A0
:10669000142F901C40F101D1002403D00C404B205A
:1066A0000C0000000000000017A8150443007C0146
:1066B000F005C017005F007C01F005C017005F0007
:1066C0007C01F005C017005F00FC41F067409F00AF
:1066D0007F18FC01F0878317004F007C01F087D002
:1066E0001C047507C425B007C0DD5453004C01F0ED
:1066F00005C05F2006000000000000001200070037
:106700001F007C00F001C007001F007C00F001C0EA
:1067100007001F007C00F001C007001F007C40F054
:1067200001C887001B027C00F021C087001F027C8B
:10673000007081C007041B107C007481C086001F9C
:10674000007C00F001C04B000C00000000000000C5
:10675000100837009F005C02F009C027009F007CF2
:1067600002F009C027009F007C02F009C027009FAB
:10677000007C027019C0670193054002F029802651
:10678000009F004C0AF009E066028F004C023008BE
:10679000C9200093004C02F009C043200C00000007
:1067A00000000000012026009D044402D00940277B
:1067B000009D007402D0094027009D007402D0099A
:1067C0004027009D40340210D940630091034502E8
:1067D000D01948A7009D08544AD0094027009D00C1
:1067E00004021009402440910F6C02D009400700B8
:1067F000080000000000000018A024009D015402C1
:10680000D0094027009D007402D0094027009D0058
:106810007402D0094027009D0074025009403704DB
:1068200091024402C00940A7009D104402D01940C3
:1068300026009D004402140D40640091004402D0E3
:10684000094063000200000000000000102020202A
:106850008D040402D0084023008D003402D008408B
:1068600023008D003402D0084023008D00740210F4
:106870000840270081001402D0084023008D001436
:1068800002D0084063008D04041200585230018188
:10689000002402D0084043800000000000000000F7
:1068A0001CB086021F405C00F001C007001F007C86
:1068B00000F001C007001F007C00F001C007001FAE
:1068C0000A3C2871A1EA872A130A4C00F005C00788
:1068D000101F004C00F0014006001F004D00300169
:1068E000C80400130A4C00F001C073C00A00000085
:1068F0000000000019B837009F087C02F009C0278B
:10690000009F007C02F009C027009F007C02F00974
:10691000C027009F00F402F00BC02F40BF00EC0224
:10692000F00BC027009F007C02F00AC02B00BF08BC
:10693000FC22F08AC02F029F007C02F009C0676031
:106940000E0000000000000018A02700AF014D025B
:10695000F009C027009F007C02F009C027009F00BB
:106960007C02F009C027009F001C22300BC02C00C5
:10697000AF007E03F00BC02880BF00F802F008C013
:1069800027A895244C123049C02401B302FC02F020
:1069900009C063000E000000000000001C08070092
:1069A0001D804400D0014007001D007400700140AC
:1069B00007001D007400D0014007001D104400B006
:1069C00001C006001D007400D101400400170074CE
:1069D000007001C00500110244091A25408C001105
:1069E000047400D0014073200C000000000000007F
:1069F00010A023008D020402D0084023008D003433
:106A000002D0084023008D003402D0084023008DBE
:106A100000140290084020808D003402D0086023CA
:106A2000008D003403D00A402B00A122840A102AD2
:106A300060A80081003402D0084043800E000000AE
:106A40000000000018A825809D004402D0094027BE
:106A5000009D00740250094027009D007402D00977
:106A60004027809D000402900940B6009D8074027A
:106A7000D109402600950074034069482F40B100B9
:106A8000C412124B402C0191007402D009406320C3
:106A9000060000000000000005A867009F004C02EF
:106AA000F009C027009F007C02F009C027009F006A
:106AB0007402F009C027009F805CCEB079C0E4006A
:106AC0009E007402F019D027009D007C02E009C0EE
:106AD000E721910D4D0E142990240493007C02F0BF
:106AE00009C017200E00000000000000158065029C
:106AF0009F007C02F009C027009F007C027009C043
:106B000027009F007C02F009C027009F007C12F044
:106B100099C0E7089F147C02F039C025209F007CB3
:106B200002F019C225228F003C06F008C067409F82
:106B3000007C02F009C057000600000000000000C1
:106B4000140885001F004C00F001C007001F007CE6
:106B500000F001C007001F007C00F001C007001713
:106B6000007C083081C0050013005C00F001C807FC
:106B70004613407C00F221C484201F006C0874215D
:106B8000C00F001F104D003001C053200400000052
:106B90000000000014A014006D114401D00540173E
:106BA000005D007401D0054017005D005C01D00558
:106BB0004017005D0074815087401C007100440143
:106BC000D006441F007111F401D0054010085D206B
:106BD000441110054013007D03440110054053008B
:106BE000020000000000000014A032008D10040319
:106BF000D00C403300CD003403D00C403300CD0026
:106C00003403D00C403300D5003403102140414000
:106C10000D011403D014403300C111341BD00C40BB
:106C20003000CD002407500C441380CD0204031023
:106C30000C4053000A0000000000000005803800EE
:106C4000ED008403D00E403B00ED00B403D00E40B5
:106C50003B00ED00B403D00E403B00ED08F41750AC
:106C60000A40C800FD118403D026087B00E100A47F
:106C700003D01E4038008D000003150A401B00EDB4
:106C8000118407100E4017000200000000000000F1
:106C90001510F8202F018C07F11E407B00EF01BC7E
:106CA00007F01EC07B00EF01BC07F01EC07B00E7B1
:106CB00005BC4B3417C05D086F219C07F016C07BE4
:106CC00000E301BC05F21AC24800EF01AC077016E0
:106CD000C86B00BF818C07341EC057400000000005
:106CE0000000000010B8B5055F007D03F00DC0374F
:106CF00000DF007C03F00DC03700DF005C03F00D07
:106D0000C03700DF007C1BB005C0070053007E03C6
:106D1000F001C03720DF007C01F009D407009F207C
:106D20007C03F001C027009F003C03F00DC04360CE
:106D3000060000000000000000A07F12BE01CC078A
:106D4000F01FC07F00FF01FC07F01FC07F00FB01A8
:106D5000FC07F01FC07F00FF01FC074017C05F0069
:106D60002F01CC07F017C07C00FF09BC05309FC085
:106D70007FA2FF01CC06F01F005C02FF01EC13F0C4
:106D80001FC003000E00000000000000158839003D
:106D9000ED088403D00EC03900ED00B403D00E40DE
:106DA0003B00ED00B403D00E403B00ED00F40310B7
:106DB0004E400B062708AC83D806C01801E7029C9A
:106DC00001B2CEC83B00AD04AC02D00AC01A02B971
:106DD000248623D00E40572006000000000000004B
:106DE00000003980ED008403D00E403B00ED00B47C
:106DF00003D00E403B00ED00B403D00E403B00ED4D
:106E000000B4035006411B003D008403D007413805
:106E100090ED00B621500A680B00ED20A422D006A8
:106E2000406A082D20A423D00E4003000400000077
:106E3000000000000428F384CD000403D00C40338C
:106E400000CD003403D00C403300CD003403D00C0F
:106E5000403300DD00340310244087041403241F52
:106E6000D210401000C5001600D0080001018D208E
:106E7000241ED22040A20009000403D00C4013209D
:106E80000C0000000000000015A8FD008F004C035E
:106E9000F00DC03700DF007C03F00DC03700DF00CD
:106EA0007C03F00DC03700FF00FC0B701D80F70065
:106EB0005C104CC7F005D03430DF007C0170844397
:106EC000F3045F134E45F03D01D6019F406C83F8FB
:106ED0000DC057200600000000000000010037220E
:106EE0005F027C03F00DC03500DF007C03F00DC0B5
:106EF0003700DF007C03F00DC03700DF007C43F07B
:106F00002DC10700DF047C03F025C0B500DF027C43
:106F1000099005C037001F104F01F009C017011B71
:106F2000027C03F20DC007000C000000000000000E
:106F300080083F001F03CC03F00FC03F00FF00FCA0
:106F400003F00FC03F00FF00FC03F00FC03F00FF45
:106F500000EC037007C01C087300C803701FC09FBB
:106F600000FF01FC01F103C00C006B00DC01F20426
:106F7000E32C00BF00FC03F00FC003220C00000054
:106F800000000000812036005D044403D00D40372E
:106F900000DD007403D00D403700DD007403D00D18
:106FA000403700DD000403145430440055015403FD
:106FB000D049409704DD037C0CD061C40500110664
:106FC0005499D201E025081D037403D00D40070237
:106FD000080000000000000001A034089D204403C8
:106FE000D00D403700DD007403D00D403700DD00C8
:106FF0007403D00D403700DD006403501540740069
:10700000110154035841403500DC087405D0054097
:10701000340059007400D20D4816A09D117403D994
:107020000D400700020000000000000010223008A0
:10703000CD000503D00C403300CD003403D00C400C
:107040003300C9003403D00C403300CD0044031397
:107050000D40009005401403D100400300CD001402
:1070600001D00540350001001400D0084013000D88
:10707000003403D80C4042800000000000000000F3
:1070800000B03E009F004C03F00DC03700DF007CD5
:1070900003F00DC03700DF007C03F00DC03700DFC8
:1070A00000EC037005401400130054837009C017EE
:1070B000001F007401F001C004085B007C00F005B3
:1070C000EE26101F007C03F10DC003C00A00000073
:1070D0000000000005B83F00FF00FC03F00FC03FB8
:1070E00000FF00FC03F00FC03F00FF00FC03F00FA7
:1070F000C03F00FF80FC03F007C00F003F00FC030F
:10710000F10AC00F00BF00EC00E003C00D002F002B
:10711000F800F003C82D003F00FC03F00FC017601B
:107120000E0000000000000003807F00EB01EC1A5D
:10713000311EC27C00FF00FC07F01FC07F00FF0172
:10714000FC0DD013C05D003F018806F04BC00C0061
:10715000FB01FC05700BC82EA0BF41FC02B89FC00C
:107160007F00FF019C853013C04C00FF01CC07F06D
:107170001FC00F000E0000000000000001003715C6
:10718000D1144432111D407410DD2B7407D01D4002
:107190007700DD017403C00940540811015406D082
:1071A0003B408501D501740550BB407D029501B47B
:1071B000CAF00D407600DD0174051011406500DD58
:1071C000014C07D01D4007200C000000000000000B
:1071D00010A03300CD203686100C403020CD003476
:1071E00003D00C403300CD003412D0014013080509
:1071F000010403D08840328ECDA01401520C4021EE
:1072000080C9003033924C403010CD00340110085A
:10721000400280CD000403D00C4043800E000000EB
:107220000000000003A83520D5005406100D50348E
:1072300010DD007403D00D403700DD20740ED01136
:1072400061961019004603D009002700D16074052B
:10725000500D4077009D807407500D503600DD00C2
:107260007447141D407704DD004403D00D400F2007
:10727000060000000000000002A83700DF007C07C5
:10728000300DC03400DF207E03F20DC83710DF0060
:107290007C0DF018C0970057004C0AF208C0160089
:1072A000DF003C057009C0E7A4DB0D7C0EB00DC407
:1072B0003600DF001E0D302DC11608CD004D03F045
:1072C0000DC00B200E0000000000000007803D00F4
:1072D000FB10EC43F10FC03F00DF00FC03F00FC0D8
:1072E0003F00FF00FC01F00FC81D007700F042F0E6
:1072F0005BC34906F600FC01B058C00104F110FC64
:1073000003F00FC03D00FF40FC03F007C23D00FD4D
:1073100000DC03F00FC01F000600000000000000AA
:1073200003083500DF006C03700DC03480DF204C93
:1073300003F00DC03600DF006C40B085C0940153EF
:1073400001720B7809C05510DB007C21320DC91782
:1073500000D7005C0B320DC03700DF047C09B00D94
:10736000C0B700DF007C03F00DC00F200400000058
:107370000000000013A03400DD024443109C4034A0
:1073800000FD006C03D00D403700DD20740DF025AA
:10739000C8920441037C4BF029C20600DB00740351
:1073A000A03DD0D500DF836C67F00D403400DD02D6
:1073B0007403100C48B700DD007403D00D404F007B
:1073C000020000000000000007A0B601DD09440330
:1073D000583C403000CD000403D00C403300CD00B9
:1073E000342DD83061720081122408902840810029
:1073F000C500201990384062008D03440210AD4151
:107400003100CD003401100440F304CD403603D0E8
:107410000C401F000A0000000000000006807800F9
:10742000ED018427101E407800ED018407D01E4036
:107430007B00ED01B407591E407E10A121D40490B9
:1074400018684900ED01F085909E605B04FD31A451
:1074500024901E407800ED01F485101E406B04E975
:1074600001B607D01E401B00020000000000000013
:1074700012003002CF004C00700CD13002CD080455
:1074800003F00C403302CD003422D005C232028119
:10749000082409900C413500C5082C01B08CC103AB
:1074A00000CF000C01320DC03102CE043C12B18875
:1074B000C01300CF003C03F00CC04B4000000000A4
:1074C0000000000002B83D80FF08DC81F00FC83FDB
:1074D00000FF20FC03F00FC03F08FF80FC03E00F1B
:1074E000C03B00BF00F805F00F403E12F800B001AD
:1074F000F08F701D80ED00EC01F08FC03D00FF00AB
:10750000FC02F00FC03F00FF00FC03F00FC00B6057
:10751000060000000000000015A03700DF004C034B
:10752000340DC03400DF005C03F00DC03700DF0015
:107530007C01F009C03700D70078003108C5150874
:10754000D5002C005069C22424D3014C16300DC044
:107550003400DF802C86B10DC03700DF007C03F0E3
:107560000DC057000E000000000000001388390015
:10757000ED008403100E403900ED00B403D00E403E
:107580003B00ED20B403D00E403B20ED20B480D072
:107590000E001800E500B401108A420808E180944A
:1075A00042500F403820ED80BC02100E403B00EDF1
:1075B00000B403D00E404F20060000000000000081
:1075C00003007900ED010407101E407820ED41B45E
:1075D00007D01E407B00ED01B40ED81E407B20ED8D
:1075E00081B485D01A405100E501E405501F41C81F
:1075F00080E1018607901E487880ED01B406103EB8
:1076000040FB00ED01B407D01E400F000400000055
:107610000000000012283300CD000489110C403115
:1076200000CD003403D00C403300CD00340FD00C1B
:10763000403300CD013481D01C401444C580343F18
:10764000500840800041131606D00D5C3000CD007C
:10765000160E103C41F301CC003403D00C404B20FB
:107660000C0000000000000017A815005F00CD1DF1
:107670003205C014005F007C01F005C017005F00F8
:10768000FC25F0D7C017005F007401F017C05D0043
:107690005500AC015204C01C007306CCB9B005C043
:1076A00014005F00F419B036C09F004D007C01F05B
:1076B00005C05F2006000000000000001200070067
:1076C0001F407C00F021C007001F807C00F001C03B
:1076D00007001F007C00F001C087001F08FC00F0BD
:1076E000A1C087021F007C00A001D807401F007CBA
:1076F000007001C007001F007C40F401C087001F1C
:10770000007C00F001C04B000C00000000000000F5
:10771000100827009F010C467009C024009F007CC0
:1077200002F009C027009F007C02F099C027009F4B
:10773000007C06F019D024109300740A1049C42567
:107740004492017A06F059C024009FA07C02F009FF
:10775000C0640291004C02F009C043200C000000FC
:1077600000000000012066108D134406118840249B
:10777000009D007402D0094027009D407406D00986
:1077800040E7109D0B741E703844A4009100740EE5
:10779000104940E006914174A2D0095025009D0097
:1077A0007402D009C0E10095004402D009400700EE
:1077B000080000000000000018A0240299044422E0
:1077C00052094124009D007402D0094027009D0009
:1077D0007406D009602701BD10F412D0694024045A
:1077E00091007402500900270095047403D00941E8
:1077F00024109D007402D00940A40095004402D0DA
:10780000094063000200000000000000102030006A
:107810008D20041610085020008D843402D00840BA
:1078200023008D003402D008403300AD00B4025074
:1078300049402001810074035048442401850034EC
:107840001398080021008D003402D00940250085DE
:10785000000402D008404380000000000000000047
:107860001CB086021B0A4D287001C204001F807CD8
:1078700000F101C007001D007C28F0A5C007001F13
:1078800060FE00F001C4844213807C007401C005D6
:107890000017203428F1A1C804101F007C00F0015B
:1078A000C8040017004D00F001C073C00A000000BA
:1078B0000000000019B827008D00FC22F008C02746
:1078C000009F287C02F009C027009F00FC02F00FF7
:1078D000C027009F007402708BC42F029F00FC021F
:1078E000B88A802B0AEB00FC22F209D027009F20E7
:1078F000FC02F00BC02D809F007C02F009C0676085
:107900000E0000000000000018A02F00AF00EC9E49
:10791000F00BC024009F007C02F009C027009F00EC
:10792000FC8AD00AC02F00BF007802F00BC0AF0560
:107930009F007C02300AC82E15B300EC1A302BC011
:1079400024109F007C02F009C02700BF007C02F0D9
:1079500009C063000E000000000000001C080700C2
:107960001D00449CD0014004001D007400D0014063
:1079700007001D40740090414007001D007400D0B6
:10798000014097011D00748050A14086001B0044F7
:10799000101001C00600190074009001400F001D76
:1079A000007400D0014073200C00000000000000B3
:1079B00010A023008D00240AD00C4020008D02343A
:1079C00002D0084023008D003402D0086123008DCE
:1079D000003402D0284023008D0074021008442295
:1079E000288100641A9108602000AD00B402D00A1A
:1079F000402B008D003402D0084043800E00000070
:107A00000000000018A825009D0044C2D0094024B1
:107A1000009D007402D0094027089D00742A900937
:107A2000402700DD407403D0094027009D00740208
:107A30005009406680910044229009402680992098
:107A4000F412902B406F049D007402D00940632013
:107A5000060000000000000005A827108F006C063B
:107A6000F008C424009F007C02F009C027009F009A
:107A70007C8EF009C027009F007C26F019C0A7006B
:107A80009F003C163009C8264491092C129409C065
:107A900024009F207C16F089C0E7009D007C02F046
:107AA00009C017200E00000000000000158025000E
:107AB0009D407C12F209D027009F007C02F009C093
:107AC00027009F007C06B099C027209F107C07F0FC
:107AD00059C0E7009F007C93F098C025049F417C2B
:107AE000027009C227009F007C06F809C027009F8A
:107AF000007C02F009C057000600000000000000F2
:107B0000140805011F005C083001C007001F007C3D
:107B100000F001C007001F007C40F221C204001FDA
:107B2000007C007001D0040113007E18F001C081B8
:107B30000013067C20F001C004001F007C08F02127
:107B4000C08F0013007C00F001C05320040000002F
:107B50000000000014A09C017D0AC40D148740178A
:107B6000005D007401D0054017005D00F44DD21790
:107B7000415C007903748DD087401C8051007601F0
:107B8000F207441C006123F409F237C117005D803D
:107B90007401D0B540170075007401D00540530042
:107BA000020000000000000014A072004C031462E8
:107BB0001024403300CD003403D00C403300CD00FE
:107BC000340BD00812F226CD823467D20C687000D4
:107BD000C100360CD00C400100C9212416D0414010
:107BE0003200CD003443D02C48130041003403D080
:107BF0000C4053000A00000000000000058038001F
:107C00006D028404100E403B00ED00B403D00E4022
:107C10003B00ED00B403D01A403A00ED82B403D02B
:107C20003F40C810E100B488D01E603880E10234C3
:107C300003D006403A006D00B603D22E405F0065C7
:107C400000B403900E401700020000000000000086
:107C5000151078006F01DC04301EC07B00EF01BC02
:107C600007F01EC07B00EF01BC06F012C07A00EDE9
:107C700001BC07711EC05C40E1A1B404F00EC84114
:107C800040EB01BC02F217C07A20EF81BC07F01E66
:107C9000C06B006301BC07F01EC05740000000002D
:107CA0000000000010B835005F007C00F00DC03708
:107CB00020DF007C03F00D403700DF007C02F0097C
:107CC000C035009B007C8BF004C00708DF207C914E
:107CD000700DC02700D700740AF00D4037005F40D8
:107CE0007C03F00DC822005F007C03F00DC04360F0
:107CF000060000000000000000A07F00FF01CC058E
:107D0000301FC47F00FF09FC07F01FC07F00FF0188
:107D1000FC05F01BC05F00FF01FC0F301FC05A00C4
:107D2000FB41FC0C901FC84C103B099C0F301BD032
:107D30007C00FF81C8253413C05C007F01FC07F084
:107D40001FC003000E00000000000000158819008D
:107D50006D008429B28E483B00ED00B403D00E4084
:107D60003B00ED00B402D04A442B00ED40B40310B8
:107D70000E410808E388B00A106EC01B012300847E
:107D800003100B4039006D00AC811002C01A016F66
:107D900000B403D00EC05720060000000000000011
:107DA00000002900AD008401100E403B00ED40B4FE
:107DB00003D00E403B00ED00B400D002641B006D08
:107DC00008B423100E401E00E100B420900E4202C1
:107DD0002071009602100A403800ED00F4819003F3
:107DE0004068046D00B403D00E400300040000009E
:107DF00000000000042803288D004409900C403343
:107E000000CD003403D00C403300CD007402D00804
:107E10004023000D40341F101C404410C100341C8E
:107E2000100C4061200183040610094031004D0010
:107E30003401902040620045003403D00C401120F2
:107E40000C0000000000000015A825005F004D9602
:107E50003005C43700DF007C03F00DC03700DF00C1
:107E60007C07F039C037005F807C17300DC03614B6
:107E7000D3007C04B00D4142C2D3395C41240D8053
:107E80003400DF007C0AB01DC014005D007C03F0EC
:107E90000D405720060000000000000001002700F0
:107EA0001F027C10F00DC03700DF007C03F00DC016
:107EB0003700DF007C07F089C03700DF027C0BF061
:107EC0000DC00708DB007C28F10CC027025F023CD4
:107ED00049F02DC837004F006C42701DC017045F79
:107EE000007C03F00DC007000C0000000000000043
:107EF00080082F007F005C00340FC03F00EF00CCF3
:107F000003F00FC03F00FF00FC423017C10F107F8D
:107F100000CC82700CC21C80F700EC04300DD80C31
:107F200000F300FC03300FC03C00FB00CC06F00F58
:107F3000C12F007F00FC03F00FC003220C000000E3
:107F400000000000812046000D014404101D403750
:107F500000DD004503D00D403700DD00740250897C
:107F60004047008D03440FD005504428D500340409
:107F70005231C2240651017446F81D9036005D004E
:107F80004402D00D4027005F005C03D00D40070283
:107F9000080000000000000001A0E4005D1154078B
:107FA0001019443700DD004403D00D403700DD00D8
:107FB000740110094057001D014413C04D40440096
:107FC000D5007620108D48040011867405101D41DF
:107FD0003410DD004410D0014017005D007403D060
:107FE0000D4007000200000000000000102000000B
:107FF0000D000480100C403300CD000403D00C4071
:108000003300CD00340250084063089D001403D0B3
:108010000C420080C5003600500C4022C001803464
:1080200003900840300059000400D000401200497D
:10803000001403D00C40428000000000000000004B
:1080400000B026001F005C00300DC23700DF004C7E
:1080500003F00DC03700DF007C003001C807081FA7
:10806000004501700DC40400D5407400300DD004EB
:10807000105320FC021009403400DB004C00F001DA
:10808000C027005F007C03F00DC003C00A000000A1
:108090000000000005B80F10AF00FC00F00FC03F5B
:1080A00000FF00FC03F00FC03F00FF00FC02F00BDC
:1080B000C00F203F20A803F10BC00F00FF00BC0041
:1080C000F203C02D006900FC82F00BD03F006F006E
:1080D000BC00F102C02F007700DC03F00FC0176076
:1080E0000E0000000000000003A07F10F909CC077B
:1080F000F21FC47F00FF01FC07B01FC07F00FF011B
:10810000FC07F01FC07F00FF01FC07F01FC07E00CE
:10811000FB41FC1078C3804F10FF01EC04101FC01E
:108120004D023F01CC0EB003C00E073B14CC07F04C
:108130001FC00F000E0000000000000001087708BB
:10814000D1046C07D01D407700DD017407D01D40BD
:108150007700DD017407D01DC07700DD017407D002
:108160000D407400DD01742C10E1404700DD8144B6
:1081700004501D4004001D014412B46142840015E6
:10818000927C07D01D4007200C000000000000007A
:1081900010A03300C9000403D00C403300CD0034DC
:1081A00003D00C403300CD003403D00C403300C961
:1081B000003403D00C403200CD00340050004003A6
:1081C00000CD002400580C4001000D000402D280B4
:1081D00041021009040583D00C4043800E000000CA
:1081E0000000000003A83500D1006403D00D403723
:1081F00000DD007403D00D403700DD007403D00DA6
:10820000403500DD007403D00D403400DD007420E3
:10821000102D4067A0DD20442A500D404400DD10A1
:10822000458C901142448095607403D00D400F201E
:10823000060000000000000002A83300CB414C0300
:10824000F00DC03700DF007C03F00DC03700DF0009
:108250007C03F00D403700DF007403F00D80360022
:10826000DB007400508182C700DF406C84100C4238
:1082700045000F20440CB831C946041B054803F0E3
:108280000DC00B200E0000000000000007803D0420
:10829000FF28FC03F00FC03F00FF00FC03F00FC0FD
:1082A0003F00FF00FC03F00FC03F00FF00FC03F0A5
:1082B0000FC03F10FF007C07B019C42F00FF20FC47
:1082C00007B00FC02F107F08FC00F001C00B402F3B
:1082D00003FC03F00FC01F000600000000000000B8
:1082E00003083500DF015C03F00DC03700DF007CC0
:1082F00003F00DC03700DF007C03F00DC03700DF56
:10830000005C03F00DC03700D7A0388BF025C48582
:1083100008D7D06C09F00DC025019F027C087401BC
:10832000C025009F006C83F00DC00F2004000000EA
:108330000000000013A034049D004403D00D40371A
:1083400000DD007403D00D403700DD007403D00D54
:10835000403700DD007403D00D403700DD00748B22
:10836000111D55A402C781349B800D40A400DD007F
:108370007400143148A421DD017483D00D404F00F6
:10838000020000000000000007A07200CD001403EE
:10839000D00C403300CD003403D00C403300CD006E
:1083A0003403D00C403300CD003403D00D403300F3
:1083B000C50026485030518102C5222448C00C40D7
:1083C00003000D00640318514001010D312403D056
:1083D0000C401F000A00000000000000068078002A
:1083E000ED018407D01E407B00ED01B407D01E4094
:1083F0007B00ED01B407D01E407B00ED01B407D037
:108400001E407B80ED01B4271496644900E531B429
:1084100005C01E417800AD09F4265216414800AD52
:1084200001B007D01E401B00020000000000000049
:1084300012103000DF001C03F00CC03320CF003ED0
:1084400003F00CC03300CF003C03F00CC03300CF6E
:10845000003C03D00CC03300C7003C0B7408C4219F
:1084600000C7082C03F00CC0B3004F082C223008C2
:10847000C811020F182C03F00CC04B400000000084
:108480000000000002B83D00FF00FC03F00FC03FF9
:1084900000FF00FC03F00FC03F00FF00FC03F00FE3
:1084A000C03F00FF00FC03F00FC03F00FF00FC03D3
:1084B000710FE02E22FF40FC03B00EC03F82FF0888
:1084C000B422B00FC01F00BF00FC03F00FC00B6050
:1084D000060000000000000015A03700DD007C034E
:1084E000F00DC03700DF007C03F00DC03700DF0067
:1084F0007C03F00DC03700DF007C03F00DC03700B7
:10850000DF007C04300DC06648D3003C86300DC0CF
:108510000700CB000C03300DD034009F007C03F02B
:108520001DC054000E000000000000001388390038
:10853000AD00B403D00E403B00ED00B403D00E40BC
:108540003B00ED00B403D00E403B00ED00B403D07F
:108550000E403B00ED003403100C403800E100B445
:1085600003120E403F20EB008403110EC03A00AD11
:1085700000B403D00E404D000600000000000000D3
:1085800003007900ED01B407D01E407B00ED01B47B
:1085900007D01E407B00ED01B407D01E407B00EDEC
:1085A00001B407D01E407B00ED01B407103E507AA5
:1085B00000E181F447101E407B00E901C407901CD4
:1085C000507800ED01B407D01E400C0004000000FC
:1085D00000000000122833009D003403D00C443307
:1085E00000CD003403D00C403300CD003403D00C58
:1085F000403300CD003403D00D403300CD0034674C
:10860000140D49F000C1003407140C403340C9195F
:10861000460B98BD507202CD183403D00C4049204F
:108620000C0000000000000017A815005F01740195
:10863000F005C017005F007C01F005C017005F0067
:108640007C01F005C017005F007C01F005401700B9
:108650005F00FC093007C45E015300FC0D3005C407
:108660009F027A00C401B407C01C006F017C01F0B6
:1086700005C05C200600000000000000120087001A
:108680001F087C00F001C007001F007C00F001C043
:1086900007001F007C00F001C007001F007C00F0F5
:1086A00001C007001F007C08F001C087041F007C88
:1086B00018F001C007001F027D687161C087041FA8
:1086C000027800F001C04B000C0000000000000028
:1086D000100827009F015C02F009C027009F007C62
:1086E00002F009C027009F007C02F009C027009F0C
:1086F000007C02F009C025009F007C06F059C0658F
:10870000829F007C06F019C0270293824C02301928
:10871000D024009F014C02F009C043200C0000004F
:10872000000000000120E6049D044402D009402717
:10873000009D007402D0094027009D007402D009FA
:108740004027009D007402D0094024009D00741A47
:10875000D0595465009D00744EC0A940E3008112B9
:10876000443AB01940A4209D0E4402D009400700AD
:10877000080000000000000018A024019D08540219
:10878000D0094027009D007402D0094027009D00B9
:108790007402D0094027009D007402D009402500D2
:1087A0009D007422C0094035009D007412D02940FC
:1087B00025009100440218894024009D004402D005
:1087C00009406300020000000000000010202000AB
:1087D0008D000402D0084023008D003402D00840F0
:1087E00023008D003402D0084023008D003402D0D5
:1087F000084020008D003412D048402100CD0034C4
:1088000082D00840634091000502904C5020019DA9
:10881000040502D0084043A0000000000000000052
:108820001CB006001F0A5C00F001C007001F007C9E
:1088300000F001C007001F007C00F001C007001F0E
:10884000007C00F0A1C005001F007C00F1A1D01544
:10885000001D007C00F001C0850213004C2830A1EF
:10886000C094021F0A4C00F001C073800A0000008F
:108870000000000019B82700BF007C02F009C027E3
:10888000009F007C02F009C027009F007C02F009D5
:10889000C027009F007C02F009C027009F00FC2237
:1088A000F08BC82B009F00FC03F009CC3F00BF00F9
:1088B000FC02F08BC02F02BD087C02F008C06720CC
:1088C0000E0000000000000018A02700BF007C027E
:1088D000F009C027009F007C02F009C027009F001C
:1088E0007C02F009C027009F007C02F009C027002D
:1088F0009F00FC02F00BE02800AF00FC02300B40B0
:10890000AF00BC808C0A50CBC02C03BF067C02F0A9
:1089100009C063000E000000000000001C080700F2
:108920001D117400D0014007001F007400D00140E9
:1089300007001D007400D0014007001D007000D02A
:10894000014007001D007400D0004014101D407449
:108950000010014007011D00441010E140850B1D6F
:108960000E7400D0014073200C00000000000000D5
:1089700010A023008D043402D0084023008D003461
:1089800002D0084023008D003402D0084023008D1F
:10899000003402D0084023008D003402D008402269
:1089A000008D00740210084023009900440254080E
:1089B0004820208D003402D0084043800E00000083
:1089C0000000000018882500DD007402D00940274F
:1089D0000095007402D0094027009D007402D00960
:1089E0004027009D007402D0094027209D00741B81
:1089F000D00C4127009D00740310094027009D0002
:108A000044121C090025009D147402D00940632003
:108A1000060000000000000005A827009F017C025E
:108A2000F009C027009D007C02F009C027009F00CC
:108A30007C02F009C027009F007C02F009C02700DB
:108A40009F007C0EF0396066029F003C023009C036
:108A5000A7209B110D1250698864019F007802F0D5
:108A600009C017200E00000000000000158035002E
:108A70009F097C02F009C027009F007C02F009C01A
:108A800027009F007C02F009C027009F007C02F0B5
:108A900009C027009F007C06F099D064009F0074F5
:108AA0000EF509C027019F127CC6F008C227019F5E
:108AB000007C02F009C05700060000000000000022
:108AC000140805281C407C00F001C007001F007C32
:108AD00000F001C007001F007C00F001C007001F6C
:108AE000005C00F001C005281F00780C3021C10790
:108AF0001313045C08F081C107001F827C08B121B8
:108B0000C004001F1A7C00F001C0532004000000C4
:108B10000000000014A014007D205C01D005401767
:108B20000057007401D0054017005D007401D005A6
:108B30004017005D007401D0054014005D00F4454D
:108B40001407401D007505D415D037401F206982D9
:108B5000F4111007505C007D037401D007405300EE
:108B6000020000000000000014803202CD00340337
:108B7000D00C403300CD003403D00C403300CD0086
:108B80003403D00C403300CD001403D00C4031002E
:108B9000CD003403108C407100C102044BD82C4826
:108BA0007300CD033403908C413100CD033603D0E4
:108BB000044053000A000000000000000580380057
:108BC000ED029603D00E403B00ED00B403D00E4002
:108BD0003B00ED00B403D00E403B00ED00B403D0E9
:108BE0005E403808ED003407110E547D10A5019445
:108BF00002D80E403B04E910F403100A40B800AD5F
:108C000000B603D00640170002000000000000007C
:108C100015107804EF41BC07F01EC07B00EF01BCCB
:108C200007F01EC07B00EF01BC07F01EC07B00EF09
:108C3000019C07F03FC07900EF01BC07381EC07BE4
:108C400020E3019E07F21EC85B20EF01BC05B01FA8
:108C5000C05930EF41BC07F016C05740000000007B
:108C60000000000010B8B500DF007C03F00DC03735
:108C700000D7007C03F00DC03700DF007C03F00D4F
:108C8000C03700DF007C03F00DC03700DF007C013F
:108C9000F105E225001F007C00F00DC01700DB008D
:108CA0007C017409C017009F007C03F005C043607D
:108CB000060000000000000000A07F02FD09C807B8
:108CC000F01FC07F00FF01FC07F01FC07F00FF0105
:108CD000FC07F01FC07F00FF01FC07F01FC07F00F2
:108CE000FF01B805309F407800F381F807F11FC0FD
:108CF0006F20BF21BC07501FC07F02FF01FC07F09F
:108D000017C003000E000000000000001588B90025
:108D1000ED088403D00E683B00ED00B403D00E4094
:108D20003B00ED00B403D00E403B00EF00B403D095
:108D30000E403B02ED00B421B0CEC03901AB42B4CD
:108D4000A0D00E402B00A7009C2B1042402B00AD62
:108D500000B403D0064057200600000000000000C9
:108D600000003990FD008403D00E403B00ED00B4BC
:108D700003D00E403B00ED00B403D00E403B00EDAD
:108D800000B403D00E403B00ED00B400900A401A3E
:108D900008E100B442D002400B002D00F440100A5C
:108DA000401B802D00B403D00640030004000000E7
:108DB0000000000004282380CD010403D00C4033C0
:108DC00000CD003403D00C403300CD003403D00C70
:108DD000403300CD003403D00C403300CD4034008C
:108DE000908004C1040900300CD000408700059237
:108DF000141410010007001D0B3403D0044013208D
:108E00000C0000000000000015A82500DF104D0335
:108E1000F00DC03700DF007C03D00DC03700DF004D
:108E20007C03F00DC03700DF007C03F00FC037007B
:108E3000DF007C01923DC6B42193207828D0054004
:108E400037005F05740610598027009F037403F0F4
:108E500005C0572006000000000000000100372078
:108E6000DF027C03F00DC03700DF007C03F00DC093
:108E70003700DF007C03F00DC03700D7007C03F023
:108E80000DC03700DF003C0DF029C1950097007E32
:108E900008F001C8D7005F007C0AF029CC87201FAA
:108EA000007C03F005C007000C000000000000007B
:108EB00080082F007F00FC03F00FC03F00FF00FC84
:108EC00003700FC03F00FF00FC03F00FC03F00FF26
:108ED00000FC03F00FC03F00FF00FC40301CD07CC2
:108EE00000BF02FC00F107C00F053301FC00700356
:108EF000C00C00B310C003F007C003220C00000038
:108F000000000000812016005D037483D00D4037FF
:108F100000DD007403F00D403700DD007403D00D58
:108F2000403700DD006403D00D403700DD00740CD5
:108F300050314044001D03740C70714007011580CE
:108F40007404D031CE46211B035403D005400702E0
:108F5000080000000000000001A06400DD017403AF
:108F6000D00D403700DD007403D00D403700DD0028
:108F70007403D00D403700DD007403500D40350000
:108F8000DD00740510456024055D007404D0454083
:108F9000270011845484D23940649091117603D112
:108FA0000540070002000000000000001020300013
:108FB0008D003403D00C603300CD003403D00C405E
:108FC0003300CD003403D00C403300CD003403D047
:108FD0000C483200CD40240158004400000D0034FC
:108FE0000010004203800501340090004402000993
:108FF000001403D204404380000000000000000081
:1090000000B026005D007C03F00DC03700DF007C5F
:1090100003F00DC03700DF007C03F00DC03700DF28
:10902000007C03700DC03500DD007C003001C00401
:10903000005F007480D001C0071013405E00F8018B
:10904000C0042013005E03F105C003C00A00000045
:109050000000000005B80F106F00FC03F00FC03FC8
:1090600000FF00FC03700FC03F00FF00FC03F00F87
:10907000C03F00FF00EC03F10FC03F00FF00FC0009
:10908000F003C00F003F00FC007003C00F103F4012
:10909000FE00F803C20F003F00FE03F007C0176098
:1090A0000E0000000000000003807F003B10EC0079
:1090B0003007C03F01E301DC07F01FC07F02FF0063
:1090C000BC073003C04D023700F824C01FC40E0196
:1090D000FF04BC07301FC06A08FB61FC27F01FC8F3
:1090E0007F10FF01EC04301FC07F00FF01EC07F090
:1090F0000FC00C000E000000000000000108370047
:1091000011034429324440B400D1014407D01D402A
:109110003300FC03741310316004019B307410D0D1
:109120000D40F700D5037407501D403704D70144A4
:1091300003F01D407780DF017404B41D407700DD2B
:10914000014407D01F4005200C0000000000000073
:1091500010A0330009003400980441B204C1401447
:1091600003D00C403310CC083453102040240901A4
:10917000081400D00C404302C5021603500C4823CB
:1091800011C1002413900C603300CD202600100C78
:10919000403300CD002403D00C4040800E0000007E
:1091A0000000000003A8351891285405903540347C
:1091B00000D1004603D00D403700DD0074031019C4
:1091C00042455095017421800D405700D1407406EE
:1091D000400D40B700DD004403500D403700D5007E
:1091E0006042500D403700DD004403D00D400D209B
:1091F000060000000000000002A837001B013C161A
:10920000B115C23640D3805C03F00DC03700DF00DB
:109210003C14305970C10411137C8CF00D40420095
:10922000D7003C07610DC02602C3006C03F00DC0DF
:109230003700DD002C00100DC03700CF006D03F0AB
:109240000DC008200E0000000000000007803D0057
:10925000DF01EC014007C13E10FF00FC03F00FC02E
:109260003F00FF80FC12F408E01E081B80F804F3A6
:109270000FC02F00FF00FC03F00F887F20F700ECE9
:1092800003F10FC03F00FF20FC20B00FC03F00FFE4
:1092900000FC03F00FC01F000600000000000000EB
:1092A000030835004F005C08B005C03400D3106CD3
:1092B00003F00DC03700D3007E1B302DC0B6801BDD
:1092C000087D1C300DC00704DF807C0B300DC0A66C
:1092D00001D3007C03300DC03700D3007C0AF04D71
:1092E000C03700DF007C03F00CC00F20040000003A
:1092F0000000000013A03400DD004401182540B830
:1093000000C1034C03D00D403780FB00641B101DCF
:109310000074001C034C08B00DC0B530F900741384
:10932000B20D007704D1A74403710D403700D5007A
:109330007400D02D40B701D9007403D00F404F0006
:10934000020000000000000007A036000D0014001D
:1093500012B540B001C9092403D20C483300C5003E
:10936000340354001020040D05240A500C4013004F
:10937000CD002403100C40A700C1045437900C40CA
:109380003300C1003220D20C00F304C9003403D0F2
:109390000C401F000A00000000000000068078005A
:1093A0006D0184241096407800E9018607D01E40A4
:1093B0007B82E929A4075916005820AD0184079043
:1093C0001E405906ED01F407D01E607F02E10180C6
:1093D00007D01E407B00E501B425D01E407B00E98C
:1093E00001B407D01E401B00020000000000000076
:1093F00012103002CF005C011004C03400CB082CE6
:1094000003F00C403300C500342370008130264D3A
:109410008C7C8A700CC81310CD08280B30CCC0038C
:1094200000C3001C03B00CC13300C3003C22F00C8D
:10943000C23300CB003C03F00C804B400000000026
:109440000000000002B83D00FF00FC417403C03F73
:1094500000F700FC03F00FC03F00FB20EC83B08757
:10946000801C00FF28FC21B00FC01F00FB10F4037C
:10947000B08FC01F08EF00DC03700F403B00FF807F
:10948000FCA3F00FC03F00FB00FC03F00FC00B601B
:10949000060000000000000015A037009F007C00BF
:1094A0003405C83620D3007C03B00DC03700D3107C
:1094B0004C83D009C226001F007C02300DC0420040
:1094C000D3003C05320DC23300D3007C03F00D8283
:1094D0003710CD014D05300DC03700DF007C03F0A3
:1094E0000DC057000E000000000000001388390076
:1094F000ED80B401300640B800EB00B403D00E405C
:109500003B00E1028403D00A403B00EC80B403102E
:109510000E402800E104B403500E423B00EB00BCB7
:1095200003D00EC03900ED008401B00E403B00EDC9
:1095300000B403D00E414F200600000000000000E0
:1095400003007900ED0134149014407321E141B41B
:1095500007D01E403B00C100840FD01E407A006D32
:1095600091D406180E405C00E101F407101E40EF94
:1095700000E101B607D81E407B00ED41C407181E6C
:10958000407B08ED01B407D09E400F0004000000AE
:109590000000000012283708CD07340991AC403193
:1095A00000C9003403D00C403700C1000403D0CC04
:1095B00044B700D9057425180C407040C1003443ED
:1095C000500C403700C9001403D00C403100CD00CE
:1095D000040F980C403300CD003403D00C404B20D6
:1095E0000C0000000000000017A815007F24FC09F3
:1095F000B037C0170053407C01F005C0170053007E
:109600008C0DF017409E0C7C81FC013405C01E01BE
:109610005300FC1D3005C2DF0053407401F005C04B
:1096200017005F00CC1530054017005F007C01F08B
:1096300005C05F20060000000000000012000700C7
:109640001F207C1072418006001F007C00F001C0CA
:1096500007001F007C98F021C007041F007C00F069
:1096600001C007001F007C00F0018007011F007C83
:1096700000E001C007001F207C10F001C007001FA0
:10968000007C00F001C04B000C0000000000000056
:109690001008270097003C163858C0614093097C99
:1096A00002F009C02700930078023038C2640093AA
:1096B000814C021009C027048F004C16F009C267C4
:1096C000009B007C06F009C064029F097C02F1093E
:1096D000C027009F007C02F009C043200C0000005E
:1096E00000000000012026009100F40E19194064CA
:1096F0000091017402D0094027009B00744A103980
:109700004464009100540630094027209D00441A0B
:10971000D20948A70391017412F0084065009D41E9
:109720007402D0094027009D007402D00940070050
:10973000080000000000000018A02400D500748A72
:10974000100941A50291407402D009402700910000
:1097500064821009502442950444065009402701B0
:109760009D004402D00940274099087422D0094046
:1097700024009D007402D1094027009D007402D08E
:1097800009406300020000000000000010202000DB
:1097900081043412104840200181003602D0084074
:1097A000230089047402144C6020008104140254C4
:1097B000084033018D040482D00840220081003427
:1097C00002D0086021008D003402D0084023008DB3
:1097D0000034029048404380000000000000000078
:1097E0001CB0860217007C2814A1C0850A53007C97
:1097F00000F001C0830211006C283001C094821770
:109800000A4C2870A0C007001D004D00F001C4875D
:10981000121B007C28F001C004001F007C00F00136
:10982000C007001F007C00F001C073C00A000000E8
:109830000000000019B82708FF08FC23F08BC027A0
:10984000029F007C02F009C027009F08F402F08B01
:10985000C02F00BF08BC023009C02F029F08FC02C5
:10986000F009C02F009F007C827009C027009F4034
:10987000BC03F009C027009F007C02F089C067602C
:109880000E0000000000000018A027029F00FC034B
:10989000325BC42E40B3007C02F009C027009F1049
:1098A000CC02B04BC0AC00BB06FC023009C02F009C
:1098B00093007C02F009C02F00BB00EC0AF009C045
:1098C00027009F007C023009C02700BF007C02F007
:1098D00009C063000E000000000000001C08070023
:1098E0001D00743C148500010011007400D001407B
:1098F00007011D005411102140040111867400124B
:1099000001408702154A7400D0014016001100740E
:1099100010D001C005001D007400B001400F001FF1
:10992000007400D0014073200C0000000000000013
:1099300010A023018D0014529208002008810034E9
:1099400002D0084023048D0004428128642000894D
:10995000027442140860270089003602D0084023B0
:109960000581003402D00A402B00AD00F402100A39
:10997000442B008D003402D0084043800E000000CC
:1099800000000000188825009D0874021008522469
:109990000095007402D0094027009D005402100970
:1099A0005024009100742210094027909540744281
:1099B000D009482200D1007602D009402D00BD0018
:1099C000F402900B403F0095007402D009406320E0
:1099D000060000000000000005A827009F035C2689
:1099E000B039C0260093007C02F009C027009F0018
:1099F0004C06B469C0A4019B017C423009C0270415
:109A00009B007C06F009C8674093007C02F009C007
:109A100027009E007C023809C027009D007C02F0D0
:109A200009C017200E00000000000000158025006E
:109A30009F203C06F049C023009B007C02F009C037
:109A400027008F007C4AF098C127029F047C06F013
:109A500009C067029F607C0BF009C4260197007C57
:109A600002F009C027009F007C027C09C027009FEC
:109A7000007C02F009C05700060000000000000052
:109A8000140805001F027C04F061D0060017007C5A
:109A900000F001C007001F007C08F021C085001302
:109AA000015C083001C084001F807C48C001C007F1
:109AB000001B207C30F001C104011F007C48F00134
:109AC000C00F001F005C00F001C053200400000024
:109AD0000000000014A014005900E415D30740DC76
:109AE0000273037401D0054017005D00F401D02714
:109AF000401C49710184211D0540D8005D00740996
:109B0000D005401F007B01F489D0054015005900A5
:109B10003409D0054057007D004401D00540530072
:109B2000020000000000000014A03200C90034064A
:109B3000D00442D000CD103403D00C403300CD000F
:109B40007423D03C407700C141140F110C48B2116E
:109B5000CD003409D00C442301C9113006D00C408B
:109B6000B000CD003403D00C4053024D001403D09C
:109B70000C4053000A00000000000000058038136C
:109B8000E940A402D200409800E102B403D00E40A4
:109B90003B01ED00B403D20C412A00611184421054
:109BA0000E40BA00ED00B400D00E403B04E902B410
:109BB00002D01A403900E900B402D006401A006D04
:109BC000018403D00E4017000200000000000000D6
:109BD00015107801EB01BC06F012C448082F01BC37
:109BE00007F01EC07B00EF21BC87F01EC07F00F392
:109BF00001DC07100FC07A00EF01BC06F01ECC0F8D
:109C000000EB01BC05F11EC06800AF01BC07F01EEF
:109C1000805B006F019D07F01EC0574000000000F0
:109C20000000000010B87500D800EC02F229C085D1
:109C3000009F007C03E00DC03707DF007C03F00DC0
:109C4000C025005F007C02F0EDC03500DE007C0224
:109C5000F00DC8A740DF007C00FA08E227009F0053
:109C60007C02F005C017004F007C03F00DC043409C
:109C7000060000000000000000A07F00F781BC0685
:109C80002036C0C800F301FC07701FC07F00F3013D
:109C9000CC26701EC87D007E01C427F03FC47B0027
:109CA000F349FC0FF01FC0FB00F341FC07F017C0A5
:109CB0005F00F301FC25301FC048087301FC07F06A
:109CC0001FC000000E0000000000000015883900D1
:109CD000E7009C0A0142C80A02E1009C03D00E4042
:109CE0003F00EF28AC22100E40280838008430D006
:109CF0000E421B02EB00B402900E403B01E900BC97
:109D00000A7042401A00EB00BC60F0064008006197
:109D100000B403D00E4055200600000000000000F3
:109D200000003900E502F4011002440A006100B4A9
:109D300003500E403B00C100D42058264029002D7E
:109D400008A402D10E403B00E100B000D00E400B51
:109D500010E900B403D006400B00A900F489980E66
:109D60004048006100B403D00E4000000400000031
:109D70000000000004283700C50014091820402204
:109D800000C1001403D00C403300CD0064421084A5
:109D900040A00009016444D00C40F300C900340421
:109DA000D00C40630088001402510060020089005A
:109DB0001400D00440000041003403D00C401120B6
:109DC0000C0000000000000015A83D00D7003C1664
:109DD0003059B00440D1007C03700DC03F00D10069
:109DE00058097025C0A5009D036D42F00FC0770093
:109DF000D3007442F00D827341D1007003C00DC0D6
:109E000037005B003407B00840340053007C03D0B7
:109E10000DC05420060000000000000001003700C3
:109E2000DF217C42F321C08500DF007C03F00DC000
:109E30003700CF007C08F005C0C7091A0A5C02F0A1
:109E40000D483706D7007C1AB10D80B700D7007EC9
:109E500003F009C036005F007C02F001C037005FEC
:109E6000007E03F00DC007000C00000000000000A1
:109E700080083F00F700FC013003E10F007F00FC89
:109E800003F00FC03F00F300CC01B013C02F00ADB2
:109E900010C482300FC0F918E700DC26F00FC01F95
:109EA00000F300FE01F10FC02F003F00CC03301B78
:109EB000C03C007F00FC03F10DC003220C00000039
:109EC0000000000081003600D10074091811E1473C
:109ED0000497016403D00D403700DB806C0C113512
:109EE00043670019115446500D407700D5004406D1
:109EF000F00D606724D5027406D0094026000D02DB
:109F00005C02F081C0B60059007403D10D40070215
:109F1000080000000000000001803480D5007406B5
:109F20001011404700DD417603D80D403300D100C9
:109F30004444904940E7209D815406500D60270815
:109F4000D5407440D00D407700D1007407D8054843
:109F500015105D10540110094424005D007403D0F5
:109F60000D4007000200000000000000102030003B
:109F7000C10076025000400100CD012603D00C4004
:109F80003300C9002400100C4203000D00140250DD
:109F90000C401300C5000000D00C40378045003451
:109FA00002D0004012204D003400900040220049B1
:109FB000003403D00C40438000000000000000008B
:109FC00000B03600D7007C011003400F00DF007C9A
:109FD00003F00DC03F00D3404C00B109C027909D55
:109FE000005C02700FC02500D7405C00F00D442FCC
:109FF000A0D1007403F005C005001F005C0130090A
:10A00000C024005F407C03F00DC403C00A000000C0
:10A010000000000005B83F00FF00FC01B003C20FC4
:10A0200000F700E003F00FC03F00FF00B800F10FA1
:10A03000C02E003B00FC02F00FC02F00FF00FE000E
:10A04000700FC02F003F00FC02F003C00A003F0069
:10A050009C807402C02F007B00FC03F00FC01760CF
:10A060000E0000000000000003A04F08FB04EC07F6
:10A07000F013C07C00FF01FC07F01FC07F00FF0150
:10A08000FC07B01FC07F00F701FC07B01FC07F00B6
:10A09000EE81FC043013C44C083B01FC04101FC0CB
:10A0A00048002F01FC04B01FC67C003B04CC0730E5
:10A0B0001FC00F000E000000000000000308230175
:10A0C000F10B4407D011407400DD017407D01D402E
:10A0D0007700DD017407701D403700D1017407D08F
:10A0E0001D407780DD01744010114044001D417413
:10A0F00004511D40452091017404101D407400114D
:10A10000094407101D400F200C0000000000000053
:10A1100013A03704C9002403D001403000CD00341F
:10A1200003D00C403300CD003403D00C403300C5C5
:10A13000003403900C403300C900741050016002D9
:10A14000000D007480540C422000090034049A0C65
:10A1500040300009000603100C404F800E00000044
:10A160000000000003A82500D1004403D0114034B2
:10A1700000DD007403D00D403700DD007403500D86
:10A18000403700D1007403D00D003700DD00764663
:10A1900018017046105D00748E580D501500D102E4
:10A1A0007404180D10340299034403100D400F205D
:10A1B000060000000000000021A80700CB006E038D
:10A1C000F035C13400DF007C03F00DC03700DF0044
:10A1D0007C03F00DC03700D7007C03B00DC0370002
:10A1E000DD003C847080C1C40C1F0A380C120CC006
:10A1F00064031FA13C04B0998080841B030D0334C9
:10A200000DC003200E0000000000000005807D024C
:10A21000FF00FC03F007D03F00FF00FC03F00FC07D
:10A220003F00FF00FC03F00FC03F00FF00FC03F005
:10A230000FC83F10FF10FC82F00FC40D00BF01F8E3
:10A2400000B00FC01F00FF04FC02F00FC03F081752
:10A2500000FC03F00FC01700060000000000000023
:10A260000B083500D3005C03F025C03700DF007C0D
:10A2700003F00DC03700DF007C03F00DC03700DFB6
:10A28000007C03F00DC03680DF005C48704D8047D5
:10A2900000DF027800504DC0260013004C02F02D64
:10A2A000C0350197005C03F00DC00F2004000000D2
:10A2B0000000000013A03000F10C4403D00440372C
:10A2C00000DD007403D00D403700DD007403D00DB5
:10A2D000403700DD007403D00D403700DD034446F5
:10A2E000106DC00400DD007426706D401000D100B8
:10A2F0004402704C40B41085024403D00D404F001E
:10A30000020000000000000007203208C100140312
:10A31000D000403300CD003403D00C403300CD00DA
:10A320003403D00C403700CD003483C00C403200E1
:10A33000CD003400D0106003000D98342C402C4028
:10A34000020001000400D00440310005133483D022
:10A350000C401F000A000000000000000F80680091
:10A36000C1818407D012407B00ED01B407D01E40AC
:10A370007B00ED01B407D01E407B00ED01B407D097
:10A380001E407B00ED01A424901E404800EC05B463
:10A3900004501E604D0030098406581F407D02A104
:10A3A00011A407C01E401F000200000000000000B2
:10A3B00052103208C3001C03F900C03300CF003C28
:10A3C00003F00CC03300CF003C03F00CC03300CFCF
:10A3D000003403F00CC032B0CC907C22F00CC003EF
:10A3E000228D403C20700CC0320042000C03F02C47
:10A3F000C0310207003C03F00CC04B4000000000DD
:10A400000000000002B82D00FF10FC23F083C03FC5
:10A4100000FF00FC03F00FC03F00FF00FC03F00F43
:10A42000C03F00FF00FC03F00FC03F00FF00CCA2C4
:10A43000780FC83F00FD24FC03F10EC03E007F00F2
:10A44000FC03F00EC03A0ABF08DC03F00FC00B603B
:10A45000060000000000000015A0B701DF107C031B
:10A46000F011C03400DF007C03F00DC03700DF00C6
:10A470007C03F00DC03700DF007C03F00DC0360018
:10A48000DF4064027010C024004F004C00F00D50FB
:10A49000300043216C81F00D40330091204D03F0DA
:10A4A0000DC057000E0000000000000013893904A1
:10A4B000ED04B403D002403800ED00B403D00E40E8
:10A4C0003B00ED00B403D00E403B00ED00B403D0E0
:10A4D0000E403B00ED00B402300EC83A28ED00AC4F
:10A4E00000D00E40384063808403D20E403B00E130
:10A4F000008403D00E404F20060000000000000042
:10A5000001007900ED05B407D017407800ED01B4E3
:10A5100007D01E407B00ED01B407D01E407B00ED4C
:10A5200001B407501E407A00ED81B407D21E406886
:10A5300020ED03A407D01E607C086902A487D01E0A
:10A54000407B14C1818407D01E4007000400000036
:10A550000000000012287700CD003003D0284130E1
:10A5600000CD003403D00C403300CD003403D00CB8
:10A57000403300CD003403D00C403300CD00748F45
:10A58000100C60F200CD03242FD00C40B00141210B
:10A590002607D00C403300C1000403D00C404B20F0
:10A5A0000C0000000000000017A855215F407C014E
:10A5B000F057D014005F007C01F005C017005F0069
:10A5C0007C01F005C017005F007C01F005C016009B
:10A5D0005F00EC41F4E7C018017F0AEC25F005406C
:10A5E0009C046B01EC49F07740DF4073110C01F0E3
:10A5F00005C05F20060000000000000012000700F8
:10A600001F027C00F001C007001F007C00F001C0A9
:10A6100007001F007C00F001C007001F007C00F055
:10A6200001C007001F027C40F021CC07041E007C03
:10A6300000F021D407201F005C40F201C107801FF9
:10A64000107C00F001C04B000C0000000000000076
:10A650001008370093007C02F209C027009F007C9D
:10A6600002F009C027009F007C02F009C027009F6C
:10A67000007C02F009C027009F047C062019C02737
:10A680000093004E22F009C0240097004C22F009EC
:10A69000C0240487204C023009C043200C00000075
:10A6A000000000000120260091117402D00940270B
:10A6B000009D007402D0094027009D007402D0095B
:10A6C0004027009D007402D0094027009D0274229B
:10A6D000143940670085046C0ED038C1A200910A7D
:10A6E0004402D008C4600A910044021009400700E7
:10A6F000080000000000000018A03400910474025B
:10A70000D0094027009D007402D0094027009D0019
:10A710007402D0094027009D007402D00940270030
:10A720009D0074029049446700D10454425049404E
:10A73000A40095024402D009402400950044021070
:10A74000094063000200000000000000102020000B
:10A7500081043402D0084023008D003402D0084028
:10A7600023008D003402D0084023008D003402D035
:10A7700008402300CD003406500C4223808500267B
:10A7800082D00840220091000402D00850260081A7
:10A790000404021008404380000000000000000094
:10A7A0001CB0864213007C00F001C007001F007C33
:10A7B00000F001C007001F007C00F001C087021FED
:10A7C000007C00F0014007001F0034283001C00762
:10A7D00000130054007001E2040017004C00F20165
:10A7E000E0042017004D003401C077C00A000000CB
:10A7F0000000000013B827009F887C02F00AC027E1
:10A80000009F007C02F009C027009F007C02F00935
:10A81000C027009F007C02F009C027009F00FC02B7
:10A82000B40BC02F20BF00FC03F008C02F00BF00F6
:10A83000FC02F00FC02D00BF087C02F009C0676069
:10A840000E0000000000000018A027009F00480232
:10A85000F009C024009F007C02F009C027009F007F
:10A860007C02F009C027009F007C02B009C02700CD
:10A87000BB00FC82F20B822F00BF00C802F00BC0AD
:10A8800024009D002C02B009C027009C04CC02F0DB
:10A8900009C067000E000000000000001E0807202D
:10A8A0001D204400D0054004001D007400D001406C
:10A8B00007001D007400D0014047011D007400D046
:10A8C000014007001D00340030014007001D004416
:10A8D00000D1014204001D00440110014007003D69
:10A8E000005400D0014073200C0000000000000064
:10A8F00010A02300CD000402D0094020008D0034B8
:10A9000002D0084023008D003402D0084023048D7B
:10A91000003402D0084023008D0034025008402348
:10A92000009DA00602D008502A00AD00B402900A93
:10A93000422B00AD020402D008404B800E00000004
:10A940000000000018A865009D004402D089402442
:10A95000009D007402D0094027009D007402D009B8
:10A960004027009D007402D0094027009D00340656
:10A9700010094227009D204606D009402605BD4407
:10A98000D602114B402F00BD005402D00940632075
:10A9900006000000000000000528A5049F004D02ED
:10A9A000F219D024009F007C02F009C027009F000C
:10A9B0007C02F009C027009F007C02B009C027007C
:10A9C0009F007042708981E7019F0F4886F0084020
:10A9D000A6008F017C0EB229C067039F0F4C02F0C6
:10A9E00009C017200E00000000000000170025001D
:10A9F000CF007C02F019C027009F007C02F009C044
:10AA000027009F007C02F009C027009F007C02F015
:10AA100009C027009F207C42F009C027029F107DBB
:10AA200002F009C025009F006C22F009C027008FAA
:10AA3000017C02F009C05F00060000000000000079
:10AA4000140885001F007C00F201C007001F007C75
:10AA500000F001C007001F007C00F001C007001FCC
:10AA6000007C00F001C007001F047C087001C207D1
:10AA7000111F027C08F101C087001F007C083041D3
:10AA8000C207003F047C00F001C053200400000016
:10AA900000000000142014005D007401D004401771
:10AAA000005D007401D0054017005D007401D00501
:10AAB0004017005D007401D0054017007D10F4CDF3
:10AAC0001087409F006D05F42970274816005D002F
:10AAD000308111054017005D05F401D00540530099
:10AAE000020000000000000014A03220CD2034033A
:10AAF000D00C403300CD003403D00C403300CD00E7
:10AB00003403D00C403300CD003403D00C043300A8
:10AB10004D01340F50BC427300CD01340FD02C4195
:10AB20003300CD003013102C4033004D023401D0DF
:10AB30000C4053000A0000000000000004803803AD
:10AB4000AD00B403D00E403B00ED00B403D00E4086
:10AB50003B00ED00B403D00E403B00ED00B403D049
:10AB60000E403B006D00B403100E683B04ED00B4D2
:10AB70000B500E453B00ED00F403100A401B006D26
:10AB800000B401D00E4017000200000000000000D9
:10AB900014107802EF09BC07F01EC07B00EF01BC67
:10ABA00007F01EC07B00EF01BC07F01EC07B00EF6A
:10ABB00001BC07F01EC07B806D01BC07701EC07B0E
:10ABC00008EF01BC07F016C25B002F01BC06321E65
:10ABD000C06B006F41BC05F01EC057400000000074
:10ABE0000000000010B83509DF067C03F00DC03707
:10ABF00000DF007C03F00DC03700DF007C03F00DA8
:10AC0000C03700DF007C03F00DC037005F007C829E
:10AC1000F009C03700DF007C01F00DC416001F00F2
:10AC20007C02F409C007005F007C01F00DC04360A6
:10AC3000060000000000000002A07F00FF01FC27CA
:10AC4000F01FC07F00FF01FC07F01FC07F00FF0165
:10AC5000FC07F01FC07F00FF01FC07F01FC07E0053
:10AC60007F01FC07F01BC05F00FE01CC07301FC056
:10AC70007D02FE01FC05F017C87F08BF01FC05F04E
:10AC80001FC00B000E000000000000009588390274
:10AC9000AD009C03D00E403B00EF00B403D00E404B
:10ACA0003B00ED00B403D00E403B00ED00B403D0F8
:10ACB0000E403B006D00BC03D02A420B002D888063
:10ACC00003B08A403810ED00B401D002401A00AD44
:10ACD00000B401D00E405720060000000000000024
:10ACE00000003900ED00B403D90E403B00ED00B484
:10ACF00003D00E403B00ED00B403D00E403B00ED0E
:10AD000000B403500E403A00AD00B401D002410B34
:10AD100006FD00B402500E4019002D00B400D0060C
:10AD2000402B00AD01B401D00E4003000400000030
:10AD3000000000000628F304CD001403D00C4033BB
:10AD400000CD003403D00C403300CD003403D00CD0
:10AD5000403300CD003403D00C4433000D001418F0
:10AD6000C0104083000D0A362CD8084090000D20FA
:10AD70003618D0404042048D003401D00C401B20D6
:10AD80000C0000000000000014A8FD00DD007403AA
:10AD9000F0ACC03700DF007C03F00DC03700DF00EF
:10ADA0007C03D00DC03F00DF007C03700DC0360077
:10ADB0004F80740BF0A8C05700DF087D0F7205C0EC
:10ADC000E511DD187C03F04DC077015F0D7C01F0CB
:10ADD0000DC05320060000000000000001003702F3
:10ADE0009F007C03F08DC03700D7007C03F00DC0BE
:10ADF0003700DF007C03F00DC03700DF007C03F07C
:10AE00000DC037001F027089F001C09700DF824833
:10AE10001AB00DC02700DF007C03F009C816005FE0
:10AE2000007801F00DC007000C00000000000000D9
:10AE300080083F00FF08FC03F00FC03C00FF00FC4F
:10AE400003F00FC03F00FF00FC03F00FC03F00FF06
:10AE500000FC03700FC03F007700CC97000BC01CB4
:10AE60000C3F04FC03F003C00C043F00FC02900FF5
:10AE7000C02D006F00CC01F00FC007200C000000B7
:10AE800000000000012036105D127403D20D403422
:10AE900000DD007403D00D403700DD007403D00DD9
:10AEA000403F00DD007403D00D4037001D585400B2
:10AEB000D03140D4001D036400C0584044081D0038
:10AEC0007402D0084004085D004401D00D40070022
:10AED000080000000000000001A03400DD20740321
:10AEE000D00D403400DD007403D00D403700DD008C
:10AEF0007403D00D403700DD007403D00D403700DF
:10AF00005D004442D01942C400DD107429C11550BF
:10AF10002401DD007401D0054035009D004401D0BE
:10AF20000D4007000200000000000000100030008B
:10AF30008D003603D00D403000CD003403D00C40DE
:10AF40003300CD003403D00C403300CD003403D0A7
:10AF50000C4033008D001600D0016000100D00364B
:10AF600000D008402020CD003401D00140100089DD
:10AF7000000001D00C4042800000000000000000F2
:10AF800000303E009F007C03F00DD03400DF007CD9
:10AF900003F00DC03700DF007C03F00DC03700DF89
:10AFA000007C03700DC0370017004C003201D00444
:10AFB000001F007C00F001C004001F007C00B005F1
:10AFC000C025009F004C01F00DC007C00A00000022
:10AFD0000000000005B83F803F00FC03F00FC03FB9
:10AFE00000FF00FC03F00FC03F00FF00FC03F00F68
:10AFF000C03F00FF00FC03F00FC03F003F00FC001B
:10B00000F003C40F002F00AC00F00AC00F003F0097
:10B01000FC00F003C00F00BF00FC01F00FC0176080
:10B020000E0000000000000003A04B107E00EC03A7
:10B03000B043C45C003300FC07F01FC07F00BF09B1
:10B04000CC10729AD04C083F01FC07F01FC05E0084
:10B05000FB81FC07B21FC44810FB01FC04B013C005
:10B060007F08FF09EC06301FC07F00F701FC07F0E6
:10B070001FC00F000E0000000000000001080720A4
:10B080005D01443B1233405400110B4007D01D407A
:10B0900077009D006C26B24D4044009D015C07D0B6
:10B0A0001D4057009D017413101D444400D12174AC
:10B0B00005D01D407700DD004406101D487700DDF7
:10B0C000017407D01D4007000C00000000000000C4
:10B0D00010A003054D084443508040140001002691
:10B0E00003D00C4031009D000400104D4040800D05
:10B0F000003403D00C403290CD001443D80C4825C6
:10B1000010C90016039000403300CD446400100CB9
:10B11000403300CD003403D00C4043800E000000CB
:10B120000000000003A8C508DD0045A2501151151C
:10B130000015014403D00D4037089D116406900DA1
:10B140004065009D445403D00D4007209D107403BA
:10B15000480D404500D1007405D005403700DD00A2
:10B160004004100D403700DD007403D00D400F2067
:10B170000600000000000000000845005F006C05AC
:10B18000F031C0940601036C03F00DC035009F033D
:10B190004C0E301CC044001F137403F00DC0960009
:10B1A0005B015C03F00DE04184DB007C4EB011E0FC
:10B1B0003700DF006C1C300DC03780D7007C03F0F7
:10B1C0000DC003000E0000000000000087001D00FD
:10B1D0003F00FC07B001C05E401B00EC03F00FC055
:10B1E0003F00BFC07C02B23FD40E20BF41DC43F21F
:10B1F0000FC01E02BF09FC03B00FD40E00FF00FCFD
:10B2000002F05FC43F00FF10FC00F80FC03F00FFDA
:10B2100000FC03F00FC01720060000000000000033
:10B220000308150153815C09F0A1E015811F026C30
:10B2300003F00DC037009F004C08704DC01500DFB3
:10B24000025C03700DC09700DF004C03F00DC08559
:10B2500000DB007C0B7011C03700DF007C0CF00DB0
:10B26000C03700DF007C03F00DC00F200400000099
:10B2700000000000132034000101040BC010E09016
:10B28000019D015003D00D4037088D002C05B02DD5
:10B29000403400DD00740FD00D4017009F80440340
:10B2A00012BC405401D10074037015403700DD0515
:10B2B0000407D20D403700DD007403D00D404F006D
:10B2C000020000000000000007A0C2424900154330
:10B2D000D00440D3000D050403D00C4033000DA072
:10B2E0000464402C40010009001427500C40130056
:10B2F000CD004403501C600380C100240150044071
:10B300003300DD00161BD00C403300CD003403D0D9
:10B310000C400F00000000000000000046804C00C0
:10B3200069818447D0164048202D159407D01E60AF
:10B330007B00AD89A425921F484818AD05B407D0FD
:10B340001E405B02F5018407509E604B00E101B492
:10B3500005403E407B00ED099426D01E407B00ED69
:10B3600001B407D01E401B000000000000000000D8
:10B37000121000004BA01C03F0404013000D000C05
:10B3800003F00CC033005F000C0052CCC011000B66
:10B39000001C03730CE013004D004C03700CC10340
:10B3A00002CB003C017884C03300DF001C01F00CAC
:10B3B000C03300CF003C03F00CC04B600000000025
:10B3C0000000000002B80D02E000E403F003C03FFB
:10B3D000003F24DC23F00FC03F00FF40FC81F08FD2
:10B3E000C03F003E04FC03F20FC01F006F08DC03E7
:10B3F000300EC21C02F700FC01F00FC03F00FF80BE
:10B40000CC02F00FC03F00FF00FC03F00FC00B6048
:10B41000040000000000000015A0570053004D0379
:10B42000F065C0140057004C03F00DC037005F00FA
:10B43000DC02300DC007000F004C03F00DC05200BD
:10B4400057007C03F11CC00400DF007C01D065C103
:10B450003700DF015C05300DC03700DF007C03F0F2
:10B460000DC043000E0000000000000013881940CA
:10B470002100AC03D00441181024008403D00E40F6
:10B480003B00ED008402500E400B00ED008403D021
:10B490000E401B00E110B403D00E400800ED00B4D4
:10B4A000007006403B00FD008402500E403B00ED62
:10B4B00000B403D00E404F00060000000000000062
:10B4C0000300590441019407D812405D004D0196D4
:10B4D00007D01E407B00FD411406921E40FB00BDBC
:10B4E000018407D01E605E04ED01B407D01E5049F0
:10B4F00000ED01B4079032427B00ED019405101E6F
:10B50000407B00E901B407D01E4013000400000096
:10B51000000000001228130001813423D0085030AD
:10B520000001021403D00C403300CD00061B501C58
:10B530004033088D030403D00C405300C50274034C
:10B54000D00C401100CD2034275030413300CD00C5
:10B550000401500C403300CD003403D00C405B207C
:10B560000C0000000000000017A89D006300D8092F
:10B57000F2A7C059017F865D81F005C017006F0EEC
:10B58000DC1DB145C05F026F024D01F005C0DE0851
:10B590005F007401F205C09C105F00FC09F015C249
:10B5A00017005F40DC193005C017005F007C01F018
:10B5B00005C05F00040000000000000012008720AA
:10B5C0001F0C6800D0008007001F026400F001C05B
:10B5D00007081F007C00F021C007001F187C00F046
:10B5E00001C0072018847C00F0210006061F007CA3
:10B5F000407001C007001F027C10F201C207081F43
:10B60000007C00F001C04B2004000000000000009E
:10B61000100A670C9F055C563089C0640083114C8A
:10B6200002F009C027009F000C227049C227009E2B
:10B63000004C02F009C02704DF005C027019C0A7AB
:10B64000009F007C02D02DC027009F087802F009DF
:10B65000C027009E007C02F0094043200400000047
:10B6600000000000012066109D804496101940E4FF
:10B670002291004402D0094027009D004482100915
:10B680004027109D004422D009C027089D00740265
:10B6900000390027009D007402D0094027009D0159
:10B6A0007402D0094027009D007402D009400700B1
:10B6B0000000000000000000182024029D00140378
:10B6C0001009502444D10A4402D0094027009D00AB
:10B6D000454350094927809D004402D00940370066
:10B6E0009D00740250A90026809D007402D00D4078
:10B6F00027109D007406D2094227209DE07482D055
:10B70000094063000200000000000000100020005B
:10B710008D040412104840240085040402D008401F
:10B7200023009D00041213084023809D000402D0D2
:10B73000084023008D00340250084023008D003063
:10B7400002D0184023108D003403D0084023208CF1
:10B75000803402D008404380000000000000000058
:10B760001C1096021F005C283101C0040013004D1C
:10B7700000F001C007001F0A440064A1C007001FB9
:10B78000004D00F001C007001F007C287001C007B9
:10B79000001F007C00F001C007005F0A7C00F00180
:10B7A000C007001E007C00F001C073E00A0000002A
:10B7B0000000000019B83B00BC08F0A2F48BC02BBD
:10B7C00020FB087C02F009402700AF00FC22F10BAF
:10B7D000C02F10BF007C02F009C02D00DF007C02EA
:10B7E000B009C02F009F00FC02F0098027009F00D5
:10B7F000BC02F009C027009F007C02F009C27760FC
:10B800000E0000000000000010A02F00BF105C021E
:10B81000F00AC02F00AF004D02F009C027009F08BA
:10B82000FC023089C027009F00CC023009C02710DD
:10B830009D007C02F00BC02F009B007C02B00BC06F
:10B840002700BF00FC823009C027009F007C02F067
:10B8500009C073000E000000000000001C08070073
:10B860001D006C00D0014007001D004400D00140C5
:10B8700007001D4070001001400708170045001424
:10B88000014006001D007440D00140070011007403
:10B890000010014007001D14740050014007001DF6
:10B8A000007400D0014063000C00000000000000A4
:10B8B00010A023888D001602D0084063008D00047C
:10B8C00002D8084023008D24362210084023809D92
:10B8D00000040210084023288D203412D008402391
:10B8E000008900740290084023008D007402100843
:10B8F0004023008D003402D008404B0004000000BB
:10B900000000000018A825909D026402D04942273B
:10B91000889D004402D0094027009D027452100DFA
:10B9200040A7029524440210096027009D0074027C
:10B93000D80942670091007402100D402700DD0015
:10B94000741250094027009D007402D00940632002
:10B9500004000000000000000528A5009F225C06EE
:10B96000F049C0E7008E024C02F009C027009F0991
:10B970007E0A3409C067209F070C023009E0270EB9
:10B980009F007C82F209C2E3049B003C1EB029C1E7
:10B9900027009F003C1A3009C027009F007C02F05E
:10B9A00009C0170004000000000000001500A500F9
:10B9B0008F007D0FF019C027019F007C02F009C0A5
:10B9C00027009F017C06F08DC0270097007C02F0C5
:10B9D00009E026009F007C02F009C027049F007C3C
:10B9E00026F039C027009F007C02F009C027009F85
:10B9F000007C02F009C05F2004000000000000008D
:10BA00001408851117204C043601C804041F044C87
:10BA100000F001C007001F005C803001C007001F5C
:10BA2000004C00F001C087001F007C00F001C087BF
:10BA3000001F007C00F021C107001F007C08F001FE
:10BA4000C007001F007C00F001C05320040000006C
:10BA5000000000001422DC00518154850005705C58
:10BA6000007D424401D0054017005D009C0510A5F3
:10BA70004017004D00EC89D0054017005D007401AF
:10BA8000604740DF0459007401D0574017007D091A
:10BA9000F411D0054017005D007401D0054043004B
:10BAA000000000000000000014A0B200CD0125231A
:10BAB000121C4232008D000503D00C403300CD0033
:10BAC00014031834403380CD00044BD00C403300B5
:10BAD000CD003403D06C40D300CD003403D00440FB
:10BAE0003300CD023401D00C403300CD003403D0FC
:10BAF0000C4043000A000000000000000480F80829
:10BB0000C9822407101B413A04AD108403D80E40AB
:10BB10003A00ED0494431026403B00FD40A441D17F
:10BB20000E403B00ED00B413500E401B00ED80B4FE
:10BB300003D002403B00AD02B401D00E403A00ED0C
:10BB400000B403D00E40130002000000000000000B
:10BB500014107C00EF01AC07301E486A00EF018C26
:10BB600007F01E407B00EF459C073416C87B08EDAC
:10BB7000018C07F01EE07B00EF01BC97F01EC05B5C
:10BB800000EF01BC07F016C07B00EF01BC04F01E03
:10BB9000C07B00EF01BC07F01EC053600000000036
:10BBA0000000000010B83508D7005C4BF20DC0252E
:10BBB00000DF007C83F00DC03700DF083C03F02578
:10BBC000C43710CF007C01F00DC03710DF007C03BC
:10BBD000F00DC01700DB007C03F001C037009F00B0
:10BBE0007C00F00DC03708DF007C03F00DC043601F
:10BBF000060000000000000002A07F00FF05CC0747
:10BC0000F01BC66F02AF01CC07F01FC07F02FF0917
:10BC1000EC073037C07C1AFF019427321F807F0069
:10BC2000F309FC47F01FC06C00FF01FC27F09EC029
:10BC30007C02BF01BC04321F807F00FF01FC07F0C3
:10BC40001FC01B0004000000000000001588B900A0
:10BC5000ED148401D04A003B00AD108403D00E40A7
:10BC60003B00FD00BC031006C13A02ED0484035002
:10BC70000E403B00EB18B423F02EC02A00E900BCB4
:10BC800003D002C039002D00B401B00EC03B00ED5E
:10BC900000B403D00E405700040000000000000074
:10BCA00000003906BD0C8603D00A60AB80ED00941D
:10BCB00003D00E403B38EC2084031086403882FDD0
:10BCC000809403100E403F00E100B003D00E4038D6
:10BCD00000ED00B403D80A483A08AD08B400100ECD
:10BCE000403B00ED00B403D00E4003000400000010
:10BCF000000000000628B301CD020421D1084262F1
:10BD000080CD030403D00C403300CD023403100473
:10BD1000403200CD040403110C403300C10264031F
:10BD2000500C40A200C9001407D0004031001D0093
:10BD30003404980C403100CD003403D00C400B206B
:10BD4000040000000000000014A875008F030D031C
:10BD5000F00D00F7009F025C03D10DC03700FF0A11
:10BD600004072401D0B400CF135C03300DC0F706E4
:10BD7000D109F803D00DC0B400DF00746BD0B5C199
:10BD80003600DF007C68100D403700DF007C03D0F8
:10BD90000DC0530006000000000000000100B73095
:10BDA000DF047C4BD009C137029F127903F00DC02C
:10BDB0003700DF007C07F021C037A1DF007C01F0F5
:10BDC0000DC03720DF007C03F00DC0F704DE007CDF
:10BDD00003F001C037809F027C08F00DC03700DF00
:10BDE000007C03F00DC017200C00000000000000D4
:10BDF000800A2F08BF01CC07320FC43E00BF00CD20
:10BE000003710FC03F00FB007C413013C03D20FB9D
:10BE100000CC03F00FC03F00FB00FC03B01FC03F8D
:10BE200000FF00FE03F003C03F003F80CC02F10F93
:10BE3000C03F00FF00FC03F00FC003220C00000015
:10BE4000000000008120F620D9405491100D4037A9
:10BE500000CD814403D00D403710DD407462503076
:10BE6000443000D1004405D00D403700DD8074839C
:10BE70005025407711DD007403D0114037001D03B9
:10BE80005404700DC03500DD807403D00D400702EE
:10BE90000800000000000000012044009924441321
:10BEA000101D4067009D114403D00D403700DD0098
:10BEB0007403108D423400D9004407D00D40370080
:10BEC000D9007483118D406700DD007403D01540E4
:10BED00037009D014444D00D403700DD007403D08D
:10BEE0000D4007000A0000000000000010001000D4
:10BEF000C920440210084073008D200403D00C4078
:10BF00003300CD0034031005503400D100040390F9
:10BF10000C403300CD003403500C422300CD0034DC
:10BF200003D0004033800D001400D00C403100CD10
:10BF3000003403D00C40430000000000000000006B
:10BF4000001006009B004D02320DE027005F004C00
:10BF500003F00DC03700DF007C013400C03420DB6B
:10BF6000004D03F00DC03700DB007C03B10DC0278E
:10BF700000DD407403F009C037001F004C02F00DD3
:10BF8000C03700DF007C03F80DC00360080000002C
:10BF90000000000005B83F00E880FC01E00FC21F70
:10BFA00000FF80FC03E00FC03F00FF00FC03F00334
:10BFB000C03F00EF00FC02E00FC03B00FF00FC03AD
:10BFC000F00AC42F00FF00FC03F803C03F003F004D
:10BFD000FC00700FC03D00FF00FC03F00FC01760B5
:10BFE0000E0000000000000003A03F0073188C0743
:10BFF000B01FC07F00FF01FC07F01FC07F00FF01E2
:10C00000FC07F01FC07F00FF01FC07F01AC06C2086
:10C010003F01FC063012C04E00B301EC04B01FC05B
:10C020004F003301FC04F093C04C00B301FC07F057
:10C030001FC00F000E0000000000000001082704D0
:10C0400011004407101D407700DD017407D01D402A
:10C050007700DD017407D01D407700DD017487D0C3
:10C06000194064201D8174061011404408110144D8
:10C0700004101D40670811817404D005400501912A
:10C08000817407D01D400F200C000000000000004C
:10C0900010A0330241000403900C403300CD003463
:10C0A00003D00C403300C9003403D00C403300CD22
:10C0B000003403D0084021000D0074021200600615
:10C0C0000091402600120C60170001003403D04894
:10C0D00052000481003603D00C404F800E00000057
:10C0E0000000000003A8350001004403100D403794
:10C0F00000DD007403D00D403700DD007403D00D67
:10C10000403700DD007403D0195024901D117407CE
:10C11000100D400414D1104408920D403710110046
:10C120007403D20D40051095007403D00D400F200C
:10C13000060000000000000002A8970053104C0306
:10C14000B00DC03700DF007C03F00DC03700DB000E
:10C150007C03F00DC03700DF007C03F0194065025E
:10C160001F013C143030C1464093816C08B40D402F
:10C17000030053027C00F00140644053007C03F054
:10C180000DC003200E000000000000000780050025
:10C19000DF00FC03F00FC03F00FF00FC03F00FC006
:10C1A0003F00FF00FC03F00FC03F00FF00FC03F066
:10C1B00007C92E203F20FC02F027C22F0A7F04FC73
:10C1C00016700FC02F407F00FC00F007C0EF247BEB
:10C1D00000FC03F00FC01700060000000000000084
:10C1E0000308914057025C03300DC03700DF007C2C
:10C1F00003F00DC03700DF007C03F00DC03700DF17
:10C20000007C03F00DC024011F987C43F289C8A66E
:10C21000019F127C2AF00DC417005B067C17F00901
:10C22000C8270056207C03F00DC00F20040000003A
:10C230000000000013801400D1000403B00D40374B
:10C2400000DD007403D00D403700DD007403D00D15
:10C25000403700DD007403D07C0064001D82748FC1
:10C26000D02D40A000CD831CABD00D4037045D0322
:10C270007407D09D40A73151007403D00D404F008A
:10C28000020000000000000007A03201C500144BAE
:10C29000100C403300CC003403D00C403300CD00F0
:10C2A0003403D00C403300CD003403D02800E0002C
:10C2B0000D03342AD8005100008D003404D00C4006
:10C2C00043018D023408D00140970085003403D02B
:10C2D0000C401F000A0000000000000006806800FB
:10C2E00021018407901E407B00ED01B407D01E4061
:10C2F0007B00ED01B407D01E407B00ED01B407D0F8
:10C300001F4068046D01B407D89A406800AD599485
:10C3100006D01E406B02AD11B404D016405B00A1E4
:10C3200001B407D01E401F00020000000000000002
:10C330001210B000C7001C03300CC03300CF003C0B
:10C3400003F00CC03300CF003C03F00CC03300CF2F
:10C35000083C03E00C4020020F283E02F004C020FD
:10C3600022CF003A22F10CC013008B003C03F008EE
:10C37000C1170287003C03F00CC04B4000000000D6
:10C380000000000002B83D003F00FC23F00FC03F5A
:10C3900000FF00FC03F00FC03F00FF00FC03F00FA4
:10C3A000C03F00FF00FC03F00FD02F007F00FC0314
:10C3B000F00FC02D08FF80FE82F00FC03F00BD00CF
:10C3C000F803F00FC41F00BF01FC03F00FC00B60A7
:10C3D000060000000000000015A03700C3000C0399
:10C3E000300DC03700DF007C03F00DC03700DF00E8
:10C3F0007C03F00DC03700DF007C03F009C424008B
:10C400005F003C03700DC00408DF014C00F00DC05C
:10C410004700C3001C043001C037084F014D03F032
:10C420000DC057000E000000000000001388290016
:10C43000E100AC03100E423B00ED00B403D00E400F
:10C440003B00ED00B403D00E403B00ED00B403D040
:10C450000EC42A00ED80B403100E403800ED608455
:10C4600002D00E402B20EB0084001406423B006DEE
:10C47000008403D00E404F200600000000000000A2
:10C4800003007900F1018407101E407B00ED01B428
:10C4900007D01E407B00ED01B407D01E407B00EDAD
:10C4A00001B407D01E406800ED01F447503F4079C9
:10C4B00000FD01B407D01E625B00E9019407101A69
:10C4C000407B206D018607D01E400700040000005D
:10C4D0000000000012283304C1030403100C403391
:10C4E00000CD003403D00C403300CD003403D00C19
:10C4F000403300CD003403D0AC407200CD09348706
:10C50000586C48B10ECD402417D00C403300C90000
:10C510000403100D4037004D040403D00C404B20A1
:10C520000C0000000000000017889D007307040144
:10C530003405C217005F007C01F005C017005F00E2
:10C540007C01F005C017005F007401F037C454008F
:10C550007F42BC297016C0DD007F11AC15F005C00C
:10C5600017A043005C013005C097005F004C01F04C
:10C5700005C05F200600000000000000120003401C
:10C580001F127D08F0018007001F007C00F001C031
:10C5900007001F007C00F001C007001F007C00F0B6
:10C5A00021C087021F107C00B0019086001F024D41
:10C5B00008F001C007001F4A7C00F021C087043F3B
:10C5C000007C00F001C04B000C00000000000000E7
:10C5D0001008274093004D0E3009C027009F007CB3
:10C5E00002F009C027009F007C02F009C027009FCD
:10C5F000007C02F019C1240293027C16B089C06449
:10C60000019F0874223009C027009B014C16F009D5
:10C61000C0650192007C02F009C043200C000000BC
:10C6200000000000012026009102441AB0094027B2
:10C63000009D007402D0094027009D007402D009BB
:10C640004027009D007402D0A84060019103740A45
:10C6500050094265009D047402100940E7009D11D5
:10C660004402D01940650091007402D009400700CF
:10C67000080000000000000018A02400810044020F
:10C6800010094027009D007402D0094027009D003A
:10C690007402D0094027009D007402D00D40246030
:10C6A0009140740A10094024009D00740210094052
:10C6B0002702F904C40AD24B402D00B5007402D001
:10C6C000094063000200000000000000102020016B
:10C6D0008104040290084023008D003402D00840F9
:10C6E00023008D003402D0084023008D003402D096
:10C6F00008402400C1003402500D4031208D0074E8
:10C70000031408422B00BD008402D00E502900A55E
:10C71000003402D008404380000000000000000008
:10C720001CB08202530A4C003001C007001F007C7D
:10C7300000F001C007001F007C00F001C007001FCF
:10C74000007C00F005C0040013007C003001C00430
:10C75000001F007C003001C017001B204D00F0A11D
:10C76000C0954237007C00F001C077C00A0000008D
:10C770000000000019B82F02BF887C02F009C02712
:10C78000009F007C02F009C027009F007C02F00996
:10C79000C027009F007C02F00AD02F00BF00FC02DF
:10C7A000E00AC02F00AF00EC02F009C023009F0098
:10C7B0007C03F009C027009B007C02F009C0676081
:10C7C0000E0000000000000018A02F00BB008D022A
:10C7D0003009C027009F007C02F009C027009F009D
:10C7E0007C02F009C027009F007C02E00AC02D00F7
:10C7F0009F00FC02310BD02E00BF20FC02F009C0CC
:10C800002F00AF00BC02F00BC0AF00FF004C02F0E5
:10C8100009C067000E000000000000001C080700AF
:10C820001140440010014007001D007400D0014079
:10C8300007001D007400D0014007001D007400D0E7
:10C84000014004005D00740010014004001D007CE4
:10C8500000D2014007201D805C00D0414507011D2A
:10C86000004400D0014073200C00000000000000D4
:10C8700010A023008900040210084023008D00341A
:10C8800002D0084023008D003402D0084023008DE0
:10C8900000340290094021008D0074021C084021E0
:10C8A000808D003482D008422300CD003402D00CA9
:10C8B0004823018D000402D008404B800E00000088
:10C8C0000000000018A865009100440210094027EC
:10C8D000009D007402D0094027009D007402D80911
:10C8E0004027009D007402D0496064009D007002E2
:10C8F00008494035869D00741AD0096027009D8044
:10C900005402D1294227809D004402D0094063206F
:10C91000060000000000000005A827409B000C0254
:10C920003409C027009F007C02F009C027009F0047
:10C930007C02F009C827089D007C02B039C165104F
:10C940009D027C323219C165009FA67E0AF209C0A1
:10C9500027009F007C06F8094027008F204C02F03A
:10C9600009C017200E0000000000000015802540BF
:10C970008F007C02F009C027009F007C02F009C0F4
:10C9800027009F007C02F009C027009F007C02F076
:10C9900019C02714DF407C06F009C126009F885E7D
:10C9A00002F009C0E7049F005C22F109C027009F44
:10C9B000007D02F009C05F000600000000000000DA
:10C9C0001408050013804C003101C007001F007CD3
:10C9D00000F001C007001F007C00F001C007001F2D
:10C9E000007C00F0A1C906801F8A7C183121C00795
:10C9F0000413007C00B001C0070013444C0834014C
:10CA0000C8074013007C00F001C053200400000060
:10CA10000000000014A01C007101C525100540177E
:10CA2000005D007401D0054017005D007401D00561
:10CA30004017005D007401D01640DC005D00B41D9D
:10CA4000B026409F007580F409710542DF00710037
:10CA5000D461120740DF017B007401D00540530010
:10CA6000020000000000000014A07600C100040BCA
:10CA7000100C403300CD003403D00C403300CD0007
:10CA80003403D00C403300CD003403D01C6032029C
:10CA9000CD04340BD1AC00B300C1053443D00C40FD
:10CAA000F300C102040B104C40B30449003403D01E
:10CAB0000C4053000A0000000000000005809800B0
:10CAC000E110840B100E403B00ED00B403D00E408B
:10CAD0003B00ED00B403D00E403B00ED00B403D0AA
:10CAE0000E403A00ED00F403D80E447B10ED02B482
:10CAF0000B510E427F04E101D407100E407B006908
:10CB000000B403D00E401700020000000000000037
:10CB10001510704073218C07341EC27B00EF01BCDE
:10CB200007F01EC07B00EF01BC07F01EC07B00EDCC
:10CB300001BC07F01EC07A10ED41BC07F01EC46BAB
:10CB400000E301BC07901EC07B00E3018C07301E90
:10CB5000C67F006B01BC07F01EC0574000000000FC
:10CB60000000000010B815005F207C03F10DC037F5
:10CB700000DF007C03F00DC03700DF007C03F00D08
:10CB8000C03700DF007C03B00DC00500DF103C00A3
:10CB9000B205C0030097007C03F10DC02340DF0005
:10CBA0006D03F001C007205F007C03F00DC04360FF
:10CBB000060000000000000000A06F00BB01CD07D0
:10CBC000F09FC07F00FF01FC07F01FC07F00FF0146
:10CBD000FC07F01FC07F00FF01FC07F01EC07C00B7
:10CBE000FB018C06309FC07D20F709D807709F801D
:10CBF0007B12F321CC87F01B4068007309CC07F04F
:10CC00001FC00B000E00000000000000158009028C
:10CC1000A10A8401D08E403B00ED00B403D00E4049
:10CC20003B00ED00B403D00E403B00ED00B403D157
:10CC30004AC02A08EF008402B00E4838006D00ACEC
:10CC400002B08E401B03EB0A8400D08A40280161A9
:10CC5000088403D00E4057200600000000000000AA
:10CC60000000290029008403D00E603B00ED00B4D1
:10CC700003D00E403B00E900B403D00E403B00ED72
:10CC800000B403D00F613904F900C402900A4029AE
:10CC900000E500E621108E483B8039008503D00B6B
:10CCA000402C0071008603D00E40030004000000F9
:10CCB000000000000428430001070403D00C4033A7
:10CCC00000CD003403D00C403300CD003403D00C31
:10CCD000403300CD003403D038400380C5430408FE
:10CCE00098006180200D022404900C4083190900F3
:10CCF0000400D89040000040000403D00C401B20EA
:10CD00000C0000000000000015A875019A070C0334
:10CD1000E10DC03700DF007C03F00DC03700DB0001
:10CD20007C03F00D403700DF007C03F02C00650031
:10CD3000D9110D16B02DC0E502C7194C4B700D402E
:10CD4000B780DB004C03F018D0240053074C03F0ED
:10CD50000DC0532006000000000000000100B700D5
:10CD60009F027C0BF00DC03700DF007C03F00DC08C
:10CD70003700DF007C03F00DC03700DF007C03F0DC
:10CD80000DC1A600DF427C42F289C0A702DB826EA1
:10CD900001F00DE037001F006C0BF129C0A7005F08
:10CDA000047C03F00DC007000C0000000000000030
:10CDB00080087B41A300CC06300FC03F00FF00FC81
:10CDC00003F00FC03F00FF00FC03700FC03D00FFE9
:10CDD00000FC03F00BC02E00FF12CC02B20FD02DCE
:10CDE000007309CE52310FC21F02FC00FC00F00B91
:10CDF000C02C007300FC03F00FC007200C000000E3
:10CE0000000000008120F62191085436100D4037B3
:10CE100000DD007403D00D403700DD007403D00D39
:10CE2000403700DD007403D13945C4048D03540438
:10CE3000141040404011010704100D4007241D2B21
:10CE4000740CD011C2400851007403D00D4007008B
:10CE5000080000000000000001A03400910044031D
:10CE6000100D403700DD007403D00D403700DD00A9
:10CE70007403D00D403700DD007403D81D42460016
:10CE8000DD10640C903544440091904443100D4EE5
:10CE90002700DD007447D03144C41051207403D002
:10CEA0000D400700020000000000000010283000C4
:10CEB00081001403100C403300CD003403D00C402B
:10CEC0003300CD003403D00C403300CD0036039046
:10CED00009400000C900540018004004800100040B
:10CEE00000120C4003000D003400D001000400418A
:10CEF000803403D00C40438000000000000000009C
:10CF000000A0320083804C03340DC03700DF007C6A
:10CF100003F00DC03700DF007C03700DC03700DF69
:10CF2000007C03E001C006205F004C00B001C0049B
:10CF30002013404400200DC007001F007C00F001BA
:10CF400080040052007C03F00DC007C00A000000FE
:10CF50000000000005A83F00BF00FC03F00FC03F29
:10CF600000FF00FC03F00FC03F00FF00FC03F00FC8
:10CF7000C03F00FF00FC03F00BE00F00EF60F0008B
:10CF8000E002C00E002F00BC00D00FC00F002F0029
:10CF9000FC80F102C00D006F00FC03F00FC01760B1
:10CFA0000E0000000000000003A00F11F949EC2062
:10CFB000F007C17C00FB34FC27F01FC07F30EF215D
:10CFC000FC10F04FC44E00B741B007F01FC82F014E
:10CFD0003321AC07321BC45A00F301FC87C11AC0CD
:10CFE0006F007F41E804F09FC47E003301EC07F03E
:10CFF0001FC00F000E0000000000000001088701A4
:10D00000D1044488D03D402408D1037413D01D407E
:10D010007720DD017424D0CFC26420D1015C07D019
:10D020001D40670210014413501D405600D5017485
:10D0300007801DC067009D014404D04D4074001559
:10D04000104407D01D4007000C0000000000000045
:10D0500010A0A31449042430D00C401025C1003482
:10D0600003D00C403300CD003400D10C4102809538
:10D07000001403500C4023001520044310006217D5
:10D0800080C5803403D80C4053004D002601D04C9D
:10D0900040320009042403D00C4043800E000000FD
:10D0A0000000000003A8B50811004405D04D50341D
:10D0B00000D1017403D00D403700DD047460D00D41
:10D0C000421482D1504403D00D40270895200423F8
:10D0D0005215405600D5007403988D4077009D4846
:10D0E000640FD20D403400DD004403D00D400F200A
:10D0F00006000000000000000028C508DB486C4462
:10D10000F00CC83413DB937C03F00DC037009F0292
:10D110007C0CF00DC0061097025C03F00DC02700D8
:10D1200017034D033039C8D744D6007C03F039CA01
:10D130004720CF336C04F80DC036001B046C03F09D
:10D140000DC003000E0000000000000087006D22EB
:10D15000FE00FC01F00FC02F707F00FC03F00FC039
:10D160003F00FF417C04F00DC03D00FF09DCC3F02F
:10D170000FC03F103B22EC43F00F801F00FE10FC5D
:10D1800003B01FC12D08FF01DC41F20FC83F047737
:10D1900004FC03F00FC01720060000000000000090
:10D1A000030801005F037C0AF00DC09400DF014C0E
:10D1B00043F00DC03780DF0A6C2B3C0DC04500DB0F
:10D1C000027C03700DC027001F0E5E0B3005C917CF
:10D1D00040D3007C03F02DCC1400DF816C8BF01D5C
:10D1E000C837009F007C03F00DC00F200400000032
:10D1F000000000001320E4041D41743FD06D403452
:10D2000000DD004503D00D003780DD02442F180FEC
:10D21000409002CD00620FB00D407324CF007487A0
:10D220001005C11102D3407403306D403400DD019C
:10D23000440FD00D40B300D7007403D00D404F0011
:10D24000020000000000000007A042019D0024022F
:10D25000D0604004004D00042FD00C403210CD515E
:10D260002400110D6081208D8034AF100C022384C6
:10D270008903140F1028405380C5003403D00840A0
:10D280002220CD920600D00D40730219123403D033
:10D290000C400F00000000000000000046807800F5
:10D2A000AD01B406D01E4048006D058407D01E4075
:10D2B0007B00FD018414101E4868926D01B60710B2
:10D2C0001E406B90A501B607109E005D20E501B4DD
:10D2D00007101E707A08ED098445D11E487B30A5E1
:10D2E00001B407D01E401B00000000000000000039
:10D2F00012100002CF023C01F04CD000004F000C95
:10D3000003F00CC03300CD002C02104CC011108F64
:10D31000083423500CC023A88D401C532008C2336E
:10D3200004C7043C03D02CC03200CF000D03F00C26
:10D33000C833094F243C03F00CC04B6000000000D0
:10D340000000000002B8BD82BF00FC01F00EC00F5B
:10D35000006F04FC03F00FC03F00FF00FC12B00F91
:10D36000C01F08FF08EC03F40FC02FA0BF00F40398
:10D37000FA0FC03F00FB00FC03F10BE03D00AF00E3
:10D38000DC03F10FC43F10FF40FC23F00FC00B6023
:10D39000040000000000000015A087009F016E033C
:10D3A000F00CC0744053004C03700DC03700D70020
:10D3B0007C05309DC01008DB207C03F00DC22700E7
:10D3C00097207C03301CC81500DF007C03D00DC003
:10D3D0006700D3004004300DC83300C6204C03F072
:10D3E0000DC043000E00000000000000138839202B
:10D3F000AD008403D20E48280021008403100E40A3
:10D400003B08ED603401300C433800E100B4037098
:10D410000E403B00ED00B403100E601800ED00B4A8
:10D4200003900A403B00E500AC01100EC03B00E158
:10D43000008403D00E404F000600000000000000F2
:10D44000030049046D01A5C7D01E405820C1418684
:10D4500007521E447B00ED01B403905E505C00A9AE
:10D4600041B607D01E406B80AD41F407101F48E95C
:10D4700010ED01B407D012447F00F141E607131EFE
:10D48000407B80F5038487D21E4213000400000015
:10D49000000000001228B3000D024407D11C40F028
:10D4A0000441064403100C4033004D0E3407900C29
:10D4B0004050A0C9043403D00C403300C908741C88
:10D4C000101C423108CD003403904C40B320C513EA
:10D4D00024031C0D403120D1040403D00C4C5B20EC
:10D4E0000C0000000000000017A855007F00EC2988
:10D4F000F026D11C0473004D017005C017006F00A9
:10D50000FC69B405D018047B047C01D005C0170168
:10D510007F01FC953407C51D005F007C01F046408B
:10D520001F006307EC31300540130077214D01D017
:10D5300005C05F00040000000000000012000700AA
:10D540001F047C08E001C007001F807C08F001C0B8
:10D5500007001F007C007001C0070017007C0072EC
:10D5600001C007001F007C00F101C006001F027C03
:10D5700000B001C807001FC07C00F021C007001FD9
:10D58000027C00F001C04B200400000000000000FD
:10D59000100A77049F017C063009C125008F004CDA
:10D5A0000E3409C027009F002C163409C067019370
:10D5B000407C06F009C027009F017C023029C0276B
:10D5C0000093497C02F049C025049F054C12F05994
:10D5D000C025219B004C82F00980432004000000FC
:10D5E00000000000012066009D43740610094424D9
:10D5F000009D804C0E10094027009D4344061009F1
:10D6000040272091006C26D00940E7069902740655
:10D61000502940A3009B027402D0494024009D225F
:10D620004412D01940242093814482D0094007003D
:10D630000000000000000000182024029D08742251
:10D6400018094025209D00440A1009402700DD01EB
:10D650007402100940278491007402D00940270009
:10D66000DD087213100D40260691007402D00940A7
:10D6700025009D104602D00940254099114402D052
:10D68000096063000200000000000000100030018B
:10D69000CD20341214494020208D0405021008408A
:10D6A0002300CD001412194840274080002403D0E5
:10D6B00008402301CD0034065018402700C900342B
:10D6C00002D0094020009D000002D00840202081A7
:10D6D000800402D0084043800000000000000000E9
:10D6E0001C1086021F0A7C293001C081021F804C59
:10D6F0002831014007001F007C0030A1C007001343
:10D70000807C00D801C007A01F207C283401C206FD
:10D710000013007C00D001C005001F004D00F0A5E3
:10D72000C215001B0A4D00F801C073E00A0000009A
:10D730000000000019982702AF00FC22F08BC02FD8
:10D7400000BF081C82F009C02700BF00EC23F0894D
:10D75000C03F00BF004802F009C02F02BB00BC025E
:10D76000F00F402F009F007802F00BE02B00AF007D
:10D77000BC02F009C02700B7007C02F009C0776046
:10D780000E0000000000000010A02700BF00CC0A1F
:10D79000B00BC02600F300FC02F009C02700BF0058
:10D7A000EC423009C02F108F00FC02B009C02F00DE
:10D7B000BF00FC02300BC22A00B3007C02F00AC09A
:10D7C0002400BF00FC02F02BE02C40BB007C02D008
:10D7D00009C073000E000000000000001C080720B4
:10D7E0001D15448010014004001B007400D001404E
:10D7F00007001D00440800014807001D00740010C8
:10D80000014087001C80741010014007001B004479
:10D810000090054004001F407400D0014004001136
:10D82000147400D0014063000C00000000000000F0
:10D8300010A023009D201702910940260081023488
:10D8400002D1084023009D00240200084023008DDF
:10D85000003402140840A3008D013442960860266B
:10D860000089002402D0094022008D803406D0486F
:10D8700040200081003402D008404B00040000002A
:10D880000000000018A8A5009D00540310A942A4A0
:10D890000099317402D0094027009D0044221009EC
:10D8A0004227019D04740210094027109900744317
:10D8B000900D4827019900460298095226049D8838
:10D8C0007402D00D40249091007402D0094063206E
:10D8D0000400000000000000052865008F0DDC4AF0
:10D8E000B029C0E60093007C02F009C027009F0D1C
:10D8F0006C023009C0A7009F117C023009C02700CC
:10D900009F037C02B009C8A6449B006C82F018C437
:10D91000E6809F017402F20950240093117C02F00A
:10D9200009C0170004000000000000001500F50009
:10D930009F012C12F009C027019F807C02F009C0D2
:10D9400027109F003D02F409C027049F007C02704D
:10D9500009C027009F957C267049C267009F006C14
:10D9600082F099C0258197007C4EF009C02700976E
:10D97000097C02F009C05F200400000000000000E4
:10D98000140885041F124C0C3001D004001F004CF9
:10D9900040F001C007001F007C883001C087001DD7
:10D9A000025C20F001C007001F207C08F061C00568
:10D9B0004013007C00B021C185001F007C00F041B5
:10D9C000C8040013005C00F001C0532004000000F4
:10D9D000000000001420D4007D01C1811006401019
:10D9E000005D00C40DD0054017006D83F44510059F
:10D9F000401F015D00940DD005409F007D04B4855B
:10DA00005007401B01610B7401C0074114007D08E1
:10DA1000F405D04740182071014401D0054043006F
:10DA2000000000000000000014A03200CD08200516
:10DA3000140C4030008D01040FD00C4033008D07D2
:10DA4000341B100C403300CD000444D00C40330193
:10DA50004D013444D03C48B111C989360380084097
:10DA600031004D00340AD03D483040C9261503D05E
:10DA70000C4043000A000000000000000480A800E1
:10DA8000ED00A441100F4838008D838441D00E4032
:10DA90003B002D10B401504E401B00FD019400D0FE
:10DAA0000E403B006D00B409540A412F006900B4D8
:10DAB00003D80E403808AD50B440D00A403840E991
:10DAC000118403D00E40130002000000000000008B
:10DAD00014105800BF01EC1D301EC07801AF018D3D
:10DAE00006F01EC07B002F013C07307EC04B00EFCC
:10DAF000018C05F01EC07B00EF41FC40F01EC07998
:10DB000000EB01BC07B01AC07900EF21BC06F01F82
:10DB1000D078007B019C07F01EC05360000000001D
:10DB20000000000010B885049F005C00F00CC037B6
:10DB3000039F007C00F00DC037201F407C01B40D16
:10DB4000C00700DF007601F00DC02700DF007C1A5F
:10DB5000F009C00700D7007C03F00DC037009F40DC
:10DB60007C02F009C8330057007C03F00DC043600D
:10DB7000060000000000000002A07F00FF01CD04AD
:10DB8000301FC0FC20BF21FC07F01FC07F002F0901
:10DB90008C27301FC05C00F301FC05F09FC07F00A4
:10DBA00073019C05709EC47C00BE01FC07431E40AF
:10DBB0007D02F509F824E01FC07B00F301CC07F0DB
:10DBC0001FC01B0004000000000000001588290A87
:10DBD000ED04C400100E403800AF00B409D00E4070
:10DBE0003B002D188431B08EC00A00E190B408D0FB
:10DBF0000E40BB002B028401108A4008092D00B49E
:10DC000003D04E403802A708B480D08A403B41710F
:10DC100004AC03D00E4057000400000000000000D8
:10DC2000000019003D409401140E403800AD00B4CE
:10DC300002D00E403B003D408503000E400C00E149
:10DC400000B400D00E623B047D1AC442548A682896
:10DC500010AD00B403500E463804E540B482D00243
:10DC6000403B2021008403D00E400300040000004C
:10DC700000000000062803100D091404103C403277
:10DC80000185027400D00C4033000D020480900C1A
:10DC9000400200C1213401D00C40232009000406B9
:10DCA00012106000008D003403D02C40F010840A64
:10DCB000341AD00140330001022403D00C400B2061
:10DCC000040000000000000014A8E516DF00541551
:10DCD0003228C2FC00DD127C03F00DC037005F0B60
:10DCE0004403300FC0B400D3037C01F00DC07700B3
:10DCF000DF0149077009D12000DF007C03703CC1BF
:10DD0000740057013C0EF009C0332013064C03F099
:10DD10000DC0530006000000000000000100A71025
:10DD20009F006801F0A5D13522DF107C03F00DC003
:10DD300037005F023C01F00DC0B702DF007C08F045
:10DD40000DC037205F00781BF021C0C7005F827CC8
:10DD500003F04DC237149F047C05F029C227001F31
:10DD6000027C03F00DC017200C0000000000000032
:10DD7000800A1F02B700CC01F099C03C00F3C5FC3B
:10DD800006300FC03F007F00FC03700DC00F04FF82
:10DD900050FC89F00FC23B00F300FC03320BC02D96
:10DDA00000B300F403F01BC03C00FF08FC07200B8D
:10DDB000C03C003310FC03F00FC003220C00000035
:10DDC00000000000812066018183448DD015413020
:10DDD00000D5807429B00D4037105D93744D500DFF
:10DDE000404708DD00740B900D40A7209503740692
:10DDF0005031C0C50095017403D01D4134009D8190
:10DE000074031039C0560011057403D00D40070289
:10DE1000080000000000000001202000D511450688
:10DE2000D009643400D1007403100D4037005D0147
:10DE30007404500D404704DD007401D00D401700FC
:10DE4000D1013407101940E70091117403D041400B
:10DE50003400DD006411501140F40011217403D02E
:10DE60000D4007000A00000000000000102000081C
:10DE7000C1000400D00560340885003400900C40D7
:10DE800033004D003400520C400300CD603402904A
:10DE90000C40338805003403100040010085003435
:10DEA00003D20D4830088D00340152004222400157
:10DEB000003403D00C4043000000000000000000CC
:10DEC0000010040095004C00F209D03C10D3207CD7
:10DED00002320DC437001F007C00700DC00700DF48
:10DEE000007400F00DC037005380FC023409C425D3
:10DEF0000093007403F109C03400DF007C0371015A
:10DF0000C0340013007C03F00DC003600800000063
:10DF10000000000005B80F08AF00FC80F007C03F0C
:10DF200000BF00FC00F00FC03F107F00FC00F00FAE
:10DF3000C00B00FF00F003900FC02B002F00FC026D
:10DF4000F003C40D00BF00FC03F00FC03F00FF0052
:10DF5000EC03B003C01F403F00FC03F00FC017608C
:10DF60000E0000000000000003A03F00F301FC07CA
:10DF7000F01FC07F00FF01FC07F01FC07F00FF0102
:10DF8000FC07F01FC07F00FF01FC07F01FC26F00FD
:10DF90003B01FC08B113C44C203F40DC04C113C05A
:10DFA0000F093304CC04F013C24C00FB01CC07F082
:10DFB0001FC00F000E0000000000000001087702E3
:10DFC000D1017487D01D407700DD017407D01D405A
:10DFD0007700D7017407D01D407700DF017407D1A7
:10DFE0001D406700110174081211424400190B6CA6
:10DFF00005D01140C700114B44049011404408D192
:10E00000014407D01D4007200C0000000000000064
:10E0100010A01300C1003403D00C403300CD0034F5
:10E0200003D00C403300CD003403D00C403300CD7E
:10E03000003403D00C4023880D00341AD001400076
:10E04000000D200401D00040830001000400D8012D
:10E05000480418C9000603D00C4043800E0000009D
:10E060000000000003A81500D1007403D00D403754
:10E0700000DD007403D00D403700D5007403D00DCF
:10E08000403700D5007403D30D40770015017402AA
:10E0900052194045001D11648DD08D403700D104C8
:10E0A0004407911D407404D1004403D00D400F205B
:10E0B000060000000000000002A82700D3007C0337
:10E0C000F00DC03700DF007C03F00DC03700DF002B
:10E0D0007C03F00DC03700DD007C03F00DC8630049
:10E0E0001F21740CF030D0C4109D034C0CD021C003
:10E0F000074611514C04F030C04000DB004C03F0E7
:10E100000DC00B200E00000000000000078025005D
:10E11000FF00FC03F00F403F00FF00FC03F00FC0C6
:10E120003F00FF00FC03F00FC03F00FF00FC03F0C6
:10E130000FC01F00BB207CCAB00FC23E008B00EC9A
:10E1400001F003C03B007F00FD03F007C22F08FF72
:10E1500000FD03F00FC01F000600000000000000DB
:10E1600003083100D3007C03F00DC03700DF007CD2
:10E1700003F00DC03700DF007C03F00DC03700DF77
:10E18000006C03704DC027009B88582A7025C0374B
:10E19000009F004C01B00DC004008B004C00F0E962
:10E1A000C0D704DF317C03F00DC00F200400000055
:10E1B0000000000013A03400D1007403D00D4037DC
:10E1C00000DD007403D00D403700DD007403D00D76
:10E1D000403700DD007403C07D40F7029101740FE9
:10E1E000123D4037009D006C01D01D403440D3806B
:10E1F0004403602D40B720CD025C03D00D404F009A
:10E20000020000000000000007A03200C10034033B
:10E21000900C403300CD003403D00C403300CD00CF
:10E220003403D00C403300CD003403D02C40A34045
:10E230000110740440404003A80D000000D00040CD
:10E24000000001000400C830400300CD023403D0B8
:10E250000C401F000A00000000000000068078004B
:10E26000E101B407D01E407B00ED01B407D01E4091
:10E270007B00ED01A407D01E407B00ED01B407D068
:10E280001E406F0A2101B6061016427B20A901A686
:10E2900005901E61400289018424501A405B00E908
:10E2A000019407D01E401B00020000000000000087
:10E2B00012101040C3003C03F00CC03300CF003CF0
:10E2C00003F00CC03300CF003C03F00CC03300CF90
:10E2D000083C23720C40B30403003C0A54ECC3B363
:10E2E000008D200C21B00040300043000D03F024CD
:10E2F000C02302CF003C03F00CC04B4000000000E4
:10E300000000000002B81D00FF00FC03F00FC03F3A
:10E3100000FF00FC03F00FC03F00FF00FC03F00F04
:10E32000C03F00FF20FE03F00FC03B003680F80323
:10E33000F08FC23F02BF08FC81F00ED03E10F70004
:10E34000FC03F00FC03F00FF00FC03F00FC00B60A8
:10E35000060000000000000015A06700DB007C0341
:10E36000F00DC03700DF007C03F00DC03700DF0088
:10E370007C03F00DC03700DF007C03F01CC03400CC
:10E3800017015C00700940478093214C01F01CC0CC
:10E390003608D3004C03701CC03400DF007C03F04F
:10E3A0000DC057000E00000000000000138821007F
:10E3B000E100B403D00E403B00ED00B403D00E40AA
:10E3C0003B00ED00B403D00E403B00ED009C03D8B1
:10E3D0000E403800E100C402000E403B00EB008418
:10E3E00001D00EC03040EF008403100E403800ED25
:10E3F00000B403D00E404F200600000000000000D3
:10E400000300F900E901B407D01E407B00ED01B420
:10E4100007D01E407B00ED01B407D01E407B00ED0D
:10E4200001B407D01E40FA00F5119406501E4C7F2F
:10E4300000E181A407D01F487A80E901C407501E7B
:10E44000407900ED01B407D01E400F000400000029
:10E45000000000001228F300C9003403D00C403340
:10E4600000CD003403D00C403300CD003403D00C79
:10E47000403300CD001403D00C407000C10444B7F9
:10E48000509C087380C1012407D02C42324ECD220B
:10E490000407106C403100CD003403D00C404B20F9
:10E4A0000C0000000000000017A81D005B007C01AC
:10E4B000F005C017005F007C01F005C017005F0089
:10E4C0007C01F005C017005F007801F205C0DE0096
:10E4D0007702DC09608784DF087107ED41F027C10E
:10E4E000DE006B04C4495027C09D025F007C01F030
:10E4F00005C05F20060000000000000012000704B5
:10E5000017007C00F001C007001F007C00F001C074
:10E5100007001F007C00F001C007001F005C00F036
:10E5200021D007041F007C009001C007421F045C3B
:10E5300004F021C005001F107D40F0019006001F6F
:10E54000027C00F001C04B000C0000000000000045
:10E55000100827009F007C02F009C027009F007C64
:10E5600002F009C027009F007C02F009C027009F2D
:10E57000007C02F089C0670093057C92398982246F
:10E58000249D007802F009C1230093094C023099C0
:10E59000C0A7009F016C02F009C043200C000000DE
:10E5A00000000000010026009D007402D009C02771
:10E5B000009D007402D0094027009D007402D0091C
:10E5C0004027009D007402D06940A3029001740AA4
:10E5D00010284024009D006402D0294127009B019F
:10E5E00004021009C0A5009D077402D0094007006D
:10E5F000080000000000000018A024809D007402A4
:10E60000D0094027009D007402D0094027009D00DA
:10E610007402D0094027009D007002D009402704F1
:10E620009100740A10094025009D007402D00D402D
:10E6300027009100450310094827009D046402D07B
:10E64000094063000200000000000000102020814B
:10E650008D003402D0084023008D003402D00840E1
:10E6600023008D003402D0084023008D003402D0F6
:10E670000840272081003492140C5021008D04267C
:10E6800002C0084023818904040210084021008D43
:10E69000003402D008404380000000000000000069
:10E6A0001CB006001F007C00F001C007001F007CAA
:10E6B00000F001C007001F007C00F001C007001F30
:10E6C000007C80F201C0072053007C281001C005A7
:10E6D000001F007400F001C0070013004C0032015D
:10E6E000C017201F006C00F001C073C00A000000BA
:10E6F0000000000019B83F029F007C02F009C0250D
:10E70000009F007C02F009C027009F007C02F009F6
:10E71000C027009F007C02F009C02B40AF00FC2204
:10E72000F00FC42A00AF08FC02F00BC02F02AF08A4
:10E73000BC02F40BC02D009F007C02F009C0676092
:10E740000E0000000000000018A027009F007C02BF
:10E75000F009C027009F007C02F009C027009F003D
:10E760007C02F009C027009F007C02F00BC02B0840
:10E77000B300FC72720BC427109D044C823009C098
:10E78000230091004C82300D003F40B3007C02F02A
:10E7900009C063000E000000000000001C08070014
:10E7A0001D007400D0014007001D007400D001401E
:10E7B00007001D007400D0014007001D007400D048
:10E7C000014007001100741810016007085D006C1B
:10E7D0000010054017001100440010034007001B03
:10E7E000007400D0014073200C0000000000000005
:10E7F00010A023008D003402D0084021808D003409
:10E8000002D0084023008D003402D0084023008D40
:10E81000003402D00846230081013402500844230A
:10E8200008AD029406100A402B00A1008402100AD1
:10E8300048230081003402D0084043800E000000CD
:10E840000000000018A825009D007402D009402790
:10E85000009D007402D0094027009D007402D00979
:10E860004027009D007402D0094027409100742287
:10E87000180940A702BD40F202108B402F02B101DF
:10E88000C402142B40270291007402D00940632077
:10E89000060000000000000005A827009F00740289
:10E8A000F009C027009F007C02F009C027009F00EC
:10E8B0007402F009C027009F007402F009E0A7016C
:10E8C00093027C16700942A7009F021D863019C072
:10E8D000E70093064C6E1099C0670491007C02F02B
:10E8E00009C017200E00000000000000158065021E
:10E8F0009F007C02F009C027009F007C02F009C045
:10E9000027009F007C02F009C027009F007C02F0D6
:10E9100009C467069F133C86F299C027009F254CC7
:10E920000EF419C023408F507D82F009C067049F08
:10E93000007C02F009C05700060000000000000043
:10E940001408850017007C00F001C007001F007C40
:10E9500000F001C007001F005C00F001C007001FAD
:10E96000007C00F001C0870013007C103401C087D8
:10E97000081F004D00F221C0070413024D08F023C8
:10E98000C087201F107C00F001C05320040000004D
:10E990000000000014A0140051007401D0054417B9
:10E9A000005D007401D0054017005D007401D005C2
:10E9B0004017005D007401D087409B407100F40156
:10E9C00012274017004D054001D0054017015100A6
:10E9D0001429D005401B007D037401D0054053006D
:10E9E000020000000000000014A03200C500340343
:10E9F000D00C403300CD003403D00C403300CD00A8
:10EA00003403D00C403300CD003403D03C40B1027D
:10EA1000C122300F907C403300CD213043D20C40D6
:10EA20003300C1800483D00440F300CD003403D010
:10EA30000C4053000A000000000000000580700038
:10EA4000E100B403D00E403B00ED00B403D00E4013
:10EA50003B00ED00B403D00E403B00ED00B403D00A
:10EA600026403B00E102F442900E413B20CD40A401
:10EA700003900A403B40C1009403D00640BB00ED28
:10EA800010B403D00E401700020000000000000088
:10EA900015107800E721BC07F21EE07B00EF01BCF7
:10EAA00007F01EC07B00EF01BC07F01EC07B00EF2B
:10EAB00001BC07F21EC87B20A381BC07B01EC87B27
:10EAC00020EF01BC07F016C07B20A3018D07F012D8
:10EAD000C27B00EF01BC07F01EC0574000000000E1
:10EAE0000000000010B83500DF007C03F00DC037D7
:10EAF00000DF007C03F00DC03700DF007C03F00D69
:10EB0000C03700DF007C03F001C237401F003C0229
:10EB10007005C03700DF005C03F001C037109F00B4
:10EB20007C03F001C007001F007C03F00DC04360B0
:10EB3000060000000000000000A07F00FF01FC07AD
:10EB4000F01FC07F00FF01FC07F01FC07F00FF0126
:10EB5000FC07F01FC07F00FF01F427F09FC07B007F
:10EB60007741FC17E19EC07C82BF018C05A01FC0CD
:10EB70004F027109CC05F017C07F00FF01FC07F0C0
:10EB80001FC003000E0000000000000015883900BF
:10EB9000ED08B403D00E403B00ED00B403D00E40AE
:10EBA0003B00ED00B403D00E403B00ED00B403D0B9
:10EBB00006403B012B00B40AD00E403900A7248444
:10EBC000611A0A400B43610C9401D086403B00ED72
:10EBD00000B403D00E4057200600000000000000E3
:10EBE00000003900ED00B403D00E403B00ED00B44E
:10EBF00003D00E403B00ED00B403D00E403B00EDCF
:10EC000000B403D20E442F802500B452D80A68BA4B
:10EC100010AD4084011426410B800500A401D012E0
:10EC2000403B00ED00B403D00E40030004000000A0
:10EC30000000000004283300CD803403D20C4033A0
:10EC400000CD003403D00C403300CD003403D00C91
:10EC5000403300CD003403D00040E30409103448B1
:10EC6000D01040720085090505901040830B010308
:10EC70001549D01044C3000D003403D00C401320BC
:10EC80000C0000000000000015A83500DD007C032A
:10EC9000F00DC03700DF007C03F00DC03700DF004F
:10ECA0007C03F00DC03700DF007803D00D40B300C7
:10ECB00015017C0EF84DD096015C084C02B22DC4B3
:10ECC000B300D7004E1AE0FDC0F700DD007C03F072
:10ECD0000DC05720060000000000000001003700B2
:10ECE000DF007C03F00DC03700DF007C03F00DC0B7
:10ECF0003700DF007C03F00DC03700DF007C03F835
:10ED000025C0A7021F8A7C82F029C1950056027C8B
:10ED1000027009C03700DF0C7C02F02DC03702DF23
:10ED2000007C03F00DC007000C0000000000000094
:10ED300080083F00FF00FC03F00FC03F00FF00FC15
:10ED400003F00FC03F00FF00FC03F00FC03F00FFC7
:10ED500000FC03F007C83F403300FC02F01FC01F57
:10ED6000104F00CC063007C03400A300CD22F00BBA
:10ED7000403F04FF00FC03F00FC003220C00000022
:10ED80000000000081203600DD007403D00D403704
:10ED900000DD007403D00D403700DD007403D00D9A
:10EDA000403700DD007403F03140E7001101748644
:10EDB000D0716096095D7204221000483400910001
:10EDC0004C06D0294147041D117403D00D400702A1
:10EDD000080000000000000001A03400DD00740302
:10EDE000D00D403700DD007403D00D403700DD004A
:10EDF0007403D00D403700D5007403D01941770457
:10EE000019037404D0856017001D004400100D40E4
:10EE1000040051204400D00D4047001D017403D070
:10EE20000D4007000200000000000000102030002C
:10EE3000CD003403D00C403300CD003403D00C405F
:10EE40003300CD003403D00C403300CD8034039028
:10EE50000040270001003400D0006212180D004568
:10EE6000001A0948001041000400D00C40030009BA
:10EE7000003403D00C40438000000000000000007C
:10EE800000B03600DF207C03F00DC03700DF007CCF
:10EE900003F00DC03700DD007C03F00DC03700D754
:10EEA000007C83F809C007A01B007C00F00140171C
:10EEB000801F604C003405C0042013004D00F00991
:10EEC000C007001F007C03F00DC003C00A00000053
:10EED0000000000005B83F00FF00FC03F00FC03F3A
:10EEE00000FF00FC03F00FC03F00FF00FC03F00F29
:10EEF000C03F00FF00FC037003C02F003E00FC0079
:10EF0000F003C01F803F00FC00F003C00F403F0033
:10EF1000DC00F20BC00F003F00FC03F00FC01760D5
:10EF20000E0000000000000003A03F21FF09AC0517
:10EF30007007C03B00FB84CC87C01FC07F00FF016F
:10EF4000FC06B00FC06E80FF23CD07F013C04C0845
:10EF5000BB03FC0E3243C0FD00F301FC263043C06E
:10EF60007E00F300DC033213C00C213F21CC04B03F
:10EF700013C00C000E00000000000000010837174D
:10EF80009D844405102D407700D1126C07D01D40A0
:10EF90007710DD217407103FC06480CD046C07D06A
:10EFA00011404410910058821091403410D10174E6
:10EFB0000210B3C06700D103440F1011404402DDBA
:10EFC00001440710194004200C000000000000005C
:10EFD00010A033888D0074015020403100C90C040A
:10EFE00003900C403300CD007402508C402320CDA0
:10EFF000040603D0016004008D00741250004031FB
:10F0000001C10054115200443400C102248B10008D
:10F010004000201D20440090094040800E00000068
:10F020000000000003A875009D015403101540372F
:10F0300000D1006003D20D403700DD007407500D91
:10F04000427400CD007403C00154040090004403D6
:10F050005411423100D000740C5019407700D12077
:10F060004503101D594408DC0044431019400C208E
:10F07000060000000000000002A837001F017C8885
:10F08000705DC83500CB114C03B00D403700DF0078
:10F090007404700DC46604DD004403D031C0C002A6
:10F0A0009B033C077031813500D2203C0E7019C0A3
:10F0B0007041D3205E033118CE4410CF014D2FB0E4
:10F0C00010C108200E00000000000000078035106D
:10F0D000BF00E801F00F403F005F09FC03F00FC0E4
:10F0E0003F10FF00FC03B00DC00D00FF00EC03E07B
:10F0F0008FC10F00BF48DC0FA005C03E00FF00F825
:10F1000003B00AC02F00EFC03C03F00B810700FFE3
:10F1100009FC03F00BD21F000600000000000000F5
:10F120000308350097087CA8300DC03700D7004C85
:10F1300003F00DC03700DF106C07300DC87524DFF9
:10F14000047C03F021C085001B027CA37145C036FE
:10F1500000DF007C01F009C13400DF087C03302DA2
:10F16000C00512D7067C0BF009C20C200400000079
:10F170000000000013A034019100040D100D403B6D
:10F180000451104403F00D403700DD033487106E46
:10F19000487400DD017D033018410400112644034A
:10F1A0001024407404DB007401D019C23600FD0243
:10F1B000F427100D404700D1423467D029414C005C
:10F1C000020000000000000007A02204DD07051D6A
:10F1D000900C403301C5131403D00C403320CC23D2
:10F1E000241A100C45A300CD8B14038018409304FF
:10F1F000950001020028403350CD0034018010609A
:10F200003004CD473427903040031005023400D835
:10F2100010411C000A000000000000000680780079
:10F22000F9018405941E427B00A1019407D01E4081
:10F230007B00ED11F407111E407800ED05B48790B6
:10F240009A424A00A50784B6101E407980ED41B469
:10F2500004D09A447A00ED41B4079016415B00E572
:10F2600045B407D01E401800020000000000000056
:10F27000121020828D061C09B10CC03300C7041D7A
:10F2800003F00C403300CD002C0A300CC02102CF1B
:10F29000001C039008E0A34297005412740CC0377E
:10F2A00000CF003C01F0A0D11000CF003803B0081F
:10F2B000C08110C7423C03F008C048400000000075
:10F2C0000000000002B83D00E700DC01700FC83FFD
:10F2D00082BF00EC03700FC03F00FF00BC03F02FA3
:10F2E000C13D20FF04FC03300AC00982B304DC12D4
:10F2F000F007C03E00F900FC01F08AC03F00FF406B
:10F30000FC23700FC03F00FB04FC23F08EC00B6099
:10F31000060000000000000015A027009F016C00FF
:10F32000341DD03C08DF004C03F80DC03700CF007F
:10F330000C07340DC23600DF007C03700DC03600B0
:10F340009F066C03B001C03600D7007C00F24DA0D0
:10F350003400DFC07C03301CAC1610D3014C07A076
:10F360000DC057400E000000000000001388390057
:10F37000AD008401100E40F800AD008403D00E40B3
:10F380003B00ED808403104C403800ED0094037086
:10F390000E403818ED08C4031006403800E120B4D0
:10F3A00001D00E613800ED42B40B100E503800E170
:10F3B000008403100E404F00060000000000000013
:10F3C00003006900BD11E4C4191C407911CD01840A
:10F3D00007531E407B00ED01D407101E607A04ED38
:10F3E00001B607D01B417A002D01840F101E407812
:10F3F00000E501B405D01C4C5800ED053417101F72
:10F40000645828E183C447921E400F0004000000A6
:10F4100000000000122837008D66040118BC40313E
:10F42000008D020503D00C403300CD001423100CD6
:10F43000403000CD001403D12841F004DDC14483E5
:10F440001034413400C1007404D21C503000CD008F
:10F450003403100C483001C106041F902C404B208F
:10F460000C0000000000000017A815087F00AC0188
:10F470003087C011007F004D01F005C017005F000C
:10F48000DC053005C01E005F007C01F136C01E00A7
:10F490005F524D05B477C016005700FC15F056C0FA
:10F4A0001C005F407C013407C15E047302CC09B0CC
:10F4B00067C05F2006000000000000001200070087
:10F4C0001C027C00F0010086001F127C00F001C0CD
:10F4D00007001F026D48F200C007041D027C007087
:10F4E00001C007021F105C80F001D407001F007CE0
:10F4F00000F061C007001F007C80F201C087401F40
:10F50000027D007001C84B000C00000000000000EC
:10F510001008270297287C623009C0670087054CD5
:10F5200002F009C027009F014C26F019D064009F0B
:10F53000014E02F019C02520DF025C02B018C0E4C1
:10F540000093007C023419C024008F004D023099D2
:10F55000C1610197027C02F019C943200C00000030
:10F5600000000000012026009103740E14094027BA
:10F570000191014402D0094027008D13451A93C917
:10F5800044A4009D014402D0694064229D024406C7
:10F590001019D026409B00740211A941A5009D01BD
:10F5A0000412501940A70191047402D0A94207081F
:10F5B000080000000000000018A02400950274421A
:10F5C000100942270195104402D0094027009D04EC
:10F5D0004402D0094024028D184502D04D40250038
:10F5E000DD10542294694224009180760210094271
:10F5F000A5029D064402110940270095007402D817
:10F6000009406300020000000000000010203001EB
:10F6100081003402104840230181040402D00840D4
:10F6200023008D00040292484020008D000402D087
:10F63000084020808D0006021048002240890034D6
:10F640000211484021008D04041242084023098120
:10F65000003402D00C404380000000000000000095
:10F660001CB08602170A7C0030A1C00700170A4DA3
:10F6700000F001C007001F004C00F001C014200F73
:10F680000A4500D001C015000F8A5C28B401D08063
:10F690001213007CA83001C004001F004C002001A0
:10F6A000C0070817007C00F001C073800A0000004A
:10F6B0000000000019B82F02AF00BC03F08BC02778
:10F6C00002BF087C02F009C027009F00FC02B0893D
:10F6D000C02F009F007C82F00AC03F009F00FC0208
:10F6E000F08AC025409F00FC02F18BD02E009B08C1
:10F6F0007C22F00BC02B22AF40BC02F20BC0672073
:10F700000E0000000000000018A02F04BF80BC8283
:10F710003009C06B01B3004D02F009C02700BF00E3
:10F72000F802F00BE02E00BF024C02F20B402E005C
:10F730009708FD02C00BC02E0097007C02F04BC062
:10F740002E08AF004C02300900270093204C02F035
:10F7500009C263000E000000000000001C08032026
:10F760001D0074801051410700110A4400D001406F
:10F7700007001D007401D2014407001D044400D09D
:10F780000140040011405C10100544040011007495
:10F7900000D0214204001D00440010014A870011DE
:10F7A000004400D0074073200C000000000000005F
:10F7B00010A023008D003402180840A30085140413
:10F7C00002D0084023008D003402D0084022008D72
:10F7D000000402D00840260085043442D0084022AC
:10F7E000208D403402D0294060008D008402920AAE
:10F7F00040AB00B1009402D00A4843880E000000DC
:10F800000000000018A825009D0074021029402760
:10F810000095004402D0094027009D007402DB09D6
:10F820004027049D005402C0194064009100548296
:10F8300010091022009920740AD02D402400DDA068
:10F840004402103B402F08B122D402D00F40632065
:10F85000060000000000000005A827209F327C0A57
:10F860003039C0274097004C02F009C027009F00A4
:10F870007C22F0094066208F004D02F018C026005F
:10F8800096067D22F4A9C026089E007802F028D0B2
:10F89000A4009F0044023839C0272193405C62F0E5
:10F8A00009C017200E000000000000001580250090
:10F8B0009F047C02F699C023008B007C02F009C0F3
:10F8C00027009F007C06F009C027099F406C02F0CA
:10F8D00009C02700DF405C02F008C4250097007CC7
:10F8E00022F009C0E7008F007D42F409C027509F35
:10F8F000046D06F009C0570006000000000000007B
:10F900001408050017027C187001C0040217805CFF
:10F9100080F001C007001D087C10F041CA84001F60
:10F92000404C00F001C004001F045C0074A1C0053D
:10F93000001B006C00F001C004011F084C00F02106
:10F94000C0870817024C08F023C0532004000000B1
:10F950000000000014A09C007000B40D1105405C74
:10F960000071074501D0054017007D63F405D027DD
:10F97000411C007D0E440198675098205D06564159
:10F98000B037409D015B007401D007C29E007D81AD
:10F99000144DD01540130841804409D067405300EE
:10F9A000020000000000000014A0F21BC408340B89
:10F9B000D00C44F201C5061403D00C4033004D13A3
:10F9C000340BD01C40B203CD000403D17C60402333
:10F9D000DD015506504C40B101CD002403D01C6020
:10F9E000F108CD060400D0504003040D810468D016
:10F9F000284153000A00000000000000058078083C
:10FA0000E100B40B961E403A00B1808403D00E4052
:10FA10003B00ED00B443D01C402800ED008403906F
:10FA2000034028006D049603900C403900ED00B4AB
:10FA300013D00E613B04EC009402C00E411300A9E8
:10FA4000028402D00A4017000200000000000000FB
:10FA500015107800E701BC07F27FE27A80E7019C8D
:10FA600007F01EC07B006FC1BC05F01ED07A00FD00
:10FA7000018C07D012C06800FF13D487701E807DF0
:10FA800000EF01AC0FF01C805900AF018C04F012A4
:10FA9000C06B002F018C04F016C05740000000001E
:10FAA0000000000010B835005F007C03721FD035E5
:10FAB000008F007C03F00DC03700DF007C01F00DEB
:10FAC000C037005F827D039000C027001F047C03C5
:10FAD000F00DC0A700DB007C03F00DC03600DF0096
:10FAE0007C02F009C2270007207D02F005C04360B8
:10FAF000060000000000000000A07F00F189BC2784
:10FB0000305FC07F00F301CD07F01FC07F00FF0111
:10FB1000BC07301FC07B02A303CC27F213C84F00E1
:10FB20007B01CC06301FC0F808F309FC27301EC04B
:10FB30006C30E321CC26F01FC06C037301BCA530F0
:10FB40001FC003000E0000000000000015880948D7
:10FB5000E108B433B00E403B20F1008403D00E40E6
:10FB60003B006D00A421B026C02900A5048003D06D
:10FB700002402B006900C422F02EC02B00E300F4E9
:10FB800003B20E402806AB009421F08248382BEBDC
:10FB900000B403108E405720060000000000000053
:10FBA00000003902A508B403124E603B00E1008456
:10FBB00003D00E403B006D00B401900E403B20A1ED
:10FBC000408403D102410B0069009402908E4038BA
:10FBD00000E980B403980E402A00E108B4A0C00FE9
:10FBE00040080B6918B401183241030004000000FA
:10FBF000000000000428030005403403933C483310
:10FC00004081030403D00C4033804D00248C9000CD
:10FC100040330481000403D02040A3044945540626
:10FC2000D02C402700C1007427904C402204C10012
:10FC30003403D0246080204902340B9010401320FC
:10FC40000C0000000000000015A8750157193C4782
:10FC5000342FC4270053124D03F00DC03700DF00CE
:10FC60007C1F380DC06700D1004D03F001C047185C
:10FC7000FB125D13B09DC02440D340FC07B00DD0F3
:10FC80007600D1007401F020C15403DB017C0734FD
:10FC900031E2572006000000000000000100370894
:10FCA00099007C4BF08DC097001F127C03F00DC0B3
:10FCB00037005F026C03F00DC8E5089F007C03F07D
:10FCC00061C067005E026803F01DC4A700DF007C0E
:10FCD00003F009C035005F025E037005C007005FD6
:10FCE000027C0C7021C20700080000000000000028
:10FCF000800807017F20FC04710FC12F206B00DCFE
:10FD000003F00FC03F007F09FC403007C02F00F315
:10FD100000CC03F003C00D00FF01EC03740CC02FF6
:10FD200060FB80FC03B00EC00C00BF00EC01F103CF
:10FD3000C1D400BF10FC4BF00FC00322080000002C
:10FD400000000000812006001D03740F540D48E3DD
:10FD500000110E4403D00D4037001D01340450350E
:10FD600040E34141016C03D03141C7005D4644038B
:10FD7000103540E400D50074031135406500CD0313
:10FD80005423D0214095009D1A7400D03D400702B5
:10FD9000080000000000000001A0B4005D83741B97
:10FDA000500D40F70059005403D00D403700DD10CE
:10FDB0006407101940770095814403C01140C700C3
:10FDC00049047407581D404644D9006403981D60D7
:10FDD0006410DD015683D00D4136049D007408D0B7
:10FDE00089480700020000000000000010200020E9
:10FDF0008D003483540C40330081000403D00C4048
:10FE00003300CD007401580040270085002403D240
:10FE1000004023004D000402100C400000C50034D7
:10FE200003180C6021208D00140090094021800DE2
:10FE3000003483D008404380000000000000000030
:10FE400000B006001F007C03700DC03710DB005CA3
:10FE500003F00D4037005F006C003001C01700B3A5
:10FE6000404C03F001C01500DB006C027409C00EA9
:10FE700000DB007C03B00DC22400DF004C01F00D5C
:10FE8000C03400DF007C00F005C003C00A000000A1
:10FE90000000000005B80F003F00FC03F00FC43B5A
:10FEA00000BF00FC03E00FC03F007F00FC00F00338
:10FEB000C03F00BB00EC03F003C01F006F00FC025A
:10FEC000F00BC00F00FF00FC03B207C02B00BF0007
:10FED000FC02F20EC03F20FF00F003D007C0176005
:10FEE0000E0000000000000003A07F00FF01FC07DF
:10FEF000F01FC07F00BF01EC07701FCC0F01B300E3
:10FF0000DC06301FC06D003F74CC07F08BC07D0055
:10FF1000FB01DC043003814C802F41BC043013C052
:10FF200049003302CC07F01FC07F00FF01DC07F05F
:10FF30001FC00F000E000000000000000108770045
:10FF4000DD017407D01D4077009D004403101D4063
:10FF5000130151014406111D40440011034403D212
:10FF600049447400D10174041231C445001DA174C8
:10FF700004100041440011007C07D01D407700DDD3
:10FF8000017407D01D4007200C0000000000000095
:10FF900010A03300CD003403D00C4033008D00247A
:10FFA00003500C400306C9085402100840234001C6
:10FFB000000403D088403300C900740018094802C7
:10FFC000000D003400100040072009220403500CEB
:10FFD000403300CD003403D00C4043800E000000BD
:10FFE0000000000003A83500DD007403D00D403789
:10FFF000009D004403500D405700190154021005A4
:020000040001F9
:1000000044260295034403C011403680D900740091
:100010001C0D4847009D2074205011403606D90021
:100020007403D00D403700DD007403D00D400F2065
:10003000060000000000000002A83700DF007C037B
:10004000F00DC037009F006C03700DC06740DB05EA
:100050005C01344CC0670407034D03F019C033083A
:10006000DB801C480039CCE4041D0B7C081011C84F
:10007000C3401B014F03700DC03700DF005C03F06D
:100080000DC00B200E0000000000000007803D00A6
:10009000FF00FC03F00FC03F00BF00FC03B00FC027
:1000A0001F001700EC12F04FC04D005300FC83F00E
:1000B0000FC03D80F740FC26F199C02D08FF00FCE1
:1000C00002B00BC01D001785FD03F00FC03F00FFFD
:1000D00000FC03F00FC01F0006000000000000003D
:1000E00003083500DF007C03F00DC037009F005C83
:1000F00003F00DC02700D3024C01701DC007021F82
:10010000026C033021C03600DB007C1AF02DD124B4
:10011000005F204C027029C0A600C3004C03F10D03
:10012000C03700DF007C03F00DC00F20040000008A
:100130000000000013A03400DD007403D00D403730
:1001400000DD007403C01D40570141010400D0359B
:1001500040C3005C014403D09D403720D140740E61
:10016000D03C40E410DD132C221079C0F606DB13DE
:100170004C03D00D403700DD007403D00D404F001C
:10018000020000000000000007A03200CD00340390
:10019000D00C4033009D005403D04C401700810523
:1001A0001006500C4051000C04340350B94072004A
:1001B000C1003600D83860C0210544062C5071605B
:1001C000000001040403D00C403300CD003403D000
:1001D0000C401F000A0000000000000006807800AC
:1001E000ED01B407D01E407B00AD01B407D01E4026
:1001F0005B00A1119406D0BA40DB006D008407D0EB
:100200009E427B00E181B426D01E6078046D01A07F
:1002100006109A426A00E9018407D01E407B08E973
:1002200001B407D01E401B000200000000000000C7
:1002300012103000CF003C03F00CC033008F001CC4
:1002400003F00CC1034083001D427000C023100F57
:10025000103C033028003246CB003442D0A8410085
:1002600000CF0A0C027028C0100003000C03F00C31
:10027000C03300CF003803F00CC04B40000000003A
:100280000000000002B83D00FF00FC03F00FC03F7B
:1002900000BF00FC03F00FC01F10BF00EC02F02BEA
:1002A000C41F10FF00FC03F90FC03B08F700FC82DD
:1002B000F28F423F00FF08FC02D20BC03F02FF0852
:1002C000DD23F00FC03F00FF00FC03F00FC00B6008
:1002D000060000000000000015A03700DF007C03CE
:1002E000F00DC037009F007C03F01CC03500D70024
:1002F0007C01F03CC015001F007C03F009C03400F5
:10030000DF001C04B00DC027009D0038003401C080
:100310003408DF006C83F00DC03700DF807C03F011
:100320000DC057000E0000000000000013883900C7
:10033000ED00B403D00E403B00AD00B403D00E403E
:100340001800E100B402D006400800ED00B403D06C
:100350000E403800ED00B402B00E403B00ED00B49A
:1003600002100B403800ED009403D00E403B00ED2E
:1003700000B403D00E404F20060000000000000033
:1003800003007900ED01B407D01E407B00AD11B42D
:1003900007D01E407100E581B405D03E4049002DD4
:1003A00001A407D038487800ED01A406181E007B90
:1003B00000ED41F406901A487800ED11A507D01E13
:1003C000407B00ED01B407D01E400F000400000088
:1003D0000000000012283300CD003403D00C40335D
:1003E00000CD003403D00C404002C1093431D01C90
:1003F000400001CD057403D05C403000CDA03483B3
:10040000907C64B300CD123627900C42B088DD0199
:100410001503D00C403300CD003403D00C404B20EA
:100420000C0000000000000017A815005F007C0110
:10043000F005C017005F007C01F005C09D0077004B
:10044000FC05F005C01D017F057C01F017C01400FC
:100450005F00FC193057401F046F02FE09902740CF
:100460005C207F026D01F005C017005F007C01F089
:1004700005C05F2006000000000000001200070019
:100480001F007C00F001C007001F007C00F001C0CD
:1004900007041F407C00F001C107001F007C00F131
:1004A00001D087201F007C40F021C407011F0A7C77
:1004B000407041D007021F107E00F001C007001FEE
:1004C000007C00F001C04B000C00000000000000A8
:1004D000100827009F007C02F009C027009F004CF5
:1004E00002F019C0670193007C02F08DC0270283DF
:1004F000094C025018C027019D007C22F018C0E46E
:10050000009F414C163029D066249F056C02F009EB
:10051000C027009F007C02F009C043200C000000AF
:1005200000000000012026009D007402D009402731
:10053000008D004402D00941E70091057406D039CE
:1005400040A30091104402105940A4019D00740280
:10055000D08940A4109D0C04061009C024039D03FB
:100560004D02D0094027009D007402D009400700C9
:10057000080000000000000018A024009D00740284
:10058000D0094027009D004402D04940A3009104B7
:100590007406D02940A700910064025089402700CA
:1005A0009D007402DA0940A4809980440310284019
:1005B0002428DDB04402D0094027009D007402D0F9
:1005C000094063000200000000000000102020002D
:1005D0008D003402D0084023009D000402D0084062
:1005E000230181043402D0084027008104240250F2
:1005F000484020208D003482D0484020008D0004E7
:100600000216080420008D040402D0084023008D47
:10061000003402D0084043800000000000000000C9
:100620001CB006001F007C00F001C007001F0A4D2F
:1006300028F001C0874213007C00F001C0070013BE
:10064000006D2870A1C007001F007000F005500465
:10065000001F004D0032A1A004200F0A4C00F00141
:10066000C007001F007C00F001C073C00A0000003A
:100670000000000019B827009F007C02F009C02785
:1006800000BF007C02F009C02F02BF08FC02F00D81
:10069000C03F40BF085C02B08BD227009F00FC0324
:1006A000F28BC02F20FF00FC02F00BC02F10BF8880
:1006B0007C02F009C027009F007C02F009C067603F
:1006C0000E0000000000000018A027009F007C0220
:1006D000F009C027009F027C02F00BC02F00B3403E
:1006E000FC02F00BC02F00BF007C02B00BC22F0039
:1006F0009F00FC02F00BC02F00BF00AC02300F8047
:100700002C00B300EC02F009C027009F007C02F02F
:1007100009C063000E000000000000001C08070074
:100720001D007400D0014007001D017414D0014069
:10073000074011007400D0014007001D007400D074
:10074000014407001D807C00D0014004801D00444E
:10075000001001C0070011004400D0014007001D37
:10076000007400D0014073200C0000000000000065
:1007700010A023008D003402D0084023008D0034E7
:1007800042DA0840230089403603D0084023808D98
:1007900000340290086023008D003402D00840210C
:1007A000089D000402100840240081002402D008A3
:1007B0004023008D003402D0084043800E0000002A
:1007C0000000000018A825009D007402D0094027F1
:1007D000009D017402D8094023009900761AD0497F
:1007E0004027809D027402D0096027009D0054229A
:1007F000D049407400DD004402840C44B7009100ED
:100800004402D0094027009D007402D009406320B3
:10081000060000000000000005A827009F007C02E1
:10082000F009C027009F007C02F009C067009B8090
:100830007C02F339C0A7009F207C02B069E4270046
:100840009F007406F0494065009D022C1A3029C1B2
:10085000644093116C02F009C027009F007C02F0F5
:1008600009C017200E0000000000000015802500C0
:100870009F007C02F009C027009F007C02F009C0A5
:10088000E70097097C02F019C067029F007C02F024
:1008900009C127209F007C06F009C025149F147D04
:1008A000267149D0E7009F157C02F009C027009F00
:1008B000007C02F009C057000600000000000000A4
:1008C000140805001F007C00F001C007001F004C49
:1008D00000F081C0070113006C08F021C0C7001FA1
:1008E000007C00F001C005001F007C083461C004DA
:1008F000001D0274003041D084120F025C00F00130
:10090000C007001F007C00F001C05320040000005D
:100910000000000014A014005D007401D005401711
:10092000005D004401D00740DF1171404401D05701
:10093000405F017D127401C107531C005D00F41D6E
:100940001016415C006D12F40D10174AD8087D0096
:100950004401D0054017005D007401D005405300EC
:10096000020000000000000014A03200CD0034039B
:10097000D00C403300CD000403D004417340010D7E
:100980002403D01C415300CD133403C13C407208F2
:10099000CD00341B900C50F000CD033417500C44A4
:1009A0003004CD031503D00C403300CD003403D008
:1009B0000C4053000A0000000000000005803800D1
:1009C000ED00B403D00E403B00ED018403D006409F
:1009D00023000141A403D00E401B006D00B403D0DE
:1009E0001E403A04ED00F407900C4028042D00F45A
:1009F00041540E413800ED108403D00E403B00ED11
:100A000000B403D00E4017000200000000000000F8
:100A100015107800EF01BC07F01EC07B00FF018CB1
:100A200007F016C05B002301AC07F01EC05B00AFEF
:100A300001BC0FF01FC07B00EF01BC87B01EC06877
:100A400000AE01BC07701FC47800FF019C07F01EB8
:100A5000C07B00EF01BC07F01EC057400000000043
:100A60000000000010B83500DF007C03F00DC03737
:100A700000DF007C03F005C007001F005C03F00DE1
:100A8000C01700DF007C03F005E03520DF003C03E9
:100A9000700DC027001E007E00B00DC00700DF00F3
:100AA0007C03F00DC03700DF007C03F00DC0436015
:100AB000060000000000000000A07F00FF01FC070E
:100AC000F01FC07F00FF00FC27F093C07C007F0177
:100AD000FC07F01FC05F006F01CC07B016E07E027C
:100AE000FF09FC07F01FC06C60F309CD05F01FD0B3
:100AF0007C00FF01EC07F01FC07F00FF01FC07F046
:100B00001FC003000E00000000000000158839001F
:100B1000ED00B403F00E403B00ED08B403D00240FA
:100B200028042D00B402D02E409B046D00C4031095
:100B300002443800ED88B480D006412800210884A2
:100B400011D0064138006D108403D00E403B00EFF9
:100B500000B403D00EC057200600000000000000C3
:100B600000003900ED00B403D00E403B00ED18B496
:100B700003D2066098002D02B402D00E401B006D17
:100B80000284039007413910ED40A462D08A400CE2
:100B90000231888409D88B403800AD00A403D00E00
:100BA000403B00ED00B403D00E4003000400000001
:100BB0000000000004283300CD003403500C423301
:100BC00000CD003403D0044044000D09340ED0148D
:100BD0004183004D0804031020502320CD003448E9
:100BE000D01040000001040400D02140C0000D03DB
:100BF0000403D00C403300C5003403D00C40112056
:100C00000C0000000000000015A83500DF007C0388
:100C1000D00DC03700FF01FC03F001D054001F03CA
:100C20003C4FF06DC0B7009F00CC03B005C037004B
:100C3000DC006806E00D50E4015307441FD02DC0CE
:100C4000B001DF202C03F00DC03700DD007C03F085
:100C50000D40572006000000000000000100370092
:100C6000DF007C03F00DC03700DF007C03F005C01F
:100C700017005F027003F029C017009F007D03F189
:100C800005813400DF007C0AF009C007011F027CE7
:100C900001D229C8B7109F067C03F00DC03700DFD2
:100CA000007C03F00DC007000C00000000000000F5
:100CB00080083F00FF00FC03F00FC03F00FF00FC76
:100CC00003F213C00F403301FC47320FC41F04BBB3
:100CD00000FC037003C05D01FF00EC02B006C02EF3
:100CE000003D09EC037107C93C144305CD03300FE7
:100CF000C03F00FF20EC03F00FC003220C000000F7
:100D00000000000081203600DD007403D00D403764
:100D100000FD00F403D02D41070091047407101D5D
:100D200040D300911A7403D010409404DD0074067F
:100D3000D22161C5001D03340410A14044001104F8
:100D40006C03100D403700DD007403D00D40070226
:100D5000080000000000000001A03400DD00740362
:100D6000D00D403700DD007403D0414077001104FE
:100D70007412108D40470059007403D015402500AF
:100D8000DD007644D04D4264001D007404500D40D7
:100D90000412D1004403100D423700DD007403D06B
:100DA0000D4007000200000000000000102030008D
:100DB000CD003403D00C403300CD003403D00040CC
:100DC000730001003402100C400300410034039111
:100DD00010642000CD003400D1004801000D003423
:100DE00000100040003001002403100C403300C903
:100DF000003403D00C4042800000000000000000DE
:100E000000B03600DF007C03F00DC03700DF007C4F
:100E100003F001C4370013007C02310DC007001B32
:100E2000407C037201C20580DF006C00B001400409
:100E3000001F006C007001C8044013004C03300D0B
:100E4000C03700DF006C03F00DC003C00A000000D3
:100E50000000000005B83F00FF00FC03F00FC03F9A
:100E600000FF00FC03F006C03F003F00FC02F00F53
:100E7000C00F003F00FC03F003C00F00FF00FC00A8
:100E8000F002E409202F00FC00F802C00F003F0030
:100E9000FD03F40FC03F10FF00FC03F00FC017600C
:100EA0000E0000000000000003A04F00FF00CC1067
:100EB000300FC07F00FF01FC07F01FC07F00FF0163
:100EC000FC06300FC07F00FF01FC07F01FC07B0055
:100ED000F341EC07B01FC00EA1FF01FC02B013C02C
:100EE0007D00A301AC073013C048003F00CC243084
:100EF00013C40F000E0000000000000001081709D5
:100F0000FD8044A510AF407700DD015C07D01D4097
:100F10007700DD017406103F407710DD017407D0C3
:100F20001D444700DB017407101D425502D181F4B6
:100F30008D1011807500DF21440650194844081DAA
:100F4000095510101D4007200C0000000000000093
:100F500010A00304C5001400100C403300C5003479
:100F600003D00C403300CD007402542C403310CD1C
:100F7000001603D00C401310C1001403D00C401114
:100F800020CC00140A5010483008C1007406120129
:100F90004000000D000404100C4043800E000000CF
:100FA0000000000003A84520DD005605140D403761
:100FB00080DD205483D00D403700DD007412500DC9
:100FC000403700DD006403D00D40C700D920660320
:100FD000500D409500D10074451211403700D503E3
:100FE0005007501D50A4881D005405100D400F20BF
:100FF000060000000000000002A8D700DF005D9698
:10100000300DC03730DF007C03D00DC03700DF006B
:101010003C02700DC03700DF207C03F00DC0D30010
:10102000D3003C03F00CC08510DF001C06F411C097
:101030003100C1217C062030C144021F010C043460
:1010400011C10B200E0000000000000007801D04ED
:10105000EF80EC02F00FC03F00FF00DC03F00FC098
:101060003F00FF00FC03A00FC03F00FF00FC03F0A7
:101070000FC01F08FC80FC83B00FC09C08FF20FC41
:1010800000F003C03D00FF00EC02F80FC03F003F3E
:1010900009FC83F25FC01F00060000000000000092
:1010A00003081500D7004D0BB00DC03400DF007CE5
:1010B00003F00DC03600DF007C43F00DC03400DFCC
:1010C000007C03F00DC09500D7007C03F08DC08735
:1010D00024D7087C0A7001C13708D7905C233401FB
:1010E000C0950103044C02F00DC00C200400000068
:1010F0000000000013A07401F54E0147100F50349A
:1011000000DD007403D00D403700DD007417D0CF30
:10111000483410DD007403D00D409702D1007403F1
:10112000801D401308D50B7421101040B701DB80DF
:101130000403121D413401DB044413D00D404C0064
:10114000020000000000000007A0C200C100240649
:10115000900C403000CD003403D00C403300CD0063
:101160003407902C003000CC003403900C40D302A4
:10117000C5003407986C401300CD03340E16806808
:10118000B20445021403547040810009020400D0E7
:1011900000401C000A00000000000000068048001B
:1011A000C589A406901C407800ED01B407D01E400C
:1011B0007B00ED01B407D09C487800ED01B407D066
:1011C0001E404F00E101B407D01E407B04E501B48E
:1011D00047111A607B00E941940F50824058820900
:1011E000018406D01F40180002000000000000002B
:1011F00012100400C7082C03B08CC03082CF403CD2
:1012000003F00CC03300CF003C03F00CC23002CF1F
:10121000003C03F00CEC1102C7443C53D04CE033CB
:1012200081CF003CA25A08C43200C7041E03608468
:10123000C031000B020C03F00CD04840000000004D
:101240000000000002B80D00FF089C2370AFC43FEF
:1012500002FF00FC03F00FC03F00FF40FC23F00F33
:10126000C03F08FF00FC03E00FC00F00FF80FE033B
:10127000B00FC03B00F300B8A3F08FC03B00FF806D
:10128000CC21B0CEC03F08BF08FC23F00EC00B60DD
:10129000060000000000000015A01700DF10440247
:1012A000F0ADC03700DF007C03F00DC03700DF0079
:1012B0003C07301CC03508DF007C03F00DE0060061
:1012C000DF007C03F00DC01301DB007C127019C835
:1012D00034004B001C033014C2200013006C01309A
:1012E0000DD054000E00000000000000138819000B
:1012F000ED048402D04E403B00E900B403D00E4020
:101300003B00ED80B403100E453800ED00B403D06F
:101310000E680B00ED80B403D00E403B02E100B438
:1013200043D20A443900E100840310064A382061A0
:1013300000C403100E404C20060000000000000016
:1013400003005900CD099447D01E407B80ED01B4C5
:1013500007D01E407900ED01B407589E407900ED9A
:1013600001B407D01E405B10ED01B407D11E40CB85
:1013700000E9019406D01F407800E9039407101794
:1013800040FE000101A407101E400C0004000000F4
:101390000000000012289304CD00140BD00C483339
:1013A00080C9003403D00C403300CD0034075C0CFE
:1013B000403000CD003403D00C405384CD203403A2
:1013C000D00C40B300C1803407D01C403110C12084
:1013D000044B141C40B210C1010403122C404820DD
:1013E0000C0000000000000017A85D015F20DD2D4B
:1013F000F005C017005F007C01F005C017005F001A
:101400007C417005C015005F007C01F005C05E01E5
:101410005F003C81F004C057005B00FCC1F067C076
:1014200014006B21DC993007D15A00730FED05349D
:1014300017C05C20060000000000000012008700BA
:101440001F006000F201C007001B407C00F001C0DB
:1014500007001F007C08B021C007001F007C00F0BF
:1014600001C007001B807C80E0018007011F427CD7
:1014700080F001C907281F027C08F001D005410F48
:10148000007C28F2C1C04B000C00000000000000EE
:10149000100827009F024C12F209C827009F007C09
:1014A00002F009C027009F007C02F139C027009F8D
:1014B000007C02B009C0650297407C062289C8748E
:1014C0000097013C023239C0E70093205C06368960
:1014D000C0270091084C423009C040200C00000099
:1014E000000000000120A6219D024502D0094027EE
:1014F000009D007402D0094027009D207C9AD109EC
:101500004027009D007402D0090023089100744E0A
:101510005029402002914274265029402300910016
:101520000416101940274091600406B008400400DA
:10153000080000000000000018A034018D024402E1
:10154000D0094027009D007402D1094027009D006A
:101550007406D0094427009D0074029009402414A9
:10156000950074125829402404950874821009408B
:1015700027009110551212094027009510440610BB
:101580000940600002000000000000001020202040
:101590008D040512D0484023008D003402D8084045
:1015A00023008D003402D2484023208D003402D025
:1015B00008402300810034025108522001C1403408
:1015C000135008402310910044021008683300852E
:1015D00004040290090040800000000000000000A8
:1015E0001CB086121F0A4D00F0A14007001F007CAE
:1015F00000F001C007001F007C80F005C007001F3D
:10160000007C00B001C0052017407C007001C004C0
:101610000017007C003405C8174011005C00310140
:10162000C0071017004C2932019070C00A0000005A
:101630000000000019B82F209F88E822F089C827F1
:10164000009F007C02F009C027009F00DC02F089A7
:10165000C027089F007882F009C02F209F807C025D
:10166000F009C027029E80FC22F00AC02320BF8020
:10167000FD02F00BC02F00BB88FD02F00AC26760BC
:101680000E0000000000000018A02F809710C482F8
:10169000F10BC027009F007C02F009C027009F00CB
:1016A000FE02F00BC024009F007C02F009C02B005A
:1016B0009B00BC02FA0BC22F00B300FE12300AC01E
:1016C0002F10A300CC02300B822900B384EC0A3027
:1016D0000BC663000E000000000000001C08078815
:1016E0000B024500D0114807001D007400F00140B6
:1016F00007001D007C00D10140040017007400D0D9
:101700000140170011007400F901681700100074FF
:101710002810014007001100440052014414101128
:1017200042441050054073200C00000000000000EF
:1017300010A0230081940402D0484123008D00347E
:1017400002D0084023008D003402D0085020008DC4
:10175000003402D00848232089203402D0084033C6
:10176000C889007402980840232081810506110968
:1017700040210081A3240210084043800E00000095
:101780000000000018A8256099004402D0094027F5
:10179000009D007402D0094027009D005407D00925
:1017A00040240095007402D0094027019100748202
:1017B0005209402702D9807406900940270091649D
:1017C000450250294024429100440A518940632037
:1017D000060000000000000005A8678491004D028B
:1017E000F009C027009F007C02F0094027009F00FD
:1017F0007402F009C024009F007C02F009C0A70019
:101800009B007C02D0094267009B003402B409C1EE
:10181000234083200C063099C021C093026C022023
:1018200029C017200E0000000000000015802509C7
:10183000C3007C22F109C027009F007C027009C010
:1018400027009F007C02F008C0270097007C02F070
:1018500009E027009FC07C02F009C0270097007CA8
:10186000027089C327009F007C12F119C127108FD5
:10187000097C22F119C0570006000000000000009A
:10188000140885001B104C20F001C404001F007CCC
:1018900000F001C007001F005CA4F041C007001F5A
:1018A000007C00F001C0070313007C207001C58399
:1018B0000013007C40F021D004011B0C4C9030013F
:1018C000C004101F044C003421C053200400000049
:1018D0000000000014A05C0253004405D2454014EF
:1018E000005D007401D0054017005D20F401D02791
:1018F0004017005D007401D205405B085500F401FB
:101900001027419F027102F4491017429C047D0385
:10191000C40D1006509C807126C505100742530067
:10192000020000000000000014A09600C800050797
:10193000D008403000CD003403D00C403300CD003F
:101940003407D01C403380CD003403D00C407300EA
:10195000C1003403503C403300C9123402D02C4043
:10196000B000CD010405501C403001C500440350B7
:10197000046053000A000000000000000580880099
:1019800069008403D11A403800ED00B403D00E4042
:101990003B00ED00B403D02E403B00ED00B403D07B
:1019A0000E403B00E500B407120A402B20E900344A
:1019B00002921E413800FD00C443100F413804C19B
:1019C0000084425006601700020000000000000082
:1019D00015107C00EB098D06F21BE07800EF01BCCE
:1019E00007F01EC07B00EF01BC07F21EC47B00EFB6
:1019F00001BC07F21EE07B00E301BC07701EC07350
:101A000020EB21BC06F01AC87808EF018D07301EC4
:101A1000C45840EF01CC047016C4574000000000C9
:101A2000000000001098352057027D03F00BD037DE
:101A300000DF007C03F00DC03700DF007C00F00DFC
:101A4000C03700DF007C03F00DC03740DF007C832F
:101A5000F009C2274897807C027009803700DF4078
:101A60003C03F40C901700DF007C00B005C043601D
:101A7000060000000000000000A05F00FB01CC8712
:101A8000B01B807F10FF41F807F01FC07F00FF01EF
:101A9000FC07109FC07C02FF01FC07F01FC07F0005
:101AA000F721D406F017C07F00EB01CC07301FC030
:101AB0007F02E305DC37301FD07C28F381CC073070
:101AC00096D000000E0000000000000015881920CC
:101AD0006304AC03100A403A00ED00B403D00E409A
:101AE0003B00ED00B403B00E403800EF00B403D06B
:101AF0000E403B05EF00B412D08A402B02ED089453
:101B000013F20A403B42E1168423B02EC03A10E1A2
:101B100000D442540640542006000000000000009B
:101B200000001906E5008442908A403B00ED00B4B5
:101B300003D00E403B00ED00B40310065E3900ED0B
:101B400000B403D00E403B08E8009402D10A403BA9
:101B500000ED008442110A403B10E92CB4D3100A76
:101B6000411C00E1008400900642000004000000D7
:101B70000000000004285304454024861008403229
:101B800000CD003403D00C403300CD00360490006B
:101B9000403100C5403403D00C40D304C9003002AA
:101BA000D0084043028D001446D09840331049219C
:101BB0002442992C40D00081421404D804401020C3
:101BC0000C0000000000000015A83500D7004C07ED
:101BD000B209423700DF007C03F00DC03700DF00A0
:101BE0007447300DC03500DD007C03F00DC02700C8
:101BF000D9005C01F0096237009B204C06000DC043
:101C00003700CB033E8F301C409404D38B4D8DB0F6
:101C100005C054200600000000000000010017006D
:101C200009007C03F009003700DF006C03F00DC0F1
:101C30003700DD807C83F024083600DF007C03F071
:101C40000DC03700DE807C09F109C033049F203CC1
:101C500003F30DC93708D7045C03F005C12741CF52
:101C6000017C487015C107000C0000000000000056
:101C700080083F01B3224C17F01AC03C00FF00FC63
:101C800003F00FC03F00FF20FC03F009CA3C10FF27
:101C900000DC03F00FC03F80FB00FC02700BC02F84
:101CA00000B3007C08308F80BE00F300CC03301BF3
:101CB000C21C60D100CC003007C003220C00000021
:101CC000000000008100726011124407D009D03476
:101CD00000DD007403D00D403700DD00740090314A
:101CE000403400DD406403D00D407600D900344F0D
:101CF00010194067009A037403B27D42A301D10317
:101D000045871031C00100D1042C041005400702A2
:101D1000080000000000000001A03400D1004403CE
:101D2000D04D403400DD007403D00D403700DD009D
:101D30007407D01D413400DD006403D00D406700FE
:101D4000DD007404501142750090017442900D4002
:101D5000378095014407184540E658D504440C1BCC
:101D60000540070002000000000000001020548021
:101D700001400583D10C403000CD003403D00C402D
:101D80003300CD003480D004503000CD002403D087
:101D90000C402300CD0034001008402348090034D3
:101DA0008390084033809540470712054023000583
:101DB00080240018040043800000000000000000A0
:101DC00000B0360003004D03F00DC03400DF007C8E
:101DD00003F00DC03700DF807E03F001C03400DF68
:101DE000004C83D00DC03700DD007C027009C03785
:101DF0000813007402300D48374097004C0330013F
:101E0000E2060057004C003405C003C00A00000081
:101E10000000000005B81B003D00FC03E00FC43DBE
:101E200000FF00FC83F00FC03F00FF00BC00B003C8
:101E3000C03F00FF00EC03F00FC01A00FB00FC02E3
:101E4000F00B800F003700FC03F003C01A00BB80CA
:101E5000BC0394026009003B00FC80F007C01760DF
:101E60000E0000000000000003A07F00FF01FC073F
:101E7000F01FC07D00FB80CC06F01AC03F25F72084
:101E8000DC27701FC02B003301DC10B09EC069003E
:101E90003F01FE05B813C04C003F01FC043013C0E5
:101EA0004C00F301FC07F01FC07F00FF01FC07F0AE
:101EB0001FC00F000E0000000000000001087700A6
:101EC000DD017407D01D407400DD014406D01D40C3
:101ED000F700F1014412101940C7001104440DD05D
:101EE0004D40740011016E04D0115046001D007465
:101EF000041015C04600DF017407D01D407700DDD7
:101F0000017407D01D4007200C00000000000000F5
:101F100010A03300CD003403D005403100C90004C7
:101F200002D008603300C5001403580C4AA308010E
:101F30001014A0D10C42252049003401D0004000EB
:101F4000000D2064009800401400C5003403D00C3C
:101F5000403300CD001403D00C4043800E0000003D
:101F60000000000003A83500DD407403D01D40349C
:101F700080DD004402D18D20770091004403181DBC
:101F800000670411034405D00D447400514140081A
:101F9000C00D40660C1D0374069415505400D40007
:101FA0007403D00D403700DD007403D00D400F20C6
:101FB000060000000000000002A83700DF007C03DC
:101FC000F03CC03500EB804C26E019C0E700F7007C
:101FD0005C1E793DCD630053015E14B118C0E190E1
:101FE0001B0370099011C1C4001F03300CB03141B4
:101FF000C004D5007C03F00DC03700DF005C03F0A7
:102000000DC00B200E0000000000000007803D0006
:10201000FF00FC03F00FC03F00DF00FC02F01FC018
:102020002B009F05FC17F80BC22F007F807E00D08D
:102030005FC03F803B20FC26A053C02D003E00FC2B
:10204000007107C00F00FF00FC03F00FC03F00FF4E
:1020500000FC03F00FC01F0006000000000000009D
:1020600003083500DF007C03F22DD03700D7084C81
:10207000423409C02401C30C5C0FF00DC0A5005F01
:10208000124C10300DC0A5005F924C0B712DC08515
:10209000011F127C003001C01701DF007C03F00D2E
:1020A000C03700DF007C03F00DC00F2004000000EB
:1020B0000000000013A03400DD007403D049507408
:1020C00004F040444E100D006400D1C3440FD00D05
:1020D00040E7065100444550A94034005002642AAC
:1020E000100C44E7141D005C2A141440D700DD00D6
:1020F0007403D00D403700DD007403D00DC04D00D7
:10210000020000000000000007A03200CD003403F0
:10211000D00C40B304C507040A584840C102C101AD
:102120005403580C40E1101900160D98844020000B
:10213000050A3705109062C3180D02340C989048B8
:10214000C300CC003403500C403300CD003403D026
:102150000C401F000A00000000000000068078000C
:10216000ED01B407D09F407800E9008426501B6041
:102170006B00E101848FC012406B503141960150D9
:10218000136478002501B4661E9E405B092C0194FF
:10219000059016486B00ED01B407D01E407B80E926
:1021A00001B407D01E40190002000000000000002A
:1021B00012103000CF083C03F208C03300C7080CEF
:1021C000027008C03100C3001C02E008C021008B6F
:1021D000001CA129A040B0124F081C033880803198
:1021E000000F203A6AB088C01304CF003403700C8B
:1021F000C03300CF003C03F00CC04B400000000097
:102200000000000002B83D00FF00FC03F00AC03BE4
:1022100000F704BC03B00BD03800FF00FC09F0034A
:10222000C02F006B48EC13908BC03F20EB088C0252
:10223000B08FC23F113F00B803718FC03F02FF0053
:10224000FC03F00FC03F00FF00FC03F00FC009606B
:10225000060000000000000015A03700DF007C032E
:10226000F00CC03500DF006C063009C02720D70411
:102270007C0BF009C2330043204C007801CA3700C0
:102280001B003C01E10CC0710013005C00FA09C2A4
:102290006500D3007C03F00DC03700DF007C03F045
:1022A0000DC057000E000000000000001388390028
:1022B000ED00B403D00E403800ED00B402100A4027
:1022C0002B00E110B403D002403B00610094007089
:1022D0000A403B006D00B402100E403800A5009C7F
:1022E00001D00E403B00E100B403D00E403A00EDB7
:1022F00000B403D00E404F20060000000000000094
:1023000003007900ED01B407D01B407900ED01A472
:1023100006901A407300E541B407D03A407A00F1C4
:10232000038405501248DB00ED51E447501F40790B
:102330000069018007D01E417B80E101B407D01EF7
:10234000407B00ED01B407D01E400F0004000000E8
:102350000000000012283300CD003603D098413031
:1023600000CD003403900840B302C101340BD010FB
:102370004273095100141151F860F300CD42340347
:10238000108C48F04ECD1314A3D00C483308C10074
:102390003403D00C403200CD003403D00C404B202D
:1023A0000C0000000000000017A815005F007C0171
:1023B000F026C015004F006C01B005C0DF005710BB
:1023C0007C25F007C09F047301CC817827C05B0097
:1023D0007B01FC01F807C49D007B01CC01D007C83C
:1023E0009D6353007C01F805C017005F007401F085
:1023F00005C05F200600000000000000120007007A
:102400001F407C00F101C007001F027C087421C03E
:1024100007001F007C28F001C287401F027C20704B
:1024200021C007001F007C00F821CB0700134A7869
:1024300000A011C207001F007C00F001C006001FB1
:10244000007C00F001C04B000C0000000000000008
:10245000100827009F007C02F009C0670193004C20
:1024600006F059C0630498057C03F0098063009B63
:10247000004D02C019C0270597515C4AF0298865B4
:10248000009D007802D099C827029E007C02F009C6
:10249000C027009F007C02F009C043200C00000010
:1024A00000000000012026009D007402D11940E0C8
:1024B000009100440ED03940672091137402D00976
:1024C00040E70091074402D23941270194021C06DB
:1024D000510840E4009D40744AD03940A7009D0057
:1024E000740270094027009D007402D00940070063
:1024F000080000000000000018A024009D007402E5
:10250000D24D4027149100641AD0094037299D000C
:102510007406D00964A71999014422D0894A27007A
:10252000D118544200095026029D107402C209417C
:1025300027009D007402D0094027009D007402D03E
:10254000094063000200000000000000102020008D
:102550008D003402D009502000C1042402D8084064
:10256000230185043003D00808230181000413D01F
:10257000084023208500140250094063288DA034B0
:1025800002C0084033008D00340250084023008D03
:10259000003402D00840438000000000000000002A
:1025A0001CB006001F007C00F001D0074013006D36
:1025B00000F005C007001F007C28F0010007001B89
:1025C0000A4C00E0A1C0070017005C00F005C4063B
:1025D000001D0A7C00F801C007001F007C00F0010C
:1025E000C007001F007C00F001C073C00A0000009B
:1025F0000000000019B827009F007C02F00BD027D4
:10260000009F089C02F00BC02F02BB287C02D00B5D
:10261000C02F12BF00FC22F20BC02F00BF00F4023B
:10262000F00B802C00BF00FC02F00BC02B009F00C1
:102630007C02F009C027009F007C02F009C067609F
:102640000E0000000000000018A027009F007C0280
:10265000F00AC02C00BF01FC02340BC02F00B305F0
:102660008C02F009C02F00BF00CC02780BC02C00F8
:10267000B300DC02B00BC02F00BF00FC02F80BC09F
:102680002C0093007402F009C027009F007C02F028
:1026900009C063000E000000000000001C080700D5
:1026A0001D407400D0014004001D007400B00140C2
:1026B000070011004400D0014007001D0044001035
:1026C0000140040011804400D0054807101D8574A6
:1026D00000D00140040015007400D0014007001D27
:1026E000007400D0014073200C00000000000000C6
:1026F00010A023008D003402D01D5020008D2276C2
:1027000002100840230091A2040250084063009D7B
:102710000004861009402410918134025008482397
:102720002089543406DA0940202881003602D00876
:1027300040230085003402D0084043800E00000092
:102740000000000018A825009D007402D109402453
:10275000009D00760210094027459100441AD08957
:102760004027009D014502100940A440910044C249
:10277000D0094027089C007012D20901240095005E
:102780007402D0094027009D007402D009406320E4
:10279000060000000000000005A827009F007C0242
:1027A000F239C024009F003C021209C0A700830038
:1027B0004D027009C0A7009F044C2E12F95024004E
:1027C00083017C0EB039C02721BD007C02D2285085
:1027D000240093007E02F009C0270097007C02F0DD
:1027E00009C017200E000000000000001580250021
:1027F0009F007C02F089C027009F107C26F009C052
:1028000063009F157C06F009C027049F003C02F47A
:1028100009C0E7109F157C66F149C027129D047816
:1028200082F089C0A7049F807C02F009C027009F26
:10283000007C02F009C05700060000000000000004
:10284000140805001F007C00F001D006041F007C66
:1028500000F041C0060613007C48B001C007001319
:10286000064C00F031C484001F005C08F001C187F1
:10287000801F507440F021C007001F007C00F00151
:10288000C007001F007C00F001C0532004000000BE
:102890000000000014A014005D007401D004409CEE
:1028A000007D10F445D05740DC007111F40D100587
:1028B000401F106102C40DD0065218067D06F4496F
:1028C000D067401F047D22F4917007401B005D001B
:1028D0005C01D0054017005D007401D00540530035
:1028E000020000000000000014A03200CD003403FC
:1028F000D00C4082324D403444D82440B2004102D2
:102900003403900C40D340C1020465D00440002041
:10291000CD02140BD02C427200C50B3407D05C40A2
:10292000F300CD001403D00C403300CD003403D0AD
:102930000C4053000A000000000000000580380031
:10294000ED00B403D00B5418002D00B400D0164095
:1029500030006100B40F100E425304E1008603D032
:102960002E400800ED40B401D00E621B006D04B48F
:1029700002D80E613B04ED009403D00E403B00ED05
:1029800000B403D00E401700020000000000000059
:1029900015107800EF01BC07F01AC04A006F01BCA7
:1029A00004F212C07A006321BC06B01EC07B38B3AB
:1029B000018C04F017C05800AD019C05F11E405B6E
:1029C000006703BC07F016C07B00EF019C07F01EF8
:1029D000C07B00EF01BC07F01EC0574000000000A4
:1029E0000000000010B83500DF007C03F009D407B8
:1029F000001F007C00F008C037405F007C02F00D33
:102A0000C027009F007C00F005C017009F407C009D
:102A1000F00DC007005F8074027001C01700DF0076
:102A20005C03F00DC03700DF007C03F00DC0436095
:102A3000060000000000000000A07F00FF01FC076E
:102A4000F01BC06D023F01FC24F013C07F027381B4
:102A5000FC07B09FC07C10FF00FC05F017E07F0270
:102A6000FD09F825329FC07F083B01CC26D09FC2CC
:102A70007F02F701FC07701FC07F00FF01DC07F039
:102A80001FC003000E000000000000001588390080
:102A9000ED00B403D00AC10A002D00B402D00240F8
:102AA0003B036100B482D08E402802ED08B463D0AD
:102AB00002433B00AD08B481508AC009002D008458
:102AC00002D00AC83B00ED00BC03D00E403B00ED35
:102AD00000B403D00E4057200600000000000000A4
:102AE00000003900ED00B403D00B4009002D00B404
:102AF00000D10240BB886908B402908F633800ADF2
:102B000008B40AD086401918A948E401100E601BC9
:102B1000023D088402D006412B80E500B403500E2C
:102B2000403B00ED00B403D00E4003000400000061
:102B30000000000004283300CD003403D0584000CA
:102B4000000D003600D0004033804900340AD03CEC
:102B50006831008D033402D02140D3028C08326CDE
:102B6000D0886141061D000404D010404303CD000D
:102B70001403D00C403300CD003403D00C4013209C
:102B80000C0000000000000015A83500DF007C03E9
:102B9000F0285005009F007C05F001C0B7400B21D4
:102BA0007C0FB08DC014009F137C0DF095C0870082
:102BB00099017405383D40170019004510D019449B
:102BC0003708D7007403700D403700DF005C03F056
:102BD0000DC0572006000000000000000100370073
:102BE000DF007C03F009C007001F007C0CF011C05F
:102BF000970017437C3BC00D5016049F027C03F0E6
:102C000005E407009F407C09702DC087001F067EE9
:102C100048F029CAA500DF007C03F00DC03700DFB3
:102C2000007C03F00DC007000C0000000000000055
:102C300080083F00FF00FC03F01BC08C103F00FC2D
:102C400024F003C030003300CD06F00FC23F103F28
:102C500010FC04F003C01E04B310DC15F003441D87
:102C6000003E00CC00F103807D01FF00FC03F00F6B
:102C7000C03F00FF00FC03F00FC003220C00000067
:102C80000000000081203600DD007403D01944C428
:102C9000041D03740CD01040440C1103440AD00DE1
:102CA00040170299237467D011C216009D01740069
:102CB000F03161C7093F055414D031408700DD0071
:102CC0007403D00D403700DD007403D00D400702BF
:102CD000080000000000000001A03400DD007403C3
:102CE000D0894004001D115440D0114074C0D9183F
:102CF000441BD00D4027149D117401D015003700DE
:102D00009D437408D01548570019016404D8314018
:102D10001584DD007403D00D403700DD007403D04E
:102D20000D400700020000000000000010203000ED
:102D3000CD003403D1094000000D003400D0104014
:102D4000300049200001D00C4013208D003403D006
:102D50001042320008202600D0004803080D20143D
:102D600000D800400300CD003403D00C403300CD28
:102D7000003403D00C40428000000000000000003E
:102D800000B03600DF007C03F009C004001F405C87
:102D900000F001D034001B404002F00DC027209D00
:102DA000007C00D001C416009B005C00F001C0153F
:102DB000101F004C00F801E40500DF007C03F00D5B
:102DC000C03700DF007C03F00DC003C00A00000024
:102DD0000000000005B83F00FF00FC03F10AC00F2F
:102DE000003F00FC00F003C03F007740FC02F00E03
:102DF000C01F00BB00FC02F003C01DA0BF80BE00CE
:102E00007203E00F802700FC00F003C00F00FF00FA
:102E1000FC03F00FC03F00FF00FC03F00FC0176081
:102E20000E0000000000000003A24B103B08CC275E
:102E3000F243C07C00FF01FC07F01FC07F00FF01D0
:102E4000FC07F013C07F00FF01FC27F01FC07F00CC
:102E50003F01BC063043C16A00FB01CC05B01BC07A
:102E60004A003F21DC047043C03E453701CC20F0CE
:102E70000FC00C000E000000000000000108270039
:102E8000118E4413D0A1417400DD017407D01D40A0
:102E90007700DD017405D011407700DD017413D097
:102EA0001D4077005D0174045033406508D58144AE
:102EB00005C2194044009D014440D2B144B4019F71
:102EC000014420D01F4005200C000000000000003D
:102ED00010A0270089201403D048403000CD0034D2
:102EE00003D00C403300CD003402D204603300CD57
:102EF000003683D80C40230005003403100942201B
:102F000000D5400401030940020815001410D00048
:102F100040322459000400D00C4042800E000000D2
:102F20000000000003A8650011015403D2114034D1
:102F300000DD207483D00D403720DD007403D01DE8
:102F4000403700DD007403D00D406700590674005F
:102F50005211406500D5004481904D401424DD009D
:102F60004400D019403248DD004504D00D400F2008
:102F7000060000000000000002A8F3001B035C0331
:102F8000F011C03400DF007C03F00DC03700DF001B
:102F90007C27F031C03700DF007C03D00DC0770004
:102FA0001F407C0A3050D06601CB800C01B428C190
:102FB000860017025C0F7010C136201B804C4CF24B
:102FC0000DC00A200E0000000000000007803D40F8
:102FD0001F10EC03D00FC03F00FF00FC03F00FC038
:102FE0003F00FF10F803F003C03F00FF00FC03F0B8
:102FF0000FC02F00BE01E80CF001C02C00BF05FC83
:1030000021701FC00F02BF05FC0FF209C83D00BFB1
:10301000147C00F20EC01D0006000000000000003D
:103020000308350093004C03F00DC53700DF007C2A
:1030300003F00DC03700DF007C03F06DC03700DF08
:10304000007C43300DC027001B427C473009C42759
:1030500000DB007C09B00DC0E70053424C0BF021AF
:10306000C1370057007C00700DC00F200400000025
:103070000000000013A0740415104013D06D4037F9
:1030800000DD007403D00D403700DD077447D02DFC
:10309000403720DD006413100D40A7021D183404D2
:1030A000B0294060009100742D900944C700CB0006
:1030B0004403D049C03E00C5007428100F404F00A3
:1030C000020000000000000007A0B2041101240368
:1030D000D025403300CD003403D00C403300CD0068
:1030E00034039020403300CC00240B100C407200BD
:1030F0000D0024081118416200C9003421D808428B
:10310000320001002402D008403110010134005087
:103110000C401F000A0000000000000006807C0038
:103120002501A407D012607B00ED01B407D01E403A
:103130007B00ED01B405D01E417B00ED01A407101A
:103140001E607B0A6D09B604101A505816E141B48E
:1031500024D09A40EB207909A404D21A423A00E123
:1031600001B405101E001B0002000000000000005A
:103170001210B00083002D03F008C03300CF003CD4
:1031800003F00CC03300CF803C83F044C23302CD47
:10319000806C23340CC032040F082C00100CC9239F
:1031A000A8CB883409F00CC0230003082C00F08859
:1031B000C0352243503C00700CC04B400000000062
:1031C0000000000002B83D803780DE03F003C03FFE
:1031D00002FF00FC03F00FC03F00FF00FC03F00FF4
:1031E000C03F00FF00EC03200FC02FA83D0AFC20C9
:1031F000F42F402F08FF00FC0AB803E22F02EF284B
:10320000C700F08FC23F1BFF00FC23F02FC00B60F4
:10321000060000000000000015A03700DB004C0392
:10322000F005C03700DF007C03F00DC03700DF0081
:103230007C47340DC03700DF005C03F80DC073001D
:1032400003430C00702DD82400D3201415A018C0FF
:10325000640043010C063209C0355287014C01302D
:10326000BDC054000E0000000000000013883900AB
:10327000A1008403D00E403B00ED00B403D00E400B
:103280003B00ED80B403100E4C3B80ED009C03D856
:103290000E400B08EB009400B00E403900E500B47E
:1032A00003410E4028006100BC03500A423A01EF7E
:1032B000008403104C404D20060000000000000078
:1032C00003007D0089018407D21E427B00ED01943A
:1032D00007D01E407B00ED01B487181E407B00ED37
:1032E000019407D01E447B0030518404521E486D67
:1032F00000E011F405101B425F047101E40F123E5F
:10330000427100E5810405181E400C000400000015
:10331000000000001228770481224403D00C4233BD
:1033200000CD003403D00C403380CD00340F1A1C84
:10333000403310CD005403D00C4443828901140063
:10334000921C48F000C5203412D02850D340C1014F
:103350002413503C613600CD104447100C404920E6
:103360000C0000000000000017A8DD017B414401B3
:10337000F107C017005F007C01F005C017005F0077
:103380007C153007C317005F005C01F005C89F8003
:103390005300CC01717740590053017C1130C7C0F4
:1033A000DF007311EC053227C015707702CC1D3495
:1033B00005C05C20060000000000000012000700AD
:1033C0001F187D08F0114007001F007C00F001C0AD
:1033D00007001F007C00F011C007001F007C00F0F8
:1033E00001C807011F107C08F4419087021F007C70
:1033F0000070018004001F007C00F0218A07401F3C
:10340000207D08F001C04B000C000000000000000F
:103410001008270083014C0A3409C027009F007C54
:1034200002F009C027009F047C43F009C227009FD7
:10343000007C027009C02700DF416C827018C02731
:10344000069B0074233009C0E7849F406C02F0198A
:10345000C8270093007C0230094043200C00000084
:1034600000000000012066009108440E102940274A
:10347000009D007402D0094027009D617422D0890C
:103480004027009D007402100940671197133436DD
:1034900010994064009100740A900940E7009D0073
:1034A0007402D00941270095007402B40940070056
:1034B000080000000000000018A02401D000450A08
:1034C00010394027009D007402D009402700951054
:1034D0007442D00D6127009D0074025009407700AE
:1034E00099087403500940260499007402D80940D1
:1034F000A700D9007603D089402700D901740210B3
:1035000009406300020000000000000010202000BD
:103510008104048210484023008D003402D008400A
:1035200023008D003482D0084023208D0034831086
:1035300008402300850074021148402400810034B3
:1035400083D8086023008D203402D0484223418D67
:103550000134129648404380000000000000000043
:103560001CB08642130A4C2831A1C007001F007C02
:1035700000F001C0070017007C00D001C007001F49
:10358000007C287101C007001B806C007405C00717
:10359000101B007C00F001C0070019006C28F0012E
:1035A000C087021B407C293001C073C00A000000A4
:1035B0000000000019B82B00BF087C02F08BC02768
:1035C000009F007C02F009C027009F003C03F10F20
:1035D000C227009F007C02E009C02F009F00F80274
:1035E000F08AC02B00BF007C03B00FC42B00BD00CD
:1035F000E002F08BC02702B700FCA2F089C0676030
:103600000E0000000000000018A02F00B305FC020F
:10361000F00F9024009F007C02F009C027009F005B
:103620007C02F009C825009D00FC0A3009C02F006B
:10363000B300E802304BF12F009F007C02F009E854
:10364000270097201C02300BC12408B300EC1A306D
:1036500009C063000E000000000000001C080741C4
:1036600011027400D0054004001D007400D0010058
:1036700007001D007400D0014004001D006400100C
:10368000014007005100440010214414A01F407461
:103690000070014007005D40440011014204001326
:1036A00000441810014073200C00000000000000CE
:1036B00010A0230481083402D0086020008D00345B
:1036C00002D0080223008D003402D0094023008D6F
:1036D000003402100840274089006402101840217D
:1036E000008D203602D008442300990016021008ED
:1036F0004422008900340A10084043800E00000074
:103700000000000018A8A500910A7402D1494024C5
:10371000009D007402D0094027009DA07603D009C7
:103720004026009D006402100940270099004422B1
:1037300050194024099520740240094837009D0023
:103740004402101D41261090845402100940632049
:10375000060000000000000005A8A70093827C027C
:10376000F229C024009F007C02F009C027009F00BE
:103770007C02F238C227009F007C023409C0270275
:103780009B032C06342950E5009D807C86C039407F
:1037900067848F025E1E34198026208B007C4A3499
:1037A00009E017200E000000000000001580250031
:1037B0009F007442F018C027009F007C02F009C0EF
:1037C0002700DF007C23F15DC025009F007C02F014
:1037D00009C0672097427C02B008C065009F007C4A
:1037E000271099C0B7009F027C12F008D22540979D
:1037F000012C02F209C05700060000000000000082
:103800001408050113027C00F021C007081F007C8A
:1038100000F001C006001F007C10F0A1C407001FCB
:10382000007C40F001C007001F047C003141C087CC
:103830000413607C00F021C0872C1F206C0830A18D
:10384000C0070017007C087401C05020040000006D
:103850000000000014A09C40710AF40DD0E740174E
:10386000005D007401D0054017005D00740DD01597
:103870004017005D00F415D005405B006D03F4397E
:103880001507505C0451007409D00500D7005D0095
:10389000440112A74017207101F445F00540500083
:1038A000020000000000000014A07602C100340FE6
:1038B000D01C403300CD003403D00C403300CD0089
:1038C000340BD10C403320CD00700BD00C40F301F1
:1038D000CD02340982A0405300C100264BD80C40D1
:1038E0003302CD206403102460370045A630C35056
:1038F0000C4050000A000000000000000580380065
:10390000E110B40BD00E403B00ED00B403D00E40EC
:103910003B00ED90B443D00E403B00ED00B403D02B
:103920000E403B04ED02F4031204405C00E140B49D
:1039300009D80E403B00FD00E4331006603B90E5E3
:1039400010B403D00E40140002000000000000007C
:1039500015106C00E301BC05F21EC47B00EF01BC36
:1039600007F01EC07B00EF09BC07F09EC07B00EF94
:1039700001BC05F01EC07B00AF01BC073206E04B66
:1039800010E301BC46F01EC07B08ED01A817301EF5
:10399000C07F02E701FC07700CC05440000000002B
:1039A0000000000010B82540DF007C01F001C037A6
:1039B00000DF007C03F00DC037005F807C1BC02D52
:1039C000C03720DF007C01F00DC027009F003C03C2
:1039D000F005800360DF007C11F00DC0A600CF80F1
:1039E0005C03F40DC0B703DB007C01F00DC0436045
:1039F000060000000000000000A06F003F01FC076F
:103A0000F117C07F00FF01FC07F01FC07F00FF011E
:103A1000CC2FF19FC07D12FF09FC07F01FC06F0083
:103A2000FF01DC067813C27902F309FC27F09EC07F
:103A3000FC00EF01CC873017C07C00F301CC0431CF
:103A40001FC000000E0000000000000015883900B3
:103A5000AD00B40AD206413B00ED00B403D00E40E5
:103A60003B00ED008403D00E4B3810ED00B402D0C3
:103A70000E40AB00ED0084431042C03803E100B4B7
:103A800001C10E403812ED00C4131086453D00AF51
:103A9000009448500EC056200600000000000000B0
:103AA000000029002D00B401D00E403B00ED00B411
:103AB00003D00E403B00ED008401D22E483820EDAB
:103AC00000B001D00E402B00ED00940250045C0CBD
:103AD00000E980B483C20F402A00FD00B403910ABC
:103AE000403802F9008400100E400000040000007D
:103AF000000000000428A301CD033600D03041337C
:103B000000CD003403D00C4033004D000505D01C1F
:103B1000403000CD007400D00C4063000D8004479D
:103B20001220485000C9283411D03C406203CD0B0C
:103B30005483100040310085081444510C40122079
:103B40000C0000000000000015A83500DF127C0307
:103B5000F11DC03700DF007C03F00DC03700DF002F
:103B60000C03F20DD03400DF007C02F00DC07700B2
:103B7000DF1814017021445404D9017C16D01D8132
:103B80003600CD42DC0B3135403C80D9014C06304B
:103B90000DC0542006000000000000000100B70026
:103BA0005D067C0BF00DC03700DF007C03F00DC01C
:103BB0003700DF027C2BE005C23708DF007C0AF00B
:103BC0000DE02702DF007C03F001C01651D7007C16
:103BD0000AF00DC41500DF004D63FA01C33700DFA2
:103BE000047C08F10CC007000C000000000000007D
:103BF00080083F00E720CC02F10FC23F00FF00FC2D
:103C000003F00FC03F00FF09FC57308FC03F00FF9B
:103C100000FC00100FC03F04FF44DC03B007C10DDF
:103C200000F300FC02300FC51F01FF10CE0330056A
:103C3000C23B00B7015C02F00DC000220C00000086
:103C4000000000008120F20411034406D011403727
:103C500000DD007403D00D403700DD117407101D26
:103C6000403700DD407604100D404700DD01740749
:103C70001011C04300D500740C310D480700D80066
:103C80004403141140360085004404D00D40050261
:103C9000080000000000000001A0640015034505B5
:103CA000D011403700DD007403D00D403700DD0037
:103CB0005483920D493720DD007446500D406780D3
:103CC000DD0070079039607700DD00742AD80D4060
:103CD0001700D80064035345463788D5445404D0B0
:103CE0000D4004000200000000000000102014003D
:103CF00001000400D000403300CD003403D00C405C
:103D00003300CD0074029000403300CD00340050E9
:103D10000C400380CD0030031008403380C50036CE
:103D200000580C401200D8000503100040320081FA
:103D3000010400D00C4041800000000000000000A1
:103D400000B0360017004C00F009C03700DF007CDF
:103D500003F00DC037009F005C03B00DC03700DFDB
:103D6000007400740DC02700DD005802B005C005C6
:103D700010D7807C02710DC01780DF00480332012C
:103D8000C43F1097005C00F00DC000C00A000000A6
:103D90000000000005B81F003F00FC00F003C03F1A
:103DA00000FF00FC83F00FC03F00EF00FC03710E2A
:103DB000C03F00FF00FC00B00FC00F206E00BC032E
:103DC000F00BC00D00FF00FC00B20FC40F00F900A3
:103DD000E083B003403E50AF00FC00F00FC017601E
:103DE0000E0000000000000003A07F00FF10FE0393
:103DF000F04FC03C01FF04EC13B00FC03F00F300D4
:103E0000CC11301FC07B007301CC07701FC06C0049
:103E1000FB01CC043003C04F20AD01CC0630134071
:103E20004F00FB81FC07F11FC07F00FF01FC07F082
:103E30001FC00F000E000000000000000108770006
:103E4000DD03740FD03D00D4005C03440F102D40FF
:103E5000C700D10B54A5501DC07700510144071273
:103E600011C06400D1014404B0194447009D0154BD
:103E7000061011005600D1017407D81D407700DDEF
:103E8000016407D01D4007200C0000000000000066
:103E900010A033004D00340AD08C0031028D08246C
:103EA000239020403302C1200402100C403300D183
:103EB0000004035001422508810004001804400159
:103EC000008D8044021100401700C9003403D00C5B
:103ED000403300CD003403D00C4043800E0000007E
:103EE0000000000003A835005D147442D00D401599
:103EF000041D5044631001411724D1085402500D91
:103F0000403500511144031809413628D180440C32
:103F1000901D4037019D01560F1039481601D10000
:103F20007403D00D403700DD007403D00D400F2026
:103F3000060000000000000002A83700DF0374291B
:103F4000F081C0A502DF0A2C0DB02DC0B700D3034D
:103F50004C01300D48374003034C03703CC42544EA
:103F6000DB630C0C301BC045018F110C063131C0D6
:103F70009700DB007C03D00DC03700DF007403F036
:103F80000DC00B200E0000000000000007803D0067
:103F9000DF017C05F00BC146005F01FC01F00FC0A2
:103FA0000B40DF203C01F00FC03F003F00FC03E866
:103FB00097C06D01FF09FC00F00BC06F90BD00FCC5
:103FC00002F003C01E00FF00FC03F00FC03F00FF23
:103FD00000EC03F00FC01F0006000000000000000E
:103FE000030835005F024C883000C0A70093024CE4
:103FF000093225D0B400C3204C03300DC03704D3A0
:10400000027C037035C13409D7475C2A3005C017DC
:10401000039F085C8F3069C09401DF007C03F00DC2
:10402000C03700DF007C03F00DC00F20040000004B
:104030000000000013A034005D0044001019410787
:104040000401104411B005401400DB204403100D9E
:1040500040330051003443D015463000C181440242
:10406000501D40F700DD014507F009C0D204DD0016
:104070007403D00D403700DD007403D00D404F00B5
:10408000020000000000000007A032008D00048341
:10409000143C40F341C101054E100C4030000100BA
:1040A0000401100C40B3004900344B1000402000C4
:1040B000C500144492304103008D12344210204058
:1040C0001000CD003403900C403300CD003403D0F9
:1040D0000C401F000A00000000000000068078006D
:1040E000AD018407101E607B00E1C98606901E406A
:1040F000600029018405101E407B006901B4A7D02F
:104100001A405D02F10D8425D01E635B90AD49E439
:1041100027D01A415A00ED01B407D01E407B00EDB4
:1041200001B407D01E401B00020000000000000088
:10413000121030008D000D13100CC03300C3080C9A
:10414000023049C0300003020D02340CC03340CBB2
:10415000003C037100C0209245061400B304E42320
:10416000018F003C023000C09008CF003C03B00C2F
:10417000C03300CF003C03F00CC04B4000000000F7
:104180000000000002B83D00BF08FC03F00FC83F6C
:1041900002FF08BC22F00BC03F023F00FC06F08F7C
:1041A000C03F02F708FC03F08AC03A226F24AC0338
:1041B000600FE03F00FE009C03F00AC81F02FF00F2
:1041C000FC03F00FC03F00FF00FC03F00FC00B60CA
:1041D000060000000000000015A03700DF004C03BF
:1041E0003004C03400D3004C83300DC03400D30001
:1041F0007C01F00DC0370057007C037005C233808E
:10420000DB206C00390FC03710970004833009C0E1
:104210001300D3007C03F00DC03700DF007C03F0F7
:104220000DC057000E000000000000001388390088
:10423000CD000403100E503000C1000483100C4068
:104240002100E100B401D00E403B006500B4031032
:104250000E403B00E120AC01100E403B002D2085BC
:1042600003B00E401B00E100B403D00E403B00ED54
:1042700000B403D00E404F200600000000000000F4
:1042800003007900ED0184071016407800E901A4CD
:1042900007101E407800E101B407D01E407B40E5C6
:1042A00003B4075036607F08F503C40F1016407B37
:1042B00000AD01C485101E415B80E101B407D01E32
:1042C000407B00ED01B407D01E400F000400000049
:1042D0000000000012283300CD09040B100C403000
:1042E00000C9202403101C403100C10F3427D00C1A
:1042F000483300C5003603102C44B303C500240B1B
:10430000103C443310CD4B040B901C607304C1006F
:104310003403D00C403300CD003403D00C404B208C
:104320000C0000000000000017A815005F004D09F8
:104330003405C014415B006D1D3455D01440530248
:104340007C01F005C0130077017C017097C0DB4051
:104350006703CC8D31A7A19F847741CC013127C061
:104360005F4151007C01F0054017005F007C01F0C7
:1043700005C05F20060000000000000012000700DA
:104380000F003C40F011C0870007001C98F001C0EE
:1043900007000F00FC00F201C007001F407C00F086
:1043A00021C0070011067C18F421E087111F107C42
:1043B000E0F061C007001F007C00F001C007001F93
:1043C000007C00F001C04B000C0000000000000069
:1043D000100827009F006C023048C0600193044C15
:1043E000163008C0200093004C02F009C8670893FB
:1043F000007C0EB009802700930444027059C02746
:10440000109F004C067089C0670093007C02F00981
:10441000C025009F007C02F009C043200C00000072
:1044200000000000012026009D00440210395024A5
:10443000209101448E10094024009B004402D009C1
:1044400040A7029100340E122941670091020542F3
:1044500050094027028D08000210394123009100C5
:104460007402D0084024009D007402D00940070067
:10447000080000000000000018A024009D00E402D5
:10448000102B402C80B100C602100B402C00B10054
:10449000C402D0094027049120540290494067008B
:1044A0009180548250094127049C004012500940D9
:1044B000270191007402D0094025009D007402D0AC
:1044C00009406300020000000000000010202000EE
:1044D000AD04A412104A402881A1048412104A405D
:1044E0002801A9048412D00840230081003402105E
:1044F000084037009100048252484023208C000578
:1045000003100840234081003402D0084020008D71
:10451000003402D00840438000000000000000008A
:104520001CB006001F006C001001C0144013004DA9
:104530000134A1D004001300CD00F001C007001326
:10454000005C01B001C8070053005C007001C8079F
:10455000085F004C007001C0079013407C00F00120
:10456000C005001F007C00F001C073C00A000000FD
:104570000000000019B82700DF085C22F489C0277A
:10458000029D087C22F089C027029F087422F2094C
:10459000C42350BF003C02F20FC42F40AF00BC0345
:1045A000F48BC02F00AF00FC02F00BC02F009F0067
:1045B0007C02F009C027009F007C02F009C0676000
:1045C0000E0000000000000018A027009F004C0211
:1045D000300FC02C00B300CC023009C02400B3005F
:1045E0004C02F009C02F009300FC02300BC22F00D8
:1045F000BF20BC02F05BC12E08B300A802300BC084
:1046000028209F007402F009C027009F007C02F060
:1046100009C063000E000000000000001C08070035
:104620001D006C00100152040011004400140140F0
:10463000050011004400D00140070011007400B0D3
:10464000014007101D0074001021400400110044B7
:10465000001001C006001D007400D0014007001DBD
:10466000007400D0014073200C0000000000000026
:1046700010A023008D0004021008402020810004B7
:1046800002100840200081000402D008402300816D
:1046900000340210084023108D203602D008422436
:1046A000008100240210094220008D003402D0084D
:1046B0004023008D003402D0084043800E000000EB
:1046C0000000000018A825009D0064021409402481
:1046D0000091004402104942250091004502D00992
:1046E000402700911074029049402700DD80740239
:1046F00010495824529101404214494026049D001B
:104700007402D0094027009D007402D00940632044
:10471000060000000000000005A827009F004C02D2
:104720003009C0244091004D023049C864409300D4
:104730004C12F009C0270093003C023039C0E70456
:104740009F073C0AF029CB60018311680A3048C0FA
:1047500024009F007C02F009C027009F007C02F02B
:1047600009C017200E000000000000001580250081
:104770008F001D0EF008D027088F043C82F008C07F
:1047800023019F207C12F009C027489F047C42F13E
:1047900019C8670A9F84740AF009C067009F007CEB
:1047A00016F109C067019F007C02F009C027009F35
:1047B000007C02F009C05700060000000000000065
:1047C000140805001F027C003041C0040013004C97
:1047D000403001D0040013204C00F001C007041346
:1047E000007C00F021C0878113007C08B221814742
:1047F000001F0258083041C0870113007C00F001FF
:10480000C007001F007C00F001C05320040000001E
:104810000000000014A014005D00740110076898E7
:10482000025100C48D140540140061206C01D005B4
:10483000409B085100F401D0D7481F00710DF40DC2
:104840001016401F007D19840DB067409F00510075
:104850007401D0074017005D007401D0054053007B
:10486000020000000000000014203000CD003403DE
:10487000103C4872008100040D190C4030004100CA
:104880000403D00C40B300C120340FD01840B30053
:10489000C100244F940C403300CD001443101C4041
:1048A0007300C1003403D004403300CD003403D082
:1048B0000C4053000A000000000000000580380092
:1048C000ED00B403100641BA00A1508440104E40E0
:1048D00038004100A403D00E403B40E100B40BD1AE
:1048E00002407B00E100B443102E602A04FD2096B4
:1048F00043900E407B84E100B403D006403B00EDC2
:1049000000B403D00E4017000200000000000000B9
:1049100015107800EF013C07301050724083010DF4
:1049200005307CC8704063018C07F01EC07B00E33B
:1049300001BC07F01AC06B00E121BE07B01EC06BBE
:1049400020EF019D07311EC07B40E201BC07F0163D
:10495000C07B00EF01BC07F01EC057400000000004
:104960000000000010B83500DF007C03F405C0151E
:10497000009E007C01F00DC037005F007C03F00D4D
:10498000C03300DF007C02F001C02348DF007C035D
:10499000F009C00708CF004C03F009C03700DF0062
:1049A0007C03F005C03700DF007C03F00DC04360DE
:1049B000060000000000000000A07F00FF01DC876F
:1049C000F017C07E00B301CC05321FC27C007F010E
:1049D000CC07F01FC07F00F701FC075097C07F0095
:1049E000F721FC07F0CBC04800F309EC07F01BC02F
:1049F0005F20FF01FC07F017C07F00FF01FC07F0FC
:104A00001FC003000E0000000000000015883900E0
:104A1000ED088403D006403840A1008501100F4006
:104A200038006D008403D00E401B42E100B4031037
:104A300002C03901ED00B413D00A410886E10C84AC
:104A400012D00A403B04E900B403D006403B00ED1D
:104A500000B403D00E405720060000000000000004
:104A600000003900ED009403D086403B00A1008493
:104A700001100E4038006D008443D00E403B40E5ED
:104A800000B4035002480B006D08B40BC202400E84
:104A900000B1B08403D002411B00ED00B403D00686
:104AA000403B00ED00B403D00E40030004000000C2
:104AB0000000000004283300CD000403D02440B1DE
:104AC0000081020401100C40F0014D00040FD00CD5
:104AD000403300C102340210004841000D00300391
:104AE000D2204482008101050AD020407300CD000D
:104AF0003403D004403300CD003403D00C401320E5
:104B00000C0000000000000015A83500DF005C0369
:104B1000F0A5C0B70093024C03340FD0F4015F003E
:104B20004C2FF00DC02710D5007803708DC16700A1
:104B30009F007C1FC039406212C1014C27F839C068
:104B40003700DD007403F005C03700DF007C03F0A0
:104B50000DC05720060000000000000001003700D3
:104B6000DF007C03F0244032009F007C09F00DC080
:104B700037005F007D83F00DC0A700DF047C0BF5DC
:104B80002DC087061F087C0BF001C085009F125CBA
:104B90000DE041C03784DB007C03F005C03700DF47
:104BA000007C03F00DC007000C00000000000000B6
:104BB00080083F00DF00BC033017C03414D2153C1E
:104BC00011300EC03C007F00FC03F00FC03F00F32B
:104BD00000FC03300B802F20B720F801B009C12F53
:104BE00000F301CC02F00BC07F21F300FC03F007BF
:104BF000C03F00FF00FC03F00FC003220C000000C8
:104C00000000000081203600DD007403102540F410
:104C1000019120741D140D4034085D007403D00D03
:104C2000407301D1203446503140C7041D0334473E
:104C3000B0314147009F027C0ED051003300D100BB
:104C40007403D005403700DD007403D00D40070227
:104C5000080000000000000001A03400DD00740323
:104C6000106542644095007401100D4036005D00EF
:104C70007403D00D486700D10074061035486700F2
:104C80009D017406901940C700D518440FD0190033
:104C90001700D1007403D005403700DD007403D045
:104CA0000D4007000200000000000000102030004E
:104CB000CD003403100440300085003401120C4054
:104CC00032004D003403D00C402370C10034025038
:104CD000084003000D00360390004003009C203480
:104CE00002D000403740C10034039004403300CD6F
:104CF000003403D00C40438000000000000000009E
:104D000000B03600DF007C033005D0340097007C13
:104D100001300DD036005F007C03F00DC03700D1AC
:104D2000407C02100148071017007C02B001C80740
:104D30008013004C02F001C01700D3007E03F00581
:104D4000C03700DF007C03F00DC003C00A00000084
:104D50000000000005B83F00FF00FC03F406C03F60
:104D600000BB00FC01F20FC03D006F00FC03F00F20
:104D7000C03B00FF00BC00F003C40F003F80FC8379
:104D8000F003C00F00A700FC02F003C02F00FF00DB
:104D9000FC03F007C03F00FF00FC03F00FC01760EA
:104DA0000E0000000000000003A07F00FF81FC2730
:104DB000F09FC07E00FB81FC10301FC07F0033607D
:104DC000EC077217C87A08F701EC87F00FC04E00A5
:104DD0003F41FC07B01FC04F003B01EC05F013C082
:104DE0004C003301CC043813C058003F84EC04B0AD
:104DF0001FC00F800E000000000000000108772097
:104E00001D014403D001003004D501742C101D4055
:104E10007700100B54851015C07400DF017407D0A3
:104E20001DC044001D017407D01D404700918454EB
:104E300007D0194075005F015405B8154075081D6D
:104E4000014440101D400720040000000000000045
:104E500010A03300D5002613D04C603201C10034BD
:104E600003100C40330011003602580D402720C5B6
:104E7000002603D00C40038005003403900C40074B
:104E80000019100401510D401600D1000402100D4C
:104E90004030080D082400980C4043800C000000AE
:104EA0000000000003A835109D004483D001683045
:104EB00080D5207462100D603708510354021035FC
:104EC000403504D5007483D00D4007009D11740354
:104ED000D00D404710990044C1D019603700D5006B
:104EE0005445108D4075081D014442100D400F209F
:104EF000060000000000000002883700071B6C035A
:104F0000F031C03608D3807C0C300DC037205103FF
:104F10007C237035C83300D5006C03D00DC0C704A6
:104F20001E437C03B00DC04301CB016C89F210809D
:104F3000320081000C0C1425E054091F116C08B8D4
:104F40000DC00B200E0000000000000007803D0097
:104F50003F10E803F093C03F04FF007C04F00FC053
:104F60003F001F00FC44E007C03C00F900FC03B018
:104F70000EC00C013F00F403F00FC00E00B304FCA0
:104F800009F00BC07D017F02FC01F007E03F002F1C
:104F900000FC25F20FC01F0006000000000000000A
:104FA000030835005F027C43F82DE13700DF003C49
:104FB0004B3A0DC237005F026C0EF025C43604DF99
:104FC000007C43F00DE016009F025C03B00DC0862C
:104FD00000DF107D01F0CDC09700D3004C0A302DCA
:104FE000C8B50817107C0BF00DC00F20040000009E
:104FF0000000000013A034001C46440BD251E0F620
:1050000000D000740F100D40B3004F092C0E7094A7
:1050100040F400DB00700B600F421710911B74030B
:10502000D00D420700DD827D01D02D401700DB004E
:105030006C01B00C40244090067423100D404F00CA
:10504000020000000000000007A03200CD00240B89
:10505000D02D40B100C5003428100C4073040D81E0
:10506000000BD034709040C1003003D00C402300BE
:1050700001430083D80C4003844C092402D0104023
:105080002380C9002401100040A1010100740050D8
:105090000C401F000A00000000000000068078009D
:1050A0007D098447D21F407804E101B404501E609A
:1050B0007B042511A6044216407800E901B407D00C
:1050C0001E406F20E401B407C01E042B22ED09B47A
:1050D00007D012607F00F801A405909A606C086107
:1050E00001B407101E401B00020000000000000079
:1050F00012103092CF002C03D20C603100C5003C5E
:1051000001100CC033004D000C8AF004C12024C7EC
:10511000003E23F00C40034242041E03D00C002347
:10512000025D003C22F0A4C03300CB0A2C01100C1D
:10513000C0212207447C01700CC04B4000000000DD
:105140000000000002B83D00EF00DE03F88EE03FF3
:1051500000F788FC21A00FC03F007F00F802F0029A
:10516000083D00FF00FC83700FC82B00F300FC23F8
:10517000F08FC03F01FD00EC03F007C03B00EF00E3
:10518000BC21F00EC02F007F00FE23700FC00B600B
:10519000060000000000000015A037008F015C032E
:1051A000F001403600DB007C02300DC03700070004
:1051B0000C07B005C83010D3007C03F00DE01700D9
:1051C000DF015C83600DC03500CF004C03E009C0F7
:1051D00026009F007C053054D035005F007C0230F3
:1051E0000DC057000E0000000000000013883900B9
:1051F0002D008403D102243C00E1003402140E404F
:105200003B00AD8094431006C03A00EF00B403D2D7
:105210002E403B00ED408403D00E443B00ED00AC3B
:1052200003D00A402B006D00B4011402C13B006D95
:1052300000F403140E404F200600000000000000A0
:1052400003007900ED039407D01F427A00ED01B40A
:1052500007191E407B007D11C40F9017407804E9A8
:1052600001B607D01E605B00FD019407D01E627B73
:1052700000F531800FD01E40FA20AD51F446103FAA
:1052800064F900ED01B40F981E400F000400000007
:105290000000000012283300CD800403D2BC40344B
:1052A00000C5003407100C403300CD021402102C4E
:1052B000453200CD003403D00C48F30ACD001483EE
:1052C000D00C423300DD02240FD08C407301CD029C
:1052D0003401101C702300CD1A740F900C404B2029
:1052E0000C0000000000000017A815007F035C01FF
:1052F000F007C016005F00FC1D3405C017006703EF
:105300004C29B016C55C005B007C01F005C09F0015
:105310007D105E01F005C0DF017700CC21F0374041
:105320009E007F00FC0D30B5C05D006F03FC01B036
:1053300005C05F200600000000000000120007000A
:105340001F467C00F001C1870019007C40F001C4B9
:1053500087001F827C00F001C407041B007C08F05A
:1053600001C407001F046800F001C007001F047C8F
:1053700000F2418087001F467C00F001D007081C26
:10538000007C107001C04B000C0000000000000009
:10539000100827009F037C26F009C4654093203C39
:1053A000023009C0A7009F116C0BF009C02640977E
:1053B000007C02F009C027049F017C02F209C4E7C7
:1053C000049D014C02F009C024009F004C42F00DE6
:1053D000C0270093804D021009C043200C0000003C
:1053E00000000000012026009D237406D0094024FF
:1053F0000395007406100944E70197014006D0891F
:1054000040200194007402D0094027009D097402D5
:10541000D0094067009D0A5402D0084025008D0243
:105420004402D0094023009B004416500940070065
:10543000080000000000000018A024009C00740276
:10544000D26C4025009100742250094027009D0431
:105450006402D0094026009100540AD8094027A0D0
:105460009D107402D0094027009D104402D01940BD
:1054700034009D004602D00D40250091804406581E
:10548000094063000200000000000000102020100E
:10549000CD003402D008502000850034161008409A
:1054A0002300C5040406D00840208085003402D0C3
:1054B000484023088D003402D0084022008D20147B
:1054C00082D2084021108D000502D00842230089B5
:1054D0000404025008404380000000000000000067
:1054E0001CB006001F007C28D0A1C0850213007CE0
:1054F000007401C007001F206C00F001C0060017F7
:10550000005C00F001C007001F007C00F001C01724
:10551000001F0A4C00D001C014005F004C00F001D5
:10552000C00520132048287001C073C00A00000085
:105530000000000019B82700BF007C02F00AC02755
:10554000009F00FCA3F009C02700BF087002F00A0A
:10555000C02F009F007C02F089C02F20AF807C020A
:10556000F009C02F00BF00FC02F00BC02F00BF40AD
:10557000BC02F009C03E00BF08FC02F009C0676031
:105580000E0000000000000018A02700BB00EC0285
:10559000300B802F009320FC023009C02F00BF2069
:1055A000FC02F00BC02B009700FC02F009C02300A6
:1055B000BF005C02F009C02F00BF007C02300BC0AE
:1055C000270093003C02F008C025109F24FC023005
:1055D00009C063200E000000000000001C0807083E
:1055E0001D00440010044007001100740010014029
:1055F00007001D007400D00140070011007400D0A6
:10560000014007001D004400D0014007001D045068
:1056100000100140070010007401D0054005003F54
:1056200002745050014073200C0000000000000084
:1056300010A023008D002402500840230085003470
:105640000210084023008D203482D00848230885AA
:10565000003402D00840230085201602D0084823D9
:10566000088D1074021008402F00A100B602D00B64
:10567000402800AD02340210084043800E000000B4
:105680000000000018A82500DD4144025019003335
:1056900000950074061009422700DD007422D0092D
:1056A00040A70191007402D0096027069D8454022E
:1056B000D0094067009D00540A1039482B02B014ED
:1056C000F612D80B402D02B52074424009406320E9
:1056D000060000000000000005A827088B046C02EB
:1056E0007009C0270097007C063009C027009F0082
:1056F0007C42F0F9C0A70097007C02F009C027089F
:105700008F065C02F009C0E7019E093C0A3439C0EB
:10571000A74193027C02F099C4A5009D127C02303F
:1057200009C017000E0000000000000015802500D1
:105730009C807C02B409C127409B003C02F409C054
:1057400027009F057C02F019C027009F007C02F013
:1057500009C027109F006C02F009C027049F017C3C
:1057600002F209C067009F007C02F009C067009F39
:10577000007466F009C05700060000000000000039
:10578000140805001F107C40F281D0040817007C2B
:10579000183001C007001F004C68F021C0840017BA
:1057A000007E107001C0870017007C007101C007E7
:1057B000001F015D00F001C0074013027C00700172
:1057C000C0852037004D883001C053000400000020
:1057D0000000000014A014007C02F401D037401C2B
:1057E000005000F405B005401F027D0BD401D0F736
:1057F0004498025100F4091005401600710074012C
:105800009205C05D007D014401D02740172055005E
:10581000740510044215005000C4151005405300D3
:10582000020000000000000014A03200C900742B28
:10583000D00C607104C100340D100C40F300CD0396
:105840000403D02C54D242C5002407500C4033002E
:10585000C50C3083100C403300DD001603D024410A
:10586000030005003400D0004001008400440750CC
:105870000C4053000A0000000000000005803808BA
:105880002D02B403D01A40B900E100B440900E409C
:105890003B04CD118403D016483A00E100B40F1048
:1058A0000E407F80E100B403820E409900ED9084A9
:1058B00003D02E400B002500F40C900240680081BC
:1058C000018403500E401700020000000000000099
:1058D00015107800ED01BC06F01EC07D40E7013CCC
:1058E00005341EC07B00EF018D07F01EC07A00E773
:1058F00081B405701EC07B00E701BC07301EC05B91
:10590000007F419C07F016C06B00A701BC04F01299
:10591000804900A781CC05741EC4574000000000D8
:105920000000000010B835005F407E02F009E2364A
:1059300000DF007C01700DC03700DF007C83F004C5
:10594000C03580DF003C01F00DC03600DF007C0375
:10595000B00DC017005F027C03F209C023009B005A
:105960007C0070018023009F007C81B00DC04360EB
:10597000060000000000000000A07F803FC9FC2757
:10598000F217C06C00F301FC05301FC07F00E3017B
:10599000BC25B017D07800F301FC06F01FC07F00D3
:1059A0006D09CC07F01FC07F00EF039C273097C024
:1059B0004F002F09C805F013C04F00BF018C0730FE
:1059C0001FC003000E00000000000000158839828F
:1059D0002D00B421D002402902EB00B423180E4060
:1059E0003B006B0094001006403820EB00B402D05E
:1059F0000E403B08ED00AC03D00E401B002F08AC5E
:105A000003B006400B002D18AC51D002C02902ADE6
:105A1000009401B00E405720060000000000000076
:105A200000003900A5B0B422D006402800E908B42F
:105A300001100E403B007100C402980340BC00E519
:105A400000B400D00E403B002D008403D00E402B4C
:105A5000002D00C403110600AB04AD08B601D1024D
:105A6000400B00AD11E408100E40030004000000DC
:105A700000000000042833000D003401D00941016A
:105A800000C9803405100C40330049011440909443
:105A9000403080CD003402D00C40B3004D2434039C
:105AA000D00C4003140511040390044023208D0002
:105AB000140DD0404021028D067420980C40132014
:105AC0000C0000000000000015A83500DF007C017C
:105AD000F00DC01400DB007C11340DC03700C30191
:105AE0004C14B0A5C0B404D7007400F00DC0B700CA
:105AF0005D034C03D00DC007049D004517310DC157
:105B0000D7005E027502F01DC0D7005F036C003441
:105B10000DC0572006000000000000000100370003
:105B20009F827C09D0A9C09700DF207C01F00DC0C6
:105B300037009F0874887005C03700DB007C08F0D0
:105B40000DC037045F0A6C03F00DC087009F086C1E
:105B500043F04DC017105F04644AF0ADC037015FD9
:105B6000005C08700DC007000C0000000000000081
:105B700080083F00FF13FC00F00FD41D40F3003CF1
:105B800001300FC01F00BF90CC02F007C03C00FFE7
:105B900000FC00F00FC03F007F00FC03F00FC00FBF
:105BA000003D00CC03700FC07F02FB00FC02719F20
:105BB000C01F104F09CC00340FC003220C0000009E
:105BC0000000000081203600D9007444D0154184C3
:105BD00002D1007405100DC037019D815404D034EA
:105BE00040F400DD005C44D20D4037001D04740316
:105BF000D00D40C7041D077C03D1BD413700DD0136
:105C0000740A906D4037005D034414100D40070284
:105C1000080000000000000001A034005D007407CF
:105C2000D045400190D1007404100D4037029D0111
:105C3000448CD13540F400DD007404D00D403700B1
:105C400059087403D00D4047000D014403D00540AE
:105C5000170055846443D00D6017015D1044041192
:105C60000D4007000200000000000000102030007E
:105C700009003400D000403120C1003402140C402F
:105C800031001D001400D005402000C9003400D0B0
:105C90000C4033084D003403D00C4002000920248E
:105CA0000390044013004D403603900C4033004DE8
:105CB000200400120C40438000000000000000009F
:105CC00000B03600DF007402F000C00100D3007C99
:105CD00001300D4027009F004C02F205C43400DF64
:105CE000007C00F00D4837801F407C03F00DC0079A
:105CF000003F004C037005C03700D3207E03700DB9
:105D0000C017005F004C00300DC403C00A00000043
:105D10000000000005B83F00FB00FC00F003C00ECF
:105D200000FF00FC81F00FC03B003F00FC00F006CC
:105D3000C02F00FF00DC00F00FC03F003F00FC035D
:105D4000F00FC00F003F00FC03F007C03F00FF0052
:105D5000FC03900FC63F007F00FC80F00FC017606F
:105D60000E0000000000000003A07F00FF01FC0601
:105D7000B0C3C10D00F308EC07F013C07F00FF01B2
:105D8000FC07F01FC07F00FF01FC07F01BC24F00A3
:105D90003F01FC86B213C04F007B01DC04F01FC042
:105DA0007F00FF01FC07F01FC07F00FF01FC07F030
:105DB0001FC00F000E000000000000000108770067
:105DC000DD0474061029408401D1024407D0154037
:105DD0007700DD017407D01D407700DD017407D026
:105DE000194467001D217406D011424700D1A14417
:105DF00005D01D407700DD017407D01D407700DD20
:105E0000017407D01D400F200C00000000000000AE
:105E100010A03300CD1074029040403106D10C2404
:105E200003D000403300CD002403D00C403300CD1C
:105E3000003403500840230005803682500060572C
:105E400000D1800401D00C403300CD003403D00CCD
:105E5000403300CD003403D00C404F800E000000D2
:105E60000000000003A83500DD007402100840B4F3
:105E700000D1864403C009403700DD007403D00D13
:105E8000403700DC007403D0194067089D21740678
:105E9000D00D441702D1004407D00D403700DD007B
:105EA0007403D00D403700DD007403D00D400F2087
:105EB000060000000000000002A83700DF007C1789
:105EC000B091C00500D3026C03F081C13700DF0040
:105ED0007C03D00DC03700DF007C03F019C16700E0
:105EE0009F517C14B021C10320530A4904F00DC016
:105EF0003700DF007C03F00DC03700DF007C03F0CB
:105F00000DC003200E0000000000000007803D00CF
:105F1000FF00FC0BF011C08F40DF01FC03F003C059
:105F20003F00FF00FC03F00FC03F00FF00FC03F048
:105F30000FC03F00BF00FC02F257C04F00F600FE4A
:105F400001F00FC03F00FF00FC03F00FC03F00FF57
:105F500000FC03F00FC01700060000000000000066
:105F600003083500DF007C0BF003C0B801DB064CF2
:105F700003B101C03700DF006C03F00DC03700DB58
:105F8000007C03F02DC036039B3A7C10F089C017CB
:105F90000ADF466C03F00DC03700DF007C03F00D14
:105FA000C03700DF007C03F00DC00F2004000000AC
:105FB0000000000013A03400DD023403D10140349E
:105FC00028C1024403D001403700DD007403D00D26
:105FD000403700D9007403C01D41F4009103740ED2
:105FE000C01D405720CD036433D00D403708DD007D
:105FF0005C03D00D403700DD007403D00D404F002E
:10600000020000000000000007A03200CD063401AD
:10601000D004408030090204039000403300CD00DA
:106020003403500C403300C9003603D008406200EE
:1060300009013404D000400321CD022000D80C40D7
:106040003300CD003403D00C403300CD003403D0F6
:106050000C401F000A0000000000000006807800CD
:10606000ED01B407D01E50480021118407D0126002
:106070007B00ED01B007D01E407B00E941B687D020
:106080009F007C00A1C1B446D01A644B20ED11A43E
:1060900005D01E407B00ED019407D01E407B00E937
:1060A00001B407D01E401F000200000000000000E5
:1060B00012103000CF003C03F200D004004B000D62
:1060C00003B000C03300CF002C03F00CC03300CB72
:1060D000003C03F004C0B2004B003E02F0844213C7
:1060E00000CF002C01F00CC03300CF003C03F00CBB
:1060F000C03300CF003C03F00CC04B400000000058
:106100000000000002B83D00FF00FC03F00BC00FD0
:10611000007F00FC03F003C03F00FF00FC03F00F12
:10612000C03F00FF00FC03F20EC03B80FF00FC03F9
:10613000E00FC03F00FF08FC03F08FC03F02FF00EC
:10614000FC03F00FC03F00FF00FC03F00FC00B602A
:10615000060000000000000015A03700DF001C074B
:106160003007C00D4093004C03F001C03700DF0042
:106170007C03F00DC03700DF007C837008C820006E
:1061800083004D00F00DC043E093207C01F00DC072
:106190003700DF007C03F01CC03400DF007C03F01C
:1061A0000DC057000E0000000000000013883900E9
:1061B000FD0084031006400800A1008403D00240C3
:1061C0003B00ED00B403D00E403B00ED00B403D023
:1061D0000E403800EB208402D00E443B00E100B0BA
:1061E00001D00E403B00ED00B403D00E403900ED6D
:1061F00000B403D00E404F20060000000000000055
:1062000003007900ED01D4471012404900A1018537
:1062100007D012407B00ED01B407D01E407B00ED9B
:1062200001B407501F407C00E101A406D91E405F65
:1062300008E541B407D81E407B00ED01B407D01E2D
:10624000407800ED01B407D01E40070004000000B4
:106250000000000012283300CD0004131420400475
:106260004081030403D030403300CD003403D00C10
:10627000403300CD003403D02C43F014C981240BEB
:10628000D03C413301C1003433D00C403300CD0049
:106290003403D00C403100CD003403D00C404B20EF
:1062A0000C0000000000000017A815005F00DC0DC6
:1062B0003007C01D0073054C01F087C117005F0057
:1062C0007C01F005C017005F007C017047C09C0492
:1062D0007300EC01D206455F047744F405F205C073
:1062E00017005D007C01F005C014005F007C01F028
:1062F00005C05F200600000000000000120007003B
:106300001F427C00F001C107401F127C00F001C059
:1063100007001F007C00F001C007001F807C00F018
:1063200001D087001FA85C40F001C087001E007CE0
:1063300000F0014007001F007C00F001C007001FB3
:10634000007C00F001C04B000C00000000000000C9
:10635000100827009F034D02F008C0640181004D22
:1063600002E009C027009F007C02F009C027009FBF
:10637000007C02F059C0240093155C02F059C0243F
:10638000009F254C163009C827009F007C02F009A9
:10639000C027009F007C02F009C043200C000000D1
:1063A00000000000012026009D054402D02950E491
:1063B0000091024402D0094027009D007402D009D8
:1063C0004027009D007402D21850A00285836C1AE9
:1063D000D0194025018D23040E10094027209D006F
:1063E0007402D0094027009D007402D009400700C4
:1063F000080000000000000018A024008D004402E6
:10640000D26950A44095004402D0094027009D0065
:106410007402D0094027009D007402500940A40076
:1064200091005422D009402400DD004402000940BC
:1064300027009D007402D0094027009D007402D0FF
:10644000094063000200000000000000102020004E
:106450008D000402D04850200185040502D0084078
:1064600023008D003402D0084023008D003402D870
:106470000D40240085002782D0084221008D0104B0
:106480000310084023008D003402D0084023008D03
:10649000003402D0084043800000000000000000EB
:1064A0001CB006001F4A4C00F0A0C48442574A4C5E
:1064B00000F001C007001F007C00F0014007001F32
:1064C000007C007001C0042053005C00F201C00495
:1064D000001F004D003401C007001F407C00F00188
:1064E000C007001F007C00F001C077C00A00000058
:1064F0000000000019B827009F00FC02F08BC02BA1
:1065000002AB087C02F00BC027009F007C02F00960
:10651000C027009F007C02F00BC02F00FF00F80393
:10652000F00FC03F00BF00FC02F009C427009F002D
:106530007C02F009C027009F007C02F009C0676060
:106540000E0000000000000018A02700BF021C027F
:10655000300BC02C05B3105C02F209D024009F0060
:106560005C02F009C027009F007C02F00BC02C08E1
:10657000BF00CC02700BC42F08BF208C02F009C2F0
:1065800027009F007C02F00BC027009F007C02F0D8
:1065900009C067000E000000000000001C08070092
:1065A0001D004400B00150944011024400D0054049
:1065B00004001D007400D00140070017007400D1D2
:1065C000014004001D20450010014007105D2044DB
:1065D00000D0014207001D007400D0014007001DDB
:1065E000007400D0014073200C0000000000000087
:1065F00010A023008D0054021028402000910014A8
:106600000250094020008D003482D00840220885C5
:10661000003402D00940232095004602510840234F
:10662000008D000406D0086023008D003402D008DD
:106630004023008D003402D008404B800E00000043
:106640000000000018A825009D00444290484034F6
:106650000090044402D1094024009D007402D00936
:1066600040270095007402C0494135009D2854061A
:1066700011094227009C004002D0094027009D00DC
:106680007402D0094027009D007402D009406320A5
:10669000060000000000000005A827009F001C0A5B
:1066A0003009C0640093005C027029C024009F0080
:1066B0005C02F009C0270097007C02F029F0250653
:1066C0008F010C065039C067088F004D06F009C0D5
:1066D00027909F007C02F009C027009F007C02F0F9
:1066E00009C017200E0000000000000015802500E2
:1066F0009F007C02F009C023119F407C02F049C03A
:1067000027009F007E02F009E0270097007C02F23C
:1067100019C866049F106EC2F039C467019F027CDD
:106720000AF309C027009F007C02F009C027009FE0
:10673000007C02F009C05F000600000000000000BD
:10674000140805001F006C083001C1860113416C5C
:1067500000F021C007001F007C00F001C007001FEF
:10676000007C00B021C006001F005C087021C284BC
:106770000813807C003401C007001F007C00F0017A
:10678000C007001F007C00F001C05320040000007F
:106790000000000014A014007D0044015037409C0C
:1067A0000061044501D0044017005D807401D005EC
:1067B0004017005D007401D05604DC197D00F4051B
:1067C000D005405C017421F40910054017005D20DC
:1067D0007401D0054017005D007401D005405300DE
:1067E000020000000000000014A032001D0024037D
:1067F000103C50724045002403D20C403300CD00C1
:106800001403D00C403100CD003403903C49F020FB
:10681000CD01302FD08C48B081C410344B100C40C7
:106820003300CD003403D00C403300CD003403D00E
:106830000C4053000A0000000000000005803800F2
:10684000AD00C403500E41B880E5008503D80E406A
:106850003B00ED00B403D00E003B80ED00B403D04C
:106860000B403800ED10B403D01F4068006502F4FF
:1068700047100E403B00ED00B403D00E403B00ED4E
:1068800000B403D00E40170002000000000000001A
:10689000151078003F01AC07301FC072407701AC83
:1068A00007F01EC07B00EF01BC07F01EC07B00EFAD
:1068B00001BC07B01EC05800EF019C07F01EC07855
:1068C000006701BC07301EC07B00EF01BC07F01E53
:1068D000C07B00EF01BC07F01EC057400000000065
:1068E0000000000010B835003F007C03F00DC037F9
:1068F000005B007D03F00DC03700DF007C03F00D6E
:10690000C03700DF007C03F008D025809F007C03A7
:10691000F00CD003005F007C03F00DC03700DF00F7
:106920007C03F00DC03700DF007C03F00DC0436036
:10693000060000000000000000A07F003F01FC07EF
:10694000301BC06C402301DC07F21FC07E00FF013A
:10695000FC07F01FC07F00FF01FC07F017C05F209D
:10696000F729EE27F01FC06D8077098C07301FC014
:106970007F00FF01FC07F01FC07F00FF01FC07F054
:106980001FC00B000E000000000000001588390039
:10699000AD00B413B08A5028002B008423D00E40E1
:1069A0003800ED00B403D00E403B00ED00B403D03E
:1069B00042401B12E100B403D04EC00A006D209487
:1069C0000BB00E403B00ED00B403D00E403B00ED99
:1069D00000B403D00E405720060000000000000065
:1069E000000039002D00F4031824402800310094E1
:1069F00003D00F413A00ED00B403D00E403B00ED50
:106A000000B403D002451F0065B0B441D30F402845
:106A1000002D40A400100E403B00ED00B403D00E4A
:106A2000403B00ED00B403D00E4003000400000022
:106A300000000000042833000D00340B98044020AF
:106A40000001000403D01C403000CD003403D00C02
:106A5000403300CD003403D050405302810434133E
:106A6000D06C4002000D87340C900C403300CD00F8
:106A70003403D00C403300CD003403D00C401B2035
:106A80000C0000000000000015A835005F00742B0A
:106A90003005D0340051405C03F02DC03600DF00DB
:106AA0007C03F00DC03700DF007C03F028C0F3004A
:106AB000D703640BF17DC0C401C7116813100DC06A
:106AC0003700DF007C03F00DC03700DF007C03F0EF
:106AD0000DC0532006000000000000000100370038
:106AE000FF007C03F005C437001F007C03F00DC1DC
:106AF0003700DF007C03F00DC03720DF007C03F39C
:106B000009C81701DF007C0BF00DC087941F005CE3
:106B100000F00DC03720DF007C03F00DC03700DF30
:106B2000007C03F00DC007000C0000000000000016
:106B300080083F003F03FC033022C024006305CDE2
:106B400003F00FC03C00FE00EC03F00FC03F00FF5D
:106B500000FC837203C21C00F300DC07311FC00F6E
:106B6000207500CC57C00FC03F00FF00FC03F00FA2
:106B7000C03F00FF00FC03F00FC007200C00000026
:106B800000000000810036001D4034035501C04262
:106B90000011824403D00C403400DD007403D00D9A
:106BA000403700DD007403D21140D5009140362EED
:106BB000509D4CC6111D004508D00D403700DD002A
:106BC0007403D00D403700DD007403D00D40070082
:106BD000080000000000000001A034005D00740304
:106BE000100940744051104403D00D403400DD00C2
:106BF0007403D00D403720DD207403D011415500BF
:106C0000918470C1900D4047805D214403900D60D8
:106C10003700DD007403D00D403700DD007403D071
:106C20000D4007000200000000000000102030802E
:106C3000CD007403501840324001000403D00D40D1
:106C40003000CD003403D00C403300CD003403D0ED
:106C50000040110081803403500C4002000D4006BA
:106C600000D00C403300CD003403D00C403300C9B9
:106C7000003403D00C4042800000000000000000FF
:106C800000B036001F007C033001C8244053004C84
:106C900003F20DD03400DF006C03F00D803700DF0D
:106CA000607C037001C4140013007C02320DC00725
:106CB000801F004C00F00DC03700DF007C03F00D9A
:106CC000C03700DF007C03F00DC007C00A000000E1
:106CD0000000000005B83F003F00BE03F003C02FD6
:106CE000003F00FC03F00EC03F00FF00FC03F00F6C
:106CF000C03F00FF40FC03F003C81B00BF00FC02C4
:106D0000E00AC60F002F00FC00F00FC03F00FF009C
:106D1000FC03F00FC03F00FF00FC03F00FC0176042
:106D20000E0000000000000003A07F12BB84FC07DF
:106D3000F043D00E00B300FC25301FC85F20F78160
:106D4000CC87B11FC27F08FF01FC07B01FC24F00F4
:106D5000FF01F807F01FC07F003F01FC07F013C4DC
:106D60004F003F21BC04B013C06A10E701CC07F00C
:106D70001FC00F000E0000000000000001083701D6
:106D8000D1037484103540840C930B7412101D4091
:106D90005700D1214407101D427700DD015C13D05C
:106DA0001D4047009D417407D01D4077209D017410
:106DB00007D0114046101D0174061015426400DD15
:106DC000014487D11D4007000C00000000000000B6
:106DD00010A03328C50834005180480283814054F4
:106DE00003110C420328C1000403D00C403300CD32
:106DF000001443900C4003000D003401D80C4031C6
:106E0000000D003603D0004023008D2016009000B6
:106E1000402300CD000403D00C4043800E0000004E
:106E20000000000003883180D5217450130941040B
:106E30000899087407140D40B708D1004403500D99
:106E4000003700DD005403D00D4047209D00700343
:106E5000D00D403700DD617403D0014026009D0055
:106E60007402100548250CDD004403D00D400F20AE
:106E7000060000000000000000083500D7873C0332
:106E8000F011C4760493017C0F300DC07700D7C099
:106E90004C83F00DC03710DF005C03B00DC0C7009D
:106EA000DF007C02F20DC035001F137C27D005C027
:106EB00047225D007C01B009C0B720C7004D03F038
:106EC0000D4003000E0000000000000087003D4060
:106ED000DB00F804F191824F429701FC03F20FC0EE
:106EE0005F42FF00FC03910FC43F00FF00DC03F092
:106EF0000FC41F00BF05FC03F00F483F00BF80FC1C
:106F000007F007C04F007F00F403F00FC23E00FF00
:106F100000FC03F00FC01720060000000000000076
:106F200003083500DF015C0B7028C00501D7004D58
:106F30004F340DC0F700DF007C03300DC03700DF99
:106F4000007C03F00DC087009F417C80F80DC037A6
:106F5000009F047C003405C02402DB004C01300992
:106F6000C0B722D3044D03F00DC00F200400000071
:106F7000000000001320B420DC0344301009C4C614
:106F800040D3000403300D407300CD0B3487180D3F
:106F9000403700DD007403C00D4077809F83740389
:106FA000700D403700DD027403206542E420DA06EC
:106FB0002C4F106C40F700D1004403D00D404F001F
:106FC000020000000000000007A0B203CD00070788
:106FD00051086044028D07140B900C403321CD837F
:106FE0003403150C403310CD003403D00C40431251
:106FF0008D043403900C403300490024831008545E
:107000001000012000001400400300C1420403D01E
:107010000C400F00000000000000000046807800D7
:107020006D0BC6271096407A21A1499427101E4265
:107030007B00ED11B407101E407B00ED01B407D0BA
:107040001E604B00A501B407501E607B08ED05F4DF
:1070500007183A40D8002903E40E103640CF80E1EB
:10706000018407D01E401B0000000000000000004B
:1070700012103001CD201C00708CC03500CF105C88
:107080002BB00CE02300CF083C43108CC03300CD64
:10709000003C23F08CC003000D003C21D04C403359
:1070A000908A003C033028C0300083000E0030007E
:1070B000C00300C3380C03F00CC04B60000000009C
:1070C0000000000002B03D007F20BC00F08FC23FF6
:1070D00021FF00EC23F08FE03F02FF00BC03F00F24
:1070E000C03F00FF00FC03F00FC02F00BF08FC03EF
:1070F000F80FC03F00FF84BC03F00AC03B00AF8024
:10710000FE02F007C04F02FF00FC03F00FC00B604F
:10711000040000000000000015A03700CD006C073F
:107120007215C4368093014C03300DC03705DF0063
:107130007C03780DC03700DF007C03F00DC0070032
:10714000D3014C02F00DC037001F014C4BF00C4036
:10715000160043014C01F019C05600D3007C03F126
:107160000DC043000E00000000000000138839002D
:107170006D0084031006403840A5008403120E40C1
:107180001B18ED60B403D00E423B00ED00B403D2F7
:107190000E401B00A100AC03D00E403B00AD80941C
:1071A00082D00E40184061008403D20E401848E19E
:1071B00000B403D00E404F000600000000000000A5
:1071C00003007900FD81E407501C417200C1018475
:1071D00007101E406B00ED01B407D01E447B00ED8C
:1071E00001B407D01E405B00B5018404D01E407B73
:1071F00000BD01840CD81F407E08F1119545D21BBB
:10720000425E00E101B407D01E40130004000000FC
:1072100000000000122833104D212493103C42B08E
:1072200000C54144BF160C40B303CD003403D00C5D
:10723000403300CD003403D00C42330C851024833E
:10724000D00C423300CD001447D00C403010C100A8
:107250000403D00C405000C1003403D00C405B202C
:107260000C0000000000000017A815006F00EC15CE
:107270007007D01E405300CC093405C097005F0052
:107280003C01F005C017005F007C01F005409F0045
:107290007502C441F005C017007F054C09F005C018
:1072A000120053005C01F025C01E0053007C01F069
:1072B00005C05F000400000000000000120007206D
:1072C0001F0A5C08F001C003031F087D08F001C01D
:1072D00087001F827C00F201C007001F007C00F2C3
:1072E00001C0874019027C08F001C007001D107C16
:1072F00000F081C007001F807C08F001C00F021F52
:10730000007C00F001C04B200400000000000000E1
:10731000100AA7009F055C06F009C1A70097017C31
:10732000023009CC37009F027C067009C027009FFD
:10733000007C02F009C067009B257C0AF009C22688
:10734000009F237C03F009C0264093007C02300993
:10735000C127009F007C02F009C043200400000008
:10736000000000000120E6009D11552AD0094027A9
:10737000409F03740210094427009D0374460009CE
:107380004027009D007402D20940A30691017412A7
:10739000D0094027009D105C02D0084024109100C5
:1073A000340214094027009D067402D009400700EA
:1073B00000000000000000001800A4009D40460AE4
:1073C000D00940A7009506742A10094027029D9015
:1073D000741211094827089D007402D00940370033
:1073E00099007402D0096027009D00740AD00B40F8
:1073F0002E00B100F442180B402F009D007402D003
:10740000094063000200000000000000100020009E
:107410009D041602D0484023018D04340214084014
:1074200033008D00340212084023008D003402D056
:1074300008402600C1003402D8084023008D2014E3
:1074400002D00B402C00A100F402100A402B008D4A
:10745000003402D208404380000000000000000019
:107460001C1086021F204C00F001C0870217007C10
:10747000283001C007001E007C007001C007001FFB
:10748000007C28F0016007001B007C00F001C007B1
:10749000001F007C00F001C0060013207C003001BA
:1074A000C00F001F007C00F001C073E00A00000064
:1074B0000000000019B02700BF08BC02F08BC02FED
:1074C00002BF88BC02F009C037009F007C02F409AB
:1074D000C027009F007C06F009C02B08AF00FC020B
:1074E000D009C02720AF005C02F009C023009F0034
:1074F0007C02F008C423009F007C02F009C0776082
:107500000E0000000000000010A02718BF11CC02E0
:10751000F009C02C00B300CC027009C02F00BF00DE
:10752000FC023009C027009F007C22F009C0370010
:10753000FD006C02F009C027009F007C02B008C06B
:1075400020008B400C02F008C82410BF007C02F021
:1075500009C073000E000000000000001C080710A6
:107560001D024400D00540140014004500120140E3
:1075700007001D00740050014207001D007410D068
:10758000014007001D00640010014007001D8074C9
:1075900000100140040011004400D001400C001D07
:1075A000007400D0014063000C00000000000000E7
:1075B00010A0230085200402D00840202081004034
:1075C0000650084033008D80340211084023008D9E
:1075D000003412D0084023888D00740290084023A4
:1075E000008D013402910B402C00BD008402D00BB1
:1075F0004028208D003602D008404B0004000000D7
:107600000000000018AA25089D404402D00940242B
:10761000029501440210096027009D007002500984
:107620004026009D007402D2094027059D02744245
:1076300018094027009C207402D20B42AC00B5020E
:10764000C402D00B402C00DD007402D0094063203E
:107650000400000000000000050825009729446E82
:10766000F029C0E40093014C027009C067029F003A
:107670007C023009C027109F007C02D009C027007F
:107680009F023C8AB209C027009F00343AB008D05C
:1076900020008F004902F008D024009F007C02F0F7
:1076A00009C01700040000000000000015003500AC
:1076B0008F007D02F098D023048F007C66F009C013
:1076C00067009F107C02F009C827009F807C02F0B1
:1076D00009C277009F056C03B009C02710DF087C42
:1076E000023009C027009B007C82F009C027009F60
:1076F000007C02F009C05F200400000000000000D0
:10770000140805041F805C00F021D0044A17107C87
:10771000003001C087041F005C10F001C007001F8B
:10772000007C00F001C087001F007C20F001C00732
:10773000001F007C08F003D08C003312CC007003D3
:10774000800D001F007C00D001C053200400000009
:1077500000000000142014007D1BC46DD005C49EE1
:10776000007113B4011005409E007D01B405D005E1
:107770004017005D007401D00540D7097D0A7401EF
:10778000D0054017005D847401D0054054005000BE
:1077900044010015481D087C067401D005404300D3
:1077A000000000000000000014A0F2028D03140F7E
:1077B000D00C40B00045013405100C40B300CD01A1
:1077C0001400D00C403300CD003403D00C408301B2
:1077D000CD02341FC00C403300CD003403D0004133
:1077E00040420102150050004001044D043403D111
:1077F0000C4043000A00000000000000048008085C
:107800008D008400D00E403A286100B443100E422F
:107810002A00ED10B409D20E483B00ED00B413D09D
:107820000E401B00AD00B403D00E403B00ED00B491
:1078300003D00E403800F1009407102E403800ECC1
:1078400000B403D00E40130002000000000000004E
:10785000141068002F019C04F01CC06010E701FCAC
:1078600006341EC06B00EF019C07F01EC07B00EFCA
:1078700001BC07F01EC04B04AF21BC27F01EC07B2B
:1078800000AF49BC05F01280480023019C0670122D
:10789000C04900EF01BC07F01EC0536000000000AB
:1078A0000000000010B885041F006800F00DC0271C
:1078B00000DF007C03F00DC02600DF007C03F00D2C
:1078C000C03708DF00FC03F00DC017009F007C0BE1
:1078D000F00DC037001F027C01F00DC03700DF80C3
:1078E0006C01F00DC03700DF007C03F00DC0436079
:1078F000060000000000000002A07F18BF418C07B6
:10790000701FC05C007381FC05311FC06F00FF0950
:107910008C06301FC07E00FF01FC47F01FC05F4097
:10792000F301BC27309FC07F00F701FC27F01BC08C
:107930005F08BF018C043016C06C00E301CD07F076
:107940001FC01B0004000000000000001588091A79
:10795000AD00840B100EC09B422502B421B08E40B6
:107960002B04ED00AC03100E483B20ED00B403D017
:107970000E401B04AB20A423B00E403B00ED089C3E
:1079800023F00640AB006D008513F04AC01840A1FB
:10799000008403F00E4057000400000000000000C7
:1079A000000029002D088400508E400800E900F4F2
:1079B00049100E400B006D408403140E403B00ED57
:1079C00000B403D00E409B022508E400520E603B39
:1079D00000A500B421D80A401B00AD00C40218075E
:1079E000446B00E1008403D00E400300040000005B
:1079F00000000000062823000D030540186C60C736
:107A000000CD003400900C40C304CD002403100CC2
:107A1000403300CD007403D00C401300050124084E
:107A2000D00C4033000D02141D50044023004D00C3
:107A30000409500840500081000403D00C400B2082
:107A4000040000000000000014A83500CF104C0313
:107A5000701DC0F44E5B003403300DC0A700DF0082
:107A60004C01300DC03600DF00FC03F00DC0772064
:107A700085026C0E500DC03720D6037C13D0054014
:107A800027085F004C091059D01304D3004C03F0B1
:107A90000DC0530006000000000000000100970028
:107AA000DF127C20F08CC0361057027C0BF00DC02A
:107AB0008718DF827C01F00DC03600DF007C03F008
:107AC0000DC0B700198E6C16B00DC03700DF057CF5
:107AD00003F8094097009C007C42F005C027009FF6
:107AE000007C03700DC017200C0000000000000097
:107AF00080082F017F02DD03F10DC22C00F300F896
:107B000002300FC02F00BF05CC03700FC03F90FFA5
:107B100000FC03200FC02F00BFA0EC06700FC03F79
:107B200000BF05DC01F086C02D087F00FC17F00BBC
:107B3000C05F15F700FC03D00FC003220C0000004B
:107B400000000000812046005C13460CD00D444527
:107B500002D5017407100DC0C700CC000507F40D55
:107B6000403600DD007403500D40E7001D2554260B
:107B7000F00D4037001D007401D2194014209D08FB
:107B80007404702541270091017403D00D40070251
:107B900008000000000000000120B400D9004423C8
:107BA000D00D00149051017444100D40E700D982AB
:107BB0004406500D003700DD007403500D403705BA
:107BC00095014402D00D4037009D007403D00D6034
:107BD0003480D5007401D00D403500D5047403D82D
:107BE0000D4007000A000000000000001000000027
:107BF0004D000403D00C402180C5006400100C62CD
:107C000003088D000403D40C443300CD003403502A
:107C10000C4233000D000402D00C4233008D0034BE
:107C200003D0011000000D003402500064030081F5
:107C3000003403D80C4043000000000000000000A6
:107C4000001006005F004403F00DC01010D1007C4E
:107C500000300DC407009B404C03700DC03700DDA1
:107C6000007C03700DC0070017004D00F00DC037F9
:107C7000009D005C01F00DC83410DF807C83F80D9E
:107C8000C43500D7007C03F00DC00360080000007D
:107C90000000000005B80F002D80EC03F10FC00FAD
:107CA000007F00BE00F00FC00D28ED00FC03F00FB8
:107CB000CA3E00FF00FC83E00FC40B203F40FC00E5
:107CC000700FC03F003F20FC01F103C00F002F00E8
:107CD000FC007203C80B00BF00FC03F00FC017606C
:107CE0000E0000000000000000004021008500148C
:107CF00002500840210085001402500840210085F0
:107D00000014025008402100850014025008402150
:107D1000008500140250084021008500140250081C
:107D20004021008500140250084021008500140203
:107D300050080000000000000000000000000020CB
:107D400000800000020008002000800000020008FF
:107D500000200080000002000800200080000002D7
:107D600000080020008000000200080020008000C1
:107D7000000200080020008000000200080020002F
:107D80008000000200080000000000000000000069
:107D9000000000210084001002400800210084003F
:107DA0001002400800210084001002400800210059
:107DB00084001002400800210084001002400800E6
:107DC00021008400100240080021008400100240BD
:107DD000080021008400100240080000000000009C
:107DE00000000000000000200080000002000800E9
:107DF0002000800000020008002000800000020037
:107E00000800200080000002000800200080000020
:107E1000020008002000800000020008002000800E
:107E2000000002000800200080000002000800009E
:107E3000000000000000000000000001000400102D
:107E40000040000001000400100040000001000498
:107E5000001000400000010004001000400000017C
:107E60000004001000400000010004001000400069
:107E70000001000400100040000001000400100098
:107E80004000000000000000000000000000400072
:107E90000001000400100040000001000400100078
:107EA0004000000100040010004000000100040038
:107EB000100040000001000400100040000001001C
:107EC0000400100040000001000400100040000009
:107ED000010004001000000000000000000000008D
:107EE0000000000100040010004000000100040038
:107EF00010004000000100040010004000000100DC
:107F000004001000400000010004001000400000C8
:107F100001000400100040000001000400100040B7
:107F200000000100040010004000000000000000FC
:107F30000000000000000000000000000000000041
:107F40000000000000000000000000000000000031
:107F50000000000000000000000000000000000021
:107F60000000000000000000000000000000000011
:107F70000000000000000000000000000000000001
:107F800000000000000000000000402100850014F7
:107F9000025008402100850014025008402100854D
:107FA00000140250084021008500140250084021AE
:107FB000008500140250084021008500140250087A
:107FC0004021008500140250084021008500140261
:107FD0005008000000000000000000000000002029
:107FE000008000000200080020008000000200085D
:107FF0000020008000000200080020008000000235
:10800000000800200080000002000800200080001E
:10801000000200080020008000000200080020008C
:1080200080000002000800000000000000000000C6
:10803000000000210084001002400800210084009C
:1080400010024008002100840010024008002100B6
:108050008400100240080021008400100240080043
:10806000210084001002400800210084001002401A
:1080700008002100840010024008000000000000F9
:1080800000000000000800E00C803300CE00380340
:10809000E00C803300CE003803E00C803300CE00CB
:1080A0003803E00C803300CE003803E00C8033004E
:1080B000CE003803E00C803300CE003803E00C80A3
:1080C0003300CE003803E00C803300CE00380320AC
:1080D00000000000000000000000002100840010EB
:1080E00002400800210084001002400800210084A2
:1080F0000010024008002100840010024008002106
:108100000084001002400800210084001002400892
:1081100000210084001002400800210084001002A9
:1081200040080000000000000000000000004000C7
:1081300000010004001000400000010004001000D5
:108140004000000100040010004000000100040095
:108150001000400000010004001000400000010079
:108160000400100040000001000400100040000066
:1081700001000400100000000000000000000000EA
:108180000000000100040010004000000100040095
:108190001000400000010004001000400000010039
:1081A0000400100040000001000400100040000026
:1081B0000100040010004000000100040010004015
:1081C000000001000400100040000000000000005A
:1081D0000000000020080100000000000000000076
:1081E000000000000000000000000000000000008F
:1081F000000000000000000000000000000000007F
:10820000000000000000000000000000000000006E
:1082100000000000000000000000000000008020BE
:10822000040000000000000000000000000000004A
:10823000000000000000000000000000000000003E
:10824000000000000000000000000000000000002E
:10825000000000000000000000000000000000001E
:10826000000000000000000000000000000000000E
:108270000000000000000000000000003C3C000086
:1082800000000000000000000000000000000000EE
:1082900000000000000000000000000000000000DE
:1082A00000000000000000000000000000000000CE
:1082B00000000000000000000000000000000000BE
:1082C000000000000000F0F00000000000000000CE
:1082D000000000000000000000000000000000009E
:1082E000000000000000000000000000000000008E
:1082F000000000000000000000000000000000007E
:10830000000000000000000000000000000000006D
:10831000000000000000000000000000000000005D
:10832000000000000000000000000000000000004D
:10833000000000000000000000000000000000003D
:10834000000000000000000000000000000000002D
:10835000000000000000000000000000000000001D
:10836000000000000000000000000000000000000D
:1083700000000000000000000000000000000000FD
:1083800000000000000000000000000000000000ED
:1083900000000000000000000000000000000000DD
:1083A00000000000000000000000000000000000CD
:1083B00000000000000000000000000000000000BD
:1083C0000000000000000000000000000000FCFFB2
:1083D000FFFF0300000000FCFFFFFF0300000000A0
:1083E000FCFFFFFF0300000000FCFFFFFF03000095
:1083F0000000FCFFFFFF0300000000FCFFFFFF0385
:1084000000000000FCFFFFFF0300000000FCFFFF76
:10841000FF0300000000000000000000000000005A
:108420000000FCFFFFFF0300000000FCFFFFFF0354
:1084300000000000FCFFFFFF0300000000FCFFFF46
:10844000FF0300000000FCFFFFFF0300000000FC32
:10845000FFFFFF0300000000FCFFFFFF0300000020
:1084600000FCFFFFFF030000000000000000000010
:10847000000000000000FCFFFFFF0300000000FC04
:10848000FFFFFF0300000000FCFFFFFF03000000F0
:1084900000FCFFFFFF0300000000FCFFFFFF0300E4
:1084A000000000FCFFFFFF0300000000FCFFFFFFD7
:1084B0000300000000FCFFFFFF03000000000000BD
:1084C00000000000000000000000FCFFFFFF0300B0
:1084D000000000FCFFFFFF0300000000FCFFFFFFA7
:1084E0000300000000FCFFFFFF0300000000FCFF92
:1084F000FFFF0300000000FCFFFFFF03000000007F
:10850000FCFFFFFF0300000000FCFFFFFF03000073
:108510000000000000000000000000000000FCFF60
:10852000FFFF0300000000FCFFFFFF03000000004E
:10853000FCFFFFFF0300000000FCFFFFFF03000043
:108540000000FCFFFFFF0300000000FCFFFFFF0333
:1085500000000000FCFFFFFF0300000000FCFFFF25
:10856000FF03000000000000000000000000000009
:108570000000FCFFFFFF0300000000FCFFFFFF0303
:1085800000000000FCFFFFFF0300000000FCFFFFF5
:10859000FF0300000000FCFFFFFF0300000000FCE1
:1085A000FFFFFF0300000000FCFFFFFF03000000CF
:1085B00000FCFFFFFF0300000000000000000000BF
:1085C0000000000000004021008500140250084017
:1085D000210085001402500840210085001402503B
:1085E0000840210085001402500840210085001435
:1085F00002500840210085001402500840210085E7
:1086000000140250084021008500140250080000A8
:1086100000000000000000000000002000800000BA
:1086200002000800200080000002000800200080F6
:108630000000020008002000800000020008002066
:1086400000800000020008002000800000020008F6
:1086500000200080000002000800200080000002CE
:1086600000080000000000000000000000000021E1
:10867000008400100240080021008400100240081D
:108680000021008400100240080021008400100234
:1086900040080021008400100240080021008400EE
:1086A0001002400800210084001002400800210050
:1086B00084001002400800000000000000000000DC
:1086C0000000002000800000020008002000800060
:1086D00000020008002000800000020008002000C6
:1086E0008000000200080020008000000200080056
:1086F000200080000002000800200080000002002E
:1087000008002000800000020008000000000000B7
:108710000000000000000001000400100040000004
:10872000010004001000400000010004001000409F
:1087300000000100040010004000000100040010CF
:10874000004000000100040010004000000100048F
:108750000010004000000100040010004000000074
:1087600000000000000000000000400000010004C4
:108770000010004000000100040010004000000153
:108780000004001000400000010004001000400040
:10879000000100040010004000000100040010006F
:1087A000400000010004001000400000010004002F
:1087B00010000000000000000000000000000001A8
:1087C0000004001000400000010004001000400000
:1087D000000100040010004000000100040010002F
:1087E00040000001000400100040000001000400EF
:1087F00010004000000100040010004000000100D3
:108800000400100040000000000000000000000014
:108810000000000000000000000000000000000058
:108820000000000000000000000000000000000048
:108830000000000000000000000000000000000038
:108840000000000000000000000000000000000028
:108850000000000000000000000000000000000018
:108860000000000000004021008500140250084074
:108870002100850014025008402100850014025098
:108880000840210085001402500840210085001492
:108890000250084021008500140250084021008544
:1088A0000014025008402100850014025008000006
:1088B0000000000000000000000000200080000018
:1088C0000200080020008000000200080020008054
:1088D00000000200080020008000000200080020C4
:1088E0000080000002000800200080000002000854
:1088F000002000800000020008002000800000022C
:10890000000800000000000000000000000000213E
:10891000008400100240080021008400100240087A
:108920000021008400100240080021008400100291
:10893000400800210084001002400800210084004B
:1089400010024008002100840010024008002100AD
:108950008400100240080000000000000000000039
:10896000000800E00C803300CE003803E00C8033B8
:1089700000CE003803E00C803300CE003803E00C5A
:10898000803300CE003803E00C803300CE00380383
:10899000E00C803300CE003803E00C803300CE00C2
:1089A0003803E00C803300CE0038032000000000C4
:1089B00000000000000000210084001002400800B8
:1089C00021008400100240080021008400100240B1
:1089D00008002100840010024008002100840010DB
:1089E0000240080021008400100240080021008499
:1089F000001002400800210084001002400800001E
:108A00000000000000000000000040000001000421
:108A100000100040000001000400100040000001B0
:108A2000000400100040000001000400100040009D
:108A300000010004001000400000010004001000CC
:108A4000400000010004001000400000010004008C
:108A50001000000000000000000000000000000105
:108A6000000400100040000001000400100040005D
:108A7000000100040010004000000100040010008C
:108A8000400000010004001000400000010004004C
:108A90001000400000010004001000400000010030
:108AA0000400100040000000000000000000000072
:108AB000200801000000000000000000000000008D
:108AC00000000000000000000000000000000000A6
:108AD0000000000000000000000000000000000096
:108AE0000000000000000000000000000000000086
:108AF00000000000000000000000802004000000D2
:108B00000000000000000000000000000000000065
:108B10000000000000000000000000000000000055
:108B20000000000000000000000000000000000045
:108B30000000000000000000000000000000000035
:108B40000000000000000000000000000000000025
:108B500000000000000000003C3C0000000000009D
:108B60000000000000000000000000000000000005
:108B700000000000000000000000000000000000F5
:108B800000000000000000000000000000000000E5
:108B900000000000000000000000000000000000D5
:108BA0000000F0F0000000000000000000000000E5
:108BB00000000000000000000000000000000000B5
:108BC00000000000000000000000000000000000A5
:108BD0000000000000000000000000000000000095
:108BE0000000000000000000000000000000000085
:108BF0000000000000000000000000000000000075
:108C00000000000000000000000000000000000064
:108C10000000000000000000000000000000000054
:108C20000000000000000000000000000000000044
:108C30000000000000000000000000000000000034
:108C40000000000000000000000000000000000024
:108C50000000000000000000000000000000000014
:108C60000000000000000000000000000000000004
:108C700000000000000000000000000000000000F4
:108C800000000000000000000000000000000000E4
:108C900000000000000000000000000000000000D4
:108CA00000000000000000000000FCFFFFFF0300C8
:108CB000000000FCFFFFFF0300000000FCFFFFFFBF
:108CC0000300000000FCFFFFFF0300000000FCFFAA
:108CD000FFFF0300000000FCFFFFFF030000000097
:108CE000FCFFFFFF0300000000FCFFFFFF0300008C
:108CF0000000000000000000000000000000FCFF79
:108D0000FFFF0300000000FCFFFFFF030000000066
:108D1000FCFFFFFF0300000000FCFFFFFF0300005B
:108D20000000FCFFFFFF0300000000FCFFFFFF034B
:108D300000000000FCFFFFFF0300000000FCFFFF3D
:108D4000FF03000000000000000000000000000021
:108D50000000FCFFFFFF0300000000FCFFFFFF031B
:108D600000000000FCFFFFFF0300000000FCFFFF0D
:108D7000FF0300000000FCFFFFFF0300000000FCF9
:108D8000FFFFFF0300000000FCFFFFFF03000000E7
:108D900000FCFFFFFF0300000000000000000000D7
:108DA000000000000000FCFFFFFF0300000000FCCB
:108DB000FFFFFF0300000000FCFFFFFF03000000B7
:108DC00000FCFFFFFF0300000000FCFFFFFF0300AB
:108DD000000000FCFFFFFF0300000000FCFFFFFF9E
:108DE0000300000000FCFFFFFF0300000000000084
:108DF00000000000000000000000FCFFFFFF030077
:108E0000000000FCFFFFFF0300000000FCFFFFFF6D
:108E10000300000000FCFFFFFF0300000000FCFF58
:108E2000FFFF0300000000FCFFFFFF030000000045
:108E3000FCFFFFFF0300000000FCFFFFFF0300003A
:108E40000000000000000000000000000000FCFF27
:108E5000FFFF0300000000FCFFFFFF030000000015
:108E6000FCFFFFFF0300000000FCFFFFFF0300000A
:108E70000000FCFFFFFF0300000000FCFFFFFF03FA
:108E800000000000FCFFFFFF0300000000FCFFFFEC
:108E9000FF030000000000000000000000000000D0
:108EA00003A07F00F314CC0BF01BC00C013F00DCCF
:108EB00007F01FC07F00FF01FC07701FC07D00FF8F
:108EC00001FC07F017C04C00FF09EC043013C04C44
:108ED00028B301EC04B013C07C00FF01FC07F01EB6
:108EE000C07F00FF01FC07F01FC00F000E00000054
:108EF0000000000001007700D103442AD0494080DF
:108F00000711104407D01D407700D7017407D01D0A
:108F1000407700DD017407D01542640087804080EF
:108F20001001400400910044061011C07700DD01DB
:108F30007407D01D407700DD017407D01D400F205D
:108F40000C0000000000000014A03310C1800413C6
:108F5000D0094350098D081403D00C403100CD00D6
:108F60003403D00C403308CD003403D00464000037
:108F7000DD0066D0104045000D95146402120060BB
:108F80003208CD003403D00C403300CD003403D080
:108F90000C404F800E0000000000000003AA754046
:108FA000D1204402D01950140081084403D00D4050
:108FB0003700DD007403D00D403700DD007403D0AE
:108FC000155424009D084604542170C45095014452
:108FD00006138D403700DD007403D00D403700DDEF
:108FE000007403D00D400F200600000000000000B8
:108FF0000020E50093004D03F008C004005F015C11
:1090000003F00DC03500DF007C03700DC03500DFBC
:10901000007C03F014C444925F012C443121C4C489
:1090200028973328063030E43600DF007C03F00D4B
:10903000C03700DF007C03F00DC003200E000000ED
:109040000000000085083D08AF047C23F00BC00F32
:10905000001F00FC03F00FC03F00F700FC03F00FFF
:10906000E03F00FF00FC03F007413F04F700F80079
:10907000B083C01F10BB10FD02F017E03D80FF0061
:10908000FC03F00FC03F00FF00FC03F00FC017000F
:1090900006000000000000000308A514D3006C03C4
:1090A0003009C00C00DF006C03F00DC03600DF009B
:1090B0007C03F00DC03700DF007C03F025C0850085
:1090C0005F007C00B021C004009F086D023009C021
:1090D0003700DB007C03F00DC03400DF007C03F0C0
:1090E0000DC00F2004000000000000001320200429
:1090F000D1014416100940040291004403D00D40F0
:109100003700DD007403D00D403700DD007403D05C
:109110000540B724CD005401F4014015008D83466D
:109120001F101D403720DD007403D00DC03600DD58
:10913000007403D00D404F0002000000000000004A
:10914000032070008189240710084024400D042466
:1091500003D00C403200CD003403500C403300CD1E
:10916000003403D004406100C9003400840140048D
:10917000008D0216061400403300CD003403D00CDD
:10918000403000CD003403D00C401F000A00000026
:109190000000000006007842A1018407101A406810
:1091A00080E1018407D01E407B00ED01B407D01E92
:1091B000407B00ED01B607D096616B08ED05942663
:1091C000D892404B02BD41D42E1016417B00ED01D8
:1091D000B407D01E407A00ED01B407D01E401F0036
:1091E0000200000000000000121A9002C3002C03CD
:1091F0003409C030010F002D03F00CC03200CF0045
:109200003C03F00CC03300CD003C03F00CC2212025
:10921000CF007D20B000C010080F44162A3008C0CF
:109220003300CB003C03F00CC03000CF003C03F017
:109230000CC04B4000000000000000000238390262
:10924000EF00FC03F08BC43F00FF00FC03F00FC0F5
:109250003F00FF00FC03F00FC03F00FF00FC03F0E5
:1092600007C82F00FF04DC22F002C01D00AF008CF5
:1092700023F08FC03F00FF00FC03F00FC03F00FF52
:1092800000FC03F00FC00B600600000000000000AF
:1092900010A03320D3007C037009C00F0053004C92
:1092A00003F00DC03700DF007C03F00DC03700DF96
:1092B000007E03F005C03140D2426C04B400D004FB
:1092C0000093000C023050C13400DF007C03F00D2D
:1092D000C03700DF007C03F00DC057000E00000017
:1092E0000000000017823900E100F403100A400B6F
:1092F00000E1008403D00E403B00ED00B403D00E2B
:10930000403B00ED00B403D002403880E128AC03BC
:109310003002401800A10084021006403800ED0021
:10932000B403D00E403B00ED00B403D00E404F20FC
:10933000060000000000000000005D00E101B4072D
:10934000501A40C31061018407D01E407B00ED011C
:10935000B407D01E407B00ED01B407D11F405D1063
:10936000E501C4041033405800BD01C40E5A1B402F
:109370007A00ED01B407D01E407B00ED01B407D0A8
:109380001E400700040000000000000012287302C5
:10939000C1087427101D408301D1090503D00C407A
:1093A0003300CD003403D00C403300CD003403D85B
:1093B00014403000D5012407502C40B441CD89051C
:1093C0004B142C403200CD003403D00C403300CD80
:1093D000003403D00C404B200C00000000000000C3
:1093E00017201D00430174817055C0DF4073004C8D
:1093F00001F805C017005F007C01F005C017005F91
:10940000007C01F006411D005706CC01309784DC3A
:10941000016F83888D7045D016005D007C01F005DA
:10942000C017005F007C01F005C05F20060000004F
:1094300000000000120805401F007C00F201C0037C
:10944000001F007C00F001C007001F007C00F0013D
:10945000C007001F007C00F101C8870018007C20B5
:10946000B401C8078013107C08E061C005001F002C
:109470007C00F001C007001F007C00F001C04B0021
:109480000C00000000000000100A25129B054C167D
:109490003009C4240093055902F009C027009F0039
:1094A0007C02F009C027009F007C02F009C0240460
:1094B000D3F06C0AF109C024409B005C06723DC0E9
:1094C00027009F007C02F009C027009F007C02F06B
:1094D00009C043200C000000000000000120A00093
:1094E00091014406100948240091034402D0094028
:1094F00027009D007402D0094027009D007402D00F
:109500003960201095004402D02850A40095027CB8
:109510001210494027009D007402D0094027009D89
:10952000007402D00940070008000000000000009D
:109530001820A400990045021019486400D1105465
:1095400002D2094227009D007402D0094027009DE5
:10955000007402508D403402D1006602D0294024AC
:109560000491225422520D6027009D007402D009FC
:109570004027009D007402D00940630002000000F3
:109580000000000010002400810404121018406044
:109590004981041402D0084023008D003402D00811
:1095A0004023008D003402D208462408850006823C
:1095B000D0094020809500740210086023008D00BF
:1095C0003402D0084023008D003402D0084043808C
:1095D00000000000000000001C1806005B004C2882
:1095E00034A1D08402030A5D00F001C007001F000F
:1095F0007C00F001C007001F007C007005401400D3
:10960000130A6D28F0A1C480221B8A58007401C07F
:1096100007001F007C00F001C007001F007C00F065
:1096200001C077C00A000000000000001DB82F0034
:10963000BF08FC22F20BC02F02BF086D02F009C068
:1096400027009F007C02F009C027009F007C02F0E9
:109650000AF02F008F00BC02F00B503F50AF40FCCF
:1096600082F009C027009F007C02F009C027009FFC
:10967000007C02F009C067600E00000000000000DE
:1096800014A02F00BF00CC22700BC02C05B3006CBF
:1096900002F009C027009F007C02F009C027009F4C
:1096A000007C02F00BC03F0097086C0A7029C0A52F
:1096B000009322DE02B00BC024009F007C02F00960
:1096C000C027009F007C02F009C067000E00000068
:1096D00000000000180007001D0044201040410455
:1096E0000801004400D0014007001D005C0070012B
:1096F0004007001D007400D201C0052011A504140C
:10970000B211D047003505450010014004001D008E
:109710007400D0014007001D007400D00140732088
:109720000C00000000000000120071108D080402FF
:10973000504840204081002402D8084023008D007A
:109740003402D0084023008D203002D0084023008E
:10975000AD00A602184A682921A5204402D018406D
:1097600020008D003402D0084023008D003402D048
:1097700008404B800E00000000000000182A250061
:109780009D004502004850242191024402D0094026
:1097900027009D00540250094027009D007402D00C
:1097A000094127049900C402902A622F19A5004498
:1097B00012C0094024009D007402D0094027009D7A
:1097C000007402D009406320060000000000000081
:1097D000452225209F0048027009C024009300689C
:1097E00002F009C027009F007C02F009C027009FFB
:1097F000007C02F029C0A3009F006C023199C025B3
:10980000209724441EF029C024009F007402F00910
:10981000C027009F007C02F009C017200E00000046
:1098200000000000170865228F133C26F019C023A2
:10983000008F007C02F009C027009F005C027009C5
:10984000C027009F007C02F039C0250097807C660D
:10985000B019D027009F826C063039D827009F00AE
:109860007C02F009C027009F007C02F009C05F0065
:109870000600000000000000140805841F004C00D2
:10988000F001C00400134A4C00F001C007001F00A3
:109890007C00F001C007001F007C00F081C00710B1
:1098A0001F046C00B421C0040832804C283081C1F0
:1098B00007001F007C00F001C007001F007C00F0C3
:1098C00001C05320040000000000000010209C0094
:1098D0007D02C44DD007401C00714044017005401A
:1098E00017005D007401D0054017005F006C01F0A7
:1098F00037409F2059020409F005C012007B008404
:109900002110064017005D007401D0074017005D6C
:10991000007401D005405300020000000000000068
:1099200010A032004D23141DD070607000C10115CD
:1099300003D00C403300CD003403D00C403300CDB5
:10994000003403D00441F301DD810483801C507393
:10995000004101040F441C403300CD003403D00407
:10996000403300CD003403D00C4053000A00000007
:1099700000000000848019004D029401D02260B8DC
:1099800000E1009403500E403B00ED00B403D00E04
:10999000403B00E5009403500E403B14E9028483F1
:1099A000D02E40BB006902C603000E403B00ED0014
:1099B000B003D006403B00ED00B403D00E401700CA
:1099C0000200000000000000141859006D019D8580
:1099D000F01ED07C40E3019C07D01E407B00ED01CF
:1099E000BC07F01EC07B00ED01B407D012C07B089D
:1099F000FF018D86B017D05F40F3018D07701EC048
:109A00007B00EF01BC07F016C07B00EF01BC07F044
:109A10001EC05740000000000000000010B81500F4
:109A20005F006C01F20FC017005F006D03F00DC006
:109A30003700DF007C03F00DC03700DF006C03F05F
:109A40000DC02710D9404C02F105C01600DF003CC4
:109A500003F00DC43700DF007C03F005C03700DFE2
:109A6000007C03F00DC04360060000000000000011
:109A700006205D026301DC05F053C07C00F301ECBD
:109A800087F01FC07F00F701FC07F01FC07D00FFBB
:109A900001FC07F013C07B603149E015309BC86CB6
:109AA0006037818C073097C07F02FF09FC07F017F1
:109AB000C07F00FF01FC07F01FC00B000E0000007C
:109AC000000000001500194861008400D0424038B1
:109AD00000E1008403700E403B00E700B403D00EA9
:109AE000403B00ED00B423D00EC03B0A2B0C945138
:109AF000B0CAC02A00210094405086413B00ED00CE
:109B0000B403D006403B00ED00B403D00E40572014
:109B100006000000000000000000990821009420C9
:109B2000D0C26128028100A403D00E403B00E500B2
:109B3000B403D00E403B00ED00B403D00241BB00A3
:109B40002170A4305002600C02A101A403100E6029
:109B50003B20ED00B603D006403B00ED00B403D03F
:109B60000E40030004000000000000000228110065
:109B700041000000D00040000001230403D00C404D
:109B80003300CD003403D00C403300CD003403D07B
:109B9000646020001101351CD030414200910D3429
:109BA0000C502C603300CD003403D004403300CD82
:109BB000003403D00C401B200C000000000000000B
:109BC00014A0450453005805F011D0044013096D4A
:109BD00003F00DC03700D7007C03F00DC03500DF67
:109BE000007C03F02540F700D1016C03506DC0F4F8
:109BF000015302240B103DC03700DD007C03F0054B
:109C0000C03700DF007C03F00DC0532006000000C9
:109C100000000000050817005F007C0DF003C08302
:109C2000008F0A7C03700DC03700D7007C03F00D55
:109C3000C03700DF007C03F00D00F700DF105C038D
:109C4000A30DC037095B205C43F04DC03700DF0037
:109C50007C03F005C03700DF007C03F00DC0070077
:109C60000C00000000000000800A1F20FF00FC0123
:109C7000300FC077003208EC03F00FC03F00FF0048
:109C8000FC03B00FC03E00FF00FC03F003C03F80A8
:109C9000FF00CC027007C01C00F720CC00300FC0C2
:109CA0003F00FF00FC03F007C03F00FF00FC03F093
:109CB0000FC007200C0000000000000083201604E5
:109CC000DD213485100D42970011044403D00D406E
:109CD0003700DD007403D00D403600D9007403F066
:109CE0000D406701F940D402D006401C20FB2054EF
:109CF00004F01D423700DD007403D005403700DD5D
:109D0000007403D00D4007000800000000000000B0
:109D1000012054005D03740F1001400705550064D5
:109D200003D00D403700DD007403D00D403500DD59
:109D3000007403D8014067001D004401D009602071
:109D4000001100460F1015403700DD007403D005E8
:109D5000403700DD007403D00D4007000200000012
:109D600000000000100010004D00340310004003FC
:109D700008C5000403D00C403300CD003403D00CE0
:109D8000403300C9003403110C4423000D001401BA
:109D9000D00960200009C05400D000403300CD003D
:109DA0003403D004403300CD003403D00C40438052
:109DB0000000000000000000021816005F807C0315
:109DC0003400C8274017006C03F00DC03700DD00D9
:109DD0007C03B00DC03600DF007C03D001C027003B
:109DE0000D004C00F801D0040087004E00300DC07B
:109DF0003700DF007C03F005C03700DF007C03F094
:109E00000DC007C00A0000000000000005B81B00DC
:109E10007F00FC03F003C00F403B00FC03F00FC0C9
:109E20003F00FF00FC03F00FC03E00FB00FC03F00E
:109E300007C80F083B00BC00FA02C00B20BF20FC83
:109E400000F80FC03F00FF00FC03F007C03F00FF19
:109E500000FC03F00FC017600E00000000000000BF
:109E600003B10F233F44FC277013C44D10FB01FCCA
:109E700007F013C06C00B301FC043013C24C00E7C0
:109E800001FC06B013C06800B301CC04B013C25E7D
:109E9000003E218C04F013C04F002301CC06301A81
:109EA000C06C00F301CC07F01FC00F000E000000D3
:109EB00000000000010007139DA3748310194424BF
:109EC00008D1017406D011484410D101740451190D
:109ED000424400D5017484101D404400D10140402B
:109EE00010194047009CC14405501D404600150113
:109EF0005406501D407400D5014507901D400720B1
:109F00000C00000000000000100001818D085403C7
:109F10005008400105C1203403D00940342081009D
:109F200064805009420200C5007402980140270075
:109F30000D00141090094001001D000400900860FD
:109F40002780C98044021808402100CD000403D0B6
:109F50000C4043800E0000000000000003000504D8
:109F60009D1174031019466400D1007482D0115100
:109F7000640CD1907460500D482402D40074869013
:109F800005404700D900540410192024049D0844BA
:109F900005180D403600DD205403583D402508DDEE
:109FA000004403900D400F20060000000000000058
:109FB0008021E5009F037C6C7138C16528DB007C43
:109FC00002F010C06400930B3C0C7008C84601D727
:109FD000003C03B024C823409B015D4CB001C01776
:109FE000301F210C14A235C0D3009B110C02301D70
:109FF000C26500CF004C03F00DC00B200E00000026
:10A000000000000081000D02FF80FC07F00BC22F52
:10A0100000FF00FC02F103C02F00FF80FE04F10BE3
:10A02000807D00F900FC01700FC10C00F323EC00EF
:10A03000710BC08F00FF01FC00F037C8EF00F70381
:10A04000FC0EF20FC0FE00F700FC03F00FC01F0073
:10A05000060000000000000007000501DF006C089A
:10A06000F129C02600D3007C02F029C437009300F8
:10A070007C00F069C09700DF004C13F005C0248C11
:10A08000D3107C183049C027011F007C30F009C173
:10A09000940293434C03302DC03402DF007C03F064
:10A0A0000DC00F200400000000000000172844012C
:10A0B000DD090403D099403410DB007406D0C94098
:10A0C0007300D108742CD00941B302DD046C0BD0AD
:10A0D0002D400418C0137016B028E16500CD00743F
:10A0E000086035C4B620CB036C03102C407000DD33
:10A0F000007403D00D404F0002000000000000007B
:10A10000032080008D022400D038400600C10034B6
:10A1100063D00040320381023408D828400300CDC8
:10A1200001102E90304800008C037008501060F32E
:10A13000008D80348C40BC02720149040402908C72
:10A14000003200C9003403D00C401F000A00000098
:10A150000000000002007800ED018604D09B406CF6
:10A1600082E901B406D812406F0061A1B404D91A83
:10A17000405B08ED018405D017615D04E901B42559
:10A18000101E646984AD41B407501F407E20F90160
:10A19000A407903F40FA00ED01B407D01E401B0019
:10A1A000020000000000000012002000CF182C0365
:10A1B000F008C10200C3003C03F08C403340820031
:10A1C0003C40F008E03304CD001603F120C8A04065
:10A1D0000D007400504C4003208F0A3C91722CC03B
:10A1E0003200CB080802B40CE03220CF003E03F06E
:10A1F0000CC04B40000000000000000002283D00A1
:10A20000EF40FE03F00AC02B00FF00FC02F20F40FB
:10A210002B007F00F422F28FC03F20FF00FC03F0F0
:10A2200006C01E02F700FE81F00FC0AF00BF00FCA9
:10A2300003B08EC03B02FF00BE23708F803D00FF45
:10A2400000FC03F00FC00B600600000000000000DF
:10A250001030750093007A007009C06500DB003C87
:10A26000067001C0370093807C00F818C06400C7F6
:10A27000011C072014C02500DF007C043041C1B45C
:10A2800001DF147C00900DC0700050006C03F20CD4
:10A29000C03400DF007C03F00DC057000E0000004A
:10A2A0000000000013023102E180B600100A4028CD
:10A2B00020E100B4021002403B80E100B400D00A6B
:10A2C000403888E1008401B006401800ED00F40336
:10A2D000100E422808ED00B002100EC03A00E10056
:10A2E000B403D00EC03B00ED00B403F00E404F208D
:10A2F00006000000000000000000698CE141D64427
:10A30000501F40ED00E901B406501E427B20E18160
:10A31000A40DD21A467C00E581D607521641792059
:10A32000EC01B405501E407904ED01B407D21A4186
:10A33000F800ED21A407D01E607A00ED01B407D02B
:10A340001E400F0004000000000000001220B14475
:10A35000C103740F108C406001C1003402106C48BE
:10A36000B300C1183403D248403020C1000427D2C2
:10A3700024409006C90034AB500C62B104CD0936BC
:10A3800047102C40B204CD003427D034407112CD98
:10A39000003403D00C404B200C00000000000000F3
:10A3A0001320D5007109FC0D70B6C0DD005B007C88
:10A3B000157027C09B107301FC05F047D09C045713
:10A3C00000DC015007401D007F02FC015004509545
:10A3D000004F80F40DF10740DC407D246C01F01744
:10A3E000411A005F007C01F005C05F2006000000FC
:10A3F00000000000120005001F087C00F001C007EB
:10A40000001F007C08F101C207441F027C08F00114
:10A41000C087001F027C00A041C087001F04789005
:10A42000A421C886001F007C28E001C1870012001B
:10A430007000F201C107001F007C007001C04B00DA
:10A440000C00000000000000100075009F014C424D
:10A450003009D024009F007C02F009C0240093053D
:10A460007C02F209C067069D037C02F039C0270A0E
:10A470009D007C02F02DC07401D3054C123119C827
:10A48000640197157C16F009C0240092007C02F04C
:10A4900009C043200C000000000000000128E40077
:10A4A0008D01440210894124109D00744AD0084057
:10A4B000640091017412D02940A7019D03740AD051
:10A4C000494067009D05768ED03941E00091000437
:10A4D000025088C0A6009D027402D128C066409137
:10A4E000007402D0094007000800000000000000CE
:10A4F000182024029D04440216094024089D00747B
:10A5000002D01940640091807402D08D4127009DD3
:10A51000807462D0094027009D887412D0095824A5
:10A52000209100440A100940340095307402D0890B
:10A5300040E60095007402D009406300020000006C
:10A540000000000010003001CD040402100940207A
:10A55000208D003402D00C52644081003402D008B7
:10A56000402300CD003402D0084033088D0034066B
:10A57000C008402000C100110250094222808D0015
:10A580003402D00D40260085003402D808404380B4
:10A590000000000000000000180086021F004C2888
:10A5A0003001C084021F207C00F001C80408520062
:10A5B0007C00F001C007081E007C00F001C00710FD
:10A5C0001F0074A8F801C21440130044003001C0F9
:10A5D000140017007C00F001E0061817007C00F062
:10A5E00001C073C00A0000000000000011A827028B
:10A5F000BF08BD02F00AD02B009F00FC02F00FC084
:10A600002B00BF00FC02F00BC02B009F00F402F8EF
:10A610000BC02F00FF00FC02F108E027009F80AC78
:10A6200003F00AC02F00FF80FC02F20BC02F009B3A
:10A63000007C02F009C067600E000000000000000E
:10A6400010B02700B3004D02F00BC427009300FCAC
:10A6500002F00BC03400B300CD82720BC22C00B3E9
:10A6600000FC02300BC22F00FF00CC02300AC02ECB
:10A6700000BF80BC02310BC02C00B300DC02F00B29
:10A68000C02C009F007C02F009C063000E00000097
:10A69000000000001800074011804401D001400470
:10A6A0000011007400D0014804001000540010058F
:10A6B0004004081100740150014006801D40441000
:10A6C00014054014001D0076001801400500150017
:10A6D0005C00D005C0060019007400D00140732052
:10A6E0000C00000000000000160021009140040250
:10A6F000D00840210081003402D00840250091009C
:10A700000402D0094824008100740210084023008C
:10A710009D00044210086023808D0034020108600F
:10A72000208881401402D0094020208D003602D0BC
:10A73000084043800E000000000000001C222101A0
:10A7400091024402D04940200991007402D019407E
:10A75000B500910144039009402400910074025017
:10A76000094037029D00455210494227029D00745E
:10A7700002102940350195005402D0094026009965
:10A78000007402D0094063200600000000000000B1
:10A790000500E501930A4C02F009E5274093007C8F
:10A7A00002E018D0E14093014E6EF209D0640193AB
:10A7B000407C0A3009C1E7018D00040A3118C02726
:10A7C000009D00742E143940600491035C02F0086F
:10A7D000C024009D407C02F009C017200E0000003C
:10A7E00000000000130035009F007CA6F009C06740
:10A7F000009F007C02F009C236019F407C427089B4
:10A80000C427419F007C66F009C066009F837C429C
:10A81000C009C024009F807C02F039C167209F05D9
:10A820005C16F009C067099F007402F009C0570068
:10A830000600000000000000100085001F004C080A
:10A84000F021C006001F007C40F0E1E087001F01FE
:10A850007C003001C107001F007E20F021C00740AE
:10A8600013007C207481C006011F407C80F001C071
:10A8700087021F127C00F041C007001F007C00F01F
:10A8800001C05320040000000000000010289410B4
:10A890006D884401D006C016005D00F441D0270049
:10A8A000D7046D04B4011136405B027911BE01D0AA
:10A8B00007401F007100DC011117C09C007D07B428
:10A8C00025B036405F027D007401D037409F007C88
:10A8D00000740170054053000200000000000000F9
:10A8E0001020F081CD000403D2BC513200CD0034E1
:10A8F00000D01440B3048D01340C180840F322CD6D
:10A9000001340FD04040F30441091403520C30B01D
:10A9100002CD12300B903040E300CD013403D01C47
:10A9200040B3044D002403D00C4053000A00000043
:10A93000000000000000B8104D108503D00B423B12
:10A940000BED00B402D00A400B00AD00F40A102A4F
:10A95000403B00A9009403D82240DF00F00094039C
:10A96000100E440800ED00B4439002411B006D102E
:10A97000B40BD00A611B046D00B403500E401700E5
:10A980000200000000000000100258002F018C0F90
:10A99000F91EC07A02EF01BC06F01E404B04AF0165
:10A9A000BC06341A407B006F01B407F112C86B007B
:10A9B000E141DC04701EC86808AF01BC07F012C09A
:10A9C0004B00ED01BC07F01AC07B006F01BC07F023
:10A9D0001EC05740000000000000000014A815042D
:10A9E0005F407C43F008E03401DF407C02F009C0A6
:10A9F00007001F003C02F009C037001B007C02F07A
:10AA000001C00300CF006C00F109C027089E00744C
:10AA1000017001C037005F007803F20DC037005F9E
:10AA2000007C03700DC043600600000000000000C1
:10AA300002B06D00BF21FE273016C07A10F301FC72
:10AA4000273017C06B407301CC07F01EC07D10FF8C
:10AA500001FC06F017D07C003F01C813701FD068BE
:10AA600002B309DC07F01F407F02FF09FC26F09FBC
:10AA7000C87C107F01FC07F01FC003000E0000001F
:10AA800000000000150239002D00BC0310064838F4
:10AA900002EB00B40A1082480B066100AC02D00A37
:10AAA000441816ED20B402D086402805AD44C440B9
:10AAB000106E400802A5008412C202400BA0ED886F
:10AAC000B402D10A4019006900B403D00E405720E7
:10AAD000060000000000000004000900AD08B403F7
:10AAE000108F403C00E100F403100A402F003100B9
:10AAF000A403D00F4029006D00B402D002402A10F8
:10AB0000AD008600500E602880A180B403D80A40B2
:10AB10001A20ED18B403D10B4438006D00B403D0F3
:10AB20000E40030004000000000000000220A1020B
:10AB30000D01140F120C41B004C90034021008407A
:10AB400043000110248AD0B44080000D00340AD0A4
:10AB50000C41E2048D11450C1008416000850B2466
:10AB60002ED23040A3040D413403D01460010049BB
:10AB7000003403D00C4013200C0000000000000043
:10AB80001020E500DF12F44F3000C07C04D3007CBD
:10AB9000143081C0570213016C08F039C0F5005F12
:10ABA000003C14C01940A2001E074429403DC0903B
:10ABB00004D3007426E021C12694DF037C16F04DF7
:10ABC000C034205F007C03F00DC057200600000059
:10ABD000000000000100A501DF027C03F409D0356C
:10ABE00000DF007C00F009C087301F087C40F009BE
:10ABF000C3A7005F007C08F031C00500DF007C08BF
:10AC0000F015C08704DF025C0AD001C01700DD0424
:10AC10007C02F009C177005D007803F00DC00700E9
:10AC20000C0000000000000080004D003F10FC43BD
:10AC3000F107D03C00FF00FC00F00BC04F023F00CA
:10AC4000FC00F08BE01C047F08FC407003C02F0068
:10AC5000F300CC00300FC02E013710D4033003C3F3
:10AC60005F00FF80FC86E00BC03F007F00FC03F02C
:10AC70000FC003220C000000000000008128040027
:10AC80005D817403D069403400DD00740C780940A4
:10AC900087081D07740CD0086045805F007404109D
:10ACA0001141C708C1416C007238C0A5011142347E
:10ACB00007100141F702D9037422D01D40F7315D1E
:10ACC000007403D00D4007020800000000000000DF
:10ACD0000120A402DD187403D041403420DD20742B
:10ACE00084D0814017001D217604D0094374245D6F
:10ACF0001074461015626780110144299019403480
:10AD0000201510760E1805401780DD436402D039F7
:10AD10004077005D407403D00D4007000200000042
:10AD20000000000010000000CD003403D0016030AE
:10AD300000CD00340050004003000D003400D00866
:10AD400048010045003402180464230081402400B7
:10AD5000D000400400010074021008420300C90042
:10AD60003402D0080023004D003003D00C40438053
:10AD70000000000000000000000006009D00BC0371
:10AD8000F005C03C20DF207C00D009C007001F0078
:10AD90007C00F0094004005D8074823009C4270003
:10ADA00093004C00B009C4240017007C033401C098
:10ADB00017009E007C02F009C037005F007C03F0A2
:10ADC0000DC003C00A0000000000000001A80F0031
:10ADD000FF00FE03F00FD83F00FF00BC00F00BC0E7
:10ADE0000F002F00FC00F00BC00F007F00FC00BC28
:10ADF00002C20F00AF00CE00700AD02D002F00FC61
:10AE000082F00BC01F003A00F002F20AC00F207F50
:10AE100000FC03F00FC017600E00000000000000EF
:10AE200003A03F00F301FC02700ED07C00FF01FC88
:10AE300007F01FC07F00FF01FC07F01FC07F00FF6D
:10AE400001FC07F017404B003780DC05B117C04FFD
:10AE5000003301CC04D01FC07F00FF01FC07F01FAE
:10AE6000C07F00FF01FC07F01FC00F000E000000B4
:10AE70000000000003087F00D1215C12143D4074E3
:10AE800000DD017407D01D407700DD017407D01D7F
:10AE9000407700DF017407D01D44470011014405CD
:10AEA000100D40072011414404D01D407700DD0102
:10AEB0007407D01D407700DD017407D01D400F20BE
:10AEC0000C0000000000000013A03300C10074411A
:10AED000548C403000CD003403D00C403300CD0002
:10AEE0003403D00C403300CD0014015008482780B3
:10AEF0000580140018044007001D000400D00C4019
:10AF00003300CD003403D00C403300CD003403D0E7
:10AF10000C404F800E0000000000000003A8350028
:10AF2000D1807407100D403400DD007403D00D4053
:10AF30003700DD007403D00D403700D5007403D115
:10AF40008960E700113144851D0D4007001C114444
:10AF5000C4D00D403700DD007403D00D403700DD54
:10AF6000007403D00D400F20060000000000000018
:10AF700022A83700D3007C16700DC03400DF007C9F
:10AF800003F00DC03700DD007C03F00DC03700DD9D
:10AF9000007C03F03DC8430037015C153029C387AE
:10AFA000400F014504F00DC03700DF007C03F00DB9
:10AFB000C03700DF007C03F00DC00B200E00000046
:10AFC0000000000005803500FF005C42F00FC03F2C
:10AFD00000FF00FC03F00FC03F00FF00FC03F00F78
:10AFE000C03F00FF00FC03F10FC00F04BF00FC01D5
:10AFF000F24FC08F0C3300FC00F00FC03F00FF0089
:10B00000FC03F00FC03F00FF00FC03F00FC017006F
:10B01000060000000000000003083904D3007C0F84
:10B02000704DC03500DF007C03F00DC03700DF003D
:10B030007C03F00DC03700DF007C22B02DCA060073
:10B0400013027C09F18DC207029F067C29100DC0F6
:10B050003700DF007C03F00DC03700DF007C03F019
:10B060000DC00F2004000000000000001BA0BC0168
:10B07000D100340F100E403400DD006403D00D40C9
:10B080003700DD007403D00D403700DD007406107A
:10B090000D44C40181093425D03D4043009D127404
:10B0A00005100D403700DD007403D00D403700DD82
:10B0B000007403D00D404F000200000000000000AB
:10B0C00007A03200C1003403502C403100CD0034C1
:10B0D00003D00C403300CD003403D00C403300CDFE
:10B0E000003447908C40020009033404D07C48C3EC
:10B0F000004D023410100C403300CD003403D00C4E
:10B10000403300CD003403D00C401F000A00000083
:10B11000000000000F807802E101B407101E4078A3
:10B1200000ED01A407D01E407B00ED01A407D01E56
:10B13000407B00ED01B427105F404A402911B6441E
:10B14000D01E404B086D81B424101E407B00ED01E1
:10B15000B407D01E407B00E901B407D01E401F0099
:10B16000020000000000000012103000C3003C0389
:10B17000704CC03100CF003C03F00CC03300CF0056
:10B180003C03F00CC03300CF003C01B82CC03200AF
:10B190000B083E20F00CC003020F843C20340CC08E
:10B1A0003300CF003C03F00CC03300CF003C03F071
:10B1B0000CC04B40000000000000000002B8BD08B9
:10B1C000FF00FC03F00FC13F00FF00FC03F00FC0C5
:10B1D0003F00FF00FC03F00FC03F00FF00BC03F086
:10B1E0004EC03D1037A0FC02F00FC81F087F00BC06
:10B1F00020F80FC03F00FF00FC03F00FC03F00FF2E
:10B2000000FC03F00FC00B6006000000000000000F
:10B2100015A83B03D7007C03300FC03500DF007C4E
:10B2200003F00DC03700DF007C03F00DC03700DFF6
:10B23000003C03B07CD104001F007C00D02DC0076F
:10B24000005F007C00300DC03700DF007C03F00D94
:10B25000C03700DF007C03F00DC057000E00000077
:10B260000000000013983900E100B403105E40387C
:10B2700000ED00B403D00E403B00ED00B403D00E4F
:10B28000403B00ED00B403100E401A202DC4B480E2
:10B29000D08E480B00ED80B401120E403B00ED0053
:10B2A000B403D00E403B00ED00B403D00E404F205D
:10B2B000060000000000000001007900E501B4076D
:10B2C000101C407900ED01B407D01E407B00ED0159
:10B2D000B407D01E407B00ED01F446901E4078007C
:10B2E0002D0DB604D13E444B00AD01F405181E40AF
:10B2F0007B00ED01B407D01E407B00ED01B407D008
:10B300001E40070004000000000000001220330867
:10B31000C1007443100C403000CD003403D00C4009
:10B320003300CD003403D00C403300CD00340A107C
:10B330001C40B200CD033404D04C403301CD023464
:10B3400063100C403300CD003403D00C403300CDEB
:10B35000003403D00C404B200C0000000000000023
:10B3600017A015205740FC093005D415005F007C5C
:10B3700001F005C017005F007C01F005C017005FF9
:10B3800000F401B055C4DC017F10FC39F024C81F63
:10B39000007D02BC0D34054017005D007C01F00506
:10B3A000C017005F007C01F005C05F2006000000B0
:10B3B00000000000120083001F007C08F401C00799
:10B3C000001F007C00F001C007001F007C00F0019E
:10B3D000C007001F007C487141C005001F107C0899
:10B3E000F221C006001F107C00F001C007001F0002
:10B3F0007C00F001C007001F007C00F001C04B0082
:10B400000C000000000000001000274093007C0AA0
:10B4100030588024009F007C02D009C027009F0084
:10B420007C02F009C027009F006C06B00DC06704C5
:10B430009F016C06F00DC0240093807C123009C07F
:10B4400027009F007C02F009C027009F007C02F0CB
:10B4500009C043200C000000000000000120A600ED
:10B460009100740E10795024009D007402D00940A0
:10B4700027009D007402D0094027009D003422104F
:10B480000940A703AD0A6CA2704908E0009102745C
:10B490000A10094027009D007402D0094027009D32
:10B4A000007402D0094007000800000000000000FE
:10B4B00018A024009100740A94094025209D40742E
:10B4C00002D0094027009D007402D0094027009D4A
:10B4D000007402144960270099026442D009403484
:10B4E000059118744210094027009D007402D0098C
:10B4F0004027009D007402D0094063000200000054
:10B5000000000000102020018100341290484021EA
:10B51000008D003402D0084023008D003002D00896
:10B520004023008D00740218084023008D042482FB
:10B5300050084024D08100340210084023008D00C0
:10B540003402D0084023008D003402D008404380EC
:10B5500000000000000000001CB0160013007C2852
:10B56000B001C005001F007C00F001C007001F00F3
:10B570007C00F0014007001D007C013301C0070082
:10B580001B406C00F2A1D0841213807C003401C0F7
:10B5900007001F007C00F001C007001F007C00F0C6
:10B5A00001C073C00A0000000000000019B82702A3
:10B5B0009F00BC227089D026009F007C02F009C049
:10B5C00027009F007C02F009C027009F00FC027149
:10B5D00009C02F00BD08DC037009C03F00BF00BCDC
:10B5E00002F009C027009F007C02F009C027009FDD
:10B5F000007C02F009C067600E000000000000003F
:10B6000018802F049300FC42704BD026009F007CD2
:10B6100002F009C027009F007C02F009C027009FAC
:10B6200000BC02F00BC02F00B311FC02F00BD02CB9
:10B6300000BF00DC82F009C027009F007C02F009F7
:10B64000C027009F007C02F009C063000E000000CC
:10B65000000000001C080720114074003421500431
:10B66000001D007400D0014007001D007400D001CF
:10B670004007001D007400D0014007001102440083
:10B68000D1114044001D204400D0014007001D009E
:10B690007400D0014007001F007400D001407320E7
:10B6A0000C0000000000000012A0230081007406BE
:10B6B00054285422008D003402D0084023008D000D
:10B6C0003402D0084023008D003402D008406300CB
:10B6D00091001402D0484320058D000402D0086078
:10B6E00023008D003402D0084023008D003402D0A6
:10B6F00008404B800E0000000000000018A825083C
:10B700009140740211094024009D007002D009404C
:10B7100027009D007402D0094027009D007403D0CB
:10B72000294A376091805422D0094064089C2444FF
:10B7300042D0094027009D007402D009402700959F
:10B74000007402D0094063200600000000000000E1
:10B7500005A8274093007C027409D026009F007C36
:10B7600002F009C027009F007C02F009C027009F5B
:10B77000007C6EF009C0630293117C02F00AC0AC39
:10B78000209F13450AF009C027009F007C02F009A2
:10B79000C027009D007C02F009C017200E000000A9
:10B7A00000000000178021209F007C0E7008C02739
:10B7B000009F007C02F009C027009F007C02F00976
:10B7C000C027009F007C02F149C027009F246C0223
:10B7D000E139C027009F016C0EF009C027009F00CF
:10B7E0007C02F009C027009F007C02F009C05F00C6
:10B7F00006000000000000001408450013007C4013
:10B80000F211D004001F007C00F001C007001F00EF
:10B810007C00F001C007001F007C103001C0071041
:10B820001F027C08F001C844081F8278C83001C09C
:10B8300007001F007C00F001C007001F007C00F023
:10B8400001C05320040000000000000014A05C446C
:10B850005100B411D0074014005D005C01D00540D8
:10B8600017085D007401D0054017005D00F409144D
:10B8700005405F016D0DF405D067485D016D01F075
:10B880000D51054017005D007401D0054017005DA3
:10B89000007401D0054053000200000000000000C9
:10B8A00014A03200C100340CD008443010CD003454
:10B8B00003D00C403300CD003403D00C403300CD16
:10B8C0000034031008403324CD223211D06C407074
:10B8D00008CD123407100C403300CD003403D00CD7
:10B8E000403300CD003403D00C4053000A00000068
:10B8F0000000000005800820E100B401D0004838B5
:10B9000000ED009403D00E403B00EC00B403D00ED9
:10B91000403B00ED00F447900E403B00ED00B44189
:10B92000D0C3400901ED02B447100E403B00ED00CA
:10B93000B403D00E403B00ED00B403D00E4017001E
:10B94000020000000000000015105000E301BC04DC
:10B95000F016C07800EF01BC07F01EC07B00EF01BD
:10B96000BC07F01EC07B00EF01BC05301EC07B0091
:10B97000EF01BC07F016C0C809AF81BC07341EC078
:10B980007B00EF01BC07F01EC07B00EF01BC07F09D
:10B990001EC05740000000000000000010B8050065
:10B9A000DF007C01F005D03700DF005C03F00DC044
:10B9B0003700DF007C03F00DC03700DF007C007033
:10B9C0000DC03700DF007E02F000C007085F403C7A
:10B9D00000F10DC03700DF007C03F00DC03700DF41
:10B9E000007C03F00DC04360060000000000000072
:10B9F00000A05B00F701BC043013C07C10FF01FC09
:10BA000007F01FC07F00FF01FC07F01FC07F00FF91
:10BA100001FC07F09BC07F00F304CC053013C00F7E
:10BA200001B201FC07F89FC07F00FF01FC07F01F77
:10BA3000C07F00FF01FC07F01FC003000E000000E4
:10BA4000000000001588190AE100B409100240380E
:10BA500000ED00B403D00E403B00ED00B403D00E67
:10BA6000403B00ED00B423D00E403B28E1008C2188
:10BA700010A2400F00E100B450D00E403B00ED009A
:10BA8000B403D00E403B00ED00B403D00E4057206D
:10BA9000060000000000000000001900E500F403AB
:10BAA0001006403800ED00B403D00E403B00ED001E
:10BAB000B403D00E403B00ED00B400D00E443F0272
:10BAC000E900E40B1002400B042108B403500E42BD
:10BAD0003B00ED00B403D00E403B00ED00B403D0BA
:10BAE0000E400300040000000000000004281300C2
:10BAF000C10074431004403000CD003403D00C402A
:10BB00003300CD003403D00C403300CD003400D0DE
:10BB10004C403302890104241011410301410334D4
:10BB20000CD00C403300CD003403D00C403300CD9A
:10BB3000003403D00C4013200C0000000000000073
:10BB400015281100D7007C013005D03400DF007CBF
:10BB500003F00DC03700DF007C03F00DC03700DFBD
:10BB6000007C2AF029C02300D9136C093431818765
:10BB70000011127C08F00DC03700DF007C03F00DCF
:10BB8000C03700DF007C03F00DC057200600000026
:10BB90000000000001001700DF007C09F105C2373A
:10BBA00000DF007C03F00DC03780DF007C03F00D68
:10BBB000C03700DF007C0AF009C0A740D7067C0030
:10BBC000F001C487001F067CC0F00D443700DF0081
:10BBD0007C03F00DC03700DF007C03F00DC00700D0
:10BBE0000C0000000000000080081D00F300FC2194
:10BBF000B004803E00FF00FC03F00FC03F00FF4098
:10BC0000FC03F00FC03F00FF00FC00B01BC02F087A
:10BC1000D382FC09F043C00C003F00CC00B00FC839
:10BC20003F00FF00FC03F00FC03F00FF00FC03F0EB
:10BC30000FC003220C00000000000000012056008D
:10BC4000D14074891015403400DD007403D00DC05C
:10BC50003700DD007403D00D403700DD003C8C1050
:10BC60001D40F740D1007403D233C04E000D85440F
:10BC70004CD00D403700DD007403D00D403700DD9F
:10BC8000007403D00D400700080000000000000011
:10BC900001A05400D12074039015403600DD0074DB
:10BCA00003D00D403700DD007403D00D403700DDB8
:10BCB0000074069089406708D90274C1D00140C45D
:10BCC000201D014404D00D483700DD007403D00D61
:10BCD000403700DD007403D00D4007000200000073
:10BCE0000000000010205000C10034011414503135
:10BCF00000CD003403D80C403100CD003403D00C0B
:10BD0000403300CD0054001008403300410034009F
:10BD1000D0006002081D400500D00C403300CD006B
:10BD20003403D00C403300C9003403D00C404380AE
:10BD3000000000000000000000B01600D3007403F3
:10BD4000B205D03600DF007C03F00D403700DF0085
:10BD50007C03F00DC03700DF007400B009C027007D
:10BD6000DB007C02F001C004001F004C00B00DC0DD
:10BD70003700DF007C03F00DC03700DF007C03F0EC
:10BD80000DC003C00A0000000000000005B81F40FD
:10BD9000FF00FC01F007C03E00FF00FC03F00FC0F5
:10BDA0003F00FB00FC03F00FC03F00FF00FC00F071
:10BDB0000FC00B90FF00BC00F003C00F003F40FC21
:10BDC00000F20FC03F00FF00FC03F00FC03F00FF78
:10BDD00000FC03F00FC017600E0000000000000020
:10BDE00003A00F21FF49FC53E00FC13C00BB01DC65
:10BDF00007F013C068003F01DC04701EC64D00BF91
:10BE000001EC047013C06F003301AC067013E04DF9
:10BE1000003B01FC04301BC048002F01CC04F01390
:10BE2000C06C00F301FC07F01FC00F000E00000003
:10BE30000000000001086702DD00F40FD02F407CF5
:10BE400002DD014407D011D064205D414C06101D75
:10BE500040641817015C04B01148442011214406C5
:10BE600010114047009D015404501D404500DD0164
:10BE70004405D11D405500D5017407D01D40072051
:10BE80000C0000000000000010A00300CD003403EF
:10BE9000D04C4131009D001403D0014020009D0092
:10BEA0001400510D6020088D0074005001002540E1
:10BEB0000400540250004001001D0014021008400C
:10BEC00000008D000402D109402500C5003403D0D4
:10BED0000C4043800E0000000000000003A8058015
:10BEE000DD407403D00D603580DD004403D0014097
:10BEF00064085D084406100D42C4001C1054040878
:10BF0000114064001401540750014047009D214234
:10BF1000021C1D004500DD414401D83D40750CD593
:10BF2000007403D00D400F20060000000000000048
:10BF30000028C510DF007403D00DC835008B215CCC
:10BF400003F0318044001F015C15709CC045209FA8
:10BF5000012C155230C1E50157017C067011C0C596
:10BF6000089B203C8F3039C164001E034D0BF01438
:10BF7000C27100D7007C03F00DE00B200E00000022
:10BF80000000000087016D02FF80F803F00FD0363B
:10BF900004FE09FC03F053C03D007F00DC03F00FFA
:10BFA000C00F0C3702D001F003812E2C7B00EC0275
:10BFB000A08FC83F20B800FC13E00FC02F00FF2067
:10BFC000FC27F00FC03F00FF00FC03F00FC81F006C
:10BFD000060000000000000003083500DF045CA339
:10BFE000F00DC8340093187C037019C177009302D8
:10BFF0007C0DF845D055009F225C41F001C0270020
:10C000005F017C4B320DC8350197047C037009E059
:10C01000370A13046C033225C02702DF007C03F0CB
:10C020000DC00F20040000000000000013202408B1
:10C03000DD10F40FD00F40BC01D1007403D00840D4
:10C04000F74041033403F8054174009D007403D0A8
:10C0500021426304CF033443B01D40F70081106CCC
:10C0600007708C403702CB404403B01D40A702DD6F
:10C07000005C03700D404F00020000000000000053
:10C0800007A00200C90000C3D00D023200890334AA
:10C0900003D0004023010D053400D13C4882008CC0
:10C0A000003604D03000E3880D40300051C040031A
:10C0B000020D43061950384093000D0A06009008FF
:10C0C000007300CD003403D00C401F000A000000B4
:10C0D0000000000006804800ED01B407D01C487A3B
:10C0E00080E901B407D012607F026D51B427411F6F
:10C0F000404A002D01B405D016415B00640BF427C3
:10C10000D81E404B08E801A0055816616B08ED25C4
:10C110008627983E617B00ED019407501E401B006E
:10C12000020000000000000012108000CF081C0375
:10C13000F00CC0320089003C237064C033000F2231
:10C140003C01D82CE003028D001C41F0004023008C
:10C150004D283C2A550CC083004D000CCA700C447D
:10C16000B310CDC02E6BA28CC03300CF003C03F0C7
:10C170000CC04B40000000000000000002B80D029F
:10C18000FFC0FC0BF0AFC03D12F708FC03F027C066
:10C190003F203380FC03F80FC00D007F08FC21F026
:10C1A00007C83F207F28F423320FC00B10E600ECB5
:10C1B00023F007C02F00FB04BC23F00FC03F02FF99
:10C1C00000FC03F00FC00B60060000000000000040
:10C1D00015A03700DF007E13F2AD80B70093005C3E
:10C1E00003F051D0000013007C85700DC00700DF04
:10C1F000016E01F801C037005F215C01B001C0375A
:10C20000009D843C05B00DC427005F016C02300D19
:10C21000C83300D3007C03F00DC057000E000000AF
:10C220000000000013883912EDC0B403D00E40B3F3
:10C2300013E1008403D0024038306160B403110E72
:10C24000601B00E9008503D806403B006D009403A5
:10C25000500E401B00EC10A403100E402B00ED000C
:10C260009403500E403B00E100B403D00E404F2039
:10C27000060000000000000003007900ED0194A713
:10C28000D05E627B00E5019407D012407C802141A2
:10C29000F407581E407B00FD418405D11E446B8489
:10C2A000E981B407981E407B00ED01F407101E40A1
:10C2B0007B00ED01C4071016407B04E901B407D0F0
:10C2C0001E400F0004000000000000001228F301CF
:10C2D000CD003403D00C403340C5000403D01C42D1
:10C2E000700141A124271038419308C90A042BD1B9
:10C2F000CC405200CD09348350BC423300CD0024E1
:10C3000047111C60F300CD03144B50BC40B304C96B
:10C31000003403D00C404B200C0000000000000053
:10C3200017A815015F407C01F005C0130047045CAD
:10C3300001F035C158017305FC097037C89F007FB3
:10C3400081CC85D027C09F007F80BC01A106405FC3
:10C35000095F0AF4013427415F047F038C0D3827FD
:10C36000C09B405B007C01F005C05F200600000020
:10C3700000000000120007001F007C00F001000711
:10C380000019027C00D061CA07401F007C40F08188
:10C39000C007011C045C08F001C087011FB24C00FB
:10C3A000F001C587041F006C207001C187201F1A8F
:10C3B0005C28F061C0872017007C00F001C04B00B2
:10C3C0000C00000000000000100A37009F017C12E2
:10C3D000F009C8270193035C02F09DC02700930079
:10C3E0007C16F089C0270293407C4EF159C027018A
:10C3F00093807C06B459802500DB017C02F809C0DB
:10C4000067049F837C8A3059C0240093007C02F02B
:10C4100009C043200C00000000000000012026009D
:10C420009D83741ED00940E61093074402D0294929
:10C43000A70091407416D0094063009100740AD19E
:10C4400019406300910074065059C0A4009703740A
:10C45000C298194027029D00740A10184024019BBD
:10C46000007402D00940070008000000000000002E
:10C47000180024009C067602D0094027049100543D
:10C4800002D009406700950074025029402760914E
:10C49000807442D20909A680D1016212940D5026FF
:10C4A0000091047622D239442700DD00540210099D
:10C4B00041249291007402D0094063000200000000
:10C4C00000000000100020018D003412D0484023ED
:10C4D0000181000402D00840334085003482D00836
:10C4E00040330081003602D008442700C1007403A5
:10C4F00010094030008500340298084023008D0068
:10C500007402100840240089003402D0084043809F
:10C5100000000000000000001C1006001F0A7C0044
:10C52000F2A1C4070013005C00F001C0070017006F
:10C530007C00700180070013807480D001C0064029
:10C5400013807C00B101E0040053007C00D001C0E6
:10C5500017105F007C013001D0040013007C00F054
:10C5600001C073C00A0000000000000019B82702D3
:10C570009F007C22F289C02642A7007C02F008C0FE
:10C580002F00FB00B402F00BC02F00AE00FC02E055
:10C590000BC02F28AF00BC02F40BC02C009700FE8C
:10C5A00002800BC02F00EF00BC82F40BC02F009F55
:10C5B000007C02F009C067600E000000000000006F
:10C5C00010A02700AF00FC023009C42C00B3007C8F
:10C5D00002F00BC028009300CC02F00AC039009F83
:10C5E000008C02300B402F00B300AC03200BC02F97
:10C5F00020B300FC02300BC02B08B740CC02F00B7C
:10C60000C02F0093007C02F009C063000E00000000
:10C61000000000001C0807001D0074001000420408
:10C620001011007400D00150044011004481D00169
:10C63000C0160819004400100148170011004400FA
:10C64000120140070011006400500140070015006E
:10C650005C01D00140070015007400D00140732038
:10C660000C0000000000000010A023008D20340208
:10C67000140844300885003402D01840240091206A
:10C680000402D0094021009D001402520C422700F0
:10C6900095002402440C402700C1005602100840B7
:10C6A000230091200402D00840270085003402D0E6
:10C6B000084043800E0000000000000018AA250476
:10C6C000DD007403100950244095047402D0194011
:10C6D000740091084502D039402600990255124055
:10C6E0001948274095004452106940272491206042
:10C6F0002A508940270295405402D04941A700950D
:10C70000007402D009406320060000000000000011
:10C710000528E5009F007C023009C0200097007CBE
:10C7200002F038C0200193004C22F029D025028F5E
:10C73000425C167159C06300870D6C023229C02318
:10C74000009300180E3009C0A70187024C06F0299B
:10C75000C0274097007C02F009C017200E0000009F
:10C76000000000001500651A9F003C42E008C82741
:10C77000089B006002F009CC2720DF006C06F0095E
:10C78000C067089F246C82B409C0E7049B017C4207
:10C7900090098467459F046006F009C027249F180C
:10C7A0005C12F009C067019A007C02F009C05700D2
:10C7B0000600000000000000140885001F2058003B
:10C7C0007001D004011F107C00F001C107001302AA
:10C7D0007C18F021C0040013007C103021C20740F7
:10C7E00013007C085001C407021F806CC0F801C30D
:10C7F0000700134A7C40F031C0070013007C00F0B2
:10C8000001C05320040000000000000014201400A8
:10C810007C2FC4011205409C007C017401D0174399
:10C820001F004511F409D016419C045100B40910B1
:10C8300027401F007092B40512A7401F207D00DC26
:10C8400001D907411B197A02F40DD047421B005B46
:10C85000007401D0054053000200000000000000F9
:10C8600014A03218CC001423140C483028CC033404
:10C8700003D00C401140C101340BD01C55B004C191
:10C88000003407400C41F300C92634070C0C42B3B6
:10C8900000CD86242CD02C403310C1033683C01425
:10C8A000401302C8003403D00C4053000A000000BB
:10C8B0000000000004803808ED41A483100E4809F0
:10C8C00000ED30B403D006401B0CE500B402D80BD9
:10C8D000405C00E100B40B5006409B00E900B4430B
:10C8E000100A423B00ED009400D00E443F00E800E7
:10C8F000B443D006400F00E900B403D00E40170047
:10C90000020000000000000014107800EF011C87F6
:10C91000701EC15800EF21BC07F01EC04B00E301A0
:10C92000BC05F01EC07800E301BC05741E407B000E
:10C93000EB01BC075A1EC47B00AF61AC07D01EE4FC
:10C940007B00E301BC07F016C04B08EB01BC07E01D
:10C950001EC05740000000000000000010B8350065
:10C960005F005C03C34DC006005F007C03F10DC097
:10C970000708DF147400F009C43750DF007C00B0F2
:10C9800001C4130017007E83D00D801700DF007CE8
:10C9900000E001E01700DF007003F101C02300DFB9
:10C9A000007C03F00DC043600600000000000000A2
:10C9B00002A07F02FF41B434321FC16F20FF81FC0F
:10C9C00007F09FD05C00FF01FC27F01EC06900F358
:10C9D00089BC06309AC07A02F301FC27301BC05C88
:10C9E00000BF01BC053013407F08FD09FC27F09310
:10C9F000C04B02F309FC07F01FC203000E00000049
:10CA00000000000015883902AD08B423114E4C2BEC
:10CA100000ED08B403D00A400802ED80B402D00A49
:10CA2000402801EF00B4201282500803E120B43204
:10CA30001182480812AD08B4005002423B05EF00D5
:10CA40009C03D002400B03E500B403D00E405720F6
:10CA5000060000000000000000003988ED00B4105E
:10CA6000100E401B006D00B403D00E400800ED0016
:10CA7000B481D80A413908E102B6001002420C081C
:10CA8000E500B4035C0B401800AD00B40010024098
:10CA90001A10ED92B403D002410F14E120B403D078
:10CAA0000E40030004000000000000000628B3A0B0
:10CAB0001C003403140C4003004D003403D0284103
:10CAC0004000CD023448D018402000CD0934001178
:10CAD0001044C002050334421024480002CD09343A
:10CAE0003C51B040E300C501160FD00040F300C533
:10CAF000003403D00C4013200C00000000000000A4
:10CB000014A8B501DD407C00100FC23700DF857C22
:10CB100003F03DC090145F497C03F00DC07502C363
:10CB2000007C093001C12010C7063C03147C40E49E
:10CB30000ADD407C08302D40B6105D237C43F010A8
:10CB4000C08300D3007C03F00DC057200600000016
:10CB50000000000001003310DF027C00F00D4017E0
:10CB6000009F427C03F085C49701DF836C2AF1218A
:10CB7000C0F700DB007C60F001C40501DB007C072E
:10CB8000F229C02708DF026C00F109C037011F80BD
:10CB90007C13F041C00704DF007C03F00DC00700E8
:10CBA0000C0000000000000080083F04B301CC1717
:10CBB000300FE4BF003F00FC03F00BC0BC0073016A
:10CBC000CC00F007D03C00FF00CC15D003C00C0017
:10CBD000F310CC02740FC10D00BF10F401F00FC1AF
:10CBE0007F093700FC03D023C00C08F300FC03F0DE
:10CBF0000FC003220C00000000000000812036005E
:10CC0000110A0507100D4057001D017403D8184084
:10CC10001408C1024C04D010407404DF004404D056
:10CC20001040C440114E444E321144C4001D0570E2
:10CC300048D0114057009D43644FD011C06600DBBF
:10CC4000007403D00D40070208000000000000003F
:10CC500001203440D1204400140D40A7009D0670EF
:10CC600003D01D401420110A440DD011436410DD7F
:10CC7000004408D01160E500D0406413101941C58C
:10CC8000001D016481D0114027105D117407D00987
:10CC9000604400D1007403D00D4007000200000082
:10CCA000000000001000300001000400100C4023C0
:10CCB000108D003403D008400408D1000500D001D5
:10CCC000402000D5000500D010500410D5004400CD
:10CCD00090004400800D003400D0004823800D20D7
:10CCE00024039010400600C9003403D00C40438058
:10CCF00000000000000000000010360093004C000F
:10CD0000300F4037001F007C03D009C034001300EF
:10CD10004C00F101C02400DD004C00F001C0050012
:10CD200013004C023009C405201F207400D101C03B
:10CD300017005E007C01F001C00400D3007C03F00A
:10CD40000DC003C00A0000000000000005B83F004D
:10CD50003F00FC03F10FC83F103F00FC03E00AC096
:10CD60000F00FF00D800F003C02F08FF00FC00F008
:10CD700003C20F003B00BC024002E00F003F00FC7A
:10CD800000F003C42F103F20EC00F003C02F00FF81
:10CD900000FC03F00FC017600E0000000000000050
:10CDA00003A03F00F301FC033017C07800BF01FC73
:10CDB00007F01FC47F00FF01FC07F01FC07F00FFCA
:10CDC00001FC06F01BC04C00B301AC047013C04D55
:10CDD000002301C807F01FC07F00FF01FC07F01F00
:10CDE000C07F00FF01FC07F01FC00F000E00000015
:10CDF0000000000001087F00D10174271215407463
:10CE0000009D017407D01D407700DD017407D01D1F
:10CE1000407710DD217406D019404420914144042C
:10CE2000121140442011214407D01D407700DD013C
:10CE30007407D01D407700DD017407D01D40072026
:10CE40000C0000000000000010A03300C1003407F7
:10CE500010054030008D003403D00C403300CD006D
:10CE60003403D00C403300CD00340050094400801E
:10CE7000D18024005A01400600D5000403D00C40A4
:10CE80003300CD003403D00C403300CD003403D048
:10CE90000C4043800E0000000000000003A8350095
:10CEA000D120740710054074009D007403D00D401C
:10CEB0003700DD207403D00D403700DD007408D04A
:10CEC00009444424D161440C500144C600D50042B9
:10CED00003D00D403700DD007403D00D403700DD76
:10CEE000007403D00D400F20060000000000000079
:10CEF00000A83700D3007C033005C074009F887CF5
:10CF000003F10DC03700DF007C03F00DC03700DFF8
:10CF1000807C2AF03DD1C400C3012C04703140C292
:10CF20000017024C03F00DC03700DF007403F00D52
:10CF3000C03700DF007C03F00DC003200E000000AE
:10CF40000000000007803900FF007C03F197C03F1C
:10CF500000BF00FC83F00FC03F00FF00FC03F00F98
:10CF6000C03F00FF00FC06D03FC00F00FE10FC02D7
:10CF7000B083D00C803B04FD03F00FC03F00FF00E6
:10CF8000FC03F00FC03F00FF00FC03F00FC01F00C8
:10CF9000060000000000000003083D00D3007C03F1
:10CFA0003005C0240093007C03F00DC03700DF0083
:10CFB0007C03F00DC03700DF007C3B700DC006081D
:10CFC0005F006C4AF229C08720DF425C03F10DC08C
:10CFD0003700DF007C03F00DC03700DF007C03F07A
:10CFE0000DC00F20040000000000000013A03C044E
:10CFF000D10034131014417404D1007403D00D40D7
:10D000003700DD007403D00D403700DD00740BD015
:10D010004C40101ADD02441210B8411702CD1944D9
:10D0200003D00D403700DD007403D00D403700DD24
:10D03000007403D00D404F0002000000000000000B
:10D0400007A07200C1003483102441B00481003471
:10D0500003D00C403300CD003403D00C403300CD5E
:10D060000034001008408200CD0024089230008374
:10D07000820D033437D00C403300CD003403D00C84
:10D08000403300CD003403D00C401F000A000000E4
:10D090000000000006807000E101B4061016407820
:10D0A00000A101B407D01E407B00ED01B407D01EE3
:10D0B000407B00ED01B427D09A406804FD05840749
:10D0C0009892484B102D01B627D01E407B00ED01F1
:10D0D000B407D01E407B00E901B407D01E401B00FE
:10D0E000020000000000000012103000C3003C01EC
:10D0F0003004C8904083003C03F00CC03300CF00E4
:10D100003C03F00CC03300CF803C007908C202021F
:10D11000CF102E02F020E003810F043C23F00CC05E
:10D120003300CF003C03F00CC03300CF003C03F0D1
:10D130000CC04B40000000000000000002B8BD0021
:10D14000FF00FC03F582C03F02BF08FC03F00FC0E4
:10D150003F00FF00FC03F00FC03F00FF00FC81FA1E
:10D160000AE82F10EF44DE037003C00F00FF00CC6D
:10D17000A3F00FC03F00FF00FC03F00FC03F00FF13
:10D1800000FC03F00FC00B60060000000000000070
:10D1900015A03B02D3007C003415C034009F014C25
:10D1A00003F00DC03700DF007C03F00DC03700DF57
:10D1B000007C00B005C00500CE014E80F810445040
:10D1C0000013010C07B20DC43700DF007C03F00D23
:10D1D000C03700DF007C03F00DC057000E000000D8
:10D1E0000000000013883900E14034021006403886
:10D1F00000AD008403D00E403B00ED00B403D00E20
:10D20000403B00ED00B403100E403800ED008603F3
:10D21000D00A4018202B108403120E403B00ED0072
:10D22000B403D00E403B00ED00B403D00E404F20BD
:10D23000060000000000000003007940E101B44551
:10D24000101740F800BD018407D01E407B00ED019F
:10D25000B407D01E407B00ED01F405101F444900C7
:10D260007D019407D01A445C00E1018407501E4000
:10D270007B00ED01B407D01E407B00ED01B407D068
:10D280001E400F00040000000000000012283300C0
:10D29000C1003403122C4170008D000403D00C40F7
:10D2A0003300CD003403D00C403310CD40340F1484
:10D2B000C8403010CD020407D23C41B001C9270458
:10D2C00003500C403300CD003403D00C403300CD6C
:10D2D000003403D00C404B200C0000000000000084
:10D2E00017A815005300FC013067D01C005F014DEA
:10D2F00001F005C017005F007C01F005C017005F5A
:10D3000000BC1DB017C01D017F04CD49D117C29CC0
:10D310000153034C017405C017005F007C01F00548
:10D32000C017005F007C01F005C05F200600000010
:10D3300000000000120003001F003C00F121C007A4
:10D34000001F087C00F001C007001F007C00F001F6
:10D35000C007001F007C407001C887001F107C4878
:10D36000F281D887201F287D00A001C006001F0081
:10D370007C00F001C007001F007C00F001C04B00E2
:10D380000C000000000000001008674293007C427F
:10D390003089C0A7249F007C02F009C027009F00AD
:10D3A0007C02F009C027009F007C023009C02400E5
:10D3B0009F057C122089C02702DE807C06F009C010
:10D3C00027009F007C02F009C027009F007C02F02C
:10D3D00009C043200C0000000000000001202600CE
:10D3E00091007402103940E70097007402D00940A0
:10D3F00027009D007402D0094027009D00744A1048
:10D40000A84024009D02340610194127209D017474
:10D4100022D0094027009D007402D0094027009DBA
:10D42000007402D00940070008000000000000005E
:10D430001880240091007606140D4227049D007484
:10D4400002D0094027009D007402D0094025009DAC
:10D4500000740608094024229D407402540948279C
:10D4600010D90A7402D1094026009D007402D00927
:10D470004027009D007402D00940630002000000B4
:10D480000000000010202001810034121008402309
:10D490000085803402D0084023008D803402D008FB
:10D4A0004023008D0074021009403000CD00740349
:10D4B00050084033008D203402D0084023008D00F6
:10D4C0003402D0084023008D003402D0084043804D
:10D4D00000000000000000001DB0060013007C00EA
:10D4E0003005C007001F007C00F001C007001F00CE
:10D4F0007C00F001C005001F007C003405C0040062
:10D500001F007C007001C007001B007C00F101C0FF
:10D5100007001F007C00F001C007001F007C00F026
:10D5200001C077C00A0000000000000019B82702FF
:10D530009F00FC22F20AC82F00A7007C82F009C0DD
:10D5400027009F007C02F009C027009F00BC03F069
:10D550000AD02F00FF00FC02B00BC42F008E007C0D
:10D5600002F009C027009F007C02F009C027009F3D
:10D57000007C02F009C067600E000000000000009F
:10D5800019A02F049300FC02200BC02F0093007CF5
:10D5900002F009C027009F007C02F009C027009F0D
:10D5A00000FC02F00BC02E00B700BE02F00BC02F33
:10D5B00040B300CC02F009C027009F007C02F009B4
:10D5C000C027009F007C02F009C067000E00000029
:10D5D000000000001C080700118074801201480739
:10D5E0000011007400D0014007001D007400D0013C
:10D5F0004007001D007400D0014004001180760037
:10D60000D00140172011005400D1014007001D0037
:10D610007400D0014007001D007400D00140732049
:10D620000C0000000000000010A023208120340224
:10D63000101840770089403402D0084023008D0044
:10D640003402D0084023008D003402D0084024204A
:10D65000CD803402D00842230089213482D0084092
:10D6600023008D003402D0084023008D003402D006
:10D67000084043800E0000000000000018A82500AC
:10D6800091007406100940270099017402D00940E6
:10D6900027109D007402D0094027009D007492D08D
:10D6A0008950262099807446D00940270099215638
:10D6B00002D0094027009D007402D0094027009D38
:10D6C000007402D009406320060000000000000042
:10D6D00005A8270093007C423409C823409B007CA6
:10D6E00002F009C027809F007C02F009C027009F3C
:10D6F000007C0EF078C262009F027406F119812747
:10D70000128B435C02F0094027009F007C02F00965
:10D71000C027009F007C02F009C017200E00000007
:10D7200000000000158021409F003C02F149C42701
:10D730000197807C02F009C027009F007C02F0095D
:10D74000C027009F007C06F209C1650297027C0297
:10D75000F049C9270095007E02F0094026009F008D
:10D760007C02F009C027009F007C02F009C057002E
:10D7700006000000000000001408054813007C00AB
:10D780003001C507011F007C00F001C007001F2009
:10D790007C00F001C007001F007C08F021C047009A
:10D7A0001F866C383021C087041F047C20F001C024
:10D7B00007001F007C00F001C007001F007C00F084
:10D7C00001C05320040000000000000014A0140059
:10D7D000510074811127429F005D007401D0054003
:10D7E00017085D007401D0054017005D00F405D0F6
:10D7F00037411C017D00DC091007401B117710F038
:10D8000005D0054017005D007401D0054017005D8C
:10D81000007401D005405300020000000000000029
:10D8200014A07200C10034071020402300CD003640
:10D8300003D10C403300CD003403D00C403300CD75
:10D84000003407D034407308CD023407143C007311
:10D8500000C9023413D00C403300CD003403D00C87
:10D86000403300CD003403D00C4053000A000000C8
:10D87000000000000580A000E140B40A9102412BA5
:10D8800000ED00B403D00E403B00ED00B403D00E19
:10D89000403B00ED00B409D8034039006D00F605A7
:10D8A0001822481B10E500B403D00E403B00ED00E9
:10D8B000B403D00E403B00ED00B403D00E4017007F
:10D8C000020000000000000015106840E3013C0663
:10D8D0003416C06B00EFC1BC07F11EC07B00EF0126
:10D8E000BC07F01E407B00EF01BC06D01EC86B08D1
:10D8F000EF01BC853312C25BA0EF21BC07F01EC054
:10D900007B00EF01BC07F01EC07B00EF01BC07F0FD
:10D910001EC05740000000000000000010B82500A5
:10D92000DF207C027101C83700DF007C03F00DC0EE
:10D930003700DF007C03F00DC03700DF007C83F18F
:10D9400008E006001F205E00F001C00700DF007C39
:10D9500002F00DC03700DF007C03F00DC03700DFA0
:10D96000007C03F00DC043600600000000000000D2
:10D9700002A06F00F301FC06229BC04F02FF09FCCE
:10D9800007F01FC07F00FF01FC07F01FC07F00FFF2
:10D9900001BC07B41BC25E026F49CC04D093404B5C
:10D9A00002F309CC27F01FC07F00FF01FC07F01F26
:10D9B000C07F00FF01FC07F01FC00B000E0000003D
:10D9C000000000001588294AE148B422108244ABC7
:10D9D00020ED20B403D00E403B00ED00B403D00E88
:10D9E000403B00ED00B401104A850A022D0A842054
:10D9F000D082400B26E5989401D00E403B00ED000C
:10DA0000B403D00E403B00EF00B403D00EC057204B
:10DA1000060000000000000008002100E100B40240
:10DA200010024CAB94ED40B403D00E403B00ED002F
:10DA3000B403D00E403B00ED00B44A100A008A2621
:10DA40006D009600D002400F00E1888402D80E409D
:10DA50003B00ED00B403D00E403B00ED00B403D01A
:10DA60000E40030004000000000000000628230010
:10DA7000C10034461820406380CD003403D00C40F0
:10DA80003300CD003403D00C403300CD00340210FD
:10DA9000184002200D101664D060444304C50614DB
:10DAA00000D00C403300CD003403D00C403300C50F
:10DAB000003403D00C4019200C00000000000000CE
:10DAC00014A83500D3007C061071C02300DF007C51
:10DAD00003F00DC03700DF007C03F00DC03700DF1E
:10DAE000007C0A202DC46600DF025D00F015C0270F
:10DAF00000D3014C02F00DC03700DF007C03F00DB5
:10DB0000C03700DD007C03F00D405320060000000C
:10DB10000000000009002300DF007C22F201C0A702
:10DB200000DF017C03F00DC03780DF007C03F00DC7
:10DB3000C03700DF807C007029C1A7001F206C085F
:10DB4000F031C807209F627C02D00DC03700DF0093
:10DB50007C03F00DC03700DF007C03F00DC0070030
:10DB60000C0000000000000009082F40F3007C02B8
:10DB7000F003C16F42FB00FC03F00FC03F00FF0049
:10DB8000FC03F00FC03F00FF00FC02F00BC40C00D0
:10DB90007F00FC00F003C00C00FF00CC82F20FC03D
:10DBA0003F00FF00FC03F00FC03F00FF00FC03F04C
:10DBB0000FC007200C00000000000000812026009C
:10DBC000D1007402D131416700D3007403D00D40FD
:10DBD0003700DD007403D00D403700DD007486B1DE
:10DBE0001840C50C1D035C14D0004044000C634475
:10DBF00006D00D003700DD007403D00D403700DD86
:10DC0000007403D00D40070208000000000000006F
:10DC100001802400D10074125011402700D10074FB
:10DC200003D00D403700DD007403D00D403700DD18
:10DC3000007406D8194144005D017404D0214044A9
:10DC400000DD034406D00D403700DD007403D00D25
:10DC5000403700DD007403D00D40070002000000D3
:10DC60000000000010202000C1003602D000402338
:10DC700000C1003603D20C603300CD003403D00C59
:10DC8000603300CD003400D0084001000D40140086
:10DC9000D0014C00008D000400D00C403300CD00BA
:10DCA0003403D00C403300C9003403D00C40428010
:10DCB000000000000000000001B02600D3007C82BC
:10DCC0007801C02710D3007C03F00DC03700DD00C1
:10DCD0007C03F00D403700DF007C02F009D0040027
:10DCE0005F007C00F001D004009F004C02F10DC0E9
:10DCF0003700DF007C03F00DC03700DF007C03F04D
:10DD00000DC007C00A0000000000000005B82F0089
:10DD1000FF00FC02F003C02F00F700FC03F00FC06F
:10DD20003F10FF00FC03F00FC03F00FF00FC02307B
:10DD30000AC20F003F00DC00F003C00F00AF00FC80
:10DD400000F20FC03F00FF00FC03F00FC03F00FFD8
:10DD500000FC03F00FC017600E0000000000000080
:10DD600083A08F003F08FCC03013C05D00F701FCAA
:10DD700007F01FC06F003701DC04F013C07F20FFE5
:10DD800041BC07B013C85F082341A4077113C468DE
:10DD9000003301FC04F012C078003F01CC043013C2
:10DDA000C04C00F301FC07F01FC00F000E00000084
:10DDB00000000000011887001DE87408101140548D
:10DDC00000D1017407701D40774011414404D01107
:10DDD000404700DD817406C0114047401104408572
:10DDE0001115506400DD017404D0154075209F8129
:10DDF00054075219424500D5017407D01D40072031
:10DE00000C00000000000000100281010D80345061
:10DE10001801401500C5003403D00C4033005100F8
:10DE200004009000403320CD803601D00040172000
:10DE30000550240301056822000D003400500048FD
:10DE400030200D0006001808600000C1003403D027
:10DE50000C6243800E00000000000000032015004B
:10DE6000DD4174475401405500D1007403D00D408A
:10DE7000370051004506D811003700DC007400D08F
:10DE800065404700515040051015447604DD00649C
:10DE9000A2D80D4035A195015487508940C500D5C1
:10DEA000007403D00D400F200600000000000000A9
:10DEB00082A8E7031F017C0630A9C0D100D7007CEF
:10DEC00003F00DC0330017425C4CF01DC03700DF7B
:10DED000007C4FB001C0D70413002C0E313001E696
:10DEE0002017897C10F04CC0B4004D030C0C301886
:10DEF000C0C000D3007C03F00DC00B200E0000005A
:10DF00000000000005800D007F00FC01B21BC10E67
:10DF100000FF00FC03700FC03F007F05FC41D10FE4
:10DF2000C03F00FF20FC27D013C03F00FF43FC0090
:10DF3000940FC13D083400FC05F08FC87F00FA0043
:10DF4000F803F01BC00F00FF00FC03F00FC61F001A
:10DF50000600000000000000030805089F427C1A2C
:10DF6000F029C09404D3007C03F00DC037005304A3
:10DF70007C20F02DC03700DF007C033041C017004B
:10DF80009F205C023205C0262113047C03B025C00B
:10DF9000B50A5F0A4C3031E9C20508DF007C03F0A6
:10DFA0000DC00F20040000000000000013A0042496
:10DFB000DD0C740FD03801D480D1007403D00D4033
:10DFC00037404101740B700D40B706DD0074071037
:10DFD0007D405301DD005644103DE1F0189025745A
:10DFE00027D1ADC47600D1086C0FB029C00604DD7E
:10DFF000007C03D00D404F00020000000000000034
:10E00000032042218D007000D03010D202C1403474
:10E0100003D00C412200810A3408D00040B308CD5F
:10E0200000343F12104013801D05044B121050E1C4
:10E030002001023004D02848A0018503240298085A
:10E0400040C201CD003403D00C401F000A00000084
:10E050000000000006086A002D01B444D012405AA6
:10E0600040E101B407D01E407B022109B4255016BF
:10E07000404B00ED08B4071082405B88BD999425A1
:10E080001292406C15E101B407D01F605A08E101FB
:10E09000A407901A404A00ED01B407D01E401B00AF
:10E0A000020000000000000012103200CF0A3C0302
:10E0B000F000C01200C1003C03F00CC0B3024302E8
:10E0C0003C02F024C83320CF0836133000C01302BE
:10E0D000CE00140B320048314000043441F00C41B2
:10E0E000B02047822E09B128C00300CF003C03F0C6
:10E0F0000CC04B40000000000000000002A83D20C2
:10E10000FF00F003F20EC03900FF00FC03F00FC067
:10E110003B027F40FC03F00FC03F00FF0CFC03F00C
:10E120004FC41F00FF00FE01E502C21E01FF00F008
:10E1300023F00FC01F00E708BC23F08AC00F00FFC8
:10E1400000DC03F00FC00B600600000000000000C0
:10E15000102025005F207C01F019C01500DF007C35
:10E1600003F00DC03600D3C05C00701DC07100D735
:10E17000003C0330105014005F0054025000C47083
:10E18000001B041C023009C0F389D3C14C83F00981
:10E19000C00300D3007C03F00DC057000E00000048
:10E1A00000000000131829026D00B401D10A4018C4
:10E1B00000EC00B403D00E40380061408001100E26
:10E1C000443800E140B4031006401908FD00840102
:10E1D00010064038802508B483540E401B04E50027
:10E1E0009403D00A400B00E500B403D00E404F204A
:10E1F00006000000000000000402F900ED03B6076D
:10E20000D11A605900ED01B407D01E405800718347
:10E21000D406581F417900ED01F4C702134259009A
:10E22000ED01960750174079002103B407101E60D6
:10E230007E04F9418407D01A404B04E101B407D0B1
:10E240001E400F00040000000000000016207101B5
:10E25000CD03341BD00C403000CD003403D00C581B
:10E26000B24041010403101C407004C900341F1067
:10E270005C40D100DD8A040B101440B102C50334A8
:10E280001F105C441330CD00140FD1FC403300C587
:10E29000003403D00C404B200C00000000000000B4
:10E2A00017A817007F23FC19F007C05D045F007CEE
:10E2B00001F004C05A4163019C057037C09D005FA6
:10E2C00000FC0D3057C01C127F82DC1D5127491DF8
:10E2D000405300FC1D3047C017007B03CC2DF827AE
:10E2E000C2DF0053007C01F005C05F200600000083
:10E2F00000000000128005001F827C08F201C9079F
:10E30000001F007C00F021C005041F827C28E00172
:10E31000C1070217207C08F421C806021F027C00F6
:10E32000F0419006001F467C00F001C087001718DE
:10E330007C20F821C287041F007C00F001C04B0044
:10E340000C000000000000001008750183120C0E84
:10E350003019C067019F007C02F029C0A40093011E
:10E360006C02B009C027009F807C166029C0A700FE
:10E370009F144C52E009C06505D60870863019C05C
:10E3800037009FC07C02C209C0270093007C02F0C6
:10E3900009C043200C000000000000000120A6047A
:10E3A0009580454A100941A7009D007402D0595438
:10E3B000E441910A4402300940E7109D00340A000C
:10E3C000294927009D030402101842E4049C833469
:10E3D00006141940A7049D00740AD2B9C521019101
:10E3E000007402D00940070008000000000000008F
:10E3F0001CA2200091404402104D4837849D0074B7
:10E4000002D0096024009102642A92094027029DEB
:10E4100000740A10094027109C004402928940248D
:10E42000009D00769A10496027009D007402D00973
:10E4300040270091007402D00940630002000000F0
:10E440000000000014282011850424121008402325
:10E45000008D003402D00860200081804402100842
:10E460004033808D00360214080023008C00040223
:10E470000208402020CDA0340210080023808D0027
:10E480003482D10840252081003402D008404380E6
:10E4900000000000000000001CB08602530A4C2857
:10E4A0003001C007001D007C00F001C004401300D3
:10E4B0006800B001C007001F807C003001C0070069
:10E4C0005F0A4C00B201E004001F0074003001C07C
:10E4D00007001F007C01F001C0074013007C00F022
:10E4E00001C073C00A0000000000000011A827024C
:10E4F000BF08DC22F40AC02F009F007C02F008C491
:10E500002B00AF00BC02700AC02F209C00FC02B0A0
:10E510000BC02F08BF00B502B00BDC2F909F00F49A
:10E5200002D00BC02600EF40FC03F20BC02D009F71
:10E53000007C02F009C067600E00000000000000CF
:10E5400018A02700B340C402F00BC02F009F007C2E
:10E5500002F00BC02800B300CC02F009C02B2097BA
:10E5600020BC02700AC02B00B3089C02320A402C67
:10E5700010B300B8823009C226009B003C02F009AB
:10E580008024109F007C02F009C063000E00000090
:10E59000000000001C1807401B004401D201400786
:10E5A000001D007400D001C0064011006C00D001B5
:10E5B00040070011007480020148175011204400E8
:10E5C0003001C0160015806C00500140040011009D
:10E5D0007400D001401D001D007400D00140732064
:10E5E0000C00000000000000120021008140170212
:10E5F000D0084023008D003402D008402408912028
:10E600000502D008402700858034025808402300C6
:10E61000810014871C0940260081006402500A40D2
:10E620002A80A900B402D00B4029108D003402D0FA
:10E63000084043800E0000000000000018202580E4
:10E6400091025422D0A94027009D007402D00944B1
:10E650002604910A4403D03940A7029100740210A5
:10E6600029402720918844021149402601940266DE
:10E670002A508B442C02B140F402D00B402D019D56
:10E68000007402D009406320060000000000000072
:10E6900005AAA70391005C0AF029C027019F007C0E
:10E6A00002F009C024009301441AF009C0A30097A6
:10E6B000003C1250392227009312182E11094022D3
:10E6C0002893632E063039E166009B0B7C2EF009FF
:10E6D000C1A5009F007C02F009C017200E000000B9
:10E6E00000000000138075009F236C02F009C4E74E
:10E6F000049F007C02F009C427059F007D02F009F9
:10E70000C467009F007C02F039C027009F007C0690
:10E710006009C227109F025C06B519C167009F20DF
:10E720007C02F059C227009F807C02F009C057008C
:10E730000600000000000000100881001F087C2077
:10E74000F021C107001F007C00F001C107C01306C3
:10E750006C08F001C0070013207C183041C0050090
:10E7600013036D00B181C0040117005C003123C2A6
:10E770000F003F00FC803023C08F001F207C00F082
:10E7800001C05320040000000000000014A0940009
:10E790007D0BF0A5D007401F005D007401D006403E
:10E7A0001BC06103CC01D00540DF245B00F40130C5
:10E7B000274098047105C42910A6401C116104E487
:10E7C0000110244053005D107411B0044817045D1B
:10E7D000007401D00540530002000000000000005A
:10E7E0001420F201DD20300BD0BC40B302CD003448
:10E7F00003D02C483332C1012603D00C40D301C1D1
:10E8000000342794BC40B301D101340B142C407068
:10E81000A0C5303407902C403302CD003403000CE7
:10E82000007300CD003403D00C4053000A000000F8
:10E830000000000001082A04ED00B483D00A403B28
:10E8400000ED00B403D00E413F0061028403D00EFE
:10E85000443B00E900F403101F403D0065009603AF
:10E860001A0E520C00F400A40B9002600B082D004D
:10E87000F4049002000B10ED00B403D00E4017001A
:10E88000020000000000000011105A00EF01BC87D8
:10E89000F016405B00EF01BC07D01EC07B00E10119
:10E8A000AC07F01EC05B00E301BC07B016C87B409C
:10E8B000F301BC87301EC07800E5019C07B41AC084
:10E8C0005B00EF01BC053012C45B04EE21BC07F015
:10E8D0001EC05740000000000000000010A8850086
:10E8E0009F007C02F005C81700DF007C03F00DC01C
:10E8F00037408F005C00F00DC01700DF007C03F094
:10E9000001C036005B406C03700D4013000B005CCF
:10E91000837105C027001E407C02F00DC0A700DFF8
:10E92000007C03F00DC24360060000000000000000
:10E930000020ED00FF01FC07F09FC04D02FF01FC2D
:10E9400007F01EC06C00FF41BC07301F845F08FF4A
:10E9500001BCA7319FC05B006301CD37721F907C63
:10E9600020FB018C072097C06C00BF49FC06F89F74
:10E97000C06C00FF01FC07F01FC003000E00000088
:10E980000000000015182908ED00B42BD00AC0388B
:10E9900000ED00B403D02E442801AD189C03100EE6
:10E9A000401B00EF00B43942CE400B042B40842BB7
:10E9B000100EC02802E5088442B00A4818206D20D5
:10E9C000B491D002C01A00ED08B403D00E40572015
:10E9D000060000000000000000001900ED00B40374
:10E9E000D00F448900ED00B403D00E403808ED008C
:10E9F000A403500E401B04ED00B4020202420F00BB
:10EA00003900C412518E403C00E110C42310036150
:10EA10000B02AD42B400D203400800ED00B403D0B5
:10EA20000E4003000400000000000000042043002A
:10EA30000D0D3428D02C411200CD003403D00C40F1
:10EA4000B0018D001410509C400300CD40342410C0
:10EA50002042430019450406800C41B0030505041B
:10EA60004F900C4173204D203407D88C40F000CDDE
:10EA7000003403D00C4013200C0000000000000004
:10EA800015A837005F027421F211C0E501DF007C98
:10EA900003F00DC074018F097C0F70BDC01300DF3F
:10EAA000007C0330F860070A9B104C1D7214C014E0
:10EAB00000D3214C00300CC0F70C5FC57C13F0ADC7
:10EAC00044748EDD007C03F00DC05720060000006A
:10EAD000000000000180A50E5D007801F0A9C0A52E
:10EAE00000DF007C03F00DC4B7009D027C0FA00D79
:10EAF000C09700D7007C02F421C007081F807C0269
:10EB0000701DC00500D7827C02F0015004009F00F8
:10EB10007C40F801C80700DF007C03F00DC007004F
:10EB20000C0000000000000084085D207F20FC0134
:10EB3000F003C03F00FF00FC03F00FC07F00B300F4
:10EB4000EC0FF00FC01F04F100DE01B003C00E0097
:10EB50003F00CC413017C03C08F701FC06300BC029
:10EB60001C0C7F80FC01F203C01F00FF00FC03F0BF
:10EB70000FC003220C00000000000000852086006A
:10EB80009D137404D04140B700DD007403D02540CC
:10EB9000334691834403D00D40D701DB00760CD07F
:10EBA0001148C4041D13160E30194154041D0B34B2
:10EBB000465005C026089D927402D00D442700DD02
:10EBC000007403D00D4007020800000000000000A0
:10EBD00001A024061D017404D015404704DD007413
:10EBE00003D04940370091116403D00D401702D57E
:10EBF000807007D0114146801D014407008D4046BA
:10EC0000081D82741091050424001C007402D00DAC
:10EC1000402700DD007403D00D4007000200000013
:10EC200000000000102800080D203402D008402306
:10EC300000CD003403D00840374081402403D00C7D
:10EC4000401700C5403400D2004000200D4014029F
:10EC5000100D4802100DC034025209401200CCA021
:10EC60003401D000401300CD003403D00C40438069
:10EC7000000000000000000000B026001F007E0021
:10EC8000F005C00700DF007C03D00DC01700930023
:10EC90006C03F10DC01700D5005C00F001C0060048
:10ECA0001F804402310DC0260017007C023000C0D6
:10ECB00004001F407C00F101C00700DF007C03F06E
:10ECC0000DC003C00A0000000000000005A80F10DE
:10ECD0003F00FC00F00EC03F00FF00FC03F00FC03F
:10ECE0001F00BF00DC03F00F801F00FB00FC00F0E2
:10ECF00003C00F003F00BC02720ED029002F00FCA1
:10ED000002F10FC03F00FF00FC03F00EC03F00FF08
:10ED100000FC03F00FC017600E00000000000000B0
:10ED200003A05F003F01CC043092C04C003301CC03
:10ED3000243013C0CC10B301FC07F01FC07F00BF0C
:10ED400001FC06F01FC04E00B301D406801BC04A70
:10ED5000003B01BC06301FC07F00FF01FC07F01F15
:10ED6000C07F00FF01FC07F01FC00F000E00000075
:10ED700000000000010857009D14045000014000ED
:10ED80000101144410104040000095017407D01D8B
:10ED9000407700DD417486101D40440091615406A7
:10EDA000D11944451011017406101D407700DF0190
:10EDB0007407D01D407700DD017407D01D40072087
:10EDC0000C0000000000000010A013004D004404DF
:10EDD00010004020040100041210084120018100AD
:10EDE0003403D00C4033008D007402510540118073
:10EDF00091200402500940008009005402100C6068
:10EE00003300CD003403D00C403300CD003403D0A8
:10EE10000C4043800E0000000000000003A8150015
:10EE2000CD004400100140240011000412140850C9
:10EE3000204095107403D00D4037009D0674861154
:10EE40004D42551091005006D01940450091017077
:10EE500002100D403700D5007403D00D403700DD9F
:10EE6000007403D00D400F200600000000000000D9
:10EE700002A897011F004C013009D0140093004CE8
:10EE8000003091C0440293097C03F00DC037001F8D
:10EE9000007C06F02CC84721039244143058C2C2AB
:10EEA000011A01380A340D403700DD007C03F00DF3
:10EEB000C03700DF007C03F00DC00B200E00000007
:10EEC0000000000007801D00BF20FD01F02BC01FC7
:10EED00000BF22FC84F003C20F00BF00FC03F00F50
:10EEE000C23F003F00FC02F007D00E10BB58E842C2
:10EEF000C00FC00D003E10F44AF00FC03F00FF00ED
:10EF0000FC03F00FC03F00FF00FC03F00FC01F0028
:10EF10000600000000000000030895005F184C4147
:10EF20003819C0740093014C063019C16404930071
:10EF30007C03F00DC0370097184C327065C2970003
:10EF400093807C0A702DC887109F206C02300DC002
:10EF50003700DF007C03F00DC03700DF007C03F0DA
:10EF60000DC00F20040000000000000013A01400DA
:10EF7000DD01040D10194074029101440E1039C0D6
:10EF8000E6009B007403D00D4077009C420482D0C1
:10EF90002D4453019113740FD00D40870091005CF4
:10EFA00006500D403700DD007403D00D403700DD02
:10EFB000007403D00D404F0002000000000000006C
:10EFC00007A032000D02040E1025418400511004E8
:10EFD00011142440900849003403D00C407302C53A
:10EFE00003040E902C404301C9423607900C40C3E5
:10EFF0000405001428100C403300CD003403D00C5D
:10F00000403300CD003403D00C401F000A00000044
:10F010000000000006807800BD0185C6101740483A
:10F0200080610185051016405A006901B407D01EA1
:10F03000407B00FD018424901A604F08A901B407A9
:10F04000D01E4A4F04B501B626401E407B00ED019C
:10F05000B407D01E407B00E901B407D01E401B005E
:10F060000200000000000000121030004F000402F7
:10F070001404D0200043004C03300CC030004B007F
:10F080003C03F00CC03300C7000C0A322C6D131285
:10F09000CB883C43780CC4030007021C0A300CC028
:10F0A0003300CF003C03F00CC03300CF003C03F032
:10F0B0000CC04B40000000000000000002B83D0002
:10F0C000EF00FC02F007C02F007F08FC23F08FC088
:10F0D0003F027F01FC03F00FC03F00AF00FD02F2D2
:10F0E0000FE01B00F620FC03F00FE02F00E300DC34
:10F0F00003F00FC03F00FF00FC03F00FC03F00FF14
:10F1000000FC03F00FC00B600600000000000000D0
:10F1100015A0730013007C03300DC81400DF004CF1
:10F12000013005C0140053007C03F00DC03700DF30
:10F13000003C06340CC004085D403C03B009C01715
:10F140002093003002B00DC03700DF007C03F00DCB
:10F15000C03700DF007C03F00DC057000E00000038
:10F160000000000013883900A100F403100E4018BD
:10F1700000ED00840110064018006100B403D00EB9
:10F18000403B00AD00B402100E401800ED00B40387
:10F19000100E601B40A100B403140E483B00ED00AC
:10F1A000B403D00E403B00ED00B403D00E404F201E
:10F1B000060000000000000003007D006101B407AC
:10F1C000101E407800FD01E407101F407C00610123
:10F1D000B407D01E407B00ED01B406101F4058005C
:10F1E0006D11B407981E414D00A901F406101E4090
:10F1F0007B00ED01B407D01E407B00ED01B407D0C9
:10F200001E400F0004000000000000001228330020
:10F21000D1007427120C407000DD062403100D404D
:10F22000340041003403D00C4033008D45342311A9
:10F230006C5070004D0634031264603382C9003490
:10F240000B100C403300CD003403D00C403300CD04
:10F25000003403D00C404B200C00000000000000E4
:10F2600017A8150053007C013025C054015F026DC2
:10F27000013405D0144053007C01F005C013007F19
:10F2800013FC051267C01C066FA1BC19A026C0594B
:10F29000087B00B429B005C017005F007C01F005B1
:10F2A000C017005F007C01F005C05F200600000071
:10F2B00000000000120007401F007C00F401D1078D
:10F2C000001F025C08F001C087003F007C00F001D5
:10F2D000C087001F027C10F221C087001F207C40E5
:10F2E000F101C0070017037C20F001C007001F00D8
:10F2F0007C00F001C007001F007C00F001C04B0043
:10F300000C00000000000000100827009F054C06BC
:10F310003009C0240093014C063009C0240093003A
:10F320007C02F009C0670193014C02F089C02400FF
:10F330009F056C027089C0240297084C227009C096
:10F3400027009F007C02F009C027009F007C02F08C
:10F3500009C043200C00000000000000012026002E
:10F360009D03442A1809402400919844221039C072
:10F37000A6029B007402D00940270081004406D2F7
:10F3800018C066109D11444E0119402500830044A9
:10F3900016B0094027009D007402D0094027009D47
:10F3A000007402D0094007000800000000000000BF
:10F3B00018A02400BD00C48210AA42A8CAB10084CB
:10F3C00002106B402C00B1007402D009402700915C
:10F3D000884506D00940240A982066124209602414
:10F3E000809D00440250094027009D007402D0090E
:10F3F0004027009D007402D0094063000200000015
:10F400000000000010202000AD018586100A402871
:10F4100000A1008402100A402A00A9003402D0088A
:10F4200040238091000402D0094022008D00440254
:10F430001109422100C140450290086023008D005F
:10F440003402D0084023008D003402D008404380AD
:10F4500000000000000000001CB006001F0A442845
:10F4600010A0C28402130A4D2934A1C094023300B3
:10F470007400F001C0170053004C01D105C01410F6
:10F480001D006C007001C0040017004E007001C424
:10F4900007001F007C00F001C007001F007C00F087
:10F4A00001C073C00A0000000000000019B8270066
:10F4B0009F007C02F409D027008F003C02F008C0B6
:10F4C00023009F007C02F009C02740BF00FC02F02F
:10F4D0000FD02D00BF00FC02F00BC22B00B700FCC8
:10F4E00002F009C027009F007C02F009C027009F9E
:10F4F000007C02F009C067600E0000000000000000
:10F5000018A02700BF00DC02300BC02F00B300FCA6
:10F5100002300BC02F00B3004C02F009C02F008F47
:10F5200000CC02F00AC02F20BF00AC02F00BC029B3
:10F53000009B00CD022009C027009F007C02F0093B
:10F54000C027009F007C02F009C063000E0000008D
:10F55000000000001C0807000D0004001001421705
:10F560000001207401100540170015004400D0016F
:10F570004007001D004400D0014207005D007400F8
:10F58000D0014417001100440010014007001D0085
:10F590007400D0014007001D007400D001407320AA
:10F5A0000C0000000000000010A023008D001402D9
:10F5B0001008482300810034021008402300910005
:10F5C0000402D0084023008D000402D008606300CC
:10F5D0008D001482500840251091000402D008408C
:10F5E00023008D003402D0084023008D003402D067
:10F5F000084043800E0000000000000018A825000D
:10F60000CD0044031009402300D1007402100940CA
:10F61000270095004402D0094027009D00458ED068
:10F62000094027009D207442D0096427209101449D
:10F6300022D0094027009D007402D0094027009D78
:10F64000007402D0094063200600000000000000A2
:10F6500005A827009F015C023409C0A74092007CE6
:10F660000A1429C0A70083004D02F009C027008FAB
:10F670001B4C0AF029C027009F224C0A70B9C1A573
:10F680000282844C4EF409C027009F007C02F009DE
:10F69000C027009F007C02F009C017200E00000068
:10F6A00000000000158025009F047C42F009C0275F
:10F6B000009F007C02F009C027009F007C02F00937
:10F6C000C02700DF007C42F099CC27029F147466AB
:10F6D000F019E86750D7007C023009C027009F006E
:10F6E0007C02F009C027009F007C02F009C057008F
:10F6F0000600000000000000140805001F004C2058
:10F700003001C0844013004C283421D0844213209F
:10F710007C00F001C007011F104C00F821E104013A
:10F720001F007C28F001C0870013007C207001C0FE
:10F7300007001F007C00F001C007001F007C00F0E4
:10F7400001C05320040000000000000014A01400B9
:10F750007D11C4011207411C047100C4011007C0CF
:10F760009E0251007401D005405F005D11C505D1B6
:10F770000760DD007D00F48D1655C018045B43BCA6
:10F780000110054017005D007401D0054017005DB1
:10F79000007401D00540530002000000000000008A
:10F7A00014A03200CD104407143C51F001C50E44A2
:10F7B0001B106C407400C1003403D00C4063004D3A
:10F7C00001040BD00440F280CD01340F140C42111F
:10F7D00000C104244F400C403300CD003403D00C52
:10F7E000403300CD003403D00C4053000A00000029
:10F7F0000000000005803800ED008402101A422845
:10F8000080A5018402103A402A00E100B403D00E22
:10F81000402B04AD00840BD213403B04ED02B4072F
:10F82000181F401830ED10F403100E403B00ED009F
:10F83000B403D00E403B00ED00B403D00E401700DF
:10F840000200000000000000151078002F01840560
:10F850003017C07C10E701CD07301FC07C00E301EA
:10F86000BC07F01EC07B00EF098405D012687A2027
:10F87000AF01BC05701AC05900E311BC07701EC06F
:10F880007B00EF01BC07F01EC07B00EF01BC07F05E
:10F890001EC05740000000000000000010B83500F6
:10F8A0005F007D00F005C037009B007802F00DC4BA
:10F8B0002700DF007C03F00DC037109F027C00F2B0
:10F8C00001C43500DF807C037008C00700DB441CE6
:10F8D00003F00DC03700DF007C03F00DC03700DF00
:10F8E000007C03F00DC04360060000000000000033
:10F8F00000A07F00FF01CC07321FC25C007F01FC2B
:10F90000053017C07F00FF01FC07F01FC04F003F0C
:10F9100001FC05F01FC07D02ED098D07701BC05F63
:10F9200002F701BE27201FC07F00FF01FC07F01F68
:10F93000C07F00FF01FC07F01FC003000E000000A5
:10F940000000000015883900FD088523108A500842
:10F95000006D04B4031002401B01ED00B403D00E8F
:10F96000409B002D06B403D242413B006D08841237
:10F97000510A401B23EB20B631F00E403B00ED0056
:10F98000B403D00E403B00ED00B403D00E4057202E
:10F990000600000000000000000039002D00840176
:10F9A00014064018006D20B401100E403B08ED0015
:10F9B000B403D00E400B002D00B441D00A403B00F0
:10F9C000FC48C443D00A411B08E500F400900E40F7
:10F9D0003B00ED00B403D00E403B00ED00B403D07B
:10F9E0000E40030004000000000000000428330063
:10F9F000DD000403100C483020DD003403100C40FF
:10FA00001300CD073403D00C4013008D01340CD10A
:10FA100018402300CD050402D018405308CD1034FF
:10FA20003CD00C403300CD003403D00C403300CD2B
:10FA3000003403D00C4013200C0000000000000034
:10FA400015A83500DF004C03300D403400DF007C8A
:10FA500003340DC01700CF117C03F00DC017005FF9
:10FA6000017C25F200C427041F034C07F0184057FF
:10FA700020D7023C0BB10D443700DF007403F00DBA
:10FA8000C03700DF007C03F00DC0572006000000E7
:10FA90000000000001003700DF067C0AF029C0A743
:10FAA000009F007C02F009C00700DF007C03F00D1E
:10FAB000C017009F087C01F021C927001F8A7C43E2
:10FAC0002009C1B703DB037C0B700DC03700DF00DA
:10FAD0007C03F00DC03700DF007C03F00DC0070091
:10FAE0000C0000000000000080083F00BF00CC03B5
:10FAF000F03FC07F00B305CC03F00FC06C01FF00E6
:10FB0000CC03F00FCC3F007F03CC01F003C02F04E7
:10FB10003B00FC00700BD41C00FB05F80F300FC03D
:10FB20003F00FF00FC03F00FC03F00FF00FC03F0AC
:10FB30000FC003220C0000000000000081203600EE
:10FB4000DD0A440BD01D4073209180446BD08DC1E1
:10FB5000E601DD004403D00D40F700CD024404D09F
:10FB6000114060001101340612094074005D0270FA
:10FB700006100D403600DD007403D00D403700DD67
:10FB8000007403D00D4007020800000000000000D0
:10FB900001A03400DD004423D22D42A781D12044AE
:10FBA00001D000401400DD004403D00D4047005D4B
:10FBB000004404D21945640019117407488900569D
:10FBC00004DD027009100D403700DD007403D00D14
:10FBD000403700DD007403D00D4007000200000034
:10FBE0000000000010203000CD800403D00C40271E
:10FBF00048C1000403D008401200CD000403D00C1B
:10FC0000401300C9000404D00040440001207402E5
:10FC10001008403000CD4064011C0C403200CD0083
:10FC20003403D00C403300CD003403D00C4042806C
:10FC3000000000000000000000B03600DF000403F8
:10FC4000F00CC0270093000D03F009C02400DF0072
:10FC50004D03F00DC007005F004C00F001C0241000
:10FC60001B007C027009C014009B007C00300DC09A
:10FC70003700DF007C03F00DC03700DF007C03F0AD
:10FC80000DC003C00A0000000000000005B83F00DE
:10FC9000FF00FD03F00FC02F00BF80FC03F00BC07E
:10FCA0000F00FF00FC03F00FC01F003F00FD00F03D
:10FCB00003442F003F40FC02F00B803B00BF00FCE0
:10FCC00000F00FC03F00FF00FC03F00FC03F00FF3B
:10FCD00000FC03F00FC017600E00000000000000E1
:10FCE00003A02F00BB0CC590F01FC07F00FF01FCDC
:10FCF00007F01FC07F00FF01FC07F01FC07F003F1F
:10FD000001FC84F012C05F803F81CC04F013C20E6E
:10FD100001EB01FC04F013C048003B01CC07301F8D
:10FD2000C07F00FF01FC07F00FC00E000E000000B6
:10FD30000000000001087708B18C445AD01D4077BC
:10FD400000DD017407D01D407700DD017407D01D70
:10FD50004077001D01740471114057101D014404C7
:10FD6000D11142C700D1017404D0154065101401AF
:10FD70005407511D407700DD017407D00F40052066
:10FD80000C0000000000000010A03700992404209F
:10FD9000D00C403300CD003403D00C403300CD00F4
:10FDA0003403D00C4033000D203400D00040132029
:10FDB00015000000D001000002C08034005804404B
:10FDC000232051000403100C403300CD003403D035
:10FDD0000C4042800E0000000000000003A8350423
:10FDE0009108440DD00D403700DD007403D00D4064
:10FDF0003700DD007403D00D6037001D01748BD017
:10FE00001141D7001D114444900D40670051017409
:10FE100023D00540270A55115403500D403700DD0B
:10FE2000007403D00D400F20060000000000000009
:10FE300002A8F7009B074C0CF00DC03700DD007CDA
:10FE400003F00D403700DD007C03F00DC037109D3E
:10FE5000037C0CF011C0D7008F014C04F000C044AB
:10FE600040DB017C44F109C0E60401014C03300D84
:10FE7000403700DD007C03F00DC00A200E000000BA
:10FE8000000000000780F500BF41FC01F00FC03FFB
:10FE900000FF00FC03F00FC03F00FF00FC03B00FA9
:10FEA000C03F00BF00FC117103483F003F00FD80D0
:10FEB000F0878920003720FC02D02BC46D80F7002A
:10FEC000FC03F00F403E00FF00FC03B00EC01D001D
:10FED00006000000000000000308350097024D08EE
:10FEE000F00DC03700DF007C03F00DC03700DF00ED
:10FEF0007C03F00DC037009F047C02F021C2950402
:10FF00009F807C087229C8070AD7024D11F001C0F2
:10FF10002520D3207C13F10DC03700DF007C03F0D7
:10FF20000DC00F20040000000000000013A03000EE
:10FF300081004421D00D403700DD007403D00D4016
:10FF40003700DD007403D00D4037109D00700BD0DA
:10FF50001902F4009C077424D00D4867085F2644FA
:10FF60001B702040E000D1053417D00D403700D978
:10FF7000007403D00F404F0002000000000000009A
:10FF800007A012008506240CD00C403300CD0034AD
:10FF900003D00C403300CD003403D00C4033000DAF
:10FFA000023420D0E040D1008D06360C4030600392
:10FFB00000C5840408C0744060024112340BD00CA8
:10FFC000403200C9003403D00C401F000A0000007A
:10FFD0000000000006807800C109A426D01E407BE6
:10FFE00000ED01B407D01E407B00ED01B407D01E28
:10FFF000407B00AD11B40ED0174058002D09B41548
:020000040002F8
:10000000D15A404B08FD818405D11742EC00A10173
:10001000B407D01E487B00E901B407D01E401B0086
:1000200002000000000000001210300287402CC3C4
:10003000F10CC23300CF003C03F00CC03300CF08FA
:100040003C03F00CC033008F023C11D000C00124EF
:100050008D403C407004E1038047080C02F004D15D
:100060002140C3003C23F00CC03310CF003803F014
:100070000CC04B40000000000000000002B83D80B2
:10008000FF02DC03F00FC03F00FF00FC03F00F4055
:100090003F00FF20FC03F00FC03F00BF00FC03F057
:1000A0008F841F00FD00FC91F04FEA3F107F60FC41
:1000B000037006C02F08FE80FC23F00F403F00FBBA
:1000C00000FC03F02FC10B600600000000000000E0
:1000D00015A03F009F044C03300DC03700DF007CAB
:1000E00003F00DC03700DF007C03F00DC037009F28
:1000F000014C0370014817089F004C04701CC01489
:10010000005F807C03F10D80270853005C03F00D35
:10011000C03700D7007C03F20DC256000E0000006D
:100120000000000013883900ED00AC03100E403BC6
:1001300000ED00B603D00E403B00ED00B403D00E3E
:10014000403B00ED008403D006481B002DC0940105
:10015000100EC03A002D80B603D00A402B20E100DB
:10016000B403D00E403B00ED00B403D04C404C2013
:1001700006000000000000000300F900AD61060F5A
:10018000101E407B00ED01B407D01E407B00ED0146
:10019000B407D01E407B00FD01A48FD016404B0059
:1001A000ED418407501F40DA186D01B407D0166086
:1001B0006F80E1219407D01E407B00E501B407D099
:1001C0005E400E0004000000000000001228F380D2
:1001D0004D80660F150C403300CD003403D00C4029
:1001E0003300CD003403D00C403300CD012403D0C4
:1001F0006C60130CCD69140312AC4B32110D0D362B
:1002000037D090497381C1013403D00C603300CDE5
:10021000003403D00D4048200C0000000000000016
:1002200017A8D9007F02CC053005C417005F007CF9
:1002300001F005C017005F007C01F005C017007FCA
:100240001AEC09F037CA1F007F02CC05703740DE78
:10025000007F00FC01D027401F6473075C01F0059C
:10026000C2170057007C01F005C05E2006000000A8
:1002700000000000120007010F127C40F001C007CF
:10028000001F007C00F001C007101F407C00F0013F
:10029000C007001F005D08F081C007001F107C3000
:1002A000F001C087001F427C08F021C087081F10A2
:1002B0007E00F001C007001F007C00F001C04B0071
:1002C0000C000000000000001008270097054C0AF1
:1002D0003009C027009F007C02F009C027009F0062
:1002E0007C02F009C027009F037C42F209C22780EC
:1002F0009F084C22F059C221029B047C023009C0A5
:10030000640193017C0AF009C027009F007C02F081
:1003100009C041200C000000000000000120262040
:100320009105540610094027009D007402D0094031
:1003300027009D007402D8094027009D10749E90EC
:10034000994067228F014482D00942E700910174ED
:100350000EF2B8C1E22095017412D0094027009D29
:10036000007402D0094004000800000000000000F2
:1003700018A024009500444214094027009D0074F1
:1003800002D0094C27209DC07402D1094027009D4E
:10039000007412902944270099004482D00D002750
:1003A00004D9027406D00940241090145402500954
:1003B0004027009D007402D0094061000200000047
:1003C00000000000102024018104141210084023B2
:1003D000008D003402D0084023008D003402D00884
:1003E0004023008D0036029008406300C54004069B
:1003F000D00842238181403402D908442208840075
:100400003602D0084023808D003602D0484040801C
:1004100000000000000000001CB00608170A4C286D
:100420003001C007001F007C00F001C007001F0062
:100430007C00D001C007001F007C00B001C2070093
:100440001D004500F001C005101B007C013001C4F7
:10045000144013007C00F001C007001F007C00F076
:10046000A1C071C00A0000000000000019B82F02EE
:10047000AF08FD22F009C027009F007C02F009C0F0
:1004800027009F007C02F009C02700AF00FC02900B
:100490000BC02F00AF60BC02F10BC02F02BF20FCCD
:1004A00002300BC02B00BF007C02F009C027009F68
:1004B000007C02F089C067600E00000000000000B0
:1004C00018A06700B3A7ED82F109C027009F007C48
:1004D00002F009C027009F007C02F009C02700BF7E
:1004E000009C02300BC02F00B780ED02300BC02FF4
:1004F00005B3205C82320AC02800B300CC02F009A8
:10050000C027009F007C02F009C062000E000000BE
:10051000000000001C08070011074480D2014007BA
:10052000001D007400D0014007001D007400D001C0
:100530004007005D0044011001480700110044001D
:100540000001C885205BC044007201C00640150050
:100550005400D0014007001D407400D001407020BD
:100560000C0000000000000010A0A7008108240279
:10057000D2086023008D003402D0084023008D0093
:100580003402D0084023008D001402101842278046
:1005900085207406500840630081001402D0084092
:1005A000208881000402D00840230085003402D056
:1005B000084042800E0000000000000018A825003E
:1005C00091004422D0096027009D007402D00940A8
:1005D00027009D007402D0094027109D004482141A
:1005E00049402700910256021009282500D92144CC
:1005F000125009612600D0025403D0094027009D03
:10060000007402D0084062200600000000000000D4
:100610000588E70693126C4AF009C827009F007C02
:1006200002F009C027009F007C02F0094027009FCC
:10063000035C22302940230287023C2E70C980A728
:100640002281031C4A703840E00E93014C02F009ED
:1006500040270097007E02F009C016200E0000001F
:1006600000000000158025608F007C02F009C02783
:10067000009F007C02F009C027009F007C02F00967
:10068000C027009F197C06F009C867009F046D020F
:10069000F509C462009F107C03F049C027009F0247
:1006A0007C02F009C027009F007C029009C0550021
:1006B0000600000000000000140805001F124C286E
:1006C000F001C007001F007C00F001C007001F0000
:1006D0007C00F001C007001F027C003001C207024D
:1006E0001F006C20F041C0044013007C08F0A1C042
:1006F000860017005C10F001C007001F007C00F0AE
:1007000001C05020040000000000000014A01000F0
:100710007DC2C525D305C015005D007401D005401C
:1007200017005D007401D0054017006D03B435104B
:100730003749DF207D80C001D007C05F247100747D
:1007400005C01740DC00610DDC1DD00540170057C7
:10075000007401D0054050000200000000000000BD
:1007600014A03280CD00050FD00C403300CD0034F2
:1007700003D00C403300CD003403D00C403300CD07
:1007800002340F105C407301CD060407C08C527216
:1007900001C1083407D07C40B203C901340FD00C2A
:1007A000403300CD003003D00C4050000A00000060
:1007B0000000000005803880ED008401D00E403933
:1007C00000ED00B403D00E403B00ED00B403D00EAA
:1007D000403B00ED02F4011006401B80ED10840147
:1007E000D11E003110E180B443D00A603800E90026
:1007F0009603D00E403B20E500B403D00E40140019
:10080000020000000000000015107800BF018C07F6
:10081000F01EC07B00EF01BC07F01EC07B00EF01A3
:10082000BC07F01EC07B00AF01B405301EC05B20CA
:10083000EF018D05F01A607A00E301BC04D016C008
:100840007A40EB019C07F01EC07B00EF01BC07F073
:100850004CC05440000000000000000010B83500FB
:100860001F007C01F00DC23700DF007C03F00DC0DB
:100870003700DF007C03F00DC037009F007C00F4E0
:1008800001800700CD005C01F2084036109700742B
:1008900041E009C03500D3007C03F00DC03700DF14
:1008A000007C03F00DC14360060000000000000062
:1008B00000A07F00FF01CC07F01FC07F00FF01FCFC
:1008C00007F01FC07F00FF01FC07F01FC07F00FF83
:1008D00009FC05F19FC07B00F301EC07F09FC07F8E
:1008E00020F309B806C09FD07E40F301FC07F89FB3
:1008F000C07F02F701FC07F01FC100000E000000DE
:100900000000000015883900ED828400D00E403BC5
:1009100000ED00B403D00E403B00ED00B403D00E58
:10092000403B00AD00B410D186401B06E1208C2175
:10093000D0C2C02902EB38B462B0EE403800EB0000
:10094000B403D00EC03910E700B403D00E405520D8
:10095000060000000000000000003902AD00842302
:10096000D00E403B00ED00B403D00E403B00ED0044
:10097000B403D00E403B00AD20B4019202600B40A6
:10098000A108A440D00A401900E508F400100F4067
:100990003804E918B403500E483B10ED00B403D0FE
:1009A0000E40000004000000000000000428330096
:1009B0000D0A0622C00C403300CD003403D00C4099
:1009C0003300CD003403D00C4033000D003418D078
:1009D0000040C30481000504D1A042D1008D003441
:1009E00004901C44100089203402D00C403100C512
:1009F000003403D00D4011200C0000000000000066
:100A000015A831065F024D2BF00DC03700DF007CCA
:100A100003F00DC03700DF007C03F00DC037009FEE
:100A2000097C0AB029C1E720D3836C07F011C065A7
:100A30000A95017C08300DC1340ADB037E03F00DFA
:100A4000C03700D7007C03F00FC054200600000020
:100A500000000000010037005F447C01F00DC0374A
:100A600000DF007C03F00DC03700DF007C03F00DD9
:100A7000C037009F8A7C04F021C187101F017C8051
:100A8000F221C1250A9A507C43F20DC025801F0631
:100A90007C02F00DC03780DF007C03F00DC0070042
:100AA0000C0000000000000080083F405389FC0259
:100AB000F20FC03F00FF00FC03F00FC03F00FF003B
:100AC000FC03F00FC03F003F00FC00F003C00F80AC
:100AD000FF14D581F003C02901B701FC04710FC0D8
:100AE0003C007BA0FC81F10FC03F20FF00FC03F025
:100AF0000FC000220C000000000000008120362002
:100B00005103744CD00D403700DD007403D00D400C
:100B10003700DD007403D00D4037001D057404D18B
:100B2000514247048F015420D0314127009B8074EB
:100B300069F21844714011037406D00DC03700D912
:100B4000007403D00DC00602080000000000000081
:100B500001A03400D0007407D00D403700DD0074D0
:100B600003D00D403700DD007403D00D4037009DE9
:100B7000017404D019404710DD1054035011402770
:100B800000DD847400C81D603402D9417405900DE5
:100B9000403700DD007403D00D4004000200000067
:100BA0000000000010203410C1003400D00C40338D
:100BB00000CD003403D00C403300CD003403D00C02
:100BC0004033108D003600D1004003008D601400CA
:100BD000D000602300C9403402D10C4021800100C4
:100BE0003400D00C483300C8003403D00C4042809D
:100BF000000000000000000000B03600D3807C0040
:100C0000F00DC03700DF007C03F00DC03700DF00BF
:100C10007C03D00DC037001F007C00D001C207004C
:100C20009D005C007001CC0540DF007400700DC4B5
:100C30002440DB007401F00DC03700DF007C03F0BE
:100C40000EC000C00A0000000000000005B83F0010
:100C50007F00FC80F10FC03F00FF00FC03F00FC0DD
:100C60003F00FF00FC03F00FC03F103F00FC00F00E
:100C700003C00F00A700FC00F003C00B003F00FC06
:100C800000700AC00B503F00FC00F00FC43D00FB99
:100C900000FC03F00FC017600E0000000000000011
:100CA00003A07F00FF01FC07F01FC07F00FF01F8D9
:100CB00007F01FC07F00FF01CD07F01FC07F00FFBE
:100CC00001CC843013C06F007B01CC06F013C27ED0
:100CD00008BF01CC07F01FC07F00FF01FC07F01F19
:100CE000C07F00FF01FC07F01FC00F000E000000D6
:100CF0000000000001087700DD015C07D01D40778F
:100D000000DD017407D01D407700DD014407D01DD0
:100D1000807700DD014404101140670051815406C2
:100D2000D20140540091014407D11D407700DD01FC
:100D30007407D01D407700DD017407D01D400720E7
:100D40000C0000000000000010A03300CD003403B0
:100D5000D00C403300CD003403D00C403300CD0024
:100D60000403D00C043300CD0004011000482320FC
:100D700055401002D20140210099000403D80C40D4
:100D80003300CD003403D00C403300CD003403D009
:100D90000C4043800E0000000000000003A8350056
:100DA000DD007403D00D403700DD007403D00D402A
:100DB0003700DD004403D00D4035009D0144451847
:100DC0001140F70051014507D01140350151004451
:100DD00002D00D403700DD007403D00D403700DD38
:100DE000007403D00D400F2006000000000000003A
:100DF00002A83700DF007C03F00DC03700DF007C65
:100E000003F00DC03700CF004C03F00D4037009FBA
:100E1000010C04315142F7004B535C0ED030C13508
:100E2000048B014C07F00DC43700DF007C03F00D8C
:100E3000C03700DF007C03F00DC00B200E00000067
:100E40000000000007803D00FF00DC03F00FC03F02
:100E500000FF00FC03F00FC03F00FF00FC03F00F99
:100E6000C03F00BF00FD00F003C03F207F00F40141
:100E7000D003D07E00FB03F84BD00F403E00FF00B4
:100E8000FC03F00FC03F00FF00FC03F00FC01F0089
:100E9000060000000000000003083500DF007C03AE
:100EA000F00DC03700DF007C83F00DC03700DF009D
:100EB0007C03F00DC037009F047C117101C0170046
:100EC000D3007C46D001C0B70497004C03F00DC09E
:100ED0003700DF007C03F00DC03700DF007C03F03B
:100EE0000DC00F20040000000000000013A034001B
:100EF000DD007403D00D403700DD007403D00D40D9
:100F00003700DD007403D00D4036008D02740F12DF
:100F1000114073B05106700BD01100F300D1914411
:100F200006700D403700DD007403D00D403700DD42
:100F3000007403D00D404F000200000000000000CC
:100F400007A03200CD003403D00C403300CD003474
:100F500003D00C403300CD003403D00C403300CD1F
:100F600000340410104A33000112340AD01064B364
:100F700000840004A3D00C403300CD003403D00C17
:100F8000403300CD003403D00C401F000A000000A5
:100F90000000000006807800ED01B407D01E407B01
:100FA00000ED01B407D01E407B00ED01B407D01E58
:100FB000407B00ED01B4069016407F006101B6163B
:100FC000D112487B00A1A18407401E407B00ED01A7
:100FD000B407D01E407B00ED01B407D01E401B00BB
:100FE000020000000000000012103000CF003C039F
:100FF000F00CC03300CF003C03F00CC03300CF0036
:101000003C23F08CC03300CF183C413400C1334442
:1010100041083E2BF040E53344C7020C03F00CE0DE
:101020003300CF003C03F00CC03300CF003C03F092
:101030000CC04B40000000000000000002B83D0062
:10104000FF00FC03F00FC03F00FF00FC03F00FC0E7
:101050003F00FF00FC03F00FC03E00FF00BC034058
:101060000FC03BC0FF00FE33F007C03B02ED00FCA9
:1010700003F00FC03F00FF00FC03F00FC03F00FF74
:1010800000FC03F00FC00B60060000000000000031
:1010900015A03700DF007C03F00DC03700DF007CB7
:1010A00003F00DC03700DF007C03F00DC037009F58
:1010B000007C813408C0350053007C03B001C4B704
:1010C00004C3004D83F00DC03700DF007C03F00D3A
:1010D000C03700DF007C03F00DC057000E00000099
:1010E0000000000013883900ED00B403D00E403B2F
:1010F00000ED00B403D00E403B00ED00B403D00E71
:10110000403B00AD00B401100E4038006100B483D4
:10111000100A403B00E5008402D00E683B00ED0061
:10112000B403D00E403B00ED00B403D00E404F207E
:10113000060000000000000003007900ED01B40784
:10114000D01E407B00ED01B407D01E407B00ED01B6
:10115000B407D01E407B002D01F405101E407D24F5
:101160006921F447101A407B08F121A40FD01E40DA
:101170007B00ED01B407D01E407B00ED01B407D029
:101180001E400F0004000000000000001228330081
:10119000CD003403D00C403300CD003403D00C40DC
:1011A0003300CD003403D00C4033000D033427103E
:1011B0000C4130014111340F100C44B300C54A24D6
:1011C00003D10C403300CD003403D00C403300CDAC
:1011D000003403D00C404B200C0000000000000045
:1011E00017A815005F007C01F005C017005F007CA8
:1011F00001F005C017005F007C01F005C017387FC3
:1012000002FC093006C01D207B83B405B6A7C013BD
:101210004963086C81D805C017005F007C01F005A8
:10122000C017005F007C01F005C05F2006000000D1
:1012300000000000120007001F007C00F001C00742
:10124000001F007C00F001C007001F007C00F001BF
:10125000C007001F087C48F001C087401F4A7C106F
:10126000F101C007601B005C08F001C007001F000F
:101270007C00F001C007001F007C00F001C04B00A3
:101280000C00000000000000100827009F007C02F6
:10129000F009C027009F007C02F009C027009F00D2
:1012A0007C02F009C027009F124C263009C024029E
:1012B0009B097C0A9009C8370497005C22F009C09A
:1012C00027009F007C02F009C027009F007C02F0ED
:1012D00009C043200C00000000000000012026008F
:1012E0009D007402D0094027009D007402D009407F
:1012F00027009D007402D0094027008D00041210C1
:101300001948E0019526744A001948670091014484
:101310001AD0094027009D007402D0094027009D83
:10132000007402D00940070008000000000000001F
:1013300018A024009D007402D0094027009D00746D
:1013400002D0094027009D007402D009002700DD6B
:10135000004502101950240899007402D149402711
:101360000195045602D0094027009D007402D0095F
:101370004027009D007402D0094063000200000075
:1013800000000000102020008D003402D00840230F
:10139000008D003402D0084023008D003402D008B4
:1013A0004023008D00048210084020008500740254
:1013B000500840230091000402D0084023008D0013
:1013C0003402D0084023008D003402D0084043800E
:1013D00000000000000000001CB006001F007C00A0
:1013E000F001C007001F007C00F001C007001F00D3
:1013F0007C00F001C007001F004C003001C0040059
:101400001B007C00F0A1C0071017805C00F001C039
:1014100007001F007C00F001C007001F007C00F0E7
:1014200001C073C00A0000000000000019B82700C6
:101430009F007C02F009C027009F007C02F009C0D9
:1014400027009F007C02F009C02700BF00BC02F407
:101450000BC02B00BF00B802B20BC02300BF00FCC2
:1014600002F009C027009F007C02F009C027009FFE
:10147000007C02F009C067600E0000000000000060
:1014800018A027009F007C02F009C027009F007C65
:1014900002F009C027009F007C02F009C02700AFBE
:1014A00000CC02300FC02F48B300EC02300B402FAD
:1014B00000B3007C02F009C027009F007C02F00905
:1014C000C027009F007C02F009C063000E000000EE
:1014D000000000001C0807001D007C00D001400730
:1014E000001D007400D0014007001D007400D001F1
:1014F0004007005D40448024014017105100440023
:10150000A25140174015007400D001400700190097
:101510007400D0014007001D007400D0014073200A
:101520000C0000000000000010A023008D00340219
:10153000D0084023008D003402D0084023008D00E5
:101540003402D0084023008D000402100C402720F4
:10155000C1007602521843238089803482D008402B
:1015600023008D003402D0084023008D003402D0C7
:10157000084043800E0000000000000018A825006D
:101580009D005402D0094027009D007402D00940FC
:1015900027009D007402D0094027009D04450210D9
:1015A000294027009100460298094027009D227497
:1015B00002D80940270099007402D0094027009DF5
:1015C000007402D009406320060000000000000003
:1015D00005A827009F007402F009C027009F007C27
:1015E00002F009C027009F007C02F009C027009F7D
:1015F000000C961019C0270093037C3A7109C2A30E
:10160000029B027806F0094027009F007C02F00947
:10161000C027009F007C02F009C017200E000000C8
:1016200000000000158025009F007C02F009C02703
:10163000009F007C02F009C027009F007C02F00997
:10164000C027009F417C227059C027029F097C025D
:10165000B049C8270097027C17F009C027009F00F7
:101660007C02F009C027009F007C02F009C05700EF
:101670000600000000000000140805001F007C00A8
:10168000F001C007001F007C00F001C007001F0030
:101690007C00F001C007001F004C00F001C00701F2
:1016A00013007C183001C0070113005C00F001C278
:1016B00007001F007C00F001C007001F007C00F045
:1016C00001C05320040000000000000014A014001A
:1016D0005D007401D0054017005D007401D0054025
:1016E00017007D007401D0054017006D08EC1190C3
:1016F00005081B2065409C051005481F105100443B
:101700000DD0054017005D007401D0054017005D45
:10171000007401D0054053000200000000000000EA
:1017200014A03200CD003403D00C403300CD00347F
:1017300003D00C4033004D003403D80C403300CDAF
:10174000000443D80C40F3004106240B901C4013C6
:1017500040CD001437D00C483300CC003403D00CFB
:10176000403300CD003403D00C4053000A00000089
:101770000000000005803800ED00B403D00E403BAF
:1017800000ED00B403D00E423B006D00B403D00E58
:10179000403B00BD00A402D80A403F04E500940B82
:1017A000900A433A04BD119403D00E003B00ED00B3
:1017B000B403D00E403B00ED00B403D00E40170040
:1017C000020000000000000015107800EF01BC07C7
:1017D000F01EC07B00EF01BC07F01E407B006F01D4
:1017E000BC07F01E407B00EF218C07F01AC07B0085
:1017F0006301AC05B01AC05B00EF019C07F01EA0AE
:101800007B00EF01BC07F01EC07B00EF01BC07F0BE
:101810001EC05740000000000000000010B8350056
:10182000DF007C03F00DC03700DF007C03F00DC04B
:1018300037005F007C03F00DC03700DF807C00B014
:1018400009C033001F003800750BC0330083006CE3
:1018500043F00DE23700DF007C03F00DC03700DFFE
:10186000007C03F00DC04360060000000000000093
:1018700000A07F00FF01FC07F01FC07F00FF01FCFC
:1018800007F01FC07F087E01FC07F01FC07F00FF2C
:1018900001CC26F01BC07F003F09FC07F89BC27BF0
:1018A00000F301FC07301FC87F00FF01FC07F01F99
:1018B000C07F00FF01FC07F01FC003000E00000006
:1018C0000000000015883900ED00B403D00E403B45
:1018D00000ED00B403D08E403B006D00B403D00E89
:1018E000403B00AD089408D00A402B002D82B40381
:1018F000D88AC03900A100B402500E403B80ED00F0
:10190000B403D00E403B00ED00B403D00E4057208E
:10191000060000000000000000003900ED00B403E4
:10192000D00E403B00ED00B403D00E403B006D00F4
:10193000B403D00E403B00FD008403D10A412B00CC
:101940002D10B621D08A403F00A100B403100E40F4
:101950003B00ED00B403D00E403B00ED00B403D0DB
:101960000E400300040000000000000004283300C3
:10197000CD003403D00C403300CD003403D00C40F4
:1019800033004D003403D00C403310CD001408C098
:10199000084423000D023600D05940710889923462
:1019A00007510C403300CD003403D00C403300CD40
:1019B000003403D00C4013200C0000000000000095
:1019C00015A83500DF007C03F00DC03700DF007C78
:1019D00003F00DC037005F007C03F00DC037004FEF
:1019E000000C0AF0A94843019F437C06F169C0D767
:1019F00040D3077817300DC03700DF007C03F00DAF
:101A0000C03700DF007C03F00DC057200600000047
:101A10000000000001003700DF007C03F00DC0373C
:101A200000DF007C03F00DC037005F007C03F00D89
:101A3000C03700DF087C08F209C087009F007C6285
:101A4000F809C0370697007C03F20DC03700DF00AD
:101A50007C03F00DC03700DF007C03F00DC00700F1
:101A60000C0000000000000080083F00FF00FC03A5
:101A7000F00FC03F00FF00FC03F00FC03F007F00ED
:101A8000FC03F00FC03F807F08CD42340BC06F05D0
:101A90003B10DC00FA0BC05C40B309FC13300FC0F4
:101AA0003F00FF00FC03F00FC03F00FF00FC03F00D
:101AB0000FC003220C00000000000000812036004F
:101AC000DD007403D00D423700DD007403D00DC07B
:101AD00037005D007403D00D403780DD006C0412C8
:101AE0000942A70011017404F11BC0220295813440
:101AF0004D100D003700DF007403D00D403700DDBE
:101B0000007403D00D400702080000000000000030
:101B100001A03400DD007403D00D403700DD0074F7
:101B200003D00D4037005D007403D00D403738DD21
:101B3000304406101960270419817447C089403465
:101B400080D0807603100D403600DD007403D00D88
:101B5000403700DD007403D00D4007000200000094
:101B60000000000010203000CD003403D00C4033C2
:101B700000CD003403D00C4031004D003403D00CB4
:101B80004033005D000480100840270801C0340184
:101B9000500840328885007603140C403300CD0095
:101BA0003403900C403300CD003403D00C4043800C
:101BB000000000000000000000B03600DF007403E9
:101BC000F00DC03700DF007C03F00D4037005F00F0
:101BD0007C03F00DC03700DD0044023009E027002F
:101BE0001B005C01D009C8344093007C03300DC851
:101BF0003708DF007C03F00DC03700DF007C03F006
:101C00000DC003C00A0000000000000005B83F003E
:101C1000FF00FC03F00FC03F00FF00FC03F00FC00B
:101C20003F007F00FC03E00FC03F106F00FC00F09E
:101C30000BC22F403F00FC00F00B883F00BF00BCF0
:101C400003F00FC03F00F700FC03F00FC03F00FFA0
:101C500000FC03F00FC017600E0000000000000041
:101C600003A00F01330CF430F21FC07F00FF01FC12
:101C700007F01FC07F00FF01FC07F01FC07E00FFC0
:101C800001FC07F013C04E003F01FCA4F013C00E8E
:101C9000012724EC07B01FC04E00F701FC07701F9E
:101CA000C07F00FF01FC07F01FC00F000E00000006
:101CB000000000000108A700110A7438D01D447705
:101CC00000DD017407D01D407700D7017407D01DD7
:101CD000407700DF01748770114046001D017410C9
:101CE000D04141CC0031094407501D400401DF01BF
:101CF0006407F01D407700DD017407D01D40072008
:101D00000C0000000000000010A0030F8500160268
:101D1000D90C403300CD003403D00C403300CD004B
:101D20003403D00C403200CD003403D0005000000A
:101D30000D803610D20040060201400403100C5002
:101D40002024CD403403D00C423300CD003403D0E6
:101D50000C4043800E0000000000000003881500C6
:101D600055317444D00D403700DD007403D00D4070
:101D70003700D5007403D00D403700D5007403D070
:101D8000014106001D017653D00140440011114469
:101D900003500D482400DD207403D00D403700DDD2
:101DA000007403D00D400F2006000000000000006A
:101DB00002A8170017015C0CF00DC03700DF007C93
:101DC00003F00DC03700DF007C03F00DC03600DDEE
:101DD000007C03E081C026021F017C04F0A5C0C284
:101DE0004011030C03B00CC07400D7007E03700DCB
:101DF000C03700DF007C03F00DC00B200E00000098
:101E000000000000078035007B007C01F30FC03F1D
:101E100000FD00FC03F00FC03F00FF00FC03F00FCB
:101E2000C03F00FF00FC03701FC03D003F00F407EF
:101E3000B0138807003300F803F00FC07F82F7006B
:101E4000EC03780FC03F00FF00FC03B00FC01F0081
:101E500006000000000000000308210013027C01BE
:101E6000300DC03700DF007C03F00DC03700DF000D
:101E70007C03F00DC03700DF007C03F88DC0170035
:101E80009F005C94B135C087001B024D03F04DC02C
:101E90003741D3007C03F00DC03700DF007C03F036
:101EA0000DC00F20040000000000000013A0740407
:101EB000510A7011500D403700DF007403D00D40FF
:101EC0003700DD007403D00D403700DD007403D00F
:101ED0001C4097049D00740FB0A1400400032C44E3
:101EE0002BD00D413700D1007403D00D403700DDF9
:101EF000007403D00D404F000200000000000000FD
:101F000007A04209000A2014900C403300CD003491
:101F100003D00C403300CD003403D00C403300CD4F
:101F2000003407D06060C30409011408902940827E
:101F30008409030607D03C40D380C9003403D00C89
:101F4000603300C9003403D00C401F000A000000B9
:101F50000000000006806802A101B407D01E407B8B
:101F600000ED01B407D01E407B00ED01B407D01E88
:101F7000407B00ED01B407D01E405B002D01B6147C
:101F8000909A444880390D8407D01E405B06E101D9
:101F9000B407D01E607B00ED01B407D01E401B00CB
:101FA000020000000000000012100040C3043C23A7
:101FB000B20CC03300CF003C03F00CC03300CF089C
:101FC0003C03F00CC03300CD003C43D08CC813035D
:101FD0004F945C03B209C212904B040C43FA0CC438
:101FE0003712CB083C03F00CC03300CF003C03F0A9
:101FF0008CC04B40000000000000000002B81D082B
:10200000FF00FC03700FC03F00F700FC03F00FC09F
:102010003F00FF20FE03F00FC03F00FF00FC03F174
:102020000F401F8A7F80FC13F02BCABD00F704DC31
:1020300003D00FC03F02FF00FC03F00F403F00FF42
:1020400000FC03F00FC00B60060000000000000061
:1020500015A01710D3007C02F00DC03700DF006C14
:1020600003F00DC03700DF007C03F00DC03700DF48
:10207000007C03F001C027001F007C033004C484EF
:102080000017044803D01CC07000DB007C03F00D77
:10209000C03700DF007C03F00DC057000E000000C9
:1020A0000000000013883158E100B403D00E403B1B
:1020B00000ED60B403D00E403B00ED00B403D00E41
:1020C000403B00ED00B403D00E483B006700B40372
:1020D000140240102041088403900EC03A00E10031
:1020E000B403D00E403B00ED00B403D00E404F20AF
:1020F000060000000000000003006900E101B607CF
:10210000D01E407B00ED01A407D01E407B00ED01F6
:10211000B407D01E407B00ED01B407D81E405B2001
:10212000ED81F40F181F407800E5018407D01E4AA6
:102130007C10E901B407D01E407B00ED01B407D04C
:102140001E400F0004000000000000001228F302EF
:10215000C1023603D00C403300CD003403D00C4014
:102160003300CD003403D00C403300CD003403D80D
:102170001C40D300C509740F101D50B000C50104E8
:1021800083900C603201C1003403D00C403300CD89
:10219000003403D00C404B200C0000000000000075
:1021A00017A85D007304FC2DF005C017005F006CDC
:1021B00001F005C017005F007C01F005C017005F4B
:1021C000007C01F077C05B017D0AFC093215C45C1C
:1021D0000E75414C01F005C01C015B007C01F0054F
:1021E000C017005F007C01F005C05F200600000002
:1021F00000000000120083041F007C20F001C007D3
:10220000001F007C00F001C007001F007C00F001EF
:10221000C007001F007C00F0218507041F00741810
:10222000F0E1C0070019087D00B021C007001F00C1
:102230007C00F001C007001F007C00F001C04B00D3
:102240000C000000000000001008A70093107C2282
:10225000F009C027009F007C02F009C027009F0002
:102260007C02F009C027009F007C02F049C02711C2
:1022700093407C06342DC0210183154C02F00940A7
:1022800027009F007C02F009C027009F007C02F01D
:1022900009C043200C000000000000000120E608F7
:1022A00091017442D0094027009D007402D009407A
:1022B00027009D007402D0094027009D007436D18C
:1022C000294827009100740A1119C9660195035421
:1022D00006D07940E7009D007402D0094027009D98
:1022E000007402D009400700080000000000000050
:1022F00018A02400918A7402D0094027009D007420
:1023000002D0094027009D007402D0094027209D7B
:10231000407402D0094027E09181742A100D4035A5
:102320004091804412D1494067049D007402D00955
:102330004027009D007402D00940630002000000A5
:10234000000000001020200181043412D008402237
:10235000008D003402D0084023008D003402D008E4
:102360004023008D003402D0084827008100340249
:1023700012084C220185041402D0084023008D006D
:102380003402D0084023008D003402D0084043803E
:1023900000000000000000001CB09602130A7C2818
:1023A000F001C007001F007C00F001C007001F0003
:1023B0007C00F0018007001F007400F005C00700DA
:1023C00013007C2830A1C2052053004C00F201C04C
:1023D00087021F407C00F001C007001F007C00F056
:1023E00001C073C00A0000000000000019B82F529D
:1023F000BF08FC22F009C027009F007C02F009C042
:1024000027009F007C02F009C027009F007C02F09B
:102410000BC82F80BFC0BC03F009C02E42BF087C90
:1024200002F009C46F009F007C02F009C027009FE2
:10243000007C02F009C067600E0000000000000090
:1024400018A06F59A300FC823009C027009F007CB0
:1024500002F009C027009F007C02F009C027009FFE
:1024600000EC02F00BC02C00BF00DC0A302B402532
:1024700001B3146C02F00BC02C009F007C02F00929
:10248000C027009F007C02F009C063000E0000001E
:10249000000000001C08030811007400120140072E
:1024A000001D007400D0014007001D007400D00121
:1024B0004007001D007400D0055004A01D8044900A
:1024C000524152041811027400D0015004001D4002
:1024D0007400D0014007001F007400D00140732039
:1024E0000C0000000000000010A0A30081203402B6
:1024F00050084423008D003402D0084023008D0092
:102500003402D0084023008D003402D0094820084E
:102510009D211602540840A14885003602D1084486
:1025200022008D003402D0084023008D003402D0F8
:10253000084043800E0000000000000018A8250895
:102540009120740A54094027009D007402D009406C
:1025500027009D007402D00940270099007402D022
:10256000094826209C0044825019462400D9007452
:1025700002D00944A6009D007402D0094027009DA6
:10258000007402D009406320060000000000000033
:1025900005A8E70193857C027009C027009F007C95
:1025A00002F009C027009F007C02F009C027009FAD
:1025B000406C02F008C0A4018DA25C0E7349C025D6
:1025C00021962C6C02D00880A6009E007C02F109A6
:1025D000C027009F007C02F009C017200E000000F9
:1025E00000000000158065019C047C0EB009C02726
:1025F000009F007C02F009C027009F007C02F009C8
:10260000C027009F007402F089C0A5009F087C4E7F
:10261000D009C4F34897A07403F809C025009F00AF
:102620007C02D009C0260097007C02F009C0570048
:1026300006000000000000001408850013024D6031
:10264000F001C007001F007C00F001C007001F0060
:102650007C00F001C007001F007C00F001C40720CF
:1026600012007C08F001C0042213045D80F001C058
:1026700007011F004C00F001C007001F007C00F0A4
:1026800001C05320040000000000000014A05C41C1
:102690007103C081D0054017005D007401D0054072
:1026A00017005D006401D0054017005D00F405D0FF
:1026B00057401E015105F4155017C1D60271837899
:1026C00011D0B7415F005D007401D0054017005D77
:1026D000007401D00540530002000000000000001B
:1026E00014A0B644C1124407C10C403300CD0034DD
:1026F00003D00C403300CD003403D00C403300CD68
:10270000003405D01C40D304CD01740F8A0D40F075
:1027100020C50132135014401300CD003403D00CF7
:10272000403380CD003403D00C4053000A00000039
:10273000000000000580381061118403D00E403B7A
:1027400000ED00B403D00E403B00ED00A403D00E1A
:10275000403B00ED00B409D106405A80E500B403C7
:10276000500E003220C511B400D00E403B04ED00E5
:10277000B003D00E403B00ED00B403D00E40170074
:10278000020000000000000015105800E3018C87D3
:10279000F01EC27B00EF01BC07F01EC07B00EF0102
:1027A000BC07F01EC07B00EF01B405F01A405B408F
:1027B000EF01FC07F017C07840E741BC06F11AC0F2
:1027C0004B00EF018C07F01EC07B00EF01BC07F04F
:1027D0001EC05740000000000000000010B8350087
:1027E0005F007C02F00DC03700DF007C03F00DC0FD
:1027F0003700DF006C03F00DC03700DF007C00F015
:10280000014012809B007C81F001C09714DB007EA8
:1028100040F00DC02710DD007C03F00DC03600DF56
:10282000007C03F00DC043600600000000000000C3
:1028300000A06F00F001CD25E11FC07F00FF01FC6B
:1028400007F01FC07F00FF01FC07F01FC07F00FFE3
:1028500001BC05301F807E00FB01FC15B01FC07D50
:1028600000F001DC27A09FC07F00FF09FC07F01FDC
:10287000C07F00FF01FC07F01FC003000E00000036
:10288000000000001588890221048421D08E403B7D
:1028900000ED00B403D00E403B00ED00B403D00EB9
:1028A000403B00ED009C011002400B00EF08B4001B
:1028B000726F4038002B04AC00D00E40AB00ED002E
:1028C000BC03D00E403B00ED00B403D00E405720B7
:1028D000060000000000000000000900E140844103
:1028E000D80E403B00ED00B403D00E403B00ED009D
:1028F000B403D00E403B00ED00B401100A413A028F
:10290000ED00B4908202433902E100B403D20E60BC
:102910001B00ED40B403D00E403B00ED00B403D0EB
:102920000E4003000400000000000000042883C2E1
:1029300091180408D00C403300CD003403D00C4073
:102940003300CD003403D00C403300CD00340010F0
:10295000104003088500744C501148D1C401020492
:1029600000D00C482300CD003403D00C403300CD00
:10297000003403D00C4013200C00000000000000C5
:1029800015A8F500D3004C0BF00DC03700DF007C1C
:1029900003F00DC03700DF007C03F00DC03700DF0F
:1029A000007C033418421604D9057C4AB209C0756C
:1029B00000D1437480D104882720DF007C03D00D30
:1029C000C03700DF007C03F00DC057200600000078
:1029D00000000000010037015F407C43F00DC0376C
:1029E00000DF007C03F00DC03700DF007C03F00D3A
:1029F000C03700DF405C0BF001E11720DF007C8274
:102A0000D021883602DF017408F00DC02780DB007A
:102A10005C03F00DC03700DF007C03F00DC0070041
:102A20000C000000000000008008C3009303CC03EA
:102A3000F80FC03F00FF00FC03F00FC03F00FF0095
:102A4000DC03F00FC03F00FF00FC01F003E00C20AE
:102A5000F340FC02A003427B000355C800D00FC026
:102A60002C00FE00F403F00FC03F00FF00FC03F059
:102A70000FC003220C0000000000000081205660FF
:102A800011125404D80D403700DD007403D00D40FE
:102A90003700DF007403D00D403700DD00741CD90F
:102AA000315940009001740470114475001F037C7B
:102AB00008D01D406500D9007403700D403700DD5B
:102AC000007403D00D400702080000000000000061
:102AD00001A03400D1004444D00D403700DD007423
:102AE00003D00D403700DD007403D00D403700DD0A
:102AF000007406D01940740091087604501948A754
:102B000001D10054ABD08D607400D8006403D00DA7
:102B1000403700DD007403D00D40070002000000C4
:102B2000000000001020200001001400D20C4033EF
:102B300000CD003403D00C403300CD003403D00C62
:102B4000403300C9003402D0016004008120340009
:102B5000500040202809002680900C402108C90020
:102B60003003D00C003300CD003403D00C40438040
:102B7000000000000000000000B0060013004C023E
:102B8000D00DC03700DF007C03F00DC03700DF0040
:102B90005C03F00DC03700DD007C00D001402480D4
:102BA00093007C003001C0174011005C03F00DC0A1
:102BB0001400DF007C03F00DC03700DF007C03F061
:102BC0000DC003C00A0000000000000005B80F009F
:102BD0003F00FC00F00FC03F00FF00FC03F00FC0FF
:102BE0003F00F700FC03F00FC03F00FF40FC00F087
:102BF00003C20F00BF00FC001003C01B003F80F9A0
:102C000000F00FC02F18FF00FC03700FC03F00FF43
:102C100000FC03F00FC017600E0000000000000071
:102C200003A07F00FF01FC07F01FC07E00FF01FC36
:102C300007F01FC07F00FF01FC00F01FC07F083FAE
:102C400001FC06B01ACE5C007FC18C86F21BC06C02
:102C500000B301EC07301FC07C00FF01FC07F01F30
:102C6000C07F00FF01FC07F01FC00F000E00000036
:102C70000000000003087700DD017407D01D4077D5
:102C800000DD017407D01D407700DD017402D01D06
:102C90004077105D0174041019407400510144071D
:102CA000D01948640091014407101D407500DD01F2
:102CB0007407D01D407700DD017407D01D400F2040
:102CC0000C0000000000000013A03300CD0034030E
:102CD000D00C403300CD003403D00C403300CD0085
:102CE0003401D00C4433000D0074029808441000E5
:102CF0001D002603500940260081002403100C40CB
:102D00003000CD003403D00C403300CD003403D06C
:102D10000C404F800E0000000000000003A83500AA
:102D2000DD007403D00D403700DD007403D00D408A
:102D30003700DD007447D00D4037005D0074065049
:102D40000944340051014003D01D4126019108443B
:102D500003100D403500DD007403D00D403700DD59
:102D6000007403D00D400F2006000000000000009A
:102D700008A83700DF007C03F00DC03600DF007CC0
:102D800003F00DC03700DF00FC04F00DC037109FCA
:102D9000807C16B009C0A4004F114C03F018C0A6E7
:102DA0000193006C13340DC03400DF007C03F00D80
:102DB000C03700DF007C03F00DC003200E000000D0
:102DC0000000000005803D00FF00FC03F00FC03F45
:102DD00000FF00FC03F00FC03F00FF007C02F00F7B
:102DE000C03F087F09FC82902BC07F02FF00FC23BC
:102DF000A00FC02D44BD30FC0FF00FC03F00FF00FE
:102E0000FC03F00FC03F00FF00FC03F00FC01700F1
:102E100006000000000000000B083500DF007C0306
:102E2000F00DC03700DF007C03F00DC03700DF007D
:102E30007C00300DC037045D007C6AF009C5A40138
:102E40005B027C037021C0370097407C0BF08DC083
:102E50003700DF007C03F00DC03700DF007C03F09B
:102E60000DC00F20040000000000000013A034007B
:102E7000DD007403D00D403700DD007403D00D4039
:102E80003700DD00740EB00D40F7001D85300BC219
:102E900068C07220510D7C87B02D40F3018107344A
:102EA00007D01CC03500DD007403D00D403700DDB5
:102EB000007403D00D404F0002000000000000002D
:102EC00007A03200CD003403D00C403300CD0034D5
:102ED00003D00C403300CD003430100C00F3000D53
:102EE00004340FC82848A2000803341B90AC49A240
:102EF000808D033637D00C493300CC003403D00C1E
:102F0000403300CD003403D00C401F000A00000005
:102F1000000000000F807800ED01B407D01E407B58
:102F200000ED01B407D01E407B00ED01B404901EFB
:102F3000407B842D41B407D11B606E042109942786
:102F4000941A604B80A981B617D01E407900ED011C
:102F5000B407D01E407B00E901B407D01E401F001B
:102F6000020000000000000012103000CF003C03FF
:102F7000F00CC03300CD003C03F00CC03300CF0098
:102F80003003308C4033020D003C03F288C0322005
:102F90000B403463F84CC023008E003C03F00CC09F
:102FA0003300CF003C03F00CC03300CF003C03F0F3
:102FB0000CC04B40000000000000000002B83D00C3
:102FC000FF00FC03F00FC03F00FF00FC03F00FC048
:102FD0003F00FF00FC03F00FC83F00BF88F403F080
:102FE0000F4039003F40FC23F40FC03B10B500FCFC
:102FF00012F00FC03F00FF00FC03F00FC03F00FFC6
:1030000000FC03F00FC00B60060000000000000091
:1030100015A03700DF007C03F00DC03700D7007C1F
:1030200003F00DC03700DF007C81F10DC035005F7B
:10303000000C077209C0370003212C11701CC82432
:10304000009F007C03301CC03400DF007C03F00DC7
:10305000C03700DF007C03F00DC057000E000000F9
:103060000000000013883900ED00B403D00E403B8F
:1030700000ED00B403D00E403B00ED00B401D00ED3
:10308000443B006D608483100A403B402100844330
:10309000100EC02A10AD00B401100E403900ED0032
:1030A000B403D00E403B00ED00B403D00E404F20DF
:1030B000060000000000000001007900ED01B407E7
:1030C000D01E407B00ED01B407D01E407B00ED0117
:1030D000B407D01E407B006D838447581E447F0098
:1030E0002143D407581F407880A501F405101E42E3
:1030F0007900ED01B407D01E407B00ED01B407D08C
:103100001E400700040000000000000012283300E9
:10311000CD003403D00C403300CD003403D00C403C
:103120003300CD003407D00C4033000D80040B5821
:103130001C40B3000183141F107C427201CD003487
:1031400023100C403100CD003403D00C403300CDAF
:10315000003403D00C404B200C00000000000000A5
:1031600017A815005F007C01F005C017005F007C08
:1031700001F005C017005F00FC05F005C017006FE7
:1031800080CD817005C11B0071031C417107C1DC3A
:10319000085F04BC293405C015005F007C01F00500
:1031A000C017005F007C01F005C05F200600000032
:1031B00000000000120007001F007C00F001C007A3
:1031C000001F007C00F001C007001F007C20F00100
:1031D000C007001F067C10B001C087061F00450015
:1031E000F001C007021F027C08F001C007001F00A9
:1031F0007C00F001C007001F007C00F001C04B0004
:103200000C00000000000000100827009F007C0256
:10321000F009C027009F007C02F009C027009F0032
:103220007C26F009C067009F044C02F019C02700FB
:10323000931078873059C027019F01780A7049C0E0
:1032400027009F007C02F009C027009F007C02F04D
:1032500009C043200C0000000000000001202600EF
:103260009D007402D0094027009D007402D00940DF
:1032700027009D007406D0094067019D03440ED0CD
:103280008940670091017422103940A7009D0574A0
:103290000210094127009D007402D0094027009DBB
:1032A000007402D009400700080000000000000080
:1032B00018A024009D007402D0094027009D0074CE
:1032C00002D0094027009D007402D009402701DD8B
:1032D0000044225009403702910876031029402704
:1032E000049D08740211094027009D007402D00952
:1032F0004027009D007402D00940630002000000D6
:1033000000000000102020008D003402D00840236F
:10331000008D003402D0084023008D003412D00804
:103320004023008D000482D00C40374081003603DA
:1033300014084023008D00340210084023008D0043
:103340003402D0084023008D003402D0084043806E
:1033500000000000000000001DB006201F407C009F
:10336000F001C007001F007C00F001C007001F0033
:103370007C28F001C007005F004C017001C007000D
:1033800053007C003201C007001F807C017401C023
:1033900007001F007C00F001C007001F007C00F048
:1033A00001C077C00A0000000000000019B8270023
:1033B0009F007C02F009C027009F007C02F009C03A
:1033C00027009F00FC22F009C02700AF00FD02F09B
:1033D0000BC02B80BF007C02F20FC22F00BE00BCCE
:1033E00002F009C027009F007C02F009C027009F5F
:1033F000007C02F009C067600E00000000000000C1
:1034000019A027009F007C02F009C027009F007CC4
:1034100002F009C027009F00FC46F009C02F80BFC2
:1034200000DC02F00B882F10BB008C02700BC02C4C
:1034300000BBA0EC02300AC427009F007C02F00908
:10344000C027009F007C02F009C067000E0000004A
:10345000000000001C0807001D007400D001400798
:10346000001D007400D0014007001D007414D0013D
:103470004007081D004400110140071811004401D5
:1034800010014004001100440050014007001D00DD
:103490007400D0014007001D007400D0014073206B
:1034A0000C0000000000000012A023008D00340278
:1034B000D0084023008D003402D0084023008D0046
:1034C0003442D0084023009D00540250084023009D
:1034D00089401482D00860269899006602580C40F2
:1034E00023008D003402D0084023008D003402D028
:1034F00008404B800E0000000000000018882500E6
:103500009D007402D0094027009D007402D009403C
:1035100027009D007402D0094027009D02441250EC
:10352000194027019980530290094826809D004444
:103530000250090027009D007402D0094027009D19
:10354000007402D009406320060000000000000063
:1035500005A827009F007C02D009C027009F007C9F
:1035600002F009C027009F007C4EF009C027009D93
:10357000001C427009C023009B111C0AF008C062A5
:10358000048BE02CCE70098027009F007C02F0099C
:10359000C027009F007C02F009C017200E00000029
:1035A00000000000178025009F007C02F009C02762
:1035B000009F007C02F009C027009F007C16F009E4
:1035C000C027049F127C823009C0270097046C1228
:1035D0007029D0250193097C0EF009C027009F00B7
:1035E0007C02F009C027009F007C02F009C05F0048
:1035F0000600000000000000140805001F007C0009
:10360000F001C007001F007C00F001C007001F0090
:103610007C003001C007001F427E08B001C00710C7
:103620001F047C18B001C0850216006C08F201D09E
:1036300004001F007C00F001C007001F007C00F0A8
:1036400001C05320040000000000000014A014007A
:103650005D207401D0054017005F007401D0054063
:1036600017005D00F429B005401F016D03F66D10D1
:103670003740DF206D07F0011227C49C107C81F4D5
:1036800001C0074014005D007401D0054017005DC3
:10369000007401D00540530002000000000000004B
:1036A00014A03200CD003403D00C403300CD0034E0
:1036B00003D00C403300CD003409100C4453004DAE
:1036C00043340D805C40D314CD013627906C50728A
:1036D00011C40E2611D00C683100CC003403D00C7C
:1036E000403300CD003403D00C4053000A000000EA
:1036F0000000000005803800ED00B603D00E403B0E
:1037000000E500B403D00E403B00ED00B407900E7E
:10371000400B00AD02F401100A413B042D40B4837C
:10372000100A403800ED00B409D01A403900ED000D
:10373000B403D00E403B00ED00B403D00E401700A0
:10374000020000000000000015107800EF01BC0727
:10375000F01EC07B00ED01BC07F01EC07B00EF0136
:10376000FC05301EC07B006F01B406B01EC07B0894
:10377000EF01BC07B012847A006721AC04F01EC0D0
:103780007900EF01BC07F01EC07B00EF01BC07F021
:103790001EC05740000000000000000010B83500B7
:1037A000DF007C03F00DC03700DF007C03F00DC0AC
:1037B0003700DF007C02F00DC007009F003C03F0E3
:1037C00001C037101F607C02F0008017005F007C92
:1037D00000F00DC03600DF007C03F00DC03700DFC5
:1037E000007C03F00DC043600600000000000000F4
:1037F00002A07F00FF01FC07F01FC07F00FF01FC5B
:1038000007F01FC07F00FF01FC07F01FC07B0037DF
:1038100001FC06349F847F003309CC35301FC27F02
:1038200010F701BC04301FC27C00FF01FC07F01F31
:10383000C07F00FF01FC07F01FC00B000E0000005E
:103840000000000015883900ED00B403D00E403BA5
:1038500000ED00B403D00E403B00ED00B40BD00EE1
:10386000402B002100B442102A423B222102843224
:103870001002441B026D08B481B00E403900ED0007
:10388000B403D00E403B00ED00B403D00E405720EF
:10389000060000000000000008003900ED00B4033D
:1038A000D00E403B00ED00B403D00E403B00ED00D5
:1038B000B403D00E403B002518B4221002603B0038
:1038C000319085331882402B002D00F400100E40FB
:1038D0003900ED00B403D00E403B00ED00B403D03E
:1038E0000E40030004000000000000000628330022
:1038F000CD003403D00C403300CD003403D00C4055
:103900003300CD00341AD00C4013008100348210F3
:103910000040B3000100243A10404003800D003401
:1039200008900C403100CD003403D00C403300CD62
:10393000003403D00C401B200C00000000000000ED
:1039400004A83500DF007C03D00DC03700DD007C0B
:1039500003F00DC03700DF007C00F00DC0170057EA
:10396000037C24300D80D742D3014C07343040878C
:103970008057057C151008C03500DF007C03F00D72
:10398000C03700DF007C03F00DC0532006000000AC
:103990000000000021003700DF007C03F00DC0377D
:1039A00000DF007C03F00DC03700DF007C01F00D6C
:1039B000C0B7009F027C09F039C077001F105C0A75
:1039C000F1A1C097061F427C41F009C03700DF001B
:1039D0007C03F00DC03700DF007C03F00DC0070052
:1039E0000C0000000000000001083F00FF00FC0385
:1039F000F00FC03F00FF00FC03F00FC03F00FF00CE
:103A0000FC00F00FC01F007F73CC827003C07F00EA
:103A10003F00FC033003C80C087F00FC00B00BC063
:103A20003C00FF00FC03F00FC03F00FF00FC03F070
:103A30000FC007200C00000000000000012036002D
:103A4000DD007403D00D483700DD007403D00D4055
:103A50003700DD00F40CD00D4047040D115409D09F
:103A6000314437021D433416503141D500190774D3
:103A70000ED031403400DD007403D00D403700DD3E
:103A8000007403D00D400700080000000000000093
:103A900001A03400DD007403D00D403700DD007458
:103AA00003D00D403700DD007406D00D4057009D57
:103AB000004446D01D4027001D01660710114044F8
:103AC000045D017445D039403400DD007403D00D2D
:103AD000403700DD007403D00D40070002000000F5
:103AE0000000000010203000CD003403D00C403323
:103AF00000CD003403D00C403300CD003401D00C95
:103B00004013005D001400D0084033000D40340223
:103B1000500140110009003403D008403000CD00AE
:103B20003403D00C403300C9003403D00C40428031
:103B3000000000000000000001B03600DF007C0340
:103B4000F00DC03780DF007C03F00DC03700DF00D0
:103B50007C02F00DC017005F004C027001C03700FE
:103B60001F007C032201E004001F007C00B209D08A
:103B70003400DF007C03F00DC03700DF007C03F071
:103B80000DC007C00A0000000000000005B83F009B
:103B9000FF00FC03F00FC03F00FF00FC03F00FC06C
:103BA0003F00FF00FC00F00FC01F283F00BC00F2E8
:103BB00003C03B002F00BC82F103C00F003B00FCA0
:103BC00000F002C03F00FF00FC03F00FC03F00FF09
:103BD00000FC03F00FC017600E00000000000000A2
:103BE00003A80F06A301FC27F01FC07F00EF01DC34
:103BF00007F01FC07E00FF01FC07F01FC07F00FF21
:103C000001FC073013003D0A3709CC503013C06C5B
:103C1000003B14CC04F012C07F00FF01FC07F01F32
:103C2000C07F00FF01FC07F01FC00F000E00000066
:103C30000000000001188701D1617413D01D427784
:103C400000DD014407D01D407700DD017407D01D61
:103C5000407700DD01740310494234111100440C17
:103C60001019404400110344047011407710D3012F
:103C70007407D01D407600DD017407D01DC00720F9
:103C80000C0000000000000010A0031081003403AD
:103C9000D00C403300CD001403D00C403200CD00D6
:103CA0003403D00C403300CD003403100C413101FB
:103CB0000D000400500044110009000400D0004031
:103CC0003300CD003403D00C403300CD003403D09A
:103CD0000C4043800E0000000000000003A015000F
:103CE000D1037403D00D403700DD004403D00D40F4
:103CF0003700DC007403D00D403700DD0074031082
:103D00000D40340059044444101D44340011014452
:103D1000024801413780D1007403D00D403600DDE8
:103D2000007403D00D400F200600000000000000CA
:103D30000021154193017C03F00DC03720CF005DB9
:103D400003F00DC03600DF007C03F00DC03700DF4C
:103D5000007C033005C03D001F034D043411C0B585
:103D6000000B034C94FA81C23700DF007C03F00D96
:103D7000C03700DF007C03F00DC00B200E000000F8
:103D80000000000087082560FF00FC03F00FC03F23
:103D900000FB00FC03F00FC03F00FF00FC03F00F2E
:103DA000C03F00FF00FC03F20FC8370477217C00FE
:103DB000F00FD0BE001D00FCD4721BE03F00F700E6
:103DC000FC03F00FC03F00FF00FC03F00FC01D001C
:103DD00006000000000000000308150093074C03D4
:103DE000340DC03700DF004C03F00DC03700DF009A
:103DF0007C03F00DC03700DF007E03700DC137007B
:103E0000170E4C087081C0B400170A6C013025C031
:103E10003400DF007C03F00DC03700DF007C03F0CE
:103E20000DC00F2004000000000000001320740AE1
:103E3000D1034403100D403700DD014403D00D4091
:103E40003700DD007403D00D403700DD007403102F
:103E50002D40FF0051011C18123C80300211085403
:103E60000B30D558F400DD007403D00D423700DD6F
:103E7000007403D00D404F0002000000000000005D
:103E800007A0A602C1020403100C403300CD0804B1
:103E900083D00C403300CD003403D00C403300CD30
:103EA0000074035031407700950304185058409136
:103EB0000205023408C02000B003CD001403D00C6A
:103EC000403300CD003403D00C401F000A00000036
:103ED0000000000006804802E1018407101E407BBC
:103EE00000ED038507D01E407B00ED01B407D01E16
:103EF000007B00ED01B407181A407B0221C994042D
:103F0000129B607980A10194C55896407800EC011D
:103F1000B407D01E407B00ED01B407D01E401B004B
:103F2000020000000000000012102040C3004C03FB
:103F3000300CC03300CF040D03F00CC03300CF08A9
:103F40003C03F00C003300CF007403704CC13326E7
:103F5000D5000D20732CD0910087002800E408C004
:103F60003000CF003C03F00CC03380CF003C03F0A6
:103F70000CC04B40000000000000000002B81D8093
:103F8000FF08F023F00FC03F02FF00FE03F00FC058
:103F90003F00FF00FC03F00FC03F00FF00FC03F2F6
:103FA0000FC03F027F20FC81B00EC03A02FF00A488
:103FB00001B00FC23F00FE00FC23F00FC03F00FF26
:103FC00000FC03F00FC00B600600000000000000C2
:103FD00015A83700D3016C03F00DC03700DF004C8B
:103FE00003F00DC03700DF007C03F00DC03728DF81
:103FF000207C03B005C03700C3006D03F00DC03551
:104000004053000C023010C03600DF007C03F00D7E
:10401000C03700DF007C03F00DC057000E00000029
:104020000000000013982910E1008503D20E403BE8
:1040300000ED008403D00E403B00ED00B403D00E31
:10404000403B00ED00F403100E80398063008C03C8
:10405000D00E403800E1009400110A403800ED0015
:10406000B403D00E403B00ED00B403D00E404F200F
:104070000600000000000000030071007101A407A9
:10408000D01E407B00ED018407D01E407B00ED0177
:10409000B407D01E407B00ED01B407901E407308AA
:1040A000F1018407D91E417900C111C40A103240C0
:1040B0007A00ED01B407D01E407B00ED01B407D0BB
:1040C0001E400F0004000000000000001220B34258
:1040D000C1064403D00C403320CD000403D00C4073
:1040E0003300CD003403D00C403300CD00740310F6
:1040F0000C48310051000413D01C48F102C1801457
:104100004B103C403200CD003403D00C483300CD7E
:10411000003403D00C404B200C00000000000000D5
:1041200017A85D0073026C01F105C017005F004D18
:1041300001F005C017005F007C01F005E017005F8B
:10414000007C01B046C017407305CC0DF016C019B5
:10415000007301CC0D3007C016005F007C01F8052C
:10416000C017005F007C01F005C05F200600000062
:1041700000000000120003441F827C00F001C00711
:10418000001B027D00F001C007001F007C00F00151
:10419000C007001F007C00F021C2870017007C28A8
:1041A000F0219886041F027C00F041C085001F00AA
:1041B0007C00F001C007001F007C00F001C04B0034
:1041C0000C000000000000001008270093807C0213
:1041D0003009C027209F016C02F009C027009F0012
:1041E0007C02F009C027009F007C023409C820002F
:1041F00097020C023059C0E4408B005C0EF009C0FD
:1042000067009F007C02F009C027009F007C02F03D
:1042100009C043200C000000000000000120E6401F
:104220009192700210094027008D004402D009408D
:1042300027009D007402D0094027009D00740210E1
:104240001942E4009183541AB11950A401930C4C03
:104250001AD20940A7019D007402D0094027009D91
:10426000007402D0094007000800000000000000B0
:104270001820A4019100700210094027009D1864C5
:1042800002D0094027809D007402D0094027009D7C
:10429000007402101971A401D51046221809402497
:1042A00000D1005402D0094427129D407402D00965
:1042B0004027009D007402D0094063000200000006
:1042C0000000000010202009810034021008402363
:1042D000008D000402D0084023008D003402D00875
:1042E0004023008D00340210096021018100141266
:1042F000910954200081840402D2084823008D00D3
:104300003002D0084023008D003402D008404380A2
:1043100000000000000000001C10840213007C2834
:104320003401C007001F006C80F001C007001F00AF
:104330007C00F001C007001D007C2810A140840A09
:10434000170A4C003005C0040013005C00F001C8DF
:1043500007001F007C00F001C007001F007C00F078
:1043600001C073C00A0000000000000019B82F52FD
:10437000AF807402F009C827008F007C02F009C0EA
:1043800027009F007C02F009C027009F007C02F2FA
:104390001BC06602BF00FC22900AC42B00B708DCD9
:1043A00002F00BC027009FC07C02F009C027009FCD
:1043B000007C02F009C067600E00000000000000F1
:1043C00010A06F18B3004C0AF009C02700AF004CD2
:1043D00002F009C027009F007C02F009C027009F5F
:1043E000007C02300BC06F00B388EC12500BC82F5A
:1043F000109300DC02F00BC02C009F007C02F0093F
:10440000C027009F007C02F009C063000E0000007E
:10441000000000001C08832011006C04D001440738
:10442000081D004400D0014007001D007400D001A9
:104430004007001D0074D430014007001100440003
:10444000100140070011227C00D0014004001D0033
:104450007400D0014007001D007400D0014073209B
:104460000C0000000000000010A0A3008100041256
:10447000D0084023008D000402D0084023008D00A6
:104480003402D0084023008D003402100860A300DD
:1044900081002422580864630085081602D209446A
:1044A00022008D003402D0084023008D003402D059
:1044B000084043800E0000000000000018A87100B2
:1044C00091026402D0094027009D004402D00940B7
:1044D00027009D007402D0094027009D00740290BF
:1044E0006942270091004403100948270095237171
:1044F00042D0094826009D007402D0094027009D43
:10450000007402D009406320060000000000000093
:104510000528254083024C02F009C027008F004D7A
:1045200002F009C027009F007C02F009C027009F0D
:10453000007C023039C8274091016C067119C0E730
:104540000097005C06F0394126009D007C02F009CE
:10455000C027009F007C02F009C017200E00000059
:1045600000000000150025009F107002F009C02710
:10457000009D007C02F009C027009F007C02F0092A
:10458000C027009F007C027409C023009F043CE602
:10459000F259C02749CB007C12F039C025049F0096
:1045A0007C02F009C027009F007C02F009C0570080
:1045B00006000000000000001408050013005C0065
:1045C000F001C007001F084C00F001C007001F00E9
:1045D0007C00F001C007001F007C007001C10500D5
:1045E00013104C003101C00642170A5C48F1A1C209
:1045F00007001F007C00F001C007001F007C00F0D6
:1046000001C05320040000000000000014201C0022
:1046100071105401D0054017007D014401D00540C0
:1046200017005D007401D0054017005D0074011291
:1046300017419F187105C4051C374099025000C4EA
:1046400085D0B6C09D0057007401D0054017005DAD
:10465000007401D00540530002000000000000007B
:1046600014A0324449020403D00C4033008D1304DB
:1046700003D20C423300CD003403D00C403300CDC4
:10468000007403D004405101D1020527984C4232F6
:1046900000C501302BD81C405308CD003403D00C8A
:1046A000403300CD003403D00C4053000A0000001A
:1046B000000000000480B810F9209413D00E403B95
:1046C00000AD008503D00E403B00ED00B403D00EDA
:1046D000403B00ED00B403900E402304E1000403CE
:1046E0009437403B804100A403D81E403904E400C5
:1046F000B403D00E003B00ED00B403D00E40170011
:10470000020000000000000014107800EB019C1F64
:10471000F01EC07B00AF018C07F01EC07B00EF01D4
:10472000BC07F01EC07B00EF01FC07F01AC859401F
:1047300073018407911EC45A00A791BC07F80EC0EC
:104740005B00EF01BC07F01EC07B00EF01BC07F06F
:104750001EC05740000000000000000010B82500F7
:10476000C7007C03F00DC037001F007C03F00DC0B4
:104770003700DF007C03F00DC03700DF007C0370E2
:104780000DC017085F007C015004D011009F025C2F
:1047900003F00DC03700DF007C03F00DC03600DFF2
:1047A000007C03B00DC04360060000000000000064
:1047B00002A06F00EF21CC07F01FC07F00EF01CCFB
:1047C00007F01FC07F00FF01FC07F01FC07F00FF44
:1047D00001FC07F09FC07F00FF01C407341F407831
:1047E00093B309DC07309FC85810F701FC07F01F8E
:1047F000C07F00FF01FC07F01FC003000E00000097
:104800000000000015882906ED088403D08E403B87
:1048100000AD08AC23D08E403B02ED08B423D08E0F
:10482000403B02ED00B423D00A402B202F0094130C
:10483000B00A41B802617C8481B002C40B00E1007F
:10484000B403700E403B00ED00B403D00E4057207F
:10485000060000000000000000001900ED008503C4
:10486000D00E403B00ED008403D00E403B00ED0035
:10487000B403D00E403B00ED00B403D00A602B001F
:104880003D0084021007401C09A900D502100F4208
:104890001800E500B403D00E403B00ED00B403D097
:1048A0000E40030004000000000000000628230062
:1048B000CD060403D00C403300CD002403D00C40BF
:1048C0003300CD003403D00C403300CD003403D28C
:1048D000084223001506140098544290508902049F
:1048E000189030410300C0003403500C403300CD19
:1048F000003403D00C4013200C0000000000000026
:1049000014A81500CF01CC03F00DC037009F004C58
:1049100083F00DC03700DF007C03F00DC03700DFEF
:1049200000FC03F181C027001D074C17303CC094E8
:10493000001B015C0B304D401400D7007C03F00DD0
:10494000C03700DF007C03F00DC0572006000000D8
:104950000000000001001321DF017C03F00DC037CF
:10496000009F027C03F00DC03700DF007C03F00DD8
:10497000C03700DF007C83E005C027001F827C0277
:10498000F205C0170157027C2AF20DE0B500DF00E6
:104990007C03F00DC43700DB007C03F00DC0070082
:1049A0000C0000000000000080083F00F300CD0371
:1049B000F00FC03F00BF00CC03F00FC03F00FF006E
:1049C000FC03F00FC03F00FF00EC03F00BC03F0002
:1049D0003F006C03340FC01C000311CD01300FC029
:1049E0001F08FD00FC03F00FC03F00FF00FC03F0B8
:1049F0000FC003220C0000000000000081001628F8
:104A0000D0134003D00DC037008D055403D00D40A6
:104A10003700DD007403D00D403600DD00F403D014
:104A20001D4457011D010400118140D100150204ED
:104A30008C500D40F70CDD007403D00D403700DDC5
:104A4000007403D00D4007020800000000000000C1
:104A500001200402D0814403D10D4037009D01455F
:104A600003D00D403700DD007403D00D403700DD6A
:104A7000007403D0194167001D036411100D4074C8
:104A80000011144453100D405500DD007403D00D87
:104A9000403708D5007403D00D6007000200000005
:104AA000000000001000008891000403D00C403387
:104AB000088D001403D00C403300CD003403D00C1B
:104AC000403300CD003403D0004023000D0014001B
:104AD0001209401500450004005000400300CD00BD
:104AE0003403D00C403300CD003403D00C4043805D
:104AF000000000000000000000100600D3004C037E
:104B0000F00DC037009F004C03F00DC03700DF00F0
:104B10007C03F00DC03700DF006C03F009C02720D4
:104B20001F006D003005D0340013004C00300DE044
:104B30002700DF007C03F00DC03700D7007C03F0B6
:104B40000DC003C00A0000000000000005B80F40BF
:104B5000BF00FC03F00FC03D00BF00FC03F00FC01E
:104B60003F00FF00FC03F00FC03E00FF00FC03F01D
:104B70000BC22F002F00EC00F002C00F103F20BC32
:104B800000F002C02F00FF00F803F00FC03F00FF4D
:104B900000FC03F00FC017600E00000000000000D2
:104BA00003A07F20FF21FC07F01FC07F00FF01FC56
:104BB00007F01FC07F00FF01FC00301FC00F003B4B
:104BC00001BC06D017C05808F301AC04321BC06CFE
:104BD000002701E404E01BC07C00FF01FC07F01F7C
:104BE000C07F00FF01FC07F01FC00F000E00000097
:104BF0000000000003087700DD017407D01D407736
:104C000000DD017407D01D407700DF017400101D26
:104C1000005700900174069011405400D52164069D
:104C200010194074001D015404D019407400DD01B6
:104C30007407D01D407700DD017407D01D400F20A0
:104C40000C0000000000000013A03300CD0034036E
:104C5000D00C403300CD003403D00C403300CD00E5
:104C60003402100C04032008403400D200681020E5
:104C7000C900740050016800000DA03480D00940C4
:104C80003000CD003403D00C403300CD003403D0CD
:104C90000C404F800E0000000000000003A835000B
:104CA000DD007403D00D403700DD007403D00D40EB
:104CB0003700D5007482100D42070891107400D897
:104CC00041403400DD24748410194144001D035414
:104CD00005D069403400DD007403D00D403700DD9D
:104CE000007403D00D400F200600000000000000FB
:104CF00002A83700DF007C03F00DC03700DF007C26
:104D000003F00DC03700DD00FC07340DC047001B69
:104D1000017C30F001C2100019403C447418C0649A
:104D20000017016C0CF038403400DF007C03F00DFC
:104D3000C03700DF007C03F00DC00B200E00000028
:104D40000000000005803D00FF00FC03F00FC03FA5
:104D500000FF00FC03F00FC03F00FF00FC23F00F3A
:104D6000C017063F48FC05B21FC03F20F701EC0208
:104D7000F00BD03F90BF00EC00F00FC03F00FF00F1
:104D8000FC03F00FC03F00FF00FC03F00FC0170052
:104D9000060000000000000003083500DF007C036F
:104DA000F00DC03700DF007C03F00DC03700DF00DE
:104DB0007C13300DC0270013007C003125C0154046
:104DC000D72858211429C0370193046C4AF00DC02C
:104DD0003700DF007C03F00DC03700DF007C03F0FC
:104DE0000DC00F2004000000000000001BA03400D4
:104DF000DD007403D00D403700DD007403D00D409A
:104E00003700DD007403100D406204111374441068
:104E10009841E408D10B500550894177018106443F
:104E200001D079403700DD007403D00D403700DD3C
:104E3000007403D00D404F0002000000000000008D
:104E400007A03200CD003403D00C403300CD003435
:104E500003D00C403300CD007401100C40C300455A
:104E600005344A1020409014C5021410903840B305
:104E70000005030000D048403300CD003403D00CBF
:104E8000403300CD003403D00C401F000A00000066
:104E9000000000001F807800ED01B407D01E407BA9
:104EA00000ED01B407D01E407B00ED01B445101E9B
:104EB000405B02E109F4069013405A04E1018426A4
:104EC000981E407A20B1018484D016407B00ED0109
:104ED000B407D01E407B00ED01B407D01E401F0078
:104EE000020000000000000012103000CF003C0360
:104EF000F00CC03300CF003C03F00CC03300CF00F7
:104F00007C03348CC0134087003C033000C0100089
:104F1000C7001C02B00CC0132187080D20F088C206
:104F20003300CF003C03F00CC03300CF003C03F053
:104F30000CC04B40000000000000000002B83D0023
:104F4000FF00FC03F00FC03F00FF00FC03F00FC0A8
:104F50003F00FF00FC03F00F841E08BF00F4003088
:104F600002043D00EF80FC80708FC01B40BF00DC5E
:104F700021F08BC03F02FF00FC03F00FC03F00FF99
:104F800000FC03F00FC00B600600000000000000F2
:104F900015A03700DF007C03F00DC03700DF007C78
:104FA00003F00DC03700DF007C03F00DC4470003A1
:104FB000006C043129C017005B003C00700DC0314B
:104FC000401B807C80F009C83710DF007C03F00DA7
:104FD000C03700DF007C03F00DC057000E0000005A
:104FE0000000000013883900ED00B403D00E403BF0
:104FF00000ED00B403D00E403B00ED00B403D00E32
:10500000081B40A4008400118A403B10E180AC03DF
:10501000100E403B40A580B400D00A403B00ED009C
:10502000B403D00E403B00ED00B403D00E404F203F
:10503000060000000000000001007900ED01B40747
:10504000D01E407B00ED01B407D01E407B00ED0177
:10505000B407D01E487308A803A404121E605B8422
:10506000ED01B407D11E407D84A911B407DA1A45B9
:105070007B00ED01B407D01E407B00ED01B407D0EA
:105080001E4007000400000000000000122833004A
:10509000CD003403D00C403300CD003403D00C409D
:1050A0003300CD0034A7D00C40B3008910041C108D
:1050B00038406310C5031401D81C493300C550346F
:1050C00037D848403300CD003403D00C403300CDF6
:1050D000003403D00C404B200C0000000000000006
:1050E00017A815005F007C01F005C017005F007C69
:1050F00001F005C017005F00BC09F005C01F006B80
:1051000001EC053065C01B027F24F445D027C01D8B
:10511000107B02FE09F037C417005F007C01F00528
:10512000C017005F007C01F005C05F200600000092
:1051300000000000120007001F007C00F001C00703
:10514000001F007C00F001C007001F007C40F00140
:10515000C0070417007C20F401C007001B106C0876
:1051600010818007041F007E00F001C007001E00B0
:105170007C00F001C007001F007C00F001C04B0064
:105180000C00000000000000100827009F007C02B7
:10519000F009C027009F007C02F009C027009F0093
:1051A0007C163009C067009F014C0AF05DC12700E2
:1051B00093007C163089C224089300748A3209CC8B
:1051C00024009F007C02F009C027009F007C02F0B1
:1051D00009C043200C000000000000000120260050
:1051E0009D007402D0094027009D00740290094080
:1051F00027009D006402100940E7009D03440ED083
:1052000039C0240091033416100840A000950034E2
:105210000A30084024009D007402D0094027009DF8
:10522000007402D0094007000800000000000000E0
:1052300018A024009D007402D0094027009D00742E
:1052400002D0094027009D007402100940A7829DEA
:10525000184402D20D4125409111740218094124CD
:1052600048910A740310094024009D007402D0097B
:105270004027009D007402D0094063000200000036
:1052800000000000102020008D003402D0084023D0
:10529000008D003402D0084023008D0064121008F5
:1052A0004023019D000403D0084024008100348283
:1052B000100842340081803483140C4220008D0099
:1052C0003402D0084023008D003402D008404380CF
:1052D00000000000000000001CB006001F007C0061
:1052E000F001C007001F007C00F001C007001F0094
:1052F00074283401C007001F204C00F001C00500D5
:1053000011007C003401C0040013007C003201D085
:1053100004001F007C00F001C007001F007C00F0AB
:1053200001C073C00A0000000000000019B8270087
:105330009F007C02F009C027009F007C02B009C0DA
:1053400027009F00E822F009C02F02BF00BD02D055
:1053500009402800BF00F002F00BD42F00BF00FC72
:1053600002700FC027009F007C02F009C027009F39
:10537000007C02F009C067600E0000000000000021
:1053800018A027009F007C02F009C027009F007C26
:1053900002F009C027009F00FC5EF009C02F00A3A7
:1053A000004C02F00BC82F08B300FC02F00AC02822
:1053B00000B700BC82F009C027009F007C02F00902
:1053C000C027009F007C02F009C063000E000000AF
:1053D000000000001C0807001D007400D0014007F9
:1053E000001D007400D0014007001D007604F80184
:1053F00040074011005401D2014007001100740021
:10540000D00148044015005C0070014007001D00F9
:105410007400D0014007001D007400D001407320CB
:105420000C0000000000000012A023008D003402D8
:10543000D0084023008D003402D0084023008D00A6
:105440003402D00840230081000402D008602720E5
:1054500081003602D80840200881013606D0084471
:1054600023008D003402D0084023008D003402D088
:1054700008404B800E0000000000000018A8250026
:105480009D007402D0094027009D007402D009409D
:1054900027009D00740A520940270191005402D050
:1054A000096827089100760AD02954258095085468
:1054B0000250094027009D007402D0094027009D3A
:1054C000007402D0094063200600000000000000C4
:1054D00005A827009F007C02F009C027009F007CE0
:1054E00002F009C027009F00740AD009C0E70183B9
:1054F0001A4C06F11940230193117C2ED0984020BC
:105500000393007C2AE009C027009F007C02F00979
:10551000C027009F007C02F009C017200E00000089
:1055200000000000178025009F007C02F009C027C2
:10553000009F007C02F009C027009F007C02F00958
:10554000C063009F017C17F049C027419F247C065F
:10555000F209C426009F005C06702DC027009F0042
:105560007C02F009C027009F007C02F009C05F00A8
:105570000600000000000000140805001F007C0069
:10558000F001C007001F007C00F001C007001F00F1
:105590007C00F001C80740138048E03011C007408C
:1055A00011007C0870A1C0044013047C007081C00D
:1055B00004001F007C00F001C007001F007C00F009
:1055C00001C05320040000000000000014A01400DB
:1055D0005D007401D0054017005D007401D00540E6
:1055E00017005D00F46DD005401F087B0B7C0502A1
:1055F00007C05D007192F411C03760DC117503F0D3
:105600000910154014005D007401D0054017005DBD
:10561000007401D0054053000200000000000000AB
:1056200014A03200CD003403D00C403300CD003440
:1056300003D00C403300CD00340DD80C44A30441FA
:10564000020405101C087381C1043417C00841729C
:105650000CC801344D501C413000CD003403D00C37
:10566000403300CD003403D00C4053000A0000004A
:105670000000000005803800ED00B403D00E403B70
:1056800000ED00B403D00E403B00ED00B402D00E9C
:10569000400F84E902E4051006412D14E100A40343
:1056A000900A403800ED10B445501F403800ED001E
:1056B000B403D00E403B00ED00B403D00E40170001
:1056C000020000000000000015107800EF01BC0788
:1056D000F01EC07B00EF01BC07D01E407B00EF0135
:1056E000B404F01EC05B00A3018C05301EC87B40D3
:1056F0002301BC06F01EC07A08EB41BC07721ED025
:105700007800EF01BC07F01EC07B00EF01BC07F082
:105710001EC05740000000000000000010B8350017
:10572000DF007C03F00DC03700DF007C03F00DC00C
:105730003700DF00FC02D00DC00300DF803C09F41D
:1057400001C023001F007002F00DD0370057007C0D
:1057500001B04CC03700DF007C03F00DC03700DF24
:10576000007C03F00DC04360060000000000000054
:1057700000A07F00FF01FC07F01FC07F00FF01FCBD
:1057800007F01FC07F00FF01FC07301FC87F00FE2D
:1057900001CC2FF017C07B106301CC07F05AC07802
:1057A00020F329FC0730BBC07F00FF01FC07F01F7E
:1057B000C07F00FF01FC07F01FC003000E000000C7
:1057C0000000000015883900ED00B403D00E403B06
:1057D00000ED00B403F00E403B00EF00B483500E28
:1057E000402B00ED008439D222413B42AB00848241
:1057F000F14EC03B20AB22A41110EE413B00ED0066
:10580000B403D00E403B00ED00B403D00E4057204F
:10581000060000000000000000003900ED00B403A5
:10582000D00E403B00ED00B403D00E403B00ED0035
:10583000B403100E400B00FD008401D106403B0074
:1058400035008402D0CE623D02A110F60918026430
:105850003B00ED00B403D00E403B00ED00B403D09C
:105860000E40030004000000000000000428330084
:10587000CD003403D00C403300C9003403500C4039
:105880003300C5002403500C000300CD260519D2B7
:105890000040B20A011104425078601180090624C8
:1058A00027103C403300CD003403D00C403300CDF2
:1058B000003403D00C4013200C0000000000000056
:1058C00015A83500DF007C03F00DC03700DF007C39
:1058D00003D00DC03700DD007C03300DC06300DF56
:1058E000004C07F02D40330095004C19D0694071F1
:1058F0000093017C043435C03700DF007C03F00DD9
:10590000C03700DF007C03F00DC057200600000008
:105910000000000001003700DF007C03F00DC037FD
:1059200000DF007C03F00DC03700DF007C0AF00DC3
:10593000C26700DF027C22F001C1B7009F0A7C032E
:10594000F2290037029F206C00F04DC03700DF00C5
:105950007C03F00DC03700DF007C03F00DC00700B2
:105960000C0000000000000080083F00FF00FC0366
:10597000F00FC03F00FF00FC03F00FC03F00FF002E
:105980007C02300FC00F02F381FC26F007C03F46B7
:105990003300FC267017803F20B740FC03F037C06F
:1059A0003F00FF00FC03F00FC03F00FF00FC03F0CE
:1059B0000FC003220C000000000000000120360090
:1059C000DD007403D00D403600D9007403D00D40C3
:1059D0003700DD00B442500D40C700D518740AD21C
:1059E0003140F7001103340210A940F7411103744C
:1059F00001D03D403700DD007403D00D403700DD9D
:105A0000007403D00D4007000800000000000000F3
:105A100001A03400DD007403D00D403700DD0074B8
:105A200003D00D403700DD007403100D402704D172
:105A3000007400D0154017049123740A500941776F
:105A40000015017413D00D403700DD007403D00D34
:105A5000403700DD007403D00D4007000200000055
:105A60000000000010203000CD003403D00C403383
:105A700000CD003403D00C403300CD003403500C73
:105A8000402640C1003400D0004033008100348201
:105A9000100440270001002401D00C403300CD0049
:105AA0003403D00C403300CD003403D00C4043808D
:105AB000000000000000000000B03600DF007C03A2
:105AC000F00DC03700DF007C03F00DC03700DF00B1
:105AD0007C03300DC02700D3007C00F005C81740C0
:105AE00013007C02700DC0370017007C01F00DC060
:105AF0003700DF007C03F00DC03700DF007C03F0CF
:105B00000DC003C00A0000000000000005B83F00FF
:105B1000FF00F403F00FC03E00FB00FC03F00FC0D9
:105B20003F80FF00FC03F00FC00F20EF00FC00F0EF
:105B300003C43F003D00FC02F20BC02F003F00BC3D
:105B400003F00FC03F00FF00FC03F00FC03F00FF59
:105B500000FC03F00FC017600E0000000000000002
:105B600003A00F03A301EC07F01FC07F02FF89FC15
:105B7000A7301BC0FF00F301FC26329FC07C006FE2
:105B800001CC07F01FC07E00FF01CC07F01FC04C06
:105B9000023F409C07341FC47F08FF01FC07F01F31
:105BA000C03F00FB01FC07F01FC00C000E0000000E
:105BB000000000000108870091044407D04D4137E0
:105BC00001DD047413100D413700D5147412104D0B
:105BD000403405DD105410D2114047001D0145042A
:105BE000D00145051111094407501D407600DD0123
:105BF0007407D01D427F00D1017407D00D400520ED
:105C00000C0000000000000010A0938185500403E8
:105C1000D00C403301C50434131048003301C100D7
:105C20003412904C4030004D040441D100422220F7
:105C30009D00000050456002010D0014031A0C4045
:105C40003380CD003403D00C423300CD003403D078
:105C50000C4042800E0000000000000003A8050078
:105C600095004403D00D403700DD04340310194083
:105C70003700D5007406900D403400DD005402D08A
:105C80000D4017005D004403D009404700118144D6
:105C900023582D403680DD007403D00D403700D5E9
:105CA000007403D00C400F2006000000000000002C
:105CB00000A8070187006D03F00DC03700DF017CED
:105CC000233039C13700D3007C06B00DD034005FDB
:105CD000004C03F00DC016804F004C03F00840C686
:105CE000001F871C4B3495803700DF207C03F00DAC
:105CF000C03700DF007C03F00DC00A200E0000005A
:105D00000000000007803500BB09FC03F00FC23F14
:105D100000FF01FC07F40BC03F00FF20FC02740FE2
:105D2000C03F00FF40FE24E903C82F00BF00FC0075
:105D3000F007C22D080F00FC83A00FC03F00FF003A
:105D4000FC03F80FC03F00F300FC03F00FC01D0080
:105D500006000000000000000308110193004C033E
:105D6000F00DC03700D3007C133009C03500D700D8
:105D70004C03F04DC4370053004C01B001C1071073
:105D80001F007C003001C0A70013804C03786DC059
:105D90003700DB046C13F04DC03300DF007C03F0F0
:105DA0000DC00C20040000000000000013A07404CB
:105DB00090135403D00D403700D100740B100940EC
:105DC0003700DD004403D03D403700D100440210CD
:105DD0002D403700DD01740714CD4024001100442C
:105DE00003106D007701DD007403D07DC03D00D746
:105DF000007403D00DC04E0002000000000000003F
:105E000007A0A20089040503D01C403300C1003460
:105E1000031408403408C5004402500D40330051BB
:105E200000040690AC603300CD013613502C4005C1
:105E30000001800400D10842B304C90B3407D00C20
:105E400040B306C9003403D00C401E000A00000015
:105E50000000000006804802A9019407D01E407B84
:105E600000E101B407101A407B00ED018406D01E4A
:105E7000407B02F903C4251212404B002D01F4248B
:105E8000501240685021018407909E607B80ED0194
:105E9000B447D01E407900E501B407D01E401A0077
:105EA000020000000000000012103040CB080C037C
:105EB000F00CC13700C3087C033008C03100D700A4
:105EC0000C0AF00CC9374043180C40B000C0230046
:105ED0008F983C407805C02500C3040003D48CC0D3
:105EE0003312CB003403F00C803300CF003C03F0BE
:105EF0000DC04A40000000000000000002B80D0084
:105F0000F708FE23F00FC03F40B700F823F08BC026
:105F10003F00FF00FD00F08FC03F00F700BD03F021
:105F20008FC01F007D08B803B81B002D00F600FCD1
:105F300023708FC23F00FF08FC23F08FC0BF06FF15
:105F400000FC03F00FC00B60060000000000000022
:105F500015A0270093007C03F00DC03780DF007C84
:105F600002F019C07600D3007C06301DC0740053C7
:105F7000003C02300CC0100057007C073009801430
:105F8000009F204C03B80CC03400DF005C03F00D10
:105F9000C8F700DB007C03F00DC057000E000000C6
:105FA0000000000013883920EB00B403D20E403B00
:105FB00000ED00B403D002403800E100B402500EFE
:105FC000403800E500B401B002C02A00A100B400CE
:105FD000B007C03A00ED00BC03180EC03A00E7005D
:105FE000B403D00EC03B01E100B403D00E404F20FB
:105FF000060000000000000003007100E501B40786
:10600000D01E407B00ED41B447C23B407800E10127
:10601000B406101E4078006101B4045813024C000D
:106020002501F4041112657A00CD01C407501F4800
:106030007810ED01B407D01E407380E901B407D099
:106040001E400D0004000000000000001228F700B0
:10605000CD003403D00C403300DD013407D058406C
:106060003000C100344E500C403000C5003403D025
:106070000C403200C5103403901D40B602CD81346F
:1060800023501C603200C5003603D00C403300C1E1
:10609000003403D00C404B200C0000000000000036
:1060A00017A81D0157057C01F005C017005F017C92
:1060B00001F007D014005300FC1D300550140053AC
:1060C000003C017005C0940045027C013005C05EB3
:1060D000007F5ACC017427C114005F007C01F005D9
:1060E000C017005B007C01F005C05D2006000000C9
:1060F000000000001200070419027C00F001C00734
:10610000001F087C00F001C005501F007C00F0015A
:10611000C007001F00FC009003C00F013B02FC8081
:10612000F003C007811F027C401001C107001F025D
:106130007C00F021C005001F007C00F001C04B0076
:106140000C000000000000001008270093007C8273
:10615000F009C024009B004C023209C027029F00B6
:106160007C02F009C0A7009F027C02B039C0240065
:1061700093224C16F089C0260083016C02B009C43A
:1061800024009F837C22F209C827009F007C02F034
:1061900009C043200C000000000000000120E6447C
:1061A00091037402D02940A4009142040A102940AE
:1061B000E7009D02740AD02940A7009D00740A10D0
:1061C000385020809102454AD019402400910C0497
:1061D0000234084925009D027402D0094027019D20
:1061E000007402D009400700080000000000000011
:1061F00018A0240191047402D0284020249902445C
:106200000A122940A7009D02740AD02940A7009DC8
:1062100000F442900B412C60B100C402D00B403717
:10622000409100640298094024009D007602D00944
:106230004027009D007402D0094063000200000066
:106240000000000010202041C1003402D00840208E
:10625000008100440210086023008D003402D00841
:106260004023008D00B402100B402D00F100840289
:10627000D00A502100810404020009402100CD0011
:106280003402D00C4023018D003402D008404380FA
:1062900000000000000000001DB08602130A7C0010
:1062A000F0A1C084021B0A4C2834A1C083021F8ABB
:1062B0003C28F0A0C083021F0A7C28B101C0040062
:1062C00011004C00F0A7C0870213006C00B001C0A1
:1062D00004101F007C00F001C407001F007C00F0C8
:1062E000A1C073C00A0000000000000019B82F22EE
:1062F000BF007C02F009D02700BF40FD02F00A80F9
:1063000027009F00FC03F009C02700BF007C02F0BB
:1063100009C026009F003C02D009C06E00BF48BCE7
:1063200002700BC027109F007C02F009C027029F5B
:10633000007C02F009C067600E0000000000000051
:1063400019A06F00A3407C02F009C0240093004C08
:10635000023009C0240093004C023009C02400938D
:1063600000FC0AB00AC02500A7004C82308BC02771
:1063700002B3000C023009C027009F007C02F00924
:10638000C027009F007C02F009C063000E000000DF
:10639000000000001C08832011157400D001500477
:1063A0000011004500140150044011004500140183
:1063B00050044031007400920540070013006C0047
:1063C0005001400410138A6C81B001C00500170011
:1063D0007400D001400F0017007400D001407320FA
:1063E0000C0000000000000010A0A3008100360295
:1063F000D00A402800A1008402100A402800A10011
:106400008402100A402A00A1003403900864250089
:106410009D004402104940250189010402100A64CC
:106420002B00AD00B402D00A402B008D003402D006
:10643000084043800E0000000000000018A8312131
:1064400091087402D008403800A1048402106A4008
:106450002800A1008402100A402A00B100740A90AA
:1064600009402700D1046602D00901251091046477
:1064700002800B412D00B500F402D00B402F809517
:10648000007402D0094063200600000000000000F4
:1064900005A8274093017C02F009C0240093004C1A
:1064A000063029C0240093004C0E3009C02600930A
:1064B000003C02B099C0610097004C4A3028482146
:1064C000449B210E2630B9E027009F007C02F00992
:1064D000C027209D007C02F009C017200E0000009C
:1064E00000000000158025089F017C02F009C027EC
:1064F000409F007C12F009C027009F107C12F00919
:10650000C025049F107C027009C0A70097807C27DB
:106510007009C224009F007C06F009C027009F007C
:106520007C02F009C027009F007C02F009C05700E0
:1065300006000000000000001408050113004C00D4
:10654000F041C0040013004C003001C004001300EF
:106550004C403001C0040033004E0C3021C0060016
:106560001F006C00F021C0840017807C003423C021
:106570000F003F00FC00F003C00F001F007C00F084
:1065800001C05320040000000000000014A0DC043F
:1065900071044501D025401400510044011105400B
:1065A00014005100444910054094005102C40110E8
:1065B000074114006D0004057027801620614074A7
:1065C0000110154017045D007401D005C055005737
:1065D000007401D0054053000200000000000000DC
:1065E00014A07240C1052403D01C407000C10104F6
:1065F00007101C407004C103040B141C40F000C1C0
:1066000003040118044032004D082445D04C4031A9
:10661000000500340150106043000D003400D0002C
:10662000404300CD003403D00C4053000A0000006A
:106630000000000005802800E181A403D02E40B8AE
:1066400000E102840B102E40B800E1028403102EFA
:1066500040BA00E103840110176038007D00A441B6
:10666000D22E443B002980B401500E413BA0ED00E6
:10667000B603D00E403904ED00B403D00E4017002D
:106680000200000000000000151078006301AC0754
:10669000F017D07C407301CD053417D05C407301F6
:1066A000CD053017D05C40F101C503301EC07A0023
:1066B0006F01AC25F01FC0FD012701B405501AC0C1
:1066C0004B00EF01BC05F01AC06B00EF01BC07F0F6
:1066D0005EC05740000000000000000010B8150028
:1066E0005F005C03F005C037005F007C03F005C06D
:1066F00017005F007C01F00DC01500DF00FC03F007
:10670000054035085F005C017009C03E0017007C41
:1067100001B105C037001F007C02F005C01700D78B
:10672000007C03F00DC14360060000000000000083
:1067300002A07F00F301CC07F01BC06F00BF01CCAB
:1067400006F01BC06C00BF01CC07301BC06F002FD0
:10675000019C073016C078406301EC05301BC07FF8
:10676000103E018C053097C05F003F01FC24F01300
:10677000C05F02FF01FC07F01FC103000E00000014
:106780000000000015882902F100AC03D00E402B58
:1067900002AC008402D00A402800AD008403500EF1
:1067A000402B002D208422B002C03A002104AC60AE
:1067B000306B403C002188AC01100A482B00ED00F2
:1067C000B40BD00E402B00ED00B403D00E40572088
:1067D0000600000000000000100029006100840392
:1067E000D00A402B003D108400D002413800AD009B
:1067F000C4031002403B007D01D441100E403C0414
:106800006100D600100A603B002D00C401100E404C
:106810001B00ED00B481D00A403B80ED00B403D0F2
:106820000E400300040000000000000006282301C1
:1068300041012403D00D4023000D000426D0214047
:1068400030008D000403500C4033004D00048C9048
:10685000204032000104344114A941300005402495
:106860000D14704023000D003402D004400300CD0D
:10687000003403D00C4013200C0000000000000086
:106880001CA81511D3404C03F00DC01700DF014CBC
:1068900003F01DD03400DF004D02300DC03700DFA3
:1068A000085C293025C03400D3105C0F300DC23F86
:1068B00000DF004C191041C027001F007C02F005CA
:1068C000C00700DF007C03F00F40572006000000E7
:1068D0000000000001002360DF087C03F00DC0977A
:1068E00000DF007C03F06DC03700DF007C02F00D9C
:1068F000C03700DF007C01F085C93704DF42640146
:10690000700DC03704DB087C01F00DC01700DF00FC
:106910007C01D009C03700DF007C03F00DC0070008
:106920000C00000000000000010857017300CC03B8
:10693000F007C03E00FF00CC01F21FC01C207F0505
:10694000FC48F007C01F20FF00FC03300BC03F00D5
:106950003F00FC013003C03C002F01DC41B00B4084
:106960002F00FF00FC03F00FC82F00FF00FC03F016
:106970000FC003220C000000000000008120064030
:10698000C1014503D00540F400DD004407D02D408F
:1069900014005D007400D00D401700DD00348350FA
:1069A000114037001901340150314835801D12144F
:1069B0000110054097041D0074087011401700DD98
:1069C000007403D00D400702080000000000000022
:1069D00001A01400D1044403D009401602CD0144A3
:1069E00013D04D412400DD007403D0094027001D61
:1069F0000074039015403700DD01744310194034D2
:106A000000DD045401D0054037001D006602D0852A
:106A1000401700D5007403D00D40070002000000AD
:106A2000000000001020000091010403D00C401071
:106A300000CD010403D90C502010CD003403D00C3C
:106A40004023000D007402500040330089003602DC
:106A50005000003100CD0014011008400300CD00AB
:106A600034015008402300CD003403D00C60438033
:106A7000000000000000000001B0161053404C035D
:106A8000F009C03600DF004C01F00CC03400CF002C
:106A90007C03F001C437005F007C013109C037007E
:106AA0001F007C003009C434201D005C01F00DC0C3
:106AB0003710DF007C03F00DC03700D7007C03F0F7
:106AC0000FC003C00A0000000000000005B80F005E
:106AD0007F00FC03F00FC03F00EF00FD03F00FC08C
:106AE0003F00FF00BC03F00FC43F007F80FC00F0BC
:106AF00003C03F083F00BC01F003C03F002F00FC73
:106B000001F103C00F003F00FC007003C00F00FF45
:106B100000FC03F00FC017600E0000000000000032
:106B200003A07F00FF01FC07F01FC07F00FF01FCF6
:106B300007F01FC07F00FF01FC00340F807B00B313
:106B400001EC03B01FC07C00BF01EC84341BC04BC0
:106B500000B3018C87B01BC03C00F301FC07F01FA1
:106B6000C07F00FF01FC07F01FC00F000E000000F7
:106B70000000000001087700DD017C07D01D407790
:106B800000DD017407D01D407700DD017404101D85
:106B9000486740DB01C407111D4074009D01440695
:106BA0001200404740910144061015407D00D50178
:106BB0007407D01D407700DD017407D01D40072009
:106BC0000C0000000000000010A03300CD003403D2
:106BD000D00C403300CD003403D00C403300CD0046
:106BE0003400100C48378015402403920D602200B9
:106BF0009D813402400C40030089005403D00D48AD
:106C00003180C1003403D00C403300CD003403D0B8
:106C10000C4043800E0000000000000003A8350077
:106C2000DD005403D00D403700DD007403D00D406B
:106C30003708DD007441100D437720552864831018
:106C40002D4026019D005606503D404700990154B5
:106C500005503D403500D5007403D00D403700DDB0
:106C6000007403D00D400F2006000000000000005B
:106C700002A83700DF007403F00DC03700DF007C8E
:106C800003F00DC03700DF007C29302FC0F3005522
:106C900011EC03B01CC086010F003C047239C247DE
:106CA000049B035C0FF019C83D10D3007C03F00D6A
:106CB000C03700DF007C03F00DC00B200E00000089
:106CC0000000000007803D00FF00FC03F00FC03F04
:106CD00000FF00FC03F00FC03F00FF00FC06F08F38
:106CE000C03F007B01DC03F25FC06D003F48EC0257
:106CF000B003C00F00B700EC03B00BC33700FF00B8
:106D0000FC03F00FC03F00FF00FC03F00FC01F00AA
:106D1000060000000000000003083500DF007C03CF
:106D2000F00DC03700DF007C03F00DC03700DF003E
:106D30003C03300DC1B4145B120C03303DC0B701ED
:106D40001B0C6C02F00DC0850197037C0B300DC845
:106D50003040D3007C03F00DC03700DF007C03F02F
:106D60000DC00F20040000000000000013A034003C
:106D7000DD007403D00D403700DD007403D00D40FA
:106D80003700DD00741B106D4035004106EC231008
:106D9000BD423720114074A2D80540000081013067
:106DA0002D033C803E00DB007403D00D403700DD36
:106DB000007403D00D404F000200000000000000EE
:106DC00007A03200CD003403D00C403300CD003496
:106DD00003D00C403300CD00341014084072020080
:106DE00000040F100440F3008983340DD0084043A1
:106DF00000C55236231028003200C9003403D00CDD
:106E0000403300CD003403D00C401F000A000000C6
:106E10000000000006807800ED01B407D01E407B22
:106E200000ED01B407D01E407B00ED012405181FC2
:106E3000407F00610924071496405F03A901B4470D
:106E4000D01A604A84E101B407101E407A00E901BB
:106E5000B407D01E407B00E901B407D01E401B00E0
:106E6000020000000000000012103000CF003C03C0
:106E7000F00CC03300CF003C03F00C403300CF00D7
:106E80003C023088C0B20003000C433084C033079A
:106E90008B043422D00CC0230087003C03304CC14B
:106EA0003200CB003C03F00CC03300CF003C03F0B9
:106EB0000CC04B40000000000000000002B83D0084
:106EC000FF00FC03F00FC03F00FF00FC03F00FC009
:106ED0003F00FF00FC01F08AC03D626700FC43F008
:106EE00087C03B03B740FCA2F007C03D10FF08F885
:106EF00023F20EC83F00FF00FC03F00FC03F00FF6D
:106F000000FC03F00FC00B60060000000000000052
:106F100015A83700DF007C03F00DC03700DF007CD0
:106F200003F00DC03700DF007C4B3003C2160013A6
:106F3000804C1B3019C0501112016C01F019C02592
:106F4000001F214C073009C0B701D3007C03F00DAE
:106F5000C03700DF007C03F00DC057000E000000BA
:106F60000000000013883900ED00B403D00E403B50
:106F700000ED00B403D00E403B00ED0034031006DA
:106F8000481B2061208453120A44380CA1A08403BA
:106F9000D00F402800ED009583510E403243E100B0
:106FA000B403D00E403B00ED00B403D00E404F20A0
:106FB000060000000000000003007900ED01B407A6
:106FC000D01E407B00ED01B407D01E407B00ED01D8
:106FD000B4075C3240FA0061000417501A40F80010
:106FE000E1019406D81E407980FD21C447101E623D
:106FF0007B83E101B407D01E407B00ED01B407D0D4
:107000001E400F00040000000000000012203300AA
:10701000CD003403D00C403300CD003403D00C40FD
:107020003300CD00341F503441B300410C0483546D
:107030000C40F000C1011407D01440B000CD211461
:1070400007509C683200C1003403D00C403300CD9F
:10705000003403D00C404B200C0000000000000066
:1070600017A015005F007C01F005C017005F007CD1
:1070700001F005C017005F007C497036C0DE027366
:10708000004C017027D0D400732FDD41F007C11DE3
:10709000037F19CC053036C0170053007C01F00582
:1070A000C017005F007C01F005C05F2006000000F3
:1070B00000000000120007001F007C00F001C00764
:1070C000001F007C00F001C007001F003C00812170
:1070D0000087401F003C80A081C587491F80480869
:1070E000E041C887801E427C08F001C103001F00F8
:1070F0007C00F001C007001F007C00F001C04B00C5
:107100000C00000000000000100027009F007C021F
:10711000F009C027009F007C02F009C027009F00F3
:107120007C133009C0E40893027C16A009C07722C2
:107130009F027C86F009C0670293C07C22E319C4D9
:10714000240093007C02F009C027009F007C02F01D
:1071500009C043200C0000000000000001282600A8
:107160009D007402D0094027009D007402D00940A0
:1071700027009D00741A10294620009503740610FC
:10718000394027009D01760ED00940E360910574D7
:107190000ED049C0241091007402D0094027009DF0
:1071A000007402D009400700080000000000000041
:1071B00018A024009D007402D0094027009D00748F
:1071C00002D0094027009D00740210094924209133
:1071D000807402D0894827249DC0749AD009402623
:1071E00080D1047443D08940240091007402D009F6
:1071F0004027009D007402D0094063000200000097
:1072000000000000102020008D003402D008402330
:10721000008D003402D0084023008D0034921048C5
:107220004034008500341250084023088D00340299
:10723000D00840270081803402D00950200181000D
:107240003402D0084023008D003402D0084043802F
:1072500000000000000000001CB006001F007C00C1
:10726000F001C007001F007C00F001C007001F00F4
:107270007C003401D0040853807C00F005C0070076
:107280001F007400F0A1C8160813407C00F001C074
:10729000044013007C00F001C007001F007C00F0D8
:1072A00001C073C00A0000000000000019B02700F0
:1072B0009F007C02F009C027009F007C02F009C0FB
:1072C00027009F007C22F08BC02B00AF007C22B0F7
:1072D0000AC42700EF40FC02D00FC02F00AD00BC55
:1072E00002F00BC025029F007C02F009C027009F1E
:1072F000007C02F009C067600E0000000000000082
:1073000018A027009F007C02F009C027009F007C86
:1073100002F009C027009F807C02F01AC82010B339
:1073200000FC16100BC02F08B700CE02B229402C6B
:1073300000BF008C02B00BC0670193007C02F00913
:10734000C027009F007C02F009C063000E0000000F
:10735000000000001C0807001D007400F001400739
:10736000001D007400D0014007001D807400D00192
:107370004014001B0074001001400700114044003D
:1073800010504404201D20440012014A86001B00B6
:107390007400D0014007001F007400D0014073202A
:1073A0000C0000000000000010A023008D0034023B
:1073B000D0084023008D003402D0084023008D0007
:1073C0003402D8284824808120360A180862230015
:1073D000850060069809402000950014029008601E
:1073E000A30081003402D0084023008D003402D075
:1073F000084043800E0000000000000018A825008F
:107400009D00740250094027009D007402D009407D
:1074100027809D207402D289402482991174021021
:107420004940A7009100440210094024009D0246F3
:1074300002100940260099007402D00940270095E7
:10744000007402D009406320060000000000000024
:1074500005A827009F007C02D009C027009F007C60
:1074600002F009C027009F807C36F009D0200093ED
:10747000027C023009C0E31097002C0EB208802471
:107480002197031D32B039C1274093007C02F009D7
:10749000C027009D007C02F009C017200E000000EC
:1074A00000000000158025009F007C02F009C02725
:1074B000009F007C02F009C027109F007C83F00829
:1074C000C077009F007C02F419C067029B457D16BF
:1074D000F059D227019F437C46F099C027009F00B6
:1074E0007C02F009C027009F007C02F009C0570011
:1074F0000600000000000000140805001F007C00CA
:10750000F001C007001F007C00F001C007001F0051
:107510007C20F041D0040413047C003001C10582BA
:107520001F084CA0B001C084061F027C001021C0BF
:10753000030017007C00F001C007001F007C00F072
:1075400001C05320040000000000000014A014003B
:107550005D007401D0054017005D007401D0054046
:1075600017005D007405D2074254447113B4011032
:107570003700DC206D03C409D00540DC006D00F449
:1075800005B0A7C015005F007401D0054017005D6D
:10759000007401D00540530002000000000000000C
:1075A00014A03200CD003403D00C403300CD0034A1
:1075B00003D00C403300CD00341BD00C425000C926
:1075C00003341F9094003304CD110413D00C5021C8
:1075D000A0CD103209103C443300C5003403D00C58
:1075E000403300CD003403D00C4053000A000000AB
:1075F0000000000005803800ED00B403D00E403BD1
:1076000000ED00B403D00E403B00ED20B400D006E6
:10761000400C00E90034419016403A00FD0084031C
:10762000D00E443900AD00F4089006413900ED0059
:10763000B403D00E403B00ED00B403D00E40170061
:10764000020000000000000015107800EF01BC07E8
:10765000F01EC07B00EF01BC07F01EC07B00EF01F5
:10766000BCC7F016C05802EB01BC07B01EC07B00BF
:10767000AD018507901EC069002F01BC05301AC0FE
:107680007300E701BC07F01EC07B00EF01BC07F0F0
:107690001EC05740000000000000000010B8350078
:1076A000DF007C03F00DC03700DF007C03F00DC06D
:1076B0003700DF007C1BF005C007219700700074C5
:1076C00004C405288B007C02908DC336001F007C0B
:1076D00001F00DC83700DB007C03F00DC03700DF80
:1076E000007C03F00DC043600600000000000000B5
:1076F00000A07F00FF01FC07F01FC07F00FF01FC1E
:1077000007F01FC07F00FF01FC077117C05F01B7C2
:1077100009FC04301EC47C027F0DEC07F01FC06F13
:10772000026C09CC15B09AC07C00F301FC07F01F75
:10773000C07F00FF01FC07F01FC003000E00000027
:107740000000000015883900ED00B403D00E403B66
:1077500000ED00B403D00E403B00ED08B4201066ED
:10776000041B01EB00B480102E400800AD08840318
:10777000D08E403B1AAD008411108E403801EB00D2
:10778000B403D00E403B00ED00B403D00E405720B0
:10779000060000000000000000003900ED00B40306
:1077A000D00E403B00ED00B403D00E403B00ED0096
:1077B000340A5006081F07A540B420100F403800B7
:1077C0002D449403900E403B923D92E433910B6123
:1077D0003180E100B403D00E403B00ED00B403D093
:1077E0000E400300040000000000000004283300E5
:1077F000CD003403D00C403300CD003403D00C4016
:107800003300CD40340010044003008900340010E0
:10781000144080008D00046FD81C6153020D0024B9
:107820000C103C403100C9003403D00C403300CD73
:10783000003403D00C4013200C00000000000000B6
:1078400015A83500DF007C03F00DC03700DF007C99
:1078500003F00DC03700DF007C0E700DC07300D741
:10786000417C033045D034009F02540BF01FC067A9
:10787000008F012D32B02DD03500D3007C03F00DE8
:10788000C03700DF007C03F00DC057200600000069
:107890000000000001003700DF007C03F00DC0375E
:1078A00000DF007C03F00DC03700DF007C04F0A196
:1078B000C82700DF087C02F021C427049F0451037D
:1078C000F08DC0B7009F025C0AF029C03600DF00CF
:1078D0007C03F00DC03700DF007C03F00DC0070013
:1078E0000C0000000000000080083F00FF00FC03C7
:1078F000F00FC03F00FF00FC03F00FC03F00FF008F
:10790000FC07F00ED00C40F3400C03B00B40BF005E
:10791000BF00FC8BF30FC22F003F00C401320BC12C
:107920003C00FF00FC03F00FC03F00FF00FC03F031
:107930000FC003220C000000000000008120360070
:10794000DD007403D00D403700DD007403D00D401E
:107950003700DD007403D111408414010444861003
:10796000194007009D017619D00F44B70C1D05443E
:1079700045B038C03600DD007403D00D403700DD5F
:10798000007403D00D400702080000000000000052
:1079900001A03400DD007403D00D403700DD007419
:1079A00003D00D403700DD007412D0154014019152
:1079B00000540490494037001D817403500D68073E
:1079C000009D0156111019413400DD007403D00DE3
:1079D000403700DD007403D00D40070002000000B6
:1079E0000000000010203000CD003403D00C4033E4
:1079F00000CD003403D00C403300CD003400D00063
:107A0000403400D100140410084003088D003603F0
:107A1000D00C4033089D4004019009403200CC0056
:107A20003403D00C403300C9003403D00C404380F1
:107A3000000000000000000000B03600DF007C0302
:107A4000F00DC03700DF007C03F00DC03700DF0011
:107A50007C02F005C8140093005D00B009C037082F
:107A60001D007403620FC437201F005D003009C081
:107A70003400DE007C03F00DC03700DF007C03F033
:107A80000DC003C00A0000000000000005B83F0060
:107A9000FF00FC03F00FC03F00FF00FC03F00FC02D
:107AA0003F00FF00FC00F003C00B00BF00EC00D063
:107AB0000BC00F00AF00FC03F00FC03F103F00BC35
:107AC00000F00BC03F00FF00FC03F00FC03F00FFC1
:107AD00000FC03F00FC017600E0000000000000063
:107AE00003A00F03F380CC03301FC07F00FF01FC15
:107AF00007F01FC07F00FF01FC07F01FC07F00FFE1
:107B000001BC07701FC07F007F01FC04F013C04F51
:107B1000003F01FC04F11BC07E00FF01FC07701F49
:107B2000C07F00FF01FC07F01FC00F000E00000027
:107B30000000000001088701D1A66C78B01D4077D5
:107B400000DD017407D01D407700DD017407D01DF2
:107B5000407700DD017443301D4077005D017441C2
:107B6000D01144070091017405D209413401DD01AF
:107B70007407D01D407700DD017407D01D40072039
:107B80000C0000000000000010A0A300C1121603AA
:107B9000100C403300CD003403D00C403300CD0036
:107BA0003403D00C403300CD003413500C6233004A
:107BB0004D003410D00444030049003480D848609C
:107BC0003204CD003403D80C403300CD003403D050
:107BD0000C4043800E0000000000000003A82500B8
:107BE000D1103400900D403700DD007403D00D40FB
:107BF0003700DD007403D00D403700DD20740390A2
:107C00000D4037005D007481D105400326D1007618
:107C100081D009403400DD007403D00D403700DD11
:107C2000007403D00D400F2006000000000000008B
:107C300002A8D742D3415C03340DC03700DF007C7B
:107C400003F00DC03700DF007C03F00DC03700DF0C
:107C5000007C03700DC03700DF007C02F009C0C754
:107C6000001F007C02F0A9C13600DF007C03700D0C
:107C7000C03700DF007C03F00DC00B200E000000B9
:107C80000000000007805520DF08680AF00FC03FA1
:107C900000FF00FC03F00FC03F00FF00FC03F00FEB
:107CA000C03F00FF00FC03700FC03F00FF00FC035B
:107CB000F20BC04F00BD20FC03F10BC13F00FF00E1
:107CC000FC03F00FC03F00FF00FC03F00FC01F00DB
:107CD000060000000000000003089540D3005C236C
:107CE000300DC03700DF007C03F00DC03700DF002F
:107CF0007C03F00DC03700DF007C03700DC037003F
:107D0000DF007C02F00DC887005B447C027009C074
:107D10003601D7007C03F00DC03700DF007C03F094
:107D20000DC00F20040000000000000013A0540448
:107D3000D1845026100D403700DD007403D00D4073
:107D40003700DD007403D00D403700DD00740B10E8
:107D50000D403780DD007407F20D420700D3207418
:107D600003701940B700D1807403D00D403700DD97
:107D7000007403D00D404F0002000000000000001E
:107D800007A006011120240B100C403300CD003455
:107D900003D00C403300CD003403D00C403300CD71
:107DA00000741B500C6033104D003604D06000335B
:107DB000000900340050B5427200CD003603D00CEB
:107DC000403300CD003403D00C401F000A000000F7
:107DD00000000000068048002149B405111E407BC8
:107DE00000ED01B407D01E407B00ED01B407D01EAA
:107DF000407B00ED01B407101E407B006D01B425EF
:107E0000D092607B00A109B4055096427B04E90141
:107E1000B407D01E407B00ED01B407D01E401B000C
:107E200002000000000000001210B00003003D033B
:107E3000340CC03300CF083C03F00CC03300CF003B
:107E40003C03F00CC03300CD003C03500CC03300A9
:107E50004D083C40F004C037024B103C007004C099
:107E60003600CF003C03F00CC03300CF003C03F0E1
:107E70000CC04B40000000000000000002B83D00B4
:107E80003F20DC01F00FC03F00FF00FC03F00FC0FB
:107E90003F00FF00FC03F00FC03F00FF00FC03F0B9
:107EA0000FE03F007F80FC017107C23F0AFF00FC2A
:107EB00001F017C03F02F700FC03F00FC03F00FFC6
:107EC00000FC03F00FC00B60060000000000000083
:107ED00015A02740D3004C03360D803700DF007C0F
:107EE00003F00DC03700DF007C03F00DC03700DF6A
:107EF000007C03F00DC03700DF003C023818C035AD
:107F0000001F004C02F115C03400DE007C03F00DB0
:107F1000C03700DF007C03F00DC057000E000000EA
:107F20000000000013882900F1000403100E403AFD
:107F300000ED00B403D00E403B00ED00B403D00EC2
:107F4000403B00ED00B403700E403B00ED00B40375
:107F5000100AC03A00AD00AC03D306C03A00E900F5
:107F6000B403D00E403B00ED00B403D00E404F20D0
:107F7000060000000000000003007100E10184071A
:107F8000101E407B00ED01B407D01E407B00ED01C8
:107F9000B407D01E407B00ED01B407D01E407B002B
:107FA000ED01F406101E4078007D018406D01740D4
:107FB0007880ED01B407D01E407B00ED01B407D0FE
:107FC0001E400F0004000000000000001228B7024D
:107FD000C102450B100C403200CD003403D00C40E0
:107FE0003300CD003403D00C403300CD003403D037
:107FF0000C403300CD027413100C403680CD0024A9
:1080000003D004403200C9003403D00C403300CD0B
:10801000003403D00C404B200C0000000000000096
:1080200017A85D007301CC013005C017005F007C0C
:1080300001F005C017005F007C01F005C017005F6C
:10804000007C01F005C017005F027C013005401480
:10805000005F004C09F005C014005F007C01F005D2
:10806000C017005F007C01F005C05F200600000023
:1080700000000000120087010F187C48F001C006C4
:10808000001F007C00F001C007001F007C00F00111
:10809000C007001F007C007001C007001F047C089F
:1080A000F4614806101F607C40F023C087001B80ED
:1080B0007C00F001C007001F007C00F001C04B00F5
:1080C0000C000000000000001008270093004C0284
:1080D0003009C027009F007C02F009C027009F00E4
:1080E0007C02F009C027009F007C0EF009C0270029
:1080F0009F007C123009C0270097024C02F029C073
:1081000027099F007C02F009C027009F007C02F035
:1081100009C043200C000000000000000120664060
:108120009100441A10094027009D007402D00940B4
:1081300027009D007402D0094027009D00740AD0DA
:10814000094027009D00740E50794027008100549B
:1081500002D00940A7009D007402D0094027009D6D
:10816000007402D009400700080000000000000071
:1081700018A0A4019100450210094027009D007439
:1081800002D0094027009D007402D0094027009DBD
:1081900000740AD0094227009D00F442101B402FB2
:1081A00000B590C402D00B4027009D007402D00996
:1081B0004027009D007402D00940630002000000C7
:1081C0000000000010202001810404121008402348
:1081D000008D003402D0084023008D003402D00806
:1081E0004023008D003402D0084023008D20B402CB
:1081F000500A482B00A1009402D00A4033008D00A1
:108200003402D0084023008D003402D0084043805F
:1082100000000000000000001CB08602130A4C2879
:108220003401C007001F007C00F001C007001F00E0
:108230007C00F001C007001F007C28F001C007008F
:108240001F007C283001C0870217004C00F0A7C037
:1082500087121F407C00F001C007001F007C00F067
:1082600001C073C00A0000000000000019B82F020E
:10827000BE08FC22F009C027009F007C02F009C064
:1082800027009F007C02F009C027009F007C06F0B9
:1082900009C027009F007C02F009E027008F0074CE
:1082A00002B018C86F009F007C02F009C027009F31
:1082B000007C02F009C067600E00000000000000B2
:1082C00018A06F00B300CC02F009C027009F007C0B
:1082D00002F009C027009F007C02F009C027009F20
:1082E00000BC02B009C027009F00BC0A320BC027A7
:1082F00000B3204C82300BC02F0093007C02F009A9
:10830000C027009F007C02F009C063000E0000003F
:10831000000000001C08932011004400D001400719
:10832000001D007400D0014007001D007400D00142
:108330004007001D00740010014007001D0074007C
:1083400014014007001100550050014007001100C2
:108350007400D0014007001D007400D0014073205C
:108360000C0000000000000010A0A3008100040227
:10837000D0084023008D003402D0084023008D0037
:108380003402D0084023008D00344290086223005C
:108390008900341250084027E88900540218084622
:1083A000270081003402D0084023008D003402D021
:1083B000084043800E0000000000000018A8710073
:1083C00081004402D0094027009D007402D009407A
:1083D00027009D007402D0094027009D0074021000
:1083E000094027009D007403500942270099045456
:1083F00002500944270091007402D0094027009DD3
:10840000007402D009406320060000000000000054
:1084100005A8A74093004D02F009C027009F007CEB
:1084200002F009C027009F007C02F009C027009FCE
:10843000007C02B009C027009B007C027009C023A9
:10844000009B015C023009C0234093007C02F809C4
:108450004027009F007C02F0094017200E0000001A
:1084600000000000158025009F007C02F009C02755
:10847000009F007C02F009C027009F007C02F009E9
:10848000C027009F007C02F009C027009F407C02AB
:10849000B049C0270097016802F809C027009F0073
:1084A0007C02F009C027009F007C02F009C0570041
:1084B00006000000000000001408854113004C0075
:1084C0003001C007001F007C00F001C007001F0042
:1084D0007C00F001C007001F007C107001C0070085
:1084E00017007C103001C0070013007C00F001C0B1
:1084F000070017007C00F001C007001F007C00F09F
:1085000001C05320040000000000000014A0DC049F
:108510005111D40110054017005D007401D00540D1
:1085200017005D007401D0054017007D00F40110B4
:10853000054017005D00F40551074416206186B020
:1085400001D0A740DF025D007401D0054017005D37
:10855000007401D00540530002000000000000003C
:1085600014A07200C1000407100C403300CD003489
:1085700003D00C403300CD003403D00C4033004D09
:10858000007402500C443300C500742B02004033C9
:1085900020C1043001D004401300CD003403D00CBE
:1085A000603300CD003403D00C4053000A000000BB
:1085B0000000000005800800A100940F100E483B49
:1085C00000ED00B403D00E403B00ED80B403D00EAC
:1085D000403B206D00B402100E483B00ED00F40358
:1085E0005002403A01E900B401D006411B04ED00FD
:1085F000B403D00E403B00ED00B403D00E40170092
:10860000020000000000000015107800C3110C05E6
:10861000341EC07B00EF01BC07F01EC07B00EF01E1
:10862000BC07F01EC07B006F01BC07701EC07B0042
:10863000E701BC07301EC0BF24E361BC05E01AC8D7
:108640006B10E701BC07F01EC07B00EF01BC07F018
:108650001EC05740000000000000000010B81500C8
:108660009F067C03F00DC03700DF007C03F00DC0D7
:108670003700DF007C03F00DC037005F007C03F0A3
:108680000DC03708DF007C02D005C0B60157007C62
:1086900001F001C00700DF007C03F00DC03700DFF0
:1086A000007C03F00DC043600600000000000000E5
:1086B00000A07F00F301FC06301FC07F00FF01FC1B
:1086C00007F01FC07F00FF01FC07F01FC07F007F85
:1086D00001CC06B09FC07F02EF01DC073013C07AE7
:1086E00000E301CD05301FCC7F00FF01FC07F01F28
:1086F000C07F00FF01FC07F01FC003000E00000058
:108700000000000015880902EB00F463B00E403B46
:1087100000ED00B403D00E403B00ED00B403D00EDA
:10872000403B006D00840A100E403B00ED00C40386
:10873000F002C83A00AB089441100AC12B00EB00CC
:10874000B403D00E403B00ED00B403D00E405720E0
:10875000060000000000000000002900E100B40055
:10876000100E403B00ED00B403D00E403B00ED0086
:10877000B403D00E403B006D008401900E483B9046
:10878000FD00B400100E403C00F102A401900E4028
:108790003B00ED00B403D00E403B00ED00B403D02D
:1087A0000E40030004000000000000000428030045
:1087B000C900340B900C403300CD003403D00C4082
:1087C0003300CD003403D00C4033004D00040310BF
:1087D0000C683300CD406400D004403320C900341D
:1087E000059820400300C9003403D00C403300CD6D
:1087F000003403D00C4013200C00000000000000E7
:1088000015A83510D3007C27300DC03700DF007C61
:1088100003F00DC03700DF007C03F00DC037005FB0
:10882000004C03B00DC03700DF007C043000C03CBA
:1088300000D3006C01B0A9C02780DF007C03F00DDD
:10884000C03700DD007C03F00DC05720060000009B
:10885000000000000100A3009F007C03F00DC03762
:1088600000DF007C03F00DC03700DF007C03F00D5B
:10887000C037005F007C0BF00DC03700DF005C20CC
:10888000F001C03600DF024C017429C0A580D780FA
:108890007C03F00DC03700DF007C03F00DC0070043
:1088A0000C0000000000000080085701F300BC012C
:1088B000300FC03F00FF00FC03F00FC43F00FF205B
:1088C000FC03F00FC03F007F00FE23F00FC03F000D
:1088D000FF00DE00B01BC43C00F300FC01100BC025
:1088E0002F00FF00FC03F00FC03F00FF00FC03F06F
:1088F0000FC003220C000000000000008120860051
:1089000095207403500D403700DD007403D00D40F6
:108910003700DD007403D00D4037005D007487D050
:108920000D403600DD0074041001D036001B043405
:1089300001503940E700DD007403D00D403700DD01
:10894000007403D00D400702080000000000000082
:1089500001A03400D1007402100D403700DD007416
:1089600003D00D403700DD007403D00D4037005DAB
:10897000007401D00D403700D5007404904140329E
:1089800000D5087401503D40F700DD007403D00DA0
:10899000403700DD007403D00D40070002000000E6
:1089A0000000000010200000C5003403500C4833C4
:1089B00000CD003403D00C403300CD803403D00C04
:1089C0004033004D003403D00C403200CD00340061
:1089D0001001603288094076015808402300CD001C
:1089E0003403D00C403300CD003403D00C4043801E
:1089F000000000000000000000B03600F3007C0022
:108A0000300DC03700DF007C03F00DC03700DF0001
:108A10007C03F00DC037005F007403D00DC0370039
:108A2000D7005C00B009C03C00D3007C01700DC0D1
:108A30003700DF007C03F00DC03700DF007C03F05F
:108A40000DC003C00A0000000000000005B80F00C0
:108A5000FF00FC03F00FC03F00FF00FC83F20FC0DB
:108A60003F10FF00FC03F00FC03F006F00BC03F09D
:108A70000FC03E00FF00FC00C202C43D003F00B832
:108A800001F00BC02F20FF00FC03B00FC03F00FF20
:108A900000FC03F00FC017600E0000000000000093
:108AA00003A07F00FF01FC07F01FC07F00FF01FC57
:108AB00007F01FC07F003F01FC07F007C06F006F89
:108AC00001CC07F41FC64E003301FC053117C04E20
:108AD00000ABE18C07311AC03E00F341FC07F01FE8
:108AE000C07F00FF01FC07F01FC00F000E00000058
:108AF0000000000001087700DD017407D01D4077F9
:108B000000DD017407D01D4077009D017407C0157A
:108B10004067285D610403121500440055014405B7
:108B2000101D404410910154055019443800D101E2
:108B30007407D01D407700DD017407D01D40072069
:108B40000C0000000000000010A03300CD00340332
:108B5000D00C403300CD003403D00C4033008D00E6
:108B60003403D0044003001D401407950C4202005A
:108B70005900540150004007208DE0448310094003
:108B80003200C9003403D00C403300CD003403D090
:108B90000C4043800E0000000000000003A83500D8
:108BA000DD007403D00D403700DD007403D00D40AC
:108BB00037209D017403D0154167009D81540754EF
:108BC000054006445903540150014267009D015479
:108BD0000D508D443600D9007403D00D403700DDB0
:108BE000007403D00D400F200600000000000000BC
:108BF00000A83700DF007C03F00DC03700DF007CE9
:108C000003F00DC037001F037C03F013C067014F52
:108C1000415C07B4DDC08600CB015C457005C043F4
:108C2000909F034C873161D03E40DB007C03F00D08
:108C3000C03700DF007C03F00DC003200E000000F1
:108C40000000000007803D00FF00FC03F00FC03F64
:108C500000FF00FC03F00FC03F00BF00FC03F10168
:108C6000C02F047F00EC03B007C46D02F720EC2591
:108C7000B42FC02C80B300FC01F013C03D18F700E6
:108C8000FC03F00FC03F00FF00FC03F00FC01F000B
:108C9000060000000000000003083500DF007C0330
:108CA000F00DC03700DF007C03F00DC037009F02DD
:108CB0007C03F021C0A50013045C03F40DC0270061
:108CC000DB027EC17805C007009F604C13304DC0A9
:108CD0003008D7007C03F00DC03700DF007C03F0C4
:108CE0000DC00F20040000000000000013A034009D
:108CF000DD007403D00D403700DD007403D00D405B
:108D000037009D017403D021402480911344021048
:108D100014402300DD113481B06C4027038D0A2CF0
:108D200081100CC13E40DB0E7403D00D403700DDD6
:108D3000007403D00D404F0002000000000000004E
:108D400007A03200CD003403D00C403300CD0034F6
:108D500003D00C4033004D043403D09441C1024190
:108D6000024003D5EC422300CD01300BC800448300
:108D7000000500040D103C403040C5003403D00C09
:108D8000403300CD003403D00C401F000A00000027
:108D90000000000006807800ED01B407D01E407B83
:108DA00000ED01B407D01E407B002D11B407D09612
:108DB00040680861898525149E406B00ED21B40749
:108DC000903E404B08AD09E644109E607A02E909E6
:108DD000B407D01E407B00E901B407D01E401B0041
:108DE000020000000000000012103000CF003C0321
:108DF000F00CC03300CF003C03F00CC033004F0236
:108E00003C03F004C2014001000C23F00C4023009D
:108E1000CF003431D020C003008F800C01340CC04F
:108E20003000C7003C03F00CC03300CF003C03F01F
:108E30000CC04B40000000000000000002B83D00E4
:108E4000FF00FC03F00FC03F00FF00FC03F00FC069
:108E50003F007F00FC03F007803B02BF00F8217455
:108E60000BC22F00FF00BCA2F00B402F00FF00FC44
:108E700001F00FC03F00FF00FC03F00FC03F00FFF8
:108E800000FC03F00FC00B600600000000000000B3
:108E900015A03700DF007C03F00DC03700DF007C39
:108EA00003F00DC037005F007C03F007C024004FC3
:108EB000804C03B40DC82508CF004C137101C007C6
:108EC000009F414C01310DC03410D3014C03F00D13
:108ED000C03700DF007C03F00DC057000E0000001B
:108EE0000000000013883900ED00B403D00E403BB1
:108EF00000ED00B403D00E403B00AD00B403D00E33
:108F00004228082D00C401B40E482800ED0085A3B6
:108F1000D00E402B00AD008401100E403D02E10058
:108F20008403D00E403B00ED00B403D00E404F2030
:108F3000060000000000000003007900ED01B40706
:108F4000D01E407B00ED01B407D01E407B00ED0138
:108F5000B407D03C4068002D118407943F4069005D
:108F6000ED03A60DD016604B00FD01C505501F4056
:108F70007802E1018407D01E407B00ED01B407D0E8
:108F80001E400F0004000000000000001228330003
:108F9000CD003403D00C403300CD003403D00C405E
:108FA0003300CD043403D21C58B0098D0004019065
:108FB0000C403000CD240405D05C60F300CD0804E3
:108FC00001548C403140C1000503D00C403300CD2A
:108FD000003403D00C404B200C00000000000000C7
:108FE00017A815005F007C01F005C017005F007C2A
:108FF00001F005C017007F027C81F016C01C007FC5
:10900000008C05B416C0D9036F006C01F007C31FB4
:10901000047D038C0170B7C0141053004C01F0059F
:10902000C017005F007C01F005C05F200600000053
:1090300000000000120007001F007C00F001C007C4
:10904000001F007C00F001C007001F007C00F061E1
:10905000C007101F027D20F121C007001F027C10F5
:10906000E001C087041F007C20B001C003001F0086
:109070007C00F001C007001F007C00F001C04B0025
:109080000C00000000000000100827009F007C0278
:10909000F009C027009F007C02F009C027009F054F
:1090A0004C02F089C024189F084C027059D024004B
:1090B0009B095C03F009C067019F107C023099C0D6
:1090C000250093027C02F009C027009F007C02F07B
:1090D00009C043200C000000000000000120260011
:1090E0009D007402D0094027009D007402D00944FD
:1090F00027008D014402D01942E4048D0545021079
:109100006940240091014402D0194467009D027413
:1091100082102848240091007402D0094027009D45
:10912000007402D0094007000800000000000000A1
:1091300018A024009D007402D0094027009D0074EF
:1091400002D0094027009D004502D2094164009DDC
:1091500000440251094224009900540AD039602782
:1091600020DD507422100941250091007402D009BD
:109170004027009D007402D00940630002000000F7
:1091800000000000102020008D003402D008402391
:10919000008D003402D0084023009D000402D04816
:1091A0004020088D0044021009402000C90004023C
:1091B000D3084033008D8030021008442001810024
:1091C0003402D0084023008D003402D00840438090
:1091D00000000000000000001DB006001F007C0021
:1091E000F001C007001F007C00F001C007201F0035
:1091F0004C00F001D004001F004D287201C0040093
:109200001B005C00F001C007001F007C003001C89B
:10921000854213007C00F001C007001F007C00F0B5
:1092200001C077C00A0000000000000019B8270044
:109230009F007C02F009C027009F007C02F009C05B
:109240002700BF007D02F08BC02F00BF40FD82F0E1
:109250000AC02F08B7607C02F00BC02F00AE00BC24
:1092600002F40AC027028F007C02F009C027009F89
:10927000007C02F009C067600E00000000000000E2
:1092800019A027009F007C02F009C027009F007CE6
:1092900002F009C02700BF004C02F01BC02F00A342
:1092A000005C0A300BC02E00B340EC02F00BC02F64
:1092B00000B700AC02B00BC0E400B3004C02F009F0
:1092C000C027009F007C02F009C067000E0000006C
:1092D000000000001C0807001D007400D0014007BA
:1092E000001F007400D0014007001D004400D001A1
:1092F0004007001100449450014414001100440040
:10930000D1014417005F004400110140C510110055
:109310005400D0014007001D007400D001407320AC
:109320000C0000000000000010A021008D0034029D
:10933000D0084023008D003402D0084023009D0156
:109340000482D028402300D98054121209402600FC
:1093500081200402D0080021009DA00482901940C1
:10936000A001C1000402D0084023008D003402D0C7
:10937000084043800E00000000000000182825006F
:109380009D007402D0094027009D007402D009405E
:1093900027009D014502D009402702990444225428
:1093A00009442440910044C2D0094077009D2044E4
:1093B00082904940250891005402D0094027009D21
:1093C000007402D009406320060000000000000085
:1093D00005A827009F007C02F009C027009F007CA1
:1093E00002F009C027008F214C02F009C1A7049B9D
:1093F000041C063009C0E60883014C0AF0D9C025D8
:109400008097024C26B009C8244093004C02F00912
:10941000C027009F007C02F009C017200E0000004A
:1094200000000000158025009F007C02F009C02785
:109430000097007C02F009C027009F007C02F00921
:10944000C0277097007C02F039C067019F297D9288
:10945000F209C0278097897D067409D023009F00F8
:109460007C02F009C027009F007C02F009C0570071
:109470000600000000000000140805001F007C002A
:10948000F001C007001F007C00F001C007801F0032
:109490007C00F001C007841F004C00F001C48780ED
:1094A00013046C20F001C0070013084C207011C099
:1094B000050017017C00F001C007001F007C00F0D0
:1094C00001C05320040000000000000014A014009C
:1094D0005D007401D0054017005D007401D00540A7
:1094E00017007D127401D007401B006D0A4501F47E
:1094F000164053817112F401F2F7401F006D01858F
:1095000005B1064014006B007401D0054017005DE2
:10951000007401D00540530002000000000000006C
:1095200014A03200CD003403D00C403300CD003401
:1095300003D00C4033004D053403D014413320CD0B
:10954000420403D0AC413300C5033449D01C6273DC
:10955000048D010607508C403100C5003403D00C47
:10956000403300CD003403D00C4053000A0000000B
:109570000000000005803800ED00B403D00E403B31
:1095800000ED00B403D00E403B00AD00B403D006A4
:10959000650B00ED008413D00E483B00E540B6019A
:1095A0005006002B04AD008600900E68380029009C
:1095B000B403D00E403B00ED00B403D00E401700C2
:1095C000020000000000000015107800EF01BC0749
:1095D000F01EC07B00EF01BC07F01EC07B006D01D8
:1095E000BC07F016C04B00ED01CC57F016C07B4015
:1095F000E501BC05D01EC05B002B018C07741EC0AA
:109600007D03A701BC07F01EC07B00EF01BC07F083
:109610001EC05740000000000000000010B83500D8
:10962000DF007C03F00DC03700DF007C03F00DC0CD
:1096300037009F007C03F001000700DF007C2BF265
:1096400005C03320DB007C01F005C007088B007CDF
:1096500081F104C037011F007C03F00DC03700DF2B
:10966000007C03F00DC04360060000000000000015
:1096700002A07F02FF09FC07F01FC07F00FF01FC72
:1096800007F01FC07F007F01FC07F017C05F0AEFE3
:1096900001D807749FC07F006309CC25609F407F7D
:1096A00002E5098C13349FC07C047301FC07F01F92
:1096B000C07F00FF01FC07F01FC00B000E00000080
:1096C0000000000015883900ED00B403D00E403BC7
:1096D00000ED00B403D00E403B002D12B403D206BF
:1096E000488B02ED008413B02E443B016528944959
:1096F0009086402B02ED0C842110CE5138002100C1
:10970000B403D00E403B00EF00B403D00EC057208E
:10971000060000000000000008003920ED40B403FE
:10972000D00E403B00ED00B403D00E403B002D08AE
:10973000B403D002400B06BC10940B5126483F10D6
:10974000F1009401D28A610B127500C42B100E40F7
:1097500038002100B403D00E403B00ED00B403D02C
:109760000E40030004000000000000000628330043
:10977000CD003403D00C403300CD003403D00C4076
:1097800033000D003403D0204283018D52440394F2
:1097900010403304C50114459000400300CD03047C
:1097A00001101C40300001003403D00C403300C5D0
:1097B000003403D00C4019200C0000000000000011
:1097C00014A83500DF007C03F00DC03700DF007CFB
:1097D00003F00DC037005F037C03F025C04710DFA6
:1097E00021DC03740943A701C3105C0BF02DC07387
:1097F00000C7114D01320DC03C0053007C03F00D39
:10980000C03700DD007C03F00D405320060000004F
:109810000000000029003700DF007C03F00DC03796
:1098200000DF007C03F00DC037001F067C03F0252D
:10983000C907009F007C23F409C02700DF007C0BD0
:10984000B041C8E700DF107C29F029C037001F00B5
:109850007C03F00DC03700DF007C03F00DC0070073
:109860000C0000000000000001083F00FF00FC03A6
:10987000F00FC03F00FF00FC03F00FC03F007F006F
:10988000FE03F213C40C10FF41CC033003C06F2160
:10989000FF40E401F00FC20F247702CC01301FC05B
:1098A00032003300FC03F00FC03F00FF00FC03F068
:1098B0000FC007200C0000000000000081203600CF
:1098C000DD007403D00D403700DD007403D00D407F
:1098D00037001D037403D0584044008D13CC03524D
:1098E00031C02500DD21440DD03140C720D1010415
:1098F00005112D413F0011007403D00D403700DDEC
:10990000007403D00D4007020800000000000000B2
:1099100001A03400DD007403D00D403700DD007479
:1099200003D00D403700DD017403D0854044005D55
:1099300004440314194237005D017406D03D4457B6
:1099400010D5204545904D40370011017403D00DCE
:10995000403700DD007403D00D4007000200000016
:109960000000000010203000CD003403D00C403344
:1099700000CD003403D00C4033004D003483D804B4
:109980004200808D00040350004233004DC014009B
:10999000D200002300C0004401900C4033000101BC
:1099A0003403D00C403300C9003403D00C40428053
:1099B000000000000000000001B03600DF007C0362
:1099C000F00DC03700DF007C03F00D4037009F0032
:1099D0007403F001C004009F408C033001C03700C5
:1099E000DF007C00F001C0070056004C01B40DC838
:1099F0003E4013007C03F00DC03700DF007C03F015
:109A00000DC007C00A0000000000000005B83F00BC
:109A1000FF00FC03F00FC03F00FF00FC03F00FC08D
:109A20003F007F00FC03F003C00F00BF80D803E4B9
:109A300003C83900BF00EC00F003C40F00FF00FCB6
:109A400001700EC03F003F00FC03F00FC03F00FF5D
:109A500000FC03F00FC017600E00000000000000C3
:109A600003A07F00FF418C06F01FC07F00FF01FCB8
:109A700007F01FC07F00FF01FC07F01FC07F00FF41
:109A800001FC07F007C13E80F301FC04B013C04F96
:109A9000003B01CC043213C44F007301CC07F01F0C
:109AA000C07F00FF01FC07F01FC00F000E00000088
:109AB00000000000010877009D044407101D407756
:109AC00000DD017407D01D407700DD017407D01D53
:109AD000407700DD017487D235407C00D1017407E6
:109AE000D015C045001D0144041111404700130169
:109AF0004407D01D407700DD017407D01D4007608A
:109B00000C0000000000000010A03300DD10450232
:109B1000D00C403300CD003403D00C403300CD00D6
:109B20003403D00C403300CD003403D00040300863
:109B3000C5003401100844030099002501100040BD
:109B4000030009000403D00C403300CD003403D0DF
:109B50000C4043800E0000000000000003A8350008
:109B6000DD604423100D403700DD007403D00D404C
:109B70003700DD007403D00D403700DD007407D0DE
:109B800081453400D5007413D04D403584DD004448
:109B900002100D02570411004403D00D403700DDC0
:109BA000007403D00D400F0006000000000000000C
:109BB00002A83700CF000C06F00DC03700DF007C94
:109BC00003F00DC03700DF007C03F00DC03700DF6D
:109BD000007C03F00CD03440D5007C083831C1172C
:109BE0000059010C02341D8007408B024D03F00D1B
:109BF000C03700DF007C03F00DC00B200E0000001A
:109C00000000000007803D10BF00FC07F00FC03FC0
:109C100000FF00FC03F00F803F00FF00FC03F00F8B
:109C2000C03F00FF00FC03F00DC03B00FB00FC4008
:109C3000F01BC00F00FF04FC20F03FC02F00F7080E
:109C4000FC03F00FC03F00FF00FC03F00FC0170043
:109C5000060000000000000003083500DF007C0261
:109C6000700DC03700DF006C03F00DC03700DF005F
:109C70007C03F00DC03780DF007C03F025C0360088
:109C8000DF807C0BF015C0570497006C03F009C00F
:109C900007021F037C83F00DC03700DF007C03F058
:109CA0000DC00F20040000000000000013A03400CD
:109CB000DD0A7403100D403700DD007403D00D4041
:109CC0003700DD007403D00D403700DD007403C0A1
:109CD0001DC03F00DD00741B702D40F700CD024415
:109CE0000ED05D4073001D007403D00D403700DDC1
:109CF000007403D00D404F0002000000000000007F
:109D000007A03200CD003483500C403300CD002436
:109D100003D00C403200CD003403D00C403300CDD2
:109D2000003403D084683200CC003402500C492344
:109D300000CC111664D05C40F3814D003403D00C8C
:109D4000403300CD003403D00C400F000800000069
:109D50000000000006807800AD01F407101E407B73
:109D600000ED01B407D01E407B00ED01B407D01E0A
:109D7000407B00ED01B407D096487B00ED01B407AD
:109D8000589E404B00ED119405D016627B202C01AB
:109D9000B407D01E407B00ED01B407D01E401B204D
:109DA000080000000000000012103000CF083C0343
:109DB000700CC03300CF002C03F00CC03300CF0078
:109DC0003403F00CC03300CD003C03F000D032006F
:109DD000CF083C03700CC02302CF023D01FA2CC017
:109DE0002300CE003C03F00CC03300CF003C03F056
:109DF0000CC04B40080000000000000002B83D000D
:109E0000FF00FC03F00FC03F00FF00FC03F00FC099
:109E10003F00FF00FC03F00FC03F00FF00FC03F019
:109E200003C03F04FF20FE03700FC23F02EF08ECA7
:109E30002BF00FC03F02FF08FC03F00FC03F00FFF4
:109E400000FC03F00FC00B20060000000000000023
:109E500015A03700DF007C03F00DC03700DF007C69
:109E600003F00DC03700DF005C03F00DC03700DFEA
:109E7000005C03F004C03401D3003C07301DC0B4C3
:109E8000845F014C12F10DC014019F634C03F00D6F
:109E9000C03700DF007C03F00DC043000E0000005F
:109EA0000000000013883900AD40B403D20E403BDF
:109EB00000ED00B403D00E403B00ED00B403D00E23
:109EC000403B00ED00B482D00E503803E100B003F7
:109ED000B00EC00A00ED008401D00E403904ED1030
:109EE0008403D00E403B00ED00B403D00E40CF60A1
:109EF000060000000000000003007900ED01B40737
:109F0000D01E407B00ED01B407D01E407900ED016A
:109F1000B407D01E407B00ED019407D01A40704179
:109F2000E501F407103F407800ED819407D01F4011
:109F30004800ED018407D01E407B00ED01B407D03E
:109F40001E4013000400000000000000122833002F
:109F5000DD003403D00C403300CD003403D00C407E
:109F60003300CD003403D00C403300CD003402D098
:109F70009C413000C5003423900C407200CD091480
:109F80000BD01C40B124CD0B0403D00C403300CDCA
:109F9000003403D00C40DB000C0000000000000087
:109FA00017A815005F007C01F005C017005F007C5A
:109FB00001F005C017005F007C01F005C017005FCD
:109FC000005C01F007C814005700FC013007C01006
:109FD000047F021D21F076C090005F084D01F0055E
:109FE000C017005F007C01F005C05F200E0000007C
:109FF00000000000120007001F007C00F001C007F5
:10A00000001F007C00F001C007001F007C00F00171
:10A01000C007001F007C00F001C007001A007C1878
:10A02000F001C907101F306400F001C187001F0054
:10A030007C00F001C007001F007C00F001C04B0055
:10A040000600000000000000100827009F014C02DD
:10A05000F009C027009F007C02F009C027009F0084
:10A060007C02F009C027009F007C02F099C020000C
:10A0700097007C02F009C0B72093007C833089C030
:10A080003420D3007C02F009C027009F007C02F03E
:10A0900009C0432004000000000000000120260049
:10A0A0009D004582D0094027009D007402D00940E0
:10A0B00027009D007402D0094027009D007402D043
:10A0C000385024009B80741ED009402700911274E0
:10A0D00012100940240091027402D0094027009D0B
:10A0E000007402D0094007000800000000000000D2
:10A0F00018A024009D084402D0094027009D007448
:10A1000002D0094027009D007402D0094027009D1D
:10A11000007402D00941240095007423D00940271F
:10A1200000910074021009402400D1107402D0097B
:10A130004027009D007402D0094073000200000017
:10A140000000000010202000CD000402D0084023B1
:10A15000008D003402D0084023008D003402D00866
:10A160004023008D003482D0484C20018900340205
:10A17000D008442700810074021208403440810056
:10A180003402D0084023008D003402D0084053A090
:10A1900000000000000000001CB006001F0A4C0078
:10A1A000F001C007001F007C00F001C007001F0085
:10A1B0007C00D001C007001F007C00F011C004002B
:10A1C00017007C00F001C8074013007C003401D068
:10A1D000040013007C00F001C007001F007C00F0A9
:10A1E00001C073C00A0000000000000019B8270079
:10A1F000BF00FC02F009C027009F007C02F009C0EC
:10A2000027009F007C02F009C027009F00FC02F09D
:10A210008FC027029F00FC03F00EC02700AF007C18
:10A2200082F00EC02700CF007C02F009C027009FFB
:10A23000007C02F009C067200E0000000000000052
:10A2400018A02700AF004D02F009C027009F007C36
:10A2500002F009C027009F007C02F009C027009F80
:10A26000007C03F04BC224009300BC023009602440
:10A270000093006C02F209C224009F207C02F009C6
:10A28000C027009F007C02F009C063000E000000A0
:10A29000000000001C0807001F004400D201400716
:10A2A000001D007400D0014007001D005C00D001BB
:10A2B0004007001D0074807001C00400110074008C
:10A2C000B001C0160051007400D001420D001D0005
:10A2D0007400D0014007001D007400D0014073607D
:10A2E0000C0000000000000010A023008D8014026C
:10A2F000D0084023008D003402D0084023008D0098
:10A300003402D0084023008D003402D08840210060
:10A3100081807002900B422A00AD20A402D00A6412
:10A3200028908D003402D0084023008D003402D0E4
:10A3300008404B00040000000000000018A82500A1
:10A340009D005402D0094027009D007402D00940AE
:10A3500027009D005402D0094027009D0074025040
:10A3600009402480918074028009402E00BD00F4D1
:10A370000AD08B402D009D007402D0094027009D1B
:10A38000007402D0094063000400000000000000D7
:10A3900005A827009F015C02F009C027009F007CF0
:10A3A00002F009C027009F007C02F009C027009F2F
:10A3B000007C02F098D0240093803C263039482657
:10A3C000409F026C22F028C224009E0A7C02F00901
:10A3D000C027009F007C02F009C017200E0000007B
:10A3E000000000001580258097046C02F009C0274A
:10A3F000009F007C02F009C027009F005C02F0096A
:10A40000C027009F007C82F009C021409F007C0291
:10A41000F849C0E70093047C02F009C06701DF013E
:10A420007C02F009C027009F007C02F009C04F00A9
:10A430000600000000000000140805001F004C008A
:10A44000F001C007001F007C00F001C007001F00E2
:10A450007C00F001C007001F007C00F041C0040038
:10A4600017005C183003C08F283F20FC00F003C0A9
:10A470000F001F024C00F001C007001F007C00F01D
:10A4800001C04320040000000000000014A01400DC
:10A49000772B4401D0054017005D007401D00540C2
:10A4A00017005D007401D00540178057007401C08B
:10A4B000674014005100F40550244013205C0070E4
:10A4C00001D0054017005D104401D0054017005D24
:10A4D000007401D00540530002000000000000009D
:10A4E00014A0320055000003D10C603300CD0034BD
:10A4F00003D00C403300CD003603D00C403310C5E0
:10A50000003483C004703040CD001408504C4833F0
:10A5100000CC013403D00C403300CD120403D00C26
:10A52000403300CD003403D00C4053000A0000003B
:10A53000000000000580380075028503D00E603BE6
:10A5400000ED00B403D00E403B00ED00B403D00E8C
:10A55000403B00E500B403D006603800E920B44079
:10A560005002400B802D10B400D002400B00FD01C2
:10A570008403D00E403B00ED00B403D00E40072012
:10A5800002000000000000001510780067018C0731
:10A59000F01EC07B00EF01BC07D01EC07B00EF01A6
:10A5A000BC07F01EC07B00E701BC07F01EC07000B6
:10A5B000EFA19C04701EC06B006F01BC05F01AC0B7
:10A5C0005B00EF118D07F01EC07B00EF01BC07F0B0
:10A5D0001EC0474000000000000000001098350039
:10A5E00057207C03F00DC03700DF007C03F00DC066
:10A5F0003700DF007C03F00DC03700D7007C03F08C
:10A600000CD03700D7007C00F001C017009F007C01
:10A6100002F005C02700CF007C03F00DC03700DF3B
:10A62000007C03F00DC04320060000000000000085
:10A6300000A07F003F01CC07F01FC07F00FF01FC9E
:10A6400007701FC07F00FF01DC07F01FC07F00F70D
:10A6500001FC07F01EC07E00F301FC04F016D07C64
:10A6600040BB018C07301EC07800E309CC07F01F07
:10A67000C07F00FF01FC07F01FC0030004000000C2
:10A6800000000000158839103D00AC23D20E403B7D
:10A6900000ED00B403D00E403B00ED00B403D00E3B
:10A6A000403B00ED00B403D02EC03802E108B441B5
:10A6B000D08A408800610094201002400906A11C45
:10A6C0009403D00EC03900EF00B403D00E405760A1
:10A6D0000400000000000000000039006D00844309
:10A6E000D00E403B00ED00B403D00E403B00ED0027
:10A6F0009403D00E403B00ED00B403D02E41320055
:10A70000E100B402D0064028003110C401100B4112
:10A710005C007120A403D00E403B00ED00B403D0D8
:10A720000E40030004000000000000000428330075
:10A730004D002407D00C403300CD003403D00C4032
:10A740003300CD003403D00C403300CD003407D0AB
:10A7500008403080C100340BD008409001C900147B
:10A760001E100444A10C01013403D00C403100CD73
:10A77000003403D00C4013000C0000000000000067
:10A7800015A835005F014C07F00DC03700DF007CD5
:10A7900003F00DC03700DF005C03F00DC03780DF31
:10A7A000007C43F03CC03640D3003C08F039C05434
:10A7B00004D3010C0635B5C0644013016C03F00DE1
:10A7C000C03700DF007C03F00DC0572006000000FA
:10A7D00000000000010037005F037C03F00DC0376C
:10A7E00000DF007C03F00DC03700DF007C03F00DBC
:10A7F000C03780DF007C03F02DC03300DF007C0217
:10A80000F055C0A73017507C21F029C217001F0057
:10A810005C03F00DC03700D7007C03F00DC00700CB
:10A820000C0000000000000080083F00F700CC038F
:10A83000F00FC03F00FF00FC03F80FC03F00FB001B
:10A84000FC03F00FC03F00FF40FC03300BC03C4056
:10A85000F300DC45305BC00F007F00FC0C3003C010
:10A860000F02B703FC03F00FC03F00FF00FC03F032
:10A870000FC013220C0000000000000081203600F1
:10A880004D004503D00D403700DD007403D00D406E
:10A890003700DD007403D00D403700D700340315B6
:10A8A0001D403400D1006417B0154036009D00747F
:10A8B00007102D4137009D037403D00D403700DD94
:10A8C000007403D00D4017020800000000000000D3
:10A8D00001A0340015024403D00D403700DD0074A0
:10A8E00003D00D403700DD007403D00D403700DD8C
:10A8F0000074031019403400D10074101001401787
:10A90000989D207402900540270055027603D00DD3
:10A91000403700DD007403D00D4007000200000046
:10A9200000000000102030001D000403D00C603334
:10A9300000CD003403D00C403300CD003603D00CE2
:10A94000403300C5007403100D403000C1003400D6
:10A95000900C4023804D00340114084013000D007A
:10A960003403D00C403300CD003403D00C4043A05E
:10A97000000000000000000000B03600D7004C03CB
:10A98000F00DC03700DF007C03D00DC03700DB00C6
:10A990007C03F00DC03700DD007C03300DD03400A7
:10A9A000D3005C033001C007001F007C003001C0F1
:10A9B000070057007C03F00DC03700DF007C03F078
:10A9C0000DC003C00A0000000000000005B83F00F1
:10A9D000FF00FC03F00FC03F00FF00FC03F00FC0BE
:10A9E0003F00FF00FC03F00FC03F00FF00FC03F03E
:10A9F0000BC03F00FF00EC03B00FC03A00EF00FCBB
:10AA000003F00FC23F083F00FC03F00FC03F00FF00
:10AA100000FC03F00FC017200E0000000000000033
:10AA200003A07F00FF01FC07F01FC07F00FF01FCB7
:10AA300007F01FC07F00BF818C053243004F0077B5
:10AA400001CC03910FC43F006741D004D01BC06A02
:10AA5000003940EC003202C40C40B300CC07F01FB8
:10AA6000C07F00FF01FC07F01FC00F000E000000B8
:10AA70000000000001087700DD017407D01D407759
:10AA800000DD017407D01DC075109C01440511390B
:10AA90000057105141C407100F107C00511044049E
:10AAA0001019406418110154061019426C8091006D
:10AAB0004407D01D407700DD017407D01D400720FA
:10AAC0000C0000000000000010A03300CD00340393
:10AAD000D00C403300CD003403D00C4033908D00B7
:10AAE0004401128042070094000403910C4033009B
:10AAF00045040400900C40220011004400900440E2
:10AB0000140081000403D00C403300CD003403D086
:10AB10000C4043800E0000000000000003A8350038
:10AB2000DD007403D00D403700DD007403D00D400C
:10AB300037889D0044011039423608915044031073
:10AB40000D48340051034400000D4024001180548E
:10AB500082900D40340891104403D00D403700DD41
:10AB6000007403D00D400F2006000000000000001C
:10AB700002A83700DF007C03F00DC03700DF007C47
:10AB800003F00DC037008FC04C4D3811C213005771
:10AB900083CC83B80FC23F0057014C20A028C0725D
:10ABA00000A201C801B403C00C00B10A4C03F00DAF
:10ABB000C03700DF007C03F00DC00B200E0000004A
:10ABC0000000000007803D00FF00FC03F00FC03FC5
:10ABD00000FF00FC03F00FC03D00FF09FC0CF40B6C
:10ABE000C41F22FF487C83340FCC3B007F40ED0024
:10ABF000B08BC4ED0897247C03700AC02F009F011E
:10AC0000FC03F00FC03F00FF00FC03F00FC01F006B
:10AC1000060000000000000003083500DF007C0390
:10AC2000F00DC03700DF007C03F00DC03700970047
:10AC30007C883821CA07149F023E13200CC03404BC
:10AC400053025C023225C0340097085C213485D859
:10AC5000140A83024C03F00DC03700DD007C03F0C2
:10AC60000DC00F20040000000000000013A03400FD
:10AC7000DD007403D00D403700DD007403D00D44B7
:10AC800037009D04341010094AC6008D92F4071055
:10AC90000F40BD005B000403100DC03603B10384F8
:10ACA0000B108F5030009B004403D00D403700DD67
:10ACB000007403D00D404F000200000000000000AF
:10ACC00007A03200CD003403D00C403300C500345F
:10ACD00003D00C60330085133401100060D3004DA5
:10ACE000863487100C40B100D10014211008403187
:10ACF0000045041518152042401841000503D00CEA
:10AD0000403300CD003403D00C401F000A00000087
:10AD10000000000006807800ED01B407D01E407BE3
:10AD200000ED01B407D01E407B00AD01B405141A3C
:10AD3000405B0CAD01B427119E4279287909C40506
:10AD4000409B487F006501940600DB10E8216909FB
:10AD50008407D01E403B00ED01B407D01E401B000D
:10AD6000020000000000000012103000CF003C0381
:10AD7000F00CC03300C7003C03F00CC03302870066
:10AD80003C011000C013018F283443300DC0302423
:10AD900003001D11142CC1310A470018003044C0B3
:10ADA000100043080C03F00CC03300CF003C03F04C
:10ADB0000CC04B40000000000000000002B83D0045
:10ADC000FF00FC03F00FC03F00FF00FC03F00FC0CA
:10ADD0003F00BD00FC21F00B003E00BF28FC03C07B
:10ADE0002F433A003F00BC01B20EC03E007B90EC06
:10ADF00002F04FC13B097F29FC03F00FC03F00FF69
:10AE000000FC03F00FC00B60060000000000000013
:10AE100015A03700DF007C03F00DC03700DF007C99
:10AE200003D00DC037009F4030033005C01700939A
:10AE3000803C73B02D10770153410C01300CC036AB
:10AE400000D6C05C05B001C2040153014C03F00DF3
:10AE5000C03700DF007C03F00DC057000E0000007B
:10AE60000000000013883900ED00B403D00E403B11
:10AE700000ED00B403D00E403B00AD00B402100E54
:10AE8000441B406100B413124E503113650094010D
:10AE9000140E403900E904840B514840204441001D
:10AEA0008403D00E403B00ED00B403D00E404F2091
:10AEB000060000000000000003007900ED01B40767
:10AEC000D01E407B00ED01B407901E447B00AD0115
:10AED000B447121E44DB00A911B407911C407B1239
:10AEE0007141C607100E407A00C5018411901640CA
:10AEF000580061018407D01E407B00ED01B407D0EB
:10AF00001E400F0004000000000000001228330063
:10AF1000CD003403D00C403300CD003403D00C40BE
:10AF200033008D013416100C405304490034039350
:10AF30000C4831004922143F105C407100C90204E2
:10AF400083500C40300041000403D00C403300CD4E
:10AF5000003403D00C404B200C0000000000000027
:10AF600017A815005F007C01F005C017005F007C8A
:10AF700001B005C017005F04BC053417C01B007B7F
:10AF8000807C01B005C0170073038C09300683561E
:10AF90000157201E11B005D0144073004D01F0057B
:10AFA000C017005F007C01F005C05F2006000000B4
:10AFB00000000000120007001F007C00F001C00725
:10AFC000001F007C00F001C007001F007C00F19111
:10AFD000C0070017207C007001C00750170C7C00D0
:10AFE0007001C007001B067D08F201C087003F000A
:10AFF0007C00F001C007001F007C00F001C04B0086
:10B000000C00000000000000100827009F007C02D8
:10B01000F009C027009F007C02F009C027009F00B4
:10B0200074063009C0673293107C0E3008C0660188
:10B030009B007C162159C0A50093094C263029C0DD
:10B04000600093007C02F009C027009F007C02F0A2
:10B0500009C043200C000000000000000120260071
:10B060009D007402D0094027009D007402D0094061
:10B0700027009D007406140942E75191023406101E
:10B0800009C0A6019D007C0A1129C022008122442A
:10B090000A1118C0E60191207402D0094027009DD2
:10B0A000007402D009400700080000000000000002
:10B0B00018A024009D007402D0094027009D007450
:10B0C00002D0094027009D08741210094027809182
:10B0D00001740218094826009D807442100941A499
:10B0E000009110C482100B482C01B1007402D009E9
:10B0F0004027009D007402D0094063000200000058
:10B1000000000000102020008D003402D0084023F1
:10B11000008D003402D0084023008D003402104816
:10B120004027888101341316484022018D005402C3
:10B130005508402200A1048112104A402A41A5046A
:10B140003402D0084023008D003402D008404380F0
:10B1500000000000000000001CB006001F007C0082
:10B16000F001C007001F007C00F001C007005F0075
:10B17000740030014007001320740030A1C00600A5
:10B180001F8A74003001C20440130048813001D08E
:10B190000440330A7C00F001C007001F007C00F06F
:10B1A00001C073C00A0000000000000019B82700A9
:10B1B0009F007C02F009C027009F007C02F009C0BC
:10B1C0002700BF40FC02F08BC03B00BD007422D4BE
:10B1D00089C02702ED80F802B00BC02F009F083C09
:10B1E00022F289C827029B097C02F009C027009F30
:10B1F000007C02F009C067600E0000000000000043
:10B2000018A027009F007C02F009C027009F007C47
:10B2100002F009C027009F00FC02F009C02C00BF0B
:10B2200020F8163059C06F418300D402940BC02C13
:10B2300000B305DC16325BD06C45930DFC02F009BF
:10B24000C027009F007C02F009C063000E000000D0
:10B25000000000001C0807001D007400D00140071A
:10B26000001D007400D0010807001D807400D1018A
:10B270004004005D20440014710104201181740019
:10B2800013054004001B22540810014084201103C0
:10B290007400D0014007001D007400D001407320ED
:10B2A0000C0000000000000010A023008D003402FC
:10B2B000D0084023008D003402D0080C23108D00EC
:10B2C0003402D9084C20008C00240A108840A300C6
:10B2D00081107402900940220099082422182952F2
:10B2E0002400810C3402D0084023008D003402D0A9
:10B2F000084043800E0000000000000018A8250050
:10B300009D007402D0094027009D007402D00942BC
:10B3100027009D807402D8294064089D4044021093
:10B32000094824009000740210894036089900549E
:10B3300003141942644090007402D0094027009D14
:10B34000007402D0094063200600000000000000E5
:10B3500005A827009F007C02F009C027009F007C01
:10B3600002F009C027009F087C06F209C464008F20
:10B37000012C023409C2270093037C1EA018C2626C
:10B380004293005F023C09D0204093007C02F00908
:10B39000C027009F007C02F009C017200E000000AB
:10B3A00000000000158025009F007C02F009C027E6
:10B3B000009F007C02F009C02700DF017C12F0082A
:10B3C000D027009F846C42F008D027009F447C1651
:10B3D000B019D065A093403C02F009C027009F003F
:10B3E0007C02F009C027009F007C02F009C05700D2
:10B3F0000600000000000000140805001F007C008B
:10B40000F001C007001F007C00F001C007001F0012
:10B410007C107101C087001FA27E00F10182030031
:10B420001F025C003061D005011F006C803101C03B
:10B4300004001F004C003401C007001F007C00F016
:10B4400001C05320040000000000000014A01400FC
:10B450005D007401D0054017005D007401D0054007
:10B4600017005DDBF401700544DF017D0BFC1D104E
:10B4700005409C005D0084051177C09E006142C4B8
:10B48000113446481C105D006C0110054017005D2A
:10B49000007401D0054053000200000000000000CD
:10B4A00014A03200CD003403D00C403300CD003462
:10B4B00003D00C6033008D03340C500C4023014D3D
:10B4C000293603D00C407381CD401405140C50B1C3
:10B4D000000587151B9164407000CD000403100C1B
:10B4E000403300CD003403D00C4053000A0000006C
:10B4F0000000000005803800ED00B403D00E403B92
:10B5000000ED00B403D00E403B006D40B489510EF5
:10B51000441B002D001403104E400804FD01C640DA
:10B52000500F683810A11084031006609800ED01D8
:10B53000A407100E403B00ED00B403D00E401700EE
:10B54000020000000000000015107800EF01BC07A9
:10B55000F01EC07B00ED01BC07F01E467B002FD122
:10B56000BC05701EC06B002F01B407F41FC14B2037
:10B57000ED019C073016447930CF410805B010C06A
:10B580007800CF018C07301EC07B00EF01BC07F0B4
:10B590001EC05740000000000000000010B8350039
:10B5A000DF007C03F00DC43700DF007C03F00DC02A
:10B5B0003710DF067C01D10DC027009F007C82F18F
:10B5C0002D420700DF003403B004C023809F005CDD
:10B5D00003F305D03700DF003C03F00DC03700DF78
:10B5E000007C03F00DC04360060000000000000076
:10B5F00000A07F00FF01FC07F01F407F02FF01FC5D
:10B6000007F01FC07F023F09FC05809F846C003E4D
:10B6100001FC07F0DFC14F02FF11FC05341EC07EA4
:10B62000002F819C073017C07C00F301CC07F01F6E
:10B63000C07F00FF01FC07F01FC003000E000000E8
:10B640000000000015883900EC00B003D00E003B6C
:10B6500000E900B403C08E8039006D08B061108E1F
:10B660004029002902B01BD28E48890AED40B4203F
:10B67000108E403908AF008403524E501802E1008A
:10B680009403D00E403B00ED00B403D00E40572091
:10B69000060000000000000000003900ED00B403C7
:10B6A000D00E403B00ED00B403D00E403B902D087F
:10B6B000F001108E400A002D00B403D14E4809025B
:10B6C000EC08F403900F403A00AD00C423902640EC
:10B6D000B800E1008403D00E403B00ED00B403D07D
:10B6E0000E400300040000000000000004283300A6
:10B6F000CD003403D00C403300C9002403980C4023
:10B7000032800D012401100C40230089802402D0D6
:10B710000C480010C9003402982C60600885002491
:10B720008BD00C503200D1071403D00C403300CD25
:10B73000003403D00C0013200C00000000000000B7
:10B7400015A83500DF007C03F00DC03700DF007C5A
:10B7500003F00DC037009F017C05302DC006014F5E
:10B76000187C03F00FC00500FF007C07B02CC0362A
:10B77000891D005C039004802440F3054C03F00D08
:10B78000C03700DF007C03F00DC05720060000002A
:10B790000000000001003700DF007C03F00DC0371F
:10B7A00000DB007C03F00DC035005F0A7C09744D9E
:10B7B000C085001B003C03F20DE08500DF107C0E0D
:10B7C000702DC035001F024C0B7005C0B500DF00A6
:10B7D0007C03F00DC03700DF007C03F00DC00700D4
:10B7E0000C0000000000000080083F00FF00FC0388
:10B7F000F00FC03F00FF00FC03F00FC03F003F050B
:10B80000EC05310DC00F143F00CD03B00EF80C80D5
:10B81000FF20FC03900FC11D00BF05CC42B005D82E
:10B820003400D100CC03F00FC03F00FF00FC03F058
:10B830000FC003220C000000000000008120360031
:10B84000DD007403D00D403700DD007403D00D40DF
:10B8500037004D070401100D4027019D026C8C102C
:10B860000F40C400FD007416F03DC026008D413C21
:10B870000FB015C8F200FB006C03D00D403700DD9F
:10B88000007403D00D400702080000000000000013
:10B8900001A03400DD007403D00D403700DD0074DA
:10B8A00003500D4037001500662B100D4017029D08
:10B8B000004406900D404420DD207407901D613542
:10B8C0008015425487111560F400D5004403D00D53
:10B8D000403700DD007403D00D4007000200000077
:10B8E0000000000010203000CC003403D00C4033A6
:10B8F00000CD003403D00C4033005D004603900CB3
:10B900006203208D000602100C600000CD4036025C
:10B91000500D4430001D007603900C403200CD00E5
:10B920002403D00C403300CD003403D00C404380BE
:10B93000000000000000000000B03600DF007C03C3
:10B94000F00DC03700DF007C03700D40370057005A
:10B950006C03300DC807109D004402B20E44040071
:10B96000DD007403900D4035001F0048033205D000
:10B970003410D7004C03F00DC03700DF007C03F01B
:10B980000DC003C00A0000000000000005B83F0021
:10B99000FF00F403F00FC03F00FF00FC03F00FC0F6
:10B9A0003F003F80BC03700FC82F08BD00F482F138
:10B9B0000FD00F08FE80BC02F00BC02F803F00ECC0
:10B9C00003F20FE03F00FB00FC03F00FC03F00FF5D
:10B9D00000FC03F00FC017600E0000000000000024
:10B9E00003A07F00FF01FC07301FC07F00FF01FCA8
:10B9F00007F01FC07F00FF01FC07F01FC07F00FFA2
:10BA000001BC01701FC07D00FF01FC07F017C07F63
:10BA100000F701FC07B01FCC7808E301DC07F01F3A
:10BA2000C07F00FF21FC07F01FC00D000E000000CA
:10BA30000000000001087700DD817413101D4077BD
:10BA400000D7017407D01DC87500D7017407D01D39
:10BA5000407708D7217400541D407400DD0174073D
:10BA6000D0154847001101740490114044001B2177
:10BA70007407D01DC27500D7017407D01D40072080
:10BA80000C0000000000000010A03300CD00344383
:10BA9000140C403300CD003403D00C403300CD00F3
:10BAA0003403D00C403300CD003401540C40310835
:10BAB000CD203403D00460370841002403900C40AB
:10BAC000300045403403D00C403300CD003403D067
:10BAD0000C4041800E0000000000000003A835006B
:10BAE000DD007603100D403700D5007403D00D4003
:10BAF0003500D5007403D00D403700D50074455093
:10BB00000D403400DD407403D025400720910874B7
:10BB10002092014204009D007003D00D403500D5F5
:10BB2000007403D00D400F2006000000000000004C
:10BB300002A83700DF007C83300DC03700DD007CB9
:10BB400003F00D403700DD007C03F00DC03700DD51
:10BB5000807C04740CC03500DF007C03F805C00352
:10BB600040D7007C47B22C80040096007C03F20D85
:10BB7000C03700DD007C03F00DC009200E0000007E
:10BB80000000000007803D00FF00FC03F00FC03FF5
:10BB900000FF00FC03F00FC03F00FF00FC03F00FAC
:10BBA000C03F20FF00FC01F00FC03F80FF00FC03FE
:10BBB000F207C03F003E00FC04F043583F207300F2
:10BBC000FC03F00F403E00FC00FC03F00FC01F0020
:10BBD000060000000000000003083500DF007C03C1
:10BBE000300DC03700D7007C03F00DC03700D70000
:10BBF0007C03F00DC03700D7007C15B04DC0370076
:10BC0000DF007C8370A5C00706538C4C03F06DC821
:10BC1000074013084C03F00DC03700DF007C03F031
:10BC20000DC00F20040000000000000013A034002D
:10BC3000DD007403100D403700DD007403D00D40AB
:10BC40003700DD007403D00D403700DD00740910AB
:10BC50000D453700DD007483D11500B70091824493
:10BC600028C041407300D10B440FD00D403700D69F
:10BC7000007403D00D404F000200000000000000DF
:10BC800007A03200CD007403100C403300CD003407
:10BC900003D00C403300CD003403500C403300CDB2
:10BCA000007401142C403300CD003403501C00F309
:10BCB000008183068CC03040F301C402146BD00CA9
:10BCC000403300CC003403D00C401F000A000000B9
:10BCD0000000000006807800ED01B407101E407BD4
:10BCE00000ED01B407D01E407B00ED01B407D01E6B
:10BCF000407B00ED01B405101E487B00ED01B60746
:10BD0000D09E404F0079018607D01E604B2425014C
:10BD10009607C01E4C7B00ED01B407D01E401B00EF
:10BD2000020000000000000012103000CF007C0371
:10BD3000340CC03300CF003C03F00CC03300CF0004
:10BD40003C03F00CC03300CF003C11B08CC2330078
:10BD5000CF483C03700CC0334202000950DA40CC9B
:10BD6000330147081C03F00C803300CF003C03F084
:10BD70000CC04B40000000000000000002B83D0075
:10BD8000FF00FC23F00FC03F00FF00FC03F00FC0DA
:10BD90003F00FF80FC03F00F803F00FF00FC01F13B
:10BDA0000FC23F00FF00FC03F00F000B08E708FC88
:10BDB00003F00FC00F00B901EC23F00FC03F00F7F4
:10BDC00000FC03F00FC00B60060000000000000044
:10BDD00015A03700DF007C03340DC03700DF007C86
:10BDE00003F00DC03700DF007C03F00DC03700DF2B
:10BDF000007C01B00DC03700DF007C03F00CC004F4
:10BE0000009F207C003201CA472893203C07300D58
:10BE1000CA3728DFA07C03F20DC257000E000000D5
:10BE20000000000013883900ED00F403100E403BC1
:10BE300000ED00B403D00E403B00ED00B403D00E83
:10BE4000403B00ED00B403540E483B00ED00B4034A
:10BE5000D00EC83A086DA0B403320EC0390061009C
:10BE6000B403100E423B00ED00B403D00E604F202F
:10BE7000060000000000000003007900ED01B40797
:10BE8000101E407B00ED01B407D01E407B00ED0189
:10BE9000B487C01E407B00ED01340D141E427B00B0
:10BEA000ED01B407D01F40C8002D01B404D01240EA
:10BEB0004B002111B407101E407B00ED01B407D0E8
:10BEC0001E400F0004000000000000001228330094
:10BED000CD407403100C403300CD003403D00C402F
:10BEE0003300CD003403D00C403300CD00744F50EC
:10BEF0000C403388CD003403D00C487220CD003480
:10BF000003100C40F100C1003403100C403300CD8D
:10BF1000003403D00C404B200C0000000000000057
:10BF200017A815005F007C013405C017005F007C76
:10BF300001F005C017005F007C01F005C017005F2D
:10BF400000FC013405C017005D007601F005C01447
:10BF5000025F403C013405C4574C51007C0134055C
:10BF6000C017005F007C01F005C05F2006000000E4
:10BF700000000000120007001F007C00F001C00755
:10BF8000001F007C80F001C007001F007C00F00152
:10BF9000C207081F007C007021C007001B007C0046
:10BFA000F201C00F103F02FC007003C00F043F00FD
:10BFB0007C00F001C007001F007C00F001C04B00B6
:10BFC0000C00000000000000100827009F007C0209
:10BFD0003009C027009F007C02F009C027009F00A5
:10BFE0007C02F009C027009F007C063409C02700AE
:10BFF0009F007C02F009C024009B854C063009C8D4
:10C0000024009F00740EF009C027009F007C02F0FE
:10C0100009C043200C0000000000000001202600A1
:10C020009D00740215094027009D007402D009602C
:10C0300027009D007402D0094027009D007E0E114C
:10C04000494027009C007402D008E82300819044F6
:10C050008600084024209D007C02D0094027009DD6
:10C06000007402D0098005000800000000000000F4
:10C0700018A024009D00740210094027009D007440
:10C0800002D0094027009D007402D0094025209D60
:10C0900000745210094027009C007402D069482C9B
:10C0A00008B980C412000F402C00BD007402D009F2
:10C0B0004027009D007402D0094063000200000088
:10C0C00000000000102020008D00340210084023E2
:10C0D000008D003402D0084023008D003402D008C7
:10C0E0004023008D00141214084023088D003402F0
:10C0F000D008402900A1008402150A422820AD0082
:10C100001402D0084023008D003402D00840418042
:10C1100000000000000000001CB006001F007C288A
:10C120003001C407001F007C00F0014007001F0021
:10C130007C00F001C005001F0074283201C4070014
:10C140001F007C00F0014004201B004D003201D094
:10C1500004883F207400F001C007001F007C00F03D
:10C1600001C073C00A0000000000000019B82700D9
:10C170009F407C02F009C027009F007C02F009C0AC
:10C1800027009F007C02F0094027009F80FC22F0DE
:10C1900009C027009F007E02F009C027209F003CB5
:10C1A00002F209C023009F607C02F009C027009FB3
:10C1B000007C02F009C065600E0000000000000075
:10C1C00018A027009F007C023009C027009F007C38
:10C1D00002F009C027009F007C02F009C027009FE1
:10C1E00000FC023009C027089F007C02F009C02E25
:10C1F000008F003C023009C0240093004C0230093B
:10C20000C027009F007C02F009C061000E00000002
:10C21000000000001C0807001D00741014014007F6
:10C22000001D007400D0014007001D007400D00103
:10C23000C005081D0074105001C005201D007400C9
:10C24000D001440708570074001901C004101140C0
:10C25000C4001001C005001D007400D0014073200F
:10C260000C0000000000000010A023008D003442EC
:10C2700010084023008D003402D0084023008D00B8
:10C280003402D0084023008D00344A1808402300AF
:10C290008D003402D008402300AD00B402100B40E2
:10C2A0002E00A920840210084023008D003402D003
:10C2B000084041800E0000000000000018A8250082
:10C2C0009D60740210094027009D007402D009404F
:10C2D00027009D007402D0094025009D0074125073
:10C2E000096025009D007402D009482700B500F4BC
:10C2F00002120B422C40B910C40210094025009DC7
:10C30000007402D009406320060000000000000015
:10C3100005A827009F007C023009C027009F007CF1
:10C3200002F009C027009F007C02F009C027009F8F
:10C33000807C023409C027089F007C02F009C026D7
:10C34000089F803C021408C026009B024F0234095B
:10C35000C027009F007C02F009C015200E000000DD
:10C3600000000000158025009F007C02F009C02716
:10C37000009F007C02F009C027009F007C02F009AA
:10C38000C027009F003C02F00DC427209F007C02C4
:10C39000F00D8027089F007C02F009D02704970049
:10C3A0007C02F009C027009F007C02F009C0570002
:10C3B0000600000000000000140805001F007C00BB
:10C3C0003401C007001F007C00F001C007001F00FF
:10C3D0007C00F001C007001F007C003011C0070086
:10C3E0001F007C007001C105203F02CD003003D04A
:10C3F0000C103F00FC10F001C007001F007C00F093
:10C4000001C05320040000000000000014A014002C
:10C410005D00740110054017005D007401D00540F7
:10C4200017005D007401D0054017005D00F40D1089
:10C43000054217005D007401D0154117005C0044EF
:10C440000114054090004D013401F0054017005DD6
:10C45000007401D0054053000200000000000000FD
:10C4600014A03200CD007403100C403300CD003412
:10C4700003D00C403300CD003403D00C403300CD4A
:10C4800000344B9008403300CD003403501C40531F
:10C49000000D00060050006080020D103408D00C22
:10C4A000403300CD003403D00C4053000A0000009C
:10C4B0000000000005803800ED00B413100E403B72
:10C4C00000ED00B403D00E403B00ED00B403D00EED
:10C4D000403B08ED00B408900E403B20ED00B40353
:10C4E000D00E40AB00ED41C603500F403800ED02C6
:10C4F000B003D00E403B00ED00B403D00E40170057
:10C50000020000000000000015107800EF01FC0F91
:10C51000301EC07B00EF01BC07F01EC07B00EF01A6
:10C52000BC07F01EC07B00EF01FC07B012C07B000F
:10C53000EF01BC07701AC25900EDA18C857012C0C2
:10C5400048082F01BC05F01EC07B00EF01BC07F0BE
:10C550001EC05740000000000000000010B8350069
:10C56000DF00FC07F00DC03700DF007C03F00DC0DA
:10C570003700DF007C03F00D803700DF00FC017422
:10C580006DC03700DF007C03F069C127001F007C0D
:10C5900002B00CC03700DF007C02700DC03700DF36
:10C5A000007C03F00DE04360060000000000000086
:10C5B00000A07F00FF01FC07341FC07F00FF01FCCB
:10C5C00007F01FC07F00FF01FC07F01FC07F00FFC6
:10C5D00041FC07303BC07F00FF01FC07F097C048DB
:10C5E0000233018C043852C07C02F301CC26389F00
:10C5F000C07F00FF01FC07F01FC003000E00000019
:10C600000000000015883900ED00F423100E403BB7
:10C6100002ED08B423D08E403B02ED00B403D00EEF
:10C62000403B00ED80B002140E403B02ED00B4032D
:10C63000D0A2402904EB108403104E4008022100D0
:10C640008401100E403B00ED00B403D00E40572093
:10C65000060000000000000000003900ED00B403F7
:10C66000100E403B00ED00B403D00E403B00ED0047
:10C67000B403D00E403B02ED00B402100A403B0070
:10C68000ED00B403D006600888F508D42194C248B0
:10C690003E00F100A403120E403B00ED00B403D0B5
:10C6A0000E400300040000000000000004283300D6
:10C6B000CD007403100C403300CD003403D00C4087
:10C6C0003300CD003403D00C403308CD007400108B
:10C6D0000C403300CD003403D00060608009111499
:10C6E0004290FC40C21001932400100C403300CD56
:10C6F000003403D00C4013200C00000000000000A8
:10C7000015A83500DF00FC03340DC03700DF007CC6
:10C7100003F00DC03700DF007C03F00DC03700DFF1
:10C72000007C17340DC03700DF007C03F00D40049F
:10C730001003831D4E912CD0860603526E00340DDB
:10C74000C03700DF007C03F00DC05720060000005A
:10C750000000000001003700DF007C03F00DC0374F
:10C7600000DF007C03F00DC03700DF007C03F00D1C
:10C77000C03700DF007C0AF40DC03720DF007C03E7
:10C78000F00DC02704DF0064897021C03500DF0090
:10C790005C03F00DC03700DF007C03F00DC0070024
:10C7A0000C0000000000000080083F00FF00FC03B8
:10C7B000300FC03F00FF00FC03F00FC03F00FF0040
:10C7C000FC03F00FC03F00FF807C463007C03F00F5
:10C7D000FF00FC03F003C24D02FB00CC83300F00CE
:10C7E0000C003F00CC01300FC03F00FE00FC03F006
:10C7F0000FC003220C000000000000008120360062
:10C80000DD407483500D403700DD007403D00D40CF
:10C810003700DD007403D00D403700DD007408B030
:10C820009D403700DD807403D02140631014004424
:10C830000811A1413410DD400402100D403700DD25
:10C84000007403D00DC007020800000000000000C3
:10C8500001A03400DD007403100D403700DD0074CA
:10C8600003D00D403700DD007403D00D603700DDCC
:10C87000007453100D403700DD007403D00D4007E5
:10C88000201000440A900D603500DD004402100DB8
:10C89000403780DD007403D00D4007000200000027
:10C8A0000000000010203000CD003403500C403355
:10C8B00000CD003403D00C403300CD003403D00C45
:10C8C000403300CD003400900C403300CD003403E1
:10C8D000D008402310C500050110004001000D00E4
:10C8E0000601000C403300CD003403D00C404380DF
:10C8F000000000000000000000B03600DF007C03F4
:10C90000340DC03700DF007C03F00DC03700DD00C0
:10C910007C03F00DC03700DF007C02300DC0370013
:10C92000DF007C03F105C00700D3804C03340DD039
:10C930003510DF004503340DC03700DF007C03F005
:10C940000DC003C00A0000000000000005B83F0051
:10C95000FF00FC03F00FC03F00FF00FC03F00FC01E
:10C960003F00FF00FC03F00FC03F20FF00FC00F081
:10C970000FC03F00FF00FC03F102C02F102F00FC8E
:10C9800000D103C40A002F40BC00F00FC03F00FFDD
:10C9900000FC03F00FC015600E0000000000000056
:10C9A00003A07F00FF01FC07F01FC07F00FF01FC18
:10C9B00007F01FC05F003F01C804F01A404F08FB9A
:10C9C00081CC857013C06E00FB01FC07701BC43E58
:10C9D000046301CC05300FC04E00FB01CD07F01FF2
:10C9E000C07F00FC01FC07F01FC00F000E0000001C
:10C9F0000000000001087700DD017607D01D4077B8
:10CA000000DD017407D01D4047209D014404D21968
:10CA1000605700D00144051019402400D10154078B
:10CA2000501942FC0813015405500F400420D10155
:10CA30004407D01D407700D9017407D01D4007205E
:10CA40000C0000000000000010A03300CD003603F1
:10CA5000D00C403300CD003403D0044013004D000F
:10CA60000400D008400700D9400481500140320042
:10CA7000D9003403510840322059800402000C428E
:10CA80000200C9000403D00C403300CD003403D0B1
:10CA90000C4043800E0000000000000003A8350099
:10CAA000DD007403D00D403700DD007403D0354045
:10CAB000D7089D144506D0094377009103444010E0
:10CAC00019417408D1015413512D403600511154AD
:10CAD00046500D48300AD1004403D00D403700D9EC
:10CAE000007403D00D400F2006000000000000007D
:10CAF00002A83700DF007403F00DC03700DF007CB0
:10CB000003F039C0D7005F034C4CF091404380CB19
:10CB1000034D087030C066019B117C137029C03E24
:10CB2000400B014C05300FC0C600CB004C03F00D8C
:10CB3000C03700DF007C03F00DC00B200E000000AA
:10CB40000000000007803D00FF00FC03F00FC03F25
:10CB500000FF00FC03F00FC01F007F80EC00F11B02
:10CB6000C43F04BF80FC0DF00BC02F00FF00FC078A
:10CB7000F23BC039003F10FC01F00DD04F00FF0028
:10CB8000FC03F00FC43F00FB00FC03F00FC01F00CC
:10CB9000060000000000000003083500DF007C03F1
:10CBA000F00DC03700DF007C03F08DC09400530C03
:10CBB0007C42F109C00482DB004C03F021E8A7208D
:10CBC000D7005D0BF009C03700DF014C12700CC0BC
:10CBD000A500D3007C03F00DC03700DF407C03F0DC
:10CBE0000DC00F20040000000000000013A034104E
:10CBF000DD007403D00D403700DD007403D82D40F4
:10CC0000B40241037402D03DC3B60097182C80D003
:10CC100099402700C1090447B09844FF00DD022C69
:10CC20001E100F500400D1007403D00D403700DDFA
:10CC3000007403D00D404F0002000000000000000F
:10CC400007A03200CD003403D00C403300CD803437
:10CC500003D05440500A41023624D04840A000CDB1
:10CC6000030443D030400700C501144B908848733B
:10CC7000094D82060B510C403100C1003403D00C29
:10CC8000403300CD003403D00C401F000A000000E8
:10CC90000000000006807800ED01B407D01E407B44
:10CCA00000ED01B407D01E485C826101B426D81E95
:10CCB000407A027509A447D21E687F02E111D43779
:10CCC000941A407B002D01F407105E407802E001C9
:10CCD000B407D01E407B00ED01B407D01E401B00FE
:10CCE000020000000000000012103000CF003C03E2
:10CCF000F00CC03300CF003403D004403042430076
:10CD00003C20F008C0B0004D000C81F0044133001D
:10CD1000C7201C12B000C033854F000C13700CD01C
:10CD20008508C3003C03F00CC03302CF003C03F085
:10CD30000CC04B40000000000000000002B83D00A5
:10CD4000FF00FC03F00FC03F00FF00FC03D00ED03B
:10CD50003B0A7F40FC22F00FC03F002F00FC00E0A8
:10CD60008F803B006F20AC13F40B803F00BF08ACFA
:10CD700002F06FC13F48FF00F403F00FC03F08FF0F
:10CD800000FC03F00FC00B60060000000000000074
:10CD900015A03700DF007C03F00DC03700DF007CFA
:10CDA00003F015C0102053000C02B008C0702046DC
:10CDB000410C063014C02600C3004C03B009C83330
:10CDC0000F0B004C07300DC00649DB207C03F00D33
:10CDD000C03700DF007C03F00DC057000E000000DC
:10CDE0000000000013883900ED00B403D00E403B72
:10CDF00010ED00B403D00E40180061008403100E43
:10CE00000C380061008401100E483830E140910375
:10CE1000100A403B0921008403124C400904E10040
:10CE2000B403D00E403B00ED00B403D00E404F20C1
:10CE3000060000000000000003007900ED01B407C7
:10CE4000D01E407B00ED01B407D017407C0071017B
:10CE5000B486901A0278006101C485101E406C20CF
:10CE6000E111A005911E407B00A921E447101E405E
:10CE70004A00E901B407D01E407B00ED01B407D0A1
:10CE80001E400F00040000000000000012283300C4
:10CE9000CD003403D00C403300CD003403D01C420D
:10CEA000702841033407101C43F0590121048514F4
:10CEB0001C42F0144100242F101844330081012437
:10CEC00003130D54C500C1003403D00C403300CD12
:10CED000003403D00C404B200C0000000000000088
:10CEE00017A815005F007C01F005C017005F007CEB
:10CEF00001F007C05C4E6301BC15B007C09C047311
:10CF000011CC013077D058047320AC0DB436C11762
:10CF1000007B06ED013405D0D6005B007C01F005F6
:10CF2000C017005F007C01F005C05F200600000014
:10CF300000000000120007001F007C00F001C00785
:10CF4000001F007C00F0A1D187001F18410CF2A146
:10CF5000D007001F067D20F041C005401F005C0087
:10CF6000F041C883001F105C88F001C007031F0058
:10CF70007C00F001C007001F007C00F001C04B00E6
:10CF80000C00000000000000100827009F007C0239
:10CF9000F009C027009F007C02F019C067009308C9
:10CFA0004C0AF049C064809F087C46F00980274005
:10CFB00093895C427059C0242097054C26F009C023
:10CFC000350093007C02F009C027009F007C02F02E
:10CFD00009C043200C0000000000000001202600D2
:10CFE0009D007402D0094027009D007402F00940A2
:10CFF000E34191124442103850A4889F02740ED02D
:10D00000094827008100440AB0194024008B854458
:10D0100012D0094024009B007402D0094027009DD3
:10D02000007402D009400700080000000000000062
:10D0300018A024009D007402D0094027009D0074B0
:10D0400002D08941270291004402500940A5219D48
:10D050000074629019602700910056D25009502444
:10D060000191004402D00940250091207402D009AA
:10D070004027009D007402D00940630002000000B8
:10D0800000000000102020008D003402D008602332
:10D09000008D003402500840270081000402100C6B
:10D0A00040200085003482D01860271091000402CF
:10D0B000100948200189200402D04850200089002E
:10D0C0003402D0084023008D003402D00840438051
:10D0D00000000000000000001CB006001D007C00E5
:10D0E000F001C007001F007C00D001C00700130042
:10D0F0004C007001C005005D007C009201C08702F9
:10D1000013805C005201C0140013004D00F2A1D046
:10D11000810213007C00F001C007001F007C00F0BA
:10D1200001C073C00A0000000000000019B8270009
:10D130009F007C02F009C027009F007C02F00EC017
:10D140002F00AF20FD02700BC02F00BF00FC02C0FB
:10D150000BC03B00BF20BD02F40BC02702BD00BCCA
:10D1600002F089C027409F007C02F009C027009F81
:10D17000007C02F009C067600E00000000000000A3
:10D1800018A027009F007E02F009C027009F007CA6
:10D1900002F00BC02D00BB00FC02B00AC02C00BB8B
:10D1A00000AC02340BC0A640B1008C02200BC06C56
:10D1B00000BF00EC02F319C5260090007C02F009C4
:10D1C000C027009F007C02F009C063000E00000031
:10D1D000000000001C0807001D007400D00140077B
:10D1E000001D007400D00140040011807400120181
:10D1F00042040010004400100140440011004400AB
:10D2000040014084005D004400D03140454015009D
:10D210007400D0014007001D007400D0014073204D
:10D220000C0000000000000010A023008D0034025C
:10D23000D9084023008D003402D008403100890015
:10D24000740290094024808D00640250184026002A
:10D2500081804082100940A0208D002482D0484166
:10D26000220581003402D0084023908D003402D082
:10D27000084043800E0000000000000018882500D0
:10D280009D007402D0094027009D007402D0094817
:10D290002402910874020019412428D500440B503F
:10D2A00049402400D102440210A95834209D004472
:10D2B00002D0085021A095007402D0094027009D9B
:10D2C000007402D009406320060000000000000046
:10D2D00005A827009F007402F009C027809F007CEA
:10D2E00002F089C0E5049B003C12B038D0E0118FF9
:10D2F000112C2A5018C8A64093024C421019C02481
:10D30000008F036C4AF009E2E62693007C02F009E4
:10D31000C027009F007C02F009C017200E0000000B
:10D3200000000000158025009F007C02F009C02746
:10D33000009F007C02F009C067009F417C02F00959
:10D34000C067029B147C02B009C0E7409F497D265C
:10D35000F409C027009F247C16F209C267609F0071
:10D360007C02F009C027009F007C02F009C0570032
:10D370000600000000000000140805001F007C00EB
:10D38000F101C007001F007C00F001C087001F00F2
:10D390007C00F201D004041F407C103001C4070857
:10D3A0001E046C083821C407101F027C40F001C223
:10D3B000852013007C00F001C007001F007C00F0F6
:10D3C00001C05320040000000000000014A014005D
:10D3D0005D007401D00540170057007401D016405D
:10D3E0001B007D03F409D02744DC047D11F44914AB
:10D3F000274013006F318411B006401F027D06F4F0
:10D4000011F0054014007B007401D005401700574F
:10D41000007401D00540530002000000000000002D
:10D4200014A03200CD003403D00C403300CD0034C2
:10D4300003D07C403300CD10341FD03C41F000CCF1
:10D4400003360300646032004D012403127C42B3B2
:10D4500000CD11240DD00C40310049003403D00C14
:10D46000403300CD003403D00C4053000A000000CC
:10D470000000000005803800ED00B403D00E403BF2
:10D4800000E500B403D02A401B006D02B443D22A49
:10D490004038006D00B403100E413B217500840339
:10D4A000900641AB10ED40B401504E403C01690084
:10D4B000B403D00E403B00E500B403D00E4017008B
:10D4C000020000000000000015107800EF01BC070A
:10D4D000F01EC07B00EF01BC07F01AC05B00AF017B
:10D4E000BC07D01AC078006D01BC063012C07A01AA
:10D4F0006D01AC07101AC07B00EF81AC04D05FC196
:10D50000F9026B01BC07F01EC47B00EF01BC07F001
:10D510001EC05740000000000000000010B8350099
:10D52000DF007C03F00DC03700D7007C03F009C298
:10D5300017081F007C83F009C637005F007C00F1EC
:10D54000050437124F007C03F001C027009E007CC9
:10D5500001F06DC0B3015F007C03F00DC03710DF38
:10D56000007C03F00DC043600600000000000000D6
:10D5700000A07F00FF01FC07F01FC07F00FF01FC3F
:10D5800007F01BC06B002301CC07F01AC0780233F0
:10D5900001FC07F093C23F036F09AC17B017C06FCF
:10D5A00008F781F824F01FC17C427B01FC07F01FC3
:10D5B000C07F00FD09FC07F01FC003000E00000043
:10D5C0000000000015883920ED00B403D00E483B60
:10D5D00000ED00B403D02A491B0021088403C00ACF
:10D5E0004038006180B422D00A403B002C4C945B50
:10D5F0001002402B00ED00A400D04E403903610022
:10D60000B403D00E403B00E900B403D00E405720D5
:10D61000060000000000000000003900ED00B40327
:10D62000D00E403B00ED00B403D08A401F0431000F
:10D630008461D00B403C006110B402D002483B260C
:10D640006D02C03B9102402B00A500B401C10E4801
:10D650003A846900B403D00E403B00ED00B403D01F
:10D660000E40030004000000000000000428330006
:10D67000CD003403D00C403300CD003403D0004043
:10D68000930001200402D2285010044100349CD0A1
:10D690004044B7004900048310104003208D022449
:10D6A00081900C40F10041003403D10C403300C99B
:10D6B000003403D00C4013200C00000000000000D8
:10D6C00015A83500DF007C03F10DC03700DF007CBA
:10D6D00003F011CC4700D33B4D87F089C07444530D
:10D6E000087C1AF219C3FF00DF304D0FB0E140375C
:10D6F0000897037C46F80FC0FC005B007C03E00D3C
:10D70000C03700DF007C03F00DC05720060000008A
:10D710000000000001003700DF007C03F00DC0377F
:10D7200000DF007C03F021C017011F027C1AF08982
:10D73000C037005F007C0BF029C037015F805C01BF
:10D74000F021C023009F0A6C00F80CC237005F0074
:10D750007C03F00DC03700DB007C03F00DC8070030
:10D760000C0000000000000080083F00FF00FC03E8
:10D77000F00FC03F00FF00FC03F003C10F103F009B
:10D78000FC03F02BC83C007F40FC12F913C03F089B
:10D79000FB00ED037003C40C00B310FC00F00DC2DD
:10D7A0003C147300FC03F00FC03F00FF00FC03F0CB
:10D7B0000FC003220C000000000000008120360092
:10D7C000DD007403D00D423700DD007403D0314614
:10D7D00057001D27744ED0005174005D00740CD0AA
:10D7E00081413F004101040F10504264009B2374AB
:10D7F000CCD00F403C005B007403D00D403700DDFF
:10D80000007403D00D400702080000000000000073
:10D8100001A03400DD007403D00D403700DD00743A
:10D8200003D0114047001D017407D0094074001552
:10D83000007400D00140370059017407501148644A
:10D840008095587404D00D40310851007403D00DF8
:10D85000403700DD007403D00D40070002000000D7
:10D860000000000010203020CD203403D00C4033C5
:10D8700000CD003483D0004053000D403402D00965
:10D880004030004D803400D008603300590044809F
:10D89000100160204089003600D00C403000490063
:10D8A0003403D00C403300CD003403D00C4043800F
:10D8B000000000000000000000B03600DF007C0324
:10D8C000F00DC03700DF007C03F001C007201F20EF
:10D8D0007C01F001C0240057807C80D001C037005B
:10D8E0005B607C035101D0240013007C80F00FC0EA
:10D8F000380053007C03F00DC03700DF007C03F0DC
:10D900000DC003C00A0000000000000005B83F0081
:10D91000FF00FC03F00FC03F00FF00FC03F003C05A
:10D920001F003F00FC00F003C01F287F40FC00C028
:10D9300003C63F007700FC03E203C02F00B500FCE4
:10D9400000F00FC03F007F20F403F00FC03F00FF46
:10D9500000FC03F00FC017600E0000000000000084
:10D9600003A07F00BF01CC0E721EC2FD00F303CCEA
:10D9700007301FC07C00F303FC073063C02C00F7A6
:10D98000818C203003C03C423703FC0BF013404C29
:10D99000103F01FC04F213C42C813F01FC43F01F33
:10D9A000C07F00FF01FC07F01FC00F000E00000049
:10D9B00000000000010837059D5044131045403415
:10D9C00000D1044453100D493500D40074070061A0
:10D9D000402400D301443A501160B4099500F41377
:10D9E000D04551541057017406D00140E4009D0009
:10D9F000740BD01D407710DD017407D01D40072047
:10DA00000C0000000000000010A033018D0054063F
:10DA1000500D413501C1040413100C403004C10401
:10DA200034031024402000C5400410500040B24090
:10DA300085043413D0414000880D003401D040618A
:10DA4000520205143453D00C483300CD003403D0B7
:10DA50000C4043800E0000000000000003A83500C9
:10DA60008D005407101D403401C1014003100C40CB
:10DA70003120D1C07403101550E440D940450B50FB
:10DA80001104362095007403D0050034005540740D
:10DA900003D00C4067005D007403D80D403700DDF3
:10DAA000007403D00D400F200600000000000000AD
:10DAB000028837009F085C06741CD07140D3014C6B
:10DAC00003340DC03402D3003C033439C06410D792
:10DAD000000C02703100362057007C03F0018104F5
:10DAE000011FB07C08F031D066005F027C0FF00DA2
:10DAF000C23700DF207C03F00DC00B200E000000B9
:10DB00000000000007803D00BF01ED03F00FC07F63
:10DB100000FF00FD03F00FC07F40FF00FC03F20890
:10DB2000D02750F700FCC2F400D03500F802FC0307
:10DB3000F00BC05F067F18FC16F033C82420FF00EE
:10DB4000FC0FF80FC83F00FE00FC03F00FC01F00E1
:10DB50000600000000000000030835009F004C0391
:10DB6000301DC236009F044C03F04DC03400D3205A
:10DB70007C03F04DC0A400D3047C0A3021D0344291
:10DB8000DB814C033085C0870093007C88F081C026
:10DB9000370013027C1BF00DC03700DF007C03F060
:10DBA0000DC00F20040000000000000013A034008E
:10DBB0009D0000031039C06600DD024403D06DC033
:10DBC0002600D1027403D04D40E403C100740B0061
:10DBD0000940BC00D100C48F102C403740D10174E3
:10DBE00002D01D4027015B00748FD00D483700DD47
:10DBF000007403D00D404F00020000000000000040
:10DC000007A032018D000501100C407200CD0254B6
:10DC100003D12C403040C1333403D03840B400C16C
:10DC20008334061000407541491204131048402304
:10DC30000081013610D00040230000003400D00CD9
:10DC4000403300CD003403D00C401F000A00000018
:10DC50000000000006807800AD01C407103F507A34
:10DC6000806D019407D01E407A00E011B007D09A71
:10DC7000584860E111B4061116447940F101844717
:10DC8000109E406F06A919B444D092406B20A901A0
:10DC9000B414D01E483B02ED01B087D01E401B00DB
:10DCA0000200000000000000121030009F800403FA
:10DCB0003428C03204DF021D03F00DC03400C20856
:10DCC0003C03F00CC02040C3283C4230A8E03100A7
:10DCD000CB044C031008C0030003083C03EBA0C4B2
:10DCE000139283CA3C40F88CC03302CF083C03F047
:10DCF0008CC04B40000000000000000002B83D0056
:10DD0000BF00BC03F40BC03F02FE08E823F00FC0C5
:10DD10003F00FF08FC23F00FC02F40FF08F823F05E
:10DD20000FC03E00EF00FD0BF40FE82B003728FC7E
:10DD300003F083C22F0AFF28FC90F80FC23F09FFAF
:10DD400020FC03F00FC20B60060000000000000082
:10DD500015A0770093014C03700DC23400DF014C15
:10DD600007300DC03700D3207C03F009C03400D346
:10DD700080FC023007C0370057014C3B3050D8F0D0
:10DD800004C3120D4D340DC424005F027407300D1E
:10DD9000C03700DF007C03F00DC457000E00000008
:10DDA0000000000013883900A1008403100E4038E1
:10DDB00000ED208403100E403B00E500B403C20ECA
:10DDC000401800E100B4021006447F21EB008413E8
:10DDD000140A413810EA008401100A403800ED109E
:10DDE000F403500E403B00ED00B403D00E484F202A
:10DDF000060000000000000003007900A90184076C
:10DE0000421A407800FD01A407901E407F04E10102
:10DE1000B407D03C407800E101B406101E407B02FC
:10DE2000F50104071017415E20F511E40790074043
:10DE30005800AD01B447101E407B00ED01B407D07F
:10DE40001E400F00040000000000000012283320D4
:10DE5000C981050F1058507400CD0F2403900C4059
:10DE60007700C5003403D07C407002C180740B1170
:10DE70003C413320C9290403103C403200CD052425
:10DE800023908C405000CD00340B500C403300CD1B
:10DE9000003403D00C404B200C00000000000000B8
:10DEA00017A815005B058C357006C214247F026D1F
:10DEB00001B405C0170053203E01F837C01C0053C1
:10DEC00020FC013427C2171077004C013035C056B2
:10DED0002047816C05B127C09C804F01FC093005AB
:10DEE000C017005F007C01F005C05F200600000045
:10DEF000000000001200074817207C00F081D007C6
:10DF0000001F005C007001C007001F007E00F001D0
:10DF1000D007401F007C40F081C007A01B007D0897
:10DF2000F161C0050219005C007801C187031F0878
:10DF30007C40F001C007001F007C00F001C84B00CE
:10DF40000C00000000000000100867019F007C0228
:10DF5000B009C0262093007816F009C067019380AD
:10DF60007C023019C0600193807C063009C0674292
:10DF70009B453C02B05D807701DF204C03F009C86F
:10DF80002710D3804C12F009C027009F007C02F0BC
:10DF900009C043200C000000000000000100260022
:10DFA0009D42740A1029C0A7009102740AD029402A
:10DFB000E70091037402101940E400910174061106
:10DFC0000940A7109303744A10596027189D034411
:10DFD00006D02944230195026C02D0094027009DF8
:10DFE000007402D009400700080000000000000093
:10DFF00018A024809D90740A940953A6009102767B
:10E000000AD82960A70091087402108C402404915A
:10E01000887622140940A340990074229009602751
:10E02000009D064413D00940270091004403D00905
:10E030004027009D007402D00940630002000000E8
:10E0400000000000102020808D007402140940237D
:10E050004089003402D9084023008100340210486E
:10E060004020018100341210484223018100341203
:10E0700010086023009D000406D008402301D5004D
:10E080002412D0084023008D003402D00840438081
:10E0900000000000000000001CB082020F0A3C28B3
:10E0A000B0A0C08622130A3C28F0A1C08742530AC0
:10E0B0007C0014A1D0840213807C293001CCC702DB
:10E0C0005B0A7C28B2A14017001F004D00F0A5C0DC
:10E0D0004720130A4D28F001C007001F007C00F004
:10E0E00001C073C00A0000000000000019B827003A
:10E0F000BF00FC02F40FC02F00E7007C02F009C053
:10E100002B009F007C02F08BD02B629F80BC22F002
:10E110008BC06762EF017C26F019C027009B007C52
:10E1200002F00EC02F029F60FC22F009C027009F62
:10E13000007C02F009C067600E00000000000000D3
:10E1400018A0270093004C023009C0240093004C13
:10E15000023009C024009300FC02F009C02F10B760
:10E1600000DC527009C0AF41B300FC02700BC02B41
:10E1700000BF00FC82320BC22700BF00CC02320974
:10E180004027009F007C02F009C063000E000000E1
:10E19000000000001C0807001100440014014004A6
:10E1A0004011004580140150044034007400D00137
:10E1B0004087001100440810014003001B00740058
:10E1C00010014417005D407400B0014407105D0069
:10E1D000540050014007001D007400D0014073201E
:10E1E0000C0000000000000010A02B00B100840211
:10E1F000120B402820A1008402100A402800A90028
:10E200003402D00840A30585003402582840A300FA
:10E21000810034025008082200890074021008406E
:10E2200033008D00040212086023008D003402D0F8
:10E23000084043800E0000000000000018A82100E4
:10E24000B1008506100B502801A1008402100A407D
:10E250002800B9007402D009402710D100641210C0
:10E26000090037009920740210494027009D00746E
:10E270001A908940A7008D00140250094027009D84
:10E28000007402D009406320060000000000000076
:10E2900005A8274083014C4232B9D0240093034C97
:10E2A000023009C064009B407E02F019C0A741976C
:10E2B000007C027069C0270093027C027019C82795
:10E2C000009F40780E202980A7009F034C02300950
:10E2D000C027009F007C02F009C017200E0000003C
:10E2E00000000000158025049F047C02F019C0275F
:10E2F000009F047C42F009C0270197007C02F04D8A
:10E30000C2A3009F001C82F009C027009F107C421E
:10E31000F009C027009F107482F019C077029F098E
:10E320007402F009C027009F007C02F009C057006A
:10E3300006000000000000001408050013004C084F
:10E340003001C0060013004C003001C004013F0042
:10E350004C00F041C0041113047C003021C00404BF
:10E360001B022C20F081C1060213007C08F1A1C41D
:10E3700047001F107E003001C007001F007C00F026
:10E3800001C05320040000000000000014A014008D
:10E390005100440110044014005100440110054094
:10E3A00094015D00C401D025409C406183F40924A0
:10E3B0000540DC017501C40DD037409C007100B4EC
:10E3C00045D0374017007D03F401B0054017005DCC
:10E3D000007401D005C051000200000000000000E0
:10E3E00014A07200C1010407121C407200C1010494
:10E3F00007101C40F000CD010401D01C407000410A
:10E4000080346B000C4065404D03340DD01440F255
:10E4100001C109344FD03C413300CD0B3403100C03
:10E42000403300CD003403D00C4053000A000000FC
:10E430000000000005809800E102840B102E40B817
:10E4400000E102840B102E403800ED038401D0342B
:10E450006018046110B401101C403940A5119603E6
:10E46000D01E603880A100B403D80A603B00EC00E5
:10E47000B403900E403B00ED00B403D00E401500F5
:10E48000020000000000000015107C407301CD0563
:10E490003417D05E407301CD053417D048007D019C
:10E4A0008D05F01AD05C402301FC05301EC04900E8
:10E4B0007F01BC06F01BC01A30E041BC05F016C25B
:10E4C0005B006F013006301EC07B00EF01BC07F01F
:10E4D0001EC05740000000000000000010B81500EA
:10E4E0005F007C01F00DC01700DF007801F00DC067
:10E4F00007005F007C01F021C007201F807C01F035
:10E500000DD036401F006C03F009C007001F007CCF
:10E5100000B2014417015F007C03F00DC03700DF3B
:10E52000007C03F00DC24360060000000000000004
:10E5300000A06F00BF01FC06301AC06C00B301FCE4
:10E5400006F01BC07F00BF01FC05F037C05C003344
:10E5500009BC05301FC07F08F7A1FCA5301FC06BA8
:10E560000063C18C04129EC0EC22FF89FC07329F1D
:10E57000C07F02FF01FC07F01FC003000E00000077
:10E580000000000015882900AD22F40A100E403862
:10E5900002A100B422D00E403B04AD00B401D00271
:10E5A00040080861A8B418110EE03900EB00B4026D
:10E5B000506A400B00EB00AC02F08E402900ED20C9
:10E5C000B403B00E403B00ED00B403D00E40572022
:10E5D0000600000000000000000039002D00B420FB
:10E5E00010034108002100B403D002403B006D013C
:10E5F000B401D0024118046180F401180E412B02CD
:10E60000A500B480120E003B0025008401908F40CD
:10E610000A28ED02B402100E483B80ED00B403D08E
:10E620000E40030004000000000000000428370032
:10E630000D093404103C40500081033403D00C40D9
:10E6400033005D003401D0004084004100240810F4
:10E650001C4031408902340050286202000D012420
:10E6600018D1AD400301DD003403900C403300CDE0
:10E67000003403D00C4013200C0000000000000008
:10E6800015A83500DF007C1B302DD07404D3197C15
:10E6900003F00DC03700DF007C01F015D00440D33B
:10E6A000007C1D30AD40170097007C023001C00790
:10E6B0002015054C02B03DC0B6009F007C01300D16
:10E6C000C03700DF007C03F00DC0572006000000BB
:10E6D0000000000001001700DF027C1BF40DC0B732
:10E6E00040DF007C03F00DC03700DF007C01F00547
:10E6F000D007045F227C11F00DC035009F023C0B57
:10E70000F0E9C0370319027C097849C0A5029F01CE
:10E710006C03F00DC83720DF007C03F00DC007004C
:10E720000C0000000000000080083F00F304FC1310
:10E730003207C13C007F01FC01F007C00F007F00E1
:10E74000CC01F003C04442F300FC00300FC0034092
:10E75000BB107C02300B004D00F728CC163007CCE4
:10E76000BC083F044C00F00FC03F00FF00FC03F06A
:10E770000FC003220C0000000000000081201600E2
:10E78000D103340F140C503400DD007401D00D405F
:10E7900007005D004401D0614084045103340C1330
:10E7A0000D4077401105740FB01940060409051497
:10E7B0000C50014025001D005003D00D403708DDEE
:10E7C000007403D00D4007020800000000000000A4
:10E7D00001A02400D1007403100940A400DD0474DA
:10E7E00002D0094037009D004401D00440040011CC
:10E7F000017405100D401702D901740E1015400761
:10E80000011D004408900D401404DD004409D00DA2
:10E81000403700DD007403D00D4007000200000007
:10E820000000000010202000C1007403100D4030D3
:10E8300000CD003402D00C4033008D000501D00023
:10E8400040000045003400140C403308C10034027D
:10E85000910042020009001400D80C600100CD00B4
:10E860001403D00C403300CD003403D00C4043805F
:10E87000000000000000000000B03600D3007C0360
:10E880003001C820005F007C03F001C037005F004A
:10E890004C01F000C0040051007C00300DE0070086
:10E8A0009B007C02300DC0050017004C00B00DC06D
:10E8B0001400DF404C00F10DC03700DF007C03F096
:10E8C0000DC003C00A0000000000000005B83F4072
:10E8D000FF00FC03F00FC03F00FF00FC03F00FC07F
:10E8E0003F007F00FC01D003D00F007B00FC00F054
:10E8F0000FC03F10BD40FC02F00BC20E803B00FC7D
:10E9000000700FC00F00FF00FC03F00FC03F00FFBE
:10E9100020FC03F00FC017600E0000000000000094
:10E9200003A07F00FF01FC07F003C07F00FF01FC94
:10E9300007F01BC04F00E301FC05F01AC00D00F307
:10E9400001CC0FB11BC03C21F30CFC07B08FC03EC3
:10E9500001F3048C853017C07C00FF01FC87F01F99
:10E96000C07F10FD01FC07F01FC00F000E0000006B
:10E970000000000003087700DD017487D0114077A4
:10E9800000DD017407D019404700D1217405D0196A
:10E990004A4408D50144031019407402F50C74C3AD
:10E9A000108F40BD05D51654055015407520DD016A
:10E9B0007407D01D407700D9017407D01D400F2087
:10E9C0000C0000000000000013A03300CC00340352
:10E9D000D00C403300CD003403D008404700010084
:10E9E0003401D00D400300C100449390094032002F
:10E9F000C9046413900C403002C9884401000840E7
:10EA00003200CD003403D00C403300CD003403D0AD
:10EA10000C464F800E0000000000000003A83500E7
:10EA2000DD007403D00D403700DD00740390094011
:10EA3000670051017401D01D414700D51145039075
:10EA40000D413600DD007407900D403500DD0054A7
:10EA5000075005403700DD007403D00D443700D95E
:10EA6000007403D00D400F200600000000000000DD
:10EA700000A83700DF007C03F071C03700DF007CA6
:10EA800003F009C0430093117C03F21CC05F0093A4
:10EA9000010C07B038C03E08FB003E17B00FC03C69
:10EAA00000FA000C153035C03600DF007C03F00D95
:10EAB000C03700DF007C03F00DC003200E00000013
:10EAC0000000000005803D00FF00FC03F051C03F46
:10EAD00000FF00FC03F08BC00F007F20FC08F00F4C
:10EAE000431020FF30FC27708FC23D00F700FC036D
:10EAF000700F503820C740FC03F023C13D00FF4099
:10EB0000FC03F00FC83F00FB00FC03F00FC0170030
:10EB1000060000000000000003083500DF007C0351
:10EB2000F02DC03510DF007C03F00DC0070113028B
:10EB30004C03300DC01600D3407C2B708DC03700C5
:10EB4000DF005C02700DC03700DF004C013011C0E7
:10EB50003700DF007C03F00DC03710DE007C03F0CF
:10EB60000DC00F2004000000000000001BA03400B6
:10EB7000DD007403D0AD403400DD007403D00940E3
:10EB8000E70051014405103D405402C100740B10D0
:10EB900015407B01FD004403100F403F10FD006C49
:10EBA000091018403700DD007403D00D403700DD38
:10EBB000007403D00D404F00020000000000000070
:10EBC00017A03200CD003403D000403100CD003416
:10EBD00003D008409302C1050405103400D202C1DD
:10EBE0004024035018413304CD000401500D40323D
:10EBF00000C90004411024403300CD003403D00C80
:10EC0000403300CD003403D00C401F000A00000048
:10EC1000000000000F807800ED21B407D01E40787E
:10EC200000ED01B407D01A485B007181C405101FC4
:10EC3000427800E111B40D101A407B00ED21C007AD
:10EC4000181E407B00ED01A4051016407B00ED016D
:10EC5000B407D00E407B00ED01B407D01E401F006A
:10EC6000020000000000000012103000CF003C0342
:10EC7000F000C03100CF003C03F008C02300431077
:10EC80000C41340CC10242C3006C1B7008403300BD
:10EC9000DF000803700CC03200CB000C00342CC025
:10ECA0003300CF003C03F00CC03302CF003C03F034
:10ECB0008CC04B40000000000000000002B835008E
:10ECC000DF007C03F02DC03700DF007C03F009C0BB
:10ECD00023005F083D21F00DC02708DF087003B056
:10ECE00009C03700DE103803C08DC03700DF007C5C
:10ECF00001F025C03700DF007403F00DC03708DFD6
:10ED0000007C03F10DC00B60060000000000000055
:10ED100015A03700DF007C03F121C03700DF007C45
:10ED200003F009C017009F003C82300DC01F08DFB0
:10ED3000014C02F009C07600D3036C0132DDC9B486
:10ED400023DB094C01F005C03700DF007C03F00D28
:10ED5000C03700DF007C03F00DC057000E0000003C
:10ED60000000000013883900ED00B403D06E403B72
:10ED700020ED00B403D00A401B006D00B401100E5A
:10ED8000401B086DC08403D00640B840E110C403A6
:10ED9000104C403C02F1849403D002403B00ED0053
:10EDA000B403D00E403B00ED00B403D00E404F2022
:10EDB000060000000000000001007900ED01B4072A
:10EDC000D012407B00ED01B407D01A406B042D0136
:10EDD000B486901E405B00ED218507D01E40722056
:10EDE000C185A487141E407801E9018405D01E4026
:10EDF0007B00ED01B407D01E407B00ED01B407D0CD
:10EE00001E60070004000000000000001228330804
:10EE1000CD003403D00C403300CD003483D0084003
:10EE200073204D0134AD901C4053024D000443D873
:10EE3000BC403000C1004407100C423000C18014B7
:10EE40001DD008403300CD003403D00C403300CD3A
:10EE5000203403D00C404B200C00000000000000C8
:10EE600017A815005F007C01F005C017005F007C4B
:10EE700001F005C01F007F88FC01B676C01F007F2F
:10EE800006CC01F086C216005300EC013005581480
:10EE9000005B00CC01F005C017205F207C01F0056D
:10EEA000C017005F007C01F005C05F200600000075
:10EEB00000000000120007001F007C00F001C007E6
:10EEC000001F007C00F081C007001F087C08702133
:10EED000C107001F107C20F001C007001F007C202C
:10EEE000F001C003001F007C28F011C407001F00C0
:10EEF0007C00F001C007001F007C00F001C04B0047
:10EF00000C00000000000000100827009F007C0299
:10EF1000F009C027009F007C02F009C066019381C0
:10EF20007C563019C064049F417C86F019D066007D
:10EF30009F007C027009C0270093007C0EB03DC08A
:10EF400027009F007C02F009C027009F007C02F090
:10EF500009C043200C000000000000000120260032
:10EF60009D007402D00D4027009D007402D008401F
:10EF7000E0009120300E102941E4049D097426D050
:10EF8000894064009D80740212094027009120741A
:10EF900006D0094027009D007602D0094027009D39
:10EFA000007402D009C00500080000000000000045
:10EFB00018A024009D007402D0094027109D007401
:10EFC00002D0094026009114704218894034019DF6
:10EFD000027402D0294024019D00740210094027C8
:10EFE0000091007402D0094027309D007402D009BE
:10EFF0004027009D007402D0094063000200000019
:10F0000000000000102020008D003402D04848236A
:10F01000008D003402D00944200081003402100821
:10F020004220018D003402D0084060018D0434027A
:10F03000114840232181043403D0184423008D005B
:10F040003402D0084023008D003402D008404180B3
:10F0500000000000000000001DB006001F007C0042
:10F06000F001C007001F007C00F001C01640130033
:10F070007C003401D004001F007C28F001C0040093
:10F080001F0A7C2834A1C88742132A7C00B001C023
:10F0900007081F007400F001C007001F007C00F08B
:10F0A00001C077C00A0000000000000019B8270066
:10F0B0009F007C02F08DC027009F007C02F00BC0F7
:10F0C0003F00BF00FC02F00BC02F02AF00FC03F0BA
:10F0D0000AC025029F08FC03D089C227029F08FCB2
:10F0E00002F009C227009F007C02F009C027009FA0
:10F0F000007C02F009C065600E0000000000000006
:10F1000019A02F009F007C02F009C027009F007CFF
:10F1100002F009C02F00AF00CC02F00AC26D00BFA0
:10F1200000CC02E00BD06C0197014C0A30D9C0E44E
:10F130000096057C02F00FC027009F007C02F009BA
:10F14000C027009F007C02F009C067000E0000008D
:10F15000000000001C0807001D007400D0014007DB
:10F16000001D007400D0014007001D004400D001C4
:10F170004084021D004400D005400402111744944D
:10F18000101142C40011057401D0054007001D0094
:10F190007400D0014007001D007400D001407320AE
:10F1A0000C0000000000000012A023008D003402BB
:10F1B000D0084023908D003402D0084023008D00F9
:10F1C0000402D0084021009D000402D00940200024
:10F1D00085020412102840A20181163402D0084290
:10F1E00023008D003402D0084023008D003402D06B
:10F1F00008404B800E0000000000000018A8250009
:10F200009D007402D0094027009D007402D009407F
:10F2100027009D184402D02D4024209D044502D093
:10F220000940240081800502100940268091007465
:10F2300003D0890027009D007402D0094027009D5B
:10F24000007402D0094063200600000000000000A6
:10F2500005A827009F007C02F029C027009F007CA2
:10F2600002F089C0E7009F834C06F118C025028F89
:10F27000014C86E029C0240097004C0A34099026EE
:10F280004093807C0AF0098027009F007C02F009EF
:10F29000C027009F007C02F009C017200E0000006C
:10F2A00000000000178025009F007C02F089C02725
:10F2B000209F007C02F009C027019F107D12F18978
:10F2C000C067009F107022F059C223009F0078266B
:10F2D000F008C021009F007C27F019C027009F0084
:10F2E0007C02F009C027009F007C02F009C05F008B
:10F2F0000600000000000000140805001F007C004C
:10F30000F021C007001F007C00F001C007011F486A
:10F310006C00F021C4060013087C0030A1C0070077
:10F320001F006C00B201D0040813807C88F021C556
:10F3300007001F007C00F001C007001F007C00F0E8
:10F3400001C05320040000000000000014A01400BD
:10F350005D007401D0854117005D007401D005C0C7
:10F360009F006D41CC29D017411C037103FC011093
:10F3700036401F005D0044011005C016005B005CB4
:10F380004DD0774017005D007C01D0054017005D2F
:10F39000007401D005C0530002000000000000000E
:10F3A00014A03200CD003403D00C403380CD0034A3
:10F3B00003D80C40B3028D000503D80441F2C0818C
:10F3C000003407500C410381CD000503980C4031F7
:10F3D00000C1003443D810603300CD003403D00C9A
:10F3E000403300CD003403D00C4053000A0000002D
:10F3F0000000000005803800ED00B403D006403B5B
:10F4000000ED00B403D00E403900FD008402D007A7
:10F41000407808A180B40F500A401B00ED04C603D9
:10F42000104C403900E9089683D00A603B00ED009B
:10F430009403D00E443B00ED00B403D00E401700FF
:10F44000020000000000000015107800EF01B40772
:10F45000F01E407B00EF01BC07F01E407B10EF0167
:10F460008C05F016C07A00A301F407541A407B0003
:10F47000CF25AC07B01E407D00E301BC47F016C0AD
:10F480007B08EF01B407F01EC07B00EF01BC07F062
:10F490001EC05740000000000000000010B83500FA
:10F4A000DF007C83F045C13700DF007C03F00DC82E
:10F4B0001700DF005C01F005C013009F805C03B003
:10F4C00001C01700DF1E3C63F10DC03602DF405C57
:10F4D0000BF209C03700DF007C03F00DC03708DFF6
:10F4E000007C03F10DC04160060000000000000038
:10F4F00002A07B40F301FC07F01FC07F00FF01FC6E
:10F5000007F01FC07F023F01CC05F017C07F00EF5E
:10F5100089EC07C09BC04F00FF018C07301FC17EE4
:10F5200000F301FC27F09FC07F02FF01FC07F01FE2
:10F53000C07F12FE01FC07F09F840B000E0000004C
:10F540000000000015883900E100B403D00E403BF4
:10F5500000ED00B403D00E403B00ED028440D20623
:10F56000403B10AD088812D00A401B20ED088503EF
:10F57000104F403D00E100B463D0AA403B02ED00D3
:10F580009803D00E403B00E900B403D00EC05420D5
:10F59000060000000000000008003900E100B4038C
:10F5A000D00E403B00ED00B403D00E40AB04ED089C
:10F5B0008421D006403B023D90A442D802421B0069
:10F5C000ED00C403140E003A40E100B402C006424C
:10F5D0003B08ED00B403D00E403B90ED00B403D0E7
:10F5E0000E600300040000000000000016283340F5
:10F5F000C1003483D02C413300CD003403D01C44EF
:10F600003300CD000409D00441B3004D01240AD8D1
:10F6100000401300DD00050B100D483000C1003420
:10F6200008D080403300CD002403D00C403300C804
:10F63000003403D00C4418200C000000000000002F
:10F640001CA83500D3007C03F05DC03700DF007CD0
:10F6500003F01DC0F700DF1A4D0DF021C03702DFA7
:10F66000026D2EF289C11700FF00CC0B300FD03E87
:10F6700000F3807C07D031C03700DF007C03F00D41
:10F68000C03710DF007C03F00D805320060000001F
:10F690000000000001003700DF007C03F005C037E8
:10F6A00000DF007C03F08DC0B700DF027C09F005AD
:10F6B000C037009F045C08F029C01700DF807C235E
:10F6C000F20DC03710DF007813F049C03700DF00BB
:10F6D0005C03F00DC03710DB007C03F00DC00400AC
:10F6E0000C0000000000000001083F00FF00FC03C8
:10F6F000F09FC03F00FF00FC03F00FE07F02FF011E
:10F70000DED53017C83F203F04FC02F013C23F088B
:10F71000DF00CC43F00FC03C00FF00FC0BF80BC037
:10F720003F00FF00FC03F00FC03F00FF00FC03F0B0
:10F730000FC007200C000000000000000120360070
:10F74000DD007403D025423700DD007403D00D6066
:10F75000B701DD013419102544F7019C077E04D060
:10F7600051405700FD00C403D00FE03E00FD00747F
:10F7700083D039403700DD007C03D00D483700D7F7
:10F78000007403D00DC00500080000000000000058
:10F7900001A03410DD007403D001413700DD007496
:10F7A00003D00D4417009D885401108D4477301C00
:10F7B00000748ED089405708DD005483D00D443446
:10F7C00000DD407403D019403700DD007403D00D14
:10F7D000403718DD407403D00D40070002000000E0
:10F7E0000000000010203020CD003403D000403352
:10F7F00000CD003403D00C4013008D40740114047C
:10F800004833008D201400D008401300CD000403BD
:10F81000D00C403000CD003403D808403300CD0078
:10F820001603D00C443300C5003403D00C40418093
:10F83000000000000000000001B03618DF007C036B
:10F84000F001C63720DF807C03F20D4237009F00B5
:10F850005C013005C037089F007402F101C0170039
:10F86000FF00CC03F00D503400DF007C83D801C8CA
:10F870003708DF007403F00DC03710DF007C03F0A1
:10F880000DC007C00A0000000000000005B83F00DE
:10F89000FF00FC03F003C03F00FF00FC03F00FC0BB
:10F8A0003F00AF00FC01F007C02F00BF00FC80F05C
:10F8B00003C01F00FF00FD03F20FC03F00FF00FC6C
:10F8C00003E003C03F00FF20FC03F00FC03F00F740
:10F8D00000FC03F00FC015600E00000000000000E7
:10F8E00003A03F00FF00FC03F04FC83F01FF00CC26
:10F8F00013F2CFC03C09730CFC07F01FC07F02F36A
:10F9000001FC27311FC03F073301FC07F04BC12F1B
:10F9100045F301FCA7F09FC07F08FF04DC07F01F40
:10F92000C07F18FF01FC07F11FC00F000E00000090
:10F9300000000000010847001D03740CD0994077B7
:10F9400002CD064425D08D44300341027407D01DFA
:10F95000403300D1443403101D449700150174074F
:10F96000D06940C70011017413D045425700DD092A
:10F970004487D01D407720DD017407D01D4007204B
:10F980000C0000000000000010A03302CD02340B78
:10F99000D00C4033008D121582D000503004410845
:10F9A0003403D00C403300C1502413120C602300E8
:10F9B000C1003403D20C012220C1003603D208401A
:10F9C0003300CD001403D20C423300CD203403D0D9
:10F9D0000C4A43800E0000000000000003A805044C
:10F9E0001D107440D0094137049D105540D000418E
:10F9F000350051807403D00D403700D100740310DE
:10FA00000D404708D5007403D81D4067009140742D
:10FA100012C00D4917A0DD005503D00D423700DCA0
:10FA2000207403D00D400F200600000000000000ED
:10FA300002A8B700DF027C0BF025C0D7025F025C92
:10FA40000BF02DC0F40893017C03F00DC03700D3F8
:10FA5000007C03300DC07720D3207C03F011C8F761
:10FA600004D3017C19F0BDC0E708DF405C03F00D52
:10FA7000C43700DF007C03F00DE00B200E00000017
:10FA800000000000078015005F007C01F005C01F2A
:10FA9000007F00EC01F00FC0FE04BF09FC03F20F71
:10FAA000C03F00FF00FC03D00FC01740FB00FC0369
:10FAB000F003CE0F007F28FC45F007C06F11CF0088
:10FAC000EC03F00FC03F00FF20FC03F00FE61F0027
:10FAD00006000000000000000308B500D3024C0B34
:10FAE0003025C094005F064C0BF0E540B400930055
:10FAF0004C03F10DC03701D3044C63300DC07701C6
:10FB0000D3007C03F049E037001F027C08F061C09D
:10FB1000A706DF006803F00DC03700DF007C03F0AC
:10FB20000DC00F200400000000000000138014002E
:10FB30005100441120154414015D014001D02540BD
:10FB4000B44491004403D00D407724D10044031005
:10FB50000D405700D1807403D0394123001D8074BB
:10FB600004D025402700FD006C83D00D423720DDF6
:10FB7000207403D00D404F00020000000000000080
:10FB800007A03200C1800403801C40A001DD0200F8
:10FB900003D01C08C40041120403D00C40B700C1BC
:10FBA000024407100C4097200D003403D028402356
:10FBB00000CD00340AD22C483308CD002483D00C69
:10FBC000403300CD003403D00C401F000A00000079
:10FBD0000000000006806800A1018406109A4068B9
:10FBE00002ED098447D09E40480261198407D01E67
:10FBF000487B20E1198407101E405B102D01B4875B
:10FC0000D01A406B002D81B444D092404B00ED01DE
:10FC1000A407D01E487B80ED21B407D01E401B00F6
:10FC2000020000000000000012103040C3000D036D
:10FC3000B48CD120028F180D02F089C00042430815
:10FC40000D03F00CC03340D3800C03340CC60340CA
:10FC5000CF003C03F0AC0423004F083C01F080C00F
:10FC6000B30BCF0C2823F08CC0330ACF083C03F031
:10FC70008CC04B40000000000000000002B82D02C4
:10FC8000BF08FC22F08BC42F22BF08FC22F08BC0DF
:10FC90000F227F09FC03F00FC03F00FF00F523F0A7
:10FCA0000FC40F00F300FC03F28FC03F023F80FC43
:10FCB00020F283C21F0AFF28FC03F00FC23F08FF97
:10FCC00020FC03F00FC20B600600000000000000E3
:10FCD00015A03700D3004E03300DC03400D3004CC4
:10FCE00003300DC03400D3004C03F00DC03700DFEB
:10FCF000014D073A0DC21700D7014C03F009C87136
:10FD00000093007C02F01CE01400FF007C83F00DE7
:10FD1000C03700DF007C03F20DC457000E00000066
:10FD20000000000013883100C1000403100C4030B3
:10FD300000C1000403100C403000E1008403D20E27
:10FD4000403B00FD008403100E4A1B28E1008403A1
:10FD5000D206400B002100B400D006480900ED0196
:10FD6000A403D00E403B00E900B403D00E404F2066
:10FD7000060000000000000003007900E101840794
:10FD8000121E447A00E1418407101E607800C1030E
:10FD90008607D01E407B00ED01A607101E445300CD
:10FDA000FC118407D01A007B402111B40480334237
:10FDB0007810ED0DB407D01E407B00ED01B407D0E4
:10FDC0001E400F0004000000000000001228730213
:10FDD000C109042710BC407221C1110407101C483E
:10FDE0007164D1030403D00C483720CD0004031004
:10FDF0000C42470ACD120403D09441D3010181740F
:10FE000008902443F10ACD003403D00C483300CDD0
:10FE1000003403D00C404B200C0000000000000018
:10FE200017A8154053004D013425D0564153074DB6
:10FE3000153455D0D40153034D01F005C017005FB0
:10FE4000404C013405C01F007F030C01F027C45D46
:10FE5000217328FC01F117C818205F207C01F005F0
:10FE6000C017005F007C01F005C65F20060000009F
:10FE700000000000120003000F003C00F040C0052D
:10FE8000101F427C00F001C406003F067C00F00118
:10FE9000C087001F027C00F001C0072012007D080F
:10FEA000F021C007001F407C60F901C207001F005D
:10FEB0006C00F001C007081B007C00F001C04B0083
:10FEC0000C00000000000000100827009B004C12EE
:10FED0003049C0200283020C023048C062119305F1
:10FEE0004C02F009C0270193017C16F009C02700DD
:10FEF0009B007C023059C425109F007C023219CA35
:10FF0000E70C93207802F009C027009F007C02F0E4
:10FF100009C043200C000000000000000120260062
:10FF200091004406101940E4009102440610094073
:10FF3000241091074402D00940E7409102741AD07E
:10FF4000094067049100740A10394827089D00741D
:10FF50000210094067009B007402D0094027009DF1
:10FF6000007402D0094007000800000000000000F3
:10FF700018A02400B900C402140B60AC00B100C486
:10FF800012100B403C10B1004402DA0942270091E4
:10FF9000045402D0094037019900740210294827FF
:10FFA00000DD007602104942A70091205402D009DA
:10FFB0004027809D007402D00940630002000000C9
:10FFC0000000000010202801A1048412104A4028DB
:10FFD00001A1048512104E403801A1040402D0088A
:10FFE00048230881003402D00840230181003402F4
:10FFF00010484A23018D80340214084027008904E8
:020000040003F7
:100000003402D0084023008D003482D00840438061
:1000100000000000000000001CB006001B004C00A7
:100020003001C00440530A4D0034A1D08442330A49
:100030004C00F001C09702530A3C28F001C0C702EF
:100040001B007C0112B1C047001F007C2820A1C802
:10005000070813007C00F001C007001E007C00F0C0
:1000600001C073C00A0000000000000019B8270298
:100070009F087D22F089D027029D087C22F089C04C
:1000800027029F087D02F009C027009F007C02F034
:1000900009C06F02AF007C02F69B802F02FE00FCBD
:1000A00002F00BC02F109F087C02F009C027009FB0
:1000B000007C02F009C067600E0000000000000034
:1000C00018A027009700FC02300BC02C00B300FCE6
:1000D00002300BC02C00B300CC023009C02F00B39B
:1000E00000CC02F009C02F059F00FC02320BC82F84
:1000F0000087008C02F00BC02C0093007C02F009FA
:10010000C027009F007C02F009C063000E000000C1
:10011000000000001C0807001100740011014204D7
:100120004011007400110140050015005400100139
:1001300040070011405400D0014207415B007400A9
:10014000100540070011004400D001C806001B0242
:100150007400D0014007001D007400D001407320DE
:100160000C0000000000000010A0230085003402F5
:100170000208402000814034021008402000810025
:100180000402100840234081000402D008402305E7
:1001900085003402100840230095200402D0094055
:1001A000200081223402D0084023008D003402D088
:1001B000084643800E0000000000000018A825003B
:1001C0009100740210094024009108741210094132
:1001D0003400D5005402100940230081005402D09D
:1001E000094027229D6074021609402701910044AE
:1001F00002D12900A60099007482D0094027009DF1
:10020000007402D0094063200600000000000000D6
:1002100005A8270097407C023409D0240093817CF4
:10022000023409D0240093000C023409C027009343
:10023000004C02F109C0271097023C023039C02758
:100240002197014D46F008C8640893207C02F0090C
:10025000C027009F007C02F009C017200E0000009C
:1002600000000000158021009F003402F009C02327
:10027000049F003C02F098C023008F007C02F0092C
:10028000C027009F007C02D009C027049B237C026A
:10029000F249C023009F027C8EF049C067029F0094
:1002A0007C02F009C027009F007C02F009C05700C3
:1002B0000600000000000000140805001F004C00AC
:1002C000F001C00500130C4C003021C004001300E5
:1002D0004C00F001C007001F107C003001C0070077
:1002E0001F027C00F021C007001F004C003081C2BB
:1002F00007021F207C00F001C007001F007C00F0F7
:1003000001C05320040000000000000014A01400ED
:100310005D004401D804401C00710344011047C033
:10032000DE017B11C401D00542DF037D25F40110FD
:1003300005405F005D20F42D70074B16004D00EC6A
:1003400001B037409B225D007401D0054017005D6D
:10035000007401D0054053000200000000000000BE
:1003600014A03200CD000407D21C40F090C101045B
:1003700007107C403001C1100401D00C40F300CDC7
:10038000433447100C483702CC003403D874603330
:1003900000CD000443103C413300CD003403D00CA9
:1003A000403300CD003403D00C4053000A0000005D
:1003B0000000000005803800CD018442D02C40B8F8
:1003C00000E101840B100E403A00E9008401D00ED8
:1003D000403B00ED00B40F100E403B00ED00B44375
:1003E000500E403A00FD80E4059006401B00ED00F1
:1003F000B403D00E403B00ED00B403D00E40170014
:10040000020000000000000015107800EF018406D3
:10041000D01ED07040C3010D07241CC87000F3012A
:100420008C05F01EC07B00ED41FC07341E406B3094
:10043000ED01BC07F01AC07B10EF018C07201AC039
:100440004B00EF01BC07F01EC07B00EF01BC07F0C2
:100450001EC05740000000000000000010B835002A
:10046000DF007D02F00DC036001E407C03D00DC0C1
:100470003710DF807D01F00DC02700DF007C02F027
:100480000DC02708DF007C03F10DC03700DF007CC2
:1004900001F001C80700DF007C03F00DC03710DF5A
:1004A000007C03F00DC24360060000000000000065
:1004B00000A07F00FF01BC06301FC05B00F301CC31
:1004C00006F01FC07F00F301BC25301FC07F00FF76
:1004D00001FC07F21FC47F00E701CC07F09FD07C2E
:1004E00002FF01BC07321FC26C02F301CC07F01FF0
:1004F000C07F00FF09FC07F01FC003000E000000D2
:100500000000000015883900ED00B402100E403BD9
:1005100000E1028413D02E401F406104B401100E8C
:10052000403B00AD80B403D00E403B00EA008403A2
:10053000D00A403804ED00B403500EC01A00E100A8
:100540009403D00E403B00ED00B403D00E40572082
:10055000060000000000000000003900ED00B40AB1
:10056000100E403B00E1008403D802402B00A51090
:10057000B601110E401B006D00B401D00E403B00CF
:10058000F5008401D00A493A80ED00F443108E4012
:100590002804E1008403D00E403B00ED20B403D0DA
:1005A0000E40030004000000000000000428330493
:1005B000CD103402100C4033000100050BD801406F
:1005C000030005003601100C4003800D003400D0FC
:1005D0000C60B700C9000401D01946F200CD013407
:1005E00003501D403200C1801403D00C403300CDB5
:1005F000003403D00C4013200C0000000000000069
:1006000015A87500DF017C02300DC03740D3000C07
:1006100003F00DC03700D7017C01340DC03700DF77
:10062000007C03F00DC06718D7004C03F011C0B672
:1006300000DF137C0E302DC1F402D3404803F00DCF
:10064000C43700DF007C03F00DC057200600000017
:100650000000000001003702DF087C06F08DC03783
:1006600000DF027C13F021C0270099047C01F00D0B
:10067000C097005F007C01F00DC0F700DF007C83B5
:10068000F04DC03520DF007C01F905C03700DF00E8
:100690007D03F00DC03720DF007C03F00DC00700A4
:1006A0000C0000000000000080083F00FF00FC0676
:1006B000F01BC83F00FF01FC07321FC89C107F20C1
:1006C000CC01F00FC07F00BF00CC03F00FC02704A7
:1006D000FB00FC03F001C03D04FF10FCD2300BC155
:1006E0005C09C320CC03F00FC03F00FF00FC03F007
:1006F0000FC003220C000000000000008120360023
:10070000DD007406D00D40F7011D027403B03150B6
:10071000C4101D0B4501D10D4087021D014000D0C2
:100720000D406700D1007423D01D403500DD0074FA
:10073000051001C8D221D5804403D00D403700DD1B
:10074000007403D00D400702080000000000000004
:1007500001A03400DD007412D04D4067001D047408
:1007600023108D403400CD004401D00D402704CD2E
:10077000144406D00D407704D9007402D0194134D6
:1007800000DD003402120D482430D1004403D20DA4
:10079000423700DD007403D00D4007000200000066
:1007A0000000000010203000CD003402D00C603377
:1007B000000D40340390004000000D000401D00CF7
:1007C0004003000D000504D00C403300C10034028A
:1007D000D008443180CD003403100C403608C500E9
:1007E0000483D00C403300CD003403D00C40438050
:1007F000000000000000000000B03600DD007C02B8
:10080000F00DC037000F007C033001C004101F0042
:100810004C01F00DC207001F004C00F00DC0370066
:10082000DB007400F001C03500DF807C82200CC04A
:100830002420D3004D03F00DC03700DF007C03F00F
:100840000DC003C00A0000000000000005B83F0012
:10085000FF00FC02F10FC03F003F00FC03F003C0AB
:100860000F203F00FC81F00FC00F003F00FC00F0A4
:100870000FC01F00FF00FC00F00BC03F00FF00FC9A
:1008800003D00FC03B00FF00FD03F00FC03F00FF8F
:1008900020FC03F00FC017600E00000000000000F5
:1008A0000000402100852014427008402108850086
:1008B00014025008402100850014024008406100E5
:1008C00085001402400800211085331402400800FE
:1008D00021108500144240080021108500140250A8
:1008E0000800211C850014025008010000000000CF
:1008F0000000000000001020608030010204081099
:1009000020448000010204081020208020010204FD
:100910000810A0008000010204081020408000019F
:10092000021408102040800201C2040810204080F8
:10093000000002000840200C8000000A00080200AD
:1009400000000000000000000000002110841010D2
:100950004240080121108400100240080021148444
:10096000101002500800613084001002500800216D
:1009700010840010424008402110840010424008BA
:1009800040211084001002400840211484001046C9
:1009900040080100000000000000000000000020EE
:1009A00000803000428008012038800000020008EA
:1009B0000020048010000200080060208000000277
:1009C00000084020008033004210084020008001D1
:1009D0000082100840200080000002000840200C27
:1009E0008000004600080100000000000000000038
:1009F0000000000100040010004000000104040099
:100A00001040400001C10C040110404030000104BE
:100A10000421104040000001040400104040000088
:100A200001000400104040000001080400100040D4
:100A300020008100040010004000010000000000C0
:100A40000000000000004080000100040010014090
:100A50000000010004001000420000010204001028
:100A6000304000000112048010004000000100042A
:100A700000000040000001000400101040000401CC
:100A800000040010000040000100040010000000FD
:100A9000000000000000000000000481200400109D
:100AA0004040000001240400104040000101000407
:100AB000011040503000012404011040500040015A
:100AC0002404001040500040012004001040502039
:100AD0004001280400100040204081000400100064
:100AE000400001000000000000000000000000C005
:100AF00000000000408002000024000000400000D0
:100B000001C02C0001004000000000240021000072
:100B10000000000004000000401000000000000081
:100B200000400020000020000000000020440000E1
:100B300000000000000000000000000000000000B5
:100B4000000040212C850014025008062110850069
:100B5000140640080421008500140E5008042100EA
:100B60008513140250084421308500140250284592
:100B7000A120850014025000442100850314024086
:100B80000800210C851014025038010000000000FC
:100B900000000000000008200C8000008200084DCA
:100BA00020208000000A10084C20208010000E0039
:100BB000084C20208010000A00084C200080000013
:100BC0000200080E60008000000A10080C2020803F
:100BD00012000210080C203C8020000200080100D6
:100BE0000000000000000000000000211C84001034
:100BF00042400A022100840010064008002120849F
:100C000000100E40080021208400100A4008000156
:100C10000084001002402801A1108400100240004E
:100C200000211004111002400800A11C84101002C1
:100C3000400000000000000000000000000808E084
:100C4000048033008E000940E02C803300CE100871
:100C5000402020802000CE00384FE02C8013000E72
:100C6000003803C02C803300CE003807E02C8033DE
:100C7000000600300FE00C801100CE103807A028CD
:100C8000803300CE000802200000000000000000B9
:100C9000000000E10084001042400840A1008400F0
:100CA00010024008482100840010CE500844A100E2
:100CB00084101002500840210484001002400840B3
:100CC00021108433108E400844211004101002407B
:100CD0000841A1208400100240080100000000002B
:100CE0000000000000004C8020010004801001087A
:100CF00040080100040000000000000100040200A0
:100D00000000400001000400000008000001000491
:100D10000010000000008120040200000240008159
:100D20000204000000070000011004001000000091
:100D3000000000000000000000000081000400101E
:100D4000404000408114040010005000490110048C
:100D500000104240004081140410100040000001C7
:100D600014040010004000090130841010424000BB
:100D70000981300410100050004981040400100063
:100D8000400001000000000000000000200801C039
:100D900010000000402000448010000000001000FF
:100DA000490020000000CC1000400024001000008A
:100DB0001000440014000000000000490000000082
:100DC000004010004180000011000010004280141B
:100DD000002000000000812004000000000000004E
:100DE00000000801000000000000000809000000E9
:100DF00000000000080D0801000000000008010AC2
:100E000001000000000008010102000000000008CD
:100E100001000100000000000801080000000000BF
:100E200000080100000000000000000000000000B9
:100E3000000000003C3C080104010000080000081C
:100E40000103030000080000080109010000080078
:100E5000000809010100000800000809090100005C
:100E6000080000080D010100000800000809070142
:100E70000000080000080103030000080000F0F073
:100E800000000000000000000000401A401A0000AE
:100E9000000000005800000200000000008067C24F
:100EA000020098010000189841016402000000C08F
:100EB00002A4009801000000C001400000000000F2
:100EC000009800C003000000000018021800000095
:100ED00000000000000000000000000000004001D1
:100EE000400100000000000040004400000000003D
:100EF0000040010400000000000040000400000069
:100F000000000000010400000000000000010401D6
:100F10000000000000400044000000000000040049
:100F2000440000000000000000000000000000007D
:100F30000000081448140C000000000014002008F1
:100F40000000000000140020080000000000140051
:100F5000200800000000001400200800000000002D
:100F60001400200800000000001400200800000009
:100F70000000200020080000000000000000000029
:100F8000000000000000FCFFFFFF0300000000FC69
:100F9000FFFFFF0300000000FCFFFFFF0300000055
:100FA00000FCDDFFFF0300000000FCBFFFFF0300AB
:100FB000000000FCFFFFFF0300000000FCFDFFFF3E
:100FC0000300000000FCFFFFFF0300000000000022
:100FD00000000000000000000000FCFFFFFF030015
:100FE000000000FCFFFFFF0300000000FCFFFFFF0C
:100FF0000300000000FCFFFFFF0300000000FCFFF7
:10100000FFFF0300000000FCFFFFFF0300000000E3
:10101000FCFFFFFF0300000000FCFFFFFF030000D8
:101020000000000000000000000000000000FCFFC5
:10103000FFFF0300000000FCFFFFFF0300000000B3
:10104000FCFFFFFF0300000000FCFFFFBF030000E8
:101050000000FCDFFF7F0300000000FCFFFFFF0338
:1010600000000000FCFFFFFF0300000000FCFFFF8A
:10107000FF0300000000000000000000000000006E
:101080000000FCFFFFFF0300000000FCFFFFFF0368
:1010900000000000FCFFBFFF0300000000FCFF7F1A
:1010A000FF0300000000FCFFFFFF0300000000FC46
:1010B000FFFDFF0300000000FCFFFDFD030000003A
:1010C00000FCFFFDFD030000000000000000000028
:1010D000000000000000FCFFFFFF0300000000FC18
:1010E000FFFFFF0300000000FC7FFFFD0300000086
:1010F00000FC7FFFBD0300000000FCFFFFFD0300BC
:10110000000000FCFFFFFD0300000000FCFFFFFDEE
:101110000300000000FCFFFFFF03000000000000D0
:1011200000000000000000000000FCFFFFFF0300C3
:10113000000000FCFFFFFF0300000000BCFEF6FF04
:101140000300000000FCFEF6FF0300000000FCFEB0
:10115000F6FF0300000000FCFFF6FF0300000000A4
:10116000FCFFF6FF0300000000FCFFF6FF03000099
:10117000000000000000000000000000000040210E
:101180000085001402500840210085001402500818
:1011900040213C851014065008402100852314028C
:1011A00050084022088500140E70384261008D10EE
:1011B0001402500940A30085001442500840212029
:1011C0008D101402503800000000000000000000E4
:1011D0000000102040800001020408102040800020
:1011E0000102040810204C8020010A04081020701D
:1011F0008800010204081022448020210E040810F7
:10120000A068802001020408106040801001820064
:101210000810600080200002042800000100000087
:1012200000000000000000210084001002400800BF
:10123000210084001002400800210C84101002409C
:10124000080021008410100240080021388410504A
:101250000E400801610484101802400800A3309475
:10126000201042400800A1208C101002402800806D
:1012700000000000000000000000002000800000CE
:101280000200080020008000000200080020088002
:101290000000060008002020802300020008002033
:1012A000208000080E0038022004A0100002000870
:1012B0008022008020004200080020008000000200
:1012C00000380000000000000000000000000001E5
:1012D0000004001000400000010004001000400065
:1012E000000110040010004000010104040110007E
:1012F00040000101080600104040010001200C22BE
:1013000010004000000B0004001000400000012805
:101310000C00100040000000000000000000000071
:101320000000400000010004001000400000010027
:10133000040010004000000100048010004200087A
:101340000902040010004300040100248010004042
:101350008000011104081000420000010004001088
:101360000040000C0100040010000000000000001C
:101370000000000000000001000400100040000018
:101380000100040010004000000100040010404073
:10139000000101240410100040000F01180400187F
:1013A0004040000001000402180840208D03200680
:1013B000001040400004810C0C00100040000000B0
:1013C000000000000000000000000000000000001D
:1013D00000000000000000000000000000001000FD
:1013E000000040000005000400110000000006009D
:1013F000100000000000000040000022000C00204F
:1014000004020000000040000004801C00000000F6
:10141000000000000100000000000000000040216A
:10142000008500140250084021088500140250086D
:101430004C21208D0014825008482104850034027C
:10144000500840210885201482503843E13CAD000B
:1014500014CE500840250085011402500841210097
:1014600085101402503801800000000000000000C8
:10147000000000200080000002000800200480001E
:10148000000200080820208000004200080A2038DE
:1014900080200002000808242C80300042802800B0
:1014A000A0288000A002000808203080120002005E
:1014B000080A2030803000020028010000000000EF
:1014C000000000000000002100840010024008001D
:1014D0002100840010024008002100840010C24056
:1014E000080121248C101002400800210C883030A3
:1014F0000240220061048400100060080021108472
:1015000020100240080121048C1010024018000035
:101510000000000000000000000800E00C80330024
:10152000CE003803E00C803300CE00380720008066
:10153000330042003803E018803300CE00380BE05F
:1015400030881300CE003904E01C803300020038DC
:101550000B2220801300CE00380B2034802000CED8
:101560000038012000000000000000000000002101
:10157000008400100240080021008400100240088E
:101580000021008C00104640080121048420300214
:1015900040280121048600100660080021008C000C
:1015A000180E40080021048600104240080821005F
:1015B0008400100640080100000000000000000048
:1015C0000000400000010004001000400000010085
:1015D00004001000440000010004881000410008CD
:1015E0000110040010104E000801000488901044FF
:1015F00000001101240C1000CC00000100040010B8
:101600000044000001100408100002000000000067
:101610000000000000000001000400100040000075
:101620000100040010004000080130040010444094
:10163000000701040C0010004020090104040030E0
:101640004440200801000402104C40000001140432
:1016500000104040000801000C221004400001006E
:101660000000000000000000200801000000000051
:10167000000000000000000000000000000020004A
:10168000000004000007002400200000000001000A
:101690002400008004000000001000020040000050
:1016A00000061400000040000000001000020004CA
:1016B000000000200C0000000000000000000000FE
:1016C000000000000000000000000000000000001A
:1016D00008010200000000000008010400000000F2
:1016E00000000801000000000000000809090000D7
:1016F00000000000080901000000000000080108C7
:1017000000000000000030000000000000000000A9
:101710003C3C000000000000000000000000000051
:101720000000000008010103000008000008050196
:10173000010000080000080501030000080000087F
:101740000105010000080000080105010000080073
:10175000000805050100000800003010000000002E
:101760000000000000000000000000000000000079
:101770000000000000000000000002C002000000A5
:101780000000C003400100000098994103800398C5
:1017900001000064B9A6330200009801001801C0DE
:1017A0000100000000008000580000009801008047
:1017B0000F0000000000000000000000000000001A
:1017C00000000000000000000000000000400004D5
:1017D0000100000000000001040100000000000002
:1017E0000100010000000040C1418803000000002A
:1017F000004401040100000000000001400000005E
:1018000000000000000000000000000000000000D8
:1018100000000000000000000000000000000000C8
:1018200000440020080000000000180040080000EC
:101830000000001400140800000000248426441056
:101840000000000000200010080000000000280038
:101850004808000000000000000000000000000038
:101860000000FCFFFFFF0300000000FCFFFFFF0380
:1018700000000000FCFFFFFF0300000000F8FFFF76
:10188000FF0300000000F0F77BFF0300000000FCF6
:10189000FFBEDF0200000000F8FFFAFF03000000B7
:1018A00000FC7FFFFF0300000000000000000000BC
:1018B000000000000000FCFFFFFF0300000000FC30
:1018C000FFFFFF0300000000FCFFFFFF030000001C
:1018D00000F4EAFFFE0300000000F8FFFFEF030042
:1018E000000000FCFFFFFF0300000000F4DFFFDF4B
:1018F0000200000000FCFFFEFF03000000000000EB
:1019000000000000000000000000FCFFFFFF0300DB
:10191000000000FCFFFFFF0300000000FCFFFFFDD4
:101920000300000000FCFFFFFF0300000000FCF7C5
:10193000FFFF0300000000FCFFFF7D03000000002C
:10194000FCFFFFFD0300000000FCFFFFFD030000A3
:101950000000000000000000000000000000FCFF8C
:10196000FFFF0300000000FCFFFFFF03000000007A
:10197000FCFFFFFF0300000000BCFFFFFF030000AF
:1019800000006CFFFFFF0300000000FCDFFFDF032F
:1019900000000000FC7FFFFF0300000000ECFBEFF5
:1019A000FB03000000000000000000000000000039
:1019B0000000FCFFFFFF0300000000FCFFFFFF032F
:1019C00000000000FCFFFFFF0300000000FCFFFF21
:1019D000BF0300000000FCBFFFFF0300000000FC8D
:1019E000FF7FFF0300000000FCB7FFB7030000000B
:1019F00000FCFDDFFF03000000000000000000000D
:101A0000000000000000FCFFFFFF0300000000FCDE
:101A1000FFFFFF0300000000FCFFFFFF03000000CA
:101A200000FCFFFFFF0300000000FCFFFFFF0300BE
:101A3000000000F8FFF7FF0300000000FCFFF7FFC5
:101A40000300000000FCF7F7EF03000000000000B7
:101A5000000000000000000000A382C00E023B084E
:101A6000EC20B083C00E023B08EC20B083000E02D5
:101A70003B08EC20B083C00E023B08EC20B083C0D2
:101A80000E023B08EC20B083C00E023B08EC20B0F5
:101A900083C00E023B08EC20B083C00E023B08EC72
:101AA00020B0038C000000000000000000A322A072
:101AB0008E803A02EA08A823A08E803A02EA08A89B
:101AC00023808E803A02EA08AA23A08E803A02EA96
:101AD00008A823A08E803A02EA08A823A08E803AA4
:101AE00002EA08A823A08E803A02EA08A823A08E62
:101AF000803A02EA08A8038C0A00000000000000F7
:101B000000014080040112044810204180040112A9
:101B10000448102041800401120448102041800430
:101B20000112044810204180040112044810204191
:101B3000800401120448102041800401120448105E
:101B4000204180040112044810200104000000001C
:101B50000000000000010080060018006800A001DD
:101B60008006001A006800A0018006001A006800C4
:101B7000A0010006001A006800A0018006001A00FB
:101B80006800A0018006001A006800A0018006001D
:101B90001A006800A0018006001A006800A0010475
:101BA000000000000000000000A312A04E803A01D7
:101BB000EA04A813A04E803A01EA04A813A04E80BC
:101BC0003A01EA04A813A04E803A01EA04A813A03F
:101BD0004E803A01EA04A813A04E803A01EA04A814
:101BE00013A04E803A01EA04A813A04E803A01EAFD
:101BF00004A8038C0A0000000000000000A30200FB
:101C000006001800600080010006001800600080D7
:101C10000100060018006000800100060018006046
:101C20000080010006001800600080010006001816
:101C300000600080010006001800600080010006BE
:101C4000001800600080018C00000000000000000F
:101C500000A3122044801001420408112044801087
:101C6000014204081120448010014204081120445C
:101C70008010014204081120448010014204081120
:101C800020448010014204081120448010014204C5
:101C900008112044801001420408018C000000005B
:101CA0000000000000A352A042810A052A14A85097
:101CB000A042810A052A148850A042810A052A14EC
:101CC000A850A042810A852A14A850A042810A0582
:101CD0002A14A850A042810A052A14A850A04281C3
:101CE0000A052A14A850A042810A052A14A8008CCB
:101CF0000A0000000000000000013080CA002A0332
:101D0000A80CA03280CA002A03A80CA03280CA0006
:101D10002A03A80CA03280CA002A03A80CA0328093
:101D2000CA002A03A80CA03200CA002A03A80CA0EB
:101D30003280CA002A03A80CA03280CA002A03A855
:101D40000CA00204000000000000000000030000DE
:101D5000020008002000800000020008002000802F
:101D6000000002000800200082000002000800209D
:101D7000008000000200080020008000000200082F
:101D80000020008000000200080020008000000207
:101D90000008002000008004000000000000000097
:101DA00000A306401000410004011004401000414F
:101DB0000004011004001000410004011004401050
:101DC000004100040110044010004100040110040F
:101DD00040100041000401100440100041000401C3
:101DE00010044010004100040110808C0A00000023
:101DF0000000000000A102A006801A006A00A801ED
:101E0000A006801A006A00A801E006801A006A0095
:101E1000A801A006801A006A00A801A006801A0086
:101E20006A00A801A006801A006A00A801A0068026
:101E30001A006A00A801A006801A006A0028018C16
:101E4000000000000000000000A302C006001B000C
:101E50006C00B001C006001B006C00B801C0060099
:101E60001B006E00B001C006001B006C00B001C07A
:101E700006001A006C00B0018006A01B006C00B0C8
:101E800001C006001B006C00B001C006001B006C06
:101E900000B0018C000000000000000000A3422000
:101EA0000C813004C2100843280C813004C2101881
:101EB00043200C813004C2100843200C813004C23E
:101EC000100843200C013004C2100843000C81307C
:101ED00004C2100A43200C813004C2100843200CB5
:101EE000813004C21008038C0A00000000000000CA
:101EF000000100000C003000C0000003000C0030A6
:101F000000C0000003000C002000C0000003000C13
:101F1000003000C0000003000C003000C0000003CF
:101F2000000C003000C0000003000C003000C000B6
:101F30000003000C003000C000000304000000009B
:101F400000000000000140800C013204C810204352
:101F5000800C013204C8102043800C013204CA10E6
:101F60002043800C013204C8102043800C0132044D
:101F7000C8102043800C813204C8102043800C011B
:101F80003204C8102043800C013204C8102003041E
:101F9000000000000000000000A342A006811A0417
:101FA0006A10A841A006811A046A10A041A0068107
:101FB0001A046810A841A006811A046A10A841A05A
:101FC00006811A046A10A841A006011A046A10A822
:101FD00041A006811A046A10A841A006811A046A69
:101FE00010A8018C0A0000000000000000A34200BD
:101FF00004011004401000410004011004401000CE
:10200000410004011004401000410004011004408C
:1020100010004100040110044010004100040110B0
:10202000044010004100040110044010004100046D
:10203000011004401000018C0000000000000000AE
:1020400000A34220068118046210884120068118EE
:102050000462108041200681180460108841200627
:10206000811804621088412006811804621088419A
:1020700020060118046210884120068118046210AD
:1020800088412006811804621088018C000000003D
:102090000000000000A306A01AA06A00AA01A8067A
:1020A000A01A806A00AA01A006A01A806A00A801EE
:1020B000A806A01A806A00A201A806A01A806A00D9
:1020C000AA01A806A01A206A00AA01A806A01A80E0
:1020D0006A00AA01A806A01A806A00AA0128008C3A
:1020E0000A000000000000000001608082010A0672
:1020F0002818A0608082010A062818A0608082014A
:102100000A062818A0608082010A062818A06080AC
:1021100082010A062818A0608082010A062818A0F9
:10212000608082010A062818A0608082010A0628C1
:1021300018A0000400000000000000000001408022
:102140000001020408102040880001020408102247
:1021500040800001020408102040800001020408B1
:10216000102040800001028408102040A8000102D5
:102170000408102040800001020408102040800064
:10218000010204081020000400000000000000000C
:1021900000A362C08A012B06AC18B062C08A012B72
:1021A00006AC18B062C08A012B06AC18B062C08AB7
:1021B000012B06AC18B062C08A012A06AC18B062C6
:1021C000808A012B06AC18B062C08A012B06AC18BD
:1021D000B062C08A012B06AC18B0028C0A00000065
:1021E0000000000000A362A08E013A06EA18A8636E
:1021F000808E813A06EA18A863A08E813A06EA1812
:10220000A863A08E813A06EA18A063A08E813906E1
:10221000EA18A863A08E813A06EA18A863A08E8106
:102220003A06EA18A863A08E813A06EA18A8038C39
:10223000000000000000000000A262C08E013B060A
:10224000EC18B063C08E013B06EC18B863C08E0179
:102250003B06E018B063C08E013B06EC18B063C0CB
:102260008E013B06EC18B063C08E013906E418B04D
:1022700063C08E013B06EC18B063C08E013B06ECD8
:1022800018B00388000000000000000000A262A057
:102290008E813A06EA18A863A08E813A06EA18B839
:1022A00063A08E813A06E818A863A08EA13A06EAD8
:1022B00018A863A08E813A06EA18A863A08E813A16
:1022C00006EA18A863A08E813A06EA18A863A08ED1
:1022D000813A06EA18A803880A00000000000000FE
:1022E00000004080040112044810204180040112C3
:1022F000044810204180040112044810204180004D
:1023000001120408102041800401120448102041E9
:102310008004011204481020418004011204481076
:102320002041800401120448102001000000000038
:10233000000000000000608086011A066018A0619D
:102340008086011A066818A0618086011A866818BE
:10235000A0610086011A066818A0618086011A062D
:102360006818A0618086011A066818A061008601BD
:102370001A066818A0610086011A066818A00100F4
:10238000000000000000000000A202A00E803A0041
:10239000EA00A803200E803A00EA00A003A00E8005
:1023A0003A00EA00A803A00E803A00EA00A803A0C1
:1023B0000E803A00EA00A803200E803A00EA00A846
:1023C00003A00E803A00EA00A803A00E803A00EABB
:1023D00000A803880A0000000000000000A24200DC
:1023E0000601180460108041000601180460108086
:1023F00041000601180460108041000601180460C5
:102400001080410006011804601080410006011888
:10241000046010804100060118046010804100062D
:102420000118046010800188000000000000000016
:1024300000A24220048110044210084120048110AF
:10244000044210004120048110044210084120047D
:1024500081100442100841200481100442100841F8
:10246000200481100442100841200481100442100D
:102470000841200481100442100801880000000077
:102480000000000000A242A002810A042A10A84015
:10249000A002810A042A10A040A002810A042A1086
:1024A000A840A002810A042A10A840A002810A04C0
:1024B0002A10A8402002810A042A10A840A0028104
:1024C0000A042A10A840A002810A042A10A8008841
:1024D0000A000000000000000000C0800A032A0C6F
:1024E000A830A0C2800A032A0CA830A0C2800A0328
:1024F0002A0CA830A0C2800A032A0CA830A0C280EF
:102500000A032A0CA830A0C2800A032A0CA830A013
:10251000C2800A032A0CA830A0C2800A032A0CA891
:1025200030A00200000000000000000000001000C9
:1025300042000801200480100042000801200480AD
:102540001000420008012004801000420008012011
:10255000048010004200080120048010004200089E
:102560000120048010004200080120048010004275
:1025700000080120048000000000000000000000AE
:1025800000A242400001010404101040400001017B
:1025900004041010404000010104001010404000ED
:1025A0000101040410104040000101040410104017
:1025B0004000010104041010404000010104041017
:1025C0001040400001010404101000880A000000BF
:1025D0000000000000A202A006401A006A00A80144
:1025E000A006801A006A00A801A006801A006E00EA
:1025F000A801A006801A006A00A801A006801A009F
:102600006A00A801A006801A006A00A801A006803E
:102610001A006A00A801A006801A006A00A80188B2
:10262000000000000000000000A102C006001B0026
:102630006C00B001C006001B006800B001A00600DD
:102640001B006C00B001C8060019006C00B001C08E
:1026500006001B006800B0018006001B006C00B083
:1026600001C0060019006C00B001C006001B006C20
:1026700000900100000000000000000000000020A9
:102680000C803000C2000803200C803000C000081D
:1026900003000CA03000C2000A03200C803000C2EE
:1026A000000803200C803000C0000803000C8030BC
:1026B00000C2000A03200C803000C2000803200C76
:1026C000803000C20008030000000000000000008D
:1026D000000000000C003000C0000003000C0030BF
:1026E00000C0000003000C003000C0000003000C1C
:1026F000003000C0000003000C003000C0000003E8
:10270000000C003000C0000003000C003000C000CE
:102710000003000C003000C00000030000000000B7
:10272000000000000000A0808C02328AC82820A38C
:10273000808C02320AC82820A3A08C02320AC82842
:1027400020A3808C02320AC82820A3808C02320A7F
:10275000C82820A3808C02320AC82820A3808C02BB
:10276000320AC82820A3808C02320AC8282003001D
:1027700000000000000000000000C4A016835A0CF6
:102780006A31A8C5A016835A0C6A3188C5801683A1
:102790005A0C6A31A8C5A016835A0C6A31A8C5A084
:1027A00016835A0C6A31A8C52016835A0C6A31A8C0
:1027B000C5A016835A0C6A31A8C5A016835A0C6AA4
:1027C00031A801000000000000000000000000002F
:1027D0000400100040000001000400100040000050
:1027E000010004001000400000010004001000403F
:1027F000000001000400100040000001000400106F
:10280000004000000100040010004000000100042E
:102810000010004000000100000000000000000067
:1028200000001022468818216284881122468818E8
:102830002162848811024688182162848811224608
:1028400088182162848811224688182162848811A0
:1028500022468818216284881122468818216284C1
:102860008811224688182162848801000000000037
:1028700000000000000000A20A882A20AA80A80206
:10288000A20A882A20AA80A802820A882A20AA806E
:10289000A802A20A882AA0A280A802A20A882A2046
:1028A000AA80A802A20A882A20AA80A802A20A88CE
:1028B0002A20AA80A802220A882A20AA8088020048
:1028C00000000000000000000000108442100A41D7
:1028D0002804A1108442100A412804A11084421047
:1028E0000A412804A1100442100A412804A11084BE
:1028F00042100A412804A1108442100A412804A170
:10290000100442100A412804A1108442100A4128F0
:1029100004A1000000000000000000000000508042
:1029200040010205081420508040010205081420CF
:102930005080402102050814225080400102050801
:1029400014205080400102050814205080402102CC
:1029500005081420508040010205081420508040D2
:102960000102050814200000000000000000000023
:10297000000030C0CA002B03AC0CB032C0CA002B20
:1029800003A80CB03280CA002B03AC0CB032C0CA12
:10299000002B03AC0CB032C0CA002B03A80CB03221
:1029A00080CA002B03AC0CB032C0CA002B03AC0CA5
:1029B000B032C0CA002B03AC0CB002000000000013
:1029C00000000000000010A04E803A01E804A813A7
:1029D000A04E803A01E604A813704E803A01EA0442
:1029E000A813A04E803A01EA04A813204E803A01B1
:1029F000E6048813604E803A01EA04A813A04E80D2
:102A00003A01EA04A813A04E803A01EA04A80300A0
:102A100000000000000000000000D45A526B49ADD5
:102A200025B596D45A526B49AD25B596D45A526BFA
:102A300049AD25B596D45A526B49AD25B596D45AB1
:102A4000526B49AD25B596D45A526B49AD25B59612
:102A5000D45A526B49AD25B596D45A526B49AD251F
:102A6000B596000000000000000000000000FCFF20
:102A7000F2FFCBFF2FFFBFFCFFF2FFCBFF2FFFBF0B
:102A8000FCFFF2FFCBFF2FFFBFFCFFF2FFCBFF2FBE
:102A9000FFBFFCFFF2FFCBFF2FFFBFFCFFF2FFCB1E
:102AA000FF2FFFBFFCFFF2FFCBFF2FFFBFFCFFF2AA
:102AB000FFCBFF2FFFBF0000000000000000000060
:102AC0000000000000000000000000000000000006
:102AD00000000000000000000000000000000000F6
:102AE00000000000000000000000000000000000E6
:102AF00000000000000000000000000000000000D6
:102B000000000000000000000000000000000000C5
:102B10000000000000002499906442920949262494
:102B200099906442920949262499906442920949F5
:102B300026249990644292094926249990644292ED
:102B4000094926249990644292094926249990645F
:102B5000429209492624999064429209492600002C
:102B600000000000000000000000DC7E72FBC9EDE8
:102B700027B79FDC7E72FBC9ED27B79FDC7E72FB17
:102B8000C9ED27B79FDC7E72FBC9ED27B79FDC7EBE
:102B900072FBC9ED27B79FDC7E72FBC9ED27B79F9B
:102BA000DC7E72FBC9ED27B79FDC7E72FBC9ED2787
:102BB000B79F000000000000000000000000DC7E65
:102BC00072FBC9ED27B79FDC7E72FBC9ED27B79F6B
:102BD000DC7E72FBC9ED27B79FDC7E72FBC9ED2757
:102BE000B79FDC7E72FBC9ED27B79FDC7E72FBC905
:102BF000ED27B79FDC7E72FBC9ED27B79FDC7E72A5
:102C0000FBC9ED27B79F0000000000000000000096
:102C1000000080400E023908E4209083000E023943
:102C200008E4289083400E023908E4289083400E7F
:102C3000023908E4289083408E023908E42030836A
:102C4000400E023908E62880A3408E023808E428A6
:102C50008083608E023808E438880300000000009A
:102C600000000000000020A08E803A02EA08A8239D
:102C7000808E803A02EA08A823A08E803A02E808F3
:102C8000A823A08E803A02EA08A823A08E803A02E8
:102C9000EA082823A08E803A02EA08B823808E81B1
:102CA0003A02EA08B823A08E803A02EA08A003009C
:102CB0000000000000000000000040800401120439
:102CC0004810204180040112044810204180040172
:102CD0001204481020418004011204481020418051
:102CE00004011204481020418004011204481820F5
:102CF00041808401120448182041800401120448D4
:102D00001020010000000000000000000000000092
:102D100006001800600080010006001800600880AE
:102D2000010006001800600880010006001800601D
:102D30000880010886011800600080000006001865
:102D400080600080210006801800600080012086DD
:102D500080180060088A01000000000000000000E8
:102D6000000010204E803801E2048833204E803865
:102D700001E2048833204E803801E2048833204E7B
:102D8000803801E2248813204E803801E204881341
:102D9000A044803801E0048813004E803801E2141A
:102DA0008813004E813801E20C8803000000000007
:102DB0000000000000000000060018006000800114
:102DC000000400180060000001000400180060000A
:102DD0008001000400180060008001000600180057
:102DE00060008001000600180060108001200600CD
:102DF00018006000800100040018006000800100DD
:102E000000000000000000000000102044801001BD
:102E10004206081120448010014216081120448007
:102E20001001423608112044801001421E08112072
:102E300064801001420608112064801001400A08D5
:102E40004920248010014202081100248010014210
:102E500002080100000000000000000000005420F3
:102E60005281480522158874A050814805221528F2
:102E700074A050814885221D8874A0508148052285
:102E800015885428528148052215885420528148BB
:102E900005223180642012014805223980548010B7
:102EA00001480522398000000000000000000000F9
:102EB00010033000CA002803A00C803200CA00288A
:102EC00003A014803200CA002803A00C803200CA7C
:102ED000002803A00C203000CA002803A00C803278
:102EE00000CA002803A01C017204C0102803A01C03
:102EF000013200CA102803A00C01020000000000EB
:102F000000000000100300000200080020028020E2
:102F10000002000800200A80200002000800200AA9
:102F200080200002000800200A8000002200080023
:102F3000200280000022000800200A082A00600009
:102F40000800200A08020062000800200A08020C9B
:102F5000000000000000000010030240000001001B
:102F600004001000000000010004001000400000F8
:102F700001000000100040000001000400100040AB
:102F800000000100040010004000000100040211D4
:102F90000A642010010004421102402010010004C4
:102FA0000201020C000000000000000010030220DB
:102FB0000680180062008801700680180062008890
:102FC0000120068018006200880120068018006237
:102FD0000088010006801800620088012006801821
:102FE00000610089012404001900620088012006A4
:102FF000801900620089010C000000000000000040
:103000000880024006001900640090014006001983
:103010000064009001400600190064009001400621
:1030200000190064009001400600190064009A0134
:1030300040060019006600840150468018006400B4
:10304000800140460018006400804100000000003C
:103050000000000002A242200C813004C21008438C
:10306000200C813004C2100843200C813004C210AF
:103070000843200C813004C2100843200C81300426
:10308000C2100843200C813004C6101943040C01FF
:103090003004C2101943200C813004C21019038877
:1030A0000A00000000000000020000000C003000D8
:1030B000C0000003000C003000C0000003000C0042
:1030C0003000C0000003000C003000C0000003000E
:1030D0000C003000C0000003000C003000C00402EF
:1030E00013020C203000C0040003020C003000C0AA
:1030F000040003080000000000000000020040007F
:103100000C013004C0100043000C013004C010005A
:1031100043000C013004C0100043000C013004C017
:10312000100043000C013004C0100843000C0130B3
:1031300004C03400D3000C233004C0340043000C1E
:10314000833004C0340003000000000000000000D1
:1031500002A24220068118046210884120068118CC
:1031600004621088412006811804621088412006FC
:1031700081180462108841A0048118046210804103
:103180002006811804603088C38404031804623068
:103190008843240683180462308803880A000000EC
:1031A00000000000028042000401100440100041B1
:1031B00000040110044010004100040110044010FC
:1031C00000410004011004401000410004011004FB
:1031D0004010004100040110044000800120040060
:1031E00030044000804100040030044000800100B1
:1031F00000000000000000000A8042200681180440
:1032000062108841200681180462108841200681DE
:103210001804621088412006811804621088412039
:103220000081180462108041200681180460100893
:10323000412004012004621008412006813004620C
:1032400010080100000000000000000002A202209F
:103250000A802800A2008802200A802800A2008894
:1032600002200A802800A2008802200A802800A2EA
:10327000008802200A802800A2008002200A8028FC
:1032800000A00000022000802000A2000002200A0E
:10329000002000A2000042880A0000000000000098
:1032A0001200600082010806201880600082010878
:1032B00006201880600082010806201880600082C5
:1032C000010806201880600082010806201820608E
:1032D000008201080620188060008201080620187C
:1032E00080600082010806201880000000000000B5
:1032F000000000001200408000010204081020407D
:10330000800001020408102040800001020408101F
:1033100020408000010204081020408000010204C7
:10332000081020408000010204081028408000019D
:103330000204081028408000010204081028000040
:10334000000000000000000002A262C08A012B06FB
:10335000AC18B062C08A012B06AC18B062C08A01FA
:103360002B06AC183062C08A012B06AC18B062C0C4
:1033700088012B06AC189062C08A012B06AC18B0ED
:1033800062E08A012A06AC18B062C08A012B06AC42
:1033900018B002880A0000000000000000806220CF
:1033A0008E813806E2188863208E813806E21888FC
:1033B00063208E813806E2182863208E013806E2E9
:1033C000188863808C813806E2188463208E8138E7
:1033D00006E2108843208EC13906E2108863208EF1
:1033E000813906E2108803000000000000000000A0
:1033F000028062408E013906E4189063408E0139E4
:1034000006E4188063408E013906E4189063408E0C
:10341000013906E4189063608E013906E4183063C0
:10342000408E013906E6188043408E813806E41844
:103430008043C08C813806E4188803000000000037
:10344000000000000AA262A08E813A06EA18A86372
:10345000A08E813A06EA18A063A08E813A06EA1887
:10346000A863A08E013A06EA18A863A88E813A06DE
:10347000EA182863A08E813A06EA1A186B008C813C
:103480003186EA1A3863A88C813006EA1A384188F6
:103490000A0000000000000002004880040112043D
:1034A0004810204980040112044812204980040178
:1034B000120448122049800401120448122041805D
:1034C0000401120448122041802401120448120011
:1034D000490804013A04481200418004013A0448B2
:1034E0001220010000000000000000000200600047
:1034F0008601180660188061008601180660188031
:103500006100860118066018806100860118066057
:103510001880610086011806601882610086011813
:10352000066218006100840118066018A061008618
:103530000118066018A00100000000000000000053
:1035400000A206201E807800E2018807201E8078F5
:1035500000E2018807201E807800E2018807201E13
:10356000807800E2018807001E807800E2012805CB
:10357000201E807800E0018807001C007800E2012E
:103580008807201C807800E2018003880A00000080
:103590000000000002804A00060118046010804903
:1035A0000006011804601280490006011804601228
:1035B00080490006011804601280410006011804C9
:1035C0006012804100260118044012804920040145
:1035D0001804601280410004011804601280010088
:1035E000000000000000000002804220048110045E
:1035F0004210084120048110044210084120048137
:1036000010044210084120048110044210084100B7
:103610000481100442100841200481100440100865
:103620004120060110044210084120068110044286
:1036300010000100000000000000000002A2422073
:103640000281080422108840200281080422108888
:1036500040200281080422108840200281080422B0
:10366000108840200281080422108840200281082E
:1036700004081080C0200A010804221080C0200A1B
:1036800081080422108000880A0000000000000069
:103690000200C0000A03280CA03080C2000A0328E0
:1036A0000CA03080C2000A03280CA03080C2000A9F
:1036B00003280CA03080C2000A03280CA03080C26E
:1036C000000A03280CA0108042000A03280CA01056
:1036D00080C2000A03280CA0108002000000000035
:1036E00000000000020010004200080120048010C9
:1036F0000042000801200488100042000801200454
:1037000080100042200801200480100042000801BF
:1037100020048010004200080120048800004200BC
:1037200008012004880000420008012004880000ED
:10373000000000000000000002A24240000101045D
:10374000041010404000010104041000404000013A
:103750000104041010404000010004041010404017
:103760000001010404101040400001010404101085
:1037700040600001010404101051400001010404E4
:10378000101000880A0000000000000002800220E3
:1037900006801800620088012006801800620088F8
:1037A0000120068018006100880120068018006250
:1037B0000088010006801800620080012006801841
:1037C00000620080012006001900620088012006C6
:1037D0008019006200880100000000000000000065
:1037E000028002400600990064009009400600999A
:1037F0000064029009400600190064009009400628
:10380000009900640090090006001900640090010E
:1038100040060019806400800940040038006400FC
:10382000000960060038006400000100000000008C
:103830000000000002A206201C807000C2010807E0
:10384000201C807000C2010807201C807000C2018B
:103850000807201C807000C2010805001C80700051
:10386000C20108072014807000C2011805001480EE
:103870005800C2011805201C805800C20118018898
:103880000A000000000000000A0080000C0230085E
:10389000C02000A3000C02300EC03800E3000C0270
:1038A0003008C02000E3000C02300EC02000A3004E
:1038B0000C023008C0200083000C02300880200079
:1038C000A10004021008C02000E1000C021008C092
:1038D0002000010000000000000000000200A00025
:1038E0008C02B00AC02800AB008C02B00AC02200D3
:1038F0008B008C02300AC028008B008C02B008C0FC
:103900002820A9008C02300AC02800A3808402303D
:103910008AC008002B008482300AC00800A9208CCD
:1039200082300AC0080041000000000000000000D2
:1039300002A2C2200683180C623088E12006831898
:103940000C623088C1200683180C623088C12006C2
:1039500083180C623088E1200683180C623028C17D
:10396000200683180C4A3088E9000683180C623060
:1039700088C9000683180C62308801880A0000009C
:10398000000000000280020004001000400000015E
:10399000000400100240000001000400100040007C
:1039A00000010004001000400000010004001000AD
:1039B000400000010004001000400000012004004D
:1039C0001000400000310004001000400000010021
:1039D000000000000000000002801222468818014A
:1039E0006284883120468818016204881120468844
:1039F0001821628488112046881801628488312049
:103A00004688182162840811224688182142848839
:103A1000012646881821628488010246881821629E
:103A200084880100000000000000000002A20220C3
:103A30000A882820A2808802200A882820A20088DC
:103A400002200A882820A2008802200A882820A2B2
:103A5000008802220A882820A2C08802220A8C2814
:103A600020A2808082220A082820A2808002060AE2
:103A7000082820A2C08002880A0000000000000080
:103A80000200100442100841200480100442100873
:103A90004120048010044210084120048010044298
:103AA00010084120048010044200084120048110C5
:103AB000044210084120048110044A100841208467
:103AC0008110844218084120048100000000000099
:103AD0000000000000005080400102050814205042
:103AE000804001020508142050804001020508149E
:103AF0002050804001020508142050A0400102051A
:103B00000814205080400102050814295004401177
:103B100002050814285080400102050814280000FE
:103B2000000000000000000002A2B2C0CA022B0B7D
:103B3000AC2CB0B2C0CA022B0BAC2CB0B2C0CA02C3
:103B40002B0BAC2CB0B2C0CA022B0BAC2CB0B28089
:103B5000CA022B0BAC2CB0B2C0CA022B0B8C2CB1FE
:103B6000B26CC8022B0BAC2CB1B2C0C0022B0BAC98
:103B70002C3002880A0000000000000002801220A1
:103B80004E803801E2048813204E803801E2048818
:103B900013204E803801E2048813204E803801E261
:103BA000048813204E803801E2048913204E903897
:103BB0000168048813204E803901E2048813204EE6
:103BC000803901E2842803000000000000000000AA
:103BD0000000D452526B09AD25B592D052526B09F8
:103BE000AD25B490D052526B49AD25B590D052520C
:103BF0006B09AD25B590D05A522B49AD25B590D45F
:103C00005A520B49AD25B590D042522B49AD25B53E
:103C100090D05A522B49AD25B5900000000000000D
:103C2000000000000000FCFEF2FFCBFD2FFF9FDC38
:103C3000FEF2FFCBFD2FB79FDCFEF2FFCBFF2FBFC5
:103C40009FDCFEF2FFCBFD2FBF9FDCFFF2FFC9FF21
:103C50002FBF9FFCFFF2FBC9FF2FBF9FDC7EF2FF4F
:103C6000C9FF2FBF9FDCFFF2FFC9FF2FBF9F0000DE
:103C70000000000000000000000000000000000044
:103C80000000000000000000000000000000000034
:103C90000000000000000000000000000000000024
:103CA0000000000000000000000000000000000014
:103CB0000000000000000000000000000000000004
:103CC0000000000000000000000000000000A49FB1
:103CD0009064C2970949BEFC9F9064C29709FFBFD8
:103CE000FC9F9064429209E9BFFC9F9064C29709CF
:103CF000E9BF7C9990E44B9209E9BF249990FE4B6F
:103D00009209E9BFFCFF92E44B9209E9BF7C9990CC
:103D1000E44B9209E9BF0000000000000000000031
:103D20000000DC7F72FBC9EF27B7BFFC7F72FBC9C5
:103D3000EF27FFBFFC7F72FBC9ED27F7BFFC7F7247
:103D4000FBC9EF27F7BFFC7E72FBCBED27F7BFDC8B
:103D50007E72FFCBED27F7BFFCFF72FBCBED27F7A1
:103D6000BFFC7E72FBCBED27F7BF00000000000018
:103D7000000000000000DC7E72FBC9ED27B79FDC6D
:103D80007E72FBC9ED27B79FDC7E72FBC9ED27B7BA
:103D90009FDC7E72FBC9ED27B79FDC7E72FBC9ED0D
:103DA00027B79FDC7E72FBC9ED2777A6E499727B6B
:103DB000CAED2777A6E47E727BCAED2777A60000BE
:103DC00000000000000000000000000000000000F3
:103DD00000000000000000000000000000000000E3
:103DE00000000000000000000000000000000000D3
:103DF00000000000000000000000000000000000C3
:103E000000000000000000000000000000000000B2
:103E10000000000000000000000000000C00048012
:103E2000404000000C00A2AA0000000000000000BA
:103E30000000000000000000000000000000000082
:103E40000000000000000000000000000000000072
:103E50000000000000000000000000000000000062
:103E60000000000000000000000000000000000052
:103E70000000000000000000000000000000000042
:103E80000000000000000000000000000000000032
:103E90000000000000000000000000000000000022
:103EA0000000000000000000000000000000000012
:103EB0000000000000000000000000000000000002
:103EC00000000000000000000000000000000000F2
:103ED00000000000000000000000000000000000E2
:103EE00000000000000000000000000000000000D2
:103EF00000000000000000000000000000000000C2
:103F000000000000000000000000000000000000B1
:103F100000000000000000000000000000000000A1
:103F20000000000000000000000000000000000091
:103F30000000000000000000000000000000000081
:103F40000000000000000000000000000000000071
:103F50000000000000000000000000000000000061
:103F60000000000000000000000000000000000051
:103F70000000000000000000000000000000000041
:103F80000000000000000000000000000000000031
:103F90000000000000000000000000000000000021
:103FA0000000000000000000000000000000000011
:103FB0000000000000000000000000000000000001
:103FC00000000000000000000000000000000000F1
:103FD00000000000000000000000000000000000E1
:103FE00000000000000000000000000000000000D1
:103FF00000000000000000000000000000000000C1
:1040000000000000000000000000000000000000B0
:1040100000000000000000000000000000000000A0
:104020000000000000000000000000000000000090
:104030000000000000000000000000000000000080
:104040000000000000000000000000000000000070
:104050000000000000000000000000000000000060
:104060000000000000000000000000000000000050
:104070000000000000000000000000000000000040
:104080000000000000000000000000000000000030
:104090000000000000000000000000000000000020
:1040A0000000000000000000000000000000000010
:1040B0000000000000000000000000000000000000
:1040C00000000000000000000000000000000000F0
:1040D00000000000000000000000000000000000E0
:1040E00000000000000000000000000000000000D0
:1040F00000000000000000000000000000000000C0
:1041000000000000000000000000000000000000AF
:10411000000000000000000000000000000000009F
:10412000000000000000000000000000000000008F
:10413000000000000000000000000000000000007F
:10414000000000000000000000000000000000006F
:10415000000000000000000000000000000000005F
:10416000000000000000000000000000000000004F
:10417000000000000000000000000000000000003F
:10418000000000000000000000000000000000002F
:10419000000000000000000000000000000000001F
:1041A000000000000000000000000000000000000F
:1041B00000000000000000000000000000000000FF
:1041C00000000000000000000000000000000000EF
:1041D00000000000000000000000000000000000DF
:1041E00000000000000000000000000000000000CF
:1041F00000000000000000000000000000000000BF
:1042000000000000000000000000000000000000AE
:10421000000000000000000000000000000000009E
:10422000000000000000000000000000000000008E
:10423000000000000000000000000000000000007E
:10424000000000000000000000000000000000006E
:10425000000000000000000000000000000000005E
:10426000000000000000000000000000000000004E
:10427000000000000000000000000000000000003E
:10428000000000000000000000000000000000002E
:10429000000000000000000000000000000000001E
:1042A000000000000000000000000000000000000E
:1042B00000000000000000000000000000000000FE
:1042C00000000000000000000000000000000000EE
:1042D00000000000000000000000000000000000DE
:1042E00000000000000000000000000000000000CE
:1042F00000000000000000000000000000000000BE
:1043000000000000000000000000000000000000AD
:10431000000000000000000000000000000000009D
:10432000000000000000000000000000000000008D
:10433000000000000000000000000000000000007D
:10434000000000000000000000000000000000006D
:10435000000000000000000000000000000000005D
:10436000000000000000000000000000000000004D
:10437000000000000000000000000000000000003D
:10438000000000000000000000000000000000002D
:10439000000000000000000000000000000000001D
:1043A000000000000000000000000000000000000D
:1043B00000000000000000000000000000000000FD
:1043C00000000000000000000000000000000000ED
:1043D00000000000000000000000000000000000DD
:1043E00000000000000000000000000000000000CD
:1043F00000000000000000000000000000000000BD
:1044000000000000000000000000000000000000AC
:10441000000000000000000000000000000000009C
:10442000000000000000000000000000000000008C
:10443000000000000000000000000000000000007C
:10444000000000000000000000000000000000006C
:10445000000000000000000000000000000000005C
:10446000000000000000000000000000000000004C
:10447000000000000000000000000000000000003C
:10448000000000000000000000000000000000002C
:10449000000000000000000000000000000000001C
:1044A000000000000000000000000000000000000C
:1044B00000000000000000000000000000000000FC
:1044C00000000000000000000000000000000000EC
:1044D00000000000000000000000000000000000DC
:1044E00000000000000000000000000000000000CC
:1044F00000000000000000000000000000000000BC
:1045000000000000000000000000000000000000AB
:10451000000000000000000000000000000000009B
:10452000000000000000000000000000000000008B
:10453000000000000000000000000000000000007B
:10454000000000000000000000000000000000006B
:10455000000000000000000000000000000000005B
:10456000000000000000000000000000000000004B
:10457000000000000000000000000000000000003B
:10458000000000000000000000000000000000002B
:10459000000000000000000000000000000000001B
:1045A000000000000000000000000000000000000B
:1045B00000000000000000000000000000000000FB
:1045C00000000000000000000000000000000000EB
:1045D00000000000000000000000000000000000DB
:1045E00000000000000000000000000000000000CB
:1045F00000000000000000000000000000000000BB
:1046000000000000000000000000000000000000AA
:10461000000000000000000000000000000000009A
:10462000000000000000000000000000000000008A
:10463000000000000000000000000000000000007A
:10464000000000000000000000000000000000006A
:10465000000000000000000000000000000000005A
:10466000000000000000000000000000000000004A
:10467000000000000000000000000000000000003A
:10468000000000000000000000000000000000002A
:10469000000000000000000000000000000000001A
:1046A000000000000000000000000000000000000A
:1046B00000000000000000000000000000000000FA
:1046C00000000000000000000000000000000000EA
:1046D00000000000000000000000000000000000DA
:1046E00000000000000000000000000000000000CA
:1046F00000000000000000000000000000000000BA
:1047000000000000000000000000000000000000A9
:104710000000000000000000000000000000000099
:104720000000000000000000000000000000000089
:104730000000000000000000000000000000000079
:104740000000000000000000000000000000000069
:104750000000000000000000000000000000000059
:104760000000000000000000000000000000000049
:104770000000000000000000000000000000000039
:104780000000000000000000000000000000000029
:104790000000000000000000000000000000000019
:1047A0000000000000000000000000000000000009
:1047B00000000000000000000000000000000000F9
:1047C00000000000000000000000000000000000E9
:1047D00000000000000000000000000000000000D9
:1047E00000000000000000000000000000000000C9
:1047F00000000000000000000000000000000000B9
:1048000000000000000000000000000000000000A8
:104810000000000000000000000000000000000098
:104820000000000000000000000000000000000088
:104830000000000000000000000000000000000078
:104840000000000000000000000000000000000068
:104850000000000000000000000000000000000058
:104860000000000000000000000000000000000048
:104870000000000000000000000000000000000038
:104880000000000000000000000000000000000028
:104890000000000000000000000000000000000018
:1048A0000000000000000000000000000000000008
:1048B00000000000000000000000000000000000F8
:1048C00000000000000000000000000000000000E8
:1048D00000000000000000000000000000000000D8
:1048E00000000000000000000000000000000000C8
:1048F00000000000000000000000000000000000B8
:1049000000000000000000000000000000000000A7
:104910000000000000000000000000000000000097
:104920000000000000000000000000000000000087
:104930000000000000000000000000000000000077
:104940000000000000000000000000000000000067
:104950000000000000000000000000000000000057
:104960000000000000000000000000000000000047
:104970000000000000000000000000000000000037
:104980000000000000000000000000000000000027
:104990000000000000000000000000000000000017
:1049A0000000000000000000000000000000000007
:1049B00000000000000000000000000000000000F7
:1049C00000000000000000000000000000000000E7
:1049D00000000000000000000000000000000000D7
:1049E00000000000000000000000000000000000C7
:1049F00000000000000000000000000000000000B7
:104A000000000000000000000000000000000000A6
:104A10000000000000000000000000000000000096
:104A20000000000000000000000000000000000086
:104A30000000000000000000000000000000000076
:104A40000000000000000000000000000000000066
:104A50000000000000000000000000000000000056
:104A60000000000000000000000000000000000046
:104A70000000000000000000000000000000000036
:104A80000000000000000000000000000000000026
:104A90000000000000000000000000000000000016
:104AA0000000000000000000000000000000000006
:104AB00000000000000000000000000000000000F6
:104AC00000000000000000000000000000000000E6
:104AD00000000000000000000000000000000000D6
:104AE00000000000000000000000000000000000C6
:104AF00000000000000000000000000000000000B6
:104B000000000000000000000000000000000000A5
:104B10000000000000000000000000000000000095
:104B20000000000000000000000000000000000085
:104B30000000000000000000000000000000000075
:104B40000000000000000000000000000000000065
:104B50000000000000000000000000000000000055
:104B60000000000000000000000000000000000045
:104B70000000000000000000000000000000000035
:104B80000000000000000000000000000000000025
:104B90000000000000000000000000000000000015
:104BA0000000000000000000000000000000000005
:104BB00000000000000000000000000000000000F5
:104BC00000000000000000000000000000000000E5
:104BD00000000000000000000000000000000000D5
:104BE00000000000000000000000000000000000C5
:104BF00000000000000000000000000000000000B5
:104C000000000000000000000000000000000000A4
:104C10000000000000000000000000000000000094
:104C20000000000000000000000000000000000084
:104C30000000000000000000000000000000000074
:104C40000000000000000000000000000000000064
:104C50000000000000000000000000000000000054
:104C60000000000000000000000000000000000044
:104C70000000000000000000000000000000000034
:104C80000000000000000000000000000000000024
:104C90000000000000000000000000000000000014
:104CA0000000000000000000000000000000000004
:104CB00000000000000000000000000000000000F4
:104CC00000000000000000000000000000000000E4
:104CD00000000000000000000000000000000000D4
:104CE00000000000000000000000000000000000C4
:104CF00000000000000000000000000000000000B4
:104D000000000000000000000000000000000000A3
:104D10000000000000000000000000000000000093
:104D20000000000000000000000000000000000083
:104D30000000000000000000000000000000000073
:104D40000000000000000000000000000000000063
:104D50000000000000000000000000000000000053
:104D60000000000000000000000000000000000043
:104D70000000000000000000000000000000000033
:104D80000000000000000000000000000000000023
:104D90000000000000000000000000000000000013
:104DA0000000000000000000000000000000000003
:104DB00000000000000000000000000000000000F3
:104DC00000000000000000000000000000000000E3
:104DD00000000000000000000000000000000000D3
:104DE00000000000000000000000000000000000C3
:104DF00000000000000000000000000000000000B3
:104E000000000000000000000000000000000000A2
:104E10000000000000000000000000000000000092
:104E20000000000000000000000000000000000082
:104E30000000000000000000000000000000000072
:104E40000000000000000000000000000000000062
:104E50000000000000000000000000000000000052
:104E60000000000000000000000000000000000042
:104E70000000000000000000000000000000000032
:104E80000000000000000000000000000000000022
:104E90000000000000000000000000000000000012
:104EA0000000000000000000000000000000000002
:104EB00000000000000000000000000000000000F2
:104EC00000000000000000000000000000000000E2
:104ED00000000000000000000000000000000000D2
:104EE00000000000000000000000000000000000C2
:104EF00000000000000000000000000000000000B2
:104F000000000000000000000000000000000000A1
:104F10000000000000000000000000000000000091
:104F20000000000000000000000000000000000081
:104F30000000000000000000000000000000000071
:104F40000000000000000000000000000000000061
:104F50000000000000000000000000000000000051
:104F60000000000000000000000000000000000041
:104F70000000000000000000000000000000000031
:104F80000000000000000000000000000000000021
:104F90000000000000000000000000000000000011
:104FA0000000000000000000000000000000000001
:104FB00000000000000000000000000000000000F1
:104FC00000000000000000000000000000000000E1
:104FD00000000000000000000000000000000000D1
:104FE00000000000000000000000000000000000C1
:104FF00000000000000000000000000000000000B1
:1050000000000000000000000000000000000000A0
:105010000000000000000000000000000000000090
:105020000000000000000000000000000000000080
:105030000000000000000000000000000000000070
:105040000000000000000000000000000000000060
:105050000000000000000000000000000000000050
:105060000000000000000000000000000000000040
:105070000000000000000000000000000000000030
:105080000000000000000000000000000000000020
:105090000000000000000000000000000000000010
:1050A0000000000000000000000000000000000000
:1050B00000000000000000000000000000000000F0
:1050C00000000000000000000000000000000000E0
:1050D00000000000000000000000000000000000D0
:1050E00000000000000000000000000000000000C0
:1050F00000000000000000000000000000000000B0
:10510000000000000000000000000000000000009F
:10511000000000000000000000000000000000008F
:10512000000000000000000000000000000000007F
:10513000000000000000000000000000000000006F
:10514000000000000000000000000000000000005F
:10515000000000000000000000000000000000004F
:10516000000000000000000000000000000000003F
:10517000000000000000000000000000000000002F
:10518000000000000000000000000000000000001F
:10519000000000000000000000000000000000000F
:1051A00000000000000000000000000000000000FF
:1051B00000000000000000000000000000000000EF
:1051C00000000000000000000000000000000000DF
:1051D00000000000000000000000000000000000CF
:1051E00000000000000000000000000000000000BF
:1051F00000000000000000000000000000000000AF
:10520000000000000000000000000000000000009E
:10521000000000000000000000000000000000008E
:10522000000000000000000000000000000000007E
:10523000000000000000000000000000000000006E
:10524000000000000000000000000000000000005E
:10525000000000000000000000000000000000004E
:10526000000000000000000000000000000000003E
:10527000000000000000000000000000000000002E
:10528000000000000000000000000000000000001E
:10529000000000000000000000000000000000000E
:1052A00000000000000000000000000000000000FE
:1052B00000000000000000000000000000000000EE
:1052C00000000000000000000000000000000000DE
:1052D00000000000000000000000000000000000CE
:1052E00000000000000000000000000000000000BE
:1052F00000000000000000000000000000000000AE
:10530000000000000000000000000000000000009D
:10531000000000000000000000000000000000008D
:10532000000000000000000000000000000000007D
:10533000000000000000000000000000000000006D
:10534000000000000000000000000000000000005D
:10535000000000000000000000000000000000004D
:10536000000000000000000000000000000000003D
:105370000000000000000000000000000C0004809D
:10538000402000000C00A2AA000000000000000065
:10539000000000000000000000000000000000000D
:1053A00000000000000000000000000000000000FD
:1053B00000000000000000000000000000000000ED
:1053C00000000000000000000000000000000000DD
:1053D00000000000000000000000000000000000CD
:1053E00000000000000000000000000000000000BD
:1053F00000000000000000000000000000000000AD
:10540000000000000000000000000000000000009C
:10541000000000000000000000000000000000008C
:10542000000000000000000000000000000000007C
:10543000000000000000000000000000000000006C
:10544000000000000000000000000000000000005C
:10545000000000000000000000000000000000004C
:10546000000000000000000000000000000000003C
:10547000000000000000000000000000000000002C
:10548000000000000000000000000000000000001C
:10549000000000000000000000000000000000000C
:1054A00000000000000000000000000000000000FC
:1054B00000000000000000000000000000000000EC
:1054C00000000000000000000000000000000000DC
:1054D00000000000000000000000000000000000CC
:1054E00000000000000000000000000000000000BC
:1054F00000000000000000000000000000000000AC
:10550000000000000000000000000000000000009B
:10551000000000000000000000000000000000008B
:10552000000000000000000000000000000000007B
:10553000000000000000000000000000000000006B
:10554000000000000000000000000000000000005B
:10555000000000000000000000000000000000004B
:10556000000000000000000000000000000000003B
:10557000000000000000000000000000000000002B
:10558000000000000000000000000000000000001B
:10559000000000000000000000000000000000000B
:1055A00000000000000000000000000000000000FB
:1055B00000000000000000000000000000000000EB
:1055C00000000000000000000000000000000000DB
:1055D00000000000000000000000000000000000CB
:1055E00000000000000000000000000000000000BB
:1055F00000000000000000000000000000000000AB
:10560000000000000000000000000000000000009A
:10561000000000000000000000000000000000008A
:10562000000000000000000000000000000000007A
:10563000000000000000000000000000000000006A
:10564000000000000000000000000000000000005A
:10565000000000000000000000000000000000004A
:10566000000000000000000000000000000000003A
:10567000000000000000000000000000000000002A
:10568000000000000000000000000000000000001A
:10569000000000000000000000000000000000000A
:1056A00000000000000000000000000000000000FA
:1056B00000000000000000000000000000000000EA
:1056C00000000000000000000000000000000000DA
:1056D00000000000000000000000000000000000CA
:1056E00000000000000000000000000000000000BA
:1056F00000000000000000000000000000000000AA
:105700000000000000000000000000000000000099
:105710000000000000000000000000000000000089
:105720000000000000000000000000000000000079
:105730000000000000000000000000000000000069
:105740000000000000000000000000000000000059
:105750000000000000000000000000000000000049
:105760000000000000000000000000000000000039
:105770000000000000000000000000000000000029
:105780000000000000000000000000000000000019
:105790000000000000000000000000000000000009
:1057A00000000000000000000000000000000000F9
:1057B00000000000000000000000000000000000E9
:1057C00000000000000000000000000000000000D9
:1057D00000000000000000000000000000000000C9
:1057E00000000000000000000000000000000000B9
:1057F00000000000000000000000000000000000A9
:105800000000000000000000000000000000000098
:105810000000000000000000000000000000000088
:105820000000000000000000000000000000000078
:105830000000000000000000000000000000000068
:105840000000000000000000000000000000000058
:105850000000000000000000000000000000000048
:105860000000000000000000000000000000000038
:105870000000000000000000000000000000000028
:105880000000000000000000000000000000000018
:105890000000000000000000000000000000000008
:1058A00000000000000000000000000000000000F8
:1058B00000000000000000000000000000000000E8
:1058C00000000000000000000000000000000000D8
:1058D00000000000000000000000000000000000C8
:1058E00000000000000000000000000000000000B8
:1058F00000000000000000000000000000000000A8
:105900000000000000000000000000000000000097
:105910000000000000000000000000000000000087
:105920000000000000000000000000000000000077
:105930000000000000000000000000000000000067
:105940000000000000000000000000000000000057
:105950000000000000000000000000000000000047
:105960000000000000000000000000000000000037
:105970000000000000000000000000000000000027
:105980000000000000000000000000000000000017
:105990000000000000000000000000000000000007
:1059A00000000000000000000000000000000000F7
:1059B00000000000000000000000000000000000E7
:1059C00000000000000000000000000000000000D7
:1059D00000000000000000000000000000000000C7
:1059E00000000000000000000000000000000000B7
:1059F00000000000000000000000000000000000A7
:105A00000000000000000000000000000000000096
:105A10000000000000000000000000000000000086
:105A20000000000000000000000000000000000076
:105A30000000000000000000000000000000000066
:105A40000000000000000000000000000000000056
:105A50000000000000000000000000000000000046
:105A60000000000000000000000000000000000036
:105A70000000000000000000000000000000000026
:105A80000000000000000000000000000000000016
:105A90000000000000000000000000000000000006
:105AA00000000000000000000000000000000000F6
:105AB00000000000000000000000000000000000E6
:105AC00000000000000000000000000000000000D6
:105AD00000000000000000000000000000000000C6
:105AE00000000000000000000000000000000000B6
:105AF00000000000000000000000000000000000A6
:105B00000000000000000000000000000000000095
:105B10000000000000000000000000000000000085
:105B20000000000000000000000000000000000075
:105B30000000000000000000000000000000000065
:105B40000000000000000000000000000000000055
:105B50000000000000000000000000000000000045
:105B60000000000000000000000000000000000035
:105B70000000000000000000000000000000000025
:105B80000000000000000000000000000000000015
:105B90000000000000000000000000000000000005
:105BA00000000000000000000000000000000000F5
:105BB00000000000000000000000000000000000E5
:105BC00000000000000000000000000000000000D5
:105BD00000000000000000000000000000000000C5
:105BE00000000000000000000000000000000000B5
:105BF00000000000000000000000000000000000A5
:105C00000000000000000000000000000000000094
:105C10000000000000000000000000000000000084
:105C20000000000000000000000000000000000074
:105C30000000000000000000000000000000000064
:105C40000000000000000000000000000000000054
:105C50000000000000000000000000000000000044
:105C60000000000000000000000000000000000034
:105C70000000000000000000000000000000000024
:105C80000000000000000000000000000000000014
:105C90000000000000000000000000000000000004
:105CA00000000000000000000000000000000000F4
:105CB00000000000000000000000000000000000E4
:105CC00000000000000000000000000000000000D4
:105CD00000000000000000000000000000000000C4
:105CE00000000000000000000000000000000000B4
:105CF00000000000000000000000000000000000A4
:105D00000000000000000000000000000000000093
:105D10000000000000000000000000000000000083
:105D20000000000000000000000000000000000073
:105D30000000000000000000000000000000000063
:105D40000000000000000000000000000000000053
:105D50000000000000000000000000000000000043
:105D60000000000000000000000000000000000033
:105D70000000000000000000000000000000000023
:105D80000000000000000000000000000000000013
:105D90000000000000000000000000000000000003
:105DA00000000000000000000000000000000000F3
:105DB00000000000000000000000000000000000E3
:105DC00000000000000000000000000000000000D3
:105DD00000000000000000000000000000000000C3
:105DE00000000000000000000000000000000000B3
:105DF00000000000000000000000000000000000A3
:105E00000000000000000000000000000000000092
:105E10000000000000000000000000000000000082
:105E20000000000000000000000000000000000072
:105E30000000000000000000000000000000000062
:105E40000000000000000000000000000000000052
:105E50000000000000000000000000000000000042
:105E60000000000000000000000000000000000032
:105E70000000000000000000000000000000000022
:105E80000000000000000000000000000000000012
:105E90000000000000000000000000000000000002
:105EA00000000000000000000000000000000000F2
:105EB00000000000000000000000000000000000E2
:105EC00000000000000000000000000000000000D2
:105ED00000000000000000000000000000000000C2
:105EE00000000000000000000000000000000000B2
:105EF00000000000000000000000000000000000A2
:105F00000000000000000000000000000000000091
:105F10000000000000000000000000000000000081
:105F20000000000000000000000000000000000071
:105F30000000000000000000000000000000000061
:105F40000000000000000000000000000000000051
:105F50000000000000000000000000000000000041
:105F60000000000000000000000000000000000031
:105F70000000000000000000000000000000000021
:105F80000000000000000000000000000000000011
:105F90000000000000000000000000000000000001
:105FA00000000000000000000000000000000000F1
:105FB00000000000000000000000000000000000E1
:105FC00000000000000000000000000000000000D1
:105FD00000000000000000000000000000000000C1
:105FE00000000000000000000000000000000000B1
:105FF00000000000000000000000000000000000A1
:106000000000000000000000000000000000000090
:106010000000000000000000000000000000000080
:106020000000000000000000000000000000000070
:106030000000000000000000000000000000000060
:106040000000000000000000000000000000000050
:106050000000000000000000000000000000000040
:106060000000000000000000000000000000000030
:106070000000000000000000000000000000000020
:106080000000000000000000000000000000000010
:106090000000000000000000000000000000000000
:1060A00000000000000000000000000000000000F0
:1060B00000000000000000000000000000000000E0
:1060C00000000000000000000000000000000000D0
:1060D00000000000000000000000000000000000C0
:1060E00000000000000000000000000000000000B0
:1060F00000000000000000000000000000000000A0
:10610000000000000000000000000000000000008F
:10611000000000000000000000000000000000007F
:10612000000000000000000000000000000000006F
:10613000000000000000000000000000000000005F
:10614000000000000000000000000000000000004F
:10615000000000000000000000000000000000003F
:10616000000000000000000000000000000000002F
:10617000000000000000000000000000000000001F
:10618000000000000000000000000000000000000F
:1061900000000000000000000000000000000000FF
:1061A00000000000000000000000000000000000EF
:1061B00000000000000000000000000000000000DF
:1061C00000000000000000000000000000000000CF
:1061D00000000000000000000000000000000000BF
:1061E00000000000000000000000000000000000AF
:1061F000000000000000000000000000000000009F
:10620000000000000000000000000000000000008E
:10621000000000000000000000000000000000007E
:10622000000000000000000000000000000000006E
:10623000000000000000000000000000000000005E
:10624000000000000000000000000000000000004E
:10625000000000000000000000000000000000003E
:10626000000000000000000000000000000000002E
:10627000000000000000000000000000000000001E
:10628000000000000000000000000000000000000E
:1062900000000000000000000000000000000000FE
:1062A00000000000000000000000000000000000EE
:1062B00000000000000000000000000000000000DE
:1062C00000000000000000000000000000000000CE
:1062D00000000000000000000000000000000000BE
:1062E00000000000000000000000000000000000AE
:1062F000000000000000000000000000000000009E
:10630000000000000000000000000000000000008D
:10631000000000000000000000000000000000007D
:10632000000000000000000000000000000000006D
:10633000000000000000000000000000000000005D
:10634000000000000000000000000000000000004D
:10635000000000000000000000000000000000003D
:10636000000000000000000000000000000000002D
:10637000000000000000000000000000000000001D
:10638000000000000000000000000000000000000D
:1063900000000000000000000000000000000000FD
:1063A00000000000000000000000000000000000ED
:1063B00000000000000000000000000000000000DD
:1063C00000000000000000000000000000000000CD
:1063D00000000000000000000000000000000000BD
:1063E00000000000000000000000000000000000AD
:1063F000000000000000000000000000000000009D
:10640000000000000000000000000000000000008C
:10641000000000000000000000000000000000007C
:10642000000000000000000000000000000000006C
:10643000000000000000000000000000000000005C
:10644000000000000000000000000000000000004C
:10645000000000000000000000000000000000003C
:10646000000000000000000000000000000000002C
:10647000000000000000000000000000000000001C
:10648000000000000000000000000000000000000C
:1064900000000000000000000000000000000000FC
:1064A00000000000000000000000000000000000EC
:1064B00000000000000000000000000000000000DC
:1064C00000000000000000000000000000000000CC
:1064D00000000000000000000000000000000000BC
:1064E00000000000000000000000000000000000AC
:1064F000000000000000000000000000000000009C
:10650000000000000000000000000000000000008B
:10651000000000000000000000000000000000007B
:10652000000000000000000000000000000000006B
:10653000000000000000000000000000000000005B
:10654000000000000000000000000000000000004B
:10655000000000000000000000000000000000003B
:10656000000000000000000000000000000000002B
:10657000000000000000000000000000000000001B
:10658000000000000000000000000000000000000B
:1065900000000000000000000000000000000000FB
:1065A00000000000000000000000000000000000EB
:1065B00000000000000000000000000000000000DB
:1065C00000000000000000000000000000000000CB
:1065D00000000000000000000000000000000000BB
:1065E00000000000000000000000000000000000AB
:1065F000000000000000000000000000000000009B
:10660000000000000000000000000000000000008A
:10661000000000000000000000000000000000007A
:10662000000000000000000000000000000000006A
:10663000000000000000000000000000000000005A
:10664000000000000000000000000000000000004A
:10665000000000000000000000000000000000003A
:10666000000000000000000000000000000000002A
:10667000000000000000000000000000000000001A
:10668000000000000000000000000000000000000A
:1066900000000000000000000000000000000000FA
:1066A00000000000000000000000000000000000EA
:1066B00000000000000000000000000000000000DA
:1066C00000000000000000000000000000000000CA
:1066D00000000000000000000000000000000000BA
:1066E00000000000000000000000000000000000AA
:1066F000000000000000000000000000000000009A
:106700000000000000000000000000000000000089
:106710000000000000000000000000000000000079
:106720000000000000000000000000000000000069
:106730000000000000000000000000000000000059
:106740000000000000000000000000000000000049
:106750000000000000000000000000000000000039
:106760000000000000000000000000000000000029
:106770000000000000000000000000000000000019
:106780000000000000000000000000000000000009
:1067900000000000000000000000000000000000F9
:1067A00000000000000000000000000000000000E9
:1067B00000000000000000000000000000000000D9
:1067C00000000000000000000000000000000000C9
:1067D00000000000000000000000000000000000B9
:1067E00000000000000000000000000000000000A9
:1067F0000000000000000000000000000000000099
:106800000000000000000000000000000000000088
:106810000000000000000000000000000000000078
:106820000000000000000000000000000000000068
:106830000000000000000000000000000000000058
:106840000000000000000000000000000000000048
:106850000000000000000000000000000000000038
:106860000000000000000000000000000000000028
:106870000000000000000000000000000000000018
:106880000000000000000000000000000000000008
:1068900000000000000000000000000000000000F8
:1068A00000000000000000000000000000000000E8
:1068B00000000000000000000000000000000000D8
:1068C00000000000000000000000000000000000C8
:1068D0000000000000000000000000000C00048028
:1068E000406000000C00A2AA0000D0D42C0F0304CA
:1068F000876361000000000000000010000000003D
:10690000000000001000000000000000001800005F
:1069100000000000000010000000000008009911B5
:10692000010000000008009911010000000010188B
:106930001818000000000000000000000000F0F047
:10694000080B030467E7E2000000000000000000FD
:106950000000000000000000000000000000000037
:106960000000000000000000000000000000000027
:106970000000000000000000000000000000000017
:106980000000000000000000000000000000000007
:106990000000C0D4240F0304A763610000000000BE
:1069A00000000000000000000000000000000000E7
:1069B00000000000000000000000000000000000D7
:1069C00000000000000000000000000000000000C7
:1069D00000000000000000000000000000000000B7
:1069E00000000000000000F42C070004A5E70100EF
:1069F0000000000000000000000000000000000097
:106A00000000000000000000000000000000000086
:106A10000000000000000000000000000000000076
:106A20000000000000000000000000000000000066
:106A300000000000000000000000D0D42C0F030470
:106A4000A747410000000000000000000000000017
:106A50000000000000000000000000000000000036
:106A60000000000000000000000000000000000026
:106A70000000000000000000000000000000000016
:106A8000000000000000000000000000000000F412
:106A90002C07000085E3010000000000000000005A
:106AA00000000000000000000000000000000000E6
:106AB00000000000000000000000000000000000D6
:106AC00000000000000000000000000000000000C6
:106AD00000000000000000000000000000000000B6
:106AE0000000D0D42C0F0304876361000000000075
:106AF0000000000000000000000000000000000096
:106B00000000000000000000000000000000000085
:106B10000000000000000000000000000000000075
:106B20000000000000000000000000000000000065
:106B300000000000000080808101010000000000D2
:106B40000000000000000000000000000000000045
:106B50000000000000000000000000000000000035
:106B60000000000000000000000000000000000025
:106B70000000000000000000000000000000000015
:106B800000000000000000000000F0088C0300047A
:106B90004663E2000000000000000000000000006A
:106BA00000000000000000000000000000000000E5
:106BB00000000000000000000000000000000000D5
:106BC00000000000000000000000000000000000C5
:106BD00000000000000000000000000000000000B5
:106BE00000000000000000000000000000000000A5
:106BF0000000000000000000000000000000000095
:106C00000000000000000000000000000000000084
:106C10000000000000000000000000000000000074
:106C20000000000000000000000000000000000064
:106C3000000060F8940F030463E780000000000088
:106C40000000000000000000000000000000000044
:106C50000000000000000000000000000000000034
:106C60000000000000000000000000000000000024
:106C70000000000000000000000000000000000014
:106C8000000000000000000CF30000000000000005
:106C900000000000000000000000000000000000F4
:106CA00000000000000000000000000000000000E4
:106CB00000000000000000000000000000000000D4
:106CC00000000000000000000000000000000000C4
:106CD00000000000000000000000C0D4240F0304E6
:106CE00083610100000000000000000000000000BF
:106CF0000000000000000000000000000000000094
:106D00000000000000000000000000000000000083
:106D10000000000000000000000000000000000073
:106D200000000000000000000000000000000090D3
:106D30000C03000424A70000000000000000000075
:106D40000000000000000000000000000000000043
:106D50000000000000000000000000000000000033
:106D60000000000000000000000000000000000023
:106D70000000000000000000000000000000000013
:106D80000000C0D4240E0104A5074100000000004B
:106D900000000000000000000000000000000000F3
:106DA00000000000000000000000000000000000E3
:106DB00000000000000000000000000000000000D3
:106DC00000000000000000000000000000000000C3
:106DD00000000000000000000000000000000000B3
:106DE00000000000000000000000000000000000A3
:106DF0000000000000000000000000000000000093
:106E00000000000000000000000000000000000082
:106E10000000000000000000000000000000000072
:106E200000000000000000000000B0E42C0503009A
:106E3000A7010300000000000000000000000000A7
:106E40000000000000000000000000000000000042
:106E50000000000000000000000000000000000032
:106E60000000000000000000000000000000000022
:106E70000000000000000000000000000000808C06
:106E80007A0901046585820000000000000000000E
:106E900000000000000000000000000000000000F2
:106EA00000000000000000000000000000000000E2
:106EB00000000000000000000000000000000000D2
:106EC00000000000000000000000000000000000C2
:106ED0000000000CF7040000E105030000000000C2
:106EE00000000000000000000000000000000000A2
:106EF0000000000000000000000000000000000092
:106F00000000000000000000000000000000000081
:106F10000000000000000000000000000000000071
:106F20000000000000000000000000000000000061
:106F30000000000000000000000000000000000051
:106F40000000000000000000000000000000000041
:106F50000000000000000000000000000000000031
:106F60000000000000000000000000000000000021
:106F700000000000000000000000F0F00C0F03040F
:106F8000A767610000000000000000000000000092
:106F900000000000000000000000000000000000F1
:106FA00000000000000000000000000000000000E1
:106FB00000000000000000000000000000000000D1
:106FC000000000000000000000000000000000645D
:106FD0002C050004A5E501000000000000000000F1
:106FE00000000000000000000000000000000000A1
:106FF0000000000000000000000000000000000091
:107000000000000000000000000000000000000080
:107010000000000000000000000000000000000070
:107020000000B0D4680F0304C763610000000000D3
:107030000000000000000000000000000000000050
:107040000000000000000000000000000000000040
:107050000000000000000000000000000000000030
:107060000000000000000000000000000000000020
:1070700000000000000000081000000020040000D4
:107080000000000000000000000000000000000000
:1070900000000000000000000000000000000000F0
:1070A00000000000000000000000000000000000E0
:1070B00000000000000000000000000000000000D0
:1070C00000000000000000000000C0D4240F0304F2
:1070D000A767410000000000000000000000000061
:1070E00000000000000000000000000000000000A0
:1070F0000000000000000000000000000000000090
:10710000000000000000000000000000000000007F
:10711000000000000000000000000000000080608F
:10712000180102002204820000000000000000009C
:10713000000000000000000000000000000000004F
:10714000000000000000000000000000000000003F
:10715000000000000000000000000000000000002F
:10716000000000000000000000000000000000001F
:107170000000F0F81C0F030426E6E0000000000009
:1071800000000000000000000000000000000000FF
:1071900000000000000000000000000000000000EF
:1071A00000000000000000000000000000000000DF
:1071B00000000000000000000000000000000000CF
:1071C000000000000000006000600060006000003F
:1071D00000000000000000000000000000000000AF
:1071E000000000000000000000000000000000009F
:1071F000000000000000000000000000000000008F
:10720000000000000000000000000000000000007E
:107210000000000000000000000020F4240C030423
:10722000A7E5810000000000000000000000000051
:10723000000000000000000000000000000000004E
:10724000000000000000000000000000000000003E
:10725000000000000000000000000000000000002E
:10726000000000000000000000000000000000F42A
:1072700024060004A5E70100000000000000000053
:1072800000000000000000000000000000000000FE
:1072900000000000000000000000000000000000EE
:1072A00000000000000000000000000000000000DE
:1072B00000000000000000000000000000000000CE
:1072C0000000D0D42C0F030407E3E000000000000E
:1072D00000000000000000000000000000000000AE
:1072E000000000000000000000000000000000009E
:1072F000000000000000000000000000000000008E
:10730000000000000000000000000000000000007D
:10731000000000000000000000000000000000006D
:10732000000000000000000000000000000000005D
:10733000000000000000000000000000000000004D
:10734000000000000000000000000000000000003D
:10735000000000000000000000000000000000002D
:1073600000000000000000000000202CF70C0000CE
:10737000E004030000000000000000000000000026
:1073800000000000000000000000000000000000FD
:1073900000000000000000000000000000000000ED
:1073A00000000000000000000000000000000000DD
:1073B0000000000000000000000000000000E0E805
:1073C0001C0F030063878200000000000000000023
:1073D00000000000000000000000000000000000AD
:1073E000000000000000000000000000000000009D
:1073F000000000000000000000000000000000008D
:10740000000000000000000000000000000000007C
:107410000000F0F00C0F030427E7E000000000007C
:10742000000000000000000000000000000000005C
:10743000000000000000000000000000000000004C
:10744000000000000000000000000000000000003C
:10745000000000000000000000000000000000002C
:1074600000000000000000F42C050004A5E5010068
:10747000000000000000000000000000000000000C
:1074800000000000000000000000000000000000FC
:1074900000000000000000000000000000000000EC
:1074A00000000000000000000000000000000000DC
:1074B00000000000000000000000D0D42C0F0304E6
:1074C000A5076100000000000000000000000000AF
:1074D00000000000000000000000000000000000AC
:1074E000000000000000000000000000000000009C
:1074F000000000000000000000000000000000008C
:10750000000000000000000000000000000000007B
:107510000C03000004030000000000000000000055
:10752000000000000000000000000000000000005B
:10753000000000000000000000000000000000004B
:10754000000000000000000000000000000000003B
:10755000000000000000000000000000000000002B
:10756000000090F0080D0304A7E5010000000000F2
:10757000000000000000000000000000000000000B
:1075800000000000000000000000000000000000FB
:1075900000000000000000000000000000000000EB
:1075A00000000000000000000000000000000000DB
:1075B0000000000000009098DB0B03046666620088
:1075C00000000000000000000000000000000000BB
:1075D00000000000000000000000000000000000AB
:1075E000000000000000000000000000000000009B
:1075F000000000000000000000000000000000008B
:107600000000000000000000000040DC3C0E030011
:107610008583E10000000000000000000000000081
:10762000000000000000000000000000000000005A
:10763000000000000000000000000000000000004A
:10764000000000000000000000000000000000003A
:107650000000000000000000000000000000000426
:1076600062000000000000000000000000000000B8
:10767000000000000000000000000000000000000A
:1076800000000000000000000000000000000000FA
:1076900000000000000000000000000000000000EA
:1076A00000000000000000000000000000000000DA
:1076B000000020F4240C030403E00000000000009C
:1076C00000000000000000000000000000000000BA
:1076D00000000000000000000000000000000000AA
:1076E000000000000000000000000000000000009A
:1076F000000000000000000000000000000000008A
:107700000000000000000004620000246424260041
:107710000000000000000000000000000000000069
:107720000000000000000000000000000000000059
:107730000000000000000000000000000000000049
:107740000000000000000000000000000000000039
:1077500000000000000000000000D0F42C0F030423
:1077600087E361000000000000000000000000004E
:107770000000000000000000000000000000000009
:1077800000000000000000000000000000000000F9
:1077900000000000000000000000000000000000E9
:1077A000000000000000000000000000000000B425
:1077B00024060004A5A7010000000000000000004E
:1077C00000000000000000000000000000000000B9
:1077D00000000000000000000000000000000000A9
:1077E0000000000000000000000000000000000099
:1077F0000000000000000000000000000000000089
:107800000000000CF3000000E18583000000000090
:107810000000000000000000000000000000000068
:107820000000000000000000000000000000000058
:107830000000000000000000000000000000000048
:107840000000000000000000000000000000000038
:107850000000000000000000000000000000000028
:107860000000000000000000000000000000000018
:107870000000000000000000000000000000000008
:1078800000000000000000000000000000000000F8
:1078900000000000000000000000000000000000E8
:1078A00000000000000000000000D0C42C0703000E
:1078B000A5076100000000000000000000000000BB
:1078C00000000000000000000000000000000000B8
:1078D00000000000000000000000000000000000A8
:1078E0000000000000000000000000000000000098
:1078F0000000000000000000000000000000A06484
:107900003C050200A3858300000000000000000089
:107910000000000000000000000000000000000067
:107920000000000000000000000000000000000057
:107930000000000000000000000000000000000047
:107940000000000000000000000000000000000037
:107950000000004CD3040000E1858300000000001B
:107960000000000000000000000000000000000017
:107970000000000000000000000000000000000007
:1079800000000000000000000000000000000000F7
:1079900000000000000000000000000000000000E7
:1079A0000000000000000002000000242424240243
:1079B00000000000000000000000000000000000C7
:1079C00000000000000000000000000000000000B7
:1079D00000000000000000000000000000000000A7
:1079E0000000000000000000000000000000000097
:1079F00000000000000000000000D0F42C0F030481
:107A0000A7E74100000000000000000000000000A7
:107A10000000000000000000000000000000000066
:107A20000000000000000000000000000000000056
:107A30000000000000000000000000000000000046
:107A40000000000000000000000000000000002412
:107A50002C070004A5A701000000000000000000A2
:107A60000000000000000000000000000000000016
:107A70000000000000000000000000000000000006
:107A800000000000000000000000000000000000F6
:107A900000000000000000000000000000000000E6
:107AA0000000B0F04C0F0304E7E503000000000005
:107AB00000000000000000000000000000000000C6
:107AC00000000000000000000000000000000000B6
:107AD00000000000000000000000000000000000A6
:107AE0000000000000000000000000000000000096
:107AF000000000000000505CFF0F03046666620097
:107B00000000000000000000000000000000000075
:107B10000000000000000000000000000000000065
:107B20000000000000000000000000000000000055
:107B30000000000000000000000000000000000045
:107B40000000000000000000000080847A010100B5
:107B5000E18583000000000000000000000000003C
:107B60000000000000000000000000000000000015
:107B70000000000000000000000000000000000005
:107B800000000000000000000000000000000000F5
:107B900000000000000000000000000000000000E5
:107BA0000000000424242000000000000000000069
:107BB00000000000000000000000000000000000C5
:107BC00000000000000000000000000000000000B5
:107BD00000000000000000000000000000000000A5
:107BE0000000000000000000000000000000000095
:107BF0000000F0F84D0F030447E7E000000000002C
:107C00000000000000000000000000000000000074
:107C10000000000000000000000000000000000064
:107C20000000000000000000000000000000000054
:107C30000000000000000000000000000000000044
:107C400000000000000060600462006004626000E8
:107C50000000000000000000000000000000000024
:107C60000000000000000000000000000000000014
:107C70000000000000000000000000000000000004
:107C800000000000000000000000000000000000F4
:107C90000000000000000000000000F0000C0304E1
:107CA000A7E58100000000000000000000000000C7
:107CB00000000000000000000000000000000000C4
:107CC00000000000000000000000000000000000B4
:107CD00000000000000000000000000000000000A4
:107CE0000000000000000000000000000000000094
:107CF0000C0300008583010000000000000000006C
:107D00000000000000000000000000000000000073
:107D10000000000000000000000000000000000063
:107D20000000000000000000000000000000000053
:107D30000000000000000000000000000000000043
:107D4000000090946A090104678782000000000027
:107D50000000000000000000000000000000000023
:107D60000000000000000000000000000000000013
:107D70000000000000000000000000000000000003
:107D800000000000000000000000000000000000F3
:107D900000000000000000000000000000000000E3
:107DA00000000000000000000000000000000000D3
:107DB00000000000000000000000000000000000C3
:107DC00000000000000000000000000000000000B3
:107DD00000000000000000000000000000000000A3
:107DE0000000000000000000000000000000000093
:107DF0000000000000000000000000000000000083
:107E00000000000000000000000000000000000072
:107E10000000000000000000000000000000000062
:107E20000000000000000000000000000000000052
:107E30000000000000000000000000000C000480B2
:107E4000401000000C00A202000000000000000032
:107E50000000000000000000000000000000000022
:107E600000901000000000000000901000000000D2
:107E700000000010000000401E4119008823C02BA4
:107E8000000000000090100000000000000008004A
:107E90009911010000000000000000000000000037
:107EA00000000000000000000000000000000000D2
:107EB00000000000000000000000000000000000C2
:107EC00000000000000000000000000000000000B2
:107ED00000000000000000000000000000000000A2
:107EE0000000000000000000000000000000000092
:107EF0000000000000000000000000000000000082
:107F00000000000000000000000000000000000071
:107F10000000000000000000000000000000000061
:107F20000000000000000000000000000000000051
:107F30000000000000000000000000000000000041
:107F40000000000000000000000000000000000031
:107F50000000000000000000000000000000000021
:107F60000000000000000000000000000000000011
:107F70000000000000000000000000000000000001
:107F800000000000000000000000000000000000F1
:107F900000000000000000000000000000000000E1
:107FA00000000000000000000000000000000000D1
:107FB00000000000000000000000000000000000C1
:107FC00000000000000000C027000B013005C027A2
:107FD00000000000000000000000000000000000A1
:107FE0000000000000000000000000000000000091
:107FF0000000000000000000000000000000000081
:108000000000000000000000000000000000000070
:108010000000000000000000000000000000000060
:108020000000000000000000000000000000000050
:108030000000000000000000000000000000000040
:108040000000000000000000000000000000000030
:108050000000000000000000000000000000000020
:108060000000000000000000000000000000000010
:108070000000000000000000000000000000000000
:1080800000000000000000000000000000000000F0
:1080900000000000000000000000000000000000E0
:1080A00000000000000000000000000000000000D0
:1080B00000000000000000000000000000000000C0
:1080C00000000000000000000000000000000000B0
:1080D00000000000000000000000000000000000A0
:1080E0000000000000000000000000000000000090
:1080F0000000000000000000000000000000000080
:10810000000000000000000000000000000000006F
:1081100000000000000000C033C34C034020402496
:10812000000000000000000000000000000000004F
:10813000000000000000000000000000000000003F
:10814000000000000000000000000000000000002F
:10815000000000000000000000000000000000001F
:10816000000000000000000000000000000000000F
:1081700000000000000000000000000000000000FF
:1081800000000000000000000000000000000000EF
:1081900000000000000000000000000000000000DF
:1081A00000000000000000000000000000000000CF
:1081B00000000000000000000000000000000000BF
:1081C00000000000000000000000000000000000AF
:1081D000000000000000000000000000000000009F
:1081E000000000000000000000000000000000008F
:1081F000000000000000000000000000000000007F
:10820000000000000000000000000000000000006E
:10821000000000000000000000000000000000005E
:10822000000000000000000000000000000000004E
:10823000000000000000000000000000000000003E
:10824000000000000000000000000000000000002E
:10825000000000000000000000000000000000001E
:108260000000000000000000EC010C031C0AF83BB9
:1082700000000000000000000000000000000000FE
:1082800000000000000000000000000000000000EE
:1082900000000000000000000000000000000000DE
:1082A00000000000000000000000000000000000CE
:1082B00000000000000000000000000000000000BE
:1082C00000000000000000000000000000000000AE
:1082D000000000000000000000000000000000009E
:1082E000000000000000000000000000000000008E
:1082F000000000000000000000000000000000007E
:10830000000000000000000000000000000000006D
:10831000000000000000000000000000000000005D
:10832000000000000000000000000000000000004D
:10833000000000000000000000000000000000003D
:10834000000000000000000000000000000000002D
:10835000000000000000000000000000000000001D
:10836000000000000000000000000000000000000D
:1083700000000000000000000000000000000000FD
:1083800000000000000000000000000000000000ED
:1083900000000000000000000000000000000000DD
:1083A00000000000000000000000000000000000CD
:1083B00000000000000000802D8004024803D02748
:1083C00000000000000000000000000000000000AD
:1083D000000000000000000000000000000000009D
:1083E000000000000000000000000000000000008D
:1083F000000000000000000000000000000000007D
:10840000000000000000000000000000000000006C
:10841000000000000000000000000000000000005C
:10842000000000000000000000000000000000004C
:10843000000000000000000000000000000000003C
:10844000000000000000000000000000000000002C
:10845000000000000000000000000000000000001C
:10846000000000000000000000000000000000000C
:1084700000000000000000000000000000000000FC
:1084800000000000000000000000000000000000EC
:1084900000000000000000000000000000000000DC
:1084A00000000000000000000000000000000000CC
:1084B00000000000000000000000000000000000BC
:1084C00000000000000000000000000000000000AC
:1084D000000000000000000000000000000000009C
:1084E000000000000000000000000000000000008C
:1084F000000000000000000000000000000000007C
:10850000000000000000000000000000000000006B
:10851000000000000000000000000000000000005B
:10852000000000000000000000000000000000004B
:10853000000000000000000000000000000000003B
:10854000000000000000000000000000000000002B
:10855000000000000000000000000000000000001B
:10856000000000000000000000000000000000000B
:1085700000000000000000000000000000000000FB
:1085800000000000000000000000000000000000EB
:1085900000000000000000000000000000000000DB
:1085A00000000000000000000000000000000000CB
:1085B00000000000000000000000000000000000BB
:1085C00000000000000000000000000000000000AB
:1085D000000000000000000000000000000000009B
:1085E000000000000000000000000000000000008B
:1085F000000000000000000000000000000000007B
:10860000000000000000000000000000000000006A
:10861000000000000000000000000000000000005A
:10862000000000000000000000000000000000004A
:10863000000000000000000000000000000000003A
:10864000000000000000000000000000000000002A
:1086500000000000000000C03FC0A0011833083C2B
:10866000000000000000000000000000000000000A
:1086700000000000000000000000000000000000FA
:1086800000000000000000000000000000000000EA
:1086900000000000000000000000000000000000DA
:1086A00000000000000000000000000000000000CA
:1086B00000000000000000000000000000000000BA
:1086C00000000000000000000000000000000000AA
:1086D000000000000000000000000000000000009A
:1086E000000000000000000000000000000000008A
:1086F000000000000000000000000000000000007A
:108700000000000000000000000000000000000069
:108710000000000000000000000000000000000059
:108720000000000000000000000000000000000049
:108730000000000000000000000000000000000039
:108740000000000000000000000000000000000029
:108750000000000000000000000000000000000019
:108760000000000000000000000000000000000009
:1087700000000000000000000000000000000000F9
:1087800000000000000000000000000000000000E9
:1087900000000000000000000000000000000000D9
:1087A0000000000000000040EA432E03583AD01BAE
:1087B00000000000000000000000000000000000B9
:1087C00000000000000000000000000000000000A9
:1087D0000000000000000000000000000000000099
:1087E0000000000000000000000000000000000089
:1087F0000000000000000000000000000000000079
:108800000000000000000000000000000000000068
:108810000000000000000000000000000000000058
:108820000000000000000000000000000000000048
:108830000000000000000000000000000000000038
:108840000000000000000000000000000000000028
:108850000000000000000000000000000000000018
:108860000000000000000000000000000000000008
:1088700000000000000000000000000000000000F8
:1088800000000000000000000000000000000000E8
:1088900000000000000000000000000000000000D8
:1088A00000000000000000000000000000000000C8
:1088B00000000000000000000000000000000000B8
:1088C00000000000000000000000000000000000A8
:1088D0000000000000000000000000000000000098
:1088E0000000000000000000000000000000000088
:1088F00000000000000000407E014800C023C01BB3
:108900000000000000000000000000000000000067
:108910000000000000000000000000000000000057
:108920000000000000000000000000000000000047
:108930000000000000000000000000000000000037
:108940000000000000000000000000000000000027
:108950000000000000000000000000000000000017
:108960000000000000000000000000000000000007
:1089700000000000000000000000000000000000F7
:1089800000000000000000000000000000000000E7
:1089900000000000000000000000000000000000D7
:1089A00000000000000000000000000000000000C7
:1089B00000000000000000000000000000000000B7
:1089C00000000000000000000000000000000000A7
:1089D0000000000000000000000000000000000097
:1089E0000000000000000000000000000000000087
:1089F0000000000000000000000000000000000077
:108A00000000000000000000000000000000000066
:108A10000000000000000000000000000000000056
:108A20000000000000000000000000000000000046
:108A30000000000000000000000000000000000036
:108A40000000000000000000000000000000000026
:108A50000000000000000000000000000000000016
:108A60000000000000000000000000000000000006
:108A700000000000000000000000000000000000F6
:108A800000000000000000000000000000000000E6
:108A900000000000000000000000000000000000D6
:108AA00000000000000000000000000000000000C6
:108AB00000000000000000000000000000000000B6
:108AC00000000000000000000000000000000000A6
:108AD0000000000000000000000000000000000096
:108AE0000000000000000000000000000000000086
:108AF0000000000000000000000000000000000076
:108B00000000000000000000000000000000000065
:108B10000000000000000000000000000000000055
:108B20000000000000000000000000000000000045
:108B30000000000000000000000000000000000035
:108B40000000000000000000000000000000000025
:108B50000000000000000000000000000000000015
:108B60000000000000000000000000000000000005
:108B700000000000000000000000000000000000F5
:108B800000000000000000000000000000000000E5
:108B900000000000000000403E4048020C32AC3CA7
:108BA00000000000000000000000000000000000C5
:108BB00000000000000000000000000000000000B5
:108BC00000000000000000000000000000000000A5
:108BD0000000000000000000000000000000000095
:108BE0000000000000000000000000000000000085
:108BF0000000000000000000000000000000000075
:108C00000000000000000000000000000000000064
:108C10000000000000000000000000000000000054
:108C20000000000000000000000000000000000044
:108C30000000000000000000000000000000000034
:108C40000000000000000000000000000000000024
:108C50000000000000000000000000000000000014
:108C60000000000000000000000000000000000004
:108C700000000000000000000000000000000000F4
:108C800000000000000000000000000000000000E4
:108C900000000000000000000000000000000000D4
:108CA00000000000000000000000000000000000C4
:108CB00000000000000000000000000000000000B4
:108CC00000000000000000000000000000000000A4
:108CD0000000000000000000000000000000000094
:108CE00000000000000000801D8345018403E8139C
:108CF0000000000000000000000000000000000074
:108D00000000000000000000000000000000000063
:108D10000000000000000000000000000000000053
:108D20000000000000000000000000000000000043
:108D30000000000000000000000000000000000033
:108D40000000000000000000000000000000000023
:108D50000000000000000000000000000000000013
:108D60000000000000000000000000000000000003
:108D700000000000000000000000000000000000F3
:108D800000000000000000000000000000000000E3
:108D900000000000000000000000000000000000D3
:108DA00000000000000000000000000000000000C3
:108DB00000000000000000000000000000000000B3
:108DC00000000000000000000000000000000000A3
:108DD0000000000000000000000000000000000093
:108DE0000000000000000000000000000000000083
:108DF0000000000000000000000000000000000073
:108E00000000000000000000000000000000000062
:108E10000000000000000000000000000000000052
:108E20000000000000000000000000000000000042
:108E3000000000000000008019018000A011E02760
:108E40000000000000000000000000000000000022
:108E50000000000000000000000000000000000012
:108E60000000000000000000000000000000000002
:108E700000000000000000000000000000000000F2
:108E800000000000000000000000000000000000E2
:108E900000000000000000000000000000000000D2
:108EA00000000000000000000000000000000000C2
:108EB00000000000000000000000000000000000B2
:108EC00000000000000000000000000000000000A2
:108ED0000000000000000000000000000000000092
:108EE0000000000000000000000000000000000082
:108EF0000000000000000000000000000000000072
:108F00000000000000000000000000000000000061
:108F10000000000000000000000000000000000051
:108F20000000000000000000000000000000000041
:108F30000000000000000000000000000000000031
:108F40000000000000000000000000000000000021
:108F50000000000000000000000000000000000011
:108F60000000000000000000000000000000000001
:108F700000000000000000000000000000000000F1
:108F8000000000000000000004024400040204028B
:108F900000000000000000000000000000000000D1
:108FA00000000000000000000000000000000000C1
:108FB00000000000000000000000000000000000B1
:108FC00000000000000000000000000000000000A1
:108FD0000000000000000000000000000000000091
:108FE0000000000000000000000000000000000081
:108FF0000000000000000000000000000000000071
:109000000000000000000000000000000000000060
:109010000000000000000000000000000000000050
:109020000000000000000000000000000000000040
:109030000000000000000000000000000000000030
:109040000000000000000000000000000000000020
:109050000000000000000000000000000000000010
:109060000000000000000000000000000000000000
:1090700000000000000000000000000000000000F0
:1090800000000000000000000000000000000000E0
:1090900000000000000000000000000000000000D0
:1090A00000000000000000000000000000000000C0
:1090B00000000000000000000000000000000000B0
:1090C00000000000000000000000000000000000A0
:1090D0000000000000000000000000000000000090
:1090E0000000000000000000000000000000000080
:1090F0000000000000000000000000000000000070
:10910000000000000000000000000000000000005F
:10911000000000000000000000000000000000004F
:10912000000000000000000000000000000000003F
:10913000000000000000000000000000000000002F
:10914000000000000000000000000000000000001F
:10915000000000000000000000000000000000000F
:1091600000000000000000000000000000000000FF
:1091700000000000000000000000000000000000EF
:1091800000000000000000000000000000000000DF
:1091900000000000000000000000000000000000CF
:1091A00000000000000000000000000000000000BF
:1091B00000000000000000000000000000000000AF
:1091C000000000000000000000000000000000009F
:1091D000000000000000000000000000000000008F
:1091E000000000000000000000000000000000007F
:1091F000000000000000000000000000000000006F
:10920000000000000000000000000000000000005E
:10921000000000000000000000000000000000004E
:1092200000000000000000809901810108199818D1
:10923000000000000000000000000000000000002E
:10924000000000000000000000000000000000001E
:10925000000000000000000000000000000000000E
:1092600000000000000000000000000000000000FE
:1092700000000000000000000000000000000000EE
:1092800000000000000000000000000000000000DE
:1092900000000000000000000000000000000000CE
:1092A00000000000000000000000000000000000BE
:1092B00000000000000000000000000000000000AE
:1092C000000000000000000000000000000000009E
:1092D000000000000000000000000000000000008E
:1092E000000000000000000000000000000000007E
:1092F000000000000000000000000000000000006E
:10930000000000000000000000000000000000005D
:10931000000000000000000000000000000000004D
:10932000000000000000000000000000000000003D
:10933000000000000000000000000000000000002D
:1093400000000000000000000C0000800000F7B5E5
:109350000C000180000000C00C0002A8000000000A
:1093600000000000000000000000000000000000FD
:1093700000000000000000000000000000000000ED
:1093800000000000000000000000000000000000DD
:1093900000000000000000000000000000000000CD
:1093A00000000000000000000000000000000000BD
:1093B0000C000180000000A00C00058000000000EF
:1093C0000C00008000003B050000000000000000D1
:0893D000000000000000000095
:00000001FF
