solid Nova3Handle
facet normal -0.997794975558687 0.0663715808900191 -6.36528711152332e-020
  outer loop
    vertex 0.43815231450481 0.0175910767006738 0.316098642595685
    vertex 0.436982186774383 0.0 0.088
    vertex 0.436982186774383 0.0 0.317623582743442
  endloop
endfacet
facet normal -0.997794975558687 0.0663715808900191 -6.36528711152332e-020
  outer loop
    vertex 0.436982186774383 0.0 0.088
    vertex 0.43815231450481 0.0175910767006738 0.316098642595685
    vertex 0.43815231450481 0.0175910767006738 0.088
  endloop
endfacet
facet normal -0.997794975558687 -0.0663715808900192 -3.18264355576167e-019
  outer loop
    vertex 0.436982186774383 0.0 0.317623582743442
    vertex 0.43815231450481 -0.0175910767006738 0.088
    vertex 0.43815231450481 -0.0175910767006738 0.316098642595685
  endloop
endfacet
facet normal -0.997794975558687 -0.0663715808900192 -3.18264355576167e-019
  outer loop
    vertex 0.43815231450481 -0.0175910767006738 0.088
    vertex 0.436982186774383 0.0 0.317623582743442
    vertex 0.436982186774383 0.0 0.088
  endloop
endfacet
facet normal -0.980213082737133 0.197945225835248 2.39553959255791e-019
  outer loop
    vertex 0.441642079171394 0.0348721854893587 0.311550692736948
    vertex 0.43815231450481 0.0175910767006738 0.088
    vertex 0.43815231450481 0.0175910767006738 0.316098642595685
  endloop
endfacet
facet normal -0.980213082737133 0.197945225835248 2.39553959255791e-019
  outer loop
    vertex 0.43815231450481 0.0175910767006738 0.088
    vertex 0.441642079171394 0.0348721854893587 0.311550692736948
    vertex 0.441642079171394 0.0348721854893587 0.088
  endloop
endfacet
facet normal -0.945359103179203 -0.326030928036303 0.0
  outer loop
    vertex 0.441642079171394 -0.0348721854893587 0.311550692736948
    vertex 0.447389988513859 -0.0515388203202208 0.088
    vertex 0.447389988513859 -0.0515388203202208 0.304059871441056
  endloop
endfacet
facet normal -0.945359103179203 -0.326030928036303 0.0
  outer loop
    vertex 0.447389988513859 -0.0515388203202208 0.088
    vertex 0.441642079171394 -0.0348721854893587 0.311550692736948
    vertex 0.441642079171394 -0.0348721854893587 0.088
  endloop
endfacet
facet normal -0.826585021710221 -0.562811870774163 -3.41625089348543e-019
  outer loop
    vertex 0.455294760075906 -0.0672973026375747 0.293831892951445
    vertex 0.465217105877752 -0.0818699562114124 0.088
    vertex 0.465217105877752 -0.0818699562114124 0.269740664795671
  endloop
endfacet
facet normal -0.826585021710221 -0.562811870774163 -3.41625089348543e-019
  outer loop
    vertex 0.465217105877752 -0.0818699562114124 0.088
    vertex 0.455294760075906 -0.0672973026375747 0.293831892951445
    vertex 0.455294760075906 -0.0672973026375747 0.088
  endloop
endfacet
facet normal -0.945359103179203 0.326030928036303 -5.82504102909474e-020
  outer loop
    vertex 0.447389988513859 0.0515388203202208 0.304059871441056
    vertex 0.441642079171394 0.0348721854893587 0.088
    vertex 0.441642079171394 0.0348721854893587 0.311550692736948
  endloop
endfacet
facet normal -0.945359103179203 0.326030928036303 -5.82504102909474e-020
  outer loop
    vertex 0.441642079171394 0.0348721854893587 0.088
    vertex 0.447389988513859 0.0515388203202208 0.304059871441056
    vertex 0.447389988513859 0.0515388203202208 0.088
  endloop
endfacet
facet normal -1.0 0.0 0.0
  outer loop
    vertex -0.342495807637519 -0.186 0.088
    vertex -0.342495807637519 -0.26 0.0755
    vertex -0.342495807637519 -0.26 0.088
  endloop
endfacet
facet normal -1.0 0.0 0.0
  outer loop
    vertex -0.342495807637519 -0.26 0.0755
    vertex -0.342495807637519 -0.186 0.088
    vertex -0.342495807637519 -0.186 0.0755
  endloop
endfacet
facet normal -1.0 0.0 0.0
  outer loop
    vertex -0.342495807637519 0.186 0.088
    vertex -0.342495807637519 0.26 0.0755
    vertex -0.342495807637519 0.186 0.0755
  endloop
endfacet
facet normal -1.0 0.0 0.0
  outer loop
    vertex -0.342495807637519 0.26 0.0755
    vertex -0.342495807637519 0.186 0.088
    vertex -0.342495807637519 0.26 0.088
  endloop
endfacet
facet normal 0.0 0.0 -1.0
  outer loop
    vertex -0.590133222090252 0.26 0.088
    vertex -0.518159593540407 0.186 0.088
    vertex -0.590133222090252 -0.26 0.088
  endloop
endfacet
facet normal 0.0 0.0 -1.0
  outer loop
    vertex -0.518159593540407 0.186 0.088
    vertex -0.590133222090252 0.26 0.088
    vertex -0.342495807637519 0.26 0.088
  endloop
endfacet
facet normal 0.0 0.0 -1.0
  outer loop
    vertex -0.518159593540407 0.186 0.088
    vertex -0.342495807637519 0.26 0.088
    vertex -0.342495807637519 0.186 0.088
  endloop
endfacet
facet normal 0.0 0.0 -1.0
  outer loop
    vertex -0.590133222090252 -0.26 0.088
    vertex -0.518159593540407 -0.186 0.088
    vertex -0.342495807637519 -0.26 0.088
  endloop
endfacet
facet normal 0.0 0.0 -1.0
  outer loop
    vertex -0.518159593540407 -0.186 0.088
    vertex -0.590133222090252 -0.26 0.088
    vertex -0.518159593540407 0.186 0.088
  endloop
endfacet
facet normal 0.0 0.0 -1.0
  outer loop
    vertex -0.342495807637519 -0.26 0.088
    vertex -0.518159593540407 -0.186 0.088
    vertex -0.342495807637519 -0.186 0.088
  endloop
endfacet
facet normal 0.991444861373811 1.4836324608828e-016 -0.13052619222005
  outer loop
    vertex -0.518159593540407 0.186 0.088
    vertex -0.507752226748488 -0.186 0.167051799112363
    vertex -0.518159593540407 -0.186 0.088
  endloop
endfacet
facet normal 0.991444861373811 1.4836324608828e-016 -0.13052619222005
  outer loop
    vertex -0.507752226748488 -0.186 0.167051799112363
    vertex -0.518159593540407 0.186 0.088
    vertex -0.507752226748488 0.186 0.167051799112363
  endloop
endfacet
facet normal -0.568412804414777 -4.44833509851189e-017 0.82274351032222
  outer loop
    vertex 0.416503635928022 -0.186 0.344311749805439
    vertex 0.380204806812957 0.186 0.319233801458954
    vertex 0.380204806812957 -0.186 0.319233801458954
  endloop
endfacet
facet normal -0.568412804414777 -4.44833509851189e-017 0.82274351032222
  outer loop
    vertex 0.380204806812957 0.186 0.319233801458954
    vertex 0.416503635928022 -0.186 0.344311749805439
    vertex 0.416503635928022 0.186 0.344311749805439
  endloop
endfacet
facet normal -0.37366663182077 -0.0 0.927563069695922
  outer loop
    vertex 0.380204806812957 -0.186 0.319233801458954
    vertex 0.316409313194184 0.186 0.293533934781764
    vertex 0.316409313194184 -0.186 0.293533934781764
  endloop
endfacet
facet normal -0.37366663182077 -0.0 0.927563069695922
  outer loop
    vertex 0.316409313194184 0.186 0.293533934781764
    vertex 0.380204806812957 -0.186 0.319233801458954
    vertex 0.380204806812957 0.186 0.319233801458954
  endloop
endfacet
facet normal 0.0602377595935499 -0.0 0.998184057335695
  outer loop
    vertex 0.248525032040647 -0.186 0.282485291174695
    vertex 0.19 0.186 0.286017121586492
    vertex 0.19 -0.186 0.286017121586492
  endloop
endfacet
facet normal 0.0602377595935499 -0.0 0.998184057335695
  outer loop
    vertex 0.19 0.186 0.286017121586492
    vertex 0.248525032040647 -0.186 0.282485291174695
    vertex 0.248525032040647 0.186 0.282485291174695
  endloop
endfacet
facet normal -0.160643224134141 -0.0 0.987012540214048
  outer loop
    vertex 0.316409313194184 -0.186 0.293533934781764
    vertex 0.248525032040647 0.186 0.282485291174695
    vertex 0.248525032040647 -0.186 0.282485291174695
  endloop
endfacet
facet normal -0.160643224134141 -0.0 0.987012540214048
  outer loop
    vertex 0.248525032040647 0.186 0.282485291174695
    vertex 0.316409313194184 -0.186 0.293533934781764
    vertex 0.316409313194184 0.186 0.293533934781764
  endloop
endfacet
facet normal -0.99144486137381 -1.24321930724497e-016 -0.130526192220051
  outer loop
    vertex 0.241481456572267 0.26 0.0957047612756301
    vertex 0.25 0.186 0.031
    vertex 0.241481456572267 0.186 0.0957047612756301
  endloop
endfacet
facet normal -0.99144486137381 -1.24321930724497e-016 -0.130526192220051
  outer loop
    vertex 0.25 0.186 0.031
    vertex 0.241481456572267 0.26 0.0957047612756301
    vertex 0.25 0.26 0.031
  endloop
endfacet
facet normal -0.99144486137381 -1.24321930724497e-016 -0.130526192220051
  outer loop
    vertex 0.25 0.26 0.031
    vertex 0.241481456572267 0.26 0.0957047612756301
    vertex 0.242495807637518 0.26 0.088
  endloop
endfacet
facet normal 0.99144486137381 -1.5655693176401e-016 -0.130526192220052
  outer loop
    vertex -0.25 0.26 0.031
    vertex -0.241481456572267 0.186 0.0957047612756304
    vertex -0.25 0.186 0.031
  endloop
endfacet
facet normal 0.99144486137381 -1.5655693176401e-016 -0.130526192220052
  outer loop
    vertex -0.241481456572267 0.186 0.0957047612756304
    vertex -0.25 0.26 0.031
    vertex -0.241481456572267 0.26 0.0957047612756304
  endloop
endfacet
facet normal 0.99144486137381 -1.5655693176401e-016 -0.130526192220052
  outer loop
    vertex -0.241481456572267 0.26 0.0957047612756304
    vertex -0.25 0.26 0.031
    vertex -0.242495807637518 0.26 0.088
  endloop
endfacet
facet normal -0.373666631820771 1.27087132295613e-018 0.927563069695921
  outer loop
    vertex 0.344439478686986 -0.26 0.385682857395829
    vertex 0.296124646547039 0.26 0.366219339299277
    vertex 0.296124646547039 -0.26 0.366219339299277
  endloop
endfacet
facet normal -0.373666631820771 1.27087132295613e-018 0.927563069695921
  outer loop
    vertex 0.296124646547039 0.26 0.366219339299277
    vertex 0.344439478686986 -0.26 0.385682857395829
    vertex 0.344439478686986 0.26 0.385682857395829
  endloop
endfacet
facet normal 0.160643224134141 -3.38081035602066e-019 -0.987012540214048
  outer loop
    vertex 0.296124646547039 0.26 0.366219339299277
    vertex 0.244713215067671 -0.26 0.357851767689289
    vertex 0.244713215067671 0.26 0.357851767689289
  endloop
endfacet
facet normal 0.160643224134141 -3.38081035602066e-019 -0.987012540214048
  outer loop
    vertex 0.244713215067671 -0.26 0.357851767689289
    vertex 0.296124646547039 0.26 0.366219339299277
    vertex 0.296124646547039 -0.26 0.366219339299277
  endloop
endfacet
facet normal -0.568412804414777 -0.0 0.82274351032222
  outer loop
    vertex 0.387294477871548 -0.26 0.415290298796551
    vertex 0.344439478686986 0.26 0.385682857395829
    vertex 0.344439478686986 -0.26 0.385682857395829
  endloop
endfacet
facet normal -0.568412804414777 -0.0 0.82274351032222
  outer loop
    vertex 0.344439478686986 0.26 0.385682857395829
    vertex 0.387294477871548 -0.26 0.415290298796551
    vertex 0.387294477871548 0.26 0.415290298796551
  endloop
endfacet
facet normal -0.735356081135192 0.0 0.677680923397947
  outer loop
    vertex 0.422593468450324 0.26 0.453593468450323
    vertex 0.387294477871548 -0.26 0.415290298796551
    vertex 0.422593468450324 -0.26 0.453593468450323
  endloop
endfacet
facet normal -0.735356081135192 0.0 0.677680923397947
  outer loop
    vertex 0.387294477871548 -0.26 0.415290298796551
    vertex 0.422593468450324 0.26 0.453593468450323
    vertex 0.387294477871548 0.26 0.415290298796551
  endloop
endfacet
facet normal -0.0602377595935502 1.2577014401276e-019 -0.998184057335695
  outer loop
    vertex 0.244713215067671 0.26 0.357851767689289
    vertex 0.192719882484092 -0.26 0.360989427368003
    vertex 0.192719882484092 0.26 0.360989427368003
  endloop
endfacet
facet normal -0.0602377595935502 1.2577014401276e-019 -0.998184057335695
  outer loop
    vertex 0.192719882484092 -0.26 0.360989427368003
    vertex 0.244713215067671 0.26 0.357851767689289
    vertex 0.244713215067671 -0.26 0.357851767689289
  endloop
endfacet
facet normal -4.00999945304111e-016 -3.22769785973556e-017 1.0
  outer loop
    vertex -5.69460761603519e-018 0.136 0.031
    vertex -0.00802339039817817 0.198 0.0299437006149611
    vertex -0.00802339039817817 0.136 0.0299437006149611
  endloop
endfacet
facet normal -0.258819045102522 -1.55650404403491e-017 0.965925826289068
  outer loop
    vertex -0.00802339039817817 0.198 0.0299437006149611
    vertex -5.69460761603519e-018 0.136 0.031
    vertex -5.69460761603522e-018 0.198 0.031
  endloop
endfacet
facet normal -0.278172321029852 0.0 -0.960531186278127
  outer loop
    vertex 0.192719882484092 0.26 0.360989427368003
    vertex 0.142687809683451 -0.26 0.375478845323099
    vertex 0.142687809683451 0.26 0.375478845323099
  endloop
endfacet
facet normal -0.278172321029852 0.0 -0.960531186278127
  outer loop
    vertex 0.142687809683451 -0.26 0.375478845323099
    vertex 0.192719882484092 0.26 0.360989427368003
    vertex 0.192719882484092 -0.26 0.360989427368003
  endloop
endfacet
facet normal -0.482500580819814 0.0 -0.875895649897031
  outer loop
    vertex 0.142687809683451 0.26 0.375478845323099
    vertex 0.0970642260378046 -0.26 0.400611297585756
    vertex 0.0970642260378046 0.26 0.400611297585756
  endloop
endfacet
facet normal -0.482500580819814 0.0 -0.875895649897031
  outer loop
    vertex 0.0970642260378046 -0.26 0.400611297585756
    vertex 0.142687809683451 0.26 0.375478845323099
    vertex 0.142687809683451 -0.26 0.375478845323099
  endloop
endfacet
facet normal -0.811515173438434 0.0 -0.584331347164593
  outer loop
    vertex 0.0276441223535122 0.26 0.477427613653274
    vertex 0.0580807275555945 -0.26 0.435157475196218
    vertex 0.0276441223535122 -0.26 0.477427613653274
  endloop
endfacet
facet normal -0.811515173438434 0.0 -0.584331347164593
  outer loop
    vertex 0.0580807275555945 -0.26 0.435157475196218
    vertex 0.0276441223535122 0.26 0.477427613653274
    vertex 0.0580807275555945 0.26 0.435157475196218
  endloop
endfacet
facet normal -0.663228187522288 0.0 -0.748417244106455
  outer loop
    vertex 0.0970642260378046 0.26 0.400611297585756
    vertex 0.0580807275555945 -0.26 0.435157475196218
    vertex 0.0580807275555945 0.26 0.435157475196218
  endloop
endfacet
facet normal -0.663228187522288 0.0 -0.748417244106455
  outer loop
    vertex 0.0580807275555945 -0.26 0.435157475196218
    vertex 0.0970642260378046 0.26 0.400611297585756
    vertex 0.0970642260378046 -0.26 0.400611297585756
  endloop
endfacet
facet normal -0.993252615424629 2.45704529710888e-007 -0.115970866824704
  outer loop
    vertex 0.507752181414512 0.091153995737882 0.167051780567797
    vertex 0.516982186774383 0.186 0.088
    vertex 0.516982186774383 0.09 0.088
  endloop
endfacet
facet normal -0.993252615424629 2.45704529710888e-007 -0.115970866824704
  outer loop
    vertex 0.516982186774383 0.186 0.088
    vertex 0.507752181414512 0.091153995737882 0.167051780567797
    vertex 0.507752226748488 0.186 0.167051799112361
  endloop
endfacet
facet normal -0.920108345823801 0.0 -0.39166392729659
  outer loop
    vertex 0.00724316254728502 0.26 0.525354144723139
    vertex 0.0276441223535122 -0.26 0.477427613653274
    vertex 0.00724316254728502 -0.26 0.525354144723139
  endloop
endfacet
facet normal -0.920108345823801 0.0 -0.39166392729659
  outer loop
    vertex 0.0276441223535122 -0.26 0.477427613653274
    vertex 0.00724316254728502 0.26 0.525354144723139
    vertex 0.0276441223535122 0.26 0.477427613653274
  endloop
endfacet
facet normal -4.00999945304111e-016 -3.22769785973556e-017 1.0
  outer loop
    vertex -5.69460761603519e-018 0.136 0.031
    vertex 0.00802339039817813 0.198 0.0299437006149611
    vertex -5.69460761603522e-018 0.198 0.031
  endloop
endfacet
facet normal 0.258819045102521 -1.67119381570065e-017 0.965925826289068
  outer loop
    vertex 0.00802339039817813 0.198 0.0299437006149611
    vertex -5.69460761603519e-018 0.136 0.031
    vertex 0.00802339039817813 0.136 0.0299437006149611
  endloop
endfacet
facet normal -0.793353340291236 0.0 -0.60876142900872
  outer loop
    vertex 0.19 0.26 0.190543749094404
    vertex 0.21650635094611 0.186 0.156
    vertex 0.19 0.186 0.190543749094404
  endloop
endfacet
facet normal -0.793353340291236 0.0 -0.60876142900872
  outer loop
    vertex 0.21650635094611 0.186 0.156
    vertex 0.19 0.26 0.190543749094404
    vertex 0.21650635094611 0.26 0.156
  endloop
endfacet
facet normal -0.60876142900872 -0.0 0.793353340291236
  outer loop
    vertex -0.298818707226367 -0.26 0.548569183168117
    vertex -0.422593468450323 0.26 0.453593468450323
    vertex -0.422593468450323 -0.26 0.453593468450323
  endloop
endfacet
facet normal -0.60876142900872 -0.0 0.793353340291236
  outer loop
    vertex -0.422593468450323 0.26 0.453593468450323
    vertex -0.298818707226367 -0.26 0.548569183168117
    vertex -0.298818707226367 0.26 0.548569183168117
  endloop
endfacet
facet normal -0.923879532511287 0.0 -0.38268343236509
  outer loop
    vertex 0.21650635094611 0.26 0.156
    vertex 0.241481456572267 0.186 0.0957047612756301
    vertex 0.21650635094611 0.186 0.156
  endloop
endfacet
facet normal -0.923879532511287 0.0 -0.38268343236509
  outer loop
    vertex 0.241481456572267 0.186 0.0957047612756301
    vertex 0.21650635094611 0.26 0.156
    vertex 0.241481456572267 0.26 0.0957047612756301
  endloop
endfacet
facet normal 0.0 0.0 -1.0
  outer loop
    vertex 0.0 0.19 1.3
    vertex -0.08 -0.19 1.3
    vertex -0.08 0.19 1.3
  endloop
endfacet
facet normal 0.0 0.0 -1.0
  outer loop
    vertex -0.08 -0.19 1.3
    vertex 0.0 0.19 1.3
    vertex 0.0 -0.19 1.3
  endloop
endfacet
facet normal 0.0 0.0 -1.0
  outer loop
    vertex 0.0 -0.19 1.3
    vertex 0.0 0.19 1.3
    vertex 0.0 0.0 1.3
  endloop
endfacet
facet normal -0.979939962739553 8.6126707130965e-017 0.199292923672679
  outer loop
    vertex -0.08 -0.19 1.3
    vertex -0.226749326076281 0.26 0.578421298272318
    vertex -0.226749326076281 -0.26 0.578421298272318
  endloop
endfacet
facet normal -0.979939962739553 8.6126707130965e-017 0.199292923672679
  outer loop
    vertex -0.226749326076281 0.26 0.578421298272318
    vertex -0.08 -0.19 1.3
    vertex -0.08 0.19 1.3
  endloop
endfacet
facet normal -0.923879532511286 0.0 0.382683432365091
  outer loop
    vertex -0.517569183168117 0.26 0.329818707226367
    vertex -0.577273413376519 -0.26 0.185679944926197
    vertex -0.517569183168117 -0.26 0.329818707226367
  endloop
endfacet
facet normal -0.923879532511286 0.0 0.382683432365091
  outer loop
    vertex -0.577273413376519 -0.26 0.185679944926197
    vertex -0.517569183168117 0.26 0.329818707226367
    vertex -0.577273413376519 0.26 0.185679944926197
  endloop
endfacet
facet normal -0.793353340291235 0.0 0.608761429008721
  outer loop
    vertex -0.422593468450323 0.26 0.453593468450323
    vertex -0.517569183168117 -0.26 0.329818707226367
    vertex -0.422593468450323 -0.26 0.453593468450323
  endloop
endfacet
facet normal -0.793353340291235 0.0 0.608761429008721
  outer loop
    vertex -0.517569183168117 -0.26 0.329818707226367
    vertex -0.422593468450323 0.26 0.453593468450323
    vertex -0.517569183168117 0.26 0.329818707226367
  endloop
endfacet
facet normal 0.0 0.0 -1.0
  outer loop
    vertex 0.43815231450481 0.0175910767006738 0.088
    vertex 0.43815231450481 -0.0175910767006738 0.088
    vertex 0.436982186774383 0.0 0.088
  endloop
endfacet
facet normal 0.0 0.0 -1.0
  outer loop
    vertex 0.43815231450481 -0.0175910767006738 0.088
    vertex 0.43815231450481 0.0175910767006738 0.088
    vertex 0.441642079171394 0.0348721854893587 0.088
  endloop
endfacet
facet normal 0.0 0.0 -1.0
  outer loop
    vertex 0.43815231450481 -0.0175910767006738 0.088
    vertex 0.441642079171394 0.0348721854893587 0.088
    vertex 0.441642079171394 -0.0348721854893587 0.088
  endloop
endfacet
facet normal 0.0 0.0 -1.0
  outer loop
    vertex 0.441642079171394 -0.0348721854893587 0.088
    vertex 0.441642079171394 0.0348721854893587 0.088
    vertex 0.447389988513859 0.0515388203202208 0.088
  endloop
endfacet
facet normal 0.0 0.0 -1.0
  outer loop
    vertex 0.441642079171394 -0.0348721854893587 0.088
    vertex 0.447389988513859 0.0515388203202208 0.088
    vertex 0.447389988513859 -0.0515388203202208 0.088
  endloop
endfacet
facet normal 0.0 0.0 -1.0
  outer loop
    vertex 0.447389988513859 -0.0515388203202208 0.088
    vertex 0.447389988513859 0.0515388203202208 0.088
    vertex 0.455294760075906 0.0672973026375747 0.088
  endloop
endfacet
facet normal 0.0 0.0 -1.0
  outer loop
    vertex 0.447389988513859 -0.0515388203202208 0.088
    vertex 0.455294760075906 0.0672973026375747 0.088
    vertex 0.455294760075906 -0.0672973026375747 0.088
  endloop
endfacet
facet normal 0.0 0.0 -1.0
  outer loop
    vertex 0.455294760075906 -0.0672973026375747 0.088
    vertex 0.455294760075906 0.0672973026375747 0.088
    vertex 0.465217105877752 0.0818699562114124 0.088
  endloop
endfacet
facet normal 0.0 0.0 -1.0
  outer loop
    vertex 0.455294760075906 -0.0672973026375747 0.088
    vertex 0.465217105877752 0.0818699562114124 0.088
    vertex 0.465217105877752 -0.0818699562114124 0.088
  endloop
endfacet
facet normal 0.0 0.0 -1.0
  outer loop
    vertex 0.465217105877752 -0.0818699562114124 0.088
    vertex 0.465217105877752 0.0818699562114124 0.088
    vertex 0.476982186774383 0.095 0.088
  endloop
endfacet
facet normal 0.0 0.0 -1.0
  outer loop
    vertex 0.465217105877752 -0.0818699562114124 0.088
    vertex 0.476982186774383 0.095 0.088
    vertex 0.476982186774383 -0.095 0.088
  endloop
endfacet
facet normal 0.0 0.0 -1.0
  outer loop
    vertex 0.476982186774383 -0.095 0.088
    vertex 0.476982186774383 0.095 0.088
    vertex 0.516982186774383 0.09 0.088
  endloop
endfacet
facet normal 0.0 0.0 -1.0
  outer loop
    vertex 0.476982186774383 -0.095 0.088
    vertex 0.516982186774383 0.09 0.088
    vertex 0.516982186774383 -0.09 0.088
  endloop
endfacet
facet normal -0.382683432365088 2.06894824619784e-016 0.923879532511287
  outer loop
    vertex -0.226749326076281 -0.26 0.578421298272318
    vertex -0.298818707226367 0.26 0.548569183168117
    vertex -0.298818707226367 -0.26 0.548569183168117
  endloop
endfacet
facet normal -0.382683432365088 2.06894824619784e-016 0.923879532511287
  outer loop
    vertex -0.298818707226367 0.26 0.548569183168117
    vertex -0.226749326076281 -0.26 0.578421298272318
    vertex -0.226749326076281 0.26 0.578421298272318
  endloop
endfacet
facet normal 0.793353340291235 -0.0 -0.608761429008721
  outer loop
    vertex -0.21650635094611 0.26 0.156
    vertex -0.19 0.186 0.190543749094404
    vertex -0.21650635094611 0.186 0.156
  endloop
endfacet
facet normal 0.793353340291235 -0.0 -0.608761429008721
  outer loop
    vertex -0.19 0.186 0.190543749094404
    vertex -0.21650635094611 0.26 0.156
    vertex -0.19 0.26 0.190543749094404
  endloop
endfacet
facet normal 0.793353340291236 -0.0 0.60876142900872
  outer loop
    vertex 0.517569183168117 0.26 0.329818707226367
    vertex 0.422593468450324 -0.26 0.453593468450323
    vertex 0.517569183168117 -0.26 0.329818707226367
  endloop
endfacet
facet normal 0.793353340291236 -0.0 0.60876142900872
  outer loop
    vertex 0.422593468450324 -0.26 0.453593468450323
    vertex 0.517569183168117 0.26 0.329818707226367
    vertex 0.422593468450324 0.26 0.453593468450323
  endloop
endfacet
facet normal -0.382683432365089 -0.0 0.923879532511287
  outer loop
    vertex -0.0647047612756301 0.136 0.272481456572267
    vertex -0.125 0.26 0.24750635094611
    vertex -0.125 0.136 0.24750635094611
  endloop
endfacet
facet normal -0.382683432365089 -0.0 0.923879532511287
  outer loop
    vertex -0.125 0.26 0.24750635094611
    vertex -0.0647047612756301 0.136 0.272481456572267
    vertex -0.0647047612756301 0.26 0.272481456572267
  endloop
endfacet
facet normal 0.923879532511287 -0.0 0.38268343236509
  outer loop
    vertex 0.577273413376519 0.26 0.185679944926196
    vertex 0.517569183168117 -0.26 0.329818707226367
    vertex 0.577273413376519 -0.26 0.185679944926196
  endloop
endfacet
facet normal 0.923879532511287 -0.0 0.38268343236509
  outer loop
    vertex 0.517569183168117 -0.26 0.329818707226367
    vertex 0.577273413376519 0.26 0.185679944926196
    vertex 0.517569183168117 0.26 0.329818707226367
  endloop
endfacet
facet normal 0.124034734589209 -0.992277876713668 1.43810571570721e-017
  outer loop
    vertex 0.507757822168865 -0.0911530455756897 0.167054117305176
    vertex 0.476982186774383 -0.095 0.088
    vertex 0.516982186774383 -0.09 0.088
  endloop
endfacet
facet normal 0.124034734589209 -0.992277876713668 1.43810571570721e-017
  outer loop
    vertex 0.476982186774383 -0.095 0.088
    vertex 0.507757822168865 -0.0911530455756897 0.167054117305176
    vertex 0.476982186774383 -0.095 0.241337246932608
  endloop
endfacet
facet normal 0.923879532511287 -0.0 -0.382683432365091
  outer loop
    vertex -0.241481456572267 0.26 0.0957047612756304
    vertex -0.21650635094611 0.186 0.156
    vertex -0.241481456572267 0.186 0.0957047612756304
  endloop
endfacet
facet normal 0.923879532511287 -0.0 -0.382683432365091
  outer loop
    vertex -0.21650635094611 0.186 0.156
    vertex -0.241481456572267 0.26 0.0957047612756304
    vertex -0.21650635094611 0.26 0.156
  endloop
endfacet
facet normal -0.608761429008721 -0.0 0.793353340291235
  outer loop
    vertex -0.125 0.136 0.24750635094611
    vertex -0.176776695296637 0.26 0.207776695296637
    vertex -0.176776695296637 0.136 0.207776695296637
  endloop
endfacet
facet normal -0.608761429008721 -0.0 0.793353340291235
  outer loop
    vertex -0.176776695296637 0.26 0.207776695296637
    vertex -0.125 0.136 0.24750635094611
    vertex -0.125 0.26 0.24750635094611
  endloop
endfacet
facet normal 0.793353340291235 -5.95100395052568e-017 -0.608761429008721
  outer loop
    vertex -0.19 0.186 0.190543749094404
    vertex -0.176776695296637 0.136 0.207776695296637
    vertex -0.19 0.136 0.190543749094404
  endloop
endfacet
facet normal 0.793353340291235 -5.95100395052568e-017 -0.608761429008721
  outer loop
    vertex -0.176776695296637 0.136 0.207776695296637
    vertex -0.19 0.186 0.190543749094404
    vertex -0.176776695296637 0.26 0.207776695296637
  endloop
endfacet
facet normal 0.793353340291235 -5.95100395052568e-017 -0.608761429008721
  outer loop
    vertex -0.176776695296637 0.26 0.207776695296637
    vertex -0.19 0.186 0.190543749094404
    vertex -0.19 0.26 0.190543749094404
  endloop
endfacet
facet normal 0.923879532511286 2.77952742632987e-016 -0.382683432365092
  outer loop
    vertex -0.507752226748488 0.186 0.167051799112363
    vertex -0.455238192441406 -0.186 0.293831892951445
    vertex -0.507752226748488 -0.186 0.167051799112363
  endloop
endfacet
facet normal 0.923879532511286 2.77952742632987e-016 -0.382683432365092
  outer loop
    vertex -0.455238192441406 -0.186 0.293831892951445
    vertex -0.507752226748488 0.186 0.167051799112363
    vertex -0.455238192441406 0.186 0.293831892951445
  endloop
endfacet
facet normal -0.130526192220052 -0.0 0.99144486137381
  outer loop
    vertex 4.5102810375397e-017 0.136 0.281
    vertex -0.0647047612756301 0.26 0.272481456572267
    vertex -0.0647047612756301 0.136 0.272481456572267
  endloop
endfacet
facet normal -0.130526192220052 -0.0 0.99144486137381
  outer loop
    vertex -0.0647047612756301 0.26 0.272481456572267
    vertex 4.5102810375397e-017 0.136 0.281
    vertex 4.5102810375397e-017 0.26 0.281
  endloop
endfacet
facet normal -0.793353340291235 0.0 -0.60876142900872
  outer loop
    vertex 0.19 -0.186 0.190543749094404
    vertex 0.21650635094611 -0.26 0.156
    vertex 0.19 -0.26 0.190543749094404
  endloop
endfacet
facet normal -0.793353340291235 0.0 -0.60876142900872
  outer loop
    vertex 0.21650635094611 -0.26 0.156
    vertex 0.19 -0.186 0.190543749094404
    vertex 0.21650635094611 -0.186 0.156
  endloop
endfacet
facet normal 0.130526192220053 -0.0 0.99144486137381
  outer loop
    vertex 0.0647047612756304 0.136 0.272481456572267
    vertex 4.5102810375397e-017 0.26 0.281
    vertex 4.5102810375397e-017 0.136 0.281
  endloop
endfacet
facet normal 0.130526192220053 -0.0 0.99144486137381
  outer loop
    vertex 4.5102810375397e-017 0.26 0.281
    vertex 0.0647047612756304 0.136 0.272481456572267
    vertex 0.0647047612756304 0.26 0.272481456572267
  endloop
endfacet
facet normal -0.923879532511287 0.0 -0.38268343236509
  outer loop
    vertex 0.21650635094611 -0.186 0.156
    vertex 0.241481456572267 -0.26 0.0957047612756303
    vertex 0.21650635094611 -0.26 0.156
  endloop
endfacet
facet normal -0.923879532511287 0.0 -0.38268343236509
  outer loop
    vertex 0.241481456572267 -0.26 0.0957047612756303
    vertex 0.21650635094611 -0.186 0.156
    vertex 0.241481456572267 -0.186 0.0957047612756303
  endloop
endfacet
facet normal 0.38268343236509 -0.0 0.923879532511287
  outer loop
    vertex 0.125 0.136 0.24750635094611
    vertex 0.0647047612756304 0.26 0.272481456572267
    vertex 0.0647047612756304 0.136 0.272481456572267
  endloop
endfacet
facet normal 0.38268343236509 -0.0 0.923879532511287
  outer loop
    vertex 0.0647047612756304 0.26 0.272481456572267
    vertex 0.125 0.136 0.24750635094611
    vertex 0.125 0.26 0.24750635094611
  endloop
endfacet
facet normal 0.793353340291235 2.38683431173746e-016 -0.608761429008721
  outer loop
    vertex -0.455238192441406 0.186 0.293831892951445
    vertex -0.371700427636127 -0.186 0.402700427636126
    vertex -0.455238192441406 -0.186 0.293831892951445
  endloop
endfacet
facet normal 0.793353340291235 2.38683431173746e-016 -0.608761429008721
  outer loop
    vertex -0.371700427636127 -0.186 0.402700427636126
    vertex -0.455238192441406 0.186 0.293831892951445
    vertex -0.371700427636127 0.186 0.402700427636126
  endloop
endfacet
facet normal 0.608761429008721 -0.0 0.793353340291235
  outer loop
    vertex 0.176776695296637 0.136 0.207776695296637
    vertex 0.125 0.26 0.24750635094611
    vertex 0.125 0.136 0.24750635094611
  endloop
endfacet
facet normal 0.608761429008721 -0.0 0.793353340291235
  outer loop
    vertex 0.125 0.26 0.24750635094611
    vertex 0.176776695296637 0.136 0.207776695296637
    vertex 0.176776695296637 0.26 0.207776695296637
  endloop
endfacet
facet normal -0.99144486137381 -1.61775496156145e-016 -0.130526192220051
  outer loop
    vertex 0.241481456572267 -0.186 0.0957047612756303
    vertex 0.242495807637518 -0.26 0.088
    vertex 0.241481456572267 -0.26 0.0957047612756303
  endloop
endfacet
facet normal -0.99144486137381 -1.61775496156145e-016 -0.130526192220051
  outer loop
    vertex 0.242495807637518 -0.26 0.088
    vertex 0.241481456572267 -0.186 0.0957047612756303
    vertex 0.25 -0.26 0.031
  endloop
endfacet
facet normal -0.99144486137381 -1.61775496156145e-016 -0.130526192220051
  outer loop
    vertex 0.25 -0.26 0.031
    vertex 0.241481456572267 -0.186 0.0957047612756303
    vertex 0.25 -0.186 0.031
  endloop
endfacet
facet normal -0.793353340291235 0.0 -0.608761429008721
  outer loop
    vertex 0.176776695296637 0.26 0.207776695296637
    vertex 0.19 0.136 0.190543749094404
    vertex 0.176776695296637 0.136 0.207776695296637
  endloop
endfacet
facet normal -0.793353340291235 0.0 -0.608761429008721
  outer loop
    vertex 0.19 0.136 0.190543749094404
    vertex 0.176776695296637 0.26 0.207776695296637
    vertex 0.19 0.186 0.190543749094404
  endloop
endfacet
facet normal -0.793353340291235 0.0 -0.608761429008721
  outer loop
    vertex 0.19 0.186 0.190543749094404
    vertex 0.176776695296637 0.26 0.207776695296637
    vertex 0.19 0.26 0.190543749094404
  endloop
endfacet
facet normal 0.793353340291235 -0.0 -0.608761429008721
  outer loop
    vertex -0.21650635094611 -0.186 0.156
    vertex -0.19 -0.26 0.190543749094404
    vertex -0.21650635094611 -0.26 0.156
  endloop
endfacet
facet normal 0.793353340291235 -0.0 -0.608761429008721
  outer loop
    vertex -0.19 -0.26 0.190543749094404
    vertex -0.21650635094611 -0.186 0.156
    vertex -0.19 -0.186 0.190543749094404
  endloop
endfacet
facet normal 0.923879532511287 -0.0 -0.38268343236509
  outer loop
    vertex -0.241481456572267 -0.186 0.0957047612756302
    vertex -0.21650635094611 -0.26 0.156
    vertex -0.241481456572267 -0.26 0.0957047612756302
  endloop
endfacet
facet normal 0.923879532511287 -0.0 -0.38268343236509
  outer loop
    vertex -0.21650635094611 -0.26 0.156
    vertex -0.241481456572267 -0.186 0.0957047612756302
    vertex -0.21650635094611 -0.186 0.156
  endloop
endfacet
facet normal 0.99144486137381 -0.0 -0.130526192220052
  outer loop
    vertex -0.25 -0.186 0.031
    vertex -0.242495807637518 -0.26 0.088
    vertex -0.25 -0.26 0.031
  endloop
endfacet
facet normal 0.99144486137381 -0.0 -0.130526192220052
  outer loop
    vertex -0.242495807637518 -0.26 0.088
    vertex -0.25 -0.186 0.031
    vertex -0.241481456572267 -0.26 0.0957047612756302
  endloop
endfacet
facet normal 0.99144486137381 -0.0 -0.130526192220052
  outer loop
    vertex -0.241481456572267 -0.26 0.0957047612756302
    vertex -0.25 -0.186 0.031
    vertex -0.241481456572267 -0.186 0.0957047612756302
  endloop
endfacet
facet normal -0.793353340291234 6.86805893711381e-017 -0.608761429008722
  outer loop
    vertex 0.176776695296637 -0.136 0.207776695296637
    vertex 0.19 -0.26 0.190543749094404
    vertex 0.176776695296637 -0.26 0.207776695296637
  endloop
endfacet
facet normal -0.793353340291234 6.86805893711381e-017 -0.608761429008722
  outer loop
    vertex 0.19 -0.26 0.190543749094404
    vertex 0.176776695296637 -0.136 0.207776695296637
    vertex 0.19 -0.186 0.190543749094404
  endloop
endfacet
facet normal -0.793353340291234 6.86805893711381e-017 -0.608761429008722
  outer loop
    vertex 0.19 -0.186 0.190543749094404
    vertex 0.176776695296637 -0.136 0.207776695296637
    vertex 0.19 -0.136 0.190543749094404
  endloop
endfacet
facet normal -0.0 1.0 -0.0
  outer loop
    vertex -0.507752226748488 -0.186 0.167051799112363
    vertex -0.342495807637519 -0.186 0.088
    vertex -0.518159593540407 -0.186 0.088
  endloop
endfacet
facet normal -0.0 1.0 -0.0
  outer loop
    vertex -0.342495807637519 -0.186 0.088
    vertex -0.507752226748488 -0.186 0.167051799112363
    vertex -0.241481456572267 -0.186 0.0957047612756302
  endloop
endfacet
facet normal -0.0 1.0 -0.0
  outer loop
    vertex -0.241481456572267 -0.186 0.0957047612756302
    vertex -0.507752226748488 -0.186 0.167051799112363
    vertex -0.21650635094611 -0.186 0.156
  endloop
endfacet
facet normal -0.0 1.0 -0.0
  outer loop
    vertex -0.21650635094611 -0.186 0.156
    vertex -0.507752226748488 -0.186 0.167051799112363
    vertex -0.19 -0.186 0.190543749094404
  endloop
endfacet
facet normal -0.0 1.0 -0.0
  outer loop
    vertex -0.19 -0.186 0.190543749094404
    vertex -0.507752226748488 -0.186 0.167051799112363
    vertex -0.455238192441406 -0.186 0.293831892951445
  endloop
endfacet
facet normal -0.0 1.0 -0.0
  outer loop
    vertex -0.19 -0.186 0.190543749094404
    vertex -0.455238192441406 -0.186 0.293831892951445
    vertex -0.19 -0.186 0.5164061502752
  endloop
endfacet
facet normal -0.0 1.0 -0.0
  outer loop
    vertex -0.19 -0.186 0.5164061502752
    vertex -0.455238192441406 -0.186 0.293831892951445
    vertex -0.371700427636127 -0.186 0.402700427636126
  endloop
endfacet
facet normal -0.0 1.0 -0.0
  outer loop
    vertex -0.19 -0.186 0.5164061502752
    vertex -0.371700427636127 -0.186 0.402700427636126
    vertex -0.262831892951444 -0.186 0.486238192441406
  endloop
endfacet
facet normal -0.0 1.0 -0.0
  outer loop
    vertex -0.342495807637519 -0.186 0.0755
    vertex -0.241481456572267 -0.186 0.0957047612756302
    vertex -0.25 -0.186 0.031
  endloop
endfacet
facet normal -0.0 1.0 -0.0
  outer loop
    vertex -0.241481456572267 -0.186 0.0957047612756302
    vertex -0.342495807637519 -0.186 0.0755
    vertex -0.342495807637519 -0.186 0.088
  endloop
endfacet
facet normal 0.0 -1.0 0.0
  outer loop
    vertex 0.0 -0.136 -0.039
    vertex 0.00802339039817815 -0.136 -0.0299437006149611
    vertex 8.78158529135437e-018 -0.136 -0.031
  endloop
endfacet
facet normal 0.0 -1.0 0.0
  outer loop
    vertex 0.00802339039817815 -0.136 -0.0299437006149611
    vertex 0.0 -0.136 -0.039
    vertex 0.19 -0.136 0.031
  endloop
endfacet
facet normal 0.0 -1.0 0.0
  outer loop
    vertex 0.00802339039817815 -0.136 -0.0299437006149611
    vertex 0.19 -0.136 0.031
    vertex 0.0155 -0.136 -0.0268467875173176
  endloop
endfacet
facet normal 0.0 -1.0 0.0
  outer loop
    vertex 0.0155 -0.136 -0.0268467875173176
    vertex 0.19 -0.136 0.031
    vertex 0.021920310216783 -0.136 -0.021920310216783
  endloop
endfacet
facet normal 0.0 -1.0 0.0
  outer loop
    vertex 0.021920310216783 -0.136 -0.021920310216783
    vertex 0.19 -0.136 0.031
    vertex 0.0268467875173176 -0.136 -0.0155
  endloop
endfacet
facet normal 0.0 -1.0 0.0
  outer loop
    vertex 0.0268467875173176 -0.136 -0.0155
    vertex 0.19 -0.136 0.031
    vertex 0.0299437006149611 -0.136 -0.00802339039817814
  endloop
endfacet
facet normal 0.0 -1.0 0.0
  outer loop
    vertex 0.0299437006149611 -0.136 -0.00802339039817814
    vertex 0.19 -0.136 0.031
    vertex 0.031 -0.136 6.26598721761213e-017
  endloop
endfacet
facet normal 0.0 -1.0 0.0
  outer loop
    vertex 0.031 -0.136 6.26598721761213e-017
    vertex 0.19 -0.136 0.031
    vertex 0.0299437006149611 -0.136 0.0080233903981782
  endloop
endfacet
facet normal 0.0 -1.0 0.0
  outer loop
    vertex 0.0299437006149611 -0.136 0.0080233903981782
    vertex 0.19 -0.136 0.031
    vertex 0.0268467875173176 -0.136 0.0155
  endloop
endfacet
facet normal 0.0 -1.0 0.0
  outer loop
    vertex 0.0268467875173176 -0.136 0.0155
    vertex 0.19 -0.136 0.031
    vertex 0.021920310216783 -0.136 0.021920310216783
  endloop
endfacet
facet normal 0.0 -1.0 0.0
  outer loop
    vertex 0.021920310216783 -0.136 0.021920310216783
    vertex 0.19 -0.136 0.031
    vertex 0.0155 -0.136 0.0268467875173176
  endloop
endfacet
facet normal 0.0 -1.0 0.0
  outer loop
    vertex 0.0155 -0.136 0.0268467875173176
    vertex 0.19 -0.136 0.031
    vertex 0.00802339039817813 -0.136 0.0299437006149611
  endloop
endfacet
facet normal 0.0 -1.0 0.0
  outer loop
    vertex 0.00802339039817813 -0.136 0.0299437006149611
    vertex 0.19 -0.136 0.031
    vertex -5.69460761603519e-018 -0.136 0.031
  endloop
endfacet
facet normal 0.0 -1.0 0.0
  outer loop
    vertex -5.69460761603519e-018 -0.136 0.031
    vertex 0.19 -0.136 0.031
    vertex 0.19 -0.136 0.190543749094404
  endloop
endfacet
facet normal 0.0 -1.0 0.0
  outer loop
    vertex -5.69460761603519e-018 -0.136 0.031
    vertex 0.19 -0.136 0.190543749094404
    vertex -0.19 -0.136 0.031
  endloop
endfacet
facet normal 0.0 -1.0 0.0
  outer loop
    vertex -0.19 -0.136 0.031
    vertex 0.19 -0.136 0.190543749094404
    vertex -0.19 -0.136 0.190543749094404
  endloop
endfacet
facet normal 0.0 -1.0 0.0
  outer loop
    vertex -0.19 -0.136 0.190543749094404
    vertex 0.19 -0.136 0.190543749094404
    vertex -0.176776695296637 -0.136 0.207776695296637
  endloop
endfacet
facet normal 0.0 -1.0 0.0
  outer loop
    vertex -0.176776695296637 -0.136 0.207776695296637
    vertex 0.19 -0.136 0.190543749094404
    vertex 0.176776695296637 -0.136 0.207776695296637
  endloop
endfacet
facet normal 0.0 -1.0 0.0
  outer loop
    vertex -0.176776695296637 -0.136 0.207776695296637
    vertex 0.176776695296637 -0.136 0.207776695296637
    vertex -0.125 -0.136 0.24750635094611
  endloop
endfacet
facet normal 0.0 -1.0 0.0
  outer loop
    vertex -0.125 -0.136 0.24750635094611
    vertex 0.176776695296637 -0.136 0.207776695296637
    vertex 0.125 -0.136 0.24750635094611
  endloop
endfacet
facet normal 0.0 -1.0 0.0
  outer loop
    vertex -0.125 -0.136 0.24750635094611
    vertex 0.125 -0.136 0.24750635094611
    vertex -0.0647047612756302 -0.136 0.272481456572267
  endloop
endfacet
facet normal 0.0 -1.0 0.0
  outer loop
    vertex -0.0647047612756302 -0.136 0.272481456572267
    vertex 0.125 -0.136 0.24750635094611
    vertex 0.0647047612756301 -0.136 0.272481456572267
  endloop
endfacet
facet normal 0.0 -1.0 0.0
  outer loop
    vertex -0.0647047612756302 -0.136 0.272481456572267
    vertex 0.0647047612756301 -0.136 0.272481456572267
    vertex -1.73472347597681e-017 -0.136 0.281
  endloop
endfacet
facet normal 0.0 -1.0 0.0
  outer loop
    vertex 0.0 -0.136 -0.039
    vertex -0.00802339039817813 -0.136 -0.0299437006149611
    vertex -0.19 -0.136 0.031
  endloop
endfacet
facet normal 0.0 -1.0 0.0
  outer loop
    vertex -0.00802339039817813 -0.136 -0.0299437006149611
    vertex 0.0 -0.136 -0.039
    vertex 8.78158529135437e-018 -0.136 -0.031
  endloop
endfacet
facet normal 0.0 -1.0 0.0
  outer loop
    vertex -0.19 -0.136 0.031
    vertex -0.00802339039817813 -0.136 -0.0299437006149611
    vertex -0.0155 -0.136 -0.0268467875173176
  endloop
endfacet
facet normal 0.0 -1.0 0.0
  outer loop
    vertex -0.19 -0.136 0.031
    vertex -0.0155 -0.136 -0.0268467875173176
    vertex -0.021920310216783 -0.136 -0.021920310216783
  endloop
endfacet
facet normal 0.0 -1.0 0.0
  outer loop
    vertex -0.19 -0.136 0.031
    vertex -0.021920310216783 -0.136 -0.021920310216783
    vertex -0.0268467875173176 -0.136 -0.0155
  endloop
endfacet
facet normal 0.0 -1.0 0.0
  outer loop
    vertex -0.19 -0.136 0.031
    vertex -0.0268467875173176 -0.136 -0.0155
    vertex -0.0299437006149611 -0.136 -0.00802339039817814
  endloop
endfacet
facet normal 0.0 -1.0 0.0
  outer loop
    vertex -0.19 -0.136 0.031
    vertex -0.0299437006149611 -0.136 -0.00802339039817814
    vertex -0.031 -0.136 9.97036042799515e-018
  endloop
endfacet
facet normal 0.0 -1.0 0.0
  outer loop
    vertex -0.19 -0.136 0.031
    vertex -0.031 -0.136 9.97036042799515e-018
    vertex -0.0299437006149611 -0.136 0.00802339039817816
  endloop
endfacet
facet normal 0.0 -1.0 0.0
  outer loop
    vertex -0.19 -0.136 0.031
    vertex -0.0299437006149611 -0.136 0.00802339039817816
    vertex -0.0268467875173176 -0.136 0.0155
  endloop
endfacet
facet normal 0.0 -1.0 0.0
  outer loop
    vertex -0.19 -0.136 0.031
    vertex -0.0268467875173176 -0.136 0.0155
    vertex -0.021920310216783 -0.136 0.021920310216783
  endloop
endfacet
facet normal 0.0 -1.0 0.0
  outer loop
    vertex -0.19 -0.136 0.031
    vertex -0.021920310216783 -0.136 0.021920310216783
    vertex -0.0155 -0.136 0.0268467875173176
  endloop
endfacet
facet normal 0.0 -1.0 0.0
  outer loop
    vertex -0.19 -0.136 0.031
    vertex -0.0155 -0.136 0.0268467875173176
    vertex -0.00802339039817814 -0.136 0.0299437006149611
  endloop
endfacet
facet normal 0.0 -1.0 0.0
  outer loop
    vertex -0.19 -0.136 0.031
    vertex -0.00802339039817814 -0.136 0.0299437006149611
    vertex -5.69460761603519e-018 -0.136 0.031
  endloop
endfacet
facet normal -0.923922342496343 0.000161849086154208 -0.382580029328431
  outer loop
    vertex 0.455294760075906 -0.0672973026375747 0.293831892951445
    vertex 0.507752226748488 -0.186 0.167051799112361
    vertex 0.455238192441406 -0.186 0.293831892951445
  endloop
endfacet
facet normal -0.923922342496343 0.000161849086154208 -0.382580029328431
  outer loop
    vertex 0.507752226748488 -0.186 0.167051799112361
    vertex 0.455294760075906 -0.0672973026375747 0.293831892951445
    vertex 0.465217105877752 -0.0818699562114124 0.269740664795671
  endloop
endfacet
facet normal -0.923922342496343 0.000161849086154208 -0.382580029328431
  outer loop
    vertex 0.507752226748488 -0.186 0.167051799112361
    vertex 0.465217105877752 -0.0818699562114124 0.269740664795671
    vertex 0.476982186774383 -0.095 0.241337246932608
  endloop
endfacet
facet normal -0.923922342496343 0.000161849086154208 -0.382580029328431
  outer loop
    vertex 0.507757822168865 -0.0911530455756897 0.167054117305176
    vertex 0.507752226748488 -0.186 0.167051799112361
    vertex 0.476982186774383 -0.095 0.241337246932608
  endloop
endfacet
facet normal -0.60876142900872 0.0 -0.793353340291236
  outer loop
    vertex 0.176776695296637 -0.136 0.207776695296637
    vertex 0.125 -0.26 0.24750635094611
    vertex 0.125 -0.136 0.24750635094611
  endloop
endfacet
facet normal -0.60876142900872 0.0 -0.793353340291236
  outer loop
    vertex 0.125 -0.26 0.24750635094611
    vertex 0.176776695296637 -0.136 0.207776695296637
    vertex 0.176776695296637 -0.26 0.207776695296637
  endloop
endfacet
facet normal -0.0 1.0 -0.0
  outer loop
    vertex 0.0 0.136 -0.039
    vertex -0.00802339039817814 0.136 -0.0299437006149611
    vertex 1.8982025386784e-018 0.136 -0.031
  endloop
endfacet
facet normal -0.0 1.0 -0.0
  outer loop
    vertex -0.00802339039817814 0.136 -0.0299437006149611
    vertex 0.0 0.136 -0.039
    vertex -0.19 0.136 0.031
  endloop
endfacet
facet normal -0.0 1.0 -0.0
  outer loop
    vertex -0.00802339039817814 0.136 -0.0299437006149611
    vertex -0.19 0.136 0.031
    vertex -0.0155 0.136 -0.0268467875173176
  endloop
endfacet
facet normal -0.0 1.0 -0.0
  outer loop
    vertex -0.0155 0.136 -0.0268467875173176
    vertex -0.19 0.136 0.031
    vertex -0.021920310216783 0.136 -0.021920310216783
  endloop
endfacet
facet normal -0.0 1.0 -0.0
  outer loop
    vertex -0.021920310216783 0.136 -0.021920310216783
    vertex -0.19 0.136 0.031
    vertex -0.0268467875173176 0.136 -0.0155
  endloop
endfacet
facet normal -0.0 1.0 -0.0
  outer loop
    vertex -0.0268467875173176 0.136 -0.0155
    vertex -0.19 0.136 0.031
    vertex -0.0299437006149611 0.136 -0.00802339039817815
  endloop
endfacet
facet normal -0.0 1.0 -0.0
  outer loop
    vertex -0.0299437006149611 0.136 -0.00802339039817815
    vertex -0.19 0.136 0.031
    vertex -0.031 0.136 -3.7964050773568e-018
  endloop
endfacet
facet normal -0.0 1.0 -0.0
  outer loop
    vertex -0.031 0.136 -3.7964050773568e-018
    vertex -0.19 0.136 0.031
    vertex -0.0299437006149611 0.136 0.00802339039817813
  endloop
endfacet
facet normal -0.0 1.0 -0.0
  outer loop
    vertex -0.0299437006149611 0.136 0.00802339039817813
    vertex -0.19 0.136 0.031
    vertex -0.0268467875173176 0.136 0.0155
  endloop
endfacet
facet normal -0.0 1.0 -0.0
  outer loop
    vertex -0.0268467875173176 0.136 0.0155
    vertex -0.19 0.136 0.031
    vertex -0.021920310216783 0.136 0.021920310216783
  endloop
endfacet
facet normal -0.0 1.0 -0.0
  outer loop
    vertex -0.021920310216783 0.136 0.021920310216783
    vertex -0.19 0.136 0.031
    vertex -0.0155 0.136 0.0268467875173176
  endloop
endfacet
facet normal -0.0 1.0 -0.0
  outer loop
    vertex -0.0155 0.136 0.0268467875173176
    vertex -0.19 0.136 0.031
    vertex -0.00802339039817817 0.136 0.0299437006149611
  endloop
endfacet
facet normal -0.0 1.0 -0.0
  outer loop
    vertex -0.00802339039817817 0.136 0.0299437006149611
    vertex -0.19 0.136 0.031
    vertex -5.69460761603519e-018 0.136 0.031
  endloop
endfacet
facet normal -0.0 1.0 -0.0
  outer loop
    vertex -5.69460761603519e-018 0.136 0.031
    vertex -0.19 0.136 0.031
    vertex -0.19 0.136 0.190543749094404
  endloop
endfacet
facet normal -0.0 1.0 -0.0
  outer loop
    vertex -5.69460761603519e-018 0.136 0.031
    vertex -0.19 0.136 0.190543749094404
    vertex 0.19 0.136 0.031
  endloop
endfacet
facet normal -0.0 1.0 -0.0
  outer loop
    vertex 0.19 0.136 0.031
    vertex -0.19 0.136 0.190543749094404
    vertex 0.19 0.136 0.190543749094404
  endloop
endfacet
facet normal -0.0 1.0 -0.0
  outer loop
    vertex 0.19 0.136 0.190543749094404
    vertex -0.19 0.136 0.190543749094404
    vertex -0.176776695296637 0.136 0.207776695296637
  endloop
endfacet
facet normal -0.0 1.0 -0.0
  outer loop
    vertex 0.19 0.136 0.190543749094404
    vertex -0.176776695296637 0.136 0.207776695296637
    vertex 0.176776695296637 0.136 0.207776695296637
  endloop
endfacet
facet normal -0.0 1.0 -0.0
  outer loop
    vertex 0.176776695296637 0.136 0.207776695296637
    vertex -0.176776695296637 0.136 0.207776695296637
    vertex 0.125 0.136 0.24750635094611
  endloop
endfacet
facet normal -0.0 1.0 -0.0
  outer loop
    vertex 0.125 0.136 0.24750635094611
    vertex -0.176776695296637 0.136 0.207776695296637
    vertex -0.125 0.136 0.24750635094611
  endloop
endfacet
facet normal -0.0 1.0 -0.0
  outer loop
    vertex 0.125 0.136 0.24750635094611
    vertex -0.125 0.136 0.24750635094611
    vertex 0.0647047612756304 0.136 0.272481456572267
  endloop
endfacet
facet normal -0.0 1.0 -0.0
  outer loop
    vertex 0.0647047612756304 0.136 0.272481456572267
    vertex -0.125 0.136 0.24750635094611
    vertex -0.0647047612756301 0.136 0.272481456572267
  endloop
endfacet
facet normal -0.0 1.0 -0.0
  outer loop
    vertex 0.0647047612756304 0.136 0.272481456572267
    vertex -0.0647047612756301 0.136 0.272481456572267
    vertex 4.5102810375397e-017 0.136 0.281
  endloop
endfacet
facet normal -0.0 1.0 -0.0
  outer loop
    vertex 0.0 0.136 -0.039
    vertex 0.00802339039817815 0.136 -0.0299437006149611
    vertex 0.19 0.136 0.031
  endloop
endfacet
facet normal -0.0 1.0 -0.0
  outer loop
    vertex 0.00802339039817815 0.136 -0.0299437006149611
    vertex 0.0 0.136 -0.039
    vertex 1.8982025386784e-018 0.136 -0.031
  endloop
endfacet
facet normal -0.0 1.0 -0.0
  outer loop
    vertex 0.19 0.136 0.031
    vertex 0.00802339039817815 0.136 -0.0299437006149611
    vertex 0.0155 0.136 -0.0268467875173176
  endloop
endfacet
facet normal -0.0 1.0 -0.0
  outer loop
    vertex 0.19 0.136 0.031
    vertex 0.0155 0.136 -0.0268467875173176
    vertex 0.021920310216783 0.136 -0.021920310216783
  endloop
endfacet
facet normal -0.0 1.0 -0.0
  outer loop
    vertex 0.19 0.136 0.031
    vertex 0.021920310216783 0.136 -0.021920310216783
    vertex 0.0268467875173176 0.136 -0.0155
  endloop
endfacet
facet normal -0.0 1.0 -0.0
  outer loop
    vertex 0.19 0.136 0.031
    vertex 0.0268467875173176 0.136 -0.0155
    vertex 0.0299437006149611 0.136 -0.00802339039817814
  endloop
endfacet
facet normal -0.0 1.0 -0.0
  outer loop
    vertex 0.19 0.136 0.031
    vertex 0.0299437006149611 0.136 -0.00802339039817814
    vertex 0.031 0.136 0.0
  endloop
endfacet
facet normal -0.0 1.0 -0.0
  outer loop
    vertex 0.19 0.136 0.031
    vertex 0.031 0.136 0.0
    vertex 0.0299437006149611 0.136 0.00802339039817817
  endloop
endfacet
facet normal -0.0 1.0 -0.0
  outer loop
    vertex 0.19 0.136 0.031
    vertex 0.0299437006149611 0.136 0.00802339039817817
    vertex 0.0268467875173176 0.136 0.0155
  endloop
endfacet
facet normal -0.0 1.0 -0.0
  outer loop
    vertex 0.19 0.136 0.031
    vertex 0.0268467875173176 0.136 0.0155
    vertex 0.021920310216783 0.136 0.021920310216783
  endloop
endfacet
facet normal -0.0 1.0 -0.0
  outer loop
    vertex 0.19 0.136 0.031
    vertex 0.021920310216783 0.136 0.021920310216783
    vertex 0.0155 0.136 0.0268467875173176
  endloop
endfacet
facet normal -0.0 1.0 -0.0
  outer loop
    vertex 0.19 0.136 0.031
    vertex 0.0155 0.136 0.0268467875173176
    vertex 0.00802339039817813 0.136 0.0299437006149611
  endloop
endfacet
facet normal -0.0 1.0 -0.0
  outer loop
    vertex 0.19 0.136 0.031
    vertex 0.00802339039817813 0.136 0.0299437006149611
    vertex -5.69460761603519e-018 0.136 0.031
  endloop
endfacet
facet normal 0.608761429008722 1.67885885129448e-016 -0.793353340291234
  outer loop
    vertex -0.262831892951445 0.186 0.486238192441406
    vertex -0.371700427636127 -0.186 0.402700427636126
    vertex -0.371700427636127 0.186 0.402700427636126
  endloop
endfacet
facet normal 0.608761429008722 1.67885885129448e-016 -0.793353340291234
  outer loop
    vertex -0.371700427636127 -0.186 0.402700427636126
    vertex -0.262831892951445 0.186 0.486238192441406
    vertex -0.262831892951444 -0.186 0.486238192441406
  endloop
endfacet
facet normal 0.38268343236509 5.7565897848691e-017 -0.923879532511287
  outer loop
    vertex -0.19 0.186 0.5164061502752
    vertex -0.262831892951444 -0.186 0.486238192441406
    vertex -0.262831892951445 0.186 0.486238192441406
  endloop
endfacet
facet normal 0.38268343236509 5.7565897848691e-017 -0.923879532511287
  outer loop
    vertex -0.262831892951444 -0.186 0.486238192441406
    vertex -0.19 0.186 0.5164061502752
    vertex -0.19 -0.186 0.5164061502752
  endloop
endfacet
facet normal -3.38178423879948e-019 -1.0 2.50264065286437e-017
  outer loop
    vertex -0.241481456572267 0.186 0.0957047612756304
    vertex -0.342495807637519 0.186 0.0755
    vertex -0.25 0.186 0.031
  endloop
endfacet
facet normal -3.38178423879948e-019 -1.0 2.50264065286437e-017
  outer loop
    vertex -0.342495807637519 0.186 0.0755
    vertex -0.241481456572267 0.186 0.0957047612756304
    vertex -0.342495807637519 0.186 0.088
  endloop
endfacet
facet normal -3.38178423879948e-019 -1.0 2.50264065286437e-017
  outer loop
    vertex -0.342495807637519 0.186 0.088
    vertex -0.241481456572267 0.186 0.0957047612756304
    vertex -0.518159593540407 0.186 0.088
  endloop
endfacet
facet normal -3.38178423879948e-019 -1.0 2.50264065286437e-017
  outer loop
    vertex -0.518159593540407 0.186 0.088
    vertex -0.241481456572267 0.186 0.0957047612756304
    vertex -0.507752226748488 0.186 0.167051799112363
  endloop
endfacet
facet normal -3.38178423879948e-019 -1.0 2.50264065286437e-017
  outer loop
    vertex -0.507752226748488 0.186 0.167051799112363
    vertex -0.241481456572267 0.186 0.0957047612756304
    vertex -0.21650635094611 0.186 0.156
  endloop
endfacet
facet normal -3.38178423879948e-019 -1.0 2.50264065286437e-017
  outer loop
    vertex -0.507752226748488 0.186 0.167051799112363
    vertex -0.21650635094611 0.186 0.156
    vertex -0.19 0.186 0.190543749094404
  endloop
endfacet
facet normal -3.38178423879948e-019 -1.0 2.50264065286437e-017
  outer loop
    vertex -0.507752226748488 0.186 0.167051799112363
    vertex -0.19 0.186 0.190543749094404
    vertex -0.455238192441406 0.186 0.293831892951445
  endloop
endfacet
facet normal -3.38178423879948e-019 -1.0 2.50264065286437e-017
  outer loop
    vertex -0.455238192441406 0.186 0.293831892951445
    vertex -0.19 0.186 0.190543749094404
    vertex -0.19 0.186 0.5164061502752
  endloop
endfacet
facet normal -3.38178423879948e-019 -1.0 2.50264065286437e-017
  outer loop
    vertex -0.455238192441406 0.186 0.293831892951445
    vertex -0.19 0.186 0.5164061502752
    vertex -0.371700427636127 0.186 0.402700427636126
  endloop
endfacet
facet normal -3.38178423879948e-019 -1.0 2.50264065286437e-017
  outer loop
    vertex -0.371700427636127 0.186 0.402700427636126
    vertex -0.19 0.186 0.5164061502752
    vertex -0.262831892951445 0.186 0.486238192441406
  endloop
endfacet
facet normal -0.38268343236509 0.0 -0.923879532511287
  outer loop
    vertex 0.125 -0.136 0.24750635094611
    vertex 0.0647047612756301 -0.26 0.272481456572267
    vertex 0.0647047612756301 -0.136 0.272481456572267
  endloop
endfacet
facet normal -0.38268343236509 0.0 -0.923879532511287
  outer loop
    vertex 0.0647047612756301 -0.26 0.272481456572267
    vertex 0.125 -0.136 0.24750635094611
    vertex 0.0948523806378151 -0.26 0.259993903759189
  endloop
endfacet
facet normal -0.38268343236509 0.0 -0.923879532511287
  outer loop
    vertex 0.0948523806378151 -0.26 0.259993903759189
    vertex 0.125 -0.136 0.24750635094611
    vertex 0.125 -0.26 0.24750635094611
  endloop
endfacet
facet normal -0.130526192220052 0.0 -0.99144486137381
  outer loop
    vertex 0.0647047612756301 -0.136 0.272481456572267
    vertex -1.73472347597681e-017 -0.26 0.281
    vertex -1.73472347597681e-017 -0.136 0.281
  endloop
endfacet
facet normal -0.130526192220052 0.0 -0.99144486137381
  outer loop
    vertex -1.73472347597681e-017 -0.26 0.281
    vertex 0.0647047612756301 -0.136 0.272481456572267
    vertex 0.0647047612756301 -0.26 0.272481456572267
  endloop
endfacet
facet normal 0.130526192220052 0.0 -0.99144486137381
  outer loop
    vertex -1.73472347597681e-017 -0.136 0.281
    vertex -0.0647047612756302 -0.26 0.272481456572267
    vertex -0.0647047612756302 -0.136 0.272481456572267
  endloop
endfacet
facet normal 0.130526192220052 0.0 -0.99144486137381
  outer loop
    vertex -0.0647047612756302 -0.26 0.272481456572267
    vertex -1.73472347597681e-017 -0.136 0.281
    vertex -1.73472347597681e-017 -0.26 0.281
  endloop
endfacet
facet normal -0.707106781186548 0.0 0.707106781186547
  outer loop
    vertex -0.021920310216783 0.198 0.021920310216783
    vertex -0.0268467875173176 0.136 0.0155
    vertex -0.021920310216783 0.136 0.021920310216783
  endloop
endfacet
facet normal -0.866025403784439 0.0 0.5
  outer loop
    vertex -0.0268467875173176 0.136 0.0155
    vertex -0.021920310216783 0.198 0.021920310216783
    vertex -0.0268467875173176 0.198 0.0155
  endloop
endfacet
facet normal 0.866025403784439 0.0 -0.5
  outer loop
    vertex 0.0268467875173176 0.198 -0.0155
    vertex 0.0299437006149611 0.136 -0.00802339039817814
    vertex 0.0268467875173176 0.136 -0.0155
  endloop
endfacet
facet normal 0.965925826289068 0.0 -0.258819045102521
  outer loop
    vertex 0.0299437006149611 0.136 -0.00802339039817814
    vertex 0.0268467875173176 0.198 -0.0155
    vertex 0.0299437006149611 0.198 -0.00802339039817814
  endloop
endfacet
facet normal -0.258819045102521 0.0 0.965925826289068
  outer loop
    vertex -0.00802339039817814 -0.198 0.0299437006149611
    vertex -0.0155 -0.136 0.0268467875173176
    vertex -0.0155 -0.198 0.0268467875173176
  endloop
endfacet
facet normal -0.5 0.0 0.866025403784439
  outer loop
    vertex -0.0155 -0.136 0.0268467875173176
    vertex -0.00802339039817814 -0.198 0.0299437006149611
    vertex -0.00802339039817814 -0.136 0.0299437006149611
  endloop
endfacet
facet normal -2.04955527599879e-016 0.0 1.0
  outer loop
    vertex -5.69460761603519e-018 -0.198 0.031
    vertex -0.00802339039817814 -0.136 0.0299437006149611
    vertex -0.00802339039817814 -0.198 0.0299437006149611
  endloop
endfacet
facet normal -0.258819045102521 0.0 0.965925826289068
  outer loop
    vertex -0.00802339039817814 -0.136 0.0299437006149611
    vertex -5.69460761603519e-018 -0.198 0.031
    vertex -5.69460761603519e-018 -0.136 0.031
  endloop
endfacet
facet normal 0.25881904510252 0.0 0.965925826289068
  outer loop
    vertex 0.00802339039817813 -0.198 0.0299437006149611
    vertex -5.69460761603519e-018 -0.136 0.031
    vertex -5.69460761603519e-018 -0.198 0.031
  endloop
endfacet
facet normal -2.04955527599879e-016 0.0 1.0
  outer loop
    vertex -5.69460761603519e-018 -0.136 0.031
    vertex 0.00802339039817813 -0.198 0.0299437006149611
    vertex 0.00802339039817813 -0.136 0.0299437006149611
  endloop
endfacet
facet normal 0.866025403784438 0.0 0.500000000000001
  outer loop
    vertex 0.0268467875173176 -0.136 0.0155
    vertex 0.021920310216783 -0.198 0.021920310216783
    vertex 0.0268467875173176 -0.198 0.0155
  endloop
endfacet
facet normal 0.707106781186547 0.0 0.707106781186548
  outer loop
    vertex 0.021920310216783 -0.198 0.021920310216783
    vertex 0.0268467875173176 -0.136 0.0155
    vertex 0.021920310216783 -0.136 0.021920310216783
  endloop
endfacet
facet normal 0.965925826289068 0.0 0.258819045102523
  outer loop
    vertex 0.0299437006149611 -0.136 0.0080233903981782
    vertex 0.0268467875173176 -0.198 0.0155
    vertex 0.0299437006149611 -0.198 0.0080233903981782
  endloop
endfacet
facet normal 0.866025403784438 0.0 0.500000000000001
  outer loop
    vertex 0.0268467875173176 -0.198 0.0155
    vertex 0.0299437006149611 -0.136 0.0080233903981782
    vertex 0.0268467875173176 -0.136 0.0155
  endloop
endfacet
facet normal 1.0 0.0 2.49511077078113e-016
  outer loop
    vertex 0.031 0.198 -2.07089241331961e-033
    vertex 0.0299437006149611 0.136 0.00802339039817817
    vertex 0.031 0.136 0.0
  endloop
endfacet
facet normal 0.965925826289068 0.0 0.258819045102521
  outer loop
    vertex 0.0299437006149611 0.136 0.00802339039817817
    vertex 0.031 0.198 -2.07089241331961e-033
    vertex 0.0299437006149611 0.198 0.00802339039817817
  endloop
endfacet
facet normal 0.345705358827356 -1.03249693415757e-016 -0.93834311681711
  outer loop
    vertex 2.77555756156289e-017 -0.106 -0.039
    vertex 0.19 -0.136 0.031
    vertex 0.0 -0.136 -0.039
  endloop
endfacet
facet normal 0.345705358827356 -1.03249693415757e-016 -0.93834311681711
  outer loop
    vertex 0.19 -0.136 0.031
    vertex 2.77555756156289e-017 -0.106 -0.039
    vertex 0.19 -0.106 0.031
  endloop
endfacet
facet normal 0.965925826289068 0.0 -0.258819045102521
  outer loop
    vertex 0.0299437006149611 0.198 -0.00802339039817814
    vertex 0.031 0.136 0.0
    vertex 0.0299437006149611 0.136 -0.00802339039817814
  endloop
endfacet
facet normal 1.0 0.0 2.49511077078113e-016
  outer loop
    vertex 0.031 0.136 0.0
    vertex 0.0299437006149611 0.198 -0.00802339039817814
    vertex 0.031 0.198 -2.07089241331961e-033
  endloop
endfacet
facet normal -0.5 0.0 0.866025403784438
  outer loop
    vertex -0.0155 0.136 0.0268467875173176
    vertex -0.021920310216783 0.198 0.021920310216783
    vertex -0.021920310216783 0.136 0.021920310216783
  endloop
endfacet
facet normal -0.707106781186548 0.0 0.707106781186547
  outer loop
    vertex -0.021920310216783 0.198 0.021920310216783
    vertex -0.0155 0.136 0.0268467875173176
    vertex -0.0155 0.198 0.0268467875173176
  endloop
endfacet
facet normal 0.866025403784439 0.0 0.5
  outer loop
    vertex 0.0268467875173176 0.198 0.0155
    vertex 0.021920310216783 0.136 0.021920310216783
    vertex 0.0268467875173176 0.136 0.0155
  endloop
endfacet
facet normal 0.707106781186547 0.0 0.707106781186548
  outer loop
    vertex 0.021920310216783 0.136 0.021920310216783
    vertex 0.0268467875173176 0.198 0.0155
    vertex 0.021920310216783 0.198 0.021920310216783
  endloop
endfacet
facet normal 0.707106781186547 0.0 0.707106781186548
  outer loop
    vertex 0.021920310216783 0.136 0.021920310216783
    vertex 0.0155 0.198 0.0268467875173176
    vertex 0.0155 0.136 0.0268467875173176
  endloop
endfacet
facet normal 0.499999999999999 0.0 0.866025403784439
  outer loop
    vertex 0.0155 0.198 0.0268467875173176
    vertex 0.021920310216783 0.136 0.021920310216783
    vertex 0.021920310216783 0.198 0.021920310216783
  endloop
endfacet
facet normal 0.499999999999999 0.0 0.866025403784439
  outer loop
    vertex 0.0155 0.136 0.0268467875173176
    vertex 0.00802339039817813 0.198 0.0299437006149611
    vertex 0.00802339039817813 0.136 0.0299437006149611
  endloop
endfacet
facet normal 0.258819045102521 -1.67119381570065e-017 0.965925826289068
  outer loop
    vertex 0.00802339039817813 0.198 0.0299437006149611
    vertex 0.0155 0.136 0.0268467875173176
    vertex 0.0155 0.198 0.0268467875173176
  endloop
endfacet
facet normal -0.258819045102522 -1.55650404403491e-017 0.965925826289068
  outer loop
    vertex -0.00802339039817817 0.136 0.0299437006149611
    vertex -0.0155 0.198 0.0268467875173176
    vertex -0.0155 0.136 0.0268467875173176
  endloop
endfacet
facet normal -0.5 0.0 0.866025403784438
  outer loop
    vertex -0.0155 0.198 0.0268467875173176
    vertex -0.00802339039817817 0.136 0.0299437006149611
    vertex -0.00802339039817817 0.198 0.0299437006149611
  endloop
endfacet
facet normal 0.707106781186548 0.0 -0.707106781186548
  outer loop
    vertex 0.021920310216783 -0.136 -0.021920310216783
    vertex 0.0268467875173176 -0.198 -0.0155
    vertex 0.021920310216783 -0.198 -0.021920310216783
  endloop
endfacet
facet normal 0.866025403784439 0.0 -0.5
  outer loop
    vertex 0.0268467875173176 -0.198 -0.0155
    vertex 0.021920310216783 -0.136 -0.021920310216783
    vertex 0.0268467875173176 -0.136 -0.0155
  endloop
endfacet
facet normal 0.707106781186548 0.0 -0.707106781186548
  outer loop
    vertex 0.021920310216783 -0.136 -0.021920310216783
    vertex 0.0155 -0.198 -0.0268467875173176
    vertex 0.0155 -0.136 -0.0268467875173176
  endloop
endfacet
facet normal 0.5 0.0 -0.866025403784439
  outer loop
    vertex 0.0155 -0.198 -0.0268467875173176
    vertex 0.021920310216783 -0.136 -0.021920310216783
    vertex 0.021920310216783 -0.198 -0.021920310216783
  endloop
endfacet
facet normal -0.866025403784439 0.0 -0.5
  outer loop
    vertex -0.0268467875173176 -0.136 -0.0155
    vertex -0.021920310216783 -0.198 -0.021920310216783
    vertex -0.0268467875173176 -0.198 -0.0155
  endloop
endfacet
facet normal -0.707106781186547 0.0 -0.707106781186548
  outer loop
    vertex -0.021920310216783 -0.198 -0.021920310216783
    vertex -0.0268467875173176 -0.136 -0.0155
    vertex -0.021920310216783 -0.136 -0.021920310216783
  endloop
endfacet
facet normal -0.965925826289068 0.0 -0.258819045102521
  outer loop
    vertex -0.0299437006149611 -0.136 -0.00802339039817814
    vertex -0.0268467875173176 -0.198 -0.0155
    vertex -0.0299437006149611 -0.198 -0.00802339039817814
  endloop
endfacet
facet normal -0.866025403784439 0.0 -0.5
  outer loop
    vertex -0.0268467875173176 -0.198 -0.0155
    vertex -0.0299437006149611 -0.136 -0.00802339039817814
    vertex -0.0268467875173176 -0.136 -0.0155
  endloop
endfacet
facet normal -1.0 0.0 2.40599967182466e-016
  outer loop
    vertex -0.031 -0.136 9.97036042799515e-018
    vertex -0.0299437006149611 -0.198 -0.00802339039817814
    vertex -0.031 -0.198 9.97036042799515e-018
  endloop
endfacet
facet normal -0.965925826289068 0.0 -0.258819045102521
  outer loop
    vertex -0.0299437006149611 -0.198 -0.00802339039817814
    vertex -0.031 -0.136 9.97036042799515e-018
    vertex -0.0299437006149611 -0.136 -0.00802339039817814
  endloop
endfacet
facet normal -0.866025403784438 0.0 0.5
  outer loop
    vertex -0.0268467875173176 -0.136 0.0155
    vertex -0.0299437006149611 -0.198 0.00802339039817816
    vertex -0.0268467875173176 -0.198 0.0155
  endloop
endfacet
facet normal -0.965925826289068 0.0 0.258819045102521
  outer loop
    vertex -0.0299437006149611 -0.198 0.00802339039817816
    vertex -0.0268467875173176 -0.136 0.0155
    vertex -0.0299437006149611 -0.136 0.00802339039817816
  endloop
endfacet
facet normal 0.0 -1.0 0.0
  outer loop
    vertex 2.77555756156289e-017 0.106 0.141
    vertex -0.19 0.106 0.031
    vertex 2.77555756156289e-017 0.106 -0.039
  endloop
endfacet
facet normal 0.0 -1.0 0.0
  outer loop
    vertex -0.19 0.106 0.031
    vertex 2.77555756156289e-017 0.106 0.141
    vertex -0.19 0.106 0.141
  endloop
endfacet
facet normal 0.345705358827356 2.79623516679104e-016 -0.93834311681711
  outer loop
    vertex 0.19 0.136 0.031
    vertex 2.77555756156289e-017 0.106 -0.039
    vertex 0.0 0.136 -0.039
  endloop
endfacet
facet normal 0.345705358827356 2.79623516679104e-016 -0.93834311681711
  outer loop
    vertex 2.77555756156289e-017 0.106 -0.039
    vertex 0.19 0.136 0.031
    vertex 0.19 0.106 0.031
  endloop
endfacet
facet normal -0.345705358827356 -1.66584222702445e-016 -0.93834311681711
  outer loop
    vertex 0.0 0.136 -0.039
    vertex -0.19 0.106 0.031
    vertex -0.19 0.136 0.031
  endloop
endfacet
facet normal -0.345705358827356 -1.66584222702445e-016 -0.93834311681711
  outer loop
    vertex -0.19 0.106 0.031
    vertex 0.0 0.136 -0.039
    vertex 2.77555756156289e-017 0.106 -0.039
  endloop
endfacet
facet normal 0.866025403784439 0.0 -0.5
  outer loop
    vertex 0.0268467875173176 -0.136 -0.0155
    vertex 0.0299437006149611 -0.198 -0.00802339039817814
    vertex 0.0268467875173176 -0.198 -0.0155
  endloop
endfacet
facet normal 0.965925826289069 0.0 -0.25881904510252
  outer loop
    vertex 0.0299437006149611 -0.198 -0.00802339039817814
    vertex 0.0268467875173176 -0.136 -0.0155
    vertex 0.0299437006149611 -0.136 -0.00802339039817814
  endloop
endfacet
facet normal 0.5 0.0 -0.866025403784439
  outer loop
    vertex 0.0155 -0.136 -0.0268467875173176
    vertex 0.00802339039817815 -0.198 -0.0299437006149611
    vertex 0.00802339039817815 -0.136 -0.0299437006149611
  endloop
endfacet
facet normal 0.258819045102521 0.0 -0.965925826289068
  outer loop
    vertex 0.00802339039817815 -0.198 -0.0299437006149611
    vertex 0.0155 -0.136 -0.0268467875173176
    vertex 0.0155 -0.198 -0.0268467875173176
  endloop
endfacet
facet normal 0.258819045102521 0.0 -0.965925826289068
  outer loop
    vertex 0.00802339039817815 -0.136 -0.0299437006149611
    vertex 8.78158529135437e-018 -0.198 -0.031
    vertex 8.78158529135437e-018 -0.136 -0.031
  endloop
endfacet
facet normal 4.45555494782345e-016 0.0 -1.0
  outer loop
    vertex 8.78158529135437e-018 -0.198 -0.031
    vertex 0.00802339039817815 -0.136 -0.0299437006149611
    vertex 0.00802339039817815 -0.198 -0.0299437006149611
  endloop
endfacet
facet normal 4.45555494782345e-016 0.0 -1.0
  outer loop
    vertex 8.78158529135437e-018 -0.136 -0.031
    vertex -0.00802339039817813 -0.198 -0.0299437006149611
    vertex -0.00802339039817813 -0.136 -0.0299437006149611
  endloop
endfacet
facet normal -0.258819045102521 0.0 -0.965925826289068
  outer loop
    vertex -0.00802339039817813 -0.198 -0.0299437006149611
    vertex 8.78158529135437e-018 -0.136 -0.031
    vertex 8.78158529135437e-018 -0.198 -0.031
  endloop
endfacet
facet normal -0.258819045102521 0.0 -0.965925826289068
  outer loop
    vertex -0.00802339039817813 -0.136 -0.0299437006149611
    vertex -0.0155 -0.198 -0.0268467875173176
    vertex -0.0155 -0.136 -0.0268467875173176
  endloop
endfacet
facet normal -0.5 0.0 -0.866025403784439
  outer loop
    vertex -0.0155 -0.198 -0.0268467875173176
    vertex -0.00802339039817813 -0.136 -0.0299437006149611
    vertex -0.00802339039817813 -0.198 -0.0299437006149611
  endloop
endfacet
facet normal -0.5 0.0 -0.866025403784439
  outer loop
    vertex -0.0155 -0.136 -0.0268467875173176
    vertex -0.021920310216783 -0.198 -0.021920310216783
    vertex -0.021920310216783 -0.136 -0.021920310216783
  endloop
endfacet
facet normal -0.707106781186547 0.0 -0.707106781186548
  outer loop
    vertex -0.021920310216783 -0.198 -0.021920310216783
    vertex -0.0155 -0.136 -0.0268467875173176
    vertex -0.0155 -0.198 -0.0268467875173176
  endloop
endfacet
facet normal 0.965925826289068 0.0 0.258819045102521
  outer loop
    vertex 0.0299437006149611 0.198 0.00802339039817817
    vertex 0.0268467875173176 0.136 0.0155
    vertex 0.0299437006149611 0.136 0.00802339039817817
  endloop
endfacet
facet normal 0.866025403784439 0.0 0.5
  outer loop
    vertex 0.0268467875173176 0.136 0.0155
    vertex 0.0299437006149611 0.198 0.00802339039817817
    vertex 0.0268467875173176 0.198 0.0155
  endloop
endfacet
facet normal 0.0 -1.0 0.0
  outer loop
    vertex 0.19 0.106 0.031
    vertex 2.77555756156289e-017 0.106 0.141
    vertex 2.77555756156289e-017 0.106 -0.039
  endloop
endfacet
facet normal 0.0 -1.0 0.0
  outer loop
    vertex 2.77555756156289e-017 0.106 0.141
    vertex 0.19 0.106 0.031
    vertex 0.19 0.106 0.141
  endloop
endfacet
facet normal -0.866025403784439 0.0 0.5
  outer loop
    vertex -0.0268467875173176 0.198 0.0155
    vertex -0.0299437006149611 0.136 0.00802339039817813
    vertex -0.0268467875173176 0.136 0.0155
  endloop
endfacet
facet normal -0.965925826289068 0.0 0.258819045102521
  outer loop
    vertex -0.0299437006149611 0.136 0.00802339039817813
    vertex -0.0268467875173176 0.198 0.0155
    vertex -0.0299437006149611 0.198 0.00802339039817813
  endloop
endfacet
facet normal -0.5 0.0 0.866025403784439
  outer loop
    vertex -0.0155 -0.198 0.0268467875173176
    vertex -0.021920310216783 -0.136 0.021920310216783
    vertex -0.021920310216783 -0.198 0.021920310216783
  endloop
endfacet
facet normal -0.707106781186547 0.0 0.707106781186548
  outer loop
    vertex -0.021920310216783 -0.136 0.021920310216783
    vertex -0.0155 -0.198 0.0268467875173176
    vertex -0.0155 -0.136 0.0268467875173176
  endloop
endfacet
facet normal 0.499999999999999 0.0 0.866025403784439
  outer loop
    vertex 0.0155 -0.198 0.0268467875173176
    vertex 0.00802339039817813 -0.136 0.0299437006149611
    vertex 0.00802339039817813 -0.198 0.0299437006149611
  endloop
endfacet
facet normal 0.25881904510252 0.0 0.965925826289068
  outer loop
    vertex 0.00802339039817813 -0.136 0.0299437006149611
    vertex 0.0155 -0.198 0.0268467875173176
    vertex 0.0155 -0.136 0.0268467875173176
  endloop
endfacet
facet normal -0.965925826289068 0.0 0.258819045102521
  outer loop
    vertex -0.0299437006149611 -0.136 0.00802339039817816
    vertex -0.031 -0.198 9.97036042799515e-018
    vertex -0.0299437006149611 -0.198 0.00802339039817816
  endloop
endfacet
facet normal -1.0 0.0 2.40599967182466e-016
  outer loop
    vertex -0.031 -0.198 9.97036042799515e-018
    vertex -0.0299437006149611 -0.136 0.00802339039817816
    vertex -0.031 -0.136 9.97036042799515e-018
  endloop
endfacet
facet normal 1.0 0.0 1.4257775833035e-015
  outer loop
    vertex 0.031 -0.136 6.26598721761213e-017
    vertex 0.0299437006149611 -0.198 0.0080233903981782
    vertex 0.031 -0.198 6.26598721761213e-017
  endloop
endfacet
facet normal 0.965925826289068 0.0 0.258819045102523
  outer loop
    vertex 0.0299437006149611 -0.198 0.0080233903981782
    vertex 0.031 -0.136 6.26598721761213e-017
    vertex 0.0299437006149611 -0.136 0.0080233903981782
  endloop
endfacet
facet normal 0.965925826289069 0.0 -0.25881904510252
  outer loop
    vertex 0.0299437006149611 -0.136 -0.00802339039817814
    vertex 0.031 -0.198 6.26598721761213e-017
    vertex 0.0299437006149611 -0.198 -0.00802339039817814
  endloop
endfacet
facet normal 1.0 0.0 1.4257775833035e-015
  outer loop
    vertex 0.031 -0.198 6.26598721761213e-017
    vertex 0.0299437006149611 -0.136 -0.00802339039817814
    vertex 0.031 -0.136 6.26598721761213e-017
  endloop
endfacet
facet normal 0.0 -1.0 0.0
  outer loop
    vertex 0.031 -0.198 6.26598721761213e-017
    vertex 0.0 -0.198 0.0
    vertex 0.0299437006149611 -0.198 -0.00802339039817814
  endloop
endfacet
facet normal 0.5 0.0 -0.866025403784439
  outer loop
    vertex 0.0155 0.198 -0.0268467875173176
    vertex 0.00802339039817815 0.136 -0.0299437006149611
    vertex 0.00802339039817815 0.198 -0.0299437006149611
  endloop
endfacet
facet normal 0.258819045102521 0.0 -0.965925826289068
  outer loop
    vertex 0.00802339039817815 0.136 -0.0299437006149611
    vertex 0.0155 0.198 -0.0268467875173176
    vertex 0.0155 0.136 -0.0268467875173176
  endloop
endfacet
facet normal 0.707106781186548 0.0 -0.707106781186547
  outer loop
    vertex 0.021920310216783 0.198 -0.021920310216783
    vertex 0.0155 0.136 -0.0268467875173176
    vertex 0.0155 0.198 -0.0268467875173176
  endloop
endfacet
facet normal 0.5 0.0 -0.866025403784439
  outer loop
    vertex 0.0155 0.136 -0.0268467875173176
    vertex 0.021920310216783 0.198 -0.021920310216783
    vertex 0.021920310216783 0.136 -0.021920310216783
  endloop
endfacet
facet normal 0.707106781186548 0.0 -0.707106781186547
  outer loop
    vertex 0.021920310216783 0.198 -0.021920310216783
    vertex 0.0268467875173176 0.136 -0.0155
    vertex 0.021920310216783 0.136 -0.021920310216783
  endloop
endfacet
facet normal 0.866025403784439 0.0 -0.5
  outer loop
    vertex 0.0268467875173176 0.136 -0.0155
    vertex 0.021920310216783 0.198 -0.021920310216783
    vertex 0.0268467875173176 0.198 -0.0155
  endloop
endfacet
facet normal 0.707106781186547 0.0 0.707106781186548
  outer loop
    vertex 0.021920310216783 -0.198 0.021920310216783
    vertex 0.0155 -0.136 0.0268467875173176
    vertex 0.0155 -0.198 0.0268467875173176
  endloop
endfacet
facet normal 0.499999999999999 0.0 0.866025403784439
  outer loop
    vertex 0.0155 -0.136 0.0268467875173176
    vertex 0.021920310216783 -0.198 0.021920310216783
    vertex 0.021920310216783 -0.136 0.021920310216783
  endloop
endfacet
facet normal -0.707106781186547 0.0 0.707106781186548
  outer loop
    vertex -0.021920310216783 -0.136 0.021920310216783
    vertex -0.0268467875173176 -0.198 0.0155
    vertex -0.021920310216783 -0.198 0.021920310216783
  endloop
endfacet
facet normal -0.866025403784438 0.0 0.5
  outer loop
    vertex -0.0268467875173176 -0.198 0.0155
    vertex -0.021920310216783 -0.136 0.021920310216783
    vertex -0.0268467875173176 -0.136 0.0155
  endloop
endfacet
facet normal -0.345705358827356 3.92662810655763e-016 -0.93834311681711
  outer loop
    vertex 2.77555756156289e-017 -0.106 -0.039
    vertex -0.19 -0.136 0.031
    vertex -0.19 -0.106 0.031
  endloop
endfacet
facet normal -0.345705358827356 3.92662810655763e-016 -0.93834311681711
  outer loop
    vertex -0.19 -0.136 0.031
    vertex 2.77555756156289e-017 -0.106 -0.039
    vertex 0.0 -0.136 -0.039
  endloop
endfacet
facet normal -0.0 1.0 -0.0
  outer loop
    vertex 2.77555756156289e-017 -0.106 0.141
    vertex 0.19 -0.106 0.031
    vertex 2.77555756156289e-017 -0.106 -0.039
  endloop
endfacet
facet normal -0.0 1.0 -0.0
  outer loop
    vertex 0.19 -0.106 0.031
    vertex 2.77555756156289e-017 -0.106 0.141
    vertex 0.19 -0.106 0.141
  endloop
endfacet
facet normal -0.0 1.0 -0.0
  outer loop
    vertex -0.19 -0.106 0.031
    vertex 2.77555756156289e-017 -0.106 0.141
    vertex 2.77555756156289e-017 -0.106 -0.039
  endloop
endfacet
facet normal -0.0 1.0 -0.0
  outer loop
    vertex 2.77555756156289e-017 -0.106 0.141
    vertex -0.19 -0.106 0.031
    vertex -0.19 -0.106 0.141
  endloop
endfacet
facet normal 0.0 0.0 -1.0
  outer loop
    vertex 2.77555756156289e-017 0.106 0.141
    vertex -0.19 -0.106 0.141
    vertex -0.19 0.106 0.141
  endloop
endfacet
facet normal 0.0 0.0 -1.0
  outer loop
    vertex -0.19 -0.106 0.141
    vertex 2.77555756156289e-017 0.106 0.141
    vertex -0.0433012701892219 0.025 0.141
  endloop
endfacet
facet normal 0.0 0.0 -1.0
  outer loop
    vertex -0.19 -0.106 0.141
    vertex -0.0433012701892219 0.025 0.141
    vertex -0.0482962913144534 0.012940952255126 0.141
  endloop
endfacet
facet normal 0.0 0.0 -1.0
  outer loop
    vertex -0.19 -0.106 0.141
    vertex -0.0482962913144534 0.012940952255126 0.141
    vertex -0.05 3.06161699786838e-018 0.141
  endloop
endfacet
facet normal 0.0 0.0 -1.0
  outer loop
    vertex -0.0433012701892219 0.025 0.141
    vertex 2.77555756156289e-017 0.106 0.141
    vertex -0.0353553390593273 0.0353553390593274 0.141
  endloop
endfacet
facet normal 0.0 0.0 -1.0
  outer loop
    vertex -0.0353553390593273 0.0353553390593274 0.141
    vertex 2.77555756156289e-017 0.106 0.141
    vertex -0.025 0.0433012701892219 0.141
  endloop
endfacet
facet normal 0.0 0.0 -1.0
  outer loop
    vertex -0.025 0.0433012701892219 0.141
    vertex 2.77555756156289e-017 0.106 0.141
    vertex -0.012940952255126 0.0482962913144534 0.141
  endloop
endfacet
facet normal 0.0 0.0 -1.0
  outer loop
    vertex -0.012940952255126 0.0482962913144534 0.141
    vertex 2.77555756156289e-017 0.106 0.141
    vertex 2.77555756156289e-017 0.05 0.141
  endloop
endfacet
facet normal 0.0 0.0 -1.0
  outer loop
    vertex 2.77555756156289e-017 0.05 0.141
    vertex 2.77555756156289e-017 0.106 0.141
    vertex 0.19 0.106 0.141
  endloop
endfacet
facet normal 0.0 0.0 -1.0
  outer loop
    vertex 2.77555756156289e-017 0.05 0.141
    vertex 0.19 0.106 0.141
    vertex 0.0129409522551261 0.0482962913144534 0.141
  endloop
endfacet
facet normal 0.0 0.0 -1.0
  outer loop
    vertex 0.0129409522551261 0.0482962913144534 0.141
    vertex 0.19 0.106 0.141
    vertex 0.0250000000000001 0.0433012701892219 0.141
  endloop
endfacet
facet normal 0.0 0.0 -1.0
  outer loop
    vertex 0.0250000000000001 0.0433012701892219 0.141
    vertex 0.19 0.106 0.141
    vertex 0.0353553390593274 0.0353553390593274 0.141
  endloop
endfacet
facet normal 0.0 0.0 -1.0
  outer loop
    vertex 0.0353553390593274 0.0353553390593274 0.141
    vertex 0.19 0.106 0.141
    vertex 0.043301270189222 0.025 0.141
  endloop
endfacet
facet normal 0.0 0.0 -1.0
  outer loop
    vertex 0.043301270189222 0.025 0.141
    vertex 0.19 0.106 0.141
    vertex 0.0482962913144535 0.012940952255126 0.141
  endloop
endfacet
facet normal 0.0 0.0 -1.0
  outer loop
    vertex 0.0482962913144535 0.012940952255126 0.141
    vertex 0.19 0.106 0.141
    vertex 0.05 -9.18485099360515e-018 0.141
  endloop
endfacet
facet normal 0.0 0.0 -1.0
  outer loop
    vertex -0.19 -0.106 0.141
    vertex -0.0433012701892219 -0.025 0.141
    vertex 2.77555756156289e-017 -0.106 0.141
  endloop
endfacet
facet normal 0.0 0.0 -1.0
  outer loop
    vertex -0.0433012701892219 -0.025 0.141
    vertex -0.19 -0.106 0.141
    vertex -0.0482962913144534 -0.012940952255126 0.141
  endloop
endfacet
facet normal 0.0 0.0 -1.0
  outer loop
    vertex -0.0482962913144534 -0.012940952255126 0.141
    vertex -0.19 -0.106 0.141
    vertex -0.05 3.06161699786838e-018 0.141
  endloop
endfacet
facet normal 0.0 0.0 -1.0
  outer loop
    vertex 2.77555756156289e-017 -0.106 0.141
    vertex -0.0433012701892219 -0.025 0.141
    vertex -0.0353553390593274 -0.0353553390593274 0.141
  endloop
endfacet
facet normal 0.0 0.0 -1.0
  outer loop
    vertex 2.77555756156289e-017 -0.106 0.141
    vertex -0.0353553390593274 -0.0353553390593274 0.141
    vertex -0.025 -0.0433012701892219 0.141
  endloop
endfacet
facet normal 0.0 0.0 -1.0
  outer loop
    vertex 2.77555756156289e-017 -0.106 0.141
    vertex -0.025 -0.0433012701892219 0.141
    vertex -0.012940952255126 -0.0482962913144534 0.141
  endloop
endfacet
facet normal 0.0 0.0 -1.0
  outer loop
    vertex 2.77555756156289e-017 -0.106 0.141
    vertex -0.012940952255126 -0.0482962913144534 0.141
    vertex 2.16323416198921e-017 -0.05 0.141
  endloop
endfacet
facet normal 0.0 0.0 -1.0
  outer loop
    vertex 2.77555756156289e-017 -0.106 0.141
    vertex 2.16323416198921e-017 -0.05 0.141
    vertex 0.012940952255126 -0.0482962913144534 0.141
  endloop
endfacet
facet normal 0.0 0.0 -1.0
  outer loop
    vertex 2.77555756156289e-017 -0.106 0.141
    vertex 0.012940952255126 -0.0482962913144534 0.141
    vertex 0.19 -0.106 0.141
  endloop
endfacet
facet normal 0.0 0.0 -1.0
  outer loop
    vertex 0.19 -0.106 0.141
    vertex 0.012940952255126 -0.0482962913144534 0.141
    vertex 0.025 -0.0433012701892219 0.141
  endloop
endfacet
facet normal 0.0 0.0 -1.0
  outer loop
    vertex 0.19 -0.106 0.141
    vertex 0.025 -0.0433012701892219 0.141
    vertex 0.0353553390593274 -0.0353553390593274 0.141
  endloop
endfacet
facet normal 0.0 0.0 -1.0
  outer loop
    vertex 0.19 -0.106 0.141
    vertex 0.0353553390593274 -0.0353553390593274 0.141
    vertex 0.0433012701892219 -0.025 0.141
  endloop
endfacet
facet normal 0.0 0.0 -1.0
  outer loop
    vertex 0.19 -0.106 0.141
    vertex 0.0433012701892219 -0.025 0.141
    vertex 0.0482962913144534 -0.0129409522551261 0.141
  endloop
endfacet
facet normal 0.0 0.0 -1.0
  outer loop
    vertex 0.19 -0.106 0.141
    vertex 0.0482962913144534 -0.0129409522551261 0.141
    vertex 0.05 -9.18485099360515e-018 0.141
  endloop
endfacet
facet normal 0.0 0.0 -1.0
  outer loop
    vertex 0.19 -0.106 0.141
    vertex 0.05 -9.18485099360515e-018 0.141
    vertex 0.19 0.106 0.141
  endloop
endfacet
facet normal -1.0 0.0 0.0
  outer loop
    vertex -0.19 0.186 0.5164061502752
    vertex -0.19 -0.186 0.190543749094404
    vertex -0.19 -0.186 0.5164061502752
  endloop
endfacet
facet normal -1.0 0.0 0.0
  outer loop
    vertex -0.19 -0.186 0.190543749094404
    vertex -0.19 0.186 0.5164061502752
    vertex -0.19 -0.136 0.190543749094404
  endloop
endfacet
facet normal -1.0 0.0 0.0
  outer loop
    vertex -0.19 -0.136 0.190543749094404
    vertex -0.19 0.186 0.5164061502752
    vertex -0.19 -0.106 0.141
  endloop
endfacet
facet normal -1.0 0.0 0.0
  outer loop
    vertex -0.19 -0.136 0.190543749094404
    vertex -0.19 -0.106 0.141
    vertex -0.19 -0.136 0.031
  endloop
endfacet
facet normal -1.0 0.0 0.0
  outer loop
    vertex -0.19 -0.106 0.141
    vertex -0.19 0.186 0.5164061502752
    vertex -0.19 0.106 0.141
  endloop
endfacet
facet normal -1.0 0.0 0.0
  outer loop
    vertex -0.19 0.106 0.141
    vertex -0.19 0.186 0.5164061502752
    vertex -0.19 0.106 0.031
  endloop
endfacet
facet normal -1.0 0.0 0.0
  outer loop
    vertex -0.19 0.106 0.031
    vertex -0.19 0.186 0.5164061502752
    vertex -0.19 0.136 0.190543749094404
  endloop
endfacet
facet normal -1.0 0.0 0.0
  outer loop
    vertex -0.19 0.136 0.190543749094404
    vertex -0.19 0.186 0.5164061502752
    vertex -0.19 0.186 0.190543749094404
  endloop
endfacet
facet normal -1.0 0.0 0.0
  outer loop
    vertex -0.19 0.136 0.031
    vertex -0.19 0.106 0.031
    vertex -0.19 0.136 0.190543749094404
  endloop
endfacet
facet normal -1.0 0.0 0.0
  outer loop
    vertex -0.19 -0.106 0.031
    vertex -0.19 -0.136 0.031
    vertex -0.19 -0.106 0.141
  endloop
endfacet
facet normal 1.0 -1.14339440650132e-017 -2.93912097144473e-017
  outer loop
    vertex 0.19 -0.106 0.031
    vertex 0.19 -0.136 0.190543749094404
    vertex 0.19 -0.136 0.031
  endloop
endfacet
facet normal 1.0 -1.14339440650132e-017 -2.93912097144473e-017
  outer loop
    vertex 0.19 0.136 0.031
    vertex 0.19 0.106 0.141
    vertex 0.19 0.106 0.031
  endloop
endfacet
facet normal 1.0 -1.14339440650132e-017 -2.93912097144473e-017
  outer loop
    vertex 0.19 -0.136 0.190543749094404
    vertex 0.19 -0.186 0.286017121586492
    vertex 0.19 -0.186 0.190543749094404
  endloop
endfacet
facet normal 1.0 -1.14339440650132e-017 -2.93912097144473e-017
  outer loop
    vertex 0.19 -0.186 0.286017121586492
    vertex 0.19 -0.136 0.190543749094404
    vertex 0.19 0.186 0.286017121586492
  endloop
endfacet
facet normal 1.0 -1.14339440650132e-017 -2.93912097144473e-017
  outer loop
    vertex 0.19 0.186 0.286017121586492
    vertex 0.19 -0.136 0.190543749094404
    vertex 0.19 -0.106 0.141
  endloop
endfacet
facet normal 1.0 -1.14339440650132e-017 -2.93912097144473e-017
  outer loop
    vertex 0.19 -0.106 0.141
    vertex 0.19 -0.136 0.190543749094404
    vertex 0.19 -0.106 0.031
  endloop
endfacet
facet normal 1.0 -1.14339440650132e-017 -2.93912097144473e-017
  outer loop
    vertex 0.19 0.186 0.286017121586492
    vertex 0.19 -0.106 0.141
    vertex 0.19 0.106 0.141
  endloop
endfacet
facet normal 1.0 -1.14339440650132e-017 -2.93912097144473e-017
  outer loop
    vertex 0.19 0.186 0.286017121586492
    vertex 0.19 0.106 0.141
    vertex 0.19 0.136 0.190543749094404
  endloop
endfacet
facet normal 1.0 -1.14339440650132e-017 -2.93912097144473e-017
  outer loop
    vertex 0.19 0.136 0.190543749094404
    vertex 0.19 0.106 0.141
    vertex 0.19 0.136 0.031
  endloop
endfacet
facet normal 1.0 -1.14339440650132e-017 -2.93912097144473e-017
  outer loop
    vertex 0.19 0.186 0.286017121586492
    vertex 0.19 0.136 0.190543749094404
    vertex 0.19 0.186 0.190543749094404
  endloop
endfacet
facet normal 0.0 0.0 -1.0
  outer loop
    vertex -0.0482962913144534 0.012940952255126 0.341
    vertex -0.0482962913144534 -0.012940952255126 0.341
    vertex -0.05 3.06161699786838e-018 0.341
  endloop
endfacet
facet normal 0.0 0.0 -1.0
  outer loop
    vertex -0.0482962913144534 -0.012940952255126 0.341
    vertex -0.0482962913144534 0.012940952255126 0.341
    vertex -0.0433012701892219 -0.025 0.341
  endloop
endfacet
facet normal 0.0 0.0 -1.0
  outer loop
    vertex -0.0433012701892219 -0.025 0.341
    vertex -0.0482962913144534 0.012940952255126 0.341
    vertex -0.0433012701892219 0.025 0.341
  endloop
endfacet
facet normal 0.0 0.0 -1.0
  outer loop
    vertex -0.0433012701892219 -0.025 0.341
    vertex -0.0433012701892219 0.025 0.341
    vertex -0.0353553390593274 -0.0353553390593274 0.341
  endloop
endfacet
facet normal 0.0 0.0 -1.0
  outer loop
    vertex -0.0353553390593274 -0.0353553390593274 0.341
    vertex -0.0433012701892219 0.025 0.341
    vertex -0.0353553390593273 0.0353553390593274 0.341
  endloop
endfacet
facet normal 0.0 0.0 -1.0
  outer loop
    vertex -0.0353553390593274 -0.0353553390593274 0.341
    vertex -0.0353553390593273 0.0353553390593274 0.341
    vertex -0.025 -0.0433012701892219 0.341
  endloop
endfacet
facet normal 0.0 0.0 -1.0
  outer loop
    vertex -0.025 -0.0433012701892219 0.341
    vertex -0.0353553390593273 0.0353553390593274 0.341
    vertex -0.025 0.0433012701892219 0.341
  endloop
endfacet
facet normal 0.0 0.0 -1.0
  outer loop
    vertex -0.025 -0.0433012701892219 0.341
    vertex -0.025 0.0433012701892219 0.341
    vertex -0.012940952255126 -0.0482962913144534 0.341
  endloop
endfacet
facet normal 0.0 0.0 -1.0
  outer loop
    vertex -0.012940952255126 -0.0482962913144534 0.341
    vertex -0.025 0.0433012701892219 0.341
    vertex -0.012940952255126 0.0482962913144534 0.341
  endloop
endfacet
facet normal 0.0 0.0 -1.0
  outer loop
    vertex -0.012940952255126 -0.0482962913144534 0.341
    vertex -0.012940952255126 0.0482962913144534 0.341
    vertex 2.16323416198921e-017 -0.05 0.341
  endloop
endfacet
facet normal 0.0 0.0 -1.0
  outer loop
    vertex 2.16323416198921e-017 -0.05 0.341
    vertex -0.012940952255126 0.0482962913144534 0.341
    vertex 2.77555756156289e-017 0.05 0.341
  endloop
endfacet
facet normal 0.0 0.0 -1.0
  outer loop
    vertex 2.16323416198921e-017 -0.05 0.341
    vertex 2.77555756156289e-017 0.05 0.341
    vertex 0.012940952255126 -0.0482962913144534 0.341
  endloop
endfacet
facet normal 0.0 0.0 -1.0
  outer loop
    vertex 0.012940952255126 -0.0482962913144534 0.341
    vertex 2.77555756156289e-017 0.05 0.341
    vertex 0.0129409522551261 0.0482962913144534 0.341
  endloop
endfacet
facet normal 0.0 0.0 -1.0
  outer loop
    vertex 0.012940952255126 -0.0482962913144534 0.341
    vertex 0.0129409522551261 0.0482962913144534 0.341
    vertex 0.025 -0.0433012701892219 0.341
  endloop
endfacet
facet normal 0.0 0.0 -1.0
  outer loop
    vertex 0.025 -0.0433012701892219 0.341
    vertex 0.0129409522551261 0.0482962913144534 0.341
    vertex 0.0250000000000001 0.0433012701892219 0.341
  endloop
endfacet
facet normal 0.0 0.0 -1.0
  outer loop
    vertex 0.025 -0.0433012701892219 0.341
    vertex 0.0250000000000001 0.0433012701892219 0.341
    vertex 0.0353553390593274 -0.0353553390593274 0.341
  endloop
endfacet
facet normal 0.0 0.0 -1.0
  outer loop
    vertex 0.0353553390593274 -0.0353553390593274 0.341
    vertex 0.0250000000000001 0.0433012701892219 0.341
    vertex 0.0353553390593274 0.0353553390593274 0.341
  endloop
endfacet
facet normal 0.0 0.0 -1.0
  outer loop
    vertex 0.0353553390593274 -0.0353553390593274 0.341
    vertex 0.0353553390593274 0.0353553390593274 0.341
    vertex 0.0433012701892219 -0.025 0.341
  endloop
endfacet
facet normal 0.0 0.0 -1.0
  outer loop
    vertex 0.0433012701892219 -0.025 0.341
    vertex 0.0353553390593274 0.0353553390593274 0.341
    vertex 0.043301270189222 0.025 0.341
  endloop
endfacet
facet normal 0.0 0.0 -1.0
  outer loop
    vertex 0.0433012701892219 -0.025 0.341
    vertex 0.043301270189222 0.025 0.341
    vertex 0.0482962913144534 -0.0129409522551261 0.341
  endloop
endfacet
facet normal 0.0 0.0 -1.0
  outer loop
    vertex 0.0482962913144534 -0.0129409522551261 0.341
    vertex 0.043301270189222 0.025 0.341
    vertex 0.0482962913144535 0.012940952255126 0.341
  endloop
endfacet
facet normal 0.0 0.0 -1.0
  outer loop
    vertex 0.0482962913144534 -0.0129409522551261 0.341
    vertex 0.0482962913144535 0.012940952255126 0.341
    vertex 0.05 -9.18485099360515e-018 0.341
  endloop
endfacet
facet normal -3.02977736451995e-016 -1.0 0.0
  outer loop
    vertex 2.77555756156289e-017 0.05 0.341
    vertex -0.012940952255126 0.0482962913144534 0.141
    vertex 2.77555756156289e-017 0.05 0.141
  endloop
endfacet
facet normal 0.258819045102521 -0.965925826289068 0.0
  outer loop
    vertex -0.012940952255126 0.0482962913144534 0.141
    vertex 2.77555756156289e-017 0.05 0.341
    vertex -0.012940952255126 0.0482962913144534 0.341
  endloop
endfacet
facet normal -0.258819045102521 -0.965925826289068 0.0
  outer loop
    vertex 0.0129409522551261 0.0482962913144534 0.341
    vertex 2.77555756156289e-017 0.05 0.141
    vertex 0.0129409522551261 0.0482962913144534 0.141
  endloop
endfacet
facet normal -3.02977736451995e-016 -1.0 0.0
  outer loop
    vertex 2.77555756156289e-017 0.05 0.141
    vertex 0.0129409522551261 0.0482962913144534 0.341
    vertex 2.77555756156289e-017 0.05 0.341
  endloop
endfacet
facet normal -0.5 -0.866025403784438 0.0
  outer loop
    vertex 0.0250000000000001 0.0433012701892219 0.341
    vertex 0.0129409522551261 0.0482962913144534 0.141
    vertex 0.0250000000000001 0.0433012701892219 0.141
  endloop
endfacet
facet normal -0.258819045102521 -0.965925826289068 0.0
  outer loop
    vertex 0.0129409522551261 0.0482962913144534 0.141
    vertex 0.0250000000000001 0.0433012701892219 0.341
    vertex 0.0129409522551261 0.0482962913144534 0.341
  endloop
endfacet
facet normal -0.707106781186548 -0.707106781186547 0.0
  outer loop
    vertex 0.0353553390593274 0.0353553390593274 0.341
    vertex 0.0250000000000001 0.0433012701892219 0.141
    vertex 0.0353553390593274 0.0353553390593274 0.141
  endloop
endfacet
facet normal -0.5 -0.866025403784438 0.0
  outer loop
    vertex 0.0250000000000001 0.0433012701892219 0.141
    vertex 0.0353553390593274 0.0353553390593274 0.341
    vertex 0.0250000000000001 0.0433012701892219 0.341
  endloop
endfacet
facet normal -0.707106781186548 -0.707106781186547 0.0
  outer loop
    vertex 0.0353553390593274 0.0353553390593274 0.341
    vertex 0.043301270189222 0.025 0.141
    vertex 0.043301270189222 0.025 0.341
  endloop
endfacet
facet normal -0.866025403784439 -0.5 0.0
  outer loop
    vertex 0.043301270189222 0.025 0.141
    vertex 0.0353553390593274 0.0353553390593274 0.341
    vertex 0.0353553390593274 0.0353553390593274 0.141
  endloop
endfacet
facet normal -0.866025403784439 -0.5 0.0
  outer loop
    vertex 0.043301270189222 0.025 0.341
    vertex 0.0482962913144535 0.012940952255126 0.141
    vertex 0.0482962913144535 0.012940952255126 0.341
  endloop
endfacet
facet normal -0.965925826289069 -0.25881904510252 0.0
  outer loop
    vertex 0.0482962913144535 0.012940952255126 0.141
    vertex 0.043301270189222 0.025 0.341
    vertex 0.043301270189222 0.025 0.141
  endloop
endfacet
facet normal -0.965925826289069 -0.25881904510252 0.0
  outer loop
    vertex 0.0482962913144535 0.012940952255126 0.341
    vertex 0.05 -9.18485099360515e-018 0.141
    vertex 0.05 -9.18485099360515e-018 0.341
  endloop
endfacet
facet normal -1.0 5.79222143217049e-016 0.0
  outer loop
    vertex 0.05 -9.18485099360515e-018 0.141
    vertex 0.0482962913144535 0.012940952255126 0.341
    vertex 0.0482962913144535 0.012940952255126 0.141
  endloop
endfacet
facet normal -1.0 5.79222143217049e-016 0.0
  outer loop
    vertex 0.05 -9.18485099360515e-018 0.341
    vertex 0.0482962913144534 -0.0129409522551261 0.141
    vertex 0.0482962913144534 -0.0129409522551261 0.341
  endloop
endfacet
facet normal -0.965925826289068 0.258819045102521 0.0
  outer loop
    vertex 0.0482962913144534 -0.0129409522551261 0.141
    vertex 0.05 -9.18485099360515e-018 0.341
    vertex 0.05 -9.18485099360515e-018 0.141
  endloop
endfacet
facet normal -0.965925826289068 0.258819045102521 0.0
  outer loop
    vertex 0.0482962913144534 -0.0129409522551261 0.341
    vertex 0.0433012701892219 -0.025 0.141
    vertex 0.0433012701892219 -0.025 0.341
  endloop
endfacet
facet normal -0.866025403784438 0.500000000000001 0.0
  outer loop
    vertex 0.0433012701892219 -0.025 0.141
    vertex 0.0482962913144534 -0.0129409522551261 0.341
    vertex 0.0482962913144534 -0.0129409522551261 0.141
  endloop
endfacet
facet normal -0.866025403784438 0.500000000000001 0.0
  outer loop
    vertex 0.0433012701892219 -0.025 0.341
    vertex 0.0353553390593274 -0.0353553390593274 0.141
    vertex 0.0353553390593274 -0.0353553390593274 0.341
  endloop
endfacet
facet normal -0.707106781186547 0.707106781186548 0.0
  outer loop
    vertex 0.0353553390593274 -0.0353553390593274 0.141
    vertex 0.0433012701892219 -0.025 0.341
    vertex 0.0433012701892219 -0.025 0.141
  endloop
endfacet
facet normal -0.5 0.866025403784439 0.0
  outer loop
    vertex 0.025 -0.0433012701892219 0.341
    vertex 0.0353553390593274 -0.0353553390593274 0.141
    vertex 0.025 -0.0433012701892219 0.141
  endloop
endfacet
facet normal -0.707106781186547 0.707106781186548 0.0
  outer loop
    vertex 0.0353553390593274 -0.0353553390593274 0.141
    vertex 0.025 -0.0433012701892219 0.341
    vertex 0.0353553390593274 -0.0353553390593274 0.341
  endloop
endfacet
facet normal -0.25881904510252 0.965925826289068 0.0
  outer loop
    vertex 0.012940952255126 -0.0482962913144534 0.341
    vertex 0.025 -0.0433012701892219 0.141
    vertex 0.012940952255126 -0.0482962913144534 0.141
  endloop
endfacet
facet normal -0.5 0.866025403784439 0.0
  outer loop
    vertex 0.025 -0.0433012701892219 0.141
    vertex 0.012940952255126 -0.0482962913144534 0.341
    vertex 0.025 -0.0433012701892219 0.341
  endloop
endfacet
facet normal 4.18822165095404e-016 1.0 0.0
  outer loop
    vertex 2.16323416198921e-017 -0.05 0.341
    vertex 0.012940952255126 -0.0482962913144534 0.141
    vertex 2.16323416198921e-017 -0.05 0.141
  endloop
endfacet
facet normal -0.25881904510252 0.965925826289068 0.0
  outer loop
    vertex 0.012940952255126 -0.0482962913144534 0.141
    vertex 2.16323416198921e-017 -0.05 0.341
    vertex 0.012940952255126 -0.0482962913144534 0.341
  endloop
endfacet
facet normal 0.258819045102521 0.965925826289068 0.0
  outer loop
    vertex -0.012940952255126 -0.0482962913144534 0.341
    vertex 2.16323416198921e-017 -0.05 0.141
    vertex -0.012940952255126 -0.0482962913144534 0.141
  endloop
endfacet
facet normal 4.18822165095404e-016 1.0 0.0
  outer loop
    vertex 2.16323416198921e-017 -0.05 0.141
    vertex -0.012940952255126 -0.0482962913144534 0.341
    vertex 2.16323416198921e-017 -0.05 0.341
  endloop
endfacet
facet normal 0.5 0.866025403784439 0.0
  outer loop
    vertex -0.025 -0.0433012701892219 0.341
    vertex -0.012940952255126 -0.0482962913144534 0.141
    vertex -0.025 -0.0433012701892219 0.141
  endloop
endfacet
facet normal 0.258819045102521 0.965925826289068 0.0
  outer loop
    vertex -0.012940952255126 -0.0482962913144534 0.141
    vertex -0.025 -0.0433012701892219 0.341
    vertex -0.012940952255126 -0.0482962913144534 0.341
  endloop
endfacet
facet normal 0.707106781186548 0.707106781186547 0.0
  outer loop
    vertex -0.0353553390593274 -0.0353553390593274 0.341
    vertex -0.025 -0.0433012701892219 0.141
    vertex -0.0353553390593274 -0.0353553390593274 0.141
  endloop
endfacet
facet normal 0.5 0.866025403784439 0.0
  outer loop
    vertex -0.025 -0.0433012701892219 0.141
    vertex -0.0353553390593274 -0.0353553390593274 0.341
    vertex -0.025 -0.0433012701892219 0.341
  endloop
endfacet
facet normal 0.866025403784439 0.5 0.0
  outer loop
    vertex -0.0433012701892219 -0.025 0.141
    vertex -0.0353553390593274 -0.0353553390593274 0.341
    vertex -0.0353553390593274 -0.0353553390593274 0.141
  endloop
endfacet
facet normal 0.707106781186548 0.707106781186547 0.0
  outer loop
    vertex -0.0353553390593274 -0.0353553390593274 0.341
    vertex -0.0433012701892219 -0.025 0.141
    vertex -0.0433012701892219 -0.025 0.341
  endloop
endfacet
facet normal 0.965925826289068 -0.258819045102521 0.0
  outer loop
    vertex -0.0482962913144534 0.012940952255126 0.141
    vertex -0.05 3.06161699786838e-018 0.341
    vertex -0.05 3.06161699786838e-018 0.141
  endloop
endfacet
facet normal 1.0 -1.96044417704232e-016 0.0
  outer loop
    vertex -0.05 3.06161699786838e-018 0.341
    vertex -0.0482962913144534 0.012940952255126 0.141
    vertex -0.0482962913144534 0.012940952255126 0.341
  endloop
endfacet
facet normal 1.0 -1.96044417704232e-016 0.0
  outer loop
    vertex -0.05 3.06161699786838e-018 0.141
    vertex -0.0482962913144534 -0.012940952255126 0.341
    vertex -0.0482962913144534 -0.012940952255126 0.141
  endloop
endfacet
facet normal 0.965925826289068 0.258819045102521 0.0
  outer loop
    vertex -0.0482962913144534 -0.012940952255126 0.341
    vertex -0.05 3.06161699786838e-018 0.141
    vertex -0.05 3.06161699786838e-018 0.341
  endloop
endfacet
facet normal 0.965925826289068 0.258819045102521 0.0
  outer loop
    vertex -0.0482962913144534 -0.012940952255126 0.141
    vertex -0.0433012701892219 -0.025 0.341
    vertex -0.0433012701892219 -0.025 0.141
  endloop
endfacet
facet normal 0.866025403784439 0.5 0.0
  outer loop
    vertex -0.0433012701892219 -0.025 0.341
    vertex -0.0482962913144534 -0.012940952255126 0.141
    vertex -0.0482962913144534 -0.012940952255126 0.341
  endloop
endfacet
facet normal -0.965925826289068 0.0 0.258819045102521
  outer loop
    vertex -0.0299437006149611 0.198 0.00802339039817813
    vertex -0.031 0.136 -3.7964050773568e-018
    vertex -0.0299437006149611 0.136 0.00802339039817813
  endloop
endfacet
facet normal -1.0 0.0 -2.94066626556348e-016
  outer loop
    vertex -0.031 0.136 -3.7964050773568e-018
    vertex -0.0299437006149611 0.198 0.00802339039817813
    vertex -0.031 0.198 -3.7964050773568e-018
  endloop
endfacet
facet normal 0.5 -0.866025403784439 0.0
  outer loop
    vertex -0.025 0.0433012701892219 0.341
    vertex -0.0353553390593273 0.0353553390593274 0.141
    vertex -0.025 0.0433012701892219 0.141
  endloop
endfacet
facet normal 0.707106781186547 -0.707106781186548 0.0
  outer loop
    vertex -0.0353553390593273 0.0353553390593274 0.141
    vertex -0.025 0.0433012701892219 0.341
    vertex -0.0353553390593273 0.0353553390593274 0.341
  endloop
endfacet
facet normal 0.707106781186547 -0.707106781186548 0.0
  outer loop
    vertex -0.0353553390593273 0.0353553390593274 0.141
    vertex -0.0433012701892219 0.025 0.341
    vertex -0.0433012701892219 0.025 0.141
  endloop
endfacet
facet normal 0.866025403784439 -0.5 0.0
  outer loop
    vertex -0.0433012701892219 0.025 0.341
    vertex -0.0353553390593273 0.0353553390593274 0.141
    vertex -0.0353553390593273 0.0353553390593274 0.341
  endloop
endfacet
facet normal -1.0 0.0 -2.94066626556348e-016
  outer loop
    vertex -0.031 0.198 -3.7964050773568e-018
    vertex -0.0299437006149611 0.136 -0.00802339039817815
    vertex -0.031 0.136 -3.7964050773568e-018
  endloop
endfacet
facet normal -0.965925826289068 0.0 -0.258819045102521
  outer loop
    vertex -0.0299437006149611 0.136 -0.00802339039817815
    vertex -0.031 0.198 -3.7964050773568e-018
    vertex -0.0299437006149611 0.198 -0.00802339039817815
  endloop
endfacet
facet normal -0.965925826289068 0.0 -0.258819045102521
  outer loop
    vertex -0.0299437006149611 0.198 -0.00802339039817815
    vertex -0.0268467875173176 0.136 -0.0155
    vertex -0.0299437006149611 0.136 -0.00802339039817815
  endloop
endfacet
facet normal -0.866025403784439 0.0 -0.5
  outer loop
    vertex -0.0268467875173176 0.136 -0.0155
    vertex -0.0299437006149611 0.198 -0.00802339039817815
    vertex -0.0268467875173176 0.198 -0.0155
  endloop
endfacet
facet normal -0.866025403784439 0.0 -0.5
  outer loop
    vertex -0.0268467875173176 0.198 -0.0155
    vertex -0.021920310216783 0.136 -0.021920310216783
    vertex -0.0268467875173176 0.136 -0.0155
  endloop
endfacet
facet normal -0.707106781186547 0.0 -0.707106781186548
  outer loop
    vertex -0.021920310216783 0.136 -0.021920310216783
    vertex -0.0268467875173176 0.198 -0.0155
    vertex -0.021920310216783 0.198 -0.021920310216783
  endloop
endfacet
facet normal -0.5 0.0 -0.866025403784439
  outer loop
    vertex -0.0155 0.198 -0.0268467875173176
    vertex -0.021920310216783 0.136 -0.021920310216783
    vertex -0.021920310216783 0.198 -0.021920310216783
  endloop
endfacet
facet normal -0.707106781186547 0.0 -0.707106781186548
  outer loop
    vertex -0.021920310216783 0.136 -0.021920310216783
    vertex -0.0155 0.198 -0.0268467875173176
    vertex -0.0155 0.136 -0.0268467875173176
  endloop
endfacet
facet normal -0.258819045102521 0.0 -0.965925826289068
  outer loop
    vertex -0.00802339039817814 0.198 -0.0299437006149611
    vertex -0.0155 0.136 -0.0268467875173176
    vertex -0.0155 0.198 -0.0268467875173176
  endloop
endfacet
facet normal -0.5 0.0 -0.866025403784439
  outer loop
    vertex -0.0155 0.136 -0.0268467875173176
    vertex -0.00802339039817814 0.198 -0.0299437006149611
    vertex -0.00802339039817814 0.136 -0.0299437006149611
  endloop
endfacet
facet normal 1.60399978121644e-016 0.0 -1.0
  outer loop
    vertex 1.89820253867837e-018 0.198 -0.031
    vertex -0.00802339039817814 0.136 -0.0299437006149611
    vertex -0.00802339039817814 0.198 -0.0299437006149611
  endloop
endfacet
facet normal -0.258819045102521 0.0 -0.965925826289068
  outer loop
    vertex -0.00802339039817814 0.136 -0.0299437006149611
    vertex 1.89820253867837e-018 0.198 -0.031
    vertex 1.8982025386784e-018 0.136 -0.031
  endloop
endfacet
facet normal 0.258819045102521 0.0 -0.965925826289068
  outer loop
    vertex 0.00802339039817815 0.198 -0.0299437006149611
    vertex 1.8982025386784e-018 0.136 -0.031
    vertex 1.89820253867837e-018 0.198 -0.031
  endloop
endfacet
facet normal 1.60399978121644e-016 0.0 -1.0
  outer loop
    vertex 1.8982025386784e-018 0.136 -0.031
    vertex 0.00802339039817815 0.198 -0.0299437006149611
    vertex 0.00802339039817815 0.136 -0.0299437006149611
  endloop
endfacet
facet normal -0.0 1.0 -0.0
  outer loop
    vertex -2.48507089598353e-032 0.198 -2.07089241331961e-033
    vertex -0.021920310216783 0.198 -0.021920310216783
    vertex -0.0268467875173176 0.198 -0.0155
  endloop
endfacet
facet normal 0.866025403784439 -0.5 0.0
  outer loop
    vertex -0.0433012701892219 0.025 0.141
    vertex -0.0482962913144534 0.012940952255126 0.341
    vertex -0.0482962913144534 0.012940952255126 0.141
  endloop
endfacet
facet normal 0.965925826289068 -0.258819045102521 0.0
  outer loop
    vertex -0.0482962913144534 0.012940952255126 0.341
    vertex -0.0433012701892219 0.025 0.141
    vertex -0.0433012701892219 0.025 0.341
  endloop
endfacet
facet normal 0.258819045102521 -0.965925826289068 0.0
  outer loop
    vertex -0.012940952255126 0.0482962913144534 0.341
    vertex -0.025 0.0433012701892219 0.141
    vertex -0.012940952255126 0.0482962913144534 0.141
  endloop
endfacet
facet normal 0.5 -0.866025403784439 0.0
  outer loop
    vertex -0.025 0.0433012701892219 0.141
    vertex -0.012940952255126 0.0482962913144534 0.341
    vertex -0.025 0.0433012701892219 0.341
  endloop
endfacet
facet normal 0.793353340291236 6.86805893711377e-017 -0.608761429008719
  outer loop
    vertex -0.19 -0.186 0.190543749094404
    vertex -0.176776695296637 -0.26 0.207776695296637
    vertex -0.19 -0.26 0.190543749094404
  endloop
endfacet
facet normal 0.793353340291236 6.86805893711377e-017 -0.608761429008719
  outer loop
    vertex -0.176776695296637 -0.26 0.207776695296637
    vertex -0.19 -0.186 0.190543749094404
    vertex -0.176776695296637 -0.136 0.207776695296637
  endloop
endfacet
facet normal 0.793353340291236 6.86805893711377e-017 -0.608761429008719
  outer loop
    vertex -0.176776695296637 -0.136 0.207776695296637
    vertex -0.19 -0.186 0.190543749094404
    vertex -0.19 -0.136 0.190543749094404
  endloop
endfacet
facet normal 0.608761429008721 0.0 -0.793353340291235
  outer loop
    vertex -0.125 -0.136 0.24750635094611
    vertex -0.176776695296637 -0.26 0.207776695296637
    vertex -0.176776695296637 -0.136 0.207776695296637
  endloop
endfacet
facet normal 0.608761429008721 0.0 -0.793353340291235
  outer loop
    vertex -0.176776695296637 -0.26 0.207776695296637
    vertex -0.125 -0.136 0.24750635094611
    vertex -0.125 -0.26 0.24750635094611
  endloop
endfacet
facet normal 0.38268343236509 0.0 -0.923879532511287
  outer loop
    vertex -0.0647047612756302 -0.136 0.272481456572267
    vertex -0.125 -0.26 0.24750635094611
    vertex -0.125 -0.136 0.24750635094611
  endloop
endfacet
facet normal 0.38268343236509 0.0 -0.923879532511287
  outer loop
    vertex -0.125 -0.26 0.24750635094611
    vertex -0.0647047612756302 -0.136 0.272481456572267
    vertex -0.0647047612756302 -0.26 0.272481456572267
  endloop
endfacet
facet normal 0.124030746961778 0.99227837515891 -3.10162393067994e-007
  outer loop
    vertex 0.476982186774383 0.095 0.241337246932608
    vertex 0.516982186774383 0.09 0.088
    vertex 0.476982186774383 0.095 0.088
  endloop
endfacet
facet normal 0.124030746961778 0.99227837515891 -3.10162393067994e-007
  outer loop
    vertex 0.516982186774383 0.09 0.088
    vertex 0.476982186774383 0.095 0.241337246932608
    vertex 0.507752181414512 0.091153995737882 0.167051780567797
  endloop
endfacet
facet normal -0.923880721434949 2.62280576395349e-006 -0.382680562027859
  outer loop
    vertex 0.455238192441406 0.186 0.293831892951445
    vertex 0.465217105877752 0.0818699562114124 0.269740664795671
    vertex 0.455294760075906 0.0672973026375747 0.293695326601044
  endloop
endfacet
facet normal -0.923880721434949 2.62280576395349e-006 -0.382680562027859
  outer loop
    vertex 0.465217105877752 0.0818699562114124 0.269740664795671
    vertex 0.455238192441406 0.186 0.293831892951445
    vertex 0.476982186774383 0.095 0.241337246932608
  endloop
endfacet
facet normal -0.923880721434949 2.62280576395349e-006 -0.382680562027859
  outer loop
    vertex 0.476982186774383 0.095 0.241337246932608
    vertex 0.507752226748488 0.186 0.167051799112361
    vertex 0.507752181414512 0.091153995737882 0.167051780567797
  endloop
endfacet
facet normal -0.923880721434949 2.62280576395349e-006 -0.382680562027859
  outer loop
    vertex 0.507752226748488 0.186 0.167051799112361
    vertex 0.476982186774383 0.095 0.241337246932608
    vertex 0.455238192441406 0.186 0.293831892951445
  endloop
endfacet
facet normal -0.793338604436376 -3.5910357231186e-005 -0.608780631608291
  outer loop
    vertex 0.416503635928022 0.186 0.344311749805439
    vertex 0.455238192441406 -0.186 0.293831892951445
    vertex 0.416503635928022 -0.186 0.344311749805439
  endloop
endfacet
facet normal -0.793338604436376 -3.5910357231186e-005 -0.608780631608291
  outer loop
    vertex 0.455238192441406 -0.186 0.293831892951445
    vertex 0.416503635928022 0.186 0.344311749805439
    vertex 0.43815231450481 -0.0175910767006738 0.316098642595685
  endloop
endfacet
facet normal -0.793338604436376 -3.5910357231186e-005 -0.608780631608291
  outer loop
    vertex 0.455238192441406 -0.186 0.293831892951445
    vertex 0.43815231450481 -0.0175910767006738 0.316098642595685
    vertex 0.441642079171394 -0.0348721854893587 0.311550692736948
  endloop
endfacet
facet normal -0.793338604436376 -3.5910357231186e-005 -0.608780631608291
  outer loop
    vertex 0.455238192441406 -0.186 0.293831892951445
    vertex 0.441642079171394 -0.0348721854893587 0.311550692736948
    vertex 0.447389988513859 -0.0515388203202208 0.304059871441056
  endloop
endfacet
facet normal -0.793338604436376 -3.5910357231186e-005 -0.608780631608291
  outer loop
    vertex 0.455238192441406 -0.186 0.293831892951445
    vertex 0.447389988513859 -0.0515388203202208 0.304059871441056
    vertex 0.455294760075906 -0.0672973026375747 0.293831892951445
  endloop
endfacet
facet normal -0.793338604436376 -3.5910357231186e-005 -0.608780631608291
  outer loop
    vertex 0.43815231450481 -0.0175910767006738 0.316098642595685
    vertex 0.416503635928022 0.186 0.344311749805439
    vertex 0.436982186774383 0.0 0.317623582743442
  endloop
endfacet
facet normal -0.793338604436376 -3.5910357231186e-005 -0.608780631608291
  outer loop
    vertex 0.436982186774383 0.0 0.317623582743442
    vertex 0.416503635928022 0.186 0.344311749805439
    vertex 0.43815231450481 0.0175910767006738 0.316098642595685
  endloop
endfacet
facet normal -0.793338604436376 -3.5910357231186e-005 -0.608780631608291
  outer loop
    vertex 0.43815231450481 0.0175910767006738 0.316098642595685
    vertex 0.416503635928022 0.186 0.344311749805439
    vertex 0.441642079171394 0.0348721854893587 0.311550692736948
  endloop
endfacet
facet normal -0.793338604436376 -3.5910357231186e-005 -0.608780631608291
  outer loop
    vertex 0.441642079171394 0.0348721854893587 0.311550692736948
    vertex 0.416503635928022 0.186 0.344311749805439
    vertex 0.447389988513859 0.0515388203202208 0.304059871441056
  endloop
endfacet
facet normal -0.793338604436376 -3.5910357231186e-005 -0.608780631608291
  outer loop
    vertex 0.447389988513859 0.0515388203202208 0.304059871441056
    vertex 0.416503635928022 0.186 0.344311749805439
    vertex 0.455294760075906 0.0672973026375747 0.293695326601044
  endloop
endfacet
facet normal -0.793338604436376 -3.5910357231186e-005 -0.608780631608291
  outer loop
    vertex 0.455294760075906 0.0672973026375747 0.293695326601044
    vertex 0.416503635928022 0.186 0.344311749805439
    vertex 0.455238192441406 0.186 0.293831892951445
  endloop
endfacet
facet normal -0.89384719004061 -0.448371721740461 -5.34967696957536e-019
  outer loop
    vertex 0.447389988513859 -0.0515388203202208 0.304059871441056
    vertex 0.455294760075906 -0.0672973026375747 0.088
    vertex 0.455294760075906 -0.0672973026375747 0.293831892951445
  endloop
endfacet
facet normal -0.89384719004061 -0.448371721740461 -5.34967696957536e-019
  outer loop
    vertex 0.455294760075906 -0.0672973026375747 0.088
    vertex 0.447389988513859 -0.0515388203202208 0.304059871441056
    vertex 0.447389988513859 -0.0515388203202208 0.088
  endloop
endfacet
facet normal -0.99144486137381 0.0 0.130526192220052
  outer loop
    vertex -0.577273413376519 0.26 0.185679944926197
    vertex -0.590133222090252 -0.26 0.088
    vertex -0.577273413376519 -0.26 0.185679944926197
  endloop
endfacet
facet normal -0.99144486137381 0.0 0.130526192220052
  outer loop
    vertex -0.590133222090252 -0.26 0.088
    vertex -0.577273413376519 0.26 0.185679944926197
    vertex -0.590133222090252 0.26 0.088
  endloop
endfacet
facet normal 0.99144486137381 -1.0574352622481e-016 0.130526192220053
  outer loop
    vertex 0.590133222090253 0.26 0.088
    vertex 0.577273413376519 -0.26 0.185679944926196
    vertex 0.590133222090252 -0.26 0.088
  endloop
endfacet
facet normal 0.99144486137381 -1.0574352622481e-016 0.130526192220053
  outer loop
    vertex 0.577273413376519 -0.26 0.185679944926196
    vertex 0.590133222090253 0.26 0.088
    vertex 0.577273413376519 0.26 0.185679944926196
  endloop
endfacet
facet normal 0.433538638671863 0.0 -0.901134978112906
  outer loop
    vertex 0.342495807637518 -0.186 0.0755
    vertex 0.25 -0.26 0.031
    vertex 0.25 -0.186 0.031
  endloop
endfacet
facet normal 0.433538638671863 0.0 -0.901134978112906
  outer loop
    vertex 0.25 -0.26 0.031
    vertex 0.342495807637518 -0.186 0.0755
    vertex 0.342495807637518 -0.26 0.0755
  endloop
endfacet
facet normal 0.0 0.0 -1.0
  outer loop
    vertex 0.590133222090253 0.26 0.088
    vertex 0.342495807637518 0.186 0.088
    vertex 0.342495807637518 0.26 0.088
  endloop
endfacet
facet normal 0.0 0.0 -1.0
  outer loop
    vertex 0.342495807637518 0.186 0.088
    vertex 0.590133222090253 0.26 0.088
    vertex 0.516982186774383 0.186 0.088
  endloop
endfacet
facet normal 0.0 0.0 -1.0
  outer loop
    vertex 0.516982186774383 0.186 0.088
    vertex 0.590133222090253 0.26 0.088
    vertex 0.516982186774383 0.09 0.088
  endloop
endfacet
facet normal 0.0 0.0 -1.0
  outer loop
    vertex 0.516982186774383 0.09 0.088
    vertex 0.590133222090253 0.26 0.088
    vertex 0.516982186774383 -0.09 0.088
  endloop
endfacet
facet normal 0.0 0.0 -1.0
  outer loop
    vertex 0.516982186774383 -0.09 0.088
    vertex 0.590133222090253 0.26 0.088
    vertex 0.516982186774383 -0.186 0.088
  endloop
endfacet
facet normal 0.0 0.0 -1.0
  outer loop
    vertex 0.516982186774383 -0.186 0.088
    vertex 0.590133222090253 0.26 0.088
    vertex 0.590133222090252 -0.26 0.088
  endloop
endfacet
facet normal 0.0 0.0 -1.0
  outer loop
    vertex 0.516982186774383 -0.186 0.088
    vertex 0.342495807637518 -0.26 0.088
    vertex 0.342495807637518 -0.186 0.088
  endloop
endfacet
facet normal 0.0 0.0 -1.0
  outer loop
    vertex 0.342495807637518 -0.26 0.088
    vertex 0.516982186774383 -0.186 0.088
    vertex 0.590133222090252 -0.26 0.088
  endloop
endfacet
facet normal -0.993256919347805 3.03438674071836e-005 -0.115933995216923
  outer loop
    vertex 0.507757822168865 -0.0911530455756897 0.167054117305176
    vertex 0.516982186774383 -0.186 0.088
    vertex 0.507752226748488 -0.186 0.167051799112361
  endloop
endfacet
facet normal -0.993256919347805 3.03438674071836e-005 -0.115933995216923
  outer loop
    vertex 0.516982186774383 -0.186 0.088
    vertex 0.507757822168865 -0.0911530455756897 0.167054117305176
    vertex 0.516982186774383 -0.09 0.088
  endloop
endfacet
facet normal -0.433538638671863 -8.09176767650973e-018 -0.901134978112906
  outer loop
    vertex -0.25 0.26 0.031
    vertex -0.342495807637519 0.186 0.0755
    vertex -0.342495807637519 0.26 0.0755
  endloop
endfacet
facet normal -0.433538638671863 -8.09176767650973e-018 -0.901134978112906
  outer loop
    vertex -0.342495807637519 0.186 0.0755
    vertex -0.25 0.26 0.031
    vertex -0.25 0.186 0.031
  endloop
endfacet
facet normal 0.433538638671864 0.0 -0.901134978112906
  outer loop
    vertex 0.342495807637518 0.26 0.0755
    vertex 0.25 0.186 0.031
    vertex 0.25 0.26 0.031
  endloop
endfacet
facet normal 0.433538638671864 0.0 -0.901134978112906
  outer loop
    vertex 0.25 0.186 0.031
    vertex 0.342495807637518 0.26 0.0755
    vertex 0.342495807637518 0.186 0.0755
  endloop
endfacet
facet normal 1.0 -0.0 -0.0
  outer loop
    vertex 0.342495807637518 -0.186 0.0755
    vertex 0.342495807637518 -0.26 0.088
    vertex 0.342495807637518 -0.26 0.0755
  endloop
endfacet
facet normal 1.0 -0.0 -0.0
  outer loop
    vertex 0.342495807637518 -0.26 0.088
    vertex 0.342495807637518 -0.186 0.0755
    vertex 0.342495807637518 -0.186 0.088
  endloop
endfacet
facet normal -0.980213082737133 -0.197945225835248 3.1940527900772e-019
  outer loop
    vertex 0.43815231450481 -0.0175910767006738 0.316098642595685
    vertex 0.441642079171394 -0.0348721854893587 0.088
    vertex 0.441642079171394 -0.0348721854893587 0.311550692736948
  endloop
endfacet
facet normal -0.980213082737133 -0.197945225835248 3.1940527900772e-019
  outer loop
    vertex 0.441642079171394 -0.0348721854893587 0.088
    vertex 0.43815231450481 -0.0175910767006738 0.316098642595685
    vertex 0.43815231450481 -0.0175910767006738 0.088
  endloop
endfacet
facet normal -1.0 0.0 0.0
  outer loop
    vertex 0.342495807637518 0.26 0.088
    vertex 0.342495807637518 0.186 0.0755
    vertex 0.342495807637518 0.186 0.088
  endloop
endfacet
facet normal -1.0 0.0 0.0
  outer loop
    vertex 0.342495807637518 0.186 0.0755
    vertex 0.342495807637518 0.26 0.088
    vertex 0.342495807637518 0.26 0.0755
  endloop
endfacet
facet normal -2.86784982107388e-017 -0.995327530163154 0.0965562411204798
  outer loop
    vertex 0.0 -0.19 1.3
    vertex -0.226749326076281 -0.26 0.578421298272318
    vertex 4.33680868994202e-018 -0.26 0.578421298272318
  endloop
endfacet
facet normal -2.86784982107388e-017 -0.995327530163154 0.0965562411204798
  outer loop
    vertex -0.226749326076281 -0.26 0.578421298272318
    vertex 0.0 -0.19 1.3
    vertex -0.08 -0.19 1.3
  endloop
endfacet
facet normal 0.0 -1.0 0.0
  outer loop
    vertex 0.342495807637518 0.186 0.0755
    vertex 0.241481456572267 0.186 0.0957047612756301
    vertex 0.25 0.186 0.031
  endloop
endfacet
facet normal 0.0 -1.0 0.0
  outer loop
    vertex 0.241481456572267 0.186 0.0957047612756301
    vertex 0.342495807637518 0.186 0.0755
    vertex 0.342495807637518 0.186 0.088
  endloop
endfacet
facet normal 0.0 -1.0 0.0
  outer loop
    vertex 0.507752226748488 0.186 0.167051799112361
    vertex 0.342495807637518 0.186 0.088
    vertex 0.516982186774383 0.186 0.088
  endloop
endfacet
facet normal 0.0 -1.0 0.0
  outer loop
    vertex 0.342495807637518 0.186 0.088
    vertex 0.507752226748488 0.186 0.167051799112361
    vertex 0.241481456572267 0.186 0.0957047612756301
  endloop
endfacet
facet normal 0.0 -1.0 0.0
  outer loop
    vertex 0.241481456572267 0.186 0.0957047612756301
    vertex 0.507752226748488 0.186 0.167051799112361
    vertex 0.21650635094611 0.186 0.156
  endloop
endfacet
facet normal 0.0 -1.0 0.0
  outer loop
    vertex 0.21650635094611 0.186 0.156
    vertex 0.507752226748488 0.186 0.167051799112361
    vertex 0.19 0.186 0.190543749094404
  endloop
endfacet
facet normal 0.0 -1.0 0.0
  outer loop
    vertex 0.19 0.186 0.190543749094404
    vertex 0.507752226748488 0.186 0.167051799112361
    vertex 0.455238192441406 0.186 0.293831892951445
  endloop
endfacet
facet normal 0.0 -1.0 0.0
  outer loop
    vertex 0.19 0.186 0.190543749094404
    vertex 0.455238192441406 0.186 0.293831892951445
    vertex 0.248525032040647 0.186 0.282485291174695
  endloop
endfacet
facet normal 0.0 -1.0 0.0
  outer loop
    vertex 0.248525032040647 0.186 0.282485291174695
    vertex 0.455238192441406 0.186 0.293831892951445
    vertex 0.316409313194184 0.186 0.293533934781764
  endloop
endfacet
facet normal 0.0 -1.0 0.0
  outer loop
    vertex 0.316409313194184 0.186 0.293533934781764
    vertex 0.455238192441406 0.186 0.293831892951445
    vertex 0.380204806812957 0.186 0.319233801458954
  endloop
endfacet
facet normal 0.0 -1.0 0.0
  outer loop
    vertex 0.380204806812957 0.186 0.319233801458954
    vertex 0.455238192441406 0.186 0.293831892951445
    vertex 0.416503635928022 0.186 0.344311749805439
  endloop
endfacet
facet normal 0.0 -1.0 0.0
  outer loop
    vertex 0.19 0.186 0.286017121586492
    vertex 0.19 0.186 0.190543749094404
    vertex 0.248525032040647 0.186 0.282485291174695
  endloop
endfacet
facet normal 1.14713992842955e-016 -0.995327530163154 -0.0965562411204798
  outer loop
    vertex 4.33680868994202e-018 0.26 0.578421298272318
    vertex -0.08 0.19 1.3
    vertex -0.226749326076281 0.26 0.578421298272318
  endloop
endfacet
facet normal 1.14713992842955e-016 -0.995327530163154 -0.0965562411204798
  outer loop
    vertex -0.08 0.19 1.3
    vertex 4.33680868994202e-018 0.26 0.578421298272318
    vertex 0.0 0.19 1.3
  endloop
endfacet
facet normal 5.061152932251e-032 -1.0 -4.01662525902876e-032
  outer loop
    vertex 0.577273413376519 -0.26 0.185679944926196
    vertex 0.342495807637518 -0.26 0.088
    vertex 0.590133222090252 -0.26 0.088
  endloop
endfacet
facet normal 5.061152932251e-032 -1.0 -4.01662525902876e-032
  outer loop
    vertex 0.342495807637518 -0.26 0.088
    vertex 0.577273413376519 -0.26 0.185679944926196
    vertex 0.242495807637518 -0.26 0.088
  endloop
endfacet
facet normal 5.061152932251e-032 -1.0 -4.01662525902876e-032
  outer loop
    vertex 0.242495807637518 -0.26 0.088
    vertex 0.577273413376519 -0.26 0.185679944926196
    vertex 0.241481456572267 -0.26 0.0957047612756303
  endloop
endfacet
facet normal 5.061152932251e-032 -1.0 -4.01662525902876e-032
  outer loop
    vertex 0.241481456572267 -0.26 0.0957047612756303
    vertex 0.577273413376519 -0.26 0.185679944926196
    vertex 0.21650635094611 -0.26 0.156
  endloop
endfacet
facet normal 5.061152932251e-032 -1.0 -4.01662525902876e-032
  outer loop
    vertex 0.21650635094611 -0.26 0.156
    vertex 0.577273413376519 -0.26 0.185679944926196
    vertex 0.19 -0.26 0.190543749094404
  endloop
endfacet
facet normal 5.061152932251e-032 -1.0 -4.01662525902876e-032
  outer loop
    vertex 0.19 -0.26 0.190543749094404
    vertex 0.577273413376519 -0.26 0.185679944926196
    vertex 0.517569183168117 -0.26 0.329818707226367
  endloop
endfacet
facet normal 5.061152932251e-032 -1.0 -4.01662525902876e-032
  outer loop
    vertex 0.19 -0.26 0.190543749094404
    vertex 0.517569183168117 -0.26 0.329818707226367
    vertex 0.176776695296637 -0.26 0.207776695296637
  endloop
endfacet
facet normal 5.061152932251e-032 -1.0 -4.01662525902876e-032
  outer loop
    vertex 0.176776695296637 -0.26 0.207776695296637
    vertex 0.517569183168117 -0.26 0.329818707226367
    vertex 0.125 -0.26 0.24750635094611
  endloop
endfacet
facet normal 5.061152932251e-032 -1.0 -4.01662525902876e-032
  outer loop
    vertex 0.125 -0.26 0.24750635094611
    vertex 0.517569183168117 -0.26 0.329818707226367
    vertex 0.0948523806378151 -0.26 0.259993903759189
  endloop
endfacet
facet normal 5.061152932251e-032 -1.0 -4.01662525902876e-032
  outer loop
    vertex 0.0948523806378151 -0.26 0.259993903759189
    vertex 0.517569183168117 -0.26 0.329818707226367
    vertex 0.0647047612756301 -0.26 0.272481456572267
  endloop
endfacet
facet normal 5.061152932251e-032 -1.0 -4.01662525902876e-032
  outer loop
    vertex 0.0647047612756301 -0.26 0.272481456572267
    vertex 0.517569183168117 -0.26 0.329818707226367
    vertex -1.73472347597681e-017 -0.26 0.281
  endloop
endfacet
facet normal 5.061152932251e-032 -1.0 -4.01662525902876e-032
  outer loop
    vertex 0.342495807637518 -0.26 0.0755
    vertex 0.242495807637518 -0.26 0.088
    vertex 0.25 -0.26 0.031
  endloop
endfacet
facet normal 5.061152932251e-032 -1.0 -4.01662525902876e-032
  outer loop
    vertex 0.242495807637518 -0.26 0.088
    vertex 0.342495807637518 -0.26 0.0755
    vertex 0.342495807637518 -0.26 0.088
  endloop
endfacet
facet normal 5.061152932251e-032 -1.0 -4.01662525902876e-032
  outer loop
    vertex -0.242495807637518 -0.26 0.088
    vertex -0.342495807637519 -0.26 0.0755
    vertex -0.25 -0.26 0.031
  endloop
endfacet
facet normal 5.061152932251e-032 -1.0 -4.01662525902876e-032
  outer loop
    vertex -0.342495807637519 -0.26 0.0755
    vertex -0.242495807637518 -0.26 0.088
    vertex -0.342495807637519 -0.26 0.088
  endloop
endfacet
facet normal 5.061152932251e-032 -1.0 -4.01662525902876e-032
  outer loop
    vertex -0.342495807637519 -0.26 0.088
    vertex -0.242495807637518 -0.26 0.088
    vertex -0.241481456572267 -0.26 0.0957047612756302
  endloop
endfacet
facet normal 5.061152932251e-032 -1.0 -4.01662525902876e-032
  outer loop
    vertex -0.342495807637519 -0.26 0.088
    vertex -0.241481456572267 -0.26 0.0957047612756302
    vertex -0.590133222090252 -0.26 0.088
  endloop
endfacet
facet normal 5.061152932251e-032 -1.0 -4.01662525902876e-032
  outer loop
    vertex -0.590133222090252 -0.26 0.088
    vertex -0.241481456572267 -0.26 0.0957047612756302
    vertex -0.577273413376519 -0.26 0.185679944926197
  endloop
endfacet
facet normal 5.061152932251e-032 -1.0 -4.01662525902876e-032
  outer loop
    vertex -0.577273413376519 -0.26 0.185679944926197
    vertex -0.241481456572267 -0.26 0.0957047612756302
    vertex -0.21650635094611 -0.26 0.156
  endloop
endfacet
facet normal 5.061152932251e-032 -1.0 -4.01662525902876e-032
  outer loop
    vertex -0.577273413376519 -0.26 0.185679944926197
    vertex -0.21650635094611 -0.26 0.156
    vertex -0.19 -0.26 0.190543749094404
  endloop
endfacet
facet normal 5.061152932251e-032 -1.0 -4.01662525902876e-032
  outer loop
    vertex -0.577273413376519 -0.26 0.185679944926197
    vertex -0.19 -0.26 0.190543749094404
    vertex -0.517569183168117 -0.26 0.329818707226367
  endloop
endfacet
facet normal 5.061152932251e-032 -1.0 -4.01662525902876e-032
  outer loop
    vertex -0.517569183168117 -0.26 0.329818707226367
    vertex -0.19 -0.26 0.190543749094404
    vertex -0.176776695296637 -0.26 0.207776695296637
  endloop
endfacet
facet normal 5.061152932251e-032 -1.0 -4.01662525902876e-032
  outer loop
    vertex -0.517569183168117 -0.26 0.329818707226367
    vertex -0.176776695296637 -0.26 0.207776695296637
    vertex -0.125 -0.26 0.24750635094611
  endloop
endfacet
facet normal 5.061152932251e-032 -1.0 -4.01662525902876e-032
  outer loop
    vertex -0.517569183168117 -0.26 0.329818707226367
    vertex -0.125 -0.26 0.24750635094611
    vertex -0.0647047612756302 -0.26 0.272481456572267
  endloop
endfacet
facet normal 5.061152932251e-032 -1.0 -4.01662525902876e-032
  outer loop
    vertex -0.517569183168117 -0.26 0.329818707226367
    vertex -0.0647047612756302 -0.26 0.272481456572267
    vertex -1.73472347597681e-017 -0.26 0.281
  endloop
endfacet
facet normal 5.061152932251e-032 -1.0 -4.01662525902876e-032
  outer loop
    vertex -0.517569183168117 -0.26 0.329818707226367
    vertex -1.73472347597681e-017 -0.26 0.281
    vertex 0.517569183168117 -0.26 0.329818707226367
  endloop
endfacet
facet normal 5.061152932251e-032 -1.0 -4.01662525902876e-032
  outer loop
    vertex -0.517569183168117 -0.26 0.329818707226367
    vertex 0.517569183168117 -0.26 0.329818707226367
    vertex 0.244713215067671 -0.26 0.357851767689289
  endloop
endfacet
facet normal 5.061152932251e-032 -1.0 -4.01662525902876e-032
  outer loop
    vertex 0.244713215067671 -0.26 0.357851767689289
    vertex 0.517569183168117 -0.26 0.329818707226367
    vertex 0.296124646547039 -0.26 0.366219339299277
  endloop
endfacet
facet normal 5.061152932251e-032 -1.0 -4.01662525902876e-032
  outer loop
    vertex 0.296124646547039 -0.26 0.366219339299277
    vertex 0.517569183168117 -0.26 0.329818707226367
    vertex 0.344439478686986 -0.26 0.385682857395829
  endloop
endfacet
facet normal 5.061152932251e-032 -1.0 -4.01662525902876e-032
  outer loop
    vertex 0.344439478686986 -0.26 0.385682857395829
    vertex 0.517569183168117 -0.26 0.329818707226367
    vertex 0.387294477871548 -0.26 0.415290298796551
  endloop
endfacet
facet normal 5.061152932251e-032 -1.0 -4.01662525902876e-032
  outer loop
    vertex 0.387294477871548 -0.26 0.415290298796551
    vertex 0.517569183168117 -0.26 0.329818707226367
    vertex 0.422593468450324 -0.26 0.453593468450323
  endloop
endfacet
facet normal 5.061152932251e-032 -1.0 -4.01662525902876e-032
  outer loop
    vertex -0.517569183168117 -0.26 0.329818707226367
    vertex 0.192719882484092 -0.26 0.360989427368003
    vertex -0.422593468450323 -0.26 0.453593468450323
  endloop
endfacet
facet normal 5.061152932251e-032 -1.0 -4.01662525902876e-032
  outer loop
    vertex 0.192719882484092 -0.26 0.360989427368003
    vertex -0.517569183168117 -0.26 0.329818707226367
    vertex 0.244713215067671 -0.26 0.357851767689289
  endloop
endfacet
facet normal 5.061152932251e-032 -1.0 -4.01662525902876e-032
  outer loop
    vertex -0.422593468450323 -0.26 0.453593468450323
    vertex 0.192719882484092 -0.26 0.360989427368003
    vertex 0.142687809683451 -0.26 0.375478845323099
  endloop
endfacet
facet normal 5.061152932251e-032 -1.0 -4.01662525902876e-032
  outer loop
    vertex -0.422593468450323 -0.26 0.453593468450323
    vertex 0.142687809683451 -0.26 0.375478845323099
    vertex 0.0970642260378046 -0.26 0.400611297585756
  endloop
endfacet
facet normal 5.061152932251e-032 -1.0 -4.01662525902876e-032
  outer loop
    vertex -0.422593468450323 -0.26 0.453593468450323
    vertex 0.0970642260378046 -0.26 0.400611297585756
    vertex 0.0580807275555945 -0.26 0.435157475196218
  endloop
endfacet
facet normal 5.061152932251e-032 -1.0 -4.01662525902876e-032
  outer loop
    vertex -0.422593468450323 -0.26 0.453593468450323
    vertex 0.0580807275555945 -0.26 0.435157475196218
    vertex 0.0276441223535122 -0.26 0.477427613653274
  endloop
endfacet
facet normal 5.061152932251e-032 -1.0 -4.01662525902876e-032
  outer loop
    vertex -0.422593468450323 -0.26 0.453593468450323
    vertex 0.0276441223535122 -0.26 0.477427613653274
    vertex -0.298818707226367 -0.26 0.548569183168117
  endloop
endfacet
facet normal 5.061152932251e-032 -1.0 -4.01662525902876e-032
  outer loop
    vertex -0.298818707226367 -0.26 0.548569183168117
    vertex 0.0276441223535122 -0.26 0.477427613653274
    vertex 0.00724316254728502 -0.26 0.525354144723139
  endloop
endfacet
facet normal 5.061152932251e-032 -1.0 -4.01662525902876e-032
  outer loop
    vertex -0.298818707226367 -0.26 0.548569183168117
    vertex 0.00724316254728502 -0.26 0.525354144723139
    vertex 4.33680868994202e-018 -0.26 0.578421298272318
  endloop
endfacet
facet normal 5.061152932251e-032 -1.0 -4.01662525902876e-032
  outer loop
    vertex -0.298818707226367 -0.26 0.548569183168117
    vertex 4.33680868994202e-018 -0.26 0.578421298272318
    vertex -0.226749326076281 -0.26 0.578421298272318
  endloop
endfacet
facet normal -0.744757807838814 0.667334854224717 5.05594141664244e-019
  outer loop
    vertex 0.476982186774383 0.095 0.241337246932608
    vertex 0.465217105877752 0.0818699562114124 0.088
    vertex 0.465217105877752 0.0818699562114124 0.269740664795671
  endloop
endfacet
facet normal -0.744757807838814 0.667334854224717 5.05594141664244e-019
  outer loop
    vertex 0.465217105877752 0.0818699562114124 0.088
    vertex 0.476982186774383 0.095 0.241337246932608
    vertex 0.476982186774383 0.095 0.088
  endloop
endfacet
facet normal -0.0 1.0 -0.0
  outer loop
    vertex 0.19 -0.186 0.286017121586492
    vertex 0.248525032040647 -0.186 0.282485291174695
    vertex 0.19 -0.186 0.190543749094404
  endloop
endfacet
facet normal -0.0 1.0 -0.0
  outer loop
    vertex 0.241481456572267 -0.186 0.0957047612756303
    vertex 0.342495807637518 -0.186 0.0755
    vertex 0.25 -0.186 0.031
  endloop
endfacet
facet normal -0.0 1.0 -0.0
  outer loop
    vertex 0.342495807637518 -0.186 0.0755
    vertex 0.241481456572267 -0.186 0.0957047612756303
    vertex 0.342495807637518 -0.186 0.088
  endloop
endfacet
facet normal -0.0 1.0 -0.0
  outer loop
    vertex 0.342495807637518 -0.186 0.088
    vertex 0.241481456572267 -0.186 0.0957047612756303
    vertex 0.516982186774383 -0.186 0.088
  endloop
endfacet
facet normal -0.0 1.0 -0.0
  outer loop
    vertex 0.516982186774383 -0.186 0.088
    vertex 0.241481456572267 -0.186 0.0957047612756303
    vertex 0.507752226748488 -0.186 0.167051799112361
  endloop
endfacet
facet normal -0.0 1.0 -0.0
  outer loop
    vertex 0.507752226748488 -0.186 0.167051799112361
    vertex 0.241481456572267 -0.186 0.0957047612756303
    vertex 0.21650635094611 -0.186 0.156
  endloop
endfacet
facet normal -0.0 1.0 -0.0
  outer loop
    vertex 0.507752226748488 -0.186 0.167051799112361
    vertex 0.21650635094611 -0.186 0.156
    vertex 0.19 -0.186 0.190543749094404
  endloop
endfacet
facet normal -0.0 1.0 -0.0
  outer loop
    vertex 0.507752226748488 -0.186 0.167051799112361
    vertex 0.19 -0.186 0.190543749094404
    vertex 0.455238192441406 -0.186 0.293831892951445
  endloop
endfacet
facet normal -0.0 1.0 -0.0
  outer loop
    vertex 0.455238192441406 -0.186 0.293831892951445
    vertex 0.19 -0.186 0.190543749094404
    vertex 0.248525032040647 -0.186 0.282485291174695
  endloop
endfacet
facet normal -0.0 1.0 -0.0
  outer loop
    vertex 0.455238192441406 -0.186 0.293831892951445
    vertex 0.248525032040647 -0.186 0.282485291174695
    vertex 0.316409313194184 -0.186 0.293533934781764
  endloop
endfacet
facet normal -0.0 1.0 -0.0
  outer loop
    vertex 0.455238192441406 -0.186 0.293831892951445
    vertex 0.316409313194184 -0.186 0.293533934781764
    vertex 0.380204806812957 -0.186 0.319233801458954
  endloop
endfacet
facet normal -0.0 1.0 -0.0
  outer loop
    vertex 0.455238192441406 -0.186 0.293831892951445
    vertex 0.380204806812957 -0.186 0.319233801458954
    vertex 0.416503635928022 -0.186 0.344311749805439
  endloop
endfacet
facet normal -0.433538638671863 0.0 -0.901134978112906
  outer loop
    vertex -0.25 -0.186 0.031
    vertex -0.342495807637519 -0.26 0.0755
    vertex -0.342495807637519 -0.186 0.0755
  endloop
endfacet
facet normal -0.433538638671863 0.0 -0.901134978112906
  outer loop
    vertex -0.342495807637519 -0.26 0.0755
    vertex -0.25 -0.186 0.031
    vertex -0.25 -0.26 0.031
  endloop
endfacet
facet normal -2.77389754454756e-032 -1.0 7.32279515020903e-032
  outer loop
    vertex 0.577273413376519 0.26 0.185679944926196
    vertex 0.342495807637518 0.26 0.088
    vertex 0.590133222090253 0.26 0.088
  endloop
endfacet
facet normal -2.77389754454756e-032 -1.0 7.32279515020903e-032
  outer loop
    vertex 0.342495807637518 0.26 0.088
    vertex 0.577273413376519 0.26 0.185679944926196
    vertex 0.242495807637518 0.26 0.088
  endloop
endfacet
facet normal -2.77389754454756e-032 -1.0 7.32279515020903e-032
  outer loop
    vertex 0.242495807637518 0.26 0.088
    vertex 0.577273413376519 0.26 0.185679944926196
    vertex 0.241481456572267 0.26 0.0957047612756301
  endloop
endfacet
facet normal -2.77389754454756e-032 -1.0 7.32279515020903e-032
  outer loop
    vertex 0.241481456572267 0.26 0.0957047612756301
    vertex 0.577273413376519 0.26 0.185679944926196
    vertex 0.21650635094611 0.26 0.156
  endloop
endfacet
facet normal -2.77389754454756e-032 -1.0 7.32279515020903e-032
  outer loop
    vertex 0.21650635094611 0.26 0.156
    vertex 0.577273413376519 0.26 0.185679944926196
    vertex 0.19 0.26 0.190543749094404
  endloop
endfacet
facet normal -2.77389754454756e-032 -1.0 7.32279515020903e-032
  outer loop
    vertex 0.19 0.26 0.190543749094404
    vertex 0.577273413376519 0.26 0.185679944926196
    vertex 0.517569183168117 0.26 0.329818707226367
  endloop
endfacet
facet normal -2.77389754454756e-032 -1.0 7.32279515020903e-032
  outer loop
    vertex 0.19 0.26 0.190543749094404
    vertex 0.517569183168117 0.26 0.329818707226367
    vertex 0.176776695296637 0.26 0.207776695296637
  endloop
endfacet
facet normal -2.77389754454756e-032 -1.0 7.32279515020903e-032
  outer loop
    vertex 0.176776695296637 0.26 0.207776695296637
    vertex 0.517569183168117 0.26 0.329818707226367
    vertex 0.125 0.26 0.24750635094611
  endloop
endfacet
facet normal -2.77389754454756e-032 -1.0 7.32279515020903e-032
  outer loop
    vertex 0.125 0.26 0.24750635094611
    vertex 0.517569183168117 0.26 0.329818707226367
    vertex 0.0647047612756304 0.26 0.272481456572267
  endloop
endfacet
facet normal -2.77389754454756e-032 -1.0 7.32279515020903e-032
  outer loop
    vertex 0.0647047612756304 0.26 0.272481456572267
    vertex 0.517569183168117 0.26 0.329818707226367
    vertex 4.5102810375397e-017 0.26 0.281
  endloop
endfacet
facet normal -2.77389754454756e-032 -1.0 7.32279515020903e-032
  outer loop
    vertex 0.342495807637518 0.26 0.0755
    vertex 0.242495807637518 0.26 0.088
    vertex 0.25 0.26 0.031
  endloop
endfacet
facet normal -2.77389754454756e-032 -1.0 7.32279515020903e-032
  outer loop
    vertex 0.242495807637518 0.26 0.088
    vertex 0.342495807637518 0.26 0.0755
    vertex 0.342495807637518 0.26 0.088
  endloop
endfacet
facet normal -2.77389754454756e-032 -1.0 7.32279515020903e-032
  outer loop
    vertex -0.242495807637518 0.26 0.088
    vertex -0.342495807637519 0.26 0.0755
    vertex -0.25 0.26 0.031
  endloop
endfacet
facet normal -2.77389754454756e-032 -1.0 7.32279515020903e-032
  outer loop
    vertex -0.342495807637519 0.26 0.0755
    vertex -0.242495807637518 0.26 0.088
    vertex -0.342495807637519 0.26 0.088
  endloop
endfacet
facet normal -2.77389754454756e-032 -1.0 7.32279515020903e-032
  outer loop
    vertex -0.342495807637519 0.26 0.088
    vertex -0.242495807637518 0.26 0.088
    vertex -0.241481456572267 0.26 0.0957047612756304
  endloop
endfacet
facet normal -2.77389754454756e-032 -1.0 7.32279515020903e-032
  outer loop
    vertex -0.342495807637519 0.26 0.088
    vertex -0.241481456572267 0.26 0.0957047612756304
    vertex -0.590133222090252 0.26 0.088
  endloop
endfacet
facet normal -2.77389754454756e-032 -1.0 7.32279515020903e-032
  outer loop
    vertex -0.590133222090252 0.26 0.088
    vertex -0.241481456572267 0.26 0.0957047612756304
    vertex -0.577273413376519 0.26 0.185679944926197
  endloop
endfacet
facet normal -2.77389754454756e-032 -1.0 7.32279515020903e-032
  outer loop
    vertex -0.577273413376519 0.26 0.185679944926197
    vertex -0.241481456572267 0.26 0.0957047612756304
    vertex -0.21650635094611 0.26 0.156
  endloop
endfacet
facet normal -2.77389754454756e-032 -1.0 7.32279515020903e-032
  outer loop
    vertex -0.577273413376519 0.26 0.185679944926197
    vertex -0.21650635094611 0.26 0.156
    vertex -0.19 0.26 0.190543749094404
  endloop
endfacet
facet normal -2.77389754454756e-032 -1.0 7.32279515020903e-032
  outer loop
    vertex -0.577273413376519 0.26 0.185679944926197
    vertex -0.19 0.26 0.190543749094404
    vertex -0.517569183168117 0.26 0.329818707226367
  endloop
endfacet
facet normal -2.77389754454756e-032 -1.0 7.32279515020903e-032
  outer loop
    vertex -0.517569183168117 0.26 0.329818707226367
    vertex -0.19 0.26 0.190543749094404
    vertex -0.176776695296637 0.26 0.207776695296637
  endloop
endfacet
facet normal -2.77389754454756e-032 -1.0 7.32279515020903e-032
  outer loop
    vertex -0.517569183168117 0.26 0.329818707226367
    vertex -0.176776695296637 0.26 0.207776695296637
    vertex -0.125 0.26 0.24750635094611
  endloop
endfacet
facet normal -2.77389754454756e-032 -1.0 7.32279515020903e-032
  outer loop
    vertex -0.517569183168117 0.26 0.329818707226367
    vertex -0.125 0.26 0.24750635094611
    vertex -0.0647047612756301 0.26 0.272481456572267
  endloop
endfacet
facet normal -2.77389754454756e-032 -1.0 7.32279515020903e-032
  outer loop
    vertex -0.517569183168117 0.26 0.329818707226367
    vertex -0.0647047612756301 0.26 0.272481456572267
    vertex 4.5102810375397e-017 0.26 0.281
  endloop
endfacet
facet normal -2.77389754454756e-032 -1.0 7.32279515020903e-032
  outer loop
    vertex -0.517569183168117 0.26 0.329818707226367
    vertex 4.5102810375397e-017 0.26 0.281
    vertex 0.517569183168117 0.26 0.329818707226367
  endloop
endfacet
facet normal -2.77389754454756e-032 -1.0 7.32279515020903e-032
  outer loop
    vertex -0.517569183168117 0.26 0.329818707226367
    vertex 0.517569183168117 0.26 0.329818707226367
    vertex 0.244713215067671 0.26 0.357851767689289
  endloop
endfacet
facet normal -2.77389754454756e-032 -1.0 7.32279515020903e-032
  outer loop
    vertex 0.244713215067671 0.26 0.357851767689289
    vertex 0.517569183168117 0.26 0.329818707226367
    vertex 0.296124646547039 0.26 0.366219339299277
  endloop
endfacet
facet normal -2.77389754454756e-032 -1.0 7.32279515020903e-032
  outer loop
    vertex 0.296124646547039 0.26 0.366219339299277
    vertex 0.517569183168117 0.26 0.329818707226367
    vertex 0.344439478686986 0.26 0.385682857395829
  endloop
endfacet
facet normal -2.77389754454756e-032 -1.0 7.32279515020903e-032
  outer loop
    vertex 0.344439478686986 0.26 0.385682857395829
    vertex 0.517569183168117 0.26 0.329818707226367
    vertex 0.387294477871548 0.26 0.415290298796551
  endloop
endfacet
facet normal -2.77389754454756e-032 -1.0 7.32279515020903e-032
  outer loop
    vertex 0.387294477871548 0.26 0.415290298796551
    vertex 0.517569183168117 0.26 0.329818707226367
    vertex 0.422593468450324 0.26 0.453593468450323
  endloop
endfacet
facet normal -2.77389754454756e-032 -1.0 7.32279515020903e-032
  outer loop
    vertex -0.517569183168117 0.26 0.329818707226367
    vertex 0.192719882484092 0.26 0.360989427368003
    vertex -0.422593468450323 0.26 0.453593468450323
  endloop
endfacet
facet normal -2.77389754454756e-032 -1.0 7.32279515020903e-032
  outer loop
    vertex 0.192719882484092 0.26 0.360989427368003
    vertex -0.517569183168117 0.26 0.329818707226367
    vertex 0.244713215067671 0.26 0.357851767689289
  endloop
endfacet
facet normal -2.77389754454756e-032 -1.0 7.32279515020903e-032
  outer loop
    vertex -0.422593468450323 0.26 0.453593468450323
    vertex 0.192719882484092 0.26 0.360989427368003
    vertex 0.142687809683451 0.26 0.375478845323099
  endloop
endfacet
facet normal -2.77389754454756e-032 -1.0 7.32279515020903e-032
  outer loop
    vertex -0.422593468450323 0.26 0.453593468450323
    vertex 0.142687809683451 0.26 0.375478845323099
    vertex 0.0970642260378046 0.26 0.400611297585756
  endloop
endfacet
facet normal -2.77389754454756e-032 -1.0 7.32279515020903e-032
  outer loop
    vertex -0.422593468450323 0.26 0.453593468450323
    vertex 0.0970642260378046 0.26 0.400611297585756
    vertex 0.0580807275555945 0.26 0.435157475196218
  endloop
endfacet
facet normal -2.77389754454756e-032 -1.0 7.32279515020903e-032
  outer loop
    vertex -0.422593468450323 0.26 0.453593468450323
    vertex 0.0580807275555945 0.26 0.435157475196218
    vertex 0.0276441223535122 0.26 0.477427613653274
  endloop
endfacet
facet normal -2.77389754454756e-032 -1.0 7.32279515020903e-032
  outer loop
    vertex -0.422593468450323 0.26 0.453593468450323
    vertex 0.0276441223535122 0.26 0.477427613653274
    vertex -0.298818707226367 0.26 0.548569183168117
  endloop
endfacet
facet normal -2.77389754454756e-032 -1.0 7.32279515020903e-032
  outer loop
    vertex -0.298818707226367 0.26 0.548569183168117
    vertex 0.0276441223535122 0.26 0.477427613653274
    vertex 0.00724316254728502 0.26 0.525354144723139
  endloop
endfacet
facet normal -2.77389754454756e-032 -1.0 7.32279515020903e-032
  outer loop
    vertex -0.298818707226367 0.26 0.548569183168117
    vertex 0.00724316254728502 0.26 0.525354144723139
    vertex 4.33680868994202e-018 0.26 0.578421298272318
  endloop
endfacet
facet normal -2.77389754454756e-032 -1.0 7.32279515020903e-032
  outer loop
    vertex -0.298818707226367 0.26 0.548569183168117
    vertex 4.33680868994202e-018 0.26 0.578421298272318
    vertex -0.226749326076281 0.26 0.578421298272318
  endloop
endfacet
facet normal -0.990813332046216 0.0 -0.135236611313192
  outer loop
    vertex 4.33680868994202e-018 0.26 0.578421298272318
    vertex 0.00724316254728502 -0.26 0.525354144723139
    vertex 4.33680868994202e-018 -0.26 0.578421298272318
  endloop
endfacet
facet normal -0.990813332046216 0.0 -0.135236611313192
  outer loop
    vertex 0.00724316254728502 -0.26 0.525354144723139
    vertex 4.33680868994202e-018 0.26 0.578421298272318
    vertex 0.00724316254728502 0.26 0.525354144723139
  endloop
endfacet
facet normal -0.826585021710221 0.562811870774164 1.02563978355917e-018
  outer loop
    vertex 0.465217105877752 0.0818699562114124 0.269740664795671
    vertex 0.455294760075906 0.0672973026375747 0.088
    vertex 0.455294760075906 0.0672973026375747 0.293695326601044
  endloop
endfacet
facet normal -0.826585021710221 0.562811870774164 1.02563978355917e-018
  outer loop
    vertex 0.455294760075906 0.0672973026375747 0.088
    vertex 0.465217105877752 0.0818699562114124 0.269740664795671
    vertex 0.465217105877752 0.0818699562114124 0.088
  endloop
endfacet
facet normal -0.744757807838813 -0.667334854224718 3.03356484998547e-018
  outer loop
    vertex 0.465217105877752 -0.0818699562114124 0.269740664795671
    vertex 0.476982186774383 -0.095 0.088
    vertex 0.476982186774383 -0.095 0.241337246932608
  endloop
endfacet
facet normal -0.744757807838813 -0.667334854224718 3.03356484998547e-018
  outer loop
    vertex 0.476982186774383 -0.095 0.088
    vertex 0.465217105877752 -0.0818699562114124 0.269740664795671
    vertex 0.465217105877752 -0.0818699562114124 0.088
  endloop
endfacet
facet normal -1.0 1.18662680168344e-018 -5.11262356214041e-018
  outer loop
    vertex 0.0 -0.19 1.3
    vertex 4.33680868994202e-018 0.26 0.578421298272318
    vertex 4.33680868994202e-018 -0.26 0.578421298272318
  endloop
endfacet
facet normal -1.0 1.18662680168344e-018 -5.11262356214041e-018
  outer loop
    vertex 4.33680868994202e-018 0.26 0.578421298272318
    vertex 0.0 -0.19 1.3
    vertex 0.0 0.0 1.3
  endloop
endfacet
facet normal -1.0 1.18662680168344e-018 -5.11262356214041e-018
  outer loop
    vertex 4.33680868994202e-018 0.26 0.578421298272318
    vertex 0.0 0.0 1.3
    vertex 0.0 0.19 1.3
  endloop
endfacet
facet normal -0.89384719004061 0.448371721740461 -6.69131926708007e-019
  outer loop
    vertex 0.455294760075906 0.0672973026375747 0.293695326601044
    vertex 0.447389988513859 0.0515388203202208 0.088
    vertex 0.447389988513859 0.0515388203202208 0.304059871441056
  endloop
endfacet
facet normal -0.89384719004061 0.448371721740461 -6.69131926708007e-019
  outer loop
    vertex 0.447389988513859 0.0515388203202208 0.088
    vertex 0.455294760075906 0.0672973026375747 0.293695326601044
    vertex 0.455294760075906 0.0672973026375747 0.088
  endloop
endfacet
facet normal 0.0 -1.0 0.0
  outer loop
    vertex -0.0299437006149611 -0.198 0.00802339039817816
    vertex -0.031 -0.198 9.97036042799515e-018
    vertex 0.0 -0.198 0.0
  endloop
endfacet
facet normal 0.0 -1.0 0.0
  outer loop
    vertex 0.0155 -0.198 0.0268467875173176
    vertex 0.0 -0.198 0.0
    vertex 0.021920310216783 -0.198 0.021920310216783
  endloop
endfacet
facet normal 0.0 -1.0 0.0
  outer loop
    vertex 0.0 -0.198 0.0
    vertex -0.0155 -0.198 -0.0268467875173176
    vertex -0.00802339039817813 -0.198 -0.0299437006149611
  endloop
endfacet
facet normal -0.0 1.0 -0.0
  outer loop
    vertex -5.69460761603522e-018 0.198 0.031
    vertex 0.00802339039817813 0.198 0.0299437006149611
    vertex -2.48507089598353e-032 0.198 -2.07089241331961e-033
  endloop
endfacet
facet normal -0.0 1.0 -0.0
  outer loop
    vertex -0.00802339039817817 0.198 0.0299437006149611
    vertex -2.48507089598353e-032 0.198 -2.07089241331961e-033
    vertex -0.0155 0.198 0.0268467875173176
  endloop
endfacet
facet normal -0.0 1.0 -0.0
  outer loop
    vertex 0.031 0.198 -2.07089241331961e-033
    vertex 0.0299437006149611 0.198 -0.00802339039817814
    vertex -2.48507089598353e-032 0.198 -2.07089241331961e-033
  endloop
endfacet
facet normal 0.0 -1.0 0.0
  outer loop
    vertex -5.69460761603519e-018 -0.198 0.031
    vertex -0.00802339039817814 -0.198 0.0299437006149611
    vertex 0.0 -0.198 0.0
  endloop
endfacet
facet normal 0.0 -1.0 0.0
  outer loop
    vertex -0.00802339039817814 -0.198 0.0299437006149611
    vertex -0.0155 -0.198 0.0268467875173176
    vertex 0.0 -0.198 0.0
  endloop
endfacet
facet normal 0.0 -1.0 0.0
  outer loop
    vertex -0.0155 -0.198 0.0268467875173176
    vertex -0.021920310216783 -0.198 0.021920310216783
    vertex 0.0 -0.198 0.0
  endloop
endfacet
facet normal 0.0 -1.0 0.0
  outer loop
    vertex -0.021920310216783 -0.198 0.021920310216783
    vertex -0.0268467875173176 -0.198 0.0155
    vertex 0.0 -0.198 0.0
  endloop
endfacet
facet normal 0.0 -1.0 0.0
  outer loop
    vertex -0.0268467875173176 -0.198 0.0155
    vertex -0.0299437006149611 -0.198 0.00802339039817816
    vertex 0.0 -0.198 0.0
  endloop
endfacet
facet normal 0.0 -1.0 0.0
  outer loop
    vertex 0.021920310216783 -0.198 0.021920310216783
    vertex 0.0 -0.198 0.0
    vertex 0.0268467875173176 -0.198 0.0155
  endloop
endfacet
facet normal 0.0 -1.0 0.0
  outer loop
    vertex 0.00802339039817813 -0.198 0.0299437006149611
    vertex 0.0 -0.198 0.0
    vertex 0.0155 -0.198 0.0268467875173176
  endloop
endfacet
facet normal 0.0 -1.0 0.0
  outer loop
    vertex -5.69460761603519e-018 -0.198 0.031
    vertex 0.0 -0.198 0.0
    vertex 0.00802339039817813 -0.198 0.0299437006149611
  endloop
endfacet
facet normal 0.0 -1.0 0.0
  outer loop
    vertex 0.0299437006149611 -0.198 0.0080233903981782
    vertex 0.0 -0.198 0.0
    vertex 0.031 -0.198 6.26598721761213e-017
  endloop
endfacet
facet normal 0.0 -1.0 0.0
  outer loop
    vertex 0.0268467875173176 -0.198 0.0155
    vertex 0.0 -0.198 0.0
    vertex 0.0299437006149611 -0.198 0.0080233903981782
  endloop
endfacet
facet normal 0.0 -1.0 0.0
  outer loop
    vertex 0.0 -0.198 0.0
    vertex 0.0268467875173176 -0.198 -0.0155
    vertex 0.0299437006149611 -0.198 -0.00802339039817814
  endloop
endfacet
facet normal 0.0 -1.0 0.0
  outer loop
    vertex 0.0 -0.198 0.0
    vertex 0.021920310216783 -0.198 -0.021920310216783
    vertex 0.0268467875173176 -0.198 -0.0155
  endloop
endfacet
facet normal 0.0 -1.0 0.0
  outer loop
    vertex 0.0 -0.198 0.0
    vertex 0.0155 -0.198 -0.0268467875173176
    vertex 0.021920310216783 -0.198 -0.021920310216783
  endloop
endfacet
facet normal 0.0 -1.0 0.0
  outer loop
    vertex 0.0 -0.198 0.0
    vertex 0.00802339039817815 -0.198 -0.0299437006149611
    vertex 0.0155 -0.198 -0.0268467875173176
  endloop
endfacet
facet normal 0.0 -1.0 0.0
  outer loop
    vertex 0.0 -0.198 0.0
    vertex 8.78158529135437e-018 -0.198 -0.031
    vertex 0.00802339039817815 -0.198 -0.0299437006149611
  endloop
endfacet
facet normal 0.0 -1.0 0.0
  outer loop
    vertex 0.0 -0.198 0.0
    vertex -0.021920310216783 -0.198 -0.021920310216783
    vertex -0.0155 -0.198 -0.0268467875173176
  endloop
endfacet
facet normal 0.0 -1.0 0.0
  outer loop
    vertex 0.0 -0.198 0.0
    vertex -0.00802339039817813 -0.198 -0.0299437006149611
    vertex 8.78158529135437e-018 -0.198 -0.031
  endloop
endfacet
facet normal 0.0 -1.0 0.0
  outer loop
    vertex -0.031 -0.198 9.97036042799515e-018
    vertex -0.0299437006149611 -0.198 -0.00802339039817814
    vertex 0.0 -0.198 0.0
  endloop
endfacet
facet normal 0.0 -1.0 0.0
  outer loop
    vertex 0.0 -0.198 0.0
    vertex -0.0299437006149611 -0.198 -0.00802339039817814
    vertex -0.0268467875173176 -0.198 -0.0155
  endloop
endfacet
facet normal 0.0 -1.0 0.0
  outer loop
    vertex 0.0 -0.198 0.0
    vertex -0.0268467875173176 -0.198 -0.0155
    vertex -0.021920310216783 -0.198 -0.021920310216783
  endloop
endfacet
facet normal -0.0 1.0 -0.0
  outer loop
    vertex 0.00802339039817813 0.198 0.0299437006149611
    vertex 0.0155 0.198 0.0268467875173176
    vertex -2.48507089598353e-032 0.198 -2.07089241331961e-033
  endloop
endfacet
facet normal -0.0 1.0 -0.0
  outer loop
    vertex 0.0155 0.198 0.0268467875173176
    vertex 0.021920310216783 0.198 0.021920310216783
    vertex -2.48507089598353e-032 0.198 -2.07089241331961e-033
  endloop
endfacet
facet normal -0.0 1.0 -0.0
  outer loop
    vertex 0.021920310216783 0.198 0.021920310216783
    vertex 0.0268467875173176 0.198 0.0155
    vertex -2.48507089598353e-032 0.198 -2.07089241331961e-033
  endloop
endfacet
facet normal -0.0 1.0 -0.0
  outer loop
    vertex 0.0268467875173176 0.198 0.0155
    vertex 0.0299437006149611 0.198 0.00802339039817817
    vertex -2.48507089598353e-032 0.198 -2.07089241331961e-033
  endloop
endfacet
facet normal -0.0 1.0 -0.0
  outer loop
    vertex 0.0299437006149611 0.198 0.00802339039817817
    vertex 0.031 0.198 -2.07089241331961e-033
    vertex -2.48507089598353e-032 0.198 -2.07089241331961e-033
  endloop
endfacet
facet normal -0.0 1.0 -0.0
  outer loop
    vertex -2.48507089598353e-032 0.198 -2.07089241331961e-033
    vertex 0.0299437006149611 0.198 -0.00802339039817814
    vertex 0.0268467875173176 0.198 -0.0155
  endloop
endfacet
facet normal -0.0 1.0 -0.0
  outer loop
    vertex -2.48507089598353e-032 0.198 -2.07089241331961e-033
    vertex 0.0268467875173176 0.198 -0.0155
    vertex 0.021920310216783 0.198 -0.021920310216783
  endloop
endfacet
facet normal -0.0 1.0 -0.0
  outer loop
    vertex -2.48507089598353e-032 0.198 -2.07089241331961e-033
    vertex 0.021920310216783 0.198 -0.021920310216783
    vertex 0.0155 0.198 -0.0268467875173176
  endloop
endfacet
facet normal -0.0 1.0 -0.0
  outer loop
    vertex -2.48507089598353e-032 0.198 -2.07089241331961e-033
    vertex 0.0155 0.198 -0.0268467875173176
    vertex 0.00802339039817815 0.198 -0.0299437006149611
  endloop
endfacet
facet normal -0.0 1.0 -0.0
  outer loop
    vertex -2.48507089598353e-032 0.198 -2.07089241331961e-033
    vertex 0.00802339039817815 0.198 -0.0299437006149611
    vertex 1.89820253867837e-018 0.198 -0.031
  endloop
endfacet
facet normal -0.0 1.0 -0.0
  outer loop
    vertex -5.69460761603522e-018 0.198 0.031
    vertex -2.48507089598353e-032 0.198 -2.07089241331961e-033
    vertex -0.00802339039817817 0.198 0.0299437006149611
  endloop
endfacet
facet normal -0.0 1.0 -0.0
  outer loop
    vertex -0.021920310216783 0.198 0.021920310216783
    vertex -2.48507089598353e-032 0.198 -2.07089241331961e-033
    vertex -0.0268467875173176 0.198 0.0155
  endloop
endfacet
facet normal -0.0 1.0 -0.0
  outer loop
    vertex -0.0155 0.198 0.0268467875173176
    vertex -2.48507089598353e-032 0.198 -2.07089241331961e-033
    vertex -0.021920310216783 0.198 0.021920310216783
  endloop
endfacet
facet normal -0.0 1.0 -0.0
  outer loop
    vertex -0.0299437006149611 0.198 0.00802339039817813
    vertex -2.48507089598353e-032 0.198 -2.07089241331961e-033
    vertex -0.031 0.198 -3.7964050773568e-018
  endloop
endfacet
facet normal -0.0 1.0 -0.0
  outer loop
    vertex -0.0268467875173176 0.198 0.0155
    vertex -2.48507089598353e-032 0.198 -2.07089241331961e-033
    vertex -0.0299437006149611 0.198 0.00802339039817813
  endloop
endfacet
facet normal -0.0 1.0 -0.0
  outer loop
    vertex -2.48507089598353e-032 0.198 -2.07089241331961e-033
    vertex -0.0155 0.198 -0.0268467875173176
    vertex -0.021920310216783 0.198 -0.021920310216783
  endloop
endfacet
facet normal -0.0 1.0 -0.0
  outer loop
    vertex -2.48507089598353e-032 0.198 -2.07089241331961e-033
    vertex -0.0299437006149611 0.198 -0.00802339039817815
    vertex -0.031 0.198 -3.7964050773568e-018
  endloop
endfacet
facet normal -0.0 1.0 -0.0
  outer loop
    vertex -2.48507089598353e-032 0.198 -2.07089241331961e-033
    vertex -0.0268467875173176 0.198 -0.0155
    vertex -0.0299437006149611 0.198 -0.00802339039817815
  endloop
endfacet
facet normal -0.0 1.0 -0.0
  outer loop
    vertex -2.48507089598353e-032 0.198 -2.07089241331961e-033
    vertex 1.89820253867837e-018 0.198 -0.031
    vertex -0.00802339039817814 0.198 -0.0299437006149611
  endloop
endfacet
facet normal -0.0 1.0 -0.0
  outer loop
    vertex -2.48507089598353e-032 0.198 -2.07089241331961e-033
    vertex -0.00802339039817814 0.198 -0.0299437006149611
    vertex -0.0155 0.198 -0.0268467875173176
  endloop
endfacet
endsolid Nova3Handle
