solid bracket-new
facet normal 0.818691340597881 -1.72564046301175e-015 -0.574233827660862
  outer loop
    vertex 0.200691606158148 -0.3125 0.235196367936261
    vertex 0.202732978919383 0.0 0.237959939255947
    vertex 0.202732978919383 -0.3125 0.237959939255948
  endloop
endfacet
facet normal 0.789528872580233 -1.64489318235088e-015 -0.613713417942109
  outer loop
    vertex 0.202732978919383 0.0 0.237959939255947
    vertex 0.200691606158148 -0.3125 0.235196367936261
    vertex 0.200691606158148 -2.22044604925031e-016 0.23519636793626
  endloop
endfacet
facet normal 0.997430172199307 -1.0761424892349e-015 -0.0716453179660779
  outer loop
    vertex 0.188179887946049 -4.44089209850063e-016 0.200015172257626
    vertex 0.188510072167809 -0.3125 0.203435041782771
    vertex 0.188179887946048 -0.3125 0.200015172257627
  endloop
endfacet
facet normal 0.992713254745557 -6.13920210517207e-016 -0.120500596896787
  outer loop
    vertex 0.188510072167809 -0.3125 0.203435041782771
    vertex 0.188179887946049 -4.44089209850063e-016 0.200015172257626
    vertex 0.18851007216781 -2.22044604925031e-016 0.203435041782771
  endloop
endfacet
facet normal 0.992242139276105 -4.29697906299294e-016 0.124320300211909
  outer loop
    vertex 0.188543050250674 -2.22044604925031e-016 0.186297578985159
    vertex 0.188199706628286 -0.312499999999999 0.189716152422468
    vertex 0.188543050250674 -0.3125 0.186297578985159
  endloop
endfacet
facet normal 0.997147048167343 2.40359980273354e-016 0.07548353682198
  outer loop
    vertex 0.188199706628286 -0.312499999999999 0.189716152422468
    vertex 0.188543050250674 -2.22044604925031e-016 0.186297578985159
    vertex 0.188199706628286 -2.22044604925031e-016 0.189716152422468
  endloop
endfacet
facet normal 0.963261039734545 -5.0335176759955e-016 0.268566880552168
  outer loop
    vertex 0.19057172721858 -2.22044604925031e-016 0.176200318361355
    vertex 0.18973049087005 -0.3125 0.179531511930516
    vertex 0.190571727218579 -0.312500000000001 0.176200318361355
  endloop
endfacet
facet normal 0.975278701856428 -6.06336777344593e-016 0.220978400992587
  outer loop
    vertex 0.18973049087005 -0.3125 0.179531511930516
    vertex 0.19057172721858 -2.22044604925031e-016 0.176200318361355
    vertex 0.18973049087005 2.22044604925031e-016 0.179531511930516
  endloop
endfacet
facet normal 0.688179944837572 0.701716476830777 -0.184397260466523
  outer loop
    vertex 3.75878973566923 -0.727709671355096 0.217832021514273
    vertex 3.7816217571835 -0.747535800212046 0.194999999999999
    vertex 3.7557838430119 -0.727709671355095 0.194999999999999
  endloop
endfacet
facet normal 0.508064939772767 0.861318766179917 -3.09370674005546e-015
  outer loop
    vertex 3.7816217571835 -0.747535800212046 0.194999999999999
    vertex 3.75878973566923 -0.727709671355096 0.217832021514273
    vertex 3.78374724426501 -0.747535800212045 0.211144677240939
  endloop
endfacet
facet normal -0.439997144615418 0.86131876617992 0.25403246988639
  outer loop
    vertex 3.89802114292252 -0.747535800212045 0.16381087859175
    vertex 3.92921026433077 -0.727709671355095 0.172167978485726
    vertex 3.92039743297593 -0.727709671355096 0.150891921505951
  endloop
endfacet
facet normal -0.688179944837573 0.701716476830776 0.184397260466521
  outer loop
    vertex 3.92921026433077 -0.727709671355095 0.172167978485726
    vertex 3.89802114292252 -0.747535800212045 0.16381087859175
    vertex 3.90425275573499 -0.747535800212046 0.178855322759059
  endloop
endfacet
facet normal -0.933700434737496 0.256147077833378 0.250184277460501
  outer loop
    vertex 3.96039938573902 -0.671782868848879 0.16381087859175
    vertex 3.93756736422475 -0.701871757183499 0.140978857077476
    vertex 3.94836083422904 -0.701871757183499 0.167036598746891
  endloop
endfacet
facet normal -0.752307140051955 0.495357065865086 0.43434472982227
  outer loop
    vertex 3.93756736422475 -0.701871757183499 0.140978857077476
    vertex 3.96039938573902 -0.671782868848879 0.16381087859175
    vertex 3.94836083422904 -0.671782868848878 0.134747244265012
  endloop
endfacet
facet normal -0.688179944837573 0.701716476830776 0.184397260466521
  outer loop
    vertex 3.92921026433077 -0.727709671355095 0.172167978485726
    vertex 3.93756736422475 -0.701871757183499 0.140978857077476
    vertex 3.92039743297593 -0.727709671355096 0.150891921505951
  endloop
endfacet
facet normal -0.752307140051955 0.495357065865086 0.43434472982227
  outer loop
    vertex 3.93756736422475 -0.701871757183499 0.140978857077476
    vertex 3.92921026433077 -0.727709671355095 0.172167978485726
    vertex 3.94836083422904 -0.701871757183499 0.167036598746891
  endloop
endfacet
facet normal -0.868689459644546 0.495357065865086 1.67039438934698e-015
  outer loop
    vertex 3.95204228584505 -0.7018717571835 0.195
    vertex 3.92921026433077 -0.727709671355095 0.172167978485726
    vertex 3.9322161569881 -0.727709671355095 0.194999999999999
  endloop
endfacet
facet normal -0.688179944837573 0.701716476830776 0.184397260466521
  outer loop
    vertex 3.92921026433077 -0.727709671355095 0.172167978485726
    vertex 3.95204228584505 -0.7018717571835 0.195
    vertex 3.94836083422904 -0.701871757183499 0.167036598746891
  endloop
endfacet
facet normal 0.932298516923321 -7.67846146222236e-016 0.361689750120978
  outer loop
    vertex 0.19273910381537 -4.44089209850063e-016 0.169681717491524
    vertex 0.191575404182259 -0.3125 0.172914414871918
    vertex 0.19273910381537 -0.3125 0.169681717491524
  endloop
endfacet
facet normal 0.948922797396297 -6.03176146989363e-016 0.315508358972605
  outer loop
    vertex 0.191575404182259 -0.3125 0.172914414871918
    vertex 0.19273910381537 -4.44089209850063e-016 0.169681717491524
    vertex 0.191575404182259 0.0 0.172914414871918
  endloop
endfacet
facet normal 0.975278701856428 -6.06336777344593e-016 0.220978400992587
  outer loop
    vertex 0.18973049087005 -0.3125 0.179531511930516
    vertex 0.189053721748718 -2.22044604925031e-016 0.182899970442317
    vertex 0.189053721748718 -0.3125 0.182899970442316
  endloop
endfacet
facet normal 0.98494683216119 -8.491129450148e-016 0.172857565109648
  outer loop
    vertex 0.189053721748718 -2.22044604925031e-016 0.182899970442317
    vertex 0.18973049087005 -0.3125 0.179531511930516
    vertex 0.18973049087005 2.22044604925031e-016 0.179531511930516
  endloop
endfacet
facet normal 0.985604804109709 -1.08745893859188e-016 -0.169065579334953
  outer loop
    vertex 0.189007663712319 -0.312499999999999 0.206834590553438
    vertex 0.18967146383796 -2.22044604925031e-016 0.210205628758874
    vertex 0.189671463837959 -0.3125 0.210205628758874
  endloop
endfacet
facet normal 0.976121945172045 -6.9676440984559e-016 -0.217223267983757
  outer loop
    vertex 0.18967146383796 -2.22044604925031e-016 0.210205628758874
    vertex 0.189007663712319 -0.312499999999999 0.206834590553438
    vertex 0.189007663712319 -2.22044604925031e-016 0.206834590553438
  endloop
endfacet
facet normal 0.525743523224749 -0.553161265479353 0.646224699435505
  outer loop
    vertex 0.987831012813609 -0.125 0.133563515066911
    vertex 1.03614542143621 0.0 0.201424662305406
    vertex 0.980668999227083 -0.125 0.139688395987505
  endloop
endfacet
facet normal 0.556818985220402 -0.553161265479354 0.619649281506403
  outer loop
    vertex 1.03614542143621 0.0 0.201424662305406
    vertex 0.987831012813609 -0.125 0.133563515066911
    vertex 1.04021135623273 2.22044604925031e-016 0.19794751636611
  endloop
endfacet
facet normal 0.305192152367097 -0.553161265479351 0.775158283518161
  outer loop
    vertex 3.32066185532304 -0.124999999999999 0.103847976772153
    vertex 3.34613999486017 8.88178419700125e-016 0.183159273513555
    vertex 3.31198054140507 -0.124999999999999 0.10751450013397
  endloop
endfacet
facet normal 0.342859749261617 -0.553161265479352 0.7592495022781
  outer loop
    vertex 3.34613999486017 8.88178419700125e-016 0.183159273513555
    vertex 3.32066185532304 -0.124999999999999 0.103847976772153
    vertex 3.35106844911569 1.11022302462516e-015 0.181077757646691
  endloop
endfacet
facet normal 0.599278242340299 -1.29156811949115e-015 0.800540809863883
  outer loop
    vertex 4.20005052303618 -0.312499999999999 0.138962143309527
    vertex 4.19735140571626 4.44089209850063e-016 0.141088006635946
    vertex 4.19735140571626 -0.312499999999999 0.141088006635946
  endloop
endfacet
facet normal 0.637837061196284 -1.81302455514588e-015 0.770171333772225
  outer loop
    vertex 4.19735140571626 4.44089209850063e-016 0.141088006635946
    vertex 4.20005052303618 -0.312499999999999 0.138962143309527
    vertex 4.20005052303618 6.66133814775094e-016 0.138962143309527
  endloop
endfacet
facet normal 0.556818985220403 -0.553161265479354 0.619649281506403
  outer loop
    vertex 0.980668999227083 -0.125 0.139688395987505
    vertex 1.03225499970076 2.22044604925031e-016 0.205097125834569
    vertex 0.973816146261887 -0.125 0.146157322570985
  endloop
endfacet
facet normal 0.586553021509091 -0.553161265479352 0.591581074183275
  outer loop
    vertex 1.03225499970076 2.22044604925031e-016 0.205097125834569
    vertex 0.980668999227083 -0.125 0.139688395987505
    vertex 1.03614542143621 0.0 0.201424662305406
  endloop
endfacet
facet normal 0.637837061196284 -1.81302455514588e-015 0.770171333772225
  outer loop
    vertex 4.19735140571626 -0.312499999999999 0.141088006635946
    vertex 4.19475985077072 6.66133814775094e-016 0.143343748676511
    vertex 4.19475985077072 -0.312499999999999 0.143343748676511
  endloop
endfacet
facet normal 0.674859274703964 -1.91820083840387e-015 0.737946447478433
  outer loop
    vertex 4.19475985077072 6.66133814775094e-016 0.143343748676511
    vertex 4.19735140571626 -0.312499999999999 0.141088006635946
    vertex 4.19735140571626 4.44089209850063e-016 0.141088006635946
  endloop
endfacet
facet normal -0.706893885693353 -0.553161265479354 -0.440810218509772
  outer loop
    vertex 3.48349048164391 1.11022302462516e-015 0.340175911828743
    vertex 3.55870776484342 -0.124999999999999 0.375977834865934
    vertex 3.5539190135379 -0.124999999999999 0.384094266707509
  endloop
endfacet
facet normal -0.727671933291782 -0.553161265479354 -0.405593604329111
  outer loop
    vertex 3.55870776484342 -0.124999999999999 0.375977834865934
    vertex 3.48349048164391 1.11022302462516e-015 0.340175911828743
    vertex 3.48620909566632 1.55431223447522e-015 0.335568145835349
  endloop
endfacet
facet normal -0.721987376243911 -0.553161265479354 0.415628250865738
  outer loop
    vertex 3.55739763549391 -0.124999999999999 0.186709463400416
    vertex 3.48268318328499 8.88178419700125e-016 0.223549224748687
    vertex 3.55249698340108 -0.124999999999999 0.178660102309612
  endloop
endfacet
facet normal -0.700723799175164 -0.553161265479352 0.45055384988124
  outer loop
    vertex 3.48268318328499 8.88178419700125e-016 0.223549224748687
    vertex 3.55739763549391 -0.124999999999999 0.186709463400416
    vertex 3.48546532431686 6.66133814775094e-016 0.228118914117945
  endloop
endfacet
facet normal 0.493401499031936 -0.553161265479354 0.671243305461081
  outer loop
    vertex 0.995284933103417 -0.125 0.127797435183816
    vertex 1.04021135623273 2.22044604925031e-016 0.19794751636611
    vertex 0.987831012813609 -0.125 0.133563515066911
  endloop
endfacet
facet normal 0.525743523224749 -0.553161265479353 0.646224699435505
  outer loop
    vertex 1.04021135623273 2.22044604925031e-016 0.19794751636611
    vertex 0.995284933103417 -0.125 0.127797435183816
    vertex 1.04444300889725 4.44089209850063e-016 0.194674064765811
  endloop
endfacet
facet normal -1.0 1.1842378929335e-015 5.9211894646675e-016
  outer loop
    vertex 3.585 -0.312499999999999 0.374999999999999
    vertex 3.585 -0.124999999999999 0.0
    vertex 3.585 -0.312499999999999 0.0
  endloop
endfacet
facet normal -1.0 1.1842378929335e-015 5.9211894646675e-016
  outer loop
    vertex 3.585 -0.124999999999999 0.0
    vertex 3.585 -0.312499999999999 0.374999999999999
    vertex 3.585 -0.124999999999999 0.375
  endloop
endfacet
facet normal 0.805858253042473 -1.25396269903941e-015 0.592108500195136
  outer loop
    vertex 4.18558992228703 1.33226762955019e-015 0.153552404986342
    vertex 4.18362413360232 -0.312499999999999 0.156370241751731
    vertex 4.18558992228703 -0.312499999999999 0.153552404986342
  endloop
endfacet
facet normal 0.833940948538368 -1.09078329870549e-015 0.551853689260955
  outer loop
    vertex 4.18362413360232 -0.312499999999999 0.156370241751731
    vertex 4.18558992228703 1.33226762955019e-015 0.153552404986342
    vertex 4.18362413360232 6.66133814775094e-016 0.156370241751731
  endloop
endfacet
facet normal 0.833940948538368 -1.09078329870549e-015 0.551853689260956
  outer loop
    vertex 4.18362413360232 6.66133814775094e-016 0.156370241751731
    vertex 4.18179897749288 -0.312499999999999 0.159281140988307
    vertex 4.18362413360232 -0.312499999999999 0.156370241751731
  endloop
endfacet
facet normal 0.860014607244544 -5.07749380722484e-016 0.510269414452809
  outer loop
    vertex 4.18179897749288 -0.312499999999999 0.159281140988307
    vertex 4.18362413360232 6.66133814775094e-016 0.156370241751731
    vertex 4.18179897749288 6.66133814775094e-016 0.159281140988307
  endloop
endfacet
facet normal 0.801339746536742 -0.553161265479356 -0.22774377048277
  outer loop
    vertex 3.28615215703854 8.88178419700125e-016 0.312298151391121
    vertex 3.20911184178236 -0.124999999999999 0.343987380007572
    vertex 3.20631389129724 -0.124999999999999 0.334988486854087
  endloop
endfacet
facet normal 0.789199640557362 -0.553161265479353 -0.26678932084589
  outer loop
    vertex 3.20911184178236 -0.124999999999999 0.343987380007572
    vertex 3.28615215703854 8.88178419700125e-016 0.312298151391121
    vertex 3.2877405768452 1.11022302462516e-015 0.317406898025131
  endloop
endfacet
facet normal 0.743941043336685 -2.04893724575443e-015 0.668245257401146
  outer loop
    vertex 4.18992412696643 -0.312499999999999 0.148222831981918
    vertex 4.18769160778989 8.88178419700125e-016 0.150834419107721
    vertex 4.18769160778989 -0.312499999999999 0.150834419107721
  endloop
endfacet
facet normal 0.775834174430232 -1.44212821167728e-015 0.630936869889659
  outer loop
    vertex 4.18769160778989 8.88178419700125e-016 0.150834419107721
    vertex 4.18992412696643 -0.312499999999999 0.148222831981918
    vertex 4.18992412696643 8.88178419700125e-016 0.148222831981919
  endloop
endfacet
facet normal 1.0 5.9211894646675e-016 2.96059473233375e-016
  outer loop
    vertex 0.915 -0.125 0.0
    vertex 0.915 -0.3125 0.374999999999999
    vertex 0.915 -0.3125 -2.22044604925031e-016
  endloop
endfacet
facet normal 1.0 5.9211894646675e-016 2.96059473233375e-016
  outer loop
    vertex 0.915 -0.3125 0.374999999999999
    vertex 0.915 -0.125 0.0
    vertex 0.915 -0.125 0.375
  endloop
endfacet
facet normal 7.3121195814254e-031 -2.368475785867e-015 1.0
  outer loop
    vertex 0.915 -0.3125 0.374999999999999
    vertex 0.0 -0.125 0.375
    vertex -2.77555756156289e-016 -0.3125 0.374999999999999
  endloop
endfacet
facet normal 7.3121195814254e-031 -2.368475785867e-015 1.0
  outer loop
    vertex 0.0 -0.125 0.375
    vertex 0.915 -0.3125 0.374999999999999
    vertex 0.915 -0.125 0.375
  endloop
endfacet
facet normal 0.775834174430232 -1.44212821167728e-015 0.630936869889659
  outer loop
    vertex 4.18769160778989 8.88178419700125e-016 0.150834419107721
    vertex 4.18558992228703 -0.312499999999999 0.153552404986342
    vertex 4.18769160778989 -0.312499999999999 0.150834419107721
  endloop
endfacet
facet normal 0.805858253042473 -1.25396269903941e-015 0.592108500195136
  outer loop
    vertex 4.18558992228703 -0.312499999999999 0.153552404986342
    vertex 4.18769160778989 8.88178419700125e-016 0.150834419107721
    vertex 4.18558992228703 1.33226762955019e-015 0.153552404986342
  endloop
endfacet
facet normal 0.266789320845855 -0.553161265479352 0.789199640557374
  outer loop
    vertex 3.32951261999243 -0.124999999999999 0.100611841782362
    vertex 3.35106844911569 1.11022302462516e-015 0.181077757646691
    vertex 3.32066185532304 -0.124999999999999 0.103847976772153
  endloop
endfacet
facet normal 0.305192152367096 -0.553161265479351 0.775158283518161
  outer loop
    vertex 3.35106844911569 1.11022302462516e-015 0.181077757646691
    vertex 3.32951261999243 -0.124999999999999 0.100611841782362
    vertex 3.35609310197487 1.11022302462516e-015 0.179240576845195
  endloop
endfacet
facet normal -0.660283041373622 -0.553161265479354 -0.507975314014057
  outer loop
    vertex 3.54317653446087 -0.124999999999999 0.399573918357072
    vertex 3.48054904995002 1.11022302462516e-015 0.344644731498728
    vertex 3.54873777605875 -0.124999999999999 0.391965949061978
  endloop
endfacet
facet normal -0.68441286880771 -0.553161265479353 -0.474964882263606
  outer loop
    vertex 3.48054904995002 1.11022302462516e-015 0.344644731498728
    vertex 3.54317653446087 -0.124999999999999 0.399573918357072
    vertex 3.47739188675123 1.33226762955019e-015 0.348963839067297
  endloop
endfacet
facet normal -0.548494820291863 -0.553161265479356 -0.627029541956576
  outer loop
    vertex 3.4627654391058 1.11022302462516e-015 0.364540976042172
    vertex 3.5101693526855 -0.124999999999999 0.433041241460665
    vertex 3.4586534345975 1.11022302462516e-015 0.367963517287566
  endloop
endfacet
facet normal -0.517067252901195 -0.553161265479355 -0.653187622624992
  outer loop
    vertex 3.5101693526855 -0.124999999999999 0.433041241460665
    vertex 3.4627654391058 1.11022302462516e-015 0.364540976042172
    vertex 3.51741251659003 -0.124999999999999 0.427012544955017
  endloop
endfacet
facet normal -0.68441286880771 -0.553161265479353 -0.474964882263606
  outer loop
    vertex 3.48054904995002 1.11022302462516e-015 0.344644731498728
    vertex 3.5539190135379 -0.124999999999999 0.384094266707509
    vertex 3.54873777605875 -0.124999999999999 0.391965949061978
  endloop
endfacet
facet normal -0.706893885693353 -0.553161265479354 -0.440810218509772
  outer loop
    vertex 3.5539190135379 -0.124999999999999 0.384094266707509
    vertex 3.48054904995002 1.11022302462516e-015 0.344644731498728
    vertex 3.48349048164391 1.11022302462516e-015 0.340175911828743
  endloop
endfacet
facet normal -0.830372833525948 -0.553161265479354 0.0670341085967986
  outer loop
    vertex 3.49964655200901 1.11022302462516e-015 0.273729211178411
    vertex 3.58138882102512 -0.124999999999999 0.257678702115614
    vertex 3.58237741271312 -0.124999999999999 0.267050537121602
  endloop
endfacet
facet normal -0.826083405272472 -0.553161265479354 0.10769782684305
  outer loop
    vertex 3.58138882102512 -0.124999999999999 0.257678702115614
    vertex 3.49964655200901 1.11022302462516e-015 0.273729211178411
    vertex 3.49908532026947 1.77635683940025e-015 0.268408742346886
  endloop
endfacet
facet normal -0.578601015617997 -0.553161265479353 -0.599360892200269
  outer loop
    vertex 3.46670455438538 1.33226762955019e-015 0.360920790899551
    vertex 3.53096851216883 -0.124999999999999 0.413926084173744
    vertex 3.52435114166966 -0.124999999999999 0.420635705070767
  endloop
endfacet
facet normal -0.607313310418022 -0.553161265479354 -0.570248329556854
  outer loop
    vertex 3.53096851216883 -0.124999999999999 0.413926084173744
    vertex 3.46670455438538 1.33226762955019e-015 0.360920790899551
    vertex 3.47046129076251 1.33226762955019e-015 0.357111683202803
  endloop
endfacet
facet normal 8.63713453913337e-031 -2.368475785867e-015 1.0
  outer loop
    vertex 4.5 -0.312499999999999 0.374999999999999
    vertex 3.585 -0.124999999999999 0.375
    vertex 3.585 -0.312499999999999 0.374999999999999
  endloop
endfacet
facet normal 8.63713453913337e-031 -2.368475785867e-015 1.0
  outer loop
    vertex 3.585 -0.124999999999999 0.375
    vertex 4.5 -0.312499999999999 0.374999999999999
    vertex 4.5 -0.124999999999998 0.375
  endloop
endfacet
facet normal -0.819803869739332 -0.553161265479354 0.148102091591227
  outer loop
    vertex 3.49826370152624 1.33226762955019e-015 0.263122220589297
    vertex 3.57803913417543 -0.124999999999999 0.23913685566168
    vertex 3.57994156599117 -0.124999999999999 0.248366663790319
  endloop
endfacet
facet normal -0.811549354877661 -0.553161265479354 0.188149565428496
  outer loop
    vertex 3.57803913417543 -0.124999999999999 0.23913685566168
    vertex 3.49826370152624 1.33226762955019e-015 0.263122220589297
    vertex 3.49718367513084 1.33226762955019e-015 0.257882381599601
  endloop
endfacet
facet normal 0.188149565428487 -0.553161265479355 0.811549354877662
  outer loop
    vertex 3.34763685566168 -0.124999999999999 0.0954608658245716
    vertex 3.36120184860888 8.88178419700125e-016 0.177652157038536
    vertex 3.33851151314591 -0.124999999999999 0.0978138912972381
  endloop
endfacet
facet normal 0.227743770482727 -0.553161265479354 0.801339746536755
  outer loop
    vertex 3.36120184860888 8.88178419700125e-016 0.177652157038536
    vertex 3.34763685566168 -0.124999999999999 0.0954608658245716
    vertex 3.3663823815996 8.88178419700125e-016 0.176316324869158
  endloop
endfacet
facet normal -0.578601015617997 -0.553161265479353 -0.599360892200269
  outer loop
    vertex 3.46670455438538 1.33226762955019e-015 0.360920790899551
    vertex 3.51741251659003 -0.124999999999999 0.427012544955017
    vertex 3.4627654391058 1.11022302462516e-015 0.364540976042172
  endloop
endfacet
facet normal -0.548494820291864 -0.553161265479357 -0.627029541956576
  outer loop
    vertex 3.51741251659003 -0.124999999999999 0.427012544955017
    vertex 3.46670455438538 1.33226762955019e-015 0.360920790899551
    vertex 3.52435114166966 -0.124999999999999 0.420635705070767
  endloop
endfacet
facet normal -0.42523228668708 -0.553161265479354 -0.716372889445264
  outer loop
    vertex 1.16463768452694 6.66133814775094e-016 0.376230721006938
    vertex 1.19878469226823 -0.125 0.452213608865933
    vertex 1.15997151800644 2.22044604925031e-016 0.378847830033264
  endloop
endfacet
facet normal -0.389569324138488 -0.553161265479354 -0.736375146283171
  outer loop
    vertex 1.19878469226823 -0.125 0.452213608865933
    vertex 1.16463768452694 6.66133814775094e-016 0.376230721006938
    vertex 1.20700399476305 -0.125 0.447603655351671
  endloop
endfacet
facet normal -0.832661820891388 -0.553161265479354 0.0262088993114586
  outer loop
    vertex 3.49994604468845 1.33226762955019e-015 0.279070809608437
    vertex 3.58237741271312 -0.124999999999999 0.267050537121602
    vertex 3.58290495945122 -0.124999999999999 0.276459591236877
  endloop
endfacet
facet normal -0.830372833525948 -0.553161265479354 0.0670341085967984
  outer loop
    vertex 3.58237741271312 -0.124999999999999 0.267050537121602
    vertex 3.49994604468845 1.33226762955019e-015 0.279070809608437
    vertex 3.49964655200901 1.11022302462516e-015 0.273729211178411
  endloop
endfacet
facet normal 0.789199640557361 -0.553161265479353 -0.266789320845891
  outer loop
    vertex 3.2877405768452 1.11022302462516e-015 0.317406898025131
    vertex 3.21234797677215 -0.124999999999999 0.352838144676961
    vertex 3.20911184178236 -0.124999999999999 0.343987380007572
  endloop
endfacet
facet normal 0.77515828351816 -0.553161265479354 -0.305192152367093
  outer loop
    vertex 3.21234797677215 -0.124999999999999 0.352838144676961
    vertex 3.2877405768452 1.11022302462516e-015 0.317406898025131
    vertex 3.28957775764669 1.33226762955019e-015 0.322431550884315
  endloop
endfacet
facet normal -0.826083405272472 -0.553161265479354 0.10769782684305
  outer loop
    vertex 3.58138882102512 -0.124999999999999 0.257678702115614
    vertex 3.49826370152624 1.33226762955019e-015 0.263122220589297
    vertex 3.57994156599117 -0.124999999999999 0.248366663790319
  endloop
endfacet
facet normal -0.819803869739332 -0.553161265479354 0.148102091591227
  outer loop
    vertex 3.49826370152624 1.33226762955019e-015 0.263122220589297
    vertex 3.58138882102512 -0.124999999999999 0.257678702115614
    vertex 3.49908532026947 1.77635683940025e-015 0.268408742346886
  endloop
endfacet
facet normal 0.459870827411096 -0.553161265479353 0.694644827569827
  outer loop
    vertex 1.00301280294964 -0.125 0.122404047329707
    vertex 1.04444300889725 4.44089209850063e-016 0.194674064765811
    vertex 0.995284933103417 -0.125 0.127797435183816
  endloop
endfacet
facet normal 0.493401499031936 -0.553161265479354 0.671243305461081
  outer loop
    vertex 1.04444300889725 4.44089209850063e-016 0.194674064765811
    vertex 1.00301280294964 -0.125 0.122404047329707
    vertex 1.04883018500787 0.0 0.191612193536135
  endloop
endfacet
facet normal 0.77515828351816 -0.553161265479354 -0.305192152367093
  outer loop
    vertex 3.21234797677215 -0.124999999999999 0.352838144676961
    vertex 3.29165927351356 1.11022302462516e-015 0.327360005139829
    vertex 3.21601450013397 -0.124999999999999 0.361519458594929
  endloop
endfacet
facet normal 0.759249502278105 -0.553161265479355 -0.342859749261601
  outer loop
    vertex 3.29165927351356 1.11022302462516e-015 0.327360005139829
    vertex 3.21234797677215 -0.124999999999999 0.352838144676961
    vertex 3.28957775764669 1.33226762955019e-015 0.322431550884315
  endloop
endfacet
facet normal 0.741511622484661 -0.553161265479355 -0.379701366989169
  outer loop
    vertex 3.22010257889188 -0.124999999999999 0.370010407715854
    vertex 3.29653467568315 8.88178419700125e-016 0.336881085882056
    vertex 3.22460236450609 -0.124999999999999 0.378290536599586
  endloop
endfacet
facet normal 0.721987376243904 -0.553161265479356 -0.415628250865749
  outer loop
    vertex 3.29653467568315 8.88178419700125e-016 0.336881085882056
    vertex 3.22010257889188 -0.124999999999999 0.370010407715854
    vertex 3.29398010989175 8.88178419700125e-016 0.332180387713687
  endloop
endfacet
facet normal -0.775158283518158 -0.553161265479354 0.305192152367099
  outer loop
    vertex 3.49242224235331 8.88178419700125e-016 0.242568449115686
    vertex 3.56598549986603 -0.124999999999999 0.203480541405073
    vertex 3.56965202322785 -0.124999999999999 0.212161855323041
  endloop
endfacet
facet normal -0.759249502278096 -0.553161265479354 0.342859749261622
  outer loop
    vertex 3.56598549986603 -0.124999999999999 0.203480541405073
    vertex 3.49242224235331 8.88178419700125e-016 0.242568449115686
    vertex 3.49034072648645 8.88178419700125e-016 0.237639994860173
  endloop
endfacet
facet normal -0.811549354877661 -0.553161265479354 0.188149565428495
  outer loop
    vertex 3.49718367513084 1.33226762955019e-015 0.257882381599601
    vertex 3.57568610870276 -0.124999999999999 0.230011513145915
    vertex 3.57803913417543 -0.124999999999999 0.23913685566168
  endloop
endfacet
facet normal -0.801339746536752 -0.553161265479355 0.227743770482735
  outer loop
    vertex 3.57568610870276 -0.124999999999999 0.230011513145915
    vertex 3.49718367513084 1.33226762955019e-015 0.257882381599601
    vertex 3.49584784296146 8.88178419700125e-016 0.25270184860888
  endloop
endfacet
facet normal 0.83294485299774 -0.553161265479353 0.0146794495078991
  outer loop
    vertex 3.28201692319631 1.55431223447522e-015 0.280579330741523
    vertex 3.19909504054878 -0.124999999999999 0.288540408763125
    vertex 3.19902980966689 -0.124999999999999 0.279116802774062
  endloop
endfacet
facet normal 0.832661820891388 -0.553161265479352 -0.0262088993114875
  outer loop
    vertex 3.19909504054878 -0.124999999999999 0.288540408763125
    vertex 3.28201692319631 1.55431223447522e-015 0.280579330741523
    vertex 3.28205395531155 1.55431223447522e-015 0.285929190391565
  endloop
endfacet
facet normal 0.819803869739342 -0.553161265479353 -0.148102091591175
  outer loop
    vertex 3.28373629847376 8.88178419700125e-016 0.301877779410704
    vertex 3.20396086582457 -0.124999999999999 0.325863144338322
    vertex 3.20205843400883 -0.124999999999999 0.316633336209683
  endloop
endfacet
facet normal 0.811549354877659 -0.553161265479355 -0.188149565428498
  outer loop
    vertex 3.20396086582457 -0.124999999999999 0.325863144338322
    vertex 3.28373629847376 8.88178419700125e-016 0.301877779410704
    vertex 3.28481632486916 1.11022302462516e-015 0.3071176184004
  endloop
endfacet
facet normal -0.801339746536752 -0.553161265479355 0.227743770482735
  outer loop
    vertex 3.57568610870276 -0.124999999999999 0.230011513145915
    vertex 3.49425942315481 8.88178419700125e-016 0.24759310197487
    vertex 3.57288815821764 -0.124999999999999 0.221012619992429
  endloop
endfacet
facet normal -0.789199640557366 -0.553161265479354 0.266789320845876
  outer loop
    vertex 3.49425942315481 8.88178419700125e-016 0.24759310197487
    vertex 3.57568610870276 -0.124999999999999 0.230011513145915
    vertex 3.49584784296146 8.88178419700125e-016 0.25270184860888
  endloop
endfacet
facet normal 0.641713693553812 -0.553161265479354 0.531240199795539
  outer loop
    vertex 1.02503773947476 -2.22044604925031e-016 0.212992167293955
    vertex 0.95527368160807 -0.125 0.167468617179211
    vertex 0.961103174120674 -0.125 0.160064184591189
  endloop
endfacet
facet normal 0.667007442419388 -0.553161265479353 0.499112899182567
  outer loop
    vertex 0.95527368160807 -0.125 0.167468617179211
    vertex 1.02503773947476 -2.22044604925031e-016 0.212992167293955
    vertex 1.02172828799625 0.0 0.21719572537778
  endloop
endfacet
facet normal 0.586553021509091 -0.553161265479352 0.591581074183275
  outer loop
    vertex 1.03225499970076 2.22044604925031e-016 0.205097125834569
    vertex 0.967288963041053 -0.125 0.152954710606599
    vertex 0.973816146261887 -0.125 0.146157322570985
  endloop
endfacet
facet normal 0.614874000192989 -0.553161265479351 0.562087696236055
  outer loop
    vertex 0.967288963041053 -0.125 0.152954710606599
    vertex 1.03225499970076 2.22044604925031e-016 0.205097125834569
    vertex 1.0285494633931 0.0 0.208956059667287
  endloop
endfacet
facet normal 0.951144175558218 1.64834255447466e-015 0.308747076588069
  outer loop
    vertex 2.21669942555275 -6.66133814775094e-016 0.214884390227208
    vertex 2.21363259199738 -0.124999999999999 0.225186660939585
    vertex 2.21669942555275 -0.124999999999999 0.214884390227208
  endloop
endfacet
facet normal 0.96514798174713 -6.88093223559029e-015 0.261704744568076
  outer loop
    vertex 2.21363259199738 -0.124999999999999 0.225186660939585
    vertex 2.21669942555275 -6.66133814775094e-016 0.214884390227208
    vertex 2.21363259199738 -2.22044604925031e-016 0.225186660939585
  endloop
endfacet
facet normal -0.912093211320324 4.12411497643957e-014 0.409982894598518
  outer loop
    vertex 2.62474841327915 6.66133814775094e-016 0.192713746082888
    vertex 2.62010220490112 -0.124999999999999 0.183020707467707
    vertex 2.62474841327915 -0.124999999999999 0.192713746082889
  endloop
endfacet
facet normal -0.890877647950218 2.3483803434999e-014 0.45424334489642
  outer loop
    vertex 2.62010220490112 -0.124999999999999 0.183020707467707
    vertex 2.62474841327915 6.66133814775094e-016 0.192713746082888
    vertex 2.62010220490112 8.88178419700125e-016 0.183020707467706
  endloop
endfacet
facet normal 0.934848979739985 4.99660437688189e-015 0.355045609857535
  outer loop
    vertex 2.22026807343694 -4.44089209850063e-016 0.204745011441202
    vertex 2.21669942555275 -0.124999999999999 0.214884390227208
    vertex 2.22026807343694 -0.124999999999999 0.204745011441202
  endloop
endfacet
facet normal 0.951144175558217 1.64834255447471e-015 0.308747076588069
  outer loop
    vertex 2.21669942555275 -0.124999999999999 0.214884390227208
    vertex 2.22026807343694 -4.44089209850063e-016 0.204745011441202
    vertex 2.21669942555275 -6.66133814775094e-016 0.214884390227208
  endloop
endfacet
facet normal 0.916301650846458 -3.40492477695438e-016 0.400488807154527
  outer loop
    vertex 2.22432993846462 -4.44089209850063e-016 0.194792951233166
    vertex 2.22026807343694 -0.124999999999999 0.204745011441202
    vertex 2.22432993846462 -0.124999999999999 0.194792951233166
  endloop
endfacet
facet normal 0.934848979739985 4.9966043768819e-015 0.355045609857535
  outer loop
    vertex 2.22026807343694 -0.124999999999999 0.204745011441202
    vertex 2.22432993846462 -4.44089209850063e-016 0.194792951233166
    vertex 2.22026807343694 -4.44089209850063e-016 0.204745011441202
  endloop
endfacet
facet normal 0.895546871017502 -7.1149755295891e-015 0.444967191836389
  outer loop
    vertex 2.22887523524716 -6.66133814775094e-016 0.185052184987841
    vertex 2.22432993846462 -0.124999999999999 0.194792951233166
    vertex 2.22887523524716 -0.124999999999999 0.18505218498784
  endloop
endfacet
facet normal 0.916301650846458 -3.40492477695462e-016 0.400488807154528
  outer loop
    vertex 2.22432993846462 -0.124999999999999 0.194792951233166
    vertex 2.22887523524716 -6.66133814775094e-016 0.185052184987841
    vertex 2.22432993846462 -4.44089209850063e-016 0.194792951233166
  endloop
endfacet
facet normal 0.872634640335676 -5.35598712109807e-015 0.488373611578498
  outer loop
    vertex 2.23389301376649 -4.44089209850063e-016 0.175546179064299
    vertex 2.22887523524716 -0.124999999999999 0.18505218498784
    vertex 2.23389301376649 -0.125 0.175546179064299
  endloop
endfacet
facet normal 0.895546871017502 -7.11497552958911e-015 0.444967191836389
  outer loop
    vertex 2.22887523524716 -0.124999999999999 0.18505218498784
    vertex 2.23389301376649 -4.44089209850063e-016 0.175546179064299
    vertex 2.22887523524716 -6.66133814775094e-016 0.185052184987841
  endloop
endfacet
facet normal 0.847620156371507 5.2141893394209e-016 0.530603496513867
  outer loop
    vertex 2.23937118575465 -0.124999999999999 0.16629783426344
    vertex 2.23389301376649 -4.44089209850063e-016 0.175546179064299
    vertex 2.23389301376649 -0.125 0.175546179064299
  endloop
endfacet
facet normal 0.872634640335676 -5.35598712109807e-015 0.488373611578498
  outer loop
    vertex 2.23389301376649 -4.44089209850063e-016 0.175546179064299
    vertex 2.23937118575465 -0.124999999999999 0.16629783426344
    vertex 2.23937118575465 -4.44089209850063e-016 0.16629783426344
  endloop
endfacet
facet normal 0.820563681207779 -4.33713531748613e-015 0.571555111150918
  outer loop
    vertex 2.24529655381549 -0.124999999999999 0.157329430657948
    vertex 2.23937118575465 -4.44089209850063e-016 0.16629783426344
    vertex 2.23937118575465 -0.124999999999999 0.16629783426344
  endloop
endfacet
facet normal 0.847620156371507 5.21418933942075e-016 0.530603496513867
  outer loop
    vertex 2.23937118575465 -4.44089209850063e-016 0.16629783426344
    vertex 2.24529655381549 -0.124999999999999 0.157329430657948
    vertex 2.24529655381549 -8.88178419700125e-016 0.157329430657949
  endloop
endfacet
facet normal 0.791530396263143 -8.40418509145985e-015 0.611129799462858
  outer loop
    vertex 2.25165484321836 -4.44089209850063e-016 0.148662573917648
    vertex 2.24529655381549 -0.124999999999999 0.157329430657948
    vertex 2.25165484321836 -0.125 0.148662573917648
  endloop
endfacet
facet normal 0.820563681207779 -4.33713531748613e-015 0.571555111150918
  outer loop
    vertex 2.24529655381549 -0.124999999999999 0.157329430657948
    vertex 2.25165484321836 -4.44089209850063e-016 0.148662573917648
    vertex 2.24529655381549 -8.88178419700125e-016 0.157329430657949
  endloop
endfacet
facet normal 0.214031942895805 -1.20028310527805e-015 -0.976826661911031
  outer loop
    vertex 2.37812700450581 -4.44089209850063e-016 0.496425038958515
    vertex 2.36768666093958 -0.125 0.49386740800262
    vertex 2.36768666093958 -4.44089209850063e-016 0.49386740800262
  endloop
endfacet
facet normal 0.261704744568121 1.51410934139997e-016 -0.965147981747118
  outer loop
    vertex 2.36768666093958 -0.125 0.49386740800262
    vertex 2.37812700450581 -4.44089209850063e-016 0.496425038958515
    vertex 2.37812700450581 -0.124999999999999 0.496425038958515
  endloop
endfacet
facet normal 0.261704744568121 1.51410934140019e-016 -0.965147981747118
  outer loop
    vertex 2.36768666093958 -4.44089209850063e-016 0.49386740800262
    vertex 2.35738439022721 -0.124999999999999 0.490800574447249
    vertex 2.35738439022721 -4.44089209850063e-016 0.490800574447249
  endloop
endfacet
facet normal 0.308747076588127 1.60467585883327e-015 -0.951144175558198
  outer loop
    vertex 2.35738439022721 -0.124999999999999 0.490800574447249
    vertex 2.36768666093958 -4.44089209850063e-016 0.49386740800262
    vertex 2.36768666093958 -0.125 0.49386740800262
  endloop
endfacet
facet normal 0.308747076588128 1.60467585883327e-015 -0.951144175558198
  outer loop
    vertex 2.35738439022721 -4.44089209850063e-016 0.490800574447249
    vertex 2.3472450114412 -0.124999999999999 0.487231926563057
    vertex 2.3472450114412 -6.66133814775094e-016 0.487231926563057
  endloop
endfacet
facet normal 0.355045609857517 7.40984846555376e-016 -0.934848979739992
  outer loop
    vertex 2.3472450114412 -0.124999999999999 0.487231926563057
    vertex 2.35738439022721 -4.44089209850063e-016 0.490800574447249
    vertex 2.35738439022721 -0.124999999999999 0.490800574447249
  endloop
endfacet
facet normal 0.400488807154511 9.02601861351788e-016 -0.916301650846465
  outer loop
    vertex 2.33729295123316 -2.22044604925031e-016 0.483170061535378
    vertex 2.3472450114412 -0.124999999999999 0.487231926563057
    vertex 2.33729295123316 -0.124999999999999 0.483170061535378
  endloop
endfacet
facet normal 0.355045609857517 7.40984846555376e-016 -0.934848979739992
  outer loop
    vertex 2.3472450114412 -0.124999999999999 0.487231926563057
    vertex 2.33729295123316 -2.22044604925031e-016 0.483170061535378
    vertex 2.3472450114412 -6.66133814775094e-016 0.487231926563057
  endloop
endfacet
facet normal 0.400488807154511 9.02601861351788e-016 -0.916301650846465
  outer loop
    vertex 2.33729295123316 -2.22044604925031e-016 0.483170061535378
    vertex 2.32755218498784 -0.125 0.478624764752838
    vertex 2.32755218498784 -4.44089209850063e-016 0.478624764752837
  endloop
endfacet
facet normal 0.444967191836354 1.58116029078473e-015 -0.895546871017519
  outer loop
    vertex 2.32755218498784 -0.125 0.478624764752838
    vertex 2.33729295123316 -2.22044604925031e-016 0.483170061535378
    vertex 2.33729295123316 -0.124999999999999 0.483170061535378
  endloop
endfacet
facet normal 0.488373611578539 2.35807923475447e-015 -0.872634640335653
  outer loop
    vertex 2.3180461790643 0.0 0.473606986233508
    vertex 2.32755218498784 -0.125 0.478624764752838
    vertex 2.3180461790643 -0.124999999999999 0.473606986233507
  endloop
endfacet
facet normal 0.444967191836354 1.58116029078473e-015 -0.895546871017519
  outer loop
    vertex 2.32755218498784 -0.125 0.478624764752838
    vertex 2.3180461790643 0.0 0.473606986233508
    vertex 2.32755218498784 -4.44089209850063e-016 0.478624764752837
  endloop
endfacet
facet normal -0.127562485327549 -5.66806252700143e-015 -0.991830536098309
  outer loop
    vertex 2.45293618428677 6.66133814775094e-016 0.499710887405538
    vertex 2.46356056701293 -0.124999999999999 0.498078483786407
    vertex 2.45293618428676 -0.124999999999999 0.49971088740554
  endloop
endfacet
facet normal -0.176075648460972 -1.83281566695596e-016 -0.984376638294026
  outer loop
    vertex 2.46356056701293 -0.124999999999999 0.498078483786407
    vertex 2.45293618428677 6.66133814775094e-016 0.499710887405538
    vertex 2.46356056701293 8.88178419700125e-016 0.498078483786406
  endloop
endfacet
facet normal -0.0787420129938621 -7.22152385670317e-015 -0.996895027267001
  outer loop
    vertex 2.44224450084575 1.11022302462516e-015 0.500820010971473
    vertex 2.45293618428676 -0.124999999999999 0.49971088740554
    vertex 2.44224450084574 -0.124999999999999 0.500820010971474
  endloop
endfacet
facet normal -0.127562485327548 -5.66806252700141e-015 -0.991830536098309
  outer loop
    vertex 2.45293618428676 -0.124999999999999 0.49971088740554
    vertex 2.44224450084575 1.11022302462516e-015 0.500820010971473
    vertex 2.45293618428677 6.66133814775094e-016 0.499710887405538
  endloop
endfacet
facet normal -0.0297318442542919 -1.00558005565829e-014 -0.999557910997276
  outer loop
    vertex 2.43151127389176 8.88178419700125e-016 0.501403182508405
    vertex 2.44224450084574 -0.124999999999999 0.500820010971474
    vertex 2.43151127389175 -0.124999999999999 0.501403182508407
  endloop
endfacet
facet normal -0.0787420129938614 -7.22152385670322e-015 -0.996895027267001
  outer loop
    vertex 2.44224450084574 -0.124999999999999 0.500820010971474
    vertex 2.43151127389176 8.88178419700125e-016 0.501403182508405
    vertex 2.44224450084575 1.11022302462516e-015 0.500820010971473
  endloop
endfacet
facet normal -0.00519251046297449 -1.08310821231597e-014 -0.999986518826675
  outer loop
    vertex 2.42500000000001 -2.22044604925031e-016 0.501436992822022
    vertex 2.42076236070862 -0.124999999999999 0.501458997105021
    vertex 2.42076236070862 2.22044604925031e-016 0.501458997105021
  endloop
endfacet
facet normal 0.0193499511023115 -6.07086101077536e-015 -0.999812772169039
  outer loop
    vertex 2.42076236070862 -0.124999999999999 0.501458997105021
    vertex 2.42500000000001 -2.22044604925031e-016 0.501436992822022
    vertex 2.42500000000001 -0.124999999999999 0.501436992822024
  endloop
endfacet
facet normal -0.00519251046297449 -1.08310821231597e-014 -0.999986518826675
  outer loop
    vertex 2.42500000000001 -0.124999999999999 0.501436992822024
    vertex 2.42500000000001 -2.22044604925031e-016 0.501436992822022
    vertex 2.43151127389175 -0.124999999999999 0.501403182508407
  endloop
endfacet
facet normal -0.0297318442542877 -1.0055800556583e-014 -0.999557910997276
  outer loop
    vertex 2.43151127389175 -0.124999999999999 0.501403182508407
    vertex 2.42500000000001 -2.22044604925031e-016 0.501436992822022
    vertex 2.43151127389176 8.88178419700125e-016 0.501403182508405
  endloop
endfacet
facet normal 0.0193499511023124 -6.07086101077518e-015 -0.999812772169039
  outer loop
    vertex 2.42076236070862 2.22044604925031e-016 0.501458997105021
    vertex 2.41002365636973 -0.124999999999999 0.50098732029907
    vertex 2.41002365636973 -4.44089209850063e-016 0.50098732029907
  endloop
endfacet
facet normal 0.0683851307318436 -1.20827226330217e-015 -0.997658996799402
  outer loop
    vertex 2.41002365636973 -0.124999999999999 0.50098732029907
    vertex 2.42076236070862 2.22044604925031e-016 0.501458997105021
    vertex 2.42076236070862 -0.124999999999999 0.501458997105021
  endloop
endfacet
facet normal 0.0683851307318434 -1.20827226330217e-015 -0.997658996799402
  outer loop
    vertex 2.41002365636973 -4.44089209850063e-016 0.50098732029907
    vertex 2.39932103135441 -0.124999999999999 0.499989288401289
    vertex 2.39932103135441 -2.22044604925031e-016 0.499989288401289
  endloop
endfacet
facet normal 0.117255564591718 8.28136489657998e-016 -0.993101773521867
  outer loop
    vertex 2.39932103135441 -0.124999999999999 0.499989288401289
    vertex 2.41002365636973 -4.44089209850063e-016 0.50098732029907
    vertex 2.41002365636973 -0.124999999999999 0.50098732029907
  endloop
endfacet
facet normal 0.117255564591719 8.28136489658077e-016 -0.993101773521867
  outer loop
    vertex 2.39932103135441 -2.22044604925031e-016 0.499989288401289
    vertex 2.38868026922377 -0.124999999999999 0.498467305757938
    vertex 2.38868026922377 2.22044604925031e-016 0.498467305757939
  endloop
endfacet
facet normal 0.165843519526126 1.04542418455797e-015 -0.986152081086476
  outer loop
    vertex 2.38868026922377 -0.124999999999999 0.498467305757938
    vertex 2.39932103135441 -2.22044604925031e-016 0.499989288401289
    vertex 2.39932103135441 -0.124999999999999 0.499989288401289
  endloop
endfacet
facet normal 0.214031942895805 -1.20028310527805e-015 -0.976826661911031
  outer loop
    vertex 2.37812700450581 -4.44089209850063e-016 0.496425038958515
    vertex 2.38868026922377 -0.124999999999999 0.498467305757938
    vertex 2.37812700450581 -0.124999999999999 0.496425038958515
  endloop
endfacet
facet normal 0.165843519526126 1.04542418455797e-015 -0.986152081086476
  outer loop
    vertex 2.38868026922377 -0.124999999999999 0.498467305757938
    vertex 2.37812700450581 -4.44089209850063e-016 0.496425038958515
    vertex 2.38868026922377 2.22044604925031e-016 0.498467305757939
  endloop
endfacet
facet normal -0.232881679485619 0.963165699389228 0.134454300340365
  outer loop
    vertex 3.87196340125311 -0.759999025836976 0.17885532275906
    vertex 3.90425275573499 -0.747535800212046 0.178855322759059
    vertex 3.89802114292252 -0.747535800212045 0.16381087859175
  endloop
endfacet
facet normal -0.49075304675851 0.86131876617992 0.131496882562057
  outer loop
    vertex 3.90425275573499 -0.747535800212046 0.178855322759059
    vertex 3.87196340125311 -0.759999025836976 0.17885532275906
    vertex 3.87518912140825 -0.759999025836975 0.186642900106022
  endloop
endfacet
facet normal -0.508064939772765 0.861318766179918 -1.16474242143742e-014
  outer loop
    vertex 3.9063782428165 -0.747535800212046 0.194999999999999
    vertex 3.92921026433077 -0.727709671355096 0.217832021514272
    vertex 3.9322161569881 -0.727709671355095 0.194999999999999
  endloop
endfacet
facet normal -0.68817994483757 0.70171647683078 -0.184397260466516
  outer loop
    vertex 3.92921026433077 -0.727709671355096 0.217832021514272
    vertex 3.9063782428165 -0.747535800212046 0.194999999999999
    vertex 3.90425275573499 -0.747535800212045 0.211144677240939
  endloop
endfacet
facet normal -0.957662196942547 0.130526192220054 0.256604812292576
  outer loop
    vertex 3.96450551146998 -0.639493514366999 0.16271064551812
    vertex 3.94836083422904 -0.671782868848878 0.134747244265012
    vertex 3.96039938573902 -0.671782868848879 0.16381087859175
  endloop
endfacet
facet normal -0.837132908138295 0.256147077833373 0.483318909861124
  outer loop
    vertex 3.94836083422904 -0.671782868848878 0.134747244265012
    vertex 3.96450551146998 -0.639493514366999 0.16271064551812
    vertex 3.95204228584505 -0.639493514366998 0.132621757183499
  endloop
endfacet
facet normal -0.268908600680719 0.963165699389226 1.40902311919452e-015
  outer loop
    vertex 3.87628935448188 -0.759999025836975 0.195
    vertex 3.90425275573499 -0.747535800212045 0.211144677240939
    vertex 3.9063782428165 -0.747535800212046 0.194999999999999
  endloop
endfacet
facet normal -0.490753046758516 0.861318766179918 -0.13149688256205
  outer loop
    vertex 3.90425275573499 -0.747535800212045 0.211144677240939
    vertex 3.87628935448188 -0.759999025836975 0.195
    vertex 3.87518912140825 -0.759999025836975 0.203357099893976
  endloop
endfacet
facet normal -0.25974576230877 0.963165699389224 0.0695986672480404
  outer loop
    vertex 3.87518912140825 -0.759999025836975 0.186642900106022
    vertex 3.9063782428165 -0.747535800212046 0.194999999999999
    vertex 3.90425275573499 -0.747535800212046 0.178855322759059
  endloop
endfacet
facet normal -0.508064939772765 0.861318766179918 -1.16474242143742e-014
  outer loop
    vertex 3.9063782428165 -0.747535800212046 0.194999999999999
    vertex 3.87518912140825 -0.759999025836975 0.186642900106022
    vertex 3.87628935448188 -0.759999025836975 0.195
  endloop
endfacet
facet normal 0.712456304726261 0.701716476830779 1.08683965353208e-015
  outer loop
    vertex 3.7557838430119 -0.727709671355095 0.194999999999999
    vertex 3.73963916577096 -0.701871757183499 0.222963401253108
    vertex 3.75878973566923 -0.727709671355096 0.217832021514273
  endloop
endfacet
facet normal 0.839089584095756 0.495357065865095 -0.224833376435829
  outer loop
    vertex 3.73963916577096 -0.701871757183499 0.222963401253108
    vertex 3.7557838430119 -0.727709671355095 0.194999999999999
    vertex 3.73595771415495 -0.7018717571835 0.195
  endloop
endfacet
facet normal -0.126452753382438 0.991443824788463 0.0323858526338949
  outer loop
    vertex 3.85986485155807 -0.762087673168448 0.190749025836975
    vertex 3.87628935448188 -0.759999025836975 0.195
    vertex 3.87518912140825 -0.759999025836975 0.186642900106022
  endloop
endfacet
facet normal -0.268908600680719 0.963165699389226 1.40902311919452e-015
  outer loop
    vertex 3.87628935448188 -0.759999025836975 0.195
    vertex 3.85986485155807 -0.762087673168448 0.190749025836975
    vertex 3.86042450292381 -0.762087673168448 0.194999999999999
  endloop
endfacet
facet normal 0.997147048167343 2.40359980273354e-016 0.07548353682198
  outer loop
    vertex 0.188199706628286 -0.312499999999999 0.189716152422468
    vertex 0.188024518026413 -2.22044604925031e-016 0.193147455111402
    vertex 0.188024518026413 -0.3125 0.193147455111402
  endloop
endfacet
facet normal 0.999649742479803 -2.29090971470946e-016 0.0264649269801402
  outer loop
    vertex 0.188024518026413 -2.22044604925031e-016 0.193147455111402
    vertex 0.188199706628286 -0.312499999999999 0.189716152422468
    vertex 0.188199706628286 -2.22044604925031e-016 0.189716152422468
  endloop
endfacet
facet normal -0.183899355391463 0.95328012995743 -0.239662305995228
  outer loop
    vertex 3.8637425005757 -0.759999025836975 0.220202694310364
    vertex 3.86683202151427 -0.759999025836975 0.217832021514273
    vertex 3.86291466593521 -0.760728377696754 0.213914665935213
  endloop
endfacet
facet normal -0.839089584095765 0.495357065865083 -0.224833376435824
  outer loop
    vertex 3.94836083422904 -0.701871757183499 0.222963401253108
    vertex 3.9322161569881 -0.727709671355095 0.194999999999999
    vertex 3.92921026433077 -0.727709671355096 0.217832021514272
  endloop
endfacet
facet normal -0.712456304726261 0.701716476830779 -1.89407740449573e-016
  outer loop
    vertex 3.9322161569881 -0.727709671355095 0.194999999999999
    vertex 3.94836083422904 -0.701871757183499 0.222963401253108
    vertex 3.95204228584505 -0.7018717571835 0.195
  endloop
endfacet
facet normal 0.981646237647349 -2.09581564496591e-015 0.190710943872672
  outer loop
    vertex 4.17328476336469 -0.312499999999999 0.181650233928916
    vertex 4.17271249190266 6.66133814775094e-016 0.185038011159353
    vertex 4.17271249190266 -0.312499999999999 0.185038011159353
  endloop
endfacet
facet normal 0.989821544247694 -2.81322161628116e-015 0.142314126295006
  outer loop
    vertex 4.17271249190266 6.66133814775094e-016 0.185038011159353
    vertex 4.17328476336469 -0.312499999999999 0.181650233928916
    vertex 4.17328476336469 8.88178419700125e-016 0.181650233928916
  endloop
endfacet
facet normal 0.490753046758514 0.861318766179917 -0.131496882562059
  outer loop
    vertex 3.78374724426501 -0.747535800212045 0.211144677240939
    vertex 3.81171064551812 -0.759999025836976 0.195
    vertex 3.7816217571835 -0.747535800212046 0.194999999999999
  endloop
endfacet
facet normal 0.268908600680715 0.963165699389228 -1.19160543043345e-015
  outer loop
    vertex 3.81171064551812 -0.759999025836976 0.195
    vertex 3.78374724426501 -0.747535800212045 0.211144677240939
    vertex 3.81281087859175 -0.759999025836975 0.203357099893976
  endloop
endfacet
facet normal 0.490753046758514 0.861318766179917 -0.131496882562059
  outer loop
    vertex 3.78374724426501 -0.747535800212045 0.211144677240939
    vertex 3.81603659874689 -0.759999025836975 0.211144677240939
    vertex 3.81281087859175 -0.759999025836975 0.203357099893976
  endloop
endfacet
facet normal 0.232867334312032 0.96316953171994 -0.134451693097555
  outer loop
    vertex 3.81603659874689 -0.759999025836975 0.211144677240939
    vertex 3.78374724426501 -0.747535800212045 0.211144677240939
    vertex 3.78997885707748 -0.747535800212046 0.226189121408249
  endloop
endfacet
facet normal 0.839089584095756 0.495357065865095 -0.224833376435829
  outer loop
    vertex 3.73963916577096 -0.701871757183499 0.222963401253108
    vertex 3.76760256702407 -0.727709671355096 0.239108078494048
    vertex 3.75878973566923 -0.727709671355096 0.217832021514273
  endloop
endfacet
facet normal 0.617005258979334 0.701716476830774 -0.356228152363132
  outer loop
    vertex 3.76760256702407 -0.727709671355096 0.239108078494048
    vertex 3.73963916577096 -0.701871757183499 0.222963401253108
    vertex 3.75043263577525 -0.701871757183499 0.249021142922522
  endloop
endfacet
facet normal 0.837132908138286 0.256147077833384 -0.483318909861133
  outer loop
    vertex 3.73963916577096 -0.671782868848879 0.255252755734987
    vertex 3.76760256702407 -0.701871757183499 0.271397432975927
    vertex 3.75043263577525 -0.701871757183499 0.249021142922522
  endloop
endfacet
facet normal 0.614256207659929 0.495357065865094 -0.614256207659936
  outer loop
    vertex 3.76760256702407 -0.701871757183499 0.271397432975927
    vertex 3.73963916577096 -0.671782868848879 0.255252755734987
    vertex 3.75878973566923 -0.671782868848878 0.280210264330773
  endloop
endfacet
facet normal 0.991444861373811 0.13052619222005 2.17081186418314e-015
  outer loop
    vertex 3.719243514367 -0.639493514366999 0.194999999999999
    vertex 3.72760061426098 -0.671782868848879 0.226189121408249
    vertex 3.72349448853002 -0.671782868848879 0.194999999999999
  endloop
endfacet
facet normal 0.933700434737493 0.256147077833386 -0.250184277460505
  outer loop
    vertex 3.72760061426098 -0.671782868848879 0.226189121408249
    vertex 3.719243514367 -0.639493514366999 0.194999999999999
    vertex 3.72349448853002 -0.639493514367 0.227289354481878
  endloop
endfacet
facet normal 0.617005258979334 0.701716476830774 -0.356228152363132
  outer loop
    vertex 3.76760256702407 -0.727709671355096 0.239108078494048
    vertex 3.79989192150595 -0.747535800212046 0.239108078494048
    vertex 3.78997885707748 -0.747535800212046 0.226189121408249
  endloop
endfacet
facet normal 0.359256164196443 0.86131876617992 -0.359256164196468
  outer loop
    vertex 3.79989192150595 -0.747535800212046 0.239108078494048
    vertex 3.76760256702407 -0.727709671355096 0.239108078494048
    vertex 3.7816217571835 -0.727709671355096 0.257378242816499
  endloop
endfacet
facet normal 0.958226401353958 -1.01687334332344e-016 0.286010775580649
  outer loop
    vertex 4.17492415190523 8.88178419700125e-016 0.174979245709348
    vertex 4.17402257585051 -0.312499999999998 0.178294617454247
    vertex 4.17492415190523 -0.312499999999999 0.174979245709348
  endloop
endfacet
facet normal 0.971106059278475 -7.40732749371352e-016 0.238648322082163
  outer loop
    vertex 4.17402257585051 -0.312499999999998 0.178294617454247
    vertex 4.17492415190523 8.88178419700125e-016 0.174979245709348
    vertex 4.17402257585051 8.88178419700125e-016 0.178294617454247
  endloop
endfacet
facet normal 0.4957224306869 0.130526192220046 -0.858616436401265
  outer loop
    vertex 3.7816217571835 -0.639493514366999 0.303042285845046
    vertex 3.75878973566923 -0.671782868848878 0.280210264330773
    vertex 3.7557838430119 -0.639493514366998 0.283216156988096
  endloop
endfacet
facet normal 0.683516157276997 0.256147077833384 -0.683516157276992
  outer loop
    vertex 3.75878973566923 -0.671782868848878 0.280210264330773
    vertex 3.7816217571835 -0.639493514366999 0.303042285845046
    vertex 3.78374724426501 -0.671782868848878 0.299360834229036
  endloop
endfacet
facet normal 0.858616436401262 0.130526192220041 -0.495722430686907
  outer loop
    vertex 3.73595771415495 -0.639493514366999 0.257378242816499
    vertex 3.75878973566923 -0.671782868848878 0.280210264330773
    vertex 3.73963916577096 -0.671782868848879 0.255252755734987
  endloop
endfacet
facet normal 0.683516157276997 0.256147077833384 -0.683516157276992
  outer loop
    vertex 3.75878973566923 -0.671782868848878 0.280210264330773
    vertex 3.73595771415495 -0.639493514366999 0.257378242816499
    vertex 3.7557838430119 -0.639493514366998 0.283216156988096
  endloop
endfacet
facet normal -0.127199167877026 0.991435549730831 -0.029595986574488
  outer loop
    vertex 3.86102508281675 -0.761929537482635 0.199561857191821
    vertex 3.87628935448188 -0.759999025836975 0.195
    vertex 3.86042450292381 -0.762087673168448 0.194999999999999
  endloop
endfacet
facet normal -0.268908600680719 0.963165699389226 1.40902311919452e-015
  outer loop
    vertex 3.87628935448188 -0.759999025836975 0.195
    vertex 3.86102508281675 -0.761929537482635 0.199561857191821
    vertex 3.87518912140825 -0.759999025836975 0.203357099893976
  endloop
endfacet
facet normal -0.966637819722268 0.25614707783338 2.59601181562639e-015
  outer loop
    vertex 3.96450551146998 -0.671782868848879 0.194999999999999
    vertex 3.94836083422904 -0.701871757183499 0.167036598746891
    vertex 3.95204228584505 -0.7018717571835 0.195
  endloop
endfacet
facet normal -0.839089584095764 0.495357065865083 0.224833376435826
  outer loop
    vertex 3.94836083422904 -0.701871757183499 0.167036598746891
    vertex 3.96450551146998 -0.671782868848879 0.194999999999999
    vertex 3.96039938573902 -0.671782868848879 0.16381087859175
  endloop
endfacet
facet normal -0.752307140051955 0.495357065865086 0.43434472982227
  outer loop
    vertex 3.93756736422475 -0.701871757183499 0.140978857077476
    vertex 3.92921026433077 -0.67178286884888 0.109789735669226
    vertex 3.92039743297593 -0.701871757183499 0.118602567024072
  endloop
endfacet
facet normal -0.683516157276999 0.25614707783339 0.683516157276988
  outer loop
    vertex 3.92921026433077 -0.67178286884888 0.109789735669226
    vertex 3.93756736422475 -0.701871757183499 0.140978857077476
    vertex 3.94836083422904 -0.671782868848878 0.134747244265012
  endloop
endfacet
facet normal 0.999744193003654 -8.75662845552616e-016 -0.0226174391890926
  outer loop
    vertex 0.188017906489744 0.0 0.196583220743236
    vertex 0.188179887946048 -0.3125 0.200015172257627
    vertex 0.188017906489743 -0.3125 0.196583220743237
  endloop
endfacet
facet normal 0.997430172199307 -1.0761424892349e-015 -0.0716453179660779
  outer loop
    vertex 0.188179887946048 -0.3125 0.200015172257627
    vertex 0.188017906489744 0.0 0.196583220743236
    vertex 0.188179887946049 -4.44089209850063e-016 0.200015172257626
  endloop
endfacet
facet normal 0.789528872580233 -1.64489318235088e-015 -0.613713417942109
  outer loop
    vertex 0.202732978919383 0.0 0.237959939255947
    vertex 0.204907494775221 -0.3125 0.240620016319121
    vertex 0.202732978919383 -0.3125 0.237959939255948
  endloop
endfacet
facet normal 0.758464360353943 -1.13818931356117e-015 -0.651714518844628
  outer loop
    vertex 0.204907494775221 -0.3125 0.240620016319121
    vertex 0.202732978919383 0.0 0.237959939255947
    vertex 0.204907494775221 0.0 0.240620016319121
  endloop
endfacet
facet normal 0.964287522970227 -1.13084987611116e-015 -0.264857646753769
  outer loop
    vertex 0.190499873392086 0.0 0.213540035272774
    vertex 0.191490896663525 -0.3125 0.216829777217787
    vertex 0.190499873392086 -0.3125 0.213540035272774
  endloop
endfacet
facet normal 0.95013004766388 -1.22625324510214e-015 -0.311853960254209
  outer loop
    vertex 0.191490896663525 -0.3125 0.216829777217787
    vertex 0.190499873392086 0.0 0.213540035272774
    vertex 0.191490896663525 -2.22044604925031e-016 0.216829777217787
  endloop
endfacet
facet normal 0.823528238930695 -0.553161265479351 0.125753147304511
  outer loop
    vertex 0.91920007242587 -0.125 0.253517462277179
    vertex 1.00057144897985 4.44089209850063e-016 0.271353281932776
    vertex 0.918006589028722 -0.125 0.262865414046726
  endloop
endfacet
facet normal 0.828706677578209 -0.553161265479352 0.0851930567039785
  outer loop
    vertex 1.00057144897985 4.44089209850063e-016 0.271353281932776
    vertex 0.91920007242587 -0.125 0.253517462277179
    vertex 1.0012489994501 2.22044604925031e-016 0.266046371813606
  endloop
endfacet
facet normal 0.660283041373618 -0.553161265479354 0.507975314014062
  outer loop
    vertex 3.23882346553913 -0.124999999999999 0.165426081642929
    vertex 3.30145095004998 8.88178419700125e-016 0.220355268501273
    vertex 3.23326222394125 -0.124999999999999 0.173034050938024
  endloop
endfacet
facet normal 0.684412868807719 -0.553161265479354 0.474964882263592
  outer loop
    vertex 3.30145095004998 8.88178419700125e-016 0.220355268501273
    vertex 3.23882346553913 -0.124999999999999 0.165426081642929
    vertex 3.30460811324878 6.66133814775094e-016 0.216036160932704
  endloop
endfacet
facet normal 0.166010287558543 -0.553161265479357 -0.816365848623034
  outer loop
    vertex 1.0872790999259 2.22044604925031e-016 0.389313868481444
    vertex 1.08001746227718 -0.125 0.472299927574131
    vertex 1.07073933197957 -0.125 0.470649199526947
  endloop
endfacet
facet normal 0.125753147304526 -0.553161265479357 -0.823528238930689
  outer loop
    vertex 1.08001746227718 -0.125 0.472299927574131
    vertex 1.0872790999259 2.22044604925031e-016 0.389313868481444
    vertex 1.09254637181361 0.0 0.390251000549897
  endloop
endfacet
facet normal -0.0670341085968302 -0.553161265479356 -0.830372833525944
  outer loop
    vertex 3.39977078882159 1.55431223447522e-015 0.391146552009012
    vertex 3.39704040876312 -0.124999999999999 0.47440495945122
    vertex 3.39442919039156 8.88178419700125e-016 0.391446044688453
  endloop
endfacet
facet normal -0.0262088993114695 -0.553161265479356 -0.832661820891386
  outer loop
    vertex 3.39704040876312 -0.124999999999999 0.47440495945122
    vertex 3.39977078882159 1.55431223447522e-015 0.391146552009012
    vertex 3.4064494628784 -0.124999999999999 0.473877412713123
  endloop
endfacet
facet normal 0.431331372067099 -0.553161265479353 -0.712717238351925
  outer loop
    vertex 1.05256430695183 2.22044604925031e-016 0.375752413106434
    vertex 1.01776999383883 -0.125 0.451441072495214
    vertex 1.00959033885093 -0.125 0.446761131343444
  endloop
endfacet
facet normal 0.395840437200388 -0.553161265479352 -0.733023166516781
  outer loop
    vertex 1.01776999383883 -0.125 0.451441072495214
    vertex 1.05256430695183 2.22044604925031e-016 0.375752413106434
    vertex 1.05720796525225 2.22044604925031e-016 0.378409254697803
  endloop
endfacet
facet normal 0.395840437200388 -0.553161265479352 -0.733023166516781
  outer loop
    vertex 1.05720796525225 2.22044604925031e-016 0.378409254697803
    vertex 1.02616942990237 -0.125 0.455714019805853
    vertex 1.01776999383883 -0.125 0.451441072495214
  endloop
endfacet
facet normal 0.359395888048939 -0.553161265479355 -0.751563177668247
  outer loop
    vertex 1.02616942990237 -0.125 0.455714019805853
    vertex 1.05720796525225 2.22044604925031e-016 0.378409254697803
    vertex 1.06197639510083 4.44089209850063e-016 0.380835042493947
  endloop
endfacet
facet normal 0.48439402520855 -0.553161265479355 0.677772117098023
  outer loop
    vertex 3.27936090062764 -0.124999999999999 0.126292729070222
    vertex 3.3233465654025 8.88178419700125e-016 0.197036482712435
    vertex 3.2718306473145 -0.124999999999999 0.131958758539337
  endloop
endfacet
facet normal 0.517067252901213 -0.553161265479354 0.653187622624979
  outer loop
    vertex 3.3233465654025 8.88178419700125e-016 0.197036482712435
    vertex 3.27936090062764 -0.124999999999999 0.126292729070222
    vertex 3.32762155296049 6.66133814775094e-016 0.193819830565906
  endloop
endfacet
facet normal 0.0962516364893253 -0.553161265479355 -0.827495158201186
  outer loop
    vertex 3.37840636975636 1.11022302462516e-015 0.390770034992543
    vertex 3.37820134720345 -0.124999999999999 0.474072948211885
    vertex 3.36881672470845 -0.124999999999999 0.473214190078608
  endloop
endfacet
facet normal 0.0555324342477099 -0.553161265479356 -0.831221247995863
  outer loop
    vertex 3.37820134720345 -0.124999999999999 0.474072948211885
    vertex 3.37840636975636 1.11022302462516e-015 0.390770034992543
    vertex 3.38373409815196 1.11022302462516e-015 0.391257559141122
  endloop
endfacet
facet normal -0.0781165565778303 -0.553161265479353 -0.82940365200649
  outer loop
    vertex 1.11922082392912 6.66133814775094e-016 0.391019743633174
    vertex 1.1176024826018 -0.125 0.474307187803496
    vertex 1.1138837010604 4.44089209850063e-016 0.391390538909277
  endloop
endfacet
facet normal -0.0373255534817126 -0.553161265479354 -0.832237596741798
  outer loop
    vertex 1.1176024826018 -0.125 0.474307187803496
    vertex 1.11922082392912 6.66133814775094e-016 0.391019743633174
    vertex 1.12700365315956 -0.125 0.473654043830912
  endloop
endfacet
facet normal 0.746696955466374 -0.553161265479354 0.369399879629824
  outer loop
    vertex 3.29330165736207 1.11022302462516e-015 0.234167465969584
    vertex 3.21493736382573 -0.124999999999999 0.205910521980054
    vertex 3.21890750654603 -0.124999999999999 0.197363793267526
  endloop
endfacet
facet normal 0.763923119272315 -0.553161265479354 0.332316238264903
  outer loop
    vertex 3.21493736382573 -0.124999999999999 0.205910521980054
    vertex 3.29330165736207 1.11022302462516e-015 0.234167465969584
    vertex 3.29104777425523 8.88178419700125e-016 0.239019515082425
  endloop
endfacet
facet normal -0.379701366989182 -0.553161265479357 -0.741511622484653
  outer loop
    vertex 3.44068038771369 1.11022302462516e-015 0.379519890108254
    vertex 3.47001945859493 -0.124999999999999 0.45748549986603
    vertex 3.43586000513983 8.88178419700125e-016 0.381840726486445
  endloop
endfacet
facet normal -0.342859749261603 -0.553161265479357 -0.759249502278104
  outer loop
    vertex 3.47001945859493 -0.124999999999999 0.45748549986603
    vertex 3.44068038771369 1.11022302462516e-015 0.379519890108254
    vertex 3.47851040771585 -0.124999999999999 0.453397421108117
  endloop
endfacet
facet normal 0.827495158201191 -0.553161265479352 0.0962516364892999
  outer loop
    vertex 3.28272996500746 1.11022302462516e-015 0.269906369756361
    vertex 3.19942705178812 -0.124999999999999 0.26970134720345
    vertex 3.20028580992139 -0.124999999999999 0.260316724708454
  endloop
endfacet
facet normal 0.831221247995867 -0.553161265479352 0.0555324342477024
  outer loop
    vertex 3.19942705178812 -0.124999999999999 0.26970134720345
    vertex 3.28272996500746 1.11022302462516e-015 0.269906369756361
    vertex 3.28224244085888 1.11022302462516e-015 0.275234098151957
  endloop
endfacet
facet normal -0.484394025208539 -0.553161265479352 -0.677772117098034
  outer loop
    vertex 3.45437844703951 1.77635683940025e-015 0.371180169434094
    vertex 3.49483989769039 -0.124999999999999 0.443996983401083
    vertex 3.44995077525131 1.11022302462516e-015 0.37418318328499
  endloop
endfacet
facet normal -0.450553849881253 -0.553161265479351 -0.700723799175156
  outer loop
    vertex 3.49483989769039 -0.124999999999999 0.443996983401083
    vertex 3.45437844703951 1.77635683940025e-015 0.371180169434094
    vertex 3.50263909937236 -0.124999999999999 0.438707270929779
  endloop
endfacet
facet normal 0.81407623267629 -0.553161265479352 0.176896867594822
  outer loop
    vertex 3.20337849208133 -0.124999999999999 0.241730283710516
    vertex 3.28347832115367 1.33226762955019e-015 0.264608980519092
    vertex 3.20160401524316 -0.124999999999999 0.250985543666661
  endloop
endfacet
facet normal 0.82177556009039 -0.553161265479353 0.136738960107961
  outer loop
    vertex 3.28347832115367 1.33226762955019e-015 0.264608980519092
    vertex 3.20337849208133 -0.124999999999999 0.241730283710516
    vertex 3.28448570644201 1.33226762955019e-015 0.259354692314823
  endloop
endfacet
facet normal 0.763923119272315 -0.553161265479354 0.332316238264903
  outer loop
    vertex 3.29104777425523 8.88178419700125e-016 0.239019515082425
    vertex 3.21139137141725 -0.124999999999999 0.214641761453577
    vertex 3.21493736382573 -0.124999999999999 0.205910521980054
  endloop
endfacet
facet normal 0.779308925372159 -0.553161265479354 0.294432017974557
  outer loop
    vertex 3.21139137141725 -0.124999999999999 0.214641761453577
    vertex 3.29104777425523 8.88178419700125e-016 0.239019515082425
    vertex 3.289034684815 1.33226762955019e-015 0.243976312491873
  endloop
endfacet
facet normal 0.667007442419389 -0.553161265479353 0.499112899182566
  outer loop
    vertex 1.02172828799625 0.0 0.21719572537778
    vertex 0.949814529261308 -0.125 0.175150170444006
    vertex 0.95527368160807 -0.125 0.167468617179211
  endloop
endfacet
facet normal 0.690694311933219 -0.55316126547935 0.465783191878348
  outer loop
    vertex 0.949814529261308 -0.125 0.175150170444006
    vertex 1.02172828799625 0.0 0.21719572537778
    vertex 1.01862908171606 0.0 0.221556607179148
  endloop
endfacet
facet normal -0.450553849881253 -0.553161265479351 -0.700723799175156
  outer loop
    vertex 3.44995077525131 1.11022302462516e-015 0.37418318328499
    vertex 3.48679053659959 -0.124999999999999 0.448897635493908
    vertex 3.44538108588206 1.55431223447522e-015 0.376965324316854
  endloop
endfacet
facet normal -0.415628250865759 -0.553161265479355 -0.721987376243898
  outer loop
    vertex 3.48679053659959 -0.124999999999999 0.448897635493908
    vertex 3.44995077525131 1.11022302462516e-015 0.37418318328499
    vertex 3.49483989769039 -0.124999999999999 0.443996983401083
  endloop
endfacet
facet normal 0.79281730801139 -0.553161265479353 0.255838485163694
  outer loop
    vertex 3.20827807192688 -0.124999999999999 0.223536477367439
    vertex 3.28574969399308 6.66133814775094e-016 0.254156163184055
    vertex 3.20560496556579 -0.124999999999999 0.232573241571917
  endloop
endfacet
facet normal 0.804415724313024 -0.553161265479352 0.216628615033273
  outer loop
    vertex 3.28574969399308 6.66133814775094e-016 0.254156163184055
    vertex 3.20827807192688 -0.124999999999999 0.223536477367439
    vertex 3.28726723875015 1.11022302462516e-015 0.249025916838805
  endloop
endfacet
facet normal 0.768292607295568 -0.553161265479353 0.322085522723792
  outer loop
    vertex 1.00847606744041 2.22044604925031e-016 0.240358108932385
    vertex 0.928501237430883 -0.125 0.217046224623651
    vertex 0.931930320628976 -0.125 0.208268412064386
  endloop
endfacet
facet normal 0.783171152737438 -0.553161265479355 0.283999225163012
  outer loop
    vertex 0.928501237430883 -0.125 0.217046224623651
    vertex 1.00847606744041 2.22044604925031e-016 0.240358108932385
    vertex 1.00652934833316 0.0 0.245341346270718
  endloop
endfacet
facet normal 0.727671933291778 -0.553161265479352 0.405593604329121
  outer loop
    vertex 3.22329223515658 -0.124999999999999 0.189022165134068
    vertex 3.29330165736207 1.11022302462516e-015 0.234167465969584
    vertex 3.21890750654603 -0.124999999999999 0.197363793267526
  endloop
endfacet
facet normal 0.746696955466374 -0.553161265479354 0.369399879629824
  outer loop
    vertex 3.29330165736207 1.11022302462516e-015 0.234167465969584
    vertex 3.22329223515658 -0.124999999999999 0.189022165134068
    vertex 3.29579090433368 1.11022302462516e-015 0.229431854164652
  endloop
endfacet
facet normal 0.614874000192989 -0.553161265479351 0.562087696236055
  outer loop
    vertex 0.967288963041053 -0.125 0.152954710606599
    vertex 1.02503773947476 -2.22044604925031e-016 0.212992167293955
    vertex 0.961103174120674 -0.125 0.160064184591189
  endloop
endfacet
facet normal 0.641713693553812 -0.553161265479354 0.531240199795539
  outer loop
    vertex 1.02503773947476 -2.22044604925031e-016 0.212992167293955
    vertex 0.967288963041053 -0.125 0.152954710606599
    vertex 1.0285494633931 0.0 0.208956059667287
  endloop
endfacet
facet normal 0.332316238264942 -0.553161265479357 -0.763923119272296
  outer loop
    vertex 3.34751951508242 1.11022302462516e-015 0.382452225744765
    vertex 3.32314176145358 -0.124999999999999 0.462108628582751
    vertex 3.31441052198005 -0.124999999999999 0.458562636174266
  endloop
endfacet
facet normal 0.294432017974548 -0.553161265479357 -0.779308925372161
  outer loop
    vertex 3.32314176145358 -0.124999999999999 0.462108628582751
    vertex 3.34751951508242 1.11022302462516e-015 0.382452225744765
    vertex 3.35247631249187 1.11022302462516e-015 0.384465315184998
  endloop
endfacet
facet normal -0.198969854180045 -0.553161265479355 -0.808964530434339
  outer loop
    vertex 1.13503335241425 2.22044604925031e-016 0.388345474924891
    vertex 1.14565333338744 -0.125 0.470968918263966
    vertex 1.12980840280849 4.44089209850063e-016 0.389495375472772
  endloop
endfacet
facet normal -0.15903617815505 -0.553161265479354 -0.817753085234849
  outer loop
    vertex 1.14565333338744 -0.125 0.470968918263966
    vertex 1.13503335241425 2.22044604925031e-016 0.388345474924891
    vertex 1.15485691434436 -0.125 0.468943405372284
  endloop
endfacet
facet normal 0.63456253425889 -0.553161265479354 0.53976198873968
  outer loop
    vertex 3.30797340206979 8.88178419700125e-016 0.211877170573992
    vertex 3.23882346553913 -0.124999999999999 0.165426081642929
    vertex 3.24475131373761 -0.124999999999999 0.158100153671621
  endloop
endfacet
facet normal 0.660283041373618 -0.553161265479354 0.507975314014062
  outer loop
    vertex 3.23882346553913 -0.124999999999999 0.165426081642929
    vertex 3.30797340206979 8.88178419700125e-016 0.211877170573992
    vertex 3.30460811324878 6.66133814775094e-016 0.216036160932704
  endloop
endfacet
facet normal 0.28399922516302 -0.553161265479356 -0.783171152737435
  outer loop
    vertex 1.07184134627072 0.0 0.384970651666842
    vertex 1.05248172106087 -0.125 0.465993008438357
    vertex 1.04354622462365 -0.125 0.462998762569117
  endloop
endfacet
facet normal 0.245228748593463 -0.553161265479355 -0.796162970274656
  outer loop
    vertex 1.05248172106087 -0.125 0.465993008438357
    vertex 1.07184134627072 0.0 0.384970651666842
    vertex 1.0769141020606 6.66133814775094e-016 0.386670509998859
  endloop
endfacet
facet normal 0.205867494489048 -0.553161265479356 -0.807236761480843
  outer loop
    vertex 1.08206415558901 4.44089209850063e-016 0.388119412448029
    vertex 1.07073933197957 -0.125 0.470649199526947
    vertex 1.06155337498247 -0.125 0.468545203578179
  endloop
endfacet
facet normal 0.166010287558543 -0.553161265479357 -0.816365848623034
  outer loop
    vertex 1.07073933197957 -0.125 0.470649199526947
    vertex 1.08206415558901 4.44089209850063e-016 0.388119412448029
    vertex 1.0872790999259 2.22044604925031e-016 0.389313868481444
  endloop
endfacet
facet normal 0.440810218509768 -0.553161265479354 -0.706893885693356
  outer loop
    vertex 3.33332408817126 1.55431223447522e-015 0.374990481643913
    vertex 3.29752216513407 -0.124999999999999 0.450207764843424
    vertex 3.28940573329249 -0.124999999999999 0.445419013537904
  endloop
endfacet
facet normal 0.405593604329107 -0.553161265479354 -0.727671933291785
  outer loop
    vertex 3.29752216513407 -0.124999999999999 0.450207764843424
    vertex 3.33332408817126 1.55431223447522e-015 0.374990481643913
    vertex 3.33793185416465 1.11022302462516e-015 0.377709095666318
  endloop
endfacet
facet normal 0.82177556009039 -0.553161265479353 0.136738960107961
  outer loop
    vertex 3.28347832115367 1.33226762955019e-015 0.264608980519092
    vertex 3.20028580992139 -0.124999999999999 0.260316724708454
    vertex 3.20160401524316 -0.124999999999999 0.250985543666661
  endloop
endfacet
facet normal 0.827495158201191 -0.553161265479351 0.0962516364892994
  outer loop
    vertex 3.20028580992139 -0.124999999999999 0.260316724708454
    vertex 3.28347832115367 1.33226762955019e-015 0.264608980519092
    vertex 3.28272996500746 1.11022302462516e-015 0.269906369756361
  endloop
endfacet
facet normal 0.751563177668263 -0.553161265479351 0.35939588804891
  outer loop
    vertex 1.01066495750605 -2.22044604925031e-016 0.235476395100827
    vertex 0.931930320628976 -0.125 0.208268412064386
    vertex 0.935785980194147 -0.125 0.199669429902376
  endloop
endfacet
facet normal 0.768292607295568 -0.553161265479353 0.322085522723792
  outer loop
    vertex 0.931930320628976 -0.125 0.208268412064386
    vertex 1.01066495750605 -2.22044604925031e-016 0.235476395100827
    vertex 1.00847606744041 2.22044604925031e-016 0.240358108932385
  endloop
endfacet
facet normal -0.342859749261602 -0.553161265479357 -0.759249502278104
  outer loop
    vertex 3.43586000513983 8.88178419700125e-016 0.381840726486445
    vertex 3.46133814467696 -0.124999999999999 0.461152023227847
    vertex 3.43093155088432 1.11022302462516e-015 0.383922242353309
  endloop
endfacet
facet normal -0.305192152367093 -0.553161265479355 -0.77515828351816
  outer loop
    vertex 3.46133814467696 -0.124999999999999 0.461152023227847
    vertex 3.43586000513983 8.88178419700125e-016 0.381840726486445
    vertex 3.47001945859493 -0.124999999999999 0.45748549986603
  endloop
endfacet
facet normal 0.607313310418016 -0.553161265479352 0.570248329556862
  outer loop
    vertex 3.31153870923749 6.66133814775094e-016 0.207888316797197
    vertex 3.24475131373761 -0.124999999999999 0.158100153671621
    vertex 3.25103148783117 -0.124999999999999 0.151073915826258
  endloop
endfacet
facet normal 0.63456253425889 -0.553161265479354 0.53976198873968
  outer loop
    vertex 3.24475131373761 -0.124999999999999 0.158100153671621
    vertex 3.31153870923749 6.66133814775094e-016 0.207888316797197
    vertex 3.30797340206979 8.88178419700125e-016 0.211877170573992
  endloop
endfacet
facet normal 0.474964882263603 -0.553161265479356 -0.684412868807709
  outer loop
    vertex 3.32885526850127 1.33226762955019e-015 0.372049049950019
    vertex 3.28940573329249 -0.124999999999999 0.445419013537904
    vertex 3.28153405093802 -0.124999999999999 0.440237776058751
  endloop
endfacet
facet normal 0.440810218509767 -0.553161265479354 -0.706893885693356
  outer loop
    vertex 3.28940573329249 -0.124999999999999 0.445419013537904
    vertex 3.32885526850127 1.33226762955019e-015 0.372049049950019
    vertex 3.33332408817126 1.55431223447522e-015 0.374990481643913
  endloop
endfacet
facet normal 0.00355537014207692 -0.553161265479356 -0.83306660821115
  outer loop
    vertex 1.10853481292805 6.66133814775094e-016 0.391499007339461
    vertex 1.1176024826018 -0.125 0.474307187803496
    vertex 1.10818058790996 -0.125 0.474498251460337
  endloop
endfacet
facet normal -0.0373255534817126 -0.553161265479354 -0.832237596741798
  outer loop
    vertex 1.1176024826018 -0.125 0.474307187803496
    vertex 1.10853481292805 6.66133814775094e-016 0.391499007339461
    vertex 1.1138837010604 4.44089209850063e-016 0.391390538909277
  endloop
endfacet
facet normal 0.783171152737438 -0.553161265479355 0.283999225163012
  outer loop
    vertex 0.928501237430883 -0.125 0.217046224623651
    vertex 1.00482949000114 2.22044604925031e-016 0.250414102060598
    vertex 0.925506991561643 -0.125 0.225981721060872
  endloop
endfacet
facet normal 0.796162970274666 -0.553161265479354 0.245228748593434
  outer loop
    vertex 1.00482949000114 2.22044604925031e-016 0.250414102060598
    vertex 0.928501237430883 -0.125 0.217046224623651
    vertex 1.00652934833316 0.0 0.245341346270718
  endloop
endfacet
facet normal 0.599360892200272 -0.553161265479358 -0.57860101561799
  outer loop
    vertex 3.31257920910045 1.11022302462516e-015 0.358204554385379
    vertex 3.25957391582626 -0.124999999999999 0.422468512168831
    vertex 3.25286429492923 -0.124999999999999 0.415851141669662
  endloop
endfacet
facet normal 0.570248329556859 -0.553161265479355 -0.607313310418017
  outer loop
    vertex 3.25957391582626 -0.124999999999999 0.422468512168831
    vertex 3.31257920910045 1.11022302462516e-015 0.358204554385379
    vertex 3.3163883167972 8.88178419700125e-016 0.361961290762513
  endloop
endfacet
facet normal 0.712717238351927 -0.553161265479349 0.431331372067101
  outer loop
    vertex 1.01574758689357 0.0 0.226064306951832
    vertex 0.940058927504786 -0.125 0.191269993838833
    vertex 0.944738868656556 -0.125 0.183090338850936
  endloop
endfacet
facet normal 0.733023166516793 -0.553161265479351 0.395840437200366
  outer loop
    vertex 0.940058927504786 -0.125 0.191269993838833
    vertex 1.01574758689357 0.0 0.226064306951832
    vertex 1.0130907453022 4.44089209850063e-016 0.230707965252253
  endloop
endfacet
facet normal 0.531240199795542 -0.553161265479351 -0.641713693553812
  outer loop
    vertex 1.03949216729395 0.0 0.366462260525242
    vertex 0.993968617179209 -0.125 0.436226318391929
    vertex 0.986564184591189 -0.125 0.430396825879325
  endloop
endfacet
facet normal 0.499112899182591 -0.553161265479351 -0.667007442419371
  outer loop
    vertex 0.993968617179209 -0.125 0.436226318391929
    vertex 1.03949216729395 0.0 0.366462260525242
    vertex 1.04369572537778 4.44089209850063e-016 0.369771712003751
  endloop
endfacet
facet normal 0.517067252901213 -0.553161265479355 0.653187622624979
  outer loop
    vertex 3.2718306473145 -0.124999999999999 0.131958758539337
    vertex 3.3192345608942 8.88178419700125e-016 0.200459023957829
    vertex 3.26458748340997 -0.124999999999999 0.137987455044985
  endloop
endfacet
facet normal 0.548494820291886 -0.553161265479355 0.627029541956558
  outer loop
    vertex 3.3192345608942 8.88178419700125e-016 0.200459023957829
    vertex 3.2718306473145 -0.124999999999999 0.131958758539337
    vertex 3.3233465654025 8.88178419700125e-016 0.197036482712435
  endloop
endfacet
facet normal 0.830372833525947 -0.553161265479352 -0.0670341085968249
  outer loop
    vertex 3.19962258728688 -0.124999999999999 0.2979494628784
    vertex 3.28291467973053 8.88178419700125e-016 0.296591257653115
    vertex 3.20061117897488 -0.124999999999999 0.307321297884388
  endloop
endfacet
facet normal 0.826083405272473 -0.553161265479352 -0.107697826843057
  outer loop
    vertex 3.28291467973053 8.88178419700125e-016 0.296591257653115
    vertex 3.19962258728688 -0.124999999999999 0.2979494628784
    vertex 3.28235344799099 1.11022302462516e-015 0.291270788821591
  endloop
endfacet
facet normal 0.0444277285677938 -0.553161265479357 -0.831888689253306
  outer loop
    vertex 1.10318704547211 2.22044604925031e-016 0.391344887613781
    vertex 1.10818058790996 -0.125 0.474498251460337
    vertex 1.09876066725362 -0.125 0.474226774512349
  endloop
endfacet
facet normal 0.00355537014207702 -0.553161265479356 -0.83306660821115
  outer loop
    vertex 1.10818058790996 -0.125 0.474498251460337
    vertex 1.10318704547211 2.22044604925031e-016 0.391344887613781
    vertex 1.10853481292805 6.66133814775094e-016 0.391499007339461
  endloop
endfacet
facet normal 0.627029541956575 -0.553161265479357 -0.548494820291864
  outer loop
    vertex 3.30895902395783 1.11022302462516e-015 0.354265439105797
    vertex 3.25286429492923 -0.124999999999999 0.415851141669662
    vertex 3.24648745504498 -0.124999999999999 0.40891251659003
  endloop
endfacet
facet normal 0.599360892200272 -0.553161265479358 -0.57860101561799
  outer loop
    vertex 3.25286429492923 -0.124999999999999 0.415851141669662
    vertex 3.30895902395783 1.11022302462516e-015 0.354265439105797
    vertex 3.31257920910045 1.11022302462516e-015 0.358204554385379
  endloop
endfacet
facet normal -0.159036178155049 -0.553161265479354 -0.817753085234849
  outer loop
    vertex 1.12980840280849 4.44089209850063e-016 0.389495375472772
    vertex 1.13636145133993 -0.125 0.472540393023622
    vertex 1.12453332393777 6.66133814775094e-016 0.390387514789452
  endloop
endfacet
facet normal -0.11871937004696 -0.553161265479354 -0.824571601226317
  outer loop
    vertex 1.13636145133993 -0.125 0.472540393023622
    vertex 1.12980840280849 4.44089209850063e-016 0.389495375472772
    vertex 1.14565333338744 -0.125 0.470968918263966
  endloop
endfacet
facet normal 0.0851930567039784 -0.553161265479357 -0.828706677578206
  outer loop
    vertex 1.09785328193277 4.44089209850063e-016 0.390928551020152
    vertex 1.09876066725362 -0.125 0.474226774512349
    vertex 1.08936541404672 -0.125 0.473493410971278
  endloop
endfacet
facet normal 0.0444277285677941 -0.553161265479357 -0.831888689253306
  outer loop
    vertex 1.09876066725362 -0.125 0.474226774512349
    vertex 1.09785328193277 4.44089209850063e-016 0.390928551020152
    vertex 1.10318704547211 2.22044604925031e-016 0.391344887613781
  endloop
endfacet
facet normal -0.305192152367092 -0.553161265479355 -0.77515828351816
  outer loop
    vertex 3.43093155088432 1.11022302462516e-015 0.383922242353309
    vertex 3.45248738000757 -0.124999999999999 0.464388158217638
    vertex 3.42590689802513 1.33226762955019e-015 0.385759423154805
  endloop
endfacet
facet normal -0.266789320845878 -0.553161265479356 -0.789199640557364
  outer loop
    vertex 3.45248738000757 -0.124999999999999 0.464388158217638
    vertex 3.43093155088432 1.11022302462516e-015 0.383922242353309
    vertex 3.46133814467696 -0.124999999999999 0.461152023227847
  endloop
endfacet
facet normal -0.827495158201187 -0.553161265479352 -0.0962516364893276
  outer loop
    vertex 3.49927003499254 1.33226762955019e-015 0.29509363024364
    vertex 3.58257294821188 -0.124999999999999 0.295298652796552
    vertex 3.58171419007861 -0.124999999999999 0.304683275291548
  endloop
endfacet
facet normal -0.831221247995867 -0.553161265479352 -0.0555324342476944
  outer loop
    vertex 3.58257294821188 -0.124999999999999 0.295298652796552
    vertex 3.49927003499254 1.33226762955019e-015 0.29509363024364
    vertex 3.49975755914112 1.55431223447522e-015 0.289765901848044
  endloop
endfacet
facet normal -0.266789320845877 -0.553161265479356 -0.789199640557364
  outer loop
    vertex 3.42590689802513 1.33226762955019e-015 0.385759423154805
    vertex 3.44348848685409 -0.124999999999999 0.467186108702762
    vertex 3.42079815139112 1.55431223447522e-015 0.387347842961464
  endloop
endfacet
facet normal -0.22774377048273 -0.553161265479357 -0.801339746536752
  outer loop
    vertex 3.44348848685409 -0.124999999999999 0.467186108702762
    vertex 3.42590689802513 1.33226762955019e-015 0.385759423154805
    vertex 3.45248738000757 -0.124999999999999 0.464388158217638
  endloop
endfacet
facet normal 0.828706677578209 -0.553161265479352 0.0851930567039785
  outer loop
    vertex 1.00057144897985 4.44089209850063e-016 0.271353281932776
    vertex 0.917273225487652 -0.125 0.272260667253622
    vertex 0.918006589028722 -0.125 0.262865414046726
  endloop
endfacet
facet normal 0.831888689253309 -0.553161265479352 0.044427728567803
  outer loop
    vertex 0.917273225487652 -0.125 0.272260667253622
    vertex 1.00057144897985 4.44089209850063e-016 0.271353281932776
    vertex 1.00015511238622 4.44089209850063e-016 0.276687045472108
  endloop
endfacet
facet normal 0.796162970274666 -0.553161265479354 0.245228748593434
  outer loop
    vertex 1.00482949000114 2.22044604925031e-016 0.250414102060598
    vertex 0.922954796421821 -0.125 0.235053374982474
    vertex 0.925506991561643 -0.125 0.225981721060872
  endloop
endfacet
facet normal 0.807236761480842 -0.553161265479351 0.205867494489064
  outer loop
    vertex 0.922954796421821 -0.125 0.235053374982474
    vertex 1.00482949000114 2.22044604925031e-016 0.250414102060598
    vertex 1.00338058755197 0.0 0.255564155589007
  endloop
endfacet
facet normal 0.0555324342477103 -0.553161265479356 -0.831221247995864
  outer loop
    vertex 3.38373409815196 1.11022302462516e-015 0.391257559141122
    vertex 3.38761680277406 -0.124999999999999 0.47447019033311
    vertex 3.37820134720345 -0.124999999999999 0.474072948211885
  endloop
endfacet
facet normal 0.0146794495079228 -0.553161265479357 -0.832944852997737
  outer loop
    vertex 3.38761680277406 -0.124999999999999 0.47447019033311
    vertex 3.38373409815196 1.11022302462516e-015 0.391257559141122
    vertex 3.38907933074152 8.88178419700125e-016 0.391483076803692
  endloop
endfacet
facet normal 0.816365848623037 -0.553161265479351 0.166010287558548
  outer loop
    vertex 1.00218613151856 8.88178419700125e-016 0.260779099925904
    vertex 0.91920007242587 -0.125 0.253517462277179
    vertex 0.920850800473053 -0.125 0.244239331979577
  endloop
endfacet
facet normal 0.823528238930695 -0.553161265479351 0.125753147304511
  outer loop
    vertex 0.91920007242587 -0.125 0.253517462277179
    vertex 1.00218613151856 8.88178419700125e-016 0.260779099925904
    vertex 1.0012489994501 2.22044604925031e-016 0.266046371813606
  endloop
endfacet
facet normal 0.733023166516793 -0.553161265479351 0.395840437200366
  outer loop
    vertex 1.0130907453022 4.44089209850063e-016 0.230707965252253
    vertex 0.935785980194147 -0.125 0.199669429902376
    vertex 0.940058927504786 -0.125 0.191269993838833
  endloop
endfacet
facet normal 0.751563177668264 -0.553161265479351 0.35939588804891
  outer loop
    vertex 0.935785980194147 -0.125 0.199669429902376
    vertex 1.0130907453022 4.44089209850063e-016 0.230707965252253
    vertex 1.01066495750605 -2.22044604925031e-016 0.235476395100827
  endloop
endfacet
facet normal 0.77930892537216 -0.553161265479354 0.294432017974557
  outer loop
    vertex 3.289034684815 1.33226762955019e-015 0.243976312491873
    vertex 3.20827807192688 -0.124999999999999 0.223536477367439
    vertex 3.21139137141725 -0.124999999999999 0.214641761453577
  endloop
endfacet
facet normal 0.79281730801139 -0.553161265479353 0.255838485163694
  outer loop
    vertex 3.20827807192688 -0.124999999999999 0.223536477367439
    vertex 3.289034684815 1.33226762955019e-015 0.243976312491873
    vertex 3.28726723875015 1.11022302462516e-015 0.249025916838805
  endloop
endfacet
facet normal 0.499112899182591 -0.553161265479351 -0.667007442419372
  outer loop
    vertex 1.04369572537778 4.44089209850063e-016 0.369771712003751
    vertex 1.001650170444 -0.125 0.441685470738691
    vertex 0.993968617179209 -0.125 0.436226318391929
  endloop
endfacet
facet normal 0.465783191878361 -0.553161265479352 -0.690694311933208
  outer loop
    vertex 1.001650170444 -0.125 0.441685470738691
    vertex 1.04369572537778 4.44089209850063e-016 0.369771712003751
    vertex 1.04805660717915 4.44089209850063e-016 0.372870918283944
  endloop
endfacet
facet normal -0.188149565428495 -0.553161265479357 -0.811549354877659
  outer loop
    vertex 3.4156176184004 8.88178419700125e-016 0.388683675130842
    vertex 3.42513333620968 -0.124999999999999 0.471441565991173
    vertex 3.4103777794107 1.11022302462516e-015 0.389763701526239
  endloop
endfacet
facet normal -0.148102091591195 -0.553161265479356 -0.819803869739337
  outer loop
    vertex 3.42513333620968 -0.124999999999999 0.471441565991173
    vertex 3.4156176184004 8.88178419700125e-016 0.388683675130842
    vertex 3.43436314433832 -0.124999999999999 0.469539134175429
  endloop
endfacet
facet normal 0.706893885693368 -0.553161265479353 0.44081021850975
  outer loop
    vertex 3.29850951835609 8.88178419700125e-016 0.224824088171258
    vertex 3.22329223515658 -0.124999999999999 0.189022165134068
    vertex 3.2280809864621 -0.124999999999999 0.180905733292493
  endloop
endfacet
facet normal 0.727671933291778 -0.553161265479352 0.405593604329121
  outer loop
    vertex 3.22329223515658 -0.124999999999999 0.189022165134068
    vertex 3.29850951835609 8.88178419700125e-016 0.224824088171258
    vertex 3.29579090433368 1.11022302462516e-015 0.229431854164652
  endloop
endfacet
facet normal -0.11871937004696 -0.553161265479354 -0.824571601226317
  outer loop
    vertex 1.12453332393777 6.66133814775094e-016 0.390387514789452
    vertex 1.12700365315956 -0.125 0.473654043830912
    vertex 1.11922082392912 6.66133814775094e-016 0.391019743633174
  endloop
endfacet
facet normal -0.0781165565778302 -0.553161265479353 -0.82940365200649
  outer loop
    vertex 1.12700365315956 -0.125 0.473654043830912
    vertex 1.12453332393777 6.66133814775094e-016 0.390387514789452
    vertex 1.13636145133993 -0.125 0.472540393023622
  endloop
endfacet
facet normal 0.507975314014051 -0.553161265479356 -0.660283041373624
  outer loop
    vertex 3.3245361609327 8.88178419700125e-016 0.368891886751224
    vertex 3.28153405093802 -0.124999999999999 0.440237776058751
    vertex 3.27392608164293 -0.124999999999999 0.434676534460874
  endloop
endfacet
facet normal 0.474964882263603 -0.553161265479356 -0.684412868807709
  outer loop
    vertex 3.28153405093802 -0.124999999999999 0.440237776058751
    vertex 3.3245361609327 8.88178419700125e-016 0.368891886751224
    vertex 3.32885526850127 1.33226762955019e-015 0.372049049950019
  endloop
endfacet
facet normal 0.700723799175146 -0.553161265479356 -0.450553849881263
  outer loop
    vertex 3.29931681671501 1.11022302462516e-015 0.341450775251313
    vertex 3.23479272907022 -0.124999999999999 0.394139099372356
    vertex 3.22950301659892 -0.124999999999999 0.386339897690389
  endloop
endfacet
facet normal 0.677772117098022 -0.553161265479354 -0.484394025208554
  outer loop
    vertex 3.23479272907022 -0.124999999999999 0.394139099372356
    vertex 3.29931681671501 1.11022302462516e-015 0.341450775251313
    vertex 3.30231983056591 1.11022302462516e-015 0.345878447039513
  endloop
endfacet
facet normal 0.465783191878361 -0.553161265479352 -0.690694311933208
  outer loop
    vertex 1.04805660717915 4.44089209850063e-016 0.372870918283944
    vertex 1.00959033885093 -0.125 0.446761131343444
    vertex 1.001650170444 -0.125 0.441685470738691
  endloop
endfacet
facet normal 0.431331372067098 -0.553161265479353 -0.712717238351925
  outer loop
    vertex 1.00959033885093 -0.125 0.446761131343444
    vertex 1.04805660717915 4.44089209850063e-016 0.372870918283944
    vertex 1.05256430695183 2.22044604925031e-016 0.375752413106434
  endloop
endfacet
facet normal -0.607313310418022 -0.553161265479354 -0.570248329556855
  outer loop
    vertex 3.47046129076251 1.33226762955019e-015 0.357111683202803
    vertex 3.53724868626239 -0.124999999999999 0.40689984632838
    vertex 3.53096851216883 -0.124999999999999 0.413926084173744
  endloop
endfacet
facet normal -0.634562534258882 -0.553161265479354 -0.539761988739689
  outer loop
    vertex 3.53724868626239 -0.124999999999999 0.40689984632838
    vertex 3.47046129076251 1.33226762955019e-015 0.357111683202803
    vertex 3.47402659793021 1.33226762955019e-015 0.353122829426009
  endloop
endfacet
facet normal 0.539761988739666 -0.553161265479355 -0.634562534258901
  outer loop
    vertex 3.32037717057399 8.88178419700125e-016 0.365526597930211
    vertex 3.27392608164293 -0.124999999999999 0.434676534460874
    vertex 3.26660015367162 -0.124999999999999 0.428748686262392
  endloop
endfacet
facet normal 0.507975314014052 -0.553161265479356 -0.660283041373624
  outer loop
    vertex 3.27392608164293 -0.124999999999999 0.434676534460874
    vertex 3.32037717057399 8.88178419700125e-016 0.365526597930211
    vertex 3.3245361609327 8.88178419700125e-016 0.368891886751224
  endloop
endfacet
facet normal 0.255838485163692 -0.553161265479357 -0.792817308011388
  outer loop
    vertex 3.3575259168388 8.88178419700125e-016 0.386232761249845
    vertex 3.34107324157192 -0.124999999999999 0.467895034434215
    vertex 3.33203647736744 -0.124999999999999 0.465221928073122
  endloop
endfacet
facet normal 0.21662861503326 -0.553161265479356 -0.804415724313025
  outer loop
    vertex 3.34107324157192 -0.124999999999999 0.467895034434215
    vertex 3.3575259168388 8.88178419700125e-016 0.386232761249845
    vertex 3.36265616318406 1.11022302462516e-015 0.387750306006924
  endloop
endfacet
facet normal 0.21662861503326 -0.553161265479356 -0.804415724313025
  outer loop
    vertex 3.36265616318406 1.11022302462516e-015 0.387750306006924
    vertex 3.35023028371051 -0.124999999999999 0.470121507918668
    vertex 3.34107324157192 -0.124999999999999 0.467895034434215
  endloop
endfacet
facet normal 0.176896867594791 -0.553161265479356 -0.814076232676294
  outer loop
    vertex 3.35023028371051 -0.124999999999999 0.470121507918668
    vertex 3.36265616318406 1.11022302462516e-015 0.387750306006924
    vertex 3.36785469231482 8.88178419700125e-016 0.389014293557993
  endloop
endfacet
facet normal 0.294432017974548 -0.553161265479357 -0.77930892537216
  outer loop
    vertex 3.35247631249187 1.11022302462516e-015 0.384465315184998
    vertex 3.33203647736744 -0.124999999999999 0.465221928073122
    vertex 3.32314176145358 -0.124999999999999 0.462108628582751
  endloop
endfacet
facet normal 0.255838485163692 -0.553161265479357 -0.792817308011388
  outer loop
    vertex 3.33203647736744 -0.124999999999999 0.465221928073122
    vertex 3.35247631249187 1.11022302462516e-015 0.384465315184998
    vertex 3.3575259168388 8.88178419700125e-016 0.386232761249845
  endloop
endfacet
facet normal -0.315516055314225 -0.553161265479355 -0.771013769794178
  outer loop
    vertex 1.15028233743849 2.22044604925031e-016 0.383379971330362
    vertex 1.17291075019572 -0.125 0.463550865806878
    vertex 1.14528266547569 8.88178419700125e-016 0.38528408527578
  endloop
endfacet
facet normal -0.277304149849401 -0.553161265479356 -0.785566688989279
  outer loop
    vertex 1.17291075019572 -0.125 0.463550865806878
    vertex 1.15028233743849 2.22044604925031e-016 0.383379971330362
    vertex 1.18171751181826 -0.125 0.460196830233298
  endloop
endfacet
facet normal 0.832661820891388 -0.553161265479352 -0.0262088993114866
  outer loop
    vertex 3.28205395531155 1.55431223447522e-015 0.285929190391565
    vertex 3.19962258728688 -0.124999999999999 0.2979494628784
    vertex 3.19909504054878 -0.124999999999999 0.288540408763125
  endloop
endfacet
facet normal 0.830372833525947 -0.553161265479352 -0.0670341085968249
  outer loop
    vertex 3.19962258728688 -0.124999999999999 0.2979494628784
    vertex 3.28205395531155 1.55431223447522e-015 0.285929190391565
    vertex 3.28235344799099 1.11022302462516e-015 0.291270788821591
  endloop
endfacet
facet normal 0.176896867594792 -0.553161265479356 -0.814076232676294
  outer loop
    vertex 3.36785469231482 8.88178419700125e-016 0.389014293557993
    vertex 3.35948554366666 -0.124999999999999 0.471895984756842
    vertex 3.35023028371051 -0.124999999999999 0.470121507918668
  endloop
endfacet
facet normal 0.136738960107964 -0.553161265479356 -0.821775560090387
  outer loop
    vertex 3.35948554366666 -0.124999999999999 0.471895984756842
    vertex 3.36785469231482 8.88178419700125e-016 0.389014293557993
    vertex 3.37310898051909 8.88178419700125e-016 0.390021678846332
  endloop
endfacet
facet normal 0.322085522723781 -0.553161265479357 -0.76829260729557
  outer loop
    vertex 1.06685810893238 2.22044604925031e-016 0.383023932559591
    vertex 1.04354622462365 -0.125 0.462998762569117
    vertex 1.03476841206438 -0.125 0.459569679371024
  endloop
endfacet
facet normal 0.283999225163021 -0.553161265479356 -0.783171152737434
  outer loop
    vertex 1.04354622462365 -0.125 0.462998762569117
    vertex 1.06685810893238 2.22044604925031e-016 0.383023932559591
    vertex 1.07184134627072 0.0 0.384970651666842
  endloop
endfacet
facet normal 0.136738960107964 -0.553161265479356 -0.821775560090387
  outer loop
    vertex 3.37310898051909 8.88178419700125e-016 0.390021678846332
    vertex 3.36881672470845 -0.124999999999999 0.473214190078608
    vertex 3.35948554366666 -0.124999999999999 0.471895984756842
  endloop
endfacet
facet normal 0.0962516364893253 -0.553161265479355 -0.827495158201185
  outer loop
    vertex 3.36881672470845 -0.124999999999999 0.473214190078608
    vertex 3.37310898051909 8.88178419700125e-016 0.390021678846332
    vertex 3.37840636975636 1.11022302462516e-015 0.390770034992543
  endloop
endfacet
facet normal 0.548494820291886 -0.553161265479355 0.627029541956558
  outer loop
    vertex 3.26458748340997 -0.124999999999999 0.137987455044985
    vertex 3.31529544561462 1.11022302462516e-015 0.20407920910045
    vertex 3.25764885833034 -0.124999999999999 0.144364294929234
  endloop
endfacet
facet normal 0.578601015617989 -0.553161265479354 0.599360892200276
  outer loop
    vertex 3.31529544561462 1.11022302462516e-015 0.20407920910045
    vertex 3.26458748340997 -0.124999999999999 0.137987455044985
    vertex 3.3192345608942 8.88178419700125e-016 0.200459023957829
  endloop
endfacet
facet normal -0.389569324138488 -0.553161265479354 -0.736375146283171
  outer loop
    vertex 1.15997151800644 2.22044604925031e-016 0.378847830033264
    vertex 1.19034909058552 -0.125 0.456414707431281
    vertex 1.15518255663449 4.44089209850063e-016 0.381232828697967
  endloop
endfacet
facet normal -0.352967854965831 -0.553161265479354 -0.754603410894822
  outer loop
    vertex 1.19034909058552 -0.125 0.456414707431281
    vertex 1.15997151800644 2.22044604925031e-016 0.378847830033264
    vertex 1.19878469226823 -0.125 0.452213608865933
  endloop
endfacet
facet normal -0.832944852997739 -0.553161265479352 -0.0146794495079294
  outer loop
    vertex 3.58297019033311 -0.124999999999999 0.28588319722594
    vertex 3.49994604468845 1.33226762955019e-015 0.279070809608437
    vertex 3.58290495945122 -0.124999999999999 0.276459591236877
  endloop
endfacet
facet normal -0.832661820891388 -0.553161265479354 0.0262088993114586
  outer loop
    vertex 3.49994604468845 1.33226762955019e-015 0.279070809608437
    vertex 3.58297019033311 -0.124999999999999 0.28588319722594
    vertex 3.49998307680369 1.11022302462516e-015 0.284420669258477
  endloop
endfacet
facet normal -0.517067252901194 -0.553161265479356 -0.653187622624993
  outer loop
    vertex 3.4586534345975 1.11022302462516e-015 0.367963517287566
    vertex 3.50263909937236 -0.124999999999999 0.438707270929779
    vertex 3.45437844703951 1.77635683940025e-015 0.371180169434094
  endloop
endfacet
facet normal -0.484394025208539 -0.553161265479352 -0.677772117098034
  outer loop
    vertex 3.50263909937236 -0.124999999999999 0.438707270929779
    vertex 3.4586534345975 1.11022302462516e-015 0.367963517287566
    vertex 3.5101693526855 -0.124999999999999 0.433041241460665
  endloop
endfacet
facet normal 0.804415724313024 -0.553161265479352 0.216628615033273
  outer loop
    vertex 3.28574969399308 6.66133814775094e-016 0.254156163184055
    vertex 3.20337849208133 -0.124999999999999 0.241730283710516
    vertex 3.20560496556579 -0.124999999999999 0.232573241571917
  endloop
endfacet
facet normal 0.81407623267629 -0.553161265479352 0.176896867594822
  outer loop
    vertex 3.20337849208133 -0.124999999999999 0.241730283710516
    vertex 3.28574969399308 6.66133814775094e-016 0.254156163184055
    vertex 3.28448570644201 1.33226762955019e-015 0.259354692314823
  endloop
endfacet
facet normal 0.405593604329107 -0.553161265479354 -0.727671933291784
  outer loop
    vertex 3.33793185416465 1.11022302462516e-015 0.377709095666318
    vertex 3.30586379326753 -0.124999999999999 0.454592493453971
    vertex 3.29752216513407 -0.124999999999999 0.450207764843424
  endloop
endfacet
facet normal 0.369399879629843 -0.553161265479355 -0.746696955466364
  outer loop
    vertex 3.30586379326753 -0.124999999999999 0.454592493453971
    vertex 3.33793185416465 1.11022302462516e-015 0.377709095666318
    vertex 3.34266746596958 1.11022302462516e-015 0.380198342637931
  endloop
endfacet
facet normal 0.578601015617989 -0.553161265479354 0.599360892200276
  outer loop
    vertex 3.31529544561462 1.11022302462516e-015 0.20407920910045
    vertex 3.25103148783117 -0.124999999999999 0.151073915826258
    vertex 3.25764885833034 -0.124999999999999 0.144364294929234
  endloop
endfacet
facet normal 0.607313310418017 -0.553161265479352 0.570248329556862
  outer loop
    vertex 3.25103148783117 -0.124999999999999 0.151073915826258
    vertex 3.31529544561462 1.11022302462516e-015 0.20407920910045
    vertex 3.31153870923749 6.66133814775094e-016 0.207888316797197
  endloop
endfacet
facet normal -0.277304149849401 -0.553161265479355 -0.785566688989279
  outer loop
    vertex 1.14528266547569 8.88178419700125e-016 0.38528408527578
    vertex 1.16395002197804 -0.125 0.466468733986547
    vertex 1.14019558539378 4.44089209850063e-016 0.386940583356946
  endloop
endfacet
facet normal -0.238424194398616 -0.553161265479355 -0.798227109223089
  outer loop
    vertex 1.16395002197804 -0.125 0.466468733986547
    vertex 1.14528266547569 8.88178419700125e-016 0.38528408527578
    vertex 1.17291075019572 -0.125 0.463550865806878
  endloop
endfacet
facet normal -0.238424194398617 -0.553161265479355 -0.798227109223089
  outer loop
    vertex 1.14019558539378 4.44089209850063e-016 0.386940583356946
    vertex 1.15485691434436 -0.125 0.468943405372284
    vertex 1.13503335241425 2.22044604925031e-016 0.388345474924891
  endloop
endfacet
facet normal -0.198969854180045 -0.553161265479355 -0.808964530434339
  outer loop
    vertex 1.15485691434436 -0.125 0.468943405372284
    vertex 1.14019558539378 4.44089209850063e-016 0.386940583356946
    vertex 1.16395002197804 -0.125 0.466468733986547
  endloop
endfacet
facet normal -0.634562534258882 -0.553161265479354 -0.539761988739689
  outer loop
    vertex 3.47402659793021 1.33226762955019e-015 0.353122829426009
    vertex 3.54317653446087 -0.124999999999999 0.399573918357072
    vertex 3.53724868626239 -0.124999999999999 0.40689984632838
  endloop
endfacet
facet normal -0.660283041373622 -0.553161265479354 -0.507975314014057
  outer loop
    vertex 3.54317653446087 -0.124999999999999 0.399573918357072
    vertex 3.47402659793021 1.33226762955019e-015 0.353122829426009
    vertex 3.47739188675123 1.33226762955019e-015 0.348963839067297
  endloop
endfacet
facet normal 0.369399879629843 -0.553161265479355 -0.746696955466364
  outer loop
    vertex 3.34266746596958 1.11022302462516e-015 0.380198342637931
    vertex 3.31441052198005 -0.124999999999999 0.458562636174266
    vertex 3.30586379326753 -0.124999999999999 0.454592493453971
  endloop
endfacet
facet normal 0.332316238264942 -0.553161265479357 -0.763923119272296
  outer loop
    vertex 3.31441052198005 -0.124999999999999 0.458562636174266
    vertex 3.34266746596958 1.11022302462516e-015 0.380198342637931
    vertex 3.34751951508242 1.11022302462516e-015 0.382452225744765
  endloop
endfacet
facet normal 0.674859274703964 -1.91820083840387e-015 0.737946447478433
  outer loop
    vertex 4.19475985077072 -0.312499999999999 0.143343748676511
    vertex 4.19228210148243 1.11022302462516e-015 0.145723935151067
    vertex 4.19228210148243 -0.312499999999999 0.145723935151067
  endloop
endfacet
facet normal 0.710255693108199 -2.2626477145542e-015 0.703943783556181
  outer loop
    vertex 4.19228210148243 1.11022302462516e-015 0.145723935151067
    vertex 4.19475985077072 -0.312499999999999 0.143343748676511
    vertex 4.19475985077072 6.66133814775094e-016 0.143343748676511
  endloop
endfacet
facet normal 0.710255693108199 -2.26264771455419e-015 0.703943783556182
  outer loop
    vertex 4.19228210148243 -0.312499999999999 0.145723935151067
    vertex 4.18992412696643 8.88178419700125e-016 0.148222831981919
    vertex 4.18992412696643 -0.312499999999999 0.148222831981918
  endloop
endfacet
facet normal 0.743941043336684 -2.04893724575445e-015 0.668245257401147
  outer loop
    vertex 4.18992412696643 8.88178419700125e-016 0.148222831981919
    vertex 4.19228210148243 -0.312499999999999 0.145723935151067
    vertex 4.19228210148243 1.11022302462516e-015 0.145723935151067
  endloop
endfacet
facet normal 0.342859749261617 -0.553161265479352 0.7592495022781
  outer loop
    vertex 3.31198054140507 -0.124999999999999 0.10751450013397
    vertex 3.34131961228631 1.11022302462516e-015 0.185480109891745
    vertex 3.30348959228415 -0.124999999999999 0.111602578891883
  endloop
endfacet
facet normal 0.379701366989174 -0.553161265479352 0.741511622484661
  outer loop
    vertex 3.34131961228631 1.11022302462516e-015 0.185480109891745
    vertex 3.31198054140507 -0.124999999999999 0.10751450013397
    vertex 3.34613999486017 8.88178419700125e-016 0.183159273513555
  endloop
endfacet
facet normal 0.379701366989174 -0.553161265479352 0.741511622484661
  outer loop
    vertex 3.30348959228415 -0.124999999999999 0.111602578891883
    vertex 3.33661891411795 8.88178419700125e-016 0.188034675683145
    vertex 3.29520946340042 -0.124999999999999 0.116102364506092
  endloop
endfacet
facet normal 0.415628250865737 -0.553161265479352 0.721987376243914
  outer loop
    vertex 3.33661891411795 8.88178419700125e-016 0.188034675683145
    vertex 3.30348959228415 -0.124999999999999 0.111602578891883
    vertex 3.34131961228631 1.11022302462516e-015 0.185480109891745
  endloop
endfacet
facet normal 0.415628250865737 -0.553161265479351 0.721987376243914
  outer loop
    vertex 3.29520946340042 -0.124999999999999 0.116102364506092
    vertex 3.33204922474869 1.11022302462516e-015 0.19081681671501
    vertex 3.28716010230961 -0.124999999999999 0.121003016598917
  endloop
endfacet
facet normal 0.450553849881255 -0.553161265479353 0.700723799175153
  outer loop
    vertex 3.33204922474869 1.11022302462516e-015 0.19081681671501
    vertex 3.29520946340042 -0.124999999999999 0.116102364506092
    vertex 3.33661891411795 8.88178419700125e-016 0.188034675683145
  endloop
endfacet
facet normal 0.450553849881256 -0.553161265479353 0.700723799175152
  outer loop
    vertex 3.28716010230961 -0.124999999999999 0.121003016598917
    vertex 3.32762155296049 6.66133814775094e-016 0.193819830565906
    vertex 3.27936090062764 -0.124999999999999 0.126292729070222
  endloop
endfacet
facet normal 0.48439402520855 -0.553161265479355 0.677772117098024
  outer loop
    vertex 3.32762155296049 6.66133814775094e-016 0.193819830565906
    vertex 3.28716010230961 -0.124999999999999 0.121003016598917
    vertex 3.33204922474869 1.11022302462516e-015 0.19081681671501
  endloop
endfacet
facet normal 0.198969854180056 -0.553161265479354 0.808964530434337
  outer loop
    vertex 1.06314308565564 -0.125 0.0960565946277162
    vertex 1.07780441460622 2.22044604925031e-016 0.178059416643054
    vertex 1.05404997802196 -0.125 0.0985312660134542
  endloop
endfacet
facet normal 0.238424194398615 -0.553161265479354 0.79822710922309
  outer loop
    vertex 1.07780441460622 2.22044604925031e-016 0.178059416643054
    vertex 1.06314308565564 -0.125 0.0960565946277162
    vertex 1.08296664758575 0.0 0.17665452507511
  endloop
endfacet
facet normal 0.159036178155054 -0.553161265479354 0.817753085234849
  outer loop
    vertex 1.07234666661256 -0.125 0.0940310817360345
    vertex 1.08296664758575 0.0 0.17665452507511
    vertex 1.06314308565564 -0.125 0.0960565946277162
  endloop
endfacet
facet normal 0.198969854180056 -0.553161265479354 0.808964530434337
  outer loop
    vertex 1.08296664758575 0.0 0.17665452507511
    vertex 1.07234666661256 -0.125 0.0940310817360345
    vertex 1.08819159719151 2.22044604925031e-016 0.175504624527228
  endloop
endfacet
facet normal 0.118719370046943 -0.553161265479353 0.82457160122632
  outer loop
    vertex 1.08163854866007 -0.125 0.0924596069763782
    vertex 1.08819159719151 2.22044604925031e-016 0.175504624527228
    vertex 1.07234666661256 -0.125 0.0940310817360345
  endloop
endfacet
facet normal 0.159036178155053 -0.553161265479354 0.817753085234849
  outer loop
    vertex 1.08819159719151 2.22044604925031e-016 0.175504624527228
    vertex 1.08163854866007 -0.125 0.0924596069763782
    vertex 1.09346667606223 2.22044604925031e-016 0.174612485210548
  endloop
endfacet
facet normal -0.216628615033263 -0.553161265479354 0.804415724313026
  outer loop
    vertex 3.44092675842809 -0.124999999999999 0.0971049655657857
    vertex 3.4244740831612 1.11022302462516e-015 0.178767238750155
    vertex 3.41934383681595 8.88178419700125e-016 0.177249693993076
  endloop
endfacet
facet normal -0.255838485163707 -0.553161265479355 0.792817308011385
  outer loop
    vertex 3.4244740831612 1.11022302462516e-015 0.178767238750155
    vertex 3.44092675842809 -0.124999999999999 0.0971049655657857
    vertex 3.44996352263256 -0.124999999999999 0.0997780719268783
  endloop
endfacet
facet normal -0.459870827411087 -0.553161265479355 -0.694644827569831
  outer loop
    vertex 1.16916981499213 6.66133814775094e-016 0.373387806463865
    vertex 1.20700399476305 -0.125 0.447603655351671
    vertex 1.16463768452694 6.66133814775094e-016 0.376230721006938
  endloop
endfacet
facet normal -0.42523228668708 -0.553161265479354 -0.716372889445264
  outer loop
    vertex 1.20700399476305 -0.125 0.447603655351671
    vertex 1.16916981499213 6.66133814775094e-016 0.373387806463865
    vertex 1.21498719705036 -0.125 0.442595952670294
  endloop
endfacet
facet normal -0.176896867594806 -0.553161265479354 0.814076232676293
  outer loop
    vertex 3.43176971628949 -0.124999999999999 0.0948784920813325
    vertex 3.41934383681595 8.88178419700125e-016 0.177249693993076
    vertex 3.41414530768518 1.11022302462516e-015 0.175985706442007
  endloop
endfacet
facet normal -0.216628615033263 -0.553161265479354 0.804415724313026
  outer loop
    vertex 3.41934383681595 8.88178419700125e-016 0.177249693993076
    vertex 3.43176971628949 -0.124999999999999 0.0948784920813325
    vertex 3.44092675842809 -0.124999999999999 0.0971049655657857
  endloop
endfacet
facet normal -0.136738960107976 -0.553161265479354 0.821775560090387
  outer loop
    vertex 3.42251445633334 -0.124999999999999 0.0931040152431583
    vertex 3.41414530768518 1.11022302462516e-015 0.175985706442007
    vertex 3.40889101948091 8.88178419700125e-016 0.174978321153668
  endloop
endfacet
facet normal -0.176896867594806 -0.553161265479354 0.814076232676293
  outer loop
    vertex 3.41414530768518 1.11022302462516e-015 0.175985706442007
    vertex 3.42251445633334 -0.124999999999999 0.0931040152431583
    vertex 3.43176971628949 -0.124999999999999 0.0948784920813325
  endloop
endfacet
facet normal -0.096251636489315 -0.553161265479354 0.827495158201188
  outer loop
    vertex 3.41318327529155 -0.124999999999999 0.0917858099213923
    vertex 3.40889101948091 8.88178419700125e-016 0.174978321153668
    vertex 3.40359363024364 1.11022302462516e-015 0.174229965007457
  endloop
endfacet
facet normal -0.136738960107977 -0.553161265479354 0.821775560090387
  outer loop
    vertex 3.40889101948091 8.88178419700125e-016 0.174978321153668
    vertex 3.41318327529155 -0.124999999999999 0.0917858099213923
    vertex 3.42251445633334 -0.124999999999999 0.0931040152431583
  endloop
endfacet
facet normal -0.0555324342477181 -0.553161265479353 0.831221247995865
  outer loop
    vertex 3.40379865279655 -0.124999999999999 0.0909270517881161
    vertex 3.40359363024364 1.11022302462516e-015 0.174229965007457
    vertex 3.39826590184804 1.11022302462516e-015 0.173742440858878
  endloop
endfacet
facet normal -0.0962516364893151 -0.553161265479354 0.827495158201188
  outer loop
    vertex 3.40359363024364 1.11022302462516e-015 0.174229965007457
    vertex 3.40379865279655 -0.124999999999999 0.0909270517881161
    vertex 3.41318327529155 -0.124999999999999 0.0917858099213923
  endloop
endfacet
facet normal -0.619649281506405 -0.553161265479354 0.556818985220399
  outer loop
    vertex 1.19007533769459 0.0 0.209645421436209
    vertex 1.24534267742902 -0.125 0.147316146261889
    vertex 1.2518116040125 -0.125 0.154168999227085
  endloop
endfacet
facet normal -0.591581074183288 -0.553161265479358 0.586553021509073
  outer loop
    vertex 1.24534267742902 -0.125 0.147316146261889
    vertex 1.19007533769459 0.0 0.209645421436209
    vertex 1.18640287416543 2.22044604925031e-016 0.20575499970076
  endloop
endfacet
facet normal -0.531240199795545 -0.553161265479356 0.641713693553805
  outer loop
    vertex 1.23143581540881 -0.125 0.134603174120676
    vertex 1.18254394033271 -2.22044604925031e-016 0.202049463393099
    vertex 1.17850783270604 2.22044604925031e-016 0.198537739474759
  endloop
endfacet
facet normal -0.562087696236055 -0.553161265479357 0.614874000192983
  outer loop
    vertex 1.18254394033271 -2.22044604925031e-016 0.202049463393099
    vertex 1.23143581540881 -0.125 0.134603174120676
    vertex 1.2385452893934 -0.125 0.140788963041055
  endloop
endfacet
facet normal -0.817753085234851 -0.553161265479354 0.159036178155041
  outer loop
    vertex 1.21599537547277 6.66133814775094e-016 0.261691597191507
    vertex 1.29544340537228 -0.125 0.236643085655639
    vertex 1.29746891826397 -0.125 0.245846666612564
  endloop
endfacet
facet normal -0.808964530434334 -0.553161265479354 0.198969854180067
  outer loop
    vertex 1.29544340537228 -0.125 0.236643085655639
    vertex 1.21599537547277 6.66133814775094e-016 0.261691597191507
    vertex 1.21484547492489 4.44089209850063e-016 0.256466647585752
  endloop
endfacet
facet normal 0.0446093676746828 1.14200928238861e-015 -0.999004506654332
  outer loop
    vertex 4.23887734426277 8.88178419700125e-016 0.264930315465803
    vertex 4.23544978769347 -0.312499999999998 0.264692859883487
    vertex 4.23544978769347 1.11022302462516e-015 0.264692859883488
  endloop
endfacet
facet normal 0.09357446152182 1.11106692766298e-015 -0.995612284049821
  outer loop
    vertex 4.23544978769347 -0.312499999999998 0.264692859883487
    vertex 4.23887734426277 8.88178419700125e-016 0.264930315465803
    vertex 4.23887734426277 -0.312499999999998 0.264930315465803
  endloop
endfacet
facet normal 0.190710943872628 -1.18348228598581e-016 -0.981646237647357
  outer loop
    vertex 4.22865023392892 6.66133814775094e-016 0.263715236635315
    vertex 4.23203801115935 -0.312499999999998 0.264287508097339
    vertex 4.22865023392892 -0.312499999999999 0.263715236635315
  endloop
endfacet
facet normal 0.142314126294979 2.34532074491393e-016 -0.989821544247698
  outer loop
    vertex 4.23203801115935 -0.312499999999998 0.264287508097339
    vertex 4.22865023392892 6.66133814775094e-016 0.263715236635315
    vertex 4.23203801115935 1.11022302462516e-015 0.264287508097339
  endloop
endfacet
facet normal -0.199465813921312 1.45073162323024e-015 -0.979904785719872
  outer loop
    vertex 4.25596260697449 1.33226762955019e-015 0.263593335000391
    vertex 4.25931150382573 -0.312499999999998 0.262825598672563
    vertex 4.25596260697449 -0.312499999999999 0.26359333500039
  endloop
endfacet
facet normal -0.247307197510508 1.38623483832469e-015 -0.968937123893754
  outer loop
    vertex 4.25931150382573 -0.312499999999998 0.262825598672563
    vertex 4.25596260697449 1.33226762955019e-015 0.263593335000391
    vertex 4.25931150382573 1.33226762955019e-015 0.262825598672563
  endloop
endfacet
facet normal 0.247307197510496 -6.81405377675857e-016 0.968937123893756
  outer loop
    vertex 4.22468849617427 -0.312499999999998 0.127174401327437
    vertex 4.22138130425205 1.11022302462516e-015 0.128105535463287
    vertex 4.22138130425205 -0.312499999999999 0.128105535463287
  endloop
endfacet
facet normal 0.294552796399228 -7.58127445853512e-016 0.955635207667337
  outer loop
    vertex 4.22138130425205 1.11022302462516e-015 0.128105535463287
    vertex 4.22468849617427 -0.312499999999998 0.127174401327437
    vertex 4.22468849617427 8.88178419700125e-016 0.127174401327437
  endloop
endfacet
facet normal 0.238648322082197 7.15982218056173e-016 -0.971106059278466
  outer loop
    vertex 4.22529461745425 1.11022302462516e-015 0.262977424149492
    vertex 4.22197924570935 -0.312499999999999 0.262075848094775
    vertex 4.22197924570935 1.11022302462516e-015 0.262075848094775
  endloop
endfacet
facet normal 0.28601077558072 1.61176788828322e-015 -0.958226401353937
  outer loop
    vertex 4.22197924570935 -0.312499999999999 0.262075848094775
    vertex 4.22529461745425 1.11022302462516e-015 0.262977424149492
    vertex 4.22529461745425 -0.312499999999998 0.262977424149492
  endloop
endfacet
facet normal -0.205867494489047 -0.553161265479354 0.807236761480844
  outer loop
    vertex 1.15644662501753 -0.125 0.0964547964218213
    vertex 1.1410858979394 2.22044604925031e-016 0.178329490001141
    vertex 1.13593584441099 2.22044604925031e-016 0.176880587551971
  endloop
endfacet
facet normal -0.245228748593475 -0.553161265479354 0.796162970274653
  outer loop
    vertex 1.1410858979394 2.22044604925031e-016 0.178329490001141
    vertex 1.15644662501753 -0.125 0.0964547964218213
    vertex 1.16551827893913 -0.125 0.0990069915616439
  endloop
endfacet
facet normal 0.517925832904038 7.35840136633075e-016 0.855425526630261
  outer loop
    vertex 4.20574519169672 -0.312499999999999 0.135120213135882
    vertex 4.20285070032045 4.44089209850063e-016 0.136971280088213
    vertex 4.20285070032045 -0.312499999999999 0.136971280088213
  endloop
endfacet
facet normal 0.559275709707918 -2.91166188753928e-017 0.828981713025507
  outer loop
    vertex 4.20285070032045 4.44089209850063e-016 0.136971280088213
    vertex 4.20574519169672 -0.312499999999999 0.135120213135882
    vertex 4.20574519169672 6.66133814775094e-016 0.135120213135882
  endloop
endfacet
facet normal 0.517925832904038 7.35840136633075e-016 0.855425526630261
  outer loop
    vertex 4.20574519169672 -0.312499999999999 0.135120213135882
    vertex 4.20872702408174 4.44089209850063e-016 0.133413401834956
    vertex 4.20574519169672 6.66133814775094e-016 0.135120213135882
  endloop
endfacet
facet normal 0.475328227403753 6.75517279646176e-016 0.879808545214927
  outer loop
    vertex 4.20872702408174 4.44089209850063e-016 0.133413401834956
    vertex 4.20574519169672 -0.312499999999999 0.135120213135882
    vertex 4.20872702408174 -0.312499999999999 0.133413401834956
  endloop
endfacet
facet normal -0.00446319404651356 7.39085243911332e-016 -0.99999003989985
  outer loop
    vertex 4.24231242358325 1.11022302462516e-015 0.264999302792989
    vertex 4.23887734426277 -0.312499999999998 0.264930315465803
    vertex 4.23887734426277 8.88178419700125e-016 0.264930315465803
  endloop
endfacet
facet normal 0.0446093676746833 1.14200928238862e-015 -0.999004506654332
  outer loop
    vertex 4.23887734426277 -0.312499999999998 0.264930315465803
    vertex 4.24231242358325 1.11022302462516e-015 0.264999302792989
    vertex 4.24231242358325 -0.312499999999998 0.264999302792989
  endloop
endfacet
facet normal -0.115204956350844 0.991435549730832 0.0615090949545049
  outer loop
    vertex 3.85926427166513 -0.761929537482635 0.186187168645154
    vertex 3.87518912140825 -0.759999025836975 0.186642900106022
    vertex 3.87196340125311 -0.759999025836976 0.17885532275906
  endloop
endfacet
facet normal -0.25974576230877 0.963165699389224 0.0695986672480404
  outer loop
    vertex 3.87518912140825 -0.759999025836975 0.186642900106022
    vertex 3.85926427166513 -0.761929537482635 0.186187168645154
    vertex 3.85986485155807 -0.762087673168448 0.190749025836975
  endloop
endfacet
facet normal -0.837132908138295 0.256147077833373 0.483318909861124
  outer loop
    vertex 3.94836083422904 -0.671782868848878 0.134747244265012
    vertex 3.9322161569881 -0.639493514366999 0.106783843011903
    vertex 3.92921026433077 -0.67178286884888 0.109789735669226
  endloop
endfacet
facet normal -0.701057384649987 0.130526192220046 0.70105738464997
  outer loop
    vertex 3.9322161569881 -0.639493514366999 0.106783843011903
    vertex 3.94836083422904 -0.671782868848878 0.134747244265012
    vertex 3.95204228584505 -0.639493514366998 0.132621757183499
  endloop
endfacet
facet normal -0.991444861373809 0.130526192220064 1.3781502706225e-015
  outer loop
    vertex 3.968756485633 -0.639493514366999 0.194999999999999
    vertex 3.96039938573902 -0.671782868848879 0.16381087859175
    vertex 3.96450551146998 -0.671782868848879 0.194999999999999
  endloop
endfacet
facet normal -0.933700434737496 0.256147077833378 0.250184277460501
  outer loop
    vertex 3.96039938573902 -0.671782868848879 0.16381087859175
    vertex 3.968756485633 -0.639493514366999 0.194999999999999
    vertex 3.96450551146998 -0.639493514366999 0.16271064551812
  endloop
endfacet
facet normal -0.49075304675851 0.86131876617992 0.131496882562057
  outer loop
    vertex 3.90425275573499 -0.747535800212046 0.178855322759059
    vertex 3.9322161569881 -0.727709671355095 0.194999999999999
    vertex 3.92921026433077 -0.727709671355095 0.172167978485726
  endloop
endfacet
facet normal -0.712456304726261 0.701716476830779 -1.89407740449573e-016
  outer loop
    vertex 3.9322161569881 -0.727709671355095 0.194999999999999
    vertex 3.90425275573499 -0.747535800212046 0.178855322759059
    vertex 3.9063782428165 -0.747535800212046 0.194999999999999
  endloop
endfacet
facet normal 0.971106059278475 -7.40732749371352e-016 0.238648322082163
  outer loop
    vertex 4.17402257585051 -0.312499999999998 0.178294617454247
    vertex 4.17328476336469 8.88178419700125e-016 0.181650233928916
    vertex 4.17328476336469 -0.312499999999999 0.181650233928916
  endloop
endfacet
facet normal 0.981646237647348 -2.09581564496586e-015 0.190710943872673
  outer loop
    vertex 4.17328476336469 8.88178419700125e-016 0.181650233928916
    vertex 4.17402257585051 -0.312499999999998 0.178294617454247
    vertex 4.17402257585051 8.88178419700125e-016 0.178294617454247
  endloop
endfacet
facet normal 0.434344729822266 0.495357065865094 -0.752307140051952
  outer loop
    vertex 3.78997885707748 -0.701871757183498 0.28856736422475
    vertex 3.7816217571835 -0.727709671355096 0.257378242816499
    vertex 3.76760256702407 -0.701871757183499 0.271397432975927
  endloop
endfacet
facet normal 0.503782684371036 0.701716476830779 -0.503782684371061
  outer loop
    vertex 3.7816217571835 -0.727709671355096 0.257378242816499
    vertex 3.78997885707748 -0.701871757183498 0.28856736422475
    vertex 3.79989192150595 -0.727709671355094 0.271397432975927
  endloop
endfacet
facet normal 0.483318909861132 0.256147077833381 -0.837132908138288
  outer loop
    vertex 3.78374724426501 -0.671782868848878 0.299360834229036
    vertex 3.76760256702407 -0.701871757183499 0.271397432975927
    vertex 3.75878973566923 -0.671782868848878 0.280210264330773
  endloop
endfacet
facet normal 0.614256207659929 0.495357065865094 -0.614256207659936
  outer loop
    vertex 3.76760256702407 -0.701871757183499 0.271397432975927
    vertex 3.78374724426501 -0.671782868848878 0.299360834229036
    vertex 3.78997885707748 -0.701871757183498 0.28856736422475
  endloop
endfacet
facet normal 0.439997144615422 0.861318766179922 -0.254032469886374
  outer loop
    vertex 3.78997885707748 -0.747535800212046 0.226189121408249
    vertex 3.82116797848573 -0.759999025836975 0.217832021514273
    vertex 3.81603659874689 -0.759999025836975 0.211144677240939
  endloop
endfacet
facet normal 0.190147095060741 0.963165699389224 -0.190147095060714
  outer loop
    vertex 3.82116797848573 -0.759999025836975 0.217832021514273
    vertex 3.78997885707748 -0.747535800212046 0.226189121408249
    vertex 3.79989192150595 -0.747535800212046 0.239108078494048
  endloop
endfacet
facet normal 0.503782684371036 0.701716476830779 -0.503782684371061
  outer loop
    vertex 3.7816217571835 -0.727709671355096 0.257378242816499
    vertex 3.81281087859175 -0.747535800212045 0.249021142922522
    vertex 3.79989192150595 -0.747535800212046 0.239108078494048
  endloop
endfacet
facet normal 0.254032469886346 0.861318766179916 -0.439997144615451
  outer loop
    vertex 3.81281087859175 -0.747535800212045 0.249021142922522
    vertex 3.7816217571835 -0.727709671355096 0.257378242816499
    vertex 3.79989192150595 -0.727709671355094 0.271397432975927
  endloop
endfacet
facet normal 0.979904785719867 -2.23398494073782e-015 -0.199465813921339
  outer loop
    vertex 4.17340666499961 -0.312499999999998 0.208962606974494
    vertex 4.17417440132744 4.44089209850063e-016 0.212311503825734
    vertex 4.17417440132744 -0.312499999999998 0.212311503825734
  endloop
endfacet
facet normal 0.968937123893765 -9.647606209065e-016 -0.247307197510464
  outer loop
    vertex 4.17417440132744 4.44089209850063e-016 0.212311503825734
    vertex 4.17340666499961 -0.312499999999998 0.208962606974494
    vertex 4.17340666499961 4.44089209850063e-016 0.208962606974494
  endloop
endfacet
facet normal 0.73794644747847 -4.79469263183601e-016 -0.674859274703924
  outer loop
    vertex 4.19034374867651 4.44089209850063e-016 0.242240149229279
    vertex 4.19272393515107 -0.312499999999998 0.244717898517574
    vertex 4.19034374867651 -0.312499999999998 0.242240149229279
  endloop
endfacet
facet normal 0.70394378355613 5.00124374769654e-016 -0.71025569310825
  outer loop
    vertex 4.19272393515107 -0.312499999999998 0.244717898517574
    vertex 4.19034374867651 4.44089209850063e-016 0.242240149229279
    vertex 4.19272393515107 2.22044604925031e-016 0.244717898517574
  endloop
endfacet
facet normal 0.955635207667333 2.55248805490508e-016 -0.294552796399243
  outer loop
    vertex 4.17510553546329 -0.312499999999998 0.215618695747949
    vertex 4.17619782422347 4.44089209850063e-016 0.218876215426123
    vertex 4.17619782422347 -0.312499999999999 0.218876215426123
  endloop
endfacet
facet normal 0.940031082521854 1.51312212712784e-015 -0.341088791801771
  outer loop
    vertex 4.17619782422347 4.44089209850063e-016 0.218876215426123
    vertex 4.17510553546329 -0.312499999999998 0.215618695747949
    vertex 4.17510553546329 4.44089209850063e-016 0.215618695747949
  endloop
endfacet
facet normal 0.994737345015485 -2.16371189572762e-015 -0.102457866616204
  outer loop
    vertex 4.17236838584892 -0.312499999999998 0.202172050663138
    vertex 4.17280417602387 6.66133814775094e-016 0.205580072980073
    vertex 4.17280417602386 -0.312499999999999 0.205580072980073
  endloop
endfacet
facet normal 0.988511771087648 -2.91693664618897e-015 -0.151143899715341
  outer loop
    vertex 4.17280417602387 6.66133814775094e-016 0.205580072980073
    vertex 4.17236838584892 -0.312499999999998 0.202172050663138
    vertex 4.17236838584892 8.88178419700125e-016 0.202172050663138
  endloop
endfacet
facet normal 0.988511771087648 -2.91693664618897e-015 -0.151143899715341
  outer loop
    vertex 4.17280417602387 6.66133814775094e-016 0.205580072980073
    vertex 4.17340666499961 -0.312499999999998 0.208962606974494
    vertex 4.17280417602386 -0.312499999999999 0.205580072980073
  endloop
endfacet
facet normal 0.979904785719867 -2.23398494073782e-015 -0.199465813921339
  outer loop
    vertex 4.17340666499961 -0.312499999999998 0.208962606974494
    vertex 4.17280417602387 6.66133814775094e-016 0.205580072980073
    vertex 4.17340666499961 4.44089209850063e-016 0.208962606974494
  endloop
endfacet
facet normal 0.998566509550466 -8.43492928230811e-018 -0.0535250035422589
  outer loop
    vertex 4.17210034433147 1.11022302462516e-015 0.198746750247957
    vertex 4.17236838584892 -0.312499999999998 0.202172050663138
    vertex 4.17210034433147 -0.312499999999999 0.198746750247957
  endloop
endfacet
facet normal 0.994737345015485 -2.16371189572762e-015 -0.102457866616204
  outer loop
    vertex 4.17236838584892 -0.312499999999998 0.202172050663138
    vertex 4.17210034433147 1.11022302462516e-015 0.198746750247957
    vertex 4.17236838584892 8.88178419700125e-016 0.202172050663138
  endloop
endfacet
facet normal 0.968937123893764 -9.64760620906487e-016 -0.247307197510464
  outer loop
    vertex 4.17417440132744 -0.312499999999998 0.212311503825734
    vertex 4.17510553546329 4.44089209850063e-016 0.215618695747949
    vertex 4.17510553546329 -0.312499999999998 0.215618695747949
  endloop
endfacet
facet normal 0.955635207667333 2.55248805490494e-016 -0.294552796399243
  outer loop
    vertex 4.17510553546329 4.44089209850063e-016 0.215618695747949
    vertex 4.17417440132744 -0.312499999999998 0.212311503825734
    vertex 4.17417440132744 4.44089209850063e-016 0.212311503825734
  endloop
endfacet
facet normal 0.922162340161562 1.4227829771852e-015 -0.386803074429033
  outer loop
    vertex 4.17744863618869 6.66133814775094e-016 0.222076215210025
    vertex 4.17885495804336 -0.312499999999998 0.225210986019891
    vertex 4.17744863618869 -0.312499999999999 0.222076215210026
  endloop
endfacet
facet normal 0.902072027952026 3.51243131217609e-017 -0.431585514569846
  outer loop
    vertex 4.17885495804336 -0.312499999999998 0.225210986019891
    vertex 4.17744863618869 6.66133814775094e-016 0.222076215210025
    vertex 4.17885495804336 8.88178419700125e-016 0.225210986019891
  endloop
endfacet
facet normal 0.99999003989985 2.12850914846053e-015 -0.0044631940465779
  outer loop
    vertex 4.17200069720701 4.44089209850063e-016 0.195312423583253
    vertex 4.17210034433147 -0.312499999999999 0.198746750247957
    vertex 4.17200069720701 -0.312499999999999 0.195312423583254
  endloop
endfacet
facet normal 0.998566509550466 -8.43492928216326e-018 -0.0535250035422563
  outer loop
    vertex 4.17210034433147 -0.312499999999999 0.198746750247957
    vertex 4.17200069720701 4.44089209850063e-016 0.195312423583253
    vertex 4.17210034433147 1.11022302462516e-015 0.198746750247957
  endloop
endfacet
facet normal 0.99900450665433 1.42837164731605e-015 0.0446093676747132
  outer loop
    vertex 4.1720696845342 -0.312499999999998 0.191877344262772
    vertex 4.17200069720701 4.44089209850063e-016 0.195312423583253
    vertex 4.17200069720701 -0.312499999999999 0.195312423583254
  endloop
endfacet
facet normal 0.99999003989985 2.12850914846053e-015 -0.0044631940465779
  outer loop
    vertex 4.17200069720701 4.44089209850063e-016 0.195312423583253
    vertex 4.1720696845342 -0.312499999999998 0.191877344262772
    vertex 4.1720696845342 6.66133814775094e-016 0.191877344262772
  endloop
endfacet
facet normal 0.902072027952026 3.51243131217609e-017 -0.431585514569846
  outer loop
    vertex 4.17885495804336 -0.312499999999998 0.225210986019891
    vertex 4.18041340183496 6.66133814775094e-016 0.228272975918265
    vertex 4.18041340183496 -0.312499999999998 0.228272975918265
  endloop
endfacet
facet normal 0.879808545214934 1.17991964056849e-016 -0.475328227403741
  outer loop
    vertex 4.18041340183496 6.66133814775094e-016 0.228272975918265
    vertex 4.17885495804336 -0.312499999999998 0.225210986019891
    vertex 4.17885495804336 8.88178419700125e-016 0.225210986019891
  endloop
endfacet
facet normal 0.879808545214933 1.17991964056882e-016 -0.475328227403742
  outer loop
    vertex 4.18041340183496 -0.312499999999998 0.228272975918265
    vertex 4.18212021313588 8.88178419700125e-016 0.231254808303283
    vertex 4.18212021313588 -0.312499999999998 0.231254808303283
  endloop
endfacet
facet normal 0.855425526630233 8.47676688070177e-016 -0.517925832904084
  outer loop
    vertex 4.18212021313588 8.88178419700125e-016 0.231254808303283
    vertex 4.18041340183496 -0.312499999999998 0.228272975918265
    vertex 4.18041340183496 6.66133814775094e-016 0.228272975918265
  endloop
endfacet
facet normal 0.855425526630233 8.47676688070177e-016 -0.517925832904084
  outer loop
    vertex 4.18212021313588 8.88178419700125e-016 0.231254808303283
    vertex 4.18397128008821 -0.312499999999998 0.234149299679553
    vertex 4.18212021313588 -0.312499999999998 0.231254808303283
  endloop
endfacet
facet normal 0.828981713025546 -5.83782840080669e-016 -0.559275709707861
  outer loop
    vertex 4.18397128008821 -0.312499999999998 0.234149299679553
    vertex 4.18212021313588 8.88178419700125e-016 0.231254808303283
    vertex 4.18397128008821 6.66133814775094e-016 0.234149299679552
  endloop
endfacet
facet normal 0.995612284049817 -1.41158595986317e-015 0.0935744615218598
  outer loop
    vertex 4.17230714011651 1.11022302462516e-015 0.188449787693474
    vertex 4.1720696845342 -0.312499999999998 0.191877344262772
    vertex 4.17230714011651 -0.312499999999998 0.188449787693474
  endloop
endfacet
facet normal 0.99900450665433 1.42837164731605e-015 0.0446093676747132
  outer loop
    vertex 4.1720696845342 -0.312499999999998 0.191877344262772
    vertex 4.17230714011651 1.11022302462516e-015 0.188449787693474
    vertex 4.1720696845342 6.66133814775094e-016 0.191877344262772
  endloop
endfacet
facet normal 0.940031082521854 1.51312212712784e-015 -0.341088791801771
  outer loop
    vertex 4.17619782422347 -0.312499999999999 0.218876215426123
    vertex 4.17744863618869 6.66133814775094e-016 0.222076215210025
    vertex 4.17744863618869 -0.312499999999999 0.222076215210026
  endloop
endfacet
facet normal 0.922162340161562 1.4227829771852e-015 -0.386803074429033
  outer loop
    vertex 4.17744863618869 6.66133814775094e-016 0.222076215210025
    vertex 4.17619782422347 -0.312499999999999 0.218876215426123
    vertex 4.17619782422347 4.44089209850063e-016 0.218876215426123
  endloop
endfacet
facet normal 0.989821544247694 -2.81322161628116e-015 0.142314126295006
  outer loop
    vertex 4.17271249190266 6.66133814775094e-016 0.185038011159353
    vertex 4.17230714011651 -0.312499999999998 0.188449787693474
    vertex 4.17271249190266 -0.312499999999999 0.185038011159353
  endloop
endfacet
facet normal 0.995612284049817 -1.41158595986326e-015 0.0935744615218613
  outer loop
    vertex 4.17230714011651 -0.312499999999998 0.188449787693474
    vertex 4.17271249190266 6.66133814775094e-016 0.185038011159353
    vertex 4.17230714011651 1.11022302462516e-015 0.188449787693474
  endloop
endfacet
facet normal 0.800540809863865 -1.76950646109834e-015 -0.599278242340323
  outer loop
    vertex 4.18596214330953 8.88178419700125e-016 0.23694947696382
    vertex 4.18808800663595 -0.312499999999998 0.239648594283742
    vertex 4.18596214330953 -0.312499999999999 0.23694947696382
  endloop
endfacet
facet normal 0.770171333772222 -1.01172063600393e-015 -0.637837061196287
  outer loop
    vertex 4.18808800663595 -0.312499999999998 0.239648594283742
    vertex 4.18596214330953 8.88178419700125e-016 0.23694947696382
    vertex 4.18808800663595 8.88178419700125e-016 0.239648594283742
  endloop
endfacet
facet normal 0.828981713025546 -5.83782840080669e-016 -0.559275709707861
  outer loop
    vertex 4.18397128008821 -0.312499999999998 0.234149299679553
    vertex 4.18596214330953 8.88178419700125e-016 0.23694947696382
    vertex 4.18596214330953 -0.312499999999999 0.23694947696382
  endloop
endfacet
facet normal 0.800540809863865 -1.76950646109834e-015 -0.599278242340323
  outer loop
    vertex 4.18596214330953 8.88178419700125e-016 0.23694947696382
    vertex 4.18397128008821 -0.312499999999998 0.234149299679553
    vertex 4.18397128008821 6.66133814775094e-016 0.234149299679552
  endloop
endfacet
facet normal 0.770171333772223 -1.01172063600393e-015 -0.637837061196287
  outer loop
    vertex 4.18808800663595 8.88178419700125e-016 0.239648594283742
    vertex 4.19034374867651 -0.312499999999998 0.242240149229279
    vertex 4.18808800663595 -0.312499999999998 0.239648594283742
  endloop
endfacet
facet normal 0.737946447478469 -4.79469263183602e-016 -0.674859274703925
  outer loop
    vertex 4.19034374867651 -0.312499999999998 0.242240149229279
    vertex 4.18808800663595 8.88178419700125e-016 0.239648594283742
    vertex 4.19034374867651 4.44089209850063e-016 0.242240149229279
  endloop
endfacet
facet normal 0.758464360353942 -1.13818931356114e-015 -0.651714518844629
  outer loop
    vertex 0.204907494775221 0.0 0.240620016319121
    vertex 0.2072099151265 -0.3125 0.24317019076714
    vertex 0.204907494775221 -0.3125 0.240620016319121
  endloop
endfacet
facet normal 0.72557264105004 -6.88655837237697e-016 -0.688145582387673
  outer loop
    vertex 0.2072099151265 -0.3125 0.24317019076714
    vertex 0.204907494775221 0.0 0.240620016319121
    vertex 0.2072099151265 0.0 0.24317019076714
  endloop
endfacet
facet normal 0.72557264105004 -6.88655837237697e-016 -0.688145582387673
  outer loop
    vertex 0.2072099151265 -0.3125 0.24317019076714
    vertex 0.209634693240924 -2.22044604925031e-016 0.24560431900639
    vertex 0.209634693240924 -0.3125 0.245604319006391
  endloop
endfacet
facet normal 0.69093295370107 -2.24586814073089e-016 -0.722918842948442
  outer loop
    vertex 0.209634693240924 -2.22044604925031e-016 0.24560431900639
    vertex 0.2072099151265 -0.3125 0.24317019076714
    vertex 0.2072099151265 0.0 0.24317019076714
  endloop
endfacet
facet normal 0.69093295370107 -2.24586814073089e-016 -0.722918842948442
  outer loop
    vertex 0.209634693240924 -2.22044604925031e-016 0.24560431900639
    vertex 0.212175987615633 -0.312499999999999 0.247916537008739
    vertex 0.209634693240924 -0.3125 0.245604319006391
  endloop
endfacet
facet normal 0.654628748347999 4.7860302487195e-016 -0.755950528696377
  outer loop
    vertex 0.212175987615633 -0.312499999999999 0.247916537008739
    vertex 0.209634693240924 -2.22044604925031e-016 0.24560431900639
    vertex 0.212175987615632 0.0 0.24791653700874
  endloop
endfacet
facet normal 0.616747485001679 6.71976061736524e-017 -0.787161063407041
  outer loop
    vertex 0.214827676049884 0.0 0.250101274438494
    vertex 0.212175987615633 -0.312499999999999 0.247916537008739
    vertex 0.212175987615632 0.0 0.24791653700874
  endloop
endfacet
facet normal 0.654628748347999 4.7860302487195e-016 -0.755950528696377
  outer loop
    vertex 0.212175987615633 -0.312499999999999 0.247916537008739
    vertex 0.214827676049884 0.0 0.250101274438494
    vertex 0.214827676049884 -0.3125 0.250101274438494
  endloop
endfacet
facet normal -0.0941122877441089 0.692911918394431 0.714853796690288
  outer loop
    vertex 3.84889547577579 -0.727709671355096 0.107428344624664
    vertex 3.87196340125311 -0.7018717571835 0.0906391657709634
    vertex 3.84623927816766 -0.701871757183499 0.0872525207185183
  endloop
endfacet
facet normal -0.224833376435827 0.495357065865099 0.839089584095754
  outer loop
    vertex 3.87196340125311 -0.7018717571835 0.0906391657709634
    vertex 3.84889547577579 -0.727709671355096 0.107428344624664
    vertex 3.86683202151427 -0.727709671355095 0.109789735669226
  endloop
endfacet
facet normal 0.668245257401099 1.74837744337803e-015 -0.743941043336727
  outer loop
    vertex 4.19522283198192 8.88178419700125e-016 0.247075873033567
    vertex 4.19272393515107 -0.312499999999998 0.244717898517574
    vertex 4.19272393515107 2.22044604925031e-016 0.244717898517574
  endloop
endfacet
facet normal 0.70394378355613 5.00124374769654e-016 -0.71025569310825
  outer loop
    vertex 4.19272393515107 -0.312499999999998 0.244717898517574
    vertex 4.19522283198192 8.88178419700125e-016 0.247075873033567
    vertex 4.19522283198192 -0.312499999999998 0.247075873033567
  endloop
endfacet
facet normal 0.630936869889652 1.56429680916923e-015 -0.775834174430238
  outer loop
    vertex 4.19783441910772 8.88178419700125e-016 0.249308392210114
    vertex 4.19522283198192 -0.312499999999998 0.247075873033567
    vertex 4.19522283198192 8.88178419700125e-016 0.247075873033567
  endloop
endfacet
facet normal 0.6682452574011 1.74837744337802e-015 -0.743941043336727
  outer loop
    vertex 4.19522283198192 -0.312499999999998 0.247075873033567
    vertex 4.19783441910772 8.88178419700125e-016 0.249308392210114
    vertex 4.19783441910772 -0.312499999999998 0.249308392210114
  endloop
endfacet
facet normal 0.616747485001679 6.71976061736524e-017 -0.787161063407041
  outer loop
    vertex 0.214827676049884 0.0 0.250101274438494
    vertex 0.217583370393979 -0.3125 0.252153268071824
    vertex 0.214827676049884 -0.3125 0.250101274438494
  endloop
endfacet
facet normal 0.577380422943149 -5.8870526179241e-016 -0.816475258168911
  outer loop
    vertex 0.217583370393979 -0.3125 0.252153268071824
    vertex 0.214827676049884 0.0 0.250101274438494
    vertex 0.21758337039398 -6.66133814775094e-016 0.252153268071824
  endloop
endfacet
facet normal -0.837132908138293 0.256147077833373 -0.483318909861128
  outer loop
    vertex 3.94836083422904 -0.671782868848879 0.255252755734987
    vertex 3.96450551146998 -0.639493514367 0.227289354481878
    vertex 3.96039938573902 -0.671782868848879 0.226189121408249
  endloop
endfacet
facet normal -0.957662196942549 0.130526192220049 -0.256604812292572
  outer loop
    vertex 3.96450551146998 -0.639493514367 0.227289354481878
    vertex 3.94836083422904 -0.671782868848879 0.255252755734987
    vertex 3.95204228584505 -0.639493514366999 0.257378242816499
  endloop
endfacet
facet normal -0.999744193003656 5.39773179537454e-016 0.0226174391890244
  outer loop
    vertex 0.327982093510255 -2.22044604925031e-016 0.193416779256764
    vertex 0.327820112053951 -0.3125 0.189984827742374
    vertex 0.327982093510255 -0.3125 0.193416779256764
  endloop
endfacet
facet normal -0.997430172199312 5.75133564565753e-016 0.0716453179660073
  outer loop
    vertex 0.327820112053951 -0.3125 0.189984827742374
    vertex 0.327982093510255 -2.22044604925031e-016 0.193416779256764
    vertex 0.327820112053952 0.0 0.189984827742374
  endloop
endfacet
facet normal -0.451329349676724 3.77940329933294e-016 0.892357449747793
  outer loop
    vertex 0.289593054477368 -0.3125 0.132534978517654
    vertex 0.286489985928688 -2.22044604925031e-016 0.13106002266357
    vertex 0.286489985928687 -0.3125 0.13106002266357
  endloop
endfacet
facet normal -0.406999798981295 3.80600871699607e-016 0.913428247663266
  outer loop
    vertex 0.286489985928688 -2.22044604925031e-016 0.13106002266357
    vertex 0.289593054477368 -0.3125 0.132534978517654
    vertex 0.289593054477368 2.22044604925031e-016 0.132534978517654
  endloop
endfacet
facet normal 0.508064939772767 0.861318766179917 -3.09370674005546e-015
  outer loop
    vertex 3.7816217571835 -0.747535800212046 0.194999999999999
    vertex 3.81281087859175 -0.759999025836975 0.186642900106022
    vertex 3.78374724426501 -0.747535800212046 0.178855322759059
  endloop
endfacet
facet normal 0.259745762308764 0.963165699389224 0.0695986672480526
  outer loop
    vertex 3.81281087859175 -0.759999025836975 0.186642900106022
    vertex 3.7816217571835 -0.747535800212046 0.194999999999999
    vertex 3.81171064551812 -0.759999025836976 0.195
  endloop
endfacet
facet normal 0.925578320995609 6.50951693079321e-016 0.378556167170672
  outer loop
    vertex 4.17720951753031 -0.312499999999998 0.168501068298057
    vertex 4.17598731955315 4.44089209850063e-016 0.171712105715147
    vertex 4.17598731955315 -0.312499999999999 0.171712105715147
  endloop
endfacet
facet normal 0.943038292097813 -5.51570105582817e-017 0.332684204069325
  outer loop
    vertex 4.17598731955315 4.44089209850063e-016 0.171712105715147
    vertex 4.17720951753031 -0.312499999999998 0.168501068298057
    vertex 4.17720951753031 4.44089209850063e-016 0.168501068298057
  endloop
endfacet
facet normal 0.905888550647124 1.92354412897086e-015 0.423516155307508
  outer loop
    vertex 4.1785878014547 8.88178419700125e-016 0.165353869128469
    vertex 4.17720951753031 -0.312499999999998 0.168501068298057
    vertex 4.1785878014547 -0.312499999999999 0.165353869128469
  endloop
endfacet
facet normal 0.925578320995609 6.50951693079321e-016 0.378556167170672
  outer loop
    vertex 4.17720951753031 -0.312499999999998 0.168501068298057
    vertex 4.1785878014547 8.88178419700125e-016 0.165353869128469
    vertex 4.17720951753031 4.44089209850063e-016 0.168501068298057
  endloop
endfacet
facet normal -0.999649742479808 -1.70405049327788e-016 -0.0264649269799509
  outer loop
    vertex 0.327975481973586 -0.312499999999999 0.196852544888598
    vertex 0.327982093510255 -2.22044604925031e-016 0.193416779256764
    vertex 0.327982093510255 -0.3125 0.193416779256764
  endloop
endfacet
facet normal -0.999744193003656 5.39773179537454e-016 0.0226174391890244
  outer loop
    vertex 0.327982093510255 -2.22044604925031e-016 0.193416779256764
    vertex 0.327975481973586 -0.312499999999999 0.196852544888598
    vertex 0.327975481973586 -2.22044604925031e-016 0.196852544888598
  endloop
endfacet
facet normal 0.217223267983944 -5.29045728736324e-016 0.976121945172004
  outer loop
    vertex 0.242794371241125 -0.3125 0.126671463837959
    vertex 0.239459964727226 0.0 0.127499873392087
    vertex 0.239459964727225 -0.3125 0.127499873392087
  endloop
endfacet
facet normal 0.264857646753913 -5.5427110018342e-016 0.964287522970187
  outer loop
    vertex 0.239459964727226 0.0 0.127499873392087
    vertex 0.242794371241125 -0.3125 0.126671463837959
    vertex 0.242794371241126 0.0 0.126671463837959
  endloop
endfacet
facet normal 0.264857646753915 -5.54271100183421e-016 0.964287522970187
  outer loop
    vertex 0.239459964727225 -0.3125 0.127499873392087
    vertex 0.236170222782212 -4.44089209850063e-016 0.128490896663526
    vertex 0.236170222782212 -0.3125 0.128490896663526
  endloop
endfacet
facet normal 0.311853960254079 -7.69088002717208e-016 0.950130047663922
  outer loop
    vertex 0.236170222782212 -4.44089209850063e-016 0.128490896663526
    vertex 0.239459964727225 -0.3125 0.127499873392087
    vertex 0.239459964727226 0.0 0.127499873392087
  endloop
endfacet
facet normal 0.311853960254078 -7.69088002717204e-016 0.950130047663923
  outer loop
    vertex 0.236170222782212 -0.3125 0.128490896663526
    vertex 0.23293307068258 0.0 0.129642146190412
    vertex 0.23293307068258 -0.3125 0.129642146190412
  endloop
endfacet
facet normal 0.358098990248811 -9.47599833996695e-016 0.933683625851274
  outer loop
    vertex 0.23293307068258 0.0 0.129642146190412
    vertex 0.236170222782212 -0.3125 0.128490896663526
    vertex 0.236170222782212 -4.44089209850063e-016 0.128490896663526
  endloop
endfacet
facet normal 0.358098990248811 -9.47599833996696e-016 0.933683625851274
  outer loop
    vertex 0.23293307068258 -0.3125 0.129642146190412
    vertex 0.229756307011276 0.0 0.130950848511797
    vertex 0.229756307011276 -0.3125 0.130950848511797
  endloop
endfacet
facet normal 0.403481328410329 -6.34187075018509e-016 0.914987878402898
  outer loop
    vertex 0.229756307011276 0.0 0.130950848511797
    vertex 0.23293307068258 -0.3125 0.129642146190412
    vertex 0.23293307068258 0.0 0.129642146190412
  endloop
endfacet
facet normal 0.403481328410329 -6.34187075018503e-016 0.914987878402898
  outer loop
    vertex 0.229756307011276 -0.3125 0.130950848511797
    vertex 0.226647584870239 -4.44089209850063e-016 0.13241385084916
    vertex 0.226647584870238 -0.3125 0.13241385084916
  endloop
endfacet
facet normal 0.447891644710939 -2.01158144171924e-016 0.89408784501196
  outer loop
    vertex 0.226647584870239 -4.44089209850063e-016 0.13241385084916
    vertex 0.229756307011276 -0.3125 0.130950848511797
    vertex 0.229756307011276 0.0 0.130950848511797
  endloop
endfacet
facet normal 0.227743770482727 -0.553161265479354 0.801339746536755
  outer loop
    vertex 3.33851151314591 -0.124999999999999 0.0978138912972381
    vertex 3.35609310197487 1.11022302462516e-015 0.179240576845195
    vertex 3.32951261999243 -0.124999999999999 0.100611841782362
  endloop
endfacet
facet normal 0.266789320845855 -0.553161265479352 0.789199640557374
  outer loop
    vertex 3.35609310197487 1.11022302462516e-015 0.179240576845195
    vertex 3.33851151314591 -0.124999999999999 0.0978138912972381
    vertex 3.36120184860888 8.88178419700125e-016 0.177652157038536
  endloop
endfacet
facet normal 0.671243305461098 -0.55316126547935 -0.493401499031917
  outer loop
    vertex 1.02117406476581 2.22044604925031e-016 0.347056991102746
    vertex 0.96006351506691 -0.125 0.40366898718639
    vertex 0.954297435183815 -0.125 0.396215066896581
  endloop
endfacet
facet normal 0.646224699435538 -0.553161265479351 -0.525743523224711
  outer loop
    vertex 0.96006351506691 -0.125 0.40366898718639
    vertex 1.02117406476581 2.22044604925031e-016 0.347056991102746
    vertex 1.02444751636611 4.44089209850063e-016 0.351288643767273
  endloop
endfacet
facet normal -0.727671933291782 -0.553161265479354 -0.405593604329111
  outer loop
    vertex 3.48620909566632 1.55431223447522e-015 0.335568145835349
    vertex 3.56309249345397 -0.124999999999999 0.367636206732476
    vertex 3.55870776484342 -0.124999999999999 0.375977834865934
  endloop
endfacet
facet normal -0.746696955466362 -0.553161265479353 -0.369399879629848
  outer loop
    vertex 3.56309249345397 -0.124999999999999 0.367636206732476
    vertex 3.48620909566632 1.55431223447522e-015 0.335568145835349
    vertex 3.48869834263793 1.33226762955019e-015 0.330832534030417
  endloop
endfacet
facet normal -0.789199640557366 -0.553161265479354 0.266789320845876
  outer loop
    vertex 3.49425942315481 8.88178419700125e-016 0.24759310197487
    vertex 3.56965202322785 -0.124999999999999 0.212161855323041
    vertex 3.57288815821764 -0.124999999999999 0.221012619992429
  endloop
endfacet
facet normal -0.775158283518158 -0.553161265479354 0.305192152367099
  outer loop
    vertex 3.56965202322785 -0.124999999999999 0.212161855323041
    vertex 3.49425942315481 8.88178419700125e-016 0.24759310197487
    vertex 3.49242224235331 8.88178419700125e-016 0.242568449115686
  endloop
endfacet
facet normal -0.759249502278096 -0.553161265479354 0.342859749261622
  outer loop
    vertex 3.56598549986603 -0.124999999999999 0.203480541405073
    vertex 3.48801989010825 1.11022302462516e-015 0.232819612286314
    vertex 3.56189742110812 -0.124999999999999 0.194989592284147
  endloop
endfacet
facet normal -0.741511622484658 -0.553161265479354 0.379701366989177
  outer loop
    vertex 3.48801989010825 1.11022302462516e-015 0.232819612286314
    vertex 3.56598549986603 -0.124999999999999 0.203480541405073
    vertex 3.49034072648645 8.88178419700125e-016 0.237639994860173
  endloop
endfacet
facet normal 0.653187622624995 -0.553161265479353 -0.517067252901194
  outer loop
    vertex 3.24045875853934 -0.124999999999999 0.401669352685503
    vertex 3.30895902395783 1.11022302462516e-015 0.354265439105797
    vertex 3.24648745504498 -0.124999999999999 0.40891251659003
  endloop
endfacet
facet normal 0.627029541956575 -0.553161265479357 -0.548494820291864
  outer loop
    vertex 3.30895902395783 1.11022302462516e-015 0.354265439105797
    vertex 3.24045875853934 -0.124999999999999 0.401669352685503
    vertex 3.30553648271243 8.88178419700125e-016 0.350153434597498
  endloop
endfacet
facet normal -0.792817308011385 -0.553161265479355 -0.255838485163704
  outer loop
    vertex 3.57372192807312 -0.124999999999999 0.341463522632563
    vertex 3.49625030600692 8.88178419700125e-016 0.310843836815946
    vertex 3.57639503443421 -0.124999999999999 0.332426758428085
  endloop
endfacet
facet normal -0.804415724313031 -0.553161265479354 -0.216628615033244
  outer loop
    vertex 3.49625030600692 8.88178419700125e-016 0.310843836815946
    vertex 3.57372192807312 -0.124999999999999 0.341463522632563
    vertex 3.49473276124985 1.33226762955019e-015 0.315974083161196
  endloop
endfacet
facet normal -0.746696955466362 -0.553161265479353 -0.369399879629849
  outer loop
    vertex 3.48869834263793 1.33226762955019e-015 0.330832534030417
    vertex 3.56706263617427 -0.124999999999999 0.359089478019948
    vertex 3.56309249345397 -0.124999999999999 0.367636206732476
  endloop
endfacet
facet normal -0.763923119272311 -0.553161265479353 -0.332316238264912
  outer loop
    vertex 3.56706263617427 -0.124999999999999 0.359089478019948
    vertex 3.48869834263793 1.33226762955019e-015 0.330832534030417
    vertex 3.49095222574477 1.33226762955019e-015 0.325980484917576
  endloop
endfacet
facet normal 0.831221247995867 -0.553161265479352 0.055532434247702
  outer loop
    vertex 3.28224244085888 1.11022302462516e-015 0.275234098151957
    vertex 3.19902980966689 -0.124999999999999 0.279116802774062
    vertex 3.19942705178812 -0.124999999999999 0.26970134720345
  endloop
endfacet
facet normal 0.83294485299774 -0.553161265479353 0.0146794495078998
  outer loop
    vertex 3.19902980966689 -0.124999999999999 0.279116802774062
    vertex 3.28224244085888 1.11022302462516e-015 0.275234098151957
    vertex 3.28201692319631 1.55431223447522e-015 0.280579330741523
  endloop
endfacet
facet normal -0.779308925372157 -0.553161265479353 -0.294432017974567
  outer loop
    vertex 3.492965315185 1.55431223447522e-015 0.321023687508128
    vertex 3.57372192807312 -0.124999999999999 0.341463522632563
    vertex 3.57060862858275 -0.124999999999999 0.350358238546425
  endloop
endfacet
facet normal -0.792817308011385 -0.553161265479355 -0.255838485163704
  outer loop
    vertex 3.57372192807312 -0.124999999999999 0.341463522632563
    vertex 3.492965315185 1.55431223447522e-015 0.321023687508128
    vertex 3.49473276124985 1.33226762955019e-015 0.315974083161196
  endloop
endfacet
facet normal -0.763923119272312 -0.553161265479353 -0.332316238264913
  outer loop
    vertex 3.49095222574477 1.33226762955019e-015 0.325980484917576
    vertex 3.57060862858275 -0.124999999999999 0.350358238546425
    vertex 3.56706263617427 -0.124999999999999 0.359089478019948
  endloop
endfacet
facet normal -0.779308925372157 -0.553161265479353 -0.294432017974567
  outer loop
    vertex 3.57060862858275 -0.124999999999999 0.350358238546425
    vertex 3.49095222574477 1.33226762955019e-015 0.325980484917576
    vertex 3.492965315185 1.55431223447522e-015 0.321023687508128
  endloop
endfacet
facet normal 0.826083405272473 -0.553161265479352 -0.107697826843058
  outer loop
    vertex 3.20061117897488 -0.124999999999999 0.307321297884388
    vertex 3.28373629847376 8.88178419700125e-016 0.301877779410704
    vertex 3.20205843400883 -0.124999999999999 0.316633336209683
  endloop
endfacet
facet normal 0.819803869739342 -0.553161265479353 -0.148102091591175
  outer loop
    vertex 3.28373629847376 8.88178419700125e-016 0.301877779410704
    vertex 3.20061117897488 -0.124999999999999 0.307321297884388
    vertex 3.28291467973053 8.88178419700125e-016 0.296591257653115
  endloop
endfacet
facet normal -0.741511622484658 -0.553161265479354 0.379701366989177
  outer loop
    vertex 3.48801989010825 1.11022302462516e-015 0.232819612286314
    vertex 3.55739763549391 -0.124999999999999 0.186709463400416
    vertex 3.56189742110812 -0.124999999999999 0.194989592284147
  endloop
endfacet
facet normal -0.721987376243911 -0.553161265479354 0.415628250865738
  outer loop
    vertex 3.55739763549391 -0.124999999999999 0.186709463400416
    vertex 3.48801989010825 1.11022302462516e-015 0.232819612286314
    vertex 3.48546532431686 6.66133814775094e-016 0.228118914117945
  endloop
endfacet
facet normal -0.831221247995867 -0.553161265479352 -0.0555324342476945
  outer loop
    vertex 3.49975755914112 1.55431223447522e-015 0.289765901848044
    vertex 3.58297019033311 -0.124999999999999 0.28588319722594
    vertex 3.58257294821188 -0.124999999999999 0.295298652796552
  endloop
endfacet
facet normal -0.832944852997739 -0.553161265479352 -0.0146794495079294
  outer loop
    vertex 3.58297019033311 -0.124999999999999 0.28588319722594
    vertex 3.49975755914112 1.55431223447522e-015 0.289765901848044
    vertex 3.49998307680369 1.11022302462516e-015 0.284420669258477
  endloop
endfacet
facet normal -0.653187622624972 -0.553161265479352 0.517067252901225
  outer loop
    vertex 3.47646351728757 8.88178419700125e-016 0.214846565402502
    vertex 3.53551254495502 -0.124999999999999 0.156087483409972
    vertex 3.54154124146067 -0.124999999999999 0.163330647314498
  endloop
endfacet
facet normal -0.627029541956576 -0.553161265479349 0.548494820291871
  outer loop
    vertex 3.53551254495502 -0.124999999999999 0.156087483409972
    vertex 3.47646351728757 8.88178419700125e-016 0.214846565402502
    vertex 3.47304097604217 6.66133814775094e-016 0.210734560894204
  endloop
endfacet
facet normal 0.148102091591191 -0.553161265479354 0.819803869739338
  outer loop
    vertex 3.35686666379032 -0.124999999999999 0.0935584340088272
    vertex 3.3663823815996 8.88178419700125e-016 0.176316324869158
    vertex 3.34763685566168 -0.124999999999999 0.0954608658245716
  endloop
endfacet
facet normal 0.188149565428487 -0.553161265479355 0.811549354877662
  outer loop
    vertex 3.3663823815996 8.88178419700125e-016 0.176316324869158
    vertex 3.35686666379032 -0.124999999999999 0.0935584340088272
    vertex 3.3716222205893 4.44089209850063e-016 0.175236298473761
  endloop
endfacet
facet normal -0.677772117098033 -0.553161265479352 0.48439402520854
  outer loop
    vertex 3.47968016943409 6.66133814775094e-016 0.219121552960487
    vertex 3.54154124146067 -0.124999999999999 0.163330647314498
    vertex 3.54720727092978 -0.124999999999999 0.170860900627646
  endloop
endfacet
facet normal -0.653187622624972 -0.553161265479352 0.517067252901224
  outer loop
    vertex 3.54154124146067 -0.124999999999999 0.163330647314498
    vertex 3.47968016943409 6.66133814775094e-016 0.219121552960487
    vertex 3.47646351728757 8.88178419700125e-016 0.214846565402502
  endloop
endfacet
facet normal 0.811549354877659 -0.553161265479355 -0.188149565428498
  outer loop
    vertex 3.28481632486916 1.11022302462516e-015 0.3071176184004
    vertex 3.20631389129724 -0.124999999999999 0.334988486854087
    vertex 3.20396086582457 -0.124999999999999 0.325863144338322
  endloop
endfacet
facet normal 0.801339746536742 -0.553161265479356 -0.227743770482769
  outer loop
    vertex 3.20631389129724 -0.124999999999999 0.334988486854087
    vertex 3.28481632486916 1.11022302462516e-015 0.3071176184004
    vertex 3.28615215703854 8.88178419700125e-016 0.312298151391121
  endloop
endfacet
facet normal -0.700723799175164 -0.553161265479352 0.45055384988124
  outer loop
    vertex 3.48268318328499 8.88178419700125e-016 0.223549224748687
    vertex 3.54720727092978 -0.124999999999999 0.170860900627646
    vertex 3.55249698340108 -0.124999999999999 0.178660102309612
  endloop
endfacet
facet normal -0.677772117098033 -0.553161265479352 0.48439402520854
  outer loop
    vertex 3.54720727092978 -0.124999999999999 0.170860900627646
    vertex 3.48268318328499 8.88178419700125e-016 0.223549224748687
    vertex 3.47968016943409 6.66133814775094e-016 0.219121552960487
  endloop
endfacet
facet normal 0.690694311933218 -0.55316126547935 0.465783191878349
  outer loop
    vertex 1.01862908171606 0.0 0.221556607179148
    vertex 0.944738868656556 -0.125 0.183090338850936
    vertex 0.949814529261308 -0.125 0.175150170444006
  endloop
endfacet
facet normal 0.712717238351926 -0.553161265479349 0.431331372067101
  outer loop
    vertex 0.944738868656556 -0.125 0.183090338850936
    vertex 1.01862908171606 0.0 0.221556607179148
    vertex 1.01574758689357 0.0 0.226064306951832
  endloop
endfacet
facet normal 0.721987376243904 -0.553161265479356 -0.415628250865749
  outer loop
    vertex 3.29653467568315 8.88178419700125e-016 0.336881085882056
    vertex 3.22950301659892 -0.124999999999999 0.386339897690389
    vertex 3.22460236450609 -0.124999999999999 0.378290536599586
  endloop
endfacet
facet normal 0.700723799175146 -0.553161265479356 -0.450553849881263
  outer loop
    vertex 3.22950301659892 -0.124999999999999 0.386339897690389
    vertex 3.29653467568315 8.88178419700125e-016 0.336881085882056
    vertex 3.29931681671501 1.11022302462516e-015 0.341450775251313
  endloop
endfacet
facet normal 0.759249502278105 -0.553161265479355 -0.342859749261601
  outer loop
    vertex 3.29165927351356 1.11022302462516e-015 0.327360005139829
    vertex 3.22010257889188 -0.124999999999999 0.370010407715854
    vertex 3.21601450013397 -0.124999999999999 0.361519458594929
  endloop
endfacet
facet normal 0.741511622484661 -0.553161265479355 -0.379701366989169
  outer loop
    vertex 3.22010257889188 -0.124999999999999 0.370010407715854
    vertex 3.29165927351356 1.11022302462516e-015 0.327360005139829
    vertex 3.29398010989175 8.88178419700125e-016 0.332180387713687
  endloop
endfacet
facet normal -0.821775560090387 -0.553161265479353 -0.136738960107979
  outer loop
    vertex 3.58039598475684 -0.124999999999999 0.314014456333341
    vertex 3.49927003499254 1.33226762955019e-015 0.29509363024364
    vertex 3.58171419007861 -0.124999999999999 0.304683275291548
  endloop
endfacet
facet normal -0.827495158201187 -0.553161265479352 -0.0962516364893276
  outer loop
    vertex 3.49927003499254 1.33226762955019e-015 0.29509363024364
    vertex 3.58039598475684 -0.124999999999999 0.314014456333341
    vertex 3.49852167884633 1.33226762955019e-015 0.300391019480908
  endloop
endfacet
facet normal 0.570248329556859 -0.553161265479355 -0.607313310418017
  outer loop
    vertex 3.3163883167972 8.88178419700125e-016 0.361961290762513
    vertex 3.26660015367162 -0.124999999999999 0.428748686262392
    vertex 3.25957391582626 -0.124999999999999 0.422468512168831
  endloop
endfacet
facet normal 0.539761988739666 -0.553161265479355 -0.634562534258901
  outer loop
    vertex 3.26660015367162 -0.124999999999999 0.428748686262392
    vertex 3.3163883167972 8.88178419700125e-016 0.361961290762513
    vertex 3.32037717057399 8.88178419700125e-016 0.365526597930211
  endloop
endfacet
facet normal -0.814076232676294 -0.553161265479353 -0.176896867594801
  outer loop
    vertex 3.49751429355799 1.55431223447522e-015 0.305645307685178
    vertex 3.58039598475684 -0.124999999999999 0.314014456333341
    vertex 3.57862150791867 -0.124999999999999 0.323269716289487
  endloop
endfacet
facet normal -0.821775560090387 -0.553161265479353 -0.136738960107979
  outer loop
    vertex 3.58039598475684 -0.124999999999999 0.314014456333341
    vertex 3.49751429355799 1.55431223447522e-015 0.305645307685178
    vertex 3.49852167884633 1.33226762955019e-015 0.300391019480908
  endloop
endfacet
facet normal 0.677772117098022 -0.553161265479354 -0.484394025208554
  outer loop
    vertex 3.30231983056591 1.11022302462516e-015 0.345878447039513
    vertex 3.24045875853934 -0.124999999999999 0.401669352685503
    vertex 3.23479272907022 -0.124999999999999 0.394139099372356
  endloop
endfacet
facet normal 0.653187622624995 -0.553161265479353 -0.517067252901194
  outer loop
    vertex 3.24045875853934 -0.124999999999999 0.401669352685503
    vertex 3.30231983056591 1.11022302462516e-015 0.345878447039513
    vertex 3.30553648271243 8.88178419700125e-016 0.350153434597498
  endloop
endfacet
facet normal -0.804415724313031 -0.553161265479354 -0.216628615033244
  outer loop
    vertex 3.57639503443421 -0.124999999999999 0.332426758428085
    vertex 3.49751429355799 1.55431223447522e-015 0.305645307685178
    vertex 3.57862150791867 -0.124999999999999 0.323269716289487
  endloop
endfacet
facet normal -0.814076232676294 -0.553161265479353 -0.176896867594801
  outer loop
    vertex 3.49751429355799 1.55431223447522e-015 0.305645307685178
    vertex 3.57639503443421 -0.124999999999999 0.332426758428085
    vertex 3.49625030600692 8.88178419700125e-016 0.310843836815946
  endloop
endfacet
facet normal 0.238424194398615 -0.553161265479354 0.79822710922309
  outer loop
    vertex 1.05404997802196 -0.125 0.0985312660134542
    vertex 1.0727173345243 2.22044604925031e-016 0.17971591472422
    vertex 1.04508924980428 -0.125 0.101449134193123
  endloop
endfacet
facet normal 0.277304149849397 -0.553161265479354 0.785566688989282
  outer loop
    vertex 1.0727173345243 2.22044604925031e-016 0.17971591472422
    vertex 1.05404997802196 -0.125 0.0985312660134542
    vertex 1.07780441460622 2.22044604925031e-016 0.178059416643054
  endloop
endfacet
facet normal 0.31551605531422 -0.553161265479354 0.771013769794181
  outer loop
    vertex 1.03628248818174 -0.125 0.104803169766703
    vertex 1.06281744336551 4.44089209850063e-016 0.183767171302033
    vertex 1.02765090941447 -0.125 0.10858529256872
  endloop
endfacet
facet normal 0.352967854965848 -0.553161265479353 0.754603410894815
  outer loop
    vertex 1.06281744336551 4.44089209850063e-016 0.183767171302033
    vertex 1.03628248818174 -0.125 0.104803169766703
    vertex 1.06771766256151 2.22044604925031e-016 0.181620028669638
  endloop
endfacet
facet normal 0.277304149849397 -0.553161265479354 0.785566688989282
  outer loop
    vertex 1.04508924980428 -0.125 0.101449134193123
    vertex 1.06771766256151 2.22044604925031e-016 0.181620028669638
    vertex 1.03628248818174 -0.125 0.104803169766703
  endloop
endfacet
facet normal 0.31551605531422 -0.553161265479354 0.771013769794181
  outer loop
    vertex 1.06771766256151 2.22044604925031e-016 0.181620028669638
    vertex 1.04508924980428 -0.125 0.101449134193123
    vertex 1.0727173345243 2.22044604925031e-016 0.17971591472422
  endloop
endfacet
facet normal 0.831888689253309 -0.553161265479352 0.0444277285678032
  outer loop
    vertex 1.00015511238622 4.44089209850063e-016 0.276687045472108
    vertex 0.917001748539663 -0.125 0.281680587909963
    vertex 0.917273225487652 -0.125 0.272260667253622
  endloop
endfacet
facet normal 0.833066608211153 -0.553161265479352 0.00355537014209946
  outer loop
    vertex 0.917001748539663 -0.125 0.281680587909963
    vertex 1.00015511238622 4.44089209850063e-016 0.276687045472108
    vertex 1.00000099266054 4.44089209850063e-016 0.282034812928051
  endloop
endfacet
facet normal 0.716372889445264 -0.553161265479352 -0.425232286687082
  outer loop
    vertex 1.01526927899306 2.22044604925031e-016 0.338137684526942
    vertex 0.948904047329706 -0.125 0.388487197050356
    vertex 0.94389634464833 -0.125 0.380503994763054
  endloop
endfacet
facet normal 0.694644827569831 -0.553161265479353 -0.459870827411091
  outer loop
    vertex 0.948904047329706 -0.125 0.388487197050356
    vertex 1.01526927899306 2.22044604925031e-016 0.338137684526942
    vertex 1.01811219353613 6.66133814775094e-016 0.342669814992129
  endloop
endfacet
facet normal 0.833066608211153 -0.553161265479352 0.00355537014209946
  outer loop
    vertex 0.917001748539663 -0.125 0.281680587909963
    vertex 1.00010946109072 4.44089209850063e-016 0.287383701060396
    vertex 0.917192812196504 -0.125 0.291102482601801
  endloop
endfacet
facet normal 0.832237596741799 -0.553161265479352 -0.0373255534817155
  outer loop
    vertex 1.00010946109072 4.44089209850063e-016 0.287383701060396
    vertex 0.917001748539663 -0.125 0.281680587909963
    vertex 1.00000099266054 4.44089209850063e-016 0.282034812928051
  endloop
endfacet
facet normal 0.352967854965848 -0.553161265479353 0.754603410894815
  outer loop
    vertex 1.02765090941447 -0.125 0.10858529256872
    vertex 1.05802848199356 2.22044604925031e-016 0.186152169966736
    vertex 1.01921530773177 -0.125 0.112786391134068
  endloop
endfacet
facet normal 0.389569324138507 -0.553161265479351 0.736375146283163
  outer loop
    vertex 1.05802848199356 2.22044604925031e-016 0.186152169966736
    vertex 1.02765090941447 -0.125 0.10858529256872
    vertex 1.06281744336551 4.44089209850063e-016 0.183767171302033
  endloop
endfacet
facet normal 0.389569324138508 -0.553161265479351 0.736375146283162
  outer loop
    vertex 1.01921530773177 -0.125 0.112786391134068
    vertex 1.05336231547306 0.0 0.188769278993062
    vertex 1.01099600523694 -0.125 0.11739634464833
  endloop
endfacet
facet normal 0.425232286687088 -0.553161265479351 0.716372889445262
  outer loop
    vertex 1.05336231547306 0.0 0.188769278993062
    vertex 1.01921530773177 -0.125 0.112786391134068
    vertex 1.05802848199356 2.22044604925031e-016 0.186152169966736
  endloop
endfacet
facet normal 0.425232286687088 -0.553161265479351 0.716372889445262
  outer loop
    vertex 1.01099600523694 -0.125 0.11739634464833
    vertex 1.04883018500787 0.0 0.191612193536135
    vertex 1.00301280294964 -0.125 0.122404047329707
  endloop
endfacet
facet normal 0.459870827411097 -0.553161265479353 0.694644827569826
  outer loop
    vertex 1.04883018500787 0.0 0.191612193536135
    vertex 1.01099600523694 -0.125 0.11739634464833
    vertex 1.05336231547306 0.0 0.188769278993062
  endloop
endfacet
facet normal 0.824571601226317 -0.553161265479354 -0.118719370046964
  outer loop
    vertex 1.00111248521055 4.44089209850063e-016 0.298033323937772
    vertex 0.920531081736034 -0.125 0.319153333387438
    vertex 0.918959606976378 -0.125 0.309861451339929
  endloop
endfacet
facet normal 0.817753085234851 -0.553161265479353 -0.159036178155044
  outer loop
    vertex 0.920531081736034 -0.125 0.319153333387438
    vertex 1.00111248521055 4.44089209850063e-016 0.298033323937772
    vertex 1.00200462452723 4.44089209850063e-016 0.303308402808493
  endloop
endfacet
facet normal 0.817753085234851 -0.553161265479353 -0.159036178155044
  outer loop
    vertex 1.00200462452723 4.44089209850063e-016 0.303308402808493
    vertex 0.922556594627716 -0.125 0.328356914344363
    vertex 0.920531081736034 -0.125 0.319153333387438
  endloop
endfacet
facet normal 0.808964530434341 -0.553161265479352 -0.198969854180044
  outer loop
    vertex 0.922556594627716 -0.125 0.328356914344363
    vertex 1.00200462452723 4.44089209850063e-016 0.303308402808493
    vertex 1.00315452507511 6.66133814775094e-016 0.308533352414247
  endloop
endfacet
facet normal 0.694644827569831 -0.553161265479353 -0.459870827411091
  outer loop
    vertex 1.01811219353613 6.66133814775094e-016 0.342669814992129
    vertex 0.954297435183815 -0.125 0.396215066896581
    vertex 0.948904047329706 -0.125 0.388487197050356
  endloop
endfacet
facet normal 0.671243305461097 -0.55316126547935 -0.493401499031918
  outer loop
    vertex 0.954297435183815 -0.125 0.396215066896581
    vertex 1.01811219353613 6.66133814775094e-016 0.342669814992129
    vertex 1.02117406476581 2.22044604925031e-016 0.347056991102746
  endloop
endfacet
facet normal 0.75460341089483 -0.55316126547935 -0.352967854965821
  outer loop
    vertex 1.01026717130203 6.66133814775094e-016 0.328682556634491
    vertex 0.939286391134067 -0.125 0.372284692268232
    vertex 0.93508529256872 -0.125 0.363849090585525
  endloop
endfacet
facet normal 0.736375146283169 -0.553161265479351 -0.389569324138495
  outer loop
    vertex 0.939286391134067 -0.125 0.372284692268232
    vertex 1.01026717130203 6.66133814775094e-016 0.328682556634491
    vertex 1.01265216996674 4.44089209850063e-016 0.333471518006444
  endloop
endfacet
facet normal 0.808964530434341 -0.553161265479352 -0.198969854180044
  outer loop
    vertex 0.922556594627716 -0.125 0.328356914344363
    vertex 1.00455941664305 6.66133814775094e-016 0.313695585393784
    vertex 0.925031266013454 -0.125 0.337450021978042
  endloop
endfacet
facet normal 0.798227109223091 -0.55316126547935 -0.23842419439862
  outer loop
    vertex 1.00455941664305 6.66133814775094e-016 0.313695585393784
    vertex 0.922556594627716 -0.125 0.328356914344363
    vertex 1.00315452507511 6.66133814775094e-016 0.308533352414247
  endloop
endfacet
facet normal 0.785566688989283 -0.55316126547935 -0.277304149849401
  outer loop
    vertex 1.00621591472422 6.66133814775094e-016 0.318782665475695
    vertex 0.931303169766703 -0.125 0.355217511818259
    vertex 0.927949134193122 -0.125 0.346410750195722
  endloop
endfacet
facet normal 0.771013769794184 -0.55316126547935 -0.315516055314219
  outer loop
    vertex 0.931303169766703 -0.125 0.355217511818259
    vertex 1.00621591472422 6.66133814775094e-016 0.318782665475695
    vertex 1.00812002866964 2.22044604925031e-016 0.32378233743849
  endloop
endfacet
facet normal 0.798227109223091 -0.55316126547935 -0.23842419439862
  outer loop
    vertex 1.00455941664305 6.66133814775094e-016 0.313695585393784
    vertex 0.927949134193122 -0.125 0.346410750195722
    vertex 0.925031266013454 -0.125 0.337450021978042
  endloop
endfacet
facet normal 0.785566688989283 -0.55316126547935 -0.277304149849401
  outer loop
    vertex 0.927949134193122 -0.125 0.346410750195722
    vertex 1.00455941664305 6.66133814775094e-016 0.313695585393784
    vertex 1.00621591472422 6.66133814775094e-016 0.318782665475695
  endloop
endfacet
facet normal 0.73637514628317 -0.553161265479351 -0.389569324138495
  outer loop
    vertex 1.01265216996674 4.44089209850063e-016 0.333471518006444
    vertex 0.94389634464833 -0.125 0.380503994763054
    vertex 0.939286391134067 -0.125 0.372284692268232
  endloop
endfacet
facet normal 0.716372889445264 -0.553161265479352 -0.425232286687082
  outer loop
    vertex 0.94389634464833 -0.125 0.380503994763054
    vertex 1.01265216996674 4.44089209850063e-016 0.333471518006444
    vertex 1.01526927899306 2.22044604925031e-016 0.338137684526942
  endloop
endfacet
facet normal 0.646224699435538 -0.553161265479351 -0.525743523224711
  outer loop
    vertex 1.02444751636611 4.44089209850063e-016 0.351288643767273
    vertex 0.966188395987504 -0.125 0.410831000772916
    vertex 0.96006351506691 -0.125 0.40366898718639
  endloop
endfacet
facet normal 0.619649281506403 -0.553161265479354 -0.556818985220402
  outer loop
    vertex 0.966188395987504 -0.125 0.410831000772916
    vertex 1.02444751636611 4.44089209850063e-016 0.351288643767273
    vertex 1.0279246623054 6.66133814775094e-016 0.35535457856379
  endloop
endfacet
facet normal 0.771013769794184 -0.55316126547935 -0.315516055314219
  outer loop
    vertex 1.00812002866964 2.22044604925031e-016 0.32378233743849
    vertex 0.93508529256872 -0.125 0.363849090585525
    vertex 0.931303169766703 -0.125 0.355217511818259
  endloop
endfacet
facet normal 0.75460341089483 -0.55316126547935 -0.352967854965821
  outer loop
    vertex 0.93508529256872 -0.125 0.363849090585525
    vertex 1.00812002866964 2.22044604925031e-016 0.32378233743849
    vertex 1.01026717130203 6.66133814775094e-016 0.328682556634491
  endloop
endfacet
facet normal -0.415628250865759 -0.553161265479355 -0.721987376243898
  outer loop
    vertex 3.44538108588206 1.55431223447522e-015 0.376965324316854
    vertex 3.47851040771585 -0.124999999999999 0.453397421108117
    vertex 3.44068038771369 1.11022302462516e-015 0.379519890108254
  endloop
endfacet
facet normal -0.379701366989181 -0.553161265479357 -0.741511622484653
  outer loop
    vertex 3.47851040771585 -0.124999999999999 0.453397421108117
    vertex 3.44538108588206 1.55431223447522e-015 0.376965324316854
    vertex 3.48679053659959 -0.124999999999999 0.448897635493908
  endloop
endfacet
facet normal -0.352967854965831 -0.553161265479354 -0.754603410894822
  outer loop
    vertex 1.15518255663449 4.44089209850063e-016 0.381232828697967
    vertex 1.18171751181826 -0.125 0.460196830233298
    vertex 1.15028233743849 2.22044604925031e-016 0.383379971330362
  endloop
endfacet
facet normal -0.315516055314225 -0.553161265479355 -0.771013769794178
  outer loop
    vertex 1.18171751181826 -0.125 0.460196830233298
    vertex 1.15518255663449 4.44089209850063e-016 0.381232828697967
    vertex 1.19034909058552 -0.125 0.456414707431281
  endloop
endfacet
facet normal 0.245228748593462 -0.553161265479355 -0.796162970274656
  outer loop
    vertex 1.0769141020606 6.66133814775094e-016 0.386670509998859
    vertex 1.06155337498247 -0.125 0.468545203578179
    vertex 1.05248172106087 -0.125 0.465993008438357
  endloop
endfacet
facet normal 0.205867494489048 -0.553161265479356 -0.807236761480843
  outer loop
    vertex 1.06155337498247 -0.125 0.468545203578179
    vertex 1.0769141020606 6.66133814775094e-016 0.386670509998859
    vertex 1.08206415558901 4.44089209850063e-016 0.388119412448029
  endloop
endfacet
facet normal -0.22774377048273 -0.553161265479357 -0.801339746536752
  outer loop
    vertex 3.42079815139112 1.55431223447522e-015 0.387347842961464
    vertex 3.43436314433832 -0.124999999999999 0.469539134175429
    vertex 3.4156176184004 8.88178419700125e-016 0.388683675130842
  endloop
endfacet
facet normal -0.188149565428495 -0.553161265479356 -0.811549354877659
  outer loop
    vertex 3.43436314433832 -0.124999999999999 0.469539134175429
    vertex 3.42079815139112 1.55431223447522e-015 0.387347842961464
    vertex 3.44348848685409 -0.124999999999999 0.467186108702762
  endloop
endfacet
facet normal 0.829403652006488 -0.553161265479353 -0.0781165565778512
  outer loop
    vertex 0.917845956169088 -0.125 0.300503653159563
    vertex 1.00111248521055 4.44089209850063e-016 0.298033323937772
    vertex 0.918959606976378 -0.125 0.309861451339929
  endloop
endfacet
facet normal 0.824571601226317 -0.553161265479354 -0.118719370046964
  outer loop
    vertex 1.00111248521055 4.44089209850063e-016 0.298033323937772
    vertex 0.917845956169088 -0.125 0.300503653159563
    vertex 1.00048025636683 2.22044604925031e-016 0.292720823929126
  endloop
endfacet
facet normal 0.807236761480842 -0.553161265479351 0.205867494489064
  outer loop
    vertex 0.922954796421821 -0.125 0.235053374982474
    vertex 1.00218613151856 8.88178419700125e-016 0.260779099925904
    vertex 0.920850800473053 -0.125 0.244239331979577
  endloop
endfacet
facet normal 0.816365848623037 -0.553161265479351 0.166010287558548
  outer loop
    vertex 1.00218613151856 8.88178419700125e-016 0.260779099925904
    vertex 0.922954796421821 -0.125 0.235053374982474
    vertex 1.00338058755197 0.0 0.255564155589007
  endloop
endfacet
facet normal 0.359395888048939 -0.553161265479355 -0.751563177668247
  outer loop
    vertex 1.06197639510083 4.44089209850063e-016 0.380835042493947
    vertex 1.03476841206438 -0.125 0.459569679371024
    vertex 1.02616942990237 -0.125 0.455714019805853
  endloop
endfacet
facet normal 0.32208552272378 -0.553161265479357 -0.76829260729557
  outer loop
    vertex 1.03476841206438 -0.125 0.459569679371024
    vertex 1.06197639510083 4.44089209850063e-016 0.380835042493947
    vertex 1.06685810893238 2.22044604925031e-016 0.383023932559591
  endloop
endfacet
facet normal -0.148102091591194 -0.553161265479356 -0.819803869739337
  outer loop
    vertex 3.4103777794107 1.11022302462516e-015 0.389763701526239
    vertex 3.41582129788439 -0.124999999999999 0.472888821025118
    vertex 3.40509125765311 1.11022302462516e-015 0.390585320269468
  endloop
endfacet
facet normal -0.107697826843058 -0.553161265479356 -0.82608340527247
  outer loop
    vertex 3.41582129788439 -0.124999999999999 0.472888821025118
    vertex 3.4103777794107 1.11022302462516e-015 0.389763701526239
    vertex 3.42513333620968 -0.124999999999999 0.471441565991173
  endloop
endfacet
facet normal 0.125753147304526 -0.553161265479357 -0.823528238930689
  outer loop
    vertex 1.09254637181361 0.0 0.390251000549897
    vertex 1.08936541404672 -0.125 0.473493410971278
    vertex 1.08001746227718 -0.125 0.472299927574131
  endloop
endfacet
facet normal 0.0851930567039785 -0.553161265479357 -0.828706677578206
  outer loop
    vertex 1.08936541404672 -0.125 0.473493410971278
    vertex 1.09254637181361 0.0 0.390251000549897
    vertex 1.09785328193277 4.44089209850063e-016 0.390928551020152
  endloop
endfacet
facet normal -0.107697826843057 -0.553161265479356 -0.82608340527247
  outer loop
    vertex 3.40509125765311 1.11022302462516e-015 0.390585320269468
    vertex 3.4064494628784 -0.124999999999999 0.473877412713123
    vertex 3.39977078882159 1.55431223447522e-015 0.391146552009012
  endloop
endfacet
facet normal -0.0670341085968298 -0.553161265479357 -0.830372833525944
  outer loop
    vertex 3.4064494628784 -0.124999999999999 0.473877412713123
    vertex 3.40509125765311 1.11022302462516e-015 0.390585320269468
    vertex 3.41582129788439 -0.124999999999999 0.472888821025118
  endloop
endfacet
facet normal 0.562087696236064 -0.553161265479352 -0.614874000192979
  outer loop
    vertex 1.03545605966729 4.44089209850063e-016 0.362950536606901
    vertex 0.986564184591189 -0.125 0.430396825879325
    vertex 0.979454710606599 -0.125 0.424211036958947
  endloop
endfacet
facet normal 0.531240199795542 -0.55316126547935 -0.641713693553812
  outer loop
    vertex 0.986564184591189 -0.125 0.430396825879325
    vertex 1.03545605966729 4.44089209850063e-016 0.362950536606901
    vertex 1.03949216729395 0.0 0.366462260525242
  endloop
endfacet
facet normal 0.684412868807719 -0.553161265479354 0.474964882263592
  outer loop
    vertex 3.30145095004998 8.88178419700125e-016 0.220355268501273
    vertex 3.2280809864621 -0.124999999999999 0.180905733292493
    vertex 3.23326222394125 -0.124999999999999 0.173034050938024
  endloop
endfacet
facet normal 0.706893885693368 -0.553161265479353 0.44081021850975
  outer loop
    vertex 3.2280809864621 -0.124999999999999 0.180905733292493
    vertex 3.30145095004998 8.88178419700125e-016 0.220355268501273
    vertex 3.29850951835609 8.88178419700125e-016 0.224824088171258
  endloop
endfacet
facet normal 0.832237596741799 -0.553161265479352 -0.0373255534817155
  outer loop
    vertex 1.00010946109072 4.44089209850063e-016 0.287383701060396
    vertex 0.917845956169088 -0.125 0.300503653159563
    vertex 0.917192812196504 -0.125 0.291102482601801
  endloop
endfacet
facet normal 0.829403652006488 -0.553161265479353 -0.0781165565778512
  outer loop
    vertex 0.917845956169088 -0.125 0.300503653159563
    vertex 1.00010946109072 4.44089209850063e-016 0.287383701060396
    vertex 1.00048025636683 2.22044604925031e-016 0.292720823929126
  endloop
endfacet
facet normal 0.0146794495079233 -0.553161265479357 -0.832944852997737
  outer loop
    vertex 3.38907933074152 8.88178419700125e-016 0.391483076803692
    vertex 3.39704040876312 -0.124999999999999 0.47440495945122
    vertex 3.38761680277406 -0.124999999999999 0.47447019033311
  endloop
endfacet
facet normal -0.0262088993114695 -0.553161265479356 -0.832661820891386
  outer loop
    vertex 3.39704040876312 -0.124999999999999 0.47440495945122
    vertex 3.38907933074152 8.88178419700125e-016 0.391483076803692
    vertex 3.39442919039156 8.88178419700125e-016 0.391446044688453
  endloop
endfacet
facet normal -0.999812772169049 1.39569651158098e-014 -0.019349951101801
  outer loop
    vertex 2.64395899710504 1.33226762955019e-015 0.286737639291381
    vertex 2.64390318250842 -0.124999999999999 0.275988726108261
    vertex 2.64395899710503 -0.124999999999999 0.286737639291382
  endloop
endfacet
facet normal -0.999557910997263 1.10335147104861e-014 0.0297318442547378
  outer loop
    vertex 2.64390318250842 -0.124999999999999 0.275988726108261
    vertex 2.64395899710504 1.33226762955019e-015 0.286737639291381
    vertex 2.64390318250842 8.88178419700125e-016 0.275988726108259
  endloop
endfacet
facet normal 0.867515882294719 1.73649052300523e-015 -0.497409483189068
  outer loop
    vertex 2.23501402177746 -2.22044604925031e-016 0.391432676818412
    vertex 2.24058794131837 -0.124999999999999 0.400623632744697
    vertex 2.23501402177746 -0.124999999999999 0.391432676818413
  endloop
endfacet
facet normal 0.842064194893312 9.94927499198434e-017 -0.539377318468879
  outer loop
    vertex 2.24058794131837 -0.124999999999999 0.400623632744697
    vertex 2.23501402177746 -2.22044604925031e-016 0.391432676818412
    vertex 2.24058794131837 0.0 0.400623632744696
  endloop
endfacet
facet normal -0.997658996799427 1.79016101980321e-014 -0.0683851307314794
  outer loop
    vertex 2.6434873202991 4.44089209850063e-016 0.297476343630276
    vertex 2.64395899710503 -0.124999999999999 0.286737639291382
    vertex 2.6434873202991 -0.124999999999999 0.297476343630278
  endloop
endfacet
facet normal -0.999812772169049 1.395696511581e-014 -0.0193499511018021
  outer loop
    vertex 2.64395899710503 -0.124999999999999 0.286737639291382
    vertex 2.6434873202991 4.44089209850063e-016 0.297476343630276
    vertex 2.64395899710504 1.33226762955019e-015 0.286737639291381
  endloop
endfacet
facet normal -0.993101773521779 1.58507501798266e-014 -0.117255564592468
  outer loop
    vertex 2.64248928840131 -0.124999999999999 0.308178968645592
    vertex 2.6434873202991 4.44089209850063e-016 0.297476343630276
    vertex 2.6434873202991 -0.124999999999999 0.297476343630278
  endloop
endfacet
facet normal -0.997658996799427 1.79016101980321e-014 -0.0683851307314794
  outer loop
    vertex 2.6434873202991 4.44089209850063e-016 0.297476343630276
    vertex 2.64248928840131 -0.124999999999999 0.308178968645592
    vertex 2.64248928840131 1.11022302462516e-015 0.308178968645591
  endloop
endfacet
facet normal 0.99955791099727 1.24277218598784e-014 -0.0297318442544962
  outer loop
    vertex 2.2060968174916 -0.124999999999999 0.289011273891746
    vertex 2.20667998902853 -4.44089209850063e-016 0.29974450084574
    vertex 2.20667998902853 -0.124999999999999 0.29974450084574
  endloop
endfacet
facet normal 0.996895027266971 1.23991361800043e-014 -0.0787420129942452
  outer loop
    vertex 2.20667998902853 -4.44089209850063e-016 0.29974450084574
    vertex 2.2060968174916 -0.124999999999999 0.289011273891746
    vertex 2.2060968174916 0.0 0.289011273891746
  endloop
endfacet
facet normal -0.986152081086341 1.1154415242792e-014 -0.165843519526928
  outer loop
    vertex 2.64096730575795 1.11022302462516e-015 0.318819730776226
    vertex 2.64248928840131 -0.124999999999999 0.308178968645592
    vertex 2.64096730575795 -0.124999999999999 0.318819730776228
  endloop
endfacet
facet normal -0.993101773521779 1.58507501798266e-014 -0.117255564592468
  outer loop
    vertex 2.64248928840131 -0.124999999999999 0.308178968645592
    vertex 2.64096730575795 1.11022302462516e-015 0.318819730776226
    vertex 2.64248928840131 1.11022302462516e-015 0.308178968645591
  endloop
endfacet
facet normal -0.97682666191106 1.70107415417506e-014 -0.214031942895672
  outer loop
    vertex 2.63892503895852 -0.124999999999998 0.32937299549419
    vertex 2.64096730575795 1.11022302462516e-015 0.318819730776226
    vertex 2.64096730575795 -0.124999999999999 0.318819730776228
  endloop
endfacet
facet normal -0.986152081086341 1.1154415242792e-014 -0.165843519526928
  outer loop
    vertex 2.64096730575795 1.11022302462516e-015 0.318819730776226
    vertex 2.63892503895852 -0.124999999999998 0.32937299549419
    vertex 2.63892503895852 1.11022302462516e-015 0.32937299549419
  endloop
endfacet
facet normal 0.947886584119907 -5.65909413164336e-016 -0.31860794661385
  outer loop
    vertex 2.21741283807774 -2.22044604925031e-016 0.352275140308437
    vertex 2.22108658976632 -0.124999999999999 0.3623769123519
    vertex 2.21741283807774 -0.124999999999999 0.352275140308437
  endloop
endfacet
facet normal 0.931111462254225 1.67885912069356e-015 -0.364734759597709
  outer loop
    vertex 2.22108658976632 -0.124999999999999 0.3623769123519
    vertex 2.21741283807774 -2.22044604925031e-016 0.352275140308437
    vertex 2.22108658976632 -4.44089209850063e-016 0.3623769123519
  endloop
endfacet
facet normal -0.965147981747219 2.07141683271156e-014 -0.261704744567748
  outer loop
    vertex 2.63636740800264 6.66133814775094e-016 0.339813339060422
    vertex 2.63892503895852 -0.124999999999998 0.32937299549419
    vertex 2.63636740800263 -0.124999999999999 0.339813339060423
  endloop
endfacet
facet normal -0.97682666191106 1.70107415417506e-014 -0.214031942895672
  outer loop
    vertex 2.63892503895852 -0.124999999999998 0.32937299549419
    vertex 2.63636740800264 6.66133814775094e-016 0.339813339060422
    vertex 2.63892503895852 1.11022302462516e-015 0.32937299549419
  endloop
endfacet
facet normal -0.95114417555833 1.28373921856416e-014 -0.308747076587724
  outer loop
    vertex 2.63330057444726 6.66133814775094e-016 0.3501156097728
    vertex 2.63636740800263 -0.124999999999999 0.339813339060423
    vertex 2.63330057444726 -0.124999999999999 0.3501156097728
  endloop
endfacet
facet normal -0.965147981747218 2.07141683271154e-014 -0.261704744567749
  outer loop
    vertex 2.63636740800263 -0.124999999999999 0.339813339060423
    vertex 2.63330057444726 6.66133814775094e-016 0.3501156097728
    vertex 2.63636740800264 6.66133814775094e-016 0.339813339060422
  endloop
endfacet
facet normal -0.93484897974007 1.32331615705545e-014 -0.355045609857312
  outer loop
    vertex 2.62973192656308 8.88178419700125e-016 0.360254988558806
    vertex 2.63330057444726 -0.124999999999999 0.3501156097728
    vertex 2.62973192656308 -0.124999999999999 0.360254988558807
  endloop
endfacet
facet normal -0.951144175558329 1.28373921856416e-014 -0.308747076587724
  outer loop
    vertex 2.63330057444726 -0.124999999999999 0.3501156097728
    vertex 2.62973192656308 8.88178419700125e-016 0.360254988558806
    vertex 2.63330057444726 6.66133814775094e-016 0.3501156097728
  endloop
endfacet
facet normal 0.996895027266971 1.23991361800043e-014 -0.0787420129942457
  outer loop
    vertex 2.20667998902853 -0.124999999999999 0.29974450084574
    vertex 2.20778911259447 -2.22044604925031e-016 0.310436184286758
    vertex 2.20778911259447 -0.124999999999999 0.310436184286758
  endloop
endfacet
facet normal 0.99183053609829 1.05708898094176e-014 -0.127562485327694
  outer loop
    vertex 2.20778911259447 -2.22044604925031e-016 0.310436184286758
    vertex 2.20667998902853 -0.124999999999999 0.29974450084574
    vertex 2.20667998902853 -4.44089209850063e-016 0.29974450084574
  endloop
endfacet
facet normal -0.916301650846199 1.77851418976943e-014 -0.400488807155119
  outer loop
    vertex 2.6256700615354 6.66133814775094e-016 0.370207048766839
    vertex 2.62973192656308 -0.124999999999999 0.360254988558807
    vertex 2.62567006153539 -0.124999999999999 0.370207048766841
  endloop
endfacet
facet normal -0.93484897974007 1.32331615705546e-014 -0.355045609857312
  outer loop
    vertex 2.62973192656308 -0.124999999999999 0.360254988558807
    vertex 2.6256700615354 6.66133814775094e-016 0.370207048766839
    vertex 2.62973192656308 8.88178419700125e-016 0.360254988558806
  endloop
endfacet
facet normal -0.895546871017575 1.63817081644108e-014 -0.444967191836242
  outer loop
    vertex 2.62112476475284 -0.124999999999998 0.379947815012171
    vertex 2.6256700615354 6.66133814775094e-016 0.370207048766839
    vertex 2.62567006153539 -0.124999999999999 0.370207048766841
  endloop
endfacet
facet normal -0.916301650846199 1.77851418976943e-014 -0.400488807155119
  outer loop
    vertex 2.6256700615354 6.66133814775094e-016 0.370207048766839
    vertex 2.62112476475284 -0.124999999999998 0.379947815012171
    vertex 2.62112476475285 6.66133814775094e-016 0.37994781501217
  endloop
endfacet
facet normal 0.842064194893312 9.94927499198434e-017 -0.539377318468879
  outer loop
    vertex 2.24058794131837 -0.124999999999999 0.400623632744697
    vertex 2.24660612566124 0.0 0.409530018493291
    vertex 2.24660612566124 -0.124999999999999 0.409530018493291
  endloop
endfacet
facet normal 0.814583901090246 -2.45264370629388e-015 -0.580045746544699
  outer loop
    vertex 2.24660612566124 0.0 0.409530018493291
    vertex 2.24058794131837 -0.124999999999999 0.400623632744697
    vertex 2.24058794131837 0.0 0.400623632744696
  endloop
endfacet
facet normal -0.872634640335683 2.03418298593115e-014 -0.488373611578486
  outer loop
    vertex 2.61610698623353 8.88178419700125e-016 0.389453820935708
    vertex 2.62112476475284 -0.124999999999998 0.379947815012171
    vertex 2.61610698623352 -0.124999999999999 0.38945382093571
  endloop
endfacet
facet normal -0.895546871017575 1.63817081644108e-014 -0.444967191836242
  outer loop
    vertex 2.62112476475284 -0.124999999999998 0.379947815012171
    vertex 2.61610698623353 8.88178419700125e-016 0.389453820935708
    vertex 2.62112476475285 6.66133814775094e-016 0.37994781501217
  endloop
endfacet
facet normal 0.931111462254225 1.67885912069356e-015 -0.364734759597709
  outer loop
    vertex 2.22108658976632 -0.124999999999999 0.3623769123519
    vertex 2.22525158672086 0.0 0.372286253917116
    vertex 2.22525158672086 -0.124999999999999 0.372286253917115
  endloop
endfacet
facet normal 0.912093211320232 3.96885680078112e-015 -0.409982894598722
  outer loop
    vertex 2.22525158672086 0.0 0.372286253917116
    vertex 2.22108658976632 -0.124999999999999 0.3623769123519
    vertex 2.22108658976632 -4.44089209850063e-016 0.3623769123519
  endloop
endfacet
facet normal -0.847620156371128 1.25003812369003e-014 -0.530603496514473
  outer loop
    vertex 2.61062881424536 1.11022302462516e-015 0.398702165736568
    vertex 2.61610698623352 -0.124999999999999 0.38945382093571
    vertex 2.61062881424535 -0.124999999999999 0.398702165736569
  endloop
endfacet
facet normal -0.872634640335682 2.03418298593117e-014 -0.488373611578487
  outer loop
    vertex 2.61610698623352 -0.124999999999999 0.38945382093571
    vertex 2.61062881424536 1.11022302462516e-015 0.398702165736568
    vertex 2.61610698623353 8.88178419700125e-016 0.389453820935708
  endloop
endfacet
facet normal -0.820563681207776 -4.35411873948539e-016 -0.571555111150922
  outer loop
    vertex 2.60470344618451 6.66133814775094e-016 0.407670569342057
    vertex 2.61062881424535 -0.124999999999999 0.398702165736569
    vertex 2.60470344618451 -0.124999999999999 0.407670569342059
  endloop
endfacet
facet normal -0.847620156371128 1.25003812368996e-014 -0.530603496514474
  outer loop
    vertex 2.61062881424535 -0.124999999999999 0.398702165736569
    vertex 2.60470344618451 6.66133814775094e-016 0.407670569342057
    vertex 2.61062881424536 1.11022302462516e-015 0.398702165736568
  endloop
endfacet
facet normal -0.318607946613807 -1.45836454163697e-015 -0.947886584119922
  outer loop
    vertex 2.49477514030844 8.88178419700125e-016 0.490087161922264
    vertex 2.50487691235191 -0.124999999999999 0.486413410233683
    vertex 2.49477514030843 -0.124999999999999 0.490087161922266
  endloop
endfacet
facet normal -0.364734759597348 -6.49152192495207e-015 -0.931111462254367
  outer loop
    vertex 2.50487691235191 -0.124999999999999 0.486413410233683
    vertex 2.49477514030844 8.88178419700125e-016 0.490087161922264
    vertex 2.5048769123519 8.88178419700125e-016 0.486413410233682
  endloop
endfacet
facet normal -0.4099828945984 5.61841553822666e-015 -0.912093211320376
  outer loop
    vertex 2.51478625391714 6.66133814775094e-016 0.48224841327914
    vertex 2.50487691235191 -0.124999999999999 0.486413410233683
    vertex 2.5048769123519 8.88178419700125e-016 0.486413410233682
  endloop
endfacet
facet normal -0.364734759597348 -6.49152192495207e-015 -0.931111462254367
  outer loop
    vertex 2.50487691235191 -0.124999999999999 0.486413410233683
    vertex 2.51478625391714 6.66133814775094e-016 0.48224841327914
    vertex 2.51478625391713 -0.124999999999999 0.482248413279141
  endloop
endfacet
facet normal 0.580045746544688 -1.43421861711938e-015 0.814583901090253
  outer loop
    vertex 2.29796998150671 -0.125 0.104106125661236
    vertex 2.28936962219918 -6.66133814775094e-016 0.11055407647284
    vertex 2.28936962219918 -0.125 0.11055407647284
  endloop
endfacet
facet normal 0.619316793611035 -2.09140936812699e-015 0.785141203320362
  outer loop
    vertex 2.28936962219918 -6.66133814775094e-016 0.11055407647284
    vertex 2.29796998150671 -0.125 0.104106125661236
    vertex 2.29796998150671 -2.22044604925031e-016 0.104106125661236
  endloop
endfacet
facet normal 0.580045746544688 -1.43421861711938e-015 0.814583901090253
  outer loop
    vertex 2.29796998150671 -0.125 0.104106125661236
    vertex 2.3068763672553 -2.22044604925031e-016 0.0980879413183712
    vertex 2.29796998150671 -2.22044604925031e-016 0.104106125661236
  endloop
endfacet
facet normal 0.539377318468905 -3.8938928486848e-015 0.842064194893296
  outer loop
    vertex 2.3068763672553 -2.22044604925031e-016 0.0980879413183712
    vertex 2.29796998150671 -0.125 0.104106125661236
    vertex 2.3068763672553 -0.124999999999999 0.0980879413183712
  endloop
endfacet
facet normal -0.454243344896227 2.25493810822612e-014 -0.890877647950316
  outer loop
    vertex 2.52447929253232 8.88178419700125e-016 0.477602204901117
    vertex 2.53393267681842 -0.124999999999999 0.472485978222552
    vertex 2.52447929253231 -0.124999999999999 0.477602204901118
  endloop
endfacet
facet normal -0.497409483189146 1.87529480869674e-014 -0.867515882294674
  outer loop
    vertex 2.53393267681842 -0.124999999999999 0.472485978222552
    vertex 2.52447929253232 8.88178419700125e-016 0.477602204901117
    vertex 2.53393267681843 8.88178419700125e-016 0.472485978222551
  endloop
endfacet
facet normal 0.693291909477655 1.75974922033721e-015 0.720656872757644
  outer loop
    vertex 2.27316907182439 -0.124999999999999 0.124676144866081
    vertex 2.28109600835159 -4.44089209850063e-016 0.117416260074906
    vertex 2.27316907182439 -4.44089209850063e-016 0.124676144866081
  endloop
endfacet
facet normal 0.657095852275815 1.04712567304276e-015 0.753807031621436
  outer loop
    vertex 2.28109600835159 -4.44089209850063e-016 0.117416260074906
    vertex 2.27316907182439 -0.124999999999999 0.124676144866081
    vertex 2.2810960083516 -0.124999999999999 0.117416260074906
  endloop
endfacet
facet normal 0.49740948318909 -7.69022642744399e-015 0.867515882294706
  outer loop
    vertex 2.31606732318159 -0.124999999999999 0.0925140217774588
    vertex 2.3068763672553 -2.22044604925031e-016 0.0980879413183712
    vertex 2.3068763672553 -0.124999999999999 0.0980879413183712
  endloop
endfacet
facet normal 0.539377318468905 -3.8938928486848e-015 0.842064194893296
  outer loop
    vertex 2.3068763672553 -2.22044604925031e-016 0.0980879413183712
    vertex 2.31606732318159 -0.124999999999999 0.0925140217774588
    vertex 2.31606732318159 -4.44089209850063e-016 0.0925140217774593
  endloop
endfacet
facet normal -0.4099828945984 5.61841553822666e-015 -0.912093211320376
  outer loop
    vertex 2.51478625391714 6.66133814775094e-016 0.48224841327914
    vertex 2.52447929253231 -0.124999999999999 0.477602204901118
    vertex 2.51478625391713 -0.124999999999999 0.482248413279141
  endloop
endfacet
facet normal -0.454243344896225 2.25493810822608e-014 -0.890877647950317
  outer loop
    vertex 2.52447929253231 -0.124999999999999 0.477602204901118
    vertex 2.51478625391714 6.66133814775094e-016 0.48224841327914
    vertex 2.52447929253232 8.88178419700125e-016 0.477602204901117
  endloop
endfacet
facet normal 0.488373611578539 2.35807923475447e-015 -0.872634640335653
  outer loop
    vertex 2.3180461790643 0.0 0.473606986233508
    vertex 2.30879783426344 -0.124999999999999 0.468128814245345
    vertex 2.30879783426344 0.0 0.468128814245346
  endloop
endfacet
facet normal 0.530603496514001 5.20779219935726e-015 -0.847620156371423
  outer loop
    vertex 2.30879783426344 -0.124999999999999 0.468128814245345
    vertex 2.3180461790643 0.0 0.473606986233508
    vertex 2.3180461790643 -0.124999999999999 0.473606986233507
  endloop
endfacet
facet normal -0.497409483189148 1.87529480869666e-014 -0.867515882294673
  outer loop
    vertex 2.53393267681843 8.88178419700125e-016 0.472485978222551
    vertex 2.54312363274472 -0.124999999999999 0.466912058681638
    vertex 2.53393267681842 -0.124999999999999 0.472485978222552
  endloop
endfacet
facet normal -0.539377318468808 -2.47180558947146e-015 -0.842064194893358
  outer loop
    vertex 2.54312363274472 -0.124999999999999 0.466912058681638
    vertex 2.53393267681843 8.88178419700125e-016 0.472485978222551
    vertex 2.54312363274471 6.66133814775094e-016 0.466912058681636
  endloop
endfacet
facet normal -2.71387850463927e-016 1.0 1.77635683940025e-016
  outer loop
    vertex 3.39292066925848 1.11022302462516e-015 0.173516923196307
    vertex 4.17492415190523 8.88178419700125e-016 0.174979245709348
    vertex 4.17598731955315 4.44089209850063e-016 0.171712105715147
  endloop
endfacet
facet normal -2.71387850463927e-016 1.0 1.77635683940025e-016
  outer loop
    vertex 4.17492415190523 8.88178419700125e-016 0.174979245709348
    vertex 3.39292066925848 1.11022302462516e-015 0.173516923196307
    vertex 3.39826590184804 1.11022302462516e-015 0.173742440858878
  endloop
endfacet
facet normal -2.71387850463927e-016 1.0 1.77635683940025e-016
  outer loop
    vertex 4.17492415190523 8.88178419700125e-016 0.174979245709348
    vertex 3.39826590184804 1.11022302462516e-015 0.173742440858878
    vertex 3.40359363024364 1.11022302462516e-015 0.174229965007457
  endloop
endfacet
facet normal -2.71387850463927e-016 1.0 1.77635683940025e-016
  outer loop
    vertex 4.17492415190523 8.88178419700125e-016 0.174979245709348
    vertex 3.40359363024364 1.11022302462516e-015 0.174229965007457
    vertex 3.40889101948091 8.88178419700125e-016 0.174978321153668
  endloop
endfacet
facet normal -2.71387850463927e-016 1.0 1.77635683940025e-016
  outer loop
    vertex 4.17492415190523 8.88178419700125e-016 0.174979245709348
    vertex 3.40889101948091 8.88178419700125e-016 0.174978321153668
    vertex 3.41414530768518 1.11022302462516e-015 0.175985706442007
  endloop
endfacet
facet normal -2.71387850463927e-016 1.0 1.77635683940025e-016
  outer loop
    vertex 4.17492415190523 8.88178419700125e-016 0.174979245709348
    vertex 3.41414530768518 1.11022302462516e-015 0.175985706442007
    vertex 4.17402257585051 8.88178419700125e-016 0.178294617454247
  endloop
endfacet
facet normal -2.71387850463927e-016 1.0 1.77635683940025e-016
  outer loop
    vertex 4.17402257585051 8.88178419700125e-016 0.178294617454247
    vertex 3.41414530768518 1.11022302462516e-015 0.175985706442007
    vertex 3.41934383681595 8.88178419700125e-016 0.177249693993076
  endloop
endfacet
facet normal -2.71387850463927e-016 1.0 1.77635683940025e-016
  outer loop
    vertex 4.17402257585051 8.88178419700125e-016 0.178294617454247
    vertex 3.41934383681595 8.88178419700125e-016 0.177249693993076
    vertex 3.4244740831612 1.11022302462516e-015 0.178767238750155
  endloop
endfacet
facet normal -2.71387850463927e-016 1.0 1.77635683940025e-016
  outer loop
    vertex 4.17402257585051 8.88178419700125e-016 0.178294617454247
    vertex 3.4244740831612 1.11022302462516e-015 0.178767238750155
    vertex 4.17328476336469 8.88178419700125e-016 0.181650233928916
  endloop
endfacet
facet normal -2.71387850463927e-016 1.0 1.77635683940025e-016
  outer loop
    vertex 4.17328476336469 8.88178419700125e-016 0.181650233928916
    vertex 3.4244740831612 1.11022302462516e-015 0.178767238750155
    vertex 3.42952368750813 6.66133814775094e-016 0.180534684815002
  endloop
endfacet
facet normal -2.71387850463927e-016 1.0 1.77635683940025e-016
  outer loop
    vertex 4.17328476336469 8.88178419700125e-016 0.181650233928916
    vertex 3.42952368750813 6.66133814775094e-016 0.180534684815002
    vertex 3.43448048491758 8.88178419700125e-016 0.182547774255235
  endloop
endfacet
facet normal -2.71387850463927e-016 1.0 1.77635683940025e-016
  outer loop
    vertex 4.17328476336469 8.88178419700125e-016 0.181650233928916
    vertex 3.43448048491758 8.88178419700125e-016 0.182547774255235
    vertex 4.17271249190266 6.66133814775094e-016 0.185038011159353
  endloop
endfacet
facet normal -2.71387850463927e-016 1.0 1.77635683940025e-016
  outer loop
    vertex 4.17271249190266 6.66133814775094e-016 0.185038011159353
    vertex 3.43448048491758 8.88178419700125e-016 0.182547774255235
    vertex 3.43933253403042 8.88178419700125e-016 0.184801657362069
  endloop
endfacet
facet normal -2.71387850463927e-016 1.0 1.77635683940025e-016
  outer loop
    vertex 4.17271249190266 6.66133814775094e-016 0.185038011159353
    vertex 3.43933253403042 8.88178419700125e-016 0.184801657362069
    vertex 3.44406814583535 6.66133814775094e-016 0.187290904333682
  endloop
endfacet
facet normal -2.71387850463927e-016 1.0 1.77635683940025e-016
  outer loop
    vertex 4.17271249190266 6.66133814775094e-016 0.185038011159353
    vertex 3.44406814583535 6.66133814775094e-016 0.187290904333682
    vertex 4.17230714011651 1.11022302462516e-015 0.188449787693474
  endloop
endfacet
facet normal -2.71387850463927e-016 1.0 1.77635683940025e-016
  outer loop
    vertex 4.17230714011651 1.11022302462516e-015 0.188449787693474
    vertex 3.44406814583535 6.66133814775094e-016 0.187290904333682
    vertex 3.44867591182874 8.88178419700125e-016 0.190009518356087
  endloop
endfacet
facet normal -2.71387850463927e-016 1.0 1.77635683940025e-016
  outer loop
    vertex 4.17230714011651 1.11022302462516e-015 0.188449787693474
    vertex 3.44867591182874 8.88178419700125e-016 0.190009518356087
    vertex 4.1720696845342 6.66133814775094e-016 0.191877344262772
  endloop
endfacet
facet normal -2.71387850463927e-016 1.0 1.77635683940025e-016
  outer loop
    vertex 4.1720696845342 6.66133814775094e-016 0.191877344262772
    vertex 3.44867591182874 8.88178419700125e-016 0.190009518356087
    vertex 3.45314473149873 8.88178419700125e-016 0.192950950049981
  endloop
endfacet
facet normal -2.71387850463927e-016 1.0 1.77635683940025e-016
  outer loop
    vertex 4.1720696845342 6.66133814775094e-016 0.191877344262772
    vertex 3.45314473149873 8.88178419700125e-016 0.192950950049981
    vertex 4.17200069720701 4.44089209850063e-016 0.195312423583253
  endloop
endfacet
facet normal -2.71387850463927e-016 1.0 1.77635683940025e-016
  outer loop
    vertex 4.17200069720701 4.44089209850063e-016 0.195312423583253
    vertex 3.45314473149873 8.88178419700125e-016 0.192950950049981
    vertex 3.4574638390673 1.11022302462516e-015 0.196108113248776
  endloop
endfacet
facet normal -2.71387850463927e-016 1.0 1.77635683940025e-016
  outer loop
    vertex 4.17200069720701 4.44089209850063e-016 0.195312423583253
    vertex 3.4574638390673 1.11022302462516e-015 0.196108113248776
    vertex 4.17210034433147 1.11022302462516e-015 0.198746750247957
  endloop
endfacet
facet normal -2.71387850463927e-016 1.0 1.77635683940025e-016
  outer loop
    vertex 4.17210034433147 1.11022302462516e-015 0.198746750247957
    vertex 3.4574638390673 1.11022302462516e-015 0.196108113248776
    vertex 3.46162282942601 1.11022302462516e-015 0.19947340206979
  endloop
endfacet
facet normal -2.71387850463927e-016 1.0 1.77635683940025e-016
  outer loop
    vertex 4.17210034433147 1.11022302462516e-015 0.198746750247957
    vertex 3.46162282942601 1.11022302462516e-015 0.19947340206979
    vertex 4.17236838584892 8.88178419700125e-016 0.202172050663138
  endloop
endfacet
facet normal -2.71387850463927e-016 1.0 1.77635683940025e-016
  outer loop
    vertex 4.17236838584892 8.88178419700125e-016 0.202172050663138
    vertex 3.46162282942601 1.11022302462516e-015 0.19947340206979
    vertex 3.4656116832028 1.11022302462516e-015 0.203038709237488
  endloop
endfacet
facet normal -2.71387850463927e-016 1.0 1.77635683940025e-016
  outer loop
    vertex 4.17236838584892 8.88178419700125e-016 0.202172050663138
    vertex 3.4656116832028 1.11022302462516e-015 0.203038709237488
    vertex 4.17280417602387 6.66133814775094e-016 0.205580072980073
  endloop
endfacet
facet normal -2.71387850463927e-016 1.0 1.77635683940025e-016
  outer loop
    vertex 4.17280417602387 6.66133814775094e-016 0.205580072980073
    vertex 3.4656116832028 1.11022302462516e-015 0.203038709237488
    vertex 3.46942079089955 1.11022302462516e-015 0.20679544561462
  endloop
endfacet
facet normal -2.71387850463927e-016 1.0 1.77635683940025e-016
  outer loop
    vertex 4.17280417602387 6.66133814775094e-016 0.205580072980073
    vertex 3.46942079089955 1.11022302462516e-015 0.20679544561462
    vertex 4.17340666499961 4.44089209850063e-016 0.208962606974494
  endloop
endfacet
facet normal -2.71387850463927e-016 1.0 1.77635683940025e-016
  outer loop
    vertex 4.17340666499961 4.44089209850063e-016 0.208962606974494
    vertex 3.46942079089955 1.11022302462516e-015 0.20679544561462
    vertex 3.47304097604217 6.66133814775094e-016 0.210734560894204
  endloop
endfacet
facet normal -2.71387850463927e-016 1.0 1.77635683940025e-016
  outer loop
    vertex 4.17340666499961 4.44089209850063e-016 0.208962606974494
    vertex 3.47304097604217 6.66133814775094e-016 0.210734560894204
    vertex 4.17417440132744 4.44089209850063e-016 0.212311503825734
  endloop
endfacet
facet normal -2.71387850463927e-016 1.0 1.77635683940025e-016
  outer loop
    vertex 4.17417440132744 4.44089209850063e-016 0.212311503825734
    vertex 3.47304097604217 6.66133814775094e-016 0.210734560894204
    vertex 3.47646351728757 8.88178419700125e-016 0.214846565402502
  endloop
endfacet
facet normal -2.71387850463927e-016 1.0 1.77635683940025e-016
  outer loop
    vertex 4.17417440132744 4.44089209850063e-016 0.212311503825734
    vertex 3.47646351728757 8.88178419700125e-016 0.214846565402502
    vertex 4.17510553546329 4.44089209850063e-016 0.215618695747949
  endloop
endfacet
facet normal -2.71387850463927e-016 1.0 1.77635683940025e-016
  outer loop
    vertex 4.17510553546329 4.44089209850063e-016 0.215618695747949
    vertex 3.47646351728757 8.88178419700125e-016 0.214846565402502
    vertex 3.47968016943409 6.66133814775094e-016 0.219121552960487
  endloop
endfacet
facet normal -2.71387850463927e-016 1.0 1.77635683940025e-016
  outer loop
    vertex 4.17510553546329 4.44089209850063e-016 0.215618695747949
    vertex 3.47968016943409 6.66133814775094e-016 0.219121552960487
    vertex 4.17619782422347 4.44089209850063e-016 0.218876215426123
  endloop
endfacet
facet normal -2.71387850463927e-016 1.0 1.77635683940025e-016
  outer loop
    vertex 4.17619782422347 4.44089209850063e-016 0.218876215426123
    vertex 3.47968016943409 6.66133814775094e-016 0.219121552960487
    vertex 4.17744863618869 6.66133814775094e-016 0.222076215210025
  endloop
endfacet
facet normal -2.71387850463927e-016 1.0 1.77635683940025e-016
  outer loop
    vertex 4.17744863618869 6.66133814775094e-016 0.222076215210025
    vertex 3.47968016943409 6.66133814775094e-016 0.219121552960487
    vertex 3.48268318328499 8.88178419700125e-016 0.223549224748687
  endloop
endfacet
facet normal -2.71387850463927e-016 1.0 1.77635683940025e-016
  outer loop
    vertex 4.17744863618869 6.66133814775094e-016 0.222076215210025
    vertex 3.48268318328499 8.88178419700125e-016 0.223549224748687
    vertex 4.17885495804336 8.88178419700125e-016 0.225210986019891
  endloop
endfacet
facet normal -2.71387850463927e-016 1.0 1.77635683940025e-016
  outer loop
    vertex 4.17885495804336 8.88178419700125e-016 0.225210986019891
    vertex 3.48268318328499 8.88178419700125e-016 0.223549224748687
    vertex 3.48546532431686 6.66133814775094e-016 0.228118914117945
  endloop
endfacet
facet normal -2.71387850463927e-016 1.0 1.77635683940025e-016
  outer loop
    vertex 4.17885495804336 8.88178419700125e-016 0.225210986019891
    vertex 3.48546532431686 6.66133814775094e-016 0.228118914117945
    vertex 4.18041340183496 6.66133814775094e-016 0.228272975918265
  endloop
endfacet
facet normal -2.71387850463927e-016 1.0 1.77635683940025e-016
  outer loop
    vertex 4.18041340183496 6.66133814775094e-016 0.228272975918265
    vertex 3.48546532431686 6.66133814775094e-016 0.228118914117945
    vertex 3.48801989010825 1.11022302462516e-015 0.232819612286314
  endloop
endfacet
facet normal -2.71387850463927e-016 1.0 1.77635683940025e-016
  outer loop
    vertex 4.18041340183496 6.66133814775094e-016 0.228272975918265
    vertex 3.48801989010825 1.11022302462516e-015 0.232819612286314
    vertex 4.18212021313588 8.88178419700125e-016 0.231254808303283
  endloop
endfacet
facet normal -2.71387850463927e-016 1.0 1.77635683940025e-016
  outer loop
    vertex 4.18212021313588 8.88178419700125e-016 0.231254808303283
    vertex 3.48801989010825 1.11022302462516e-015 0.232819612286314
    vertex 4.18397128008821 6.66133814775094e-016 0.234149299679552
  endloop
endfacet
facet normal -2.71387850463927e-016 1.0 1.77635683940025e-016
  outer loop
    vertex 4.18397128008821 6.66133814775094e-016 0.234149299679552
    vertex 3.48801989010825 1.11022302462516e-015 0.232819612286314
    vertex 3.49034072648645 8.88178419700125e-016 0.237639994860173
  endloop
endfacet
facet normal -2.71387850463927e-016 1.0 1.77635683940025e-016
  outer loop
    vertex 4.18397128008821 6.66133814775094e-016 0.234149299679552
    vertex 3.49034072648645 8.88178419700125e-016 0.237639994860173
    vertex 4.18596214330953 8.88178419700125e-016 0.23694947696382
  endloop
endfacet
facet normal -2.71387850463927e-016 1.0 1.77635683940025e-016
  outer loop
    vertex 4.18596214330953 8.88178419700125e-016 0.23694947696382
    vertex 3.49034072648645 8.88178419700125e-016 0.237639994860173
    vertex 4.18808800663595 8.88178419700125e-016 0.239648594283742
  endloop
endfacet
facet normal -2.71387850463927e-016 1.0 1.77635683940025e-016
  outer loop
    vertex 4.18808800663595 8.88178419700125e-016 0.239648594283742
    vertex 3.49034072648645 8.88178419700125e-016 0.237639994860173
    vertex 3.49242224235331 8.88178419700125e-016 0.242568449115686
  endloop
endfacet
facet normal -2.71387850463927e-016 1.0 1.77635683940025e-016
  outer loop
    vertex 4.18808800663595 8.88178419700125e-016 0.239648594283742
    vertex 3.49242224235331 8.88178419700125e-016 0.242568449115686
    vertex 4.19034374867651 4.44089209850063e-016 0.242240149229279
  endloop
endfacet
facet normal -2.71387850463927e-016 1.0 1.77635683940025e-016
  outer loop
    vertex 4.19034374867651 4.44089209850063e-016 0.242240149229279
    vertex 3.49242224235331 8.88178419700125e-016 0.242568449115686
    vertex 4.19272393515107 2.22044604925031e-016 0.244717898517574
  endloop
endfacet
facet normal -2.71387850463927e-016 1.0 1.77635683940025e-016
  outer loop
    vertex 4.19272393515107 2.22044604925031e-016 0.244717898517574
    vertex 3.49242224235331 8.88178419700125e-016 0.242568449115686
    vertex 3.49425942315481 8.88178419700125e-016 0.24759310197487
  endloop
endfacet
facet normal -2.71387850463927e-016 1.0 1.77635683940025e-016
  outer loop
    vertex 4.19272393515107 2.22044604925031e-016 0.244717898517574
    vertex 3.49425942315481 8.88178419700125e-016 0.24759310197487
    vertex 4.19522283198192 8.88178419700125e-016 0.247075873033567
  endloop
endfacet
facet normal -2.71387850463927e-016 1.0 1.77635683940025e-016
  outer loop
    vertex 4.19522283198192 8.88178419700125e-016 0.247075873033567
    vertex 3.49425942315481 8.88178419700125e-016 0.24759310197487
    vertex 4.19783441910772 8.88178419700125e-016 0.249308392210114
  endloop
endfacet
facet normal -2.71387850463927e-016 1.0 1.77635683940025e-016
  outer loop
    vertex 4.19783441910772 8.88178419700125e-016 0.249308392210114
    vertex 3.49425942315481 8.88178419700125e-016 0.24759310197487
    vertex 3.49584784296146 8.88178419700125e-016 0.25270184860888
  endloop
endfacet
facet normal -2.71387850463927e-016 1.0 1.77635683940025e-016
  outer loop
    vertex 4.19783441910772 8.88178419700125e-016 0.249308392210114
    vertex 3.49584784296146 8.88178419700125e-016 0.25270184860888
    vertex 4.20055240498634 8.88178419700125e-016 0.251410077712974
  endloop
endfacet
facet normal -2.71387850463927e-016 1.0 1.77635683940025e-016
  outer loop
    vertex 4.20055240498634 8.88178419700125e-016 0.251410077712974
    vertex 3.49584784296146 8.88178419700125e-016 0.25270184860888
    vertex 4.20337024175173 2.22044604925031e-016 0.253375866397684
  endloop
endfacet
facet normal -2.71387850463927e-016 1.0 1.77635683940025e-016
  outer loop
    vertex 4.20337024175173 2.22044604925031e-016 0.253375866397684
    vertex 3.49584784296146 8.88178419700125e-016 0.25270184860888
    vertex 3.49718367513084 1.33226762955019e-015 0.257882381599601
  endloop
endfacet
facet normal -2.71387850463927e-016 1.0 1.77635683940025e-016
  outer loop
    vertex 4.20337024175173 2.22044604925031e-016 0.253375866397684
    vertex 3.49718367513084 1.33226762955019e-015 0.257882381599601
    vertex 4.20628114098831 6.66133814775094e-016 0.25520102250712
  endloop
endfacet
facet normal -2.71387850463927e-016 1.0 1.77635683940025e-016
  outer loop
    vertex 4.20628114098831 6.66133814775094e-016 0.25520102250712
    vertex 3.49718367513084 1.33226762955019e-015 0.257882381599601
    vertex 4.20927809008484 8.88178419700125e-016 0.256881149080349
  endloop
endfacet
facet normal -2.71387850463927e-016 1.0 1.77635683940025e-016
  outer loop
    vertex 4.20927809008484 8.88178419700125e-016 0.256881149080349
    vertex 3.49718367513084 1.33226762955019e-015 0.257882381599601
    vertex 4.21235386912847 1.55431223447522e-015 0.258412198545296
  endloop
endfacet
facet normal -2.71387850463927e-016 1.0 1.77635683940025e-016
  outer loop
    vertex 4.21235386912847 1.55431223447522e-015 0.258412198545296
    vertex 3.49718367513084 1.33226762955019e-015 0.257882381599601
    vertex 3.49826370152624 1.33226762955019e-015 0.263122220589297
  endloop
endfacet
facet normal -2.71387850463927e-016 1.0 1.77635683940025e-016
  outer loop
    vertex 4.21235386912847 1.55431223447522e-015 0.258412198545296
    vertex 3.49826370152624 1.33226762955019e-015 0.263122220589297
    vertex 4.21550106829806 1.33226762955019e-015 0.259790482469694
  endloop
endfacet
facet normal -2.71387850463927e-016 1.0 1.77635683940025e-016
  outer loop
    vertex 4.21550106829806 1.33226762955019e-015 0.259790482469694
    vertex 3.49826370152624 1.33226762955019e-015 0.263122220589297
    vertex 4.21871210571515 1.11022302462516e-015 0.261012680446847
  endloop
endfacet
facet normal -2.71387850463927e-016 1.0 1.77635683940025e-016
  outer loop
    vertex 4.21871210571515 1.11022302462516e-015 0.261012680446847
    vertex 3.49826370152624 1.33226762955019e-015 0.263122220589297
    vertex 4.22197924570935 1.11022302462516e-015 0.262075848094775
  endloop
endfacet
facet normal -2.71387850463927e-016 1.0 1.77635683940025e-016
  outer loop
    vertex 4.22197924570935 1.11022302462516e-015 0.262075848094775
    vertex 3.49826370152624 1.33226762955019e-015 0.263122220589297
    vertex 4.22529461745425 1.11022302462516e-015 0.262977424149492
  endloop
endfacet
facet normal -2.71387850463927e-016 1.0 1.77635683940025e-016
  outer loop
    vertex 4.22529461745425 1.11022302462516e-015 0.262977424149492
    vertex 3.49826370152624 1.33226762955019e-015 0.263122220589297
    vertex 4.22865023392892 6.66133814775094e-016 0.263715236635315
  endloop
endfacet
facet normal -2.71387850463927e-016 1.0 1.77635683940025e-016
  outer loop
    vertex 4.22865023392892 6.66133814775094e-016 0.263715236635315
    vertex 3.49826370152624 1.33226762955019e-015 0.263122220589297
    vertex 3.49908532026947 1.77635683940025e-015 0.268408742346886
  endloop
endfacet
facet normal -2.71387850463927e-016 1.0 1.77635683940025e-016
  outer loop
    vertex 4.22865023392892 6.66133814775094e-016 0.263715236635315
    vertex 3.49908532026947 1.77635683940025e-015 0.268408742346886
    vertex 4.23203801115935 1.11022302462516e-015 0.264287508097339
  endloop
endfacet
facet normal -2.71387850463927e-016 1.0 1.77635683940025e-016
  outer loop
    vertex 4.23203801115935 1.11022302462516e-015 0.264287508097339
    vertex 3.49908532026947 1.77635683940025e-015 0.268408742346886
    vertex 4.23544978769347 1.11022302462516e-015 0.264692859883488
  endloop
endfacet
facet normal -2.71387850463927e-016 1.0 1.77635683940025e-016
  outer loop
    vertex 4.23544978769347 1.11022302462516e-015 0.264692859883488
    vertex 3.49908532026947 1.77635683940025e-015 0.268408742346886
    vertex 4.23887734426277 8.88178419700125e-016 0.264930315465803
  endloop
endfacet
facet normal -2.71387850463927e-016 1.0 1.77635683940025e-016
  outer loop
    vertex 4.23887734426277 8.88178419700125e-016 0.264930315465803
    vertex 3.49908532026947 1.77635683940025e-015 0.268408742346886
    vertex 4.24231242358325 1.11022302462516e-015 0.264999302792989
  endloop
endfacet
facet normal -2.71387850463927e-016 1.0 1.77635683940025e-016
  outer loop
    vertex 2.58282385513394 4.44089209850063e-016 0.130669071824389
    vertex 4.24168757641675 8.88178419700125e-016 0.125000697207011
    vertex 2.575183758852 8.88178419700125e-016 0.123107909301978
  endloop
endfacet
facet normal -2.71387850463927e-016 1.0 1.77635683940025e-016
  outer loop
    vertex 4.24168757641675 8.88178419700125e-016 0.125000697207011
    vertex 2.58282385513394 4.44089209850063e-016 0.130669071824389
    vertex 4.23825324975204 6.66133814775094e-016 0.125100344331467
  endloop
endfacet
facet normal -2.71387850463927e-016 1.0 1.77635683940025e-016
  outer loop
    vertex 4.23825324975204 6.66133814775094e-016 0.125100344331467
    vertex 2.58282385513394 4.44089209850063e-016 0.130669071824389
    vertex 4.23482794933686 8.88178419700125e-016 0.125368385848917
  endloop
endfacet
facet normal -2.71387850463927e-016 1.0 1.77635683940025e-016
  outer loop
    vertex 4.23482794933686 8.88178419700125e-016 0.125368385848917
    vertex 2.58282385513394 4.44089209850063e-016 0.130669071824389
    vertex 4.23141992701993 4.44089209850063e-016 0.125804176023864
  endloop
endfacet
facet normal -2.71387850463927e-016 1.0 1.77635683940025e-016
  outer loop
    vertex 4.23141992701993 4.44089209850063e-016 0.125804176023864
    vertex 2.58282385513394 4.44089209850063e-016 0.130669071824389
    vertex 4.22803739302551 8.88178419700125e-016 0.126406664999609
  endloop
endfacet
facet normal -2.71387850463927e-016 1.0 1.77635683940025e-016
  outer loop
    vertex 4.22803739302551 8.88178419700125e-016 0.126406664999609
    vertex 2.58282385513394 4.44089209850063e-016 0.130669071824389
    vertex 4.22468849617427 8.88178419700125e-016 0.127174401327437
  endloop
endfacet
facet normal -2.71387850463927e-016 1.0 1.77635683940025e-016
  outer loop
    vertex 4.22468849617427 8.88178419700125e-016 0.127174401327437
    vertex 2.58282385513394 4.44089209850063e-016 0.130669071824389
    vertex 4.22138130425205 1.11022302462516e-015 0.128105535463287
  endloop
endfacet
facet normal -2.71387850463927e-016 1.0 1.77635683940025e-016
  outer loop
    vertex 4.22138130425205 1.11022302462516e-015 0.128105535463287
    vertex 2.58282385513394 4.44089209850063e-016 0.130669071824389
    vertex 4.21812378457388 6.66133814775094e-016 0.12919782422347
  endloop
endfacet
facet normal -2.71387850463927e-016 1.0 1.77635683940025e-016
  outer loop
    vertex 4.21812378457388 6.66133814775094e-016 0.12919782422347
    vertex 2.58282385513394 4.44089209850063e-016 0.130669071824389
    vertex 4.21492378478998 8.88178419700125e-016 0.130448636188688
  endloop
endfacet
facet normal -2.71387850463927e-016 1.0 1.77635683940025e-016
  outer loop
    vertex 4.21492378478998 8.88178419700125e-016 0.130448636188688
    vertex 2.58282385513394 4.44089209850063e-016 0.130669071824389
    vertex 4.21178901398011 1.11022302462516e-015 0.131854958043359
  endloop
endfacet
facet normal -2.71387850463927e-016 1.0 1.77635683940025e-016
  outer loop
    vertex 4.21178901398011 1.11022302462516e-015 0.131854958043359
    vertex 2.58282385513394 4.44089209850063e-016 0.130669071824389
    vertex 2.59008373992511 4.44089209850063e-016 0.138596008351595
  endloop
endfacet
facet normal -2.71387850463927e-016 1.0 1.77635683940025e-016
  outer loop
    vertex 4.21178901398011 1.11022302462516e-015 0.131854958043359
    vertex 2.59008373992511 4.44089209850063e-016 0.138596008351595
    vertex 4.20872702408174 4.44089209850063e-016 0.133413401834956
  endloop
endfacet
facet normal -2.71387850463927e-016 1.0 1.77635683940025e-016
  outer loop
    vertex 4.20872702408174 4.44089209850063e-016 0.133413401834956
    vertex 2.59008373992511 4.44089209850063e-016 0.138596008351595
    vertex 4.20574519169672 6.66133814775094e-016 0.135120213135882
  endloop
endfacet
facet normal -2.71387850463927e-016 1.0 1.77635683940025e-016
  outer loop
    vertex 4.20574519169672 6.66133814775094e-016 0.135120213135882
    vertex 2.59008373992511 4.44089209850063e-016 0.138596008351595
    vertex 4.20285070032045 4.44089209850063e-016 0.136971280088213
  endloop
endfacet
facet normal -2.71387850463927e-016 1.0 1.77635683940025e-016
  outer loop
    vertex 4.20285070032045 4.44089209850063e-016 0.136971280088213
    vertex 2.59008373992511 4.44089209850063e-016 0.138596008351595
    vertex 4.20005052303618 6.66133814775094e-016 0.138962143309527
  endloop
endfacet
facet normal -2.71387850463927e-016 1.0 1.77635683940025e-016
  outer loop
    vertex 4.20005052303618 6.66133814775094e-016 0.138962143309527
    vertex 2.59008373992511 4.44089209850063e-016 0.138596008351595
    vertex 2.59694592352717 2.22044604925031e-016 0.146869622199183
  endloop
endfacet
facet normal -2.71387850463927e-016 1.0 1.77635683940025e-016
  outer loop
    vertex 4.20005052303618 6.66133814775094e-016 0.138962143309527
    vertex 2.59694592352717 2.22044604925031e-016 0.146869622199183
    vertex 4.19735140571626 4.44089209850063e-016 0.141088006635946
  endloop
endfacet
facet normal -2.71387850463927e-016 1.0 1.77635683940025e-016
  outer loop
    vertex 4.19735140571626 4.44089209850063e-016 0.141088006635946
    vertex 2.59694592352717 2.22044604925031e-016 0.146869622199183
    vertex 4.19475985077072 6.66133814775094e-016 0.143343748676511
  endloop
endfacet
facet normal -2.71387850463927e-016 1.0 1.77635683940025e-016
  outer loop
    vertex 4.19475985077072 6.66133814775094e-016 0.143343748676511
    vertex 2.59694592352717 2.22044604925031e-016 0.146869622199183
    vertex 4.19228210148243 1.11022302462516e-015 0.145723935151067
  endloop
endfacet
facet normal -2.71387850463927e-016 1.0 1.77635683940025e-016
  outer loop
    vertex 4.19228210148243 1.11022302462516e-015 0.145723935151067
    vertex 2.59694592352717 2.22044604925031e-016 0.146869622199183
    vertex 4.18992412696643 8.88178419700125e-016 0.148222831981919
  endloop
endfacet
facet normal -2.71387850463927e-016 1.0 1.77635683940025e-016
  outer loop
    vertex 4.18992412696643 8.88178419700125e-016 0.148222831981919
    vertex 2.59694592352717 2.22044604925031e-016 0.146869622199183
    vertex 2.60339387433878 8.88178419700125e-016 0.15546998150671
  endloop
endfacet
facet normal -2.71387850463927e-016 1.0 1.77635683940025e-016
  outer loop
    vertex 4.18992412696643 8.88178419700125e-016 0.148222831981919
    vertex 2.60339387433878 8.88178419700125e-016 0.15546998150671
    vertex 4.18769160778989 8.88178419700125e-016 0.150834419107721
  endloop
endfacet
facet normal -2.71387850463927e-016 1.0 1.77635683940025e-016
  outer loop
    vertex 4.18769160778989 8.88178419700125e-016 0.150834419107721
    vertex 2.60339387433878 8.88178419700125e-016 0.15546998150671
    vertex 4.18558992228703 1.33226762955019e-015 0.153552404986342
  endloop
endfacet
facet normal -2.71387850463927e-016 1.0 1.77635683940025e-016
  outer loop
    vertex 4.18558992228703 1.33226762955019e-015 0.153552404986342
    vertex 2.60339387433878 8.88178419700125e-016 0.15546998150671
    vertex 4.18362413360232 6.66133814775094e-016 0.156370241751731
  endloop
endfacet
facet normal -2.71387850463927e-016 1.0 1.77635683940025e-016
  outer loop
    vertex 4.18362413360232 6.66133814775094e-016 0.156370241751731
    vertex 2.60339387433878 8.88178419700125e-016 0.15546998150671
    vertex 2.60941205868165 4.44089209850063e-016 0.164376367255307
  endloop
endfacet
facet normal -2.71387850463927e-016 1.0 1.77635683940025e-016
  outer loop
    vertex 4.18362413360232 6.66133814775094e-016 0.156370241751731
    vertex 2.60941205868165 4.44089209850063e-016 0.164376367255307
    vertex 4.18179897749288 6.66133814775094e-016 0.159281140988307
  endloop
endfacet
facet normal -2.71387850463927e-016 1.0 1.77635683940025e-016
  outer loop
    vertex 4.18179897749288 6.66133814775094e-016 0.159281140988307
    vertex 2.60941205868165 4.44089209850063e-016 0.164376367255307
    vertex 4.18011885091965 4.44089209850063e-016 0.162278090084844
  endloop
endfacet
facet normal -2.71387850463927e-016 1.0 1.77635683940025e-016
  outer loop
    vertex 4.18011885091965 4.44089209850063e-016 0.162278090084844
    vertex 2.60941205868165 4.44089209850063e-016 0.164376367255307
    vertex 4.1785878014547 8.88178419700125e-016 0.165353869128469
  endloop
endfacet
facet normal -2.71387850463927e-016 1.0 1.77635683940025e-016
  outer loop
    vertex 4.1785878014547 8.88178419700125e-016 0.165353869128469
    vertex 2.60941205868165 4.44089209850063e-016 0.164376367255307
    vertex 2.61498597822255 6.66133814775094e-016 0.17356732318159
  endloop
endfacet
facet normal -2.71387850463927e-016 1.0 1.77635683940025e-016
  outer loop
    vertex 4.1785878014547 8.88178419700125e-016 0.165353869128469
    vertex 2.61498597822255 6.66133814775094e-016 0.17356732318159
    vertex 4.17720951753031 4.44089209850063e-016 0.168501068298057
  endloop
endfacet
facet normal -2.71387850463927e-016 1.0 1.77635683940025e-016
  outer loop
    vertex 4.17720951753031 4.44089209850063e-016 0.168501068298057
    vertex 2.61498597822255 6.66133814775094e-016 0.17356732318159
    vertex 4.17598731955315 4.44089209850063e-016 0.171712105715147
  endloop
endfacet
facet normal -2.71387850463927e-016 1.0 1.77635683940025e-016
  outer loop
    vertex 4.17598731955315 4.44089209850063e-016 0.171712105715147
    vertex 2.61498597822255 6.66133814775094e-016 0.17356732318159
    vertex 3.39292066925848 1.11022302462516e-015 0.173516923196307
  endloop
endfacet
facet normal -2.71387850463927e-016 1.0 1.77635683940025e-016
  outer loop
    vertex 3.39292066925848 1.11022302462516e-015 0.173516923196307
    vertex 2.61498597822255 6.66133814775094e-016 0.17356732318159
    vertex 3.38757080960844 1.33226762955019e-015 0.173553955311547
  endloop
endfacet
facet normal -2.71387850463927e-016 1.0 1.77635683940025e-016
  outer loop
    vertex 3.38757080960844 1.33226762955019e-015 0.173553955311547
    vertex 2.61498597822255 6.66133814775094e-016 0.17356732318159
    vertex 3.38222921117841 8.88178419700125e-016 0.173853447990988
  endloop
endfacet
facet normal -2.71387850463927e-016 1.0 1.77635683940025e-016
  outer loop
    vertex 3.38222921117841 8.88178419700125e-016 0.173853447990988
    vertex 2.61498597822255 6.66133814775094e-016 0.17356732318159
    vertex 2.62010220490112 8.88178419700125e-016 0.183020707467706
  endloop
endfacet
facet normal -2.71387850463927e-016 1.0 1.77635683940025e-016
  outer loop
    vertex 3.38222921117841 8.88178419700125e-016 0.173853447990988
    vertex 2.62010220490112 8.88178419700125e-016 0.183020707467706
    vertex 3.37690874234689 6.66133814775094e-016 0.174414679730532
  endloop
endfacet
facet normal -2.71387850463927e-016 1.0 1.77635683940025e-016
  outer loop
    vertex 3.37690874234689 6.66133814775094e-016 0.174414679730532
    vertex 2.62010220490112 8.88178419700125e-016 0.183020707467706
    vertex 3.3716222205893 4.44089209850063e-016 0.175236298473761
  endloop
endfacet
facet normal -2.71387850463927e-016 1.0 1.77635683940025e-016
  outer loop
    vertex 3.3716222205893 4.44089209850063e-016 0.175236298473761
    vertex 2.62010220490112 8.88178419700125e-016 0.183020707467706
    vertex 3.3663823815996 8.88178419700125e-016 0.176316324869158
  endloop
endfacet
facet normal -2.71387850463927e-016 1.0 1.77635683940025e-016
  outer loop
    vertex 3.3663823815996 8.88178419700125e-016 0.176316324869158
    vertex 2.62010220490112 8.88178419700125e-016 0.183020707467706
    vertex 3.36120184860888 8.88178419700125e-016 0.177652157038536
  endloop
endfacet
facet normal -2.71387850463927e-016 1.0 1.77635683940025e-016
  outer loop
    vertex 3.36120184860888 8.88178419700125e-016 0.177652157038536
    vertex 2.62010220490112 8.88178419700125e-016 0.183020707467706
    vertex 3.35609310197487 1.11022302462516e-015 0.179240576845195
  endloop
endfacet
facet normal -2.71387850463927e-016 1.0 1.77635683940025e-016
  outer loop
    vertex 3.35609310197487 1.11022302462516e-015 0.179240576845195
    vertex 2.62010220490112 8.88178419700125e-016 0.183020707467706
    vertex 3.35106844911569 1.11022302462516e-015 0.181077757646691
  endloop
endfacet
facet normal -2.71387850463927e-016 1.0 1.77635683940025e-016
  outer loop
    vertex 3.35106844911569 1.11022302462516e-015 0.181077757646691
    vertex 2.62010220490112 8.88178419700125e-016 0.183020707467706
    vertex 3.34613999486017 8.88178419700125e-016 0.183159273513555
  endloop
endfacet
facet normal -2.71387850463927e-016 1.0 1.77635683940025e-016
  outer loop
    vertex 3.34613999486017 8.88178419700125e-016 0.183159273513555
    vertex 2.62010220490112 8.88178419700125e-016 0.183020707467706
    vertex 2.62474841327915 6.66133814775094e-016 0.192713746082888
  endloop
endfacet
facet normal -2.71387850463927e-016 1.0 1.77635683940025e-016
  outer loop
    vertex 3.34613999486017 8.88178419700125e-016 0.183159273513555
    vertex 2.62474841327915 6.66133814775094e-016 0.192713746082888
    vertex 3.34131961228631 1.11022302462516e-015 0.185480109891745
  endloop
endfacet
facet normal -2.71387850463927e-016 1.0 1.77635683940025e-016
  outer loop
    vertex 3.34131961228631 1.11022302462516e-015 0.185480109891745
    vertex 2.62474841327915 6.66133814775094e-016 0.192713746082888
    vertex 3.33661891411795 8.88178419700125e-016 0.188034675683145
  endloop
endfacet
facet normal -2.71387850463927e-016 1.0 1.77635683940025e-016
  outer loop
    vertex 3.33661891411795 8.88178419700125e-016 0.188034675683145
    vertex 2.62474841327915 6.66133814775094e-016 0.192713746082888
    vertex 3.33204922474869 1.11022302462516e-015 0.19081681671501
  endloop
endfacet
facet normal -2.71387850463927e-016 1.0 1.77635683940025e-016
  outer loop
    vertex 3.33204922474869 1.11022302462516e-015 0.19081681671501
    vertex 2.62474841327915 6.66133814775094e-016 0.192713746082888
    vertex 3.32762155296049 6.66133814775094e-016 0.193819830565906
  endloop
endfacet
facet normal -2.71387850463927e-016 1.0 1.77635683940025e-016
  outer loop
    vertex 3.32762155296049 6.66133814775094e-016 0.193819830565906
    vertex 2.62474841327915 6.66133814775094e-016 0.192713746082888
    vertex 2.62891341023369 2.22044604925031e-016 0.202623087648104
  endloop
endfacet
facet normal -2.71387850463927e-016 1.0 1.77635683940025e-016
  outer loop
    vertex 3.32762155296049 6.66133814775094e-016 0.193819830565906
    vertex 2.62891341023369 2.22044604925031e-016 0.202623087648104
    vertex 3.3233465654025 8.88178419700125e-016 0.197036482712435
  endloop
endfacet
facet normal -2.71387850463927e-016 1.0 1.77635683940025e-016
  outer loop
    vertex 3.3233465654025 8.88178419700125e-016 0.197036482712435
    vertex 2.62891341023369 2.22044604925031e-016 0.202623087648104
    vertex 3.3192345608942 8.88178419700125e-016 0.200459023957829
  endloop
endfacet
facet normal -2.71387850463927e-016 1.0 1.77635683940025e-016
  outer loop
    vertex 3.3192345608942 8.88178419700125e-016 0.200459023957829
    vertex 2.62891341023369 2.22044604925031e-016 0.202623087648104
    vertex 3.31529544561462 1.11022302462516e-015 0.20407920910045
  endloop
endfacet
facet normal -2.71387850463927e-016 1.0 1.77635683940025e-016
  outer loop
    vertex 3.31529544561462 1.11022302462516e-015 0.20407920910045
    vertex 2.62891341023369 2.22044604925031e-016 0.202623087648104
    vertex 2.63258716192228 8.88178419700125e-016 0.212724859691566
  endloop
endfacet
facet normal -2.71387850463927e-016 1.0 1.77635683940025e-016
  outer loop
    vertex 3.31529544561462 1.11022302462516e-015 0.20407920910045
    vertex 2.63258716192228 8.88178419700125e-016 0.212724859691566
    vertex 3.31153870923749 6.66133814775094e-016 0.207888316797197
  endloop
endfacet
facet normal -2.71387850463927e-016 1.0 1.77635683940025e-016
  outer loop
    vertex 3.31153870923749 6.66133814775094e-016 0.207888316797197
    vertex 2.63258716192228 8.88178419700125e-016 0.212724859691566
    vertex 3.30797340206979 8.88178419700125e-016 0.211877170573992
  endloop
endfacet
facet normal -2.71387850463927e-016 1.0 1.77635683940025e-016
  outer loop
    vertex 3.30797340206979 8.88178419700125e-016 0.211877170573992
    vertex 2.63258716192228 8.88178419700125e-016 0.212724859691566
    vertex 3.30460811324878 6.66133814775094e-016 0.216036160932704
  endloop
endfacet
facet normal -2.71387850463927e-016 1.0 1.77635683940025e-016
  outer loop
    vertex 3.30460811324878 6.66133814775094e-016 0.216036160932704
    vertex 2.63258716192228 8.88178419700125e-016 0.212724859691566
    vertex 2.6357608179553 6.66133814775094e-016 0.222994726159614
  endloop
endfacet
facet normal -2.71387850463927e-016 1.0 1.77635683940025e-016
  outer loop
    vertex 3.30460811324878 6.66133814775094e-016 0.216036160932704
    vertex 2.6357608179553 6.66133814775094e-016 0.222994726159614
    vertex 3.30145095004998 8.88178419700125e-016 0.220355268501273
  endloop
endfacet
facet normal -2.71387850463927e-016 1.0 1.77635683940025e-016
  outer loop
    vertex 3.30145095004998 8.88178419700125e-016 0.220355268501273
    vertex 2.6357608179553 6.66133814775094e-016 0.222994726159614
    vertex 3.29850951835609 8.88178419700125e-016 0.224824088171258
  endloop
endfacet
facet normal -2.71387850463927e-016 1.0 1.77635683940025e-016
  outer loop
    vertex 3.29850951835609 8.88178419700125e-016 0.224824088171258
    vertex 2.6357608179553 6.66133814775094e-016 0.222994726159614
    vertex 2.63842673271741 2.22044604925031e-016 0.233407946044386
  endloop
endfacet
facet normal -2.71387850463927e-016 1.0 1.77635683940025e-016
  outer loop
    vertex 3.29850951835609 8.88178419700125e-016 0.224824088171258
    vertex 2.63842673271741 2.22044604925031e-016 0.233407946044386
    vertex 3.29579090433368 1.11022302462516e-015 0.229431854164652
  endloop
endfacet
facet normal -2.71387850463927e-016 1.0 1.77635683940025e-016
  outer loop
    vertex 3.29579090433368 1.11022302462516e-015 0.229431854164652
    vertex 2.63842673271741 2.22044604925031e-016 0.233407946044386
    vertex 3.29330165736207 1.11022302462516e-015 0.234167465969584
  endloop
endfacet
facet normal -2.71387850463927e-016 1.0 1.77635683940025e-016
  outer loop
    vertex 3.29330165736207 1.11022302462516e-015 0.234167465969584
    vertex 2.63842673271741 2.22044604925031e-016 0.233407946044386
    vertex 2.64057848378642 4.44089209850063e-016 0.243939432987096
  endloop
endfacet
facet normal -2.71387850463927e-016 1.0 1.77635683940025e-016
  outer loop
    vertex 3.29330165736207 1.11022302462516e-015 0.234167465969584
    vertex 2.64057848378642 4.44089209850063e-016 0.243939432987096
    vertex 3.29104777425523 8.88178419700125e-016 0.239019515082425
  endloop
endfacet
facet normal -2.71387850463927e-016 1.0 1.77635683940025e-016
  outer loop
    vertex 3.29104777425523 8.88178419700125e-016 0.239019515082425
    vertex 2.64057848378642 4.44089209850063e-016 0.243939432987096
    vertex 3.289034684815 1.33226762955019e-015 0.243976312491873
  endloop
endfacet
facet normal -2.71387850463927e-016 1.0 1.77635683940025e-016
  outer loop
    vertex 3.289034684815 1.33226762955019e-015 0.243976312491873
    vertex 2.64057848378642 4.44089209850063e-016 0.243939432987096
    vertex 2.64221088740555 4.44089209850063e-016 0.254563815713247
  endloop
endfacet
facet normal -2.71387850463927e-016 1.0 1.77635683940025e-016
  outer loop
    vertex 3.289034684815 1.33226762955019e-015 0.243976312491873
    vertex 2.64221088740555 4.44089209850063e-016 0.254563815713247
    vertex 3.28726723875015 1.11022302462516e-015 0.249025916838805
  endloop
endfacet
facet normal -2.71387850463927e-016 1.0 1.77635683940025e-016
  outer loop
    vertex 3.28726723875015 1.11022302462516e-015 0.249025916838805
    vertex 2.64221088740555 4.44089209850063e-016 0.254563815713247
    vertex 3.28574969399308 6.66133814775094e-016 0.254156163184055
  endloop
endfacet
facet normal -2.71387850463927e-016 1.0 1.77635683940025e-016
  outer loop
    vertex 3.28574969399308 6.66133814775094e-016 0.254156163184055
    vertex 2.64221088740555 4.44089209850063e-016 0.254563815713247
    vertex 3.28448570644201 1.33226762955019e-015 0.259354692314823
  endloop
endfacet
facet normal -2.71387850463927e-016 1.0 1.77635683940025e-016
  outer loop
    vertex 3.28448570644201 1.33226762955019e-015 0.259354692314823
    vertex 2.64221088740555 4.44089209850063e-016 0.254563815713247
    vertex 2.64332001097148 8.88178419700125e-016 0.265255499154263
  endloop
endfacet
facet normal -2.71387850463927e-016 1.0 1.77635683940025e-016
  outer loop
    vertex 3.28448570644201 1.33226762955019e-015 0.259354692314823
    vertex 2.64332001097148 8.88178419700125e-016 0.265255499154263
    vertex 3.28347832115367 1.33226762955019e-015 0.264608980519092
  endloop
endfacet
facet normal -2.71387850463927e-016 1.0 1.77635683940025e-016
  outer loop
    vertex 3.28347832115367 1.33226762955019e-015 0.264608980519092
    vertex 2.64332001097148 8.88178419700125e-016 0.265255499154263
    vertex 3.28272996500746 1.11022302462516e-015 0.269906369756361
  endloop
endfacet
facet normal -2.71387850463927e-016 1.0 1.77635683940025e-016
  outer loop
    vertex 3.28272996500746 1.11022302462516e-015 0.269906369756361
    vertex 2.64332001097148 8.88178419700125e-016 0.265255499154263
    vertex 2.64390318250842 8.88178419700125e-016 0.275988726108259
  endloop
endfacet
facet normal -2.71387850463927e-016 1.0 1.77635683940025e-016
  outer loop
    vertex 3.28272996500746 1.11022302462516e-015 0.269906369756361
    vertex 2.64390318250842 8.88178419700125e-016 0.275988726108259
    vertex 3.28224244085888 1.11022302462516e-015 0.275234098151957
  endloop
endfacet
facet normal -2.71387850463927e-016 1.0 1.77635683940025e-016
  outer loop
    vertex 3.28224244085888 1.11022302462516e-015 0.275234098151957
    vertex 2.64390318250842 8.88178419700125e-016 0.275988726108259
    vertex 3.28201692319631 1.55431223447522e-015 0.280579330741523
  endloop
endfacet
facet normal -2.71387850463927e-016 1.0 1.77635683940025e-016
  outer loop
    vertex 3.28201692319631 1.55431223447522e-015 0.280579330741523
    vertex 2.64390318250842 8.88178419700125e-016 0.275988726108259
    vertex 2.64395899710504 1.33226762955019e-015 0.286737639291381
  endloop
endfacet
facet normal -2.71387850463927e-016 1.0 1.77635683940025e-016
  outer loop
    vertex 3.28201692319631 1.55431223447522e-015 0.280579330741523
    vertex 2.64395899710504 1.33226762955019e-015 0.286737639291381
    vertex 3.28205395531155 1.55431223447522e-015 0.285929190391565
  endloop
endfacet
facet normal -2.71387850463927e-016 1.0 1.77635683940025e-016
  outer loop
    vertex 3.28205395531155 1.55431223447522e-015 0.285929190391565
    vertex 2.64395899710504 1.33226762955019e-015 0.286737639291381
    vertex 3.28235344799099 1.11022302462516e-015 0.291270788821591
  endloop
endfacet
facet normal -2.71387850463927e-016 1.0 1.77635683940025e-016
  outer loop
    vertex 3.28235344799099 1.11022302462516e-015 0.291270788821591
    vertex 2.64395899710504 1.33226762955019e-015 0.286737639291381
    vertex 2.6434873202991 4.44089209850063e-016 0.297476343630276
  endloop
endfacet
facet normal -2.71387850463927e-016 1.0 1.77635683940025e-016
  outer loop
    vertex 3.28235344799099 1.11022302462516e-015 0.291270788821591
    vertex 2.6434873202991 4.44089209850063e-016 0.297476343630276
    vertex 3.28291467973053 8.88178419700125e-016 0.296591257653115
  endloop
endfacet
facet normal -2.71387850463927e-016 1.0 1.77635683940025e-016
  outer loop
    vertex 3.28291467973053 8.88178419700125e-016 0.296591257653115
    vertex 2.6434873202991 4.44089209850063e-016 0.297476343630276
    vertex 3.28373629847376 8.88178419700125e-016 0.301877779410704
  endloop
endfacet
facet normal -2.71387850463927e-016 1.0 1.77635683940025e-016
  outer loop
    vertex 3.28373629847376 8.88178419700125e-016 0.301877779410704
    vertex 2.6434873202991 4.44089209850063e-016 0.297476343630276
    vertex 2.64248928840131 1.11022302462516e-015 0.308178968645591
  endloop
endfacet
facet normal -2.71387850463927e-016 1.0 1.77635683940025e-016
  outer loop
    vertex 3.28373629847376 8.88178419700125e-016 0.301877779410704
    vertex 2.64248928840131 1.11022302462516e-015 0.308178968645591
    vertex 3.28481632486916 1.11022302462516e-015 0.3071176184004
  endloop
endfacet
facet normal -2.71387850463927e-016 1.0 1.77635683940025e-016
  outer loop
    vertex 3.28481632486916 1.11022302462516e-015 0.3071176184004
    vertex 2.64248928840131 1.11022302462516e-015 0.308178968645591
    vertex 3.28615215703854 8.88178419700125e-016 0.312298151391121
  endloop
endfacet
facet normal -2.71387850463927e-016 1.0 1.77635683940025e-016
  outer loop
    vertex 3.28615215703854 8.88178419700125e-016 0.312298151391121
    vertex 2.64248928840131 1.11022302462516e-015 0.308178968645591
    vertex 2.64096730575795 1.11022302462516e-015 0.318819730776226
  endloop
endfacet
facet normal -2.71387850463927e-016 1.0 1.77635683940025e-016
  outer loop
    vertex 3.28615215703854 8.88178419700125e-016 0.312298151391121
    vertex 2.64096730575795 1.11022302462516e-015 0.318819730776226
    vertex 3.2877405768452 1.11022302462516e-015 0.317406898025131
  endloop
endfacet
facet normal -2.71387850463927e-016 1.0 1.77635683940025e-016
  outer loop
    vertex 3.2877405768452 1.11022302462516e-015 0.317406898025131
    vertex 2.64096730575795 1.11022302462516e-015 0.318819730776226
    vertex 3.28957775764669 1.33226762955019e-015 0.322431550884315
  endloop
endfacet
facet normal -2.71387850463927e-016 1.0 1.77635683940025e-016
  outer loop
    vertex 3.28957775764669 1.33226762955019e-015 0.322431550884315
    vertex 2.64096730575795 1.11022302462516e-015 0.318819730776226
    vertex 2.63892503895852 1.11022302462516e-015 0.32937299549419
  endloop
endfacet
facet normal -2.71387850463927e-016 1.0 1.77635683940025e-016
  outer loop
    vertex 3.28957775764669 1.33226762955019e-015 0.322431550884315
    vertex 2.63892503895852 1.11022302462516e-015 0.32937299549419
    vertex 3.29165927351356 1.11022302462516e-015 0.327360005139829
  endloop
endfacet
facet normal -2.71387850463927e-016 1.0 1.77635683940025e-016
  outer loop
    vertex 3.29165927351356 1.11022302462516e-015 0.327360005139829
    vertex 2.63892503895852 1.11022302462516e-015 0.32937299549419
    vertex 3.29398010989175 8.88178419700125e-016 0.332180387713687
  endloop
endfacet
facet normal -2.71387850463927e-016 1.0 1.77635683940025e-016
  outer loop
    vertex 3.29398010989175 8.88178419700125e-016 0.332180387713687
    vertex 2.63892503895852 1.11022302462516e-015 0.32937299549419
    vertex 2.63636740800264 6.66133814775094e-016 0.339813339060422
  endloop
endfacet
facet normal -2.71387850463927e-016 1.0 1.77635683940025e-016
  outer loop
    vertex 3.29398010989175 8.88178419700125e-016 0.332180387713687
    vertex 2.63636740800264 6.66133814775094e-016 0.339813339060422
    vertex 3.29653467568315 8.88178419700125e-016 0.336881085882056
  endloop
endfacet
facet normal -2.71387850463927e-016 1.0 1.77635683940025e-016
  outer loop
    vertex 3.29653467568315 8.88178419700125e-016 0.336881085882056
    vertex 2.63636740800264 6.66133814775094e-016 0.339813339060422
    vertex 3.29931681671501 1.11022302462516e-015 0.341450775251313
  endloop
endfacet
facet normal -2.71387850463927e-016 1.0 1.77635683940025e-016
  outer loop
    vertex 3.29931681671501 1.11022302462516e-015 0.341450775251313
    vertex 2.63636740800264 6.66133814775094e-016 0.339813339060422
    vertex 2.63330057444726 6.66133814775094e-016 0.3501156097728
  endloop
endfacet
facet normal -2.71387850463927e-016 1.0 1.77635683940025e-016
  outer loop
    vertex 3.29931681671501 1.11022302462516e-015 0.341450775251313
    vertex 2.63330057444726 6.66133814775094e-016 0.3501156097728
    vertex 3.30231983056591 1.11022302462516e-015 0.345878447039513
  endloop
endfacet
facet normal -2.71387850463927e-016 1.0 1.77635683940025e-016
  outer loop
    vertex 3.30231983056591 1.11022302462516e-015 0.345878447039513
    vertex 2.63330057444726 6.66133814775094e-016 0.3501156097728
    vertex 3.30553648271243 8.88178419700125e-016 0.350153434597498
  endloop
endfacet
facet normal -2.71387850463927e-016 1.0 1.77635683940025e-016
  outer loop
    vertex 3.30553648271243 8.88178419700125e-016 0.350153434597498
    vertex 2.63330057444726 6.66133814775094e-016 0.3501156097728
    vertex 2.62973192656308 8.88178419700125e-016 0.360254988558806
  endloop
endfacet
facet normal -2.71387850463927e-016 1.0 1.77635683940025e-016
  outer loop
    vertex 3.30553648271243 8.88178419700125e-016 0.350153434597498
    vertex 2.62973192656308 8.88178419700125e-016 0.360254988558806
    vertex 3.30895902395783 1.11022302462516e-015 0.354265439105797
  endloop
endfacet
facet normal -2.71387850463927e-016 1.0 1.77635683940025e-016
  outer loop
    vertex 3.30895902395783 1.11022302462516e-015 0.354265439105797
    vertex 2.62973192656308 8.88178419700125e-016 0.360254988558806
    vertex 3.31257920910045 1.11022302462516e-015 0.358204554385379
  endloop
endfacet
facet normal -2.71387850463927e-016 1.0 1.77635683940025e-016
  outer loop
    vertex 3.31257920910045 1.11022302462516e-015 0.358204554385379
    vertex 2.62973192656308 8.88178419700125e-016 0.360254988558806
    vertex 3.3163883167972 8.88178419700125e-016 0.361961290762513
  endloop
endfacet
facet normal -2.71387850463927e-016 1.0 1.77635683940025e-016
  outer loop
    vertex 3.3163883167972 8.88178419700125e-016 0.361961290762513
    vertex 2.62973192656308 8.88178419700125e-016 0.360254988558806
    vertex 2.6256700615354 6.66133814775094e-016 0.370207048766839
  endloop
endfacet
facet normal -2.71387850463927e-016 1.0 1.77635683940025e-016
  outer loop
    vertex 3.3163883167972 8.88178419700125e-016 0.361961290762513
    vertex 2.6256700615354 6.66133814775094e-016 0.370207048766839
    vertex 3.32037717057399 8.88178419700125e-016 0.365526597930211
  endloop
endfacet
facet normal -2.71387850463927e-016 1.0 1.77635683940025e-016
  outer loop
    vertex 3.32037717057399 8.88178419700125e-016 0.365526597930211
    vertex 2.6256700615354 6.66133814775094e-016 0.370207048766839
    vertex 3.3245361609327 8.88178419700125e-016 0.368891886751224
  endloop
endfacet
facet normal -2.71387850463927e-016 1.0 1.77635683940025e-016
  outer loop
    vertex 3.3245361609327 8.88178419700125e-016 0.368891886751224
    vertex 2.6256700615354 6.66133814775094e-016 0.370207048766839
    vertex 3.32885526850127 1.33226762955019e-015 0.372049049950019
  endloop
endfacet
facet normal -2.71387850463927e-016 1.0 1.77635683940025e-016
  outer loop
    vertex 3.32885526850127 1.33226762955019e-015 0.372049049950019
    vertex 2.6256700615354 6.66133814775094e-016 0.370207048766839
    vertex 2.62112476475285 6.66133814775094e-016 0.37994781501217
  endloop
endfacet
facet normal -2.71387850463927e-016 1.0 1.77635683940025e-016
  outer loop
    vertex 3.32885526850127 1.33226762955019e-015 0.372049049950019
    vertex 2.62112476475285 6.66133814775094e-016 0.37994781501217
    vertex 3.33332408817126 1.55431223447522e-015 0.374990481643913
  endloop
endfacet
facet normal -2.71387850463927e-016 1.0 1.77635683940025e-016
  outer loop
    vertex 3.33332408817126 1.55431223447522e-015 0.374990481643913
    vertex 2.62112476475285 6.66133814775094e-016 0.37994781501217
    vertex 3.33793185416465 1.11022302462516e-015 0.377709095666318
  endloop
endfacet
facet normal -2.71387850463927e-016 1.0 1.77635683940025e-016
  outer loop
    vertex 3.33793185416465 1.11022302462516e-015 0.377709095666318
    vertex 2.62112476475285 6.66133814775094e-016 0.37994781501217
    vertex 3.34266746596958 1.11022302462516e-015 0.380198342637931
  endloop
endfacet
facet normal -2.71387850463927e-016 1.0 1.77635683940025e-016
  outer loop
    vertex 3.34266746596958 1.11022302462516e-015 0.380198342637931
    vertex 2.62112476475285 6.66133814775094e-016 0.37994781501217
    vertex 2.61610698623353 8.88178419700125e-016 0.389453820935708
  endloop
endfacet
facet normal -2.71387850463927e-016 1.0 1.77635683940025e-016
  outer loop
    vertex 3.34266746596958 1.11022302462516e-015 0.380198342637931
    vertex 2.61610698623353 8.88178419700125e-016 0.389453820935708
    vertex 3.34751951508242 1.11022302462516e-015 0.382452225744765
  endloop
endfacet
facet normal -2.71387850463927e-016 1.0 1.77635683940025e-016
  outer loop
    vertex 3.34751951508242 1.11022302462516e-015 0.382452225744765
    vertex 2.61610698623353 8.88178419700125e-016 0.389453820935708
    vertex 3.35247631249187 1.11022302462516e-015 0.384465315184998
  endloop
endfacet
facet normal -2.71387850463927e-016 1.0 1.77635683940025e-016
  outer loop
    vertex 3.35247631249187 1.11022302462516e-015 0.384465315184998
    vertex 2.61610698623353 8.88178419700125e-016 0.389453820935708
    vertex 3.3575259168388 8.88178419700125e-016 0.386232761249845
  endloop
endfacet
facet normal -2.71387850463927e-016 1.0 1.77635683940025e-016
  outer loop
    vertex 3.3575259168388 8.88178419700125e-016 0.386232761249845
    vertex 2.61610698623353 8.88178419700125e-016 0.389453820935708
    vertex 3.36265616318406 1.11022302462516e-015 0.387750306006924
  endloop
endfacet
facet normal -2.71387850463927e-016 1.0 1.77635683940025e-016
  outer loop
    vertex 3.36265616318406 1.11022302462516e-015 0.387750306006924
    vertex 2.61610698623353 8.88178419700125e-016 0.389453820935708
    vertex 3.36785469231482 8.88178419700125e-016 0.389014293557993
  endloop
endfacet
facet normal -2.71387850463927e-016 1.0 1.77635683940025e-016
  outer loop
    vertex 3.36785469231482 8.88178419700125e-016 0.389014293557993
    vertex 2.61610698623353 8.88178419700125e-016 0.389453820935708
    vertex 3.37310898051909 8.88178419700125e-016 0.390021678846332
  endloop
endfacet
facet normal -2.71387850463927e-016 1.0 1.77635683940025e-016
  outer loop
    vertex 3.37310898051909 8.88178419700125e-016 0.390021678846332
    vertex 2.61610698623353 8.88178419700125e-016 0.389453820935708
    vertex 2.61062881424536 1.11022302462516e-015 0.398702165736568
  endloop
endfacet
facet normal -2.71387850463927e-016 1.0 1.77635683940025e-016
  outer loop
    vertex 3.37310898051909 8.88178419700125e-016 0.390021678846332
    vertex 2.61062881424536 1.11022302462516e-015 0.398702165736568
    vertex 3.37840636975636 1.11022302462516e-015 0.390770034992543
  endloop
endfacet
facet normal -2.71387850463927e-016 1.0 1.77635683940025e-016
  outer loop
    vertex 3.37840636975636 1.11022302462516e-015 0.390770034992543
    vertex 2.61062881424536 1.11022302462516e-015 0.398702165736568
    vertex 3.38373409815196 1.11022302462516e-015 0.391257559141122
  endloop
endfacet
facet normal -2.71387850463927e-016 1.0 1.77635683940025e-016
  outer loop
    vertex 3.38373409815196 1.11022302462516e-015 0.391257559141122
    vertex 2.61062881424536 1.11022302462516e-015 0.398702165736568
    vertex 3.38907933074152 8.88178419700125e-016 0.391483076803692
  endloop
endfacet
facet normal -2.71387850463927e-016 1.0 1.77635683940025e-016
  outer loop
    vertex 0.0 0.0 0.0
    vertex 0.256416779256764 -4.44089209850063e-016 0.125017906489744
    vertex 4.5 1.33226762955019e-015 0.0
  endloop
endfacet
facet normal -2.71387850463927e-016 1.0 1.77635683940025e-016
  outer loop
    vertex 0.256416779256764 -4.44089209850063e-016 0.125017906489744
    vertex 0.0 0.0 0.0
    vertex 0.252984827742373 0.0 0.125179887946049
  endloop
endfacet
facet normal -2.71387850463927e-016 1.0 1.77635683940025e-016
  outer loop
    vertex 0.252984827742373 0.0 0.125179887946049
    vertex 0.0 0.0 0.0
    vertex 0.249564958217229 0.0 0.12551007216781
  endloop
endfacet
facet normal -2.71387850463927e-016 1.0 1.77635683940025e-016
  outer loop
    vertex 0.249564958217229 0.0 0.12551007216781
    vertex 0.0 0.0 0.0
    vertex 0.246165409446562 0.0 0.126007663712319
  endloop
endfacet
facet normal -2.71387850463927e-016 1.0 1.77635683940025e-016
  outer loop
    vertex 0.246165409446562 0.0 0.126007663712319
    vertex 0.0 0.0 0.0
    vertex 0.242794371241126 0.0 0.126671463837959
  endloop
endfacet
facet normal -2.71387850463927e-016 1.0 1.77635683940025e-016
  outer loop
    vertex 0.242794371241126 0.0 0.126671463837959
    vertex 0.0 0.0 0.0
    vertex 0.239459964727226 0.0 0.127499873392087
  endloop
endfacet
facet normal -2.71387850463927e-016 1.0 1.77635683940025e-016
  outer loop
    vertex 0.239459964727226 0.0 0.127499873392087
    vertex 0.0 0.0 0.0
    vertex 0.236170222782212 -4.44089209850063e-016 0.128490896663526
  endloop
endfacet
facet normal -2.71387850463927e-016 1.0 1.77635683940025e-016
  outer loop
    vertex 0.236170222782212 -4.44089209850063e-016 0.128490896663526
    vertex 0.0 0.0 0.0
    vertex 0.23293307068258 0.0 0.129642146190412
  endloop
endfacet
facet normal -2.71387850463927e-016 1.0 1.77635683940025e-016
  outer loop
    vertex 0.23293307068258 0.0 0.129642146190412
    vertex 0.0 0.0 0.0
    vertex 0.229756307011276 0.0 0.130950848511797
  endloop
endfacet
facet normal -2.71387850463927e-016 1.0 1.77635683940025e-016
  outer loop
    vertex 0.229756307011276 0.0 0.130950848511797
    vertex 0.0 0.0 0.0
    vertex 0.226647584870239 -4.44089209850063e-016 0.13241385084916
  endloop
endfacet
facet normal -2.71387850463927e-016 1.0 1.77635683940025e-016
  outer loop
    vertex 0.226647584870239 -4.44089209850063e-016 0.13241385084916
    vertex 0.0 0.0 0.0
    vertex 0.223614393443396 0.0 0.134027628701727
  endloop
endfacet
facet normal -2.71387850463927e-016 1.0 1.77635683940025e-016
  outer loop
    vertex 0.223614393443396 0.0 0.134027628701727
    vertex 0.0 0.0 0.0
    vertex 0.220664039954571 -2.22044604925031e-016 0.135788294337301
  endloop
endfacet
facet normal -2.71387850463927e-016 1.0 1.77635683940025e-016
  outer loop
    vertex 0.220664039954571 -2.22044604925031e-016 0.135788294337301
    vertex 0.0 0.0 0.0
    vertex 0.217803632063739 0.0 0.137691606158149
  endloop
endfacet
facet normal -2.71387850463927e-016 1.0 1.77635683940025e-016
  outer loop
    vertex 0.217803632063739 0.0 0.137691606158149
    vertex 0.0 0.0 0.0
    vertex 0.215040060744052 -2.22044604925031e-016 0.139732978919384
  endloop
endfacet
facet normal -2.71387850463927e-016 1.0 1.77635683940025e-016
  outer loop
    vertex 0.215040060744052 -2.22044604925031e-016 0.139732978919384
    vertex 0.0 0.0 0.0
    vertex 0.212379983680879 -2.22044604925031e-016 0.141907494775221
  endloop
endfacet
facet normal -2.71387850463927e-016 1.0 1.77635683940025e-016
  outer loop
    vertex 0.212379983680879 -2.22044604925031e-016 0.141907494775221
    vertex 0.0 0.0 0.0
    vertex 0.20982980923286 0.0 0.1442099151265
  endloop
endfacet
facet normal -2.71387850463927e-016 1.0 1.77635683940025e-016
  outer loop
    vertex 0.20982980923286 0.0 0.1442099151265
    vertex 0.0 0.0 0.0
    vertex 0.207395680993609 -2.22044604925031e-016 0.146634693240925
  endloop
endfacet
facet normal -2.71387850463927e-016 1.0 1.77635683940025e-016
  outer loop
    vertex 0.207395680993609 -2.22044604925031e-016 0.146634693240925
    vertex 0.0 0.0 0.0
    vertex 0.20508346299126 -2.22044604925031e-016 0.149175987615632
  endloop
endfacet
facet normal -2.71387850463927e-016 1.0 1.77635683940025e-016
  outer loop
    vertex 0.20508346299126 -2.22044604925031e-016 0.149175987615632
    vertex 0.0 0.0 0.0
    vertex 0.202898725561506 -2.22044604925031e-016 0.151827676049884
  endloop
endfacet
facet normal -2.71387850463927e-016 1.0 1.77635683940025e-016
  outer loop
    vertex 0.202898725561506 -2.22044604925031e-016 0.151827676049884
    vertex 0.0 0.0 0.0
    vertex 0.200846731928176 0.0 0.15458337039398
  endloop
endfacet
facet normal -2.71387850463927e-016 1.0 1.77635683940025e-016
  outer loop
    vertex 0.200846731928176 0.0 0.15458337039398
    vertex 0.0 0.0 0.0
    vertex 0.198932425523666 -2.22044604925031e-016 0.157436431938876
  endloop
endfacet
facet normal -2.71387850463927e-016 1.0 1.77635683940025e-016
  outer loop
    vertex 0.198932425523666 -2.22044604925031e-016 0.157436431938876
    vertex 0.0 0.0 0.0
    vertex 0.197160418079777 -2.22044604925031e-016 0.160379987409411
  endloop
endfacet
facet normal -2.71387850463927e-016 1.0 1.77635683940025e-016
  outer loop
    vertex 0.197160418079777 -2.22044604925031e-016 0.160379987409411
    vertex 0.0 0.0 0.0
    vertex 0.195534978517654 0.0 0.163406945522631
  endloop
endfacet
facet normal -2.71387850463927e-016 1.0 1.77635683940025e-016
  outer loop
    vertex 0.195534978517654 0.0 0.163406945522631
    vertex 0.0 0.0 0.0
    vertex 0.19406002266357 -2.22044604925031e-016 0.166510014071313
  endloop
endfacet
facet normal -2.71387850463927e-016 1.0 1.77635683940025e-016
  outer loop
    vertex 0.19406002266357 -2.22044604925031e-016 0.166510014071313
    vertex 0.0 0.0 0.0
    vertex 0.0 0.0 0.625
  endloop
endfacet
facet normal -2.71387850463927e-016 1.0 1.77635683940025e-016
  outer loop
    vertex 4.5 1.33226762955019e-015 0.0
    vertex 0.256416779256764 -4.44089209850063e-016 0.125017906489744
    vertex 2.41848872610826 -4.44089209850063e-016 0.0635968174915978
  endloop
endfacet
facet normal -2.71387850463927e-016 1.0 1.77635683940025e-016
  outer loop
    vertex 4.5 1.33226762955019e-015 0.0
    vertex 2.41848872610826 -4.44089209850063e-016 0.0635968174915978
    vertex 2.42500000000001 -2.22044604925031e-016 0.0635630071779812
  endloop
endfacet
facet normal -2.71387850463927e-016 1.0 1.77635683940025e-016
  outer loop
    vertex 4.5 1.33226762955019e-015 0.0
    vertex 2.42500000000001 -2.22044604925031e-016 0.0635630071779812
    vertex 2.4292376392914 4.44089209850063e-016 0.0635410028949773
  endloop
endfacet
facet normal -2.71387850463927e-016 1.0 1.77635683940025e-016
  outer loop
    vertex 2.41848872610826 -4.44089209850063e-016 0.0635968174915978
    vertex 0.256416779256764 -4.44089209850063e-016 0.125017906489744
    vertex 2.40775549915426 0.0 0.0641799890285333
  endloop
endfacet
facet normal -2.71387850463927e-016 1.0 1.77635683940025e-016
  outer loop
    vertex 2.40775549915426 0.0 0.0641799890285333
    vertex 0.256416779256764 -4.44089209850063e-016 0.125017906489744
    vertex 2.39706381571324 0.0 0.0652891125944731
  endloop
endfacet
facet normal -2.71387850463927e-016 1.0 1.77635683940025e-016
  outer loop
    vertex 2.39706381571324 0.0 0.0652891125944731
    vertex 0.256416779256764 -4.44089209850063e-016 0.125017906489744
    vertex 2.38643943298709 -4.44089209850063e-016 0.0669215162135995
  endloop
endfacet
facet normal -2.71387850463927e-016 1.0 1.77635683940025e-016
  outer loop
    vertex 2.38643943298709 -4.44089209850063e-016 0.0669215162135995
    vertex 0.256416779256764 -4.44089209850063e-016 0.125017906489744
    vertex 2.37590794604438 -4.44089209850063e-016 0.0690732672826127
  endloop
endfacet
facet normal -2.71387850463927e-016 1.0 1.77635683940025e-016
  outer loop
    vertex 2.37590794604438 -4.44089209850063e-016 0.0690732672826127
    vertex 0.256416779256764 -4.44089209850063e-016 0.125017906489744
    vertex 2.36549472615961 -4.44089209850063e-016 0.071739182044716
  endloop
endfacet
facet normal -2.71387850463927e-016 1.0 1.77635683940025e-016
  outer loop
    vertex 2.36549472615961 -4.44089209850063e-016 0.071739182044716
    vertex 0.256416779256764 -4.44089209850063e-016 0.125017906489744
    vertex 2.35522485969156 -4.44089209850063e-016 0.0749128380777407
  endloop
endfacet
facet normal -2.71387850463927e-016 1.0 1.77635683940025e-016
  outer loop
    vertex 2.35522485969156 -4.44089209850063e-016 0.0749128380777407
    vertex 0.256416779256764 -4.44089209850063e-016 0.125017906489744
    vertex 2.3451230876481 0.0 0.0785865897663246
  endloop
endfacet
facet normal -2.71387850463927e-016 1.0 1.77635683940025e-016
  outer loop
    vertex 2.3451230876481 0.0 0.0785865897663246
    vertex 0.256416779256764 -4.44089209850063e-016 0.125017906489744
    vertex 2.33521374608289 -6.66133814775094e-016 0.0827515867208662
  endloop
endfacet
facet normal -2.71387850463927e-016 1.0 1.77635683940025e-016
  outer loop
    vertex 2.33521374608289 -6.66133814775094e-016 0.0827515867208662
    vertex 0.256416779256764 -4.44089209850063e-016 0.125017906489744
    vertex 2.3255207074677 0.0 0.0873977950988917
  endloop
endfacet
facet normal -2.71387850463927e-016 1.0 1.77635683940025e-016
  outer loop
    vertex 2.3255207074677 0.0 0.0873977950988917
    vertex 0.256416779256764 -4.44089209850063e-016 0.125017906489744
    vertex 2.31606732318159 -4.44089209850063e-016 0.0925140217774593
  endloop
endfacet
facet normal -2.71387850463927e-016 1.0 1.77635683940025e-016
  outer loop
    vertex 2.31606732318159 -4.44089209850063e-016 0.0925140217774593
    vertex 0.256416779256764 -4.44089209850063e-016 0.125017906489744
    vertex 2.3068763672553 -2.22044604925031e-016 0.0980879413183712
  endloop
endfacet
facet normal -2.71387850463927e-016 1.0 1.77635683940025e-016
  outer loop
    vertex 2.3068763672553 -2.22044604925031e-016 0.0980879413183712
    vertex 0.256416779256764 -4.44089209850063e-016 0.125017906489744
    vertex 2.29796998150671 -2.22044604925031e-016 0.104106125661236
  endloop
endfacet
facet normal -2.71387850463927e-016 1.0 1.77635683940025e-016
  outer loop
    vertex 2.29796998150671 -2.22044604925031e-016 0.104106125661236
    vertex 0.256416779256764 -4.44089209850063e-016 0.125017906489744
    vertex 2.28936962219918 -6.66133814775094e-016 0.11055407647284
  endloop
endfacet
facet normal -2.71387850463927e-016 1.0 1.77635683940025e-016
  outer loop
    vertex 2.28936962219918 -6.66133814775094e-016 0.11055407647284
    vertex 0.256416779256764 -4.44089209850063e-016 0.125017906489744
    vertex 2.28109600835159 -4.44089209850063e-016 0.117416260074906
  endloop
endfacet
facet normal -2.71387850463927e-016 1.0 1.77635683940025e-016
  outer loop
    vertex 2.28109600835159 -4.44089209850063e-016 0.117416260074906
    vertex 0.256416779256764 -4.44089209850063e-016 0.125017906489744
    vertex 2.27316907182439 -4.44089209850063e-016 0.124676144866081
  endloop
endfacet
facet normal -2.71387850463927e-016 1.0 1.77635683940025e-016
  outer loop
    vertex 0.19406002266357 -2.22044604925031e-016 0.166510014071313
    vertex 0.0 0.0 0.625
    vertex 0.19273910381537 -4.44089209850063e-016 0.169681717491524
  endloop
endfacet
facet normal -2.71387850463927e-016 1.0 1.77635683940025e-016
  outer loop
    vertex 0.19273910381537 -4.44089209850063e-016 0.169681717491524
    vertex 0.0 0.0 0.625
    vertex 0.191575404182259 0.0 0.172914414871918
  endloop
endfacet
facet normal -2.71387850463927e-016 1.0 1.77635683940025e-016
  outer loop
    vertex 0.191575404182259 0.0 0.172914414871918
    vertex 0.0 0.0 0.625
    vertex 0.19057172721858 -2.22044604925031e-016 0.176200318361355
  endloop
endfacet
facet normal -2.71387850463927e-016 1.0 1.77635683940025e-016
  outer loop
    vertex 0.19057172721858 -2.22044604925031e-016 0.176200318361355
    vertex 0.0 0.0 0.625
    vertex 0.18973049087005 2.22044604925031e-016 0.179531511930516
  endloop
endfacet
facet normal -2.71387850463927e-016 1.0 1.77635683940025e-016
  outer loop
    vertex 0.18973049087005 2.22044604925031e-016 0.179531511930516
    vertex 0.0 0.0 0.625
    vertex 0.189053721748718 -2.22044604925031e-016 0.182899970442317
  endloop
endfacet
facet normal -2.71387850463927e-016 1.0 1.77635683940025e-016
  outer loop
    vertex 0.189053721748718 -2.22044604925031e-016 0.182899970442317
    vertex 0.0 0.0 0.625
    vertex 0.188543050250674 -2.22044604925031e-016 0.186297578985159
  endloop
endfacet
facet normal -2.71387850463927e-016 1.0 1.77635683940025e-016
  outer loop
    vertex 0.188543050250674 -2.22044604925031e-016 0.186297578985159
    vertex 0.0 0.0 0.625
    vertex 0.188199706628286 -2.22044604925031e-016 0.189716152422468
  endloop
endfacet
facet normal -2.71387850463927e-016 1.0 1.77635683940025e-016
  outer loop
    vertex 0.188199706628286 -2.22044604925031e-016 0.189716152422468
    vertex 0.0 0.0 0.625
    vertex 0.188024518026413 -2.22044604925031e-016 0.193147455111402
  endloop
endfacet
facet normal -2.71387850463927e-016 1.0 1.77635683940025e-016
  outer loop
    vertex 0.188024518026413 -2.22044604925031e-016 0.193147455111402
    vertex 0.0 0.0 0.625
    vertex 0.188017906489744 0.0 0.196583220743236
  endloop
endfacet
facet normal -2.71387850463927e-016 1.0 1.77635683940025e-016
  outer loop
    vertex 0.188017906489744 0.0 0.196583220743236
    vertex 0.0 0.0 0.625
    vertex 0.188179887946049 -4.44089209850063e-016 0.200015172257626
  endloop
endfacet
facet normal -2.71387850463927e-016 1.0 1.77635683940025e-016
  outer loop
    vertex 0.188179887946049 -4.44089209850063e-016 0.200015172257626
    vertex 0.0 0.0 0.625
    vertex 0.18851007216781 -2.22044604925031e-016 0.203435041782771
  endloop
endfacet
facet normal -2.71387850463927e-016 1.0 1.77635683940025e-016
  outer loop
    vertex 0.18851007216781 -2.22044604925031e-016 0.203435041782771
    vertex 0.0 0.0 0.625
    vertex 0.189007663712319 -2.22044604925031e-016 0.206834590553438
  endloop
endfacet
facet normal -2.71387850463927e-016 1.0 1.77635683940025e-016
  outer loop
    vertex 0.189007663712319 -2.22044604925031e-016 0.206834590553438
    vertex 0.0 0.0 0.625
    vertex 0.18967146383796 -2.22044604925031e-016 0.210205628758874
  endloop
endfacet
facet normal -2.71387850463927e-016 1.0 1.77635683940025e-016
  outer loop
    vertex 0.18967146383796 -2.22044604925031e-016 0.210205628758874
    vertex 0.0 0.0 0.625
    vertex 0.190499873392086 0.0 0.213540035272774
  endloop
endfacet
facet normal -2.71387850463927e-016 1.0 1.77635683940025e-016
  outer loop
    vertex 0.190499873392086 0.0 0.213540035272774
    vertex 0.0 0.0 0.625
    vertex 0.191490896663525 -2.22044604925031e-016 0.216829777217787
  endloop
endfacet
facet normal -2.71387850463927e-016 1.0 1.77635683940025e-016
  outer loop
    vertex 0.191490896663525 -2.22044604925031e-016 0.216829777217787
    vertex 0.0 0.0 0.625
    vertex 0.192642146190412 0.0 0.220066929317419
  endloop
endfacet
facet normal -2.71387850463927e-016 1.0 1.77635683940025e-016
  outer loop
    vertex 0.192642146190412 0.0 0.220066929317419
    vertex 0.0 0.0 0.625
    vertex 0.193950848511797 0.0 0.223243692988723
  endloop
endfacet
facet normal -2.71387850463927e-016 1.0 1.77635683940025e-016
  outer loop
    vertex 0.193950848511797 0.0 0.223243692988723
    vertex 0.0 0.0 0.625
    vertex 0.19541385084916 -2.22044604925031e-016 0.22635241512976
  endloop
endfacet
facet normal -2.71387850463927e-016 1.0 1.77635683940025e-016
  outer loop
    vertex 0.19541385084916 -2.22044604925031e-016 0.22635241512976
    vertex 0.0 0.0 0.625
    vertex 0.197027628701727 0.0 0.229385606556604
  endloop
endfacet
facet normal -2.71387850463927e-016 1.0 1.77635683940025e-016
  outer loop
    vertex 0.197027628701727 0.0 0.229385606556604
    vertex 0.0 0.0 0.625
    vertex 0.1987882943373 -2.22044604925031e-016 0.232335960045429
  endloop
endfacet
facet normal -2.71387850463927e-016 1.0 1.77635683940025e-016
  outer loop
    vertex 0.1987882943373 -2.22044604925031e-016 0.232335960045429
    vertex 0.0 0.0 0.625
    vertex 0.200691606158148 -2.22044604925031e-016 0.23519636793626
  endloop
endfacet
facet normal -2.71387850463927e-016 1.0 1.77635683940025e-016
  outer loop
    vertex 0.200691606158148 -2.22044604925031e-016 0.23519636793626
    vertex 0.0 0.0 0.625
    vertex 0.202732978919383 0.0 0.237959939255947
  endloop
endfacet
facet normal -2.71387850463927e-016 1.0 1.77635683940025e-016
  outer loop
    vertex 0.202732978919383 0.0 0.237959939255947
    vertex 0.0 0.0 0.625
    vertex 0.204907494775221 0.0 0.240620016319121
  endloop
endfacet
facet normal -2.71387850463927e-016 1.0 1.77635683940025e-016
  outer loop
    vertex 0.204907494775221 0.0 0.240620016319121
    vertex 0.0 0.0 0.625
    vertex 0.2072099151265 0.0 0.24317019076714
  endloop
endfacet
facet normal -2.71387850463927e-016 1.0 1.77635683940025e-016
  outer loop
    vertex 0.2072099151265 0.0 0.24317019076714
    vertex 0.0 0.0 0.625
    vertex 0.209634693240924 -2.22044604925031e-016 0.24560431900639
  endloop
endfacet
facet normal -2.71387850463927e-016 1.0 1.77635683940025e-016
  outer loop
    vertex 0.209634693240924 -2.22044604925031e-016 0.24560431900639
    vertex 0.0 0.0 0.625
    vertex 0.212175987615632 0.0 0.24791653700874
  endloop
endfacet
facet normal -2.71387850463927e-016 1.0 1.77635683940025e-016
  outer loop
    vertex 0.212175987615632 0.0 0.24791653700874
    vertex 0.0 0.0 0.625
    vertex 0.214827676049884 0.0 0.250101274438494
  endloop
endfacet
facet normal -2.71387850463927e-016 1.0 1.77635683940025e-016
  outer loop
    vertex 0.214827676049884 0.0 0.250101274438494
    vertex 0.0 0.0 0.625
    vertex 0.21758337039398 -6.66133814775094e-016 0.252153268071824
  endloop
endfacet
facet normal -2.71387850463927e-016 1.0 1.77635683940025e-016
  outer loop
    vertex 0.21758337039398 -6.66133814775094e-016 0.252153268071824
    vertex 0.0 0.0 0.625
    vertex 0.220436431938875 0.0 0.254067574476333
  endloop
endfacet
facet normal -2.71387850463927e-016 1.0 1.77635683940025e-016
  outer loop
    vertex 0.220436431938875 0.0 0.254067574476333
    vertex 0.0 0.0 0.625
    vertex 0.22337998740941 0.0 0.255839581920222
  endloop
endfacet
facet normal -2.71387850463927e-016 1.0 1.77635683940025e-016
  outer loop
    vertex 0.22337998740941 0.0 0.255839581920222
    vertex 0.0 0.0 0.625
    vertex 0.22640694552263 0.0 0.257465021482346
  endloop
endfacet
facet normal -2.71387850463927e-016 1.0 1.77635683940025e-016
  outer loop
    vertex 0.22640694552263 0.0 0.257465021482346
    vertex 0.0 0.0 0.625
    vertex 0.229510014071312 0.0 0.25893997733643
  endloop
endfacet
facet normal -2.71387850463927e-016 1.0 1.77635683940025e-016
  outer loop
    vertex 0.229510014071312 0.0 0.25893997733643
    vertex 0.0 0.0 0.625
    vertex 0.232681717491524 0.0 0.260260896184629
  endloop
endfacet
facet normal -2.71387850463927e-016 1.0 1.77635683940025e-016
  outer loop
    vertex 0.232681717491524 0.0 0.260260896184629
    vertex 0.0 0.0 0.625
    vertex 0.235914414871918 2.22044604925031e-016 0.261424595817741
  endloop
endfacet
facet normal -2.71387850463927e-016 1.0 1.77635683940025e-016
  outer loop
    vertex 0.235914414871918 2.22044604925031e-016 0.261424595817741
    vertex 0.0 0.0 0.625
    vertex 0.239200318361354 0.0 0.262428272781419
  endloop
endfacet
facet normal -2.71387850463927e-016 1.0 1.77635683940025e-016
  outer loop
    vertex 0.239200318361354 0.0 0.262428272781419
    vertex 0.0 0.0 0.625
    vertex 0.242531511930515 4.44089209850063e-016 0.263269509129949
  endloop
endfacet
facet normal -2.71387850463927e-016 1.0 1.77635683940025e-016
  outer loop
    vertex 0.242531511930515 4.44089209850063e-016 0.263269509129949
    vertex 0.0 0.0 0.625
    vertex 0.245899970442316 4.44089209850063e-016 0.263946278251282
  endloop
endfacet
facet normal -2.71387850463927e-016 1.0 1.77635683940025e-016
  outer loop
    vertex 0.245899970442316 4.44089209850063e-016 0.263946278251282
    vertex 0.0 0.0 0.625
    vertex 0.249297578985158 0.0 0.264456949749326
  endloop
endfacet
facet normal -2.71387850463927e-016 1.0 1.77635683940025e-016
  outer loop
    vertex 0.249297578985158 0.0 0.264456949749326
    vertex 0.0 0.0 0.625
    vertex 0.252716152422468 0.0 0.264800293371714
  endloop
endfacet
facet normal -2.71387850463927e-016 1.0 1.77635683940025e-016
  outer loop
    vertex 0.252716152422468 0.0 0.264800293371714
    vertex 0.0 0.0 0.625
    vertex 0.256147455111401 0.0 0.264975481973586
  endloop
endfacet
facet normal -2.71387850463927e-016 1.0 1.77635683940025e-016
  outer loop
    vertex 0.256147455111401 0.0 0.264975481973586
    vertex 0.0 0.0 0.625
    vertex 0.259583220743236 4.44089209850063e-016 0.264982093510255
  endloop
endfacet
facet normal -2.71387850463927e-016 1.0 1.77635683940025e-016
  outer loop
    vertex 0.259583220743236 4.44089209850063e-016 0.264982093510255
    vertex 0.0 0.0 0.625
    vertex 1.0012489994501 2.22044604925031e-016 0.266046371813606
  endloop
endfacet
facet normal -2.71387850463927e-016 1.0 1.77635683940025e-016
  outer loop
    vertex 1.0012489994501 2.22044604925031e-016 0.266046371813606
    vertex 0.0 0.0 0.625
    vertex 1.00057144897985 4.44089209850063e-016 0.271353281932776
  endloop
endfacet
facet normal -2.71387850463927e-016 1.0 1.77635683940025e-016
  outer loop
    vertex 1.00057144897985 4.44089209850063e-016 0.271353281932776
    vertex 0.0 0.0 0.625
    vertex 1.00015511238622 4.44089209850063e-016 0.276687045472108
  endloop
endfacet
facet normal -2.71387850463927e-016 1.0 1.77635683940025e-016
  outer loop
    vertex 1.00015511238622 4.44089209850063e-016 0.276687045472108
    vertex 0.0 0.0 0.625
    vertex 1.00000099266054 4.44089209850063e-016 0.282034812928051
  endloop
endfacet
facet normal -2.71387850463927e-016 1.0 1.77635683940025e-016
  outer loop
    vertex 1.00000099266054 4.44089209850063e-016 0.282034812928051
    vertex 0.0 0.0 0.625
    vertex 1.00010946109072 4.44089209850063e-016 0.287383701060396
  endloop
endfacet
facet normal -2.71387850463927e-016 1.0 1.77635683940025e-016
  outer loop
    vertex 1.00010946109072 4.44089209850063e-016 0.287383701060396
    vertex 0.0 0.0 0.625
    vertex 1.00048025636683 2.22044604925031e-016 0.292720823929126
  endloop
endfacet
facet normal -2.71387850463927e-016 1.0 1.77635683940025e-016
  outer loop
    vertex 1.00048025636683 2.22044604925031e-016 0.292720823929126
    vertex 0.0 0.0 0.625
    vertex 1.00111248521055 4.44089209850063e-016 0.298033323937772
  endloop
endfacet
facet normal -2.71387850463927e-016 1.0 1.77635683940025e-016
  outer loop
    vertex 1.00111248521055 4.44089209850063e-016 0.298033323937772
    vertex 0.0 0.0 0.625
    vertex 1.00200462452723 4.44089209850063e-016 0.303308402808493
  endloop
endfacet
facet normal -2.71387850463927e-016 1.0 1.77635683940025e-016
  outer loop
    vertex 1.00200462452723 4.44089209850063e-016 0.303308402808493
    vertex 0.0 0.0 0.625
    vertex 1.00315452507511 6.66133814775094e-016 0.308533352414247
  endloop
endfacet
facet normal -2.71387850463927e-016 1.0 1.77635683940025e-016
  outer loop
    vertex 1.00315452507511 6.66133814775094e-016 0.308533352414247
    vertex 0.0 0.0 0.625
    vertex 1.00455941664305 6.66133814775094e-016 0.313695585393784
  endloop
endfacet
facet normal -2.71387850463927e-016 1.0 1.77635683940025e-016
  outer loop
    vertex 1.00455941664305 6.66133814775094e-016 0.313695585393784
    vertex 0.0 0.0 0.625
    vertex 1.00621591472422 6.66133814775094e-016 0.318782665475695
  endloop
endfacet
facet normal -2.71387850463927e-016 1.0 1.77635683940025e-016
  outer loop
    vertex 1.00621591472422 6.66133814775094e-016 0.318782665475695
    vertex 0.0 0.0 0.625
    vertex 1.00812002866964 2.22044604925031e-016 0.32378233743849
  endloop
endfacet
facet normal -2.71387850463927e-016 1.0 1.77635683940025e-016
  outer loop
    vertex 1.00812002866964 2.22044604925031e-016 0.32378233743849
    vertex 0.0 0.0 0.625
    vertex 1.01026717130203 6.66133814775094e-016 0.328682556634491
  endloop
endfacet
facet normal -2.71387850463927e-016 1.0 1.77635683940025e-016
  outer loop
    vertex 1.01026717130203 6.66133814775094e-016 0.328682556634491
    vertex 0.0 0.0 0.625
    vertex 1.01265216996674 4.44089209850063e-016 0.333471518006444
  endloop
endfacet
facet normal -2.71387850463927e-016 1.0 1.77635683940025e-016
  outer loop
    vertex 1.01265216996674 4.44089209850063e-016 0.333471518006444
    vertex 0.0 0.0 0.625
    vertex 1.01526927899306 2.22044604925031e-016 0.338137684526942
  endloop
endfacet
facet normal -2.71387850463927e-016 1.0 1.77635683940025e-016
  outer loop
    vertex 1.01526927899306 2.22044604925031e-016 0.338137684526942
    vertex 0.0 0.0 0.625
    vertex 1.01811219353613 6.66133814775094e-016 0.342669814992129
  endloop
endfacet
facet normal -2.71387850463927e-016 1.0 1.77635683940025e-016
  outer loop
    vertex 1.01811219353613 6.66133814775094e-016 0.342669814992129
    vertex 0.0 0.0 0.625
    vertex 1.02117406476581 2.22044604925031e-016 0.347056991102746
  endloop
endfacet
facet normal -2.71387850463927e-016 1.0 1.77635683940025e-016
  outer loop
    vertex 1.02117406476581 2.22044604925031e-016 0.347056991102746
    vertex 0.0 0.0 0.625
    vertex 1.02444751636611 4.44089209850063e-016 0.351288643767273
  endloop
endfacet
facet normal -2.71387850463927e-016 1.0 1.77635683940025e-016
  outer loop
    vertex 1.02444751636611 4.44089209850063e-016 0.351288643767273
    vertex 0.0 0.0 0.625
    vertex 1.0279246623054 6.66133814775094e-016 0.35535457856379
  endloop
endfacet
facet normal -2.71387850463927e-016 1.0 1.77635683940025e-016
  outer loop
    vertex 1.0279246623054 6.66133814775094e-016 0.35535457856379
    vertex 0.0 0.0 0.625
    vertex 1.03159712583457 4.44089209850063e-016 0.35924500029924
  endloop
endfacet
facet normal -2.71387850463927e-016 1.0 1.77635683940025e-016
  outer loop
    vertex 1.03159712583457 4.44089209850063e-016 0.35924500029924
    vertex 0.0 0.0 0.625
    vertex 1.03545605966729 4.44089209850063e-016 0.362950536606901
  endloop
endfacet
facet normal -2.71387850463927e-016 1.0 1.77635683940025e-016
  outer loop
    vertex 1.03545605966729 4.44089209850063e-016 0.362950536606901
    vertex 0.0 0.0 0.625
    vertex 1.03949216729395 0.0 0.366462260525242
  endloop
endfacet
facet normal -2.71387850463927e-016 1.0 1.77635683940025e-016
  outer loop
    vertex 1.03949216729395 0.0 0.366462260525242
    vertex 0.0 0.0 0.625
    vertex 1.04369572537778 4.44089209850063e-016 0.369771712003751
  endloop
endfacet
facet normal -2.71387850463927e-016 1.0 1.77635683940025e-016
  outer loop
    vertex 1.04369572537778 4.44089209850063e-016 0.369771712003751
    vertex 0.0 0.0 0.625
    vertex 1.04805660717915 4.44089209850063e-016 0.372870918283944
  endloop
endfacet
facet normal -2.71387850463927e-016 1.0 1.77635683940025e-016
  outer loop
    vertex 1.04805660717915 4.44089209850063e-016 0.372870918283944
    vertex 0.0 0.0 0.625
    vertex 1.05256430695183 2.22044604925031e-016 0.375752413106434
  endloop
endfacet
facet normal -2.71387850463927e-016 1.0 1.77635683940025e-016
  outer loop
    vertex 1.05256430695183 2.22044604925031e-016 0.375752413106434
    vertex 0.0 0.0 0.625
    vertex 1.05720796525225 2.22044604925031e-016 0.378409254697803
  endloop
endfacet
facet normal -2.71387850463927e-016 1.0 1.77635683940025e-016
  outer loop
    vertex 1.05720796525225 2.22044604925031e-016 0.378409254697803
    vertex 0.0 0.0 0.625
    vertex 1.06197639510083 4.44089209850063e-016 0.380835042493947
  endloop
endfacet
facet normal -2.71387850463927e-016 1.0 1.77635683940025e-016
  outer loop
    vertex 1.06197639510083 4.44089209850063e-016 0.380835042493947
    vertex 0.0 0.0 0.625
    vertex 1.06685810893238 2.22044604925031e-016 0.383023932559591
  endloop
endfacet
facet normal -2.71387850463927e-016 1.0 1.77635683940025e-016
  outer loop
    vertex 1.06685810893238 2.22044604925031e-016 0.383023932559591
    vertex 0.0 0.0 0.625
    vertex 1.07184134627072 0.0 0.384970651666842
  endloop
endfacet
facet normal -2.71387850463927e-016 1.0 1.77635683940025e-016
  outer loop
    vertex 1.07184134627072 0.0 0.384970651666842
    vertex 0.0 0.0 0.625
    vertex 1.0769141020606 6.66133814775094e-016 0.386670509998859
  endloop
endfacet
facet normal -2.71387850463927e-016 1.0 1.77635683940025e-016
  outer loop
    vertex 1.0769141020606 6.66133814775094e-016 0.386670509998859
    vertex 0.0 0.0 0.625
    vertex 1.08206415558901 4.44089209850063e-016 0.388119412448029
  endloop
endfacet
facet normal -2.71387850463927e-016 1.0 1.77635683940025e-016
  outer loop
    vertex 1.08206415558901 4.44089209850063e-016 0.388119412448029
    vertex 0.0 0.0 0.625
    vertex 1.0872790999259 2.22044604925031e-016 0.389313868481444
  endloop
endfacet
facet normal -2.71387850463927e-016 1.0 1.77635683940025e-016
  outer loop
    vertex 1.0872790999259 2.22044604925031e-016 0.389313868481444
    vertex 0.0 0.0 0.625
    vertex 1.09254637181361 0.0 0.390251000549897
  endloop
endfacet
facet normal -2.71387850463927e-016 1.0 1.77635683940025e-016
  outer loop
    vertex 1.09254637181361 0.0 0.390251000549897
    vertex 0.0 0.0 0.625
    vertex 1.09785328193277 4.44089209850063e-016 0.390928551020152
  endloop
endfacet
facet normal -2.71387850463927e-016 1.0 1.77635683940025e-016
  outer loop
    vertex 1.09785328193277 4.44089209850063e-016 0.390928551020152
    vertex 0.0 0.0 0.625
    vertex 1.10318704547211 2.22044604925031e-016 0.391344887613781
  endloop
endfacet
facet normal -2.71387850463927e-016 1.0 1.77635683940025e-016
  outer loop
    vertex 1.10318704547211 2.22044604925031e-016 0.391344887613781
    vertex 0.0 0.0 0.625
    vertex 1.10853481292805 6.66133814775094e-016 0.391499007339461
  endloop
endfacet
facet normal -2.71387850463927e-016 1.0 1.77635683940025e-016
  outer loop
    vertex 1.10853481292805 6.66133814775094e-016 0.391499007339461
    vertex 0.0 0.0 0.625
    vertex 2.24058794131837 0.0 0.400623632744696
  endloop
endfacet
facet normal -2.71387850463927e-016 1.0 1.77635683940025e-016
  outer loop
    vertex 2.24058794131837 0.0 0.400623632744696
    vertex 0.0 0.0 0.625
    vertex 2.24660612566124 0.0 0.409530018493291
  endloop
endfacet
facet normal -2.71387850463927e-016 1.0 1.77635683940025e-016
  outer loop
    vertex 2.24660612566124 0.0 0.409530018493291
    vertex 0.0 0.0 0.625
    vertex 2.25305407647284 0.0 0.418130377800818
  endloop
endfacet
facet normal -2.71387850463927e-016 1.0 1.77635683940025e-016
  outer loop
    vertex 2.25305407647284 0.0 0.418130377800818
    vertex 0.0 0.0 0.625
    vertex 2.25991626007491 0.0 0.426403991648406
  endloop
endfacet
facet normal -2.71387850463927e-016 1.0 1.77635683940025e-016
  outer loop
    vertex 2.25991626007491 0.0 0.426403991648406
    vertex 0.0 0.0 0.625
    vertex 2.26717614486608 0.0 0.434330928175611
  endloop
endfacet
facet normal -2.71387850463927e-016 1.0 1.77635683940025e-016
  outer loop
    vertex 2.26717614486608 0.0 0.434330928175611
    vertex 0.0 0.0 0.625
    vertex 2.27481624114801 -4.44089209850063e-016 0.441892090698023
  endloop
endfacet
facet normal -2.71387850463927e-016 1.0 1.77635683940025e-016
  outer loop
    vertex 2.27481624114801 -4.44089209850063e-016 0.441892090698023
    vertex 0.0 0.0 0.625
    vertex 2.28281814325955 -2.22044604925031e-016 0.449069263712845
  endloop
endfacet
facet normal -2.71387850463927e-016 1.0 1.77635683940025e-016
  outer loop
    vertex 2.28281814325955 -2.22044604925031e-016 0.449069263712845
    vertex 0.0 0.0 0.625
    vertex 2.29116257391765 0.0 0.455845156781639
  endloop
endfacet
facet normal -2.71387850463927e-016 1.0 1.77635683940025e-016
  outer loop
    vertex 2.29116257391765 0.0 0.455845156781639
    vertex 0.0 0.0 0.625
    vertex 2.29982943065795 -4.44089209850063e-016 0.462203446184503
  endloop
endfacet
facet normal -2.71387850463927e-016 1.0 1.77635683940025e-016
  outer loop
    vertex 2.29982943065795 -4.44089209850063e-016 0.462203446184503
    vertex 0.0 0.0 0.625
    vertex 2.30879783426344 0.0 0.468128814245346
  endloop
endfacet
facet normal -2.71387850463927e-016 1.0 1.77635683940025e-016
  outer loop
    vertex 2.30879783426344 0.0 0.468128814245346
    vertex 0.0 0.0 0.625
    vertex 2.3180461790643 0.0 0.473606986233508
  endloop
endfacet
facet normal -2.71387850463927e-016 1.0 1.77635683940025e-016
  outer loop
    vertex 2.3180461790643 0.0 0.473606986233508
    vertex 0.0 0.0 0.625
    vertex 2.32755218498784 -4.44089209850063e-016 0.478624764752837
  endloop
endfacet
facet normal -2.71387850463927e-016 1.0 1.77635683940025e-016
  outer loop
    vertex 2.32755218498784 -4.44089209850063e-016 0.478624764752837
    vertex 0.0 0.0 0.625
    vertex 2.33729295123316 -2.22044604925031e-016 0.483170061535378
  endloop
endfacet
facet normal -2.71387850463927e-016 1.0 1.77635683940025e-016
  outer loop
    vertex 2.33729295123316 -2.22044604925031e-016 0.483170061535378
    vertex 0.0 0.0 0.625
    vertex 2.3472450114412 -6.66133814775094e-016 0.487231926563057
  endloop
endfacet
facet normal -2.71387850463927e-016 1.0 1.77635683940025e-016
  outer loop
    vertex 2.3472450114412 -6.66133814775094e-016 0.487231926563057
    vertex 0.0 0.0 0.625
    vertex 2.35738439022721 -4.44089209850063e-016 0.490800574447249
  endloop
endfacet
facet normal -2.71387850463927e-016 1.0 1.77635683940025e-016
  outer loop
    vertex 2.35738439022721 -4.44089209850063e-016 0.490800574447249
    vertex 0.0 0.0 0.625
    vertex 2.36768666093958 -4.44089209850063e-016 0.49386740800262
  endloop
endfacet
facet normal -2.71387850463927e-016 1.0 1.77635683940025e-016
  outer loop
    vertex 2.36768666093958 -4.44089209850063e-016 0.49386740800262
    vertex 0.0 0.0 0.625
    vertex 2.37812700450581 -4.44089209850063e-016 0.496425038958515
  endloop
endfacet
facet normal -2.71387850463927e-016 1.0 1.77635683940025e-016
  outer loop
    vertex 2.37812700450581 -4.44089209850063e-016 0.496425038958515
    vertex 0.0 0.0 0.625
    vertex 2.38868026922377 2.22044604925031e-016 0.498467305757939
  endloop
endfacet
facet normal -2.71387850463927e-016 1.0 1.77635683940025e-016
  outer loop
    vertex 2.38868026922377 2.22044604925031e-016 0.498467305757939
    vertex 0.0 0.0 0.625
    vertex 2.39932103135441 -2.22044604925031e-016 0.499989288401289
  endloop
endfacet
facet normal -2.71387850463927e-016 1.0 1.77635683940025e-016
  outer loop
    vertex 2.39932103135441 -2.22044604925031e-016 0.499989288401289
    vertex 0.0 0.0 0.625
    vertex 2.41002365636973 -4.44089209850063e-016 0.50098732029907
  endloop
endfacet
facet normal -2.71387850463927e-016 1.0 1.77635683940025e-016
  outer loop
    vertex 2.41002365636973 -4.44089209850063e-016 0.50098732029907
    vertex 0.0 0.0 0.625
    vertex 2.42076236070862 2.22044604925031e-016 0.501458997105021
  endloop
endfacet
facet normal -2.71387850463927e-016 1.0 1.77635683940025e-016
  outer loop
    vertex 4.5 1.33226762955019e-015 0.0
    vertex 4.30655136381131 6.66133814775094e-016 0.167923784789975
    vertex 4.5 1.11022302462516e-015 0.625
  endloop
endfacet
facet normal -2.71387850463927e-016 1.0 1.77635683940025e-016
  outer loop
    vertex 4.30655136381131 6.66133814775094e-016 0.167923784789975
    vertex 4.5 1.33226762955019e-015 0.0
    vertex 4.30514504195664 6.66133814775094e-016 0.164789013980109
  endloop
endfacet
facet normal -2.71387850463927e-016 1.0 1.77635683940025e-016
  outer loop
    vertex 4.30514504195664 6.66133814775094e-016 0.164789013980109
    vertex 4.5 1.33226762955019e-015 0.0
    vertex 4.30358659816504 6.66133814775094e-016 0.161727024081735
  endloop
endfacet
facet normal -2.71387850463927e-016 1.0 1.77635683940025e-016
  outer loop
    vertex 4.30358659816504 6.66133814775094e-016 0.161727024081735
    vertex 4.5 1.33226762955019e-015 0.0
    vertex 4.30187978686412 6.66133814775094e-016 0.158745191696717
  endloop
endfacet
facet normal -2.71387850463927e-016 1.0 1.77635683940025e-016
  outer loop
    vertex 4.30187978686412 6.66133814775094e-016 0.158745191696717
    vertex 4.5 1.33226762955019e-015 0.0
    vertex 4.30002871991179 6.66133814775094e-016 0.155850700320448
  endloop
endfacet
facet normal -2.71387850463927e-016 1.0 1.77635683940025e-016
  outer loop
    vertex 4.30002871991179 6.66133814775094e-016 0.155850700320448
    vertex 4.5 1.33226762955019e-015 0.0
    vertex 4.29803785669047 8.88178419700125e-016 0.15305052303618
  endloop
endfacet
facet normal -2.71387850463927e-016 1.0 1.77635683940025e-016
  outer loop
    vertex 4.29803785669047 8.88178419700125e-016 0.15305052303618
    vertex 4.5 1.33226762955019e-015 0.0
    vertex 4.29591199336405 4.44089209850063e-016 0.150351405716258
  endloop
endfacet
facet normal -2.71387850463927e-016 1.0 1.77635683940025e-016
  outer loop
    vertex 4.29591199336405 4.44089209850063e-016 0.150351405716258
    vertex 4.5 1.33226762955019e-015 0.0
    vertex 4.29365625132349 8.88178419700125e-016 0.147759850770721
  endloop
endfacet
facet normal -2.71387850463927e-016 1.0 1.77635683940025e-016
  outer loop
    vertex 4.29365625132349 8.88178419700125e-016 0.147759850770721
    vertex 4.5 1.33226762955019e-015 0.0
    vertex 4.29127606484893 6.66133814775094e-016 0.145282101482426
  endloop
endfacet
facet normal -2.71387850463927e-016 1.0 1.77635683940025e-016
  outer loop
    vertex 4.29127606484893 6.66133814775094e-016 0.145282101482426
    vertex 4.5 1.33226762955019e-015 0.0
    vertex 4.28877716801808 8.88178419700125e-016 0.142924126966433
  endloop
endfacet
facet normal -2.71387850463927e-016 1.0 1.77635683940025e-016
  outer loop
    vertex 4.28877716801808 8.88178419700125e-016 0.142924126966433
    vertex 4.5 1.33226762955019e-015 0.0
    vertex 4.28616558089228 8.88178419700125e-016 0.140691607789886
  endloop
endfacet
facet normal -2.71387850463927e-016 1.0 1.77635683940025e-016
  outer loop
    vertex 4.28616558089228 8.88178419700125e-016 0.140691607789886
    vertex 4.5 1.33226762955019e-015 0.0
    vertex 4.28344759501366 4.44089209850063e-016 0.138589922287026
  endloop
endfacet
facet normal -2.71387850463927e-016 1.0 1.77635683940025e-016
  outer loop
    vertex 4.28344759501366 4.44089209850063e-016 0.138589922287026
    vertex 4.5 1.33226762955019e-015 0.0
    vertex 4.28062975824827 1.11022302462516e-015 0.136624133602316
  endloop
endfacet
facet normal -2.71387850463927e-016 1.0 1.77635683940025e-016
  outer loop
    vertex 4.28062975824827 1.11022302462516e-015 0.136624133602316
    vertex 4.5 1.33226762955019e-015 0.0
    vertex 4.27771885901169 6.66133814775094e-016 0.13479897749288
  endloop
endfacet
facet normal -2.71387850463927e-016 1.0 1.77635683940025e-016
  outer loop
    vertex 4.27771885901169 6.66133814775094e-016 0.13479897749288
    vertex 4.5 1.33226762955019e-015 0.0
    vertex 4.27472190991516 6.66133814775094e-016 0.133118850919651
  endloop
endfacet
facet normal -2.71387850463927e-016 1.0 1.77635683940025e-016
  outer loop
    vertex 4.27472190991516 6.66133814775094e-016 0.133118850919651
    vertex 4.5 1.33226762955019e-015 0.0
    vertex 4.27164613087153 8.88178419700125e-016 0.131587801454704
  endloop
endfacet
facet normal -2.71387850463927e-016 1.0 1.77635683940025e-016
  outer loop
    vertex 4.27164613087153 8.88178419700125e-016 0.131587801454704
    vertex 4.5 1.33226762955019e-015 0.0
    vertex 4.26849893170194 4.44089209850063e-016 0.130209517530306
  endloop
endfacet
facet normal -2.71387850463927e-016 1.0 1.77635683940025e-016
  outer loop
    vertex 4.26849893170194 4.44089209850063e-016 0.130209517530306
    vertex 4.5 1.33226762955019e-015 0.0
    vertex 4.26528789428485 8.88178419700125e-016 0.128987319553153
  endloop
endfacet
facet normal -2.71387850463927e-016 1.0 1.77635683940025e-016
  outer loop
    vertex 4.26528789428485 8.88178419700125e-016 0.128987319553153
    vertex 4.5 1.33226762955019e-015 0.0
    vertex 4.26202075429065 8.88178419700125e-016 0.127924151905225
  endloop
endfacet
facet normal -2.71387850463927e-016 1.0 1.77635683940025e-016
  outer loop
    vertex 4.26202075429065 8.88178419700125e-016 0.127924151905225
    vertex 4.5 1.33226762955019e-015 0.0
    vertex 4.25870538254575 1.11022302462516e-015 0.127022575850507
  endloop
endfacet
facet normal -2.71387850463927e-016 1.0 1.77635683940025e-016
  outer loop
    vertex 4.25870538254575 1.11022302462516e-015 0.127022575850507
    vertex 4.5 1.33226762955019e-015 0.0
    vertex 4.25534976607108 6.66133814775094e-016 0.126284763364685
  endloop
endfacet
facet normal -2.71387850463927e-016 1.0 1.77635683940025e-016
  outer loop
    vertex 4.25534976607108 6.66133814775094e-016 0.126284763364685
    vertex 4.5 1.33226762955019e-015 0.0
    vertex 4.25196198884065 6.66133814775094e-016 0.125712491902661
  endloop
endfacet
facet normal -2.71387850463927e-016 1.0 1.77635683940025e-016
  outer loop
    vertex 4.25196198884065 6.66133814775094e-016 0.125712491902661
    vertex 4.5 1.33226762955019e-015 0.0
    vertex 4.24855021230653 8.88178419700125e-016 0.125307140116512
  endloop
endfacet
facet normal -2.71387850463927e-016 1.0 1.77635683940025e-016
  outer loop
    vertex 4.24855021230653 8.88178419700125e-016 0.125307140116512
    vertex 4.5 1.33226762955019e-015 0.0
    vertex 4.24512265573723 8.88178419700125e-016 0.125069684534197
  endloop
endfacet
facet normal -2.71387850463927e-016 1.0 1.77635683940025e-016
  outer loop
    vertex 4.24512265573723 8.88178419700125e-016 0.125069684534197
    vertex 4.5 1.33226762955019e-015 0.0
    vertex 2.4292376392914 4.44089209850063e-016 0.0635410028949773
  endloop
endfacet
facet normal -2.71387850463927e-016 1.0 1.77635683940025e-016
  outer loop
    vertex 4.24512265573723 8.88178419700125e-016 0.125069684534197
    vertex 2.4292376392914 4.44089209850063e-016 0.0635410028949773
    vertex 2.43997634363029 6.66133814775094e-016 0.0640126797009277
  endloop
endfacet
facet normal -2.71387850463927e-016 1.0 1.77635683940025e-016
  outer loop
    vertex 4.24512265573723 8.88178419700125e-016 0.125069684534197
    vertex 2.43997634363029 6.66133814775094e-016 0.0640126797009277
    vertex 2.4506789686456 4.44089209850063e-016 0.0650107115987092
  endloop
endfacet
facet normal -2.71387850463927e-016 1.0 1.77635683940025e-016
  outer loop
    vertex 4.24512265573723 8.88178419700125e-016 0.125069684534197
    vertex 2.4506789686456 4.44089209850063e-016 0.0650107115987092
    vertex 2.46131973077623 2.22044604925031e-016 0.0665326942420604
  endloop
endfacet
facet normal -2.71387850463927e-016 1.0 1.77635683940025e-016
  outer loop
    vertex 4.24512265573723 8.88178419700125e-016 0.125069684534197
    vertex 2.46131973077623 2.22044604925031e-016 0.0665326942420604
    vertex 2.4718729954942 4.44089209850063e-016 0.0685749610414839
  endloop
endfacet
facet normal -2.71387850463927e-016 1.0 1.77635683940025e-016
  outer loop
    vertex 4.24512265573723 8.88178419700125e-016 0.125069684534197
    vertex 2.4718729954942 4.44089209850063e-016 0.0685749610414839
    vertex 2.48231333906044 8.88178419700125e-016 0.0711325919973787
  endloop
endfacet
facet normal -2.71387850463927e-016 1.0 1.77635683940025e-016
  outer loop
    vertex 4.24512265573723 8.88178419700125e-016 0.125069684534197
    vertex 2.48231333906044 8.88178419700125e-016 0.0711325919973787
    vertex 2.49261560977281 8.88178419700125e-016 0.0741994255527505
  endloop
endfacet
facet normal -2.71387850463927e-016 1.0 1.77635683940025e-016
  outer loop
    vertex 4.24512265573723 8.88178419700125e-016 0.125069684534197
    vertex 2.49261560977281 8.88178419700125e-016 0.0741994255527505
    vertex 2.50275498855882 8.88178419700125e-016 0.0777680734369417
  endloop
endfacet
facet normal -2.71387850463927e-016 1.0 1.77635683940025e-016
  outer loop
    vertex 4.24512265573723 8.88178419700125e-016 0.125069684534197
    vertex 2.50275498855882 8.88178419700125e-016 0.0777680734369417
    vertex 2.51270704876685 6.66133814775094e-016 0.0818299384646211
  endloop
endfacet
facet normal -2.71387850463927e-016 1.0 1.77635683940025e-016
  outer loop
    vertex 4.24512265573723 8.88178419700125e-016 0.125069684534197
    vertex 2.51270704876685 6.66133814775094e-016 0.0818299384646211
    vertex 2.52244781501218 6.66133814775094e-016 0.0863752352471626
  endloop
endfacet
facet normal -2.71387850463927e-016 1.0 1.77635683940025e-016
  outer loop
    vertex 4.24512265573723 8.88178419700125e-016 0.125069684534197
    vertex 2.52244781501218 6.66133814775094e-016 0.0863752352471626
    vertex 4.24168757641675 8.88178419700125e-016 0.125000697207011
  endloop
endfacet
facet normal -2.71387850463927e-016 1.0 1.77635683940025e-016
  outer loop
    vertex 4.24168757641675 8.88178419700125e-016 0.125000697207011
    vertex 2.52244781501218 6.66133814775094e-016 0.0863752352471626
    vertex 2.53195382093574 1.11022302462516e-015 0.0913930137664921
  endloop
endfacet
facet normal -2.71387850463927e-016 1.0 1.77635683940025e-016
  outer loop
    vertex 4.24168757641675 8.88178419700125e-016 0.125000697207011
    vertex 2.53195382093574 1.11022302462516e-015 0.0913930137664921
    vertex 2.54120216573658 4.44089209850063e-016 0.0968711857546538
  endloop
endfacet
facet normal -2.71387850463927e-016 1.0 1.77635683940025e-016
  outer loop
    vertex 4.24168757641675 8.88178419700125e-016 0.125000697207011
    vertex 2.54120216573658 4.44089209850063e-016 0.0968711857546538
    vertex 2.55017056934206 6.66133814775094e-016 0.102796553815497
  endloop
endfacet
facet normal -2.71387850463927e-016 1.0 1.77635683940025e-016
  outer loop
    vertex 4.24168757641675 8.88178419700125e-016 0.125000697207011
    vertex 2.55017056934206 6.66133814775094e-016 0.102796553815497
    vertex 2.55883742608237 4.44089209850063e-016 0.109154843218361
  endloop
endfacet
facet normal -2.71387850463927e-016 1.0 1.77635683940025e-016
  outer loop
    vertex 4.24168757641675 8.88178419700125e-016 0.125000697207011
    vertex 2.55883742608237 4.44089209850063e-016 0.109154843218361
    vertex 2.56718185674047 8.88178419700125e-016 0.115930736287154
  endloop
endfacet
facet normal -2.71387850463927e-016 1.0 1.77635683940025e-016
  outer loop
    vertex 4.24168757641675 8.88178419700125e-016 0.125000697207011
    vertex 2.56718185674047 8.88178419700125e-016 0.115930736287154
    vertex 2.575183758852 8.88178419700125e-016 0.123107909301978
  endloop
endfacet
facet normal -2.71387850463927e-016 1.0 1.77635683940025e-016
  outer loop
    vertex 4.5 1.11022302462516e-015 0.625
    vertex 4.30655136381131 6.66133814775094e-016 0.167923784789975
    vertex 4.30780217577653 4.44089209850063e-016 0.171123784573877
  endloop
endfacet
facet normal -2.71387850463927e-016 1.0 1.77635683940025e-016
  outer loop
    vertex 4.5 1.11022302462516e-015 0.625
    vertex 4.30780217577653 4.44089209850063e-016 0.171123784573877
    vertex 4.30889446453671 6.66133814775094e-016 0.174381304252051
  endloop
endfacet
facet normal -2.71387850463927e-016 1.0 1.77635683940025e-016
  outer loop
    vertex 4.5 1.11022302462516e-015 0.625
    vertex 4.30889446453671 6.66133814775094e-016 0.174381304252051
    vertex 4.30982559867256 6.66133814775094e-016 0.177688496174266
  endloop
endfacet
facet normal -2.71387850463927e-016 1.0 1.77635683940025e-016
  outer loop
    vertex 4.5 1.11022302462516e-015 0.625
    vertex 4.30982559867256 6.66133814775094e-016 0.177688496174266
    vertex 4.31059333500039 1.11022302462516e-015 0.181037393025506
  endloop
endfacet
facet normal -2.71387850463927e-016 1.0 1.77635683940025e-016
  outer loop
    vertex 4.5 1.11022302462516e-015 0.625
    vertex 4.31059333500039 1.11022302462516e-015 0.181037393025506
    vertex 4.31119582397614 6.66133814775094e-016 0.184419927019927
  endloop
endfacet
facet normal -2.71387850463927e-016 1.0 1.77635683940025e-016
  outer loop
    vertex 4.5 1.11022302462516e-015 0.625
    vertex 4.31119582397614 6.66133814775094e-016 0.184419927019927
    vertex 4.31163161415108 6.66133814775094e-016 0.187827949336863
  endloop
endfacet
facet normal -2.71387850463927e-016 1.0 1.77635683940025e-016
  outer loop
    vertex 4.5 1.11022302462516e-015 0.625
    vertex 4.31163161415108 6.66133814775094e-016 0.187827949336863
    vertex 4.31189965566853 4.44089209850063e-016 0.191253249752043
  endloop
endfacet
facet normal -2.71387850463927e-016 1.0 1.77635683940025e-016
  outer loop
    vertex 4.5 1.11022302462516e-015 0.625
    vertex 4.31189965566853 4.44089209850063e-016 0.191253249752043
    vertex 4.31199930279299 6.66133814775094e-016 0.194687576416747
  endloop
endfacet
facet normal -2.71387850463927e-016 1.0 1.77635683940025e-016
  outer loop
    vertex 4.5 1.11022302462516e-015 0.625
    vertex 4.31199930279299 6.66133814775094e-016 0.194687576416747
    vertex 4.3119303154658 1.11022302462516e-015 0.198122655737228
  endloop
endfacet
facet normal -2.71387850463927e-016 1.0 1.77635683940025e-016
  outer loop
    vertex 4.5 1.11022302462516e-015 0.625
    vertex 4.3119303154658 1.11022302462516e-015 0.198122655737228
    vertex 4.31169285988349 8.88178419700125e-016 0.201550212306527
  endloop
endfacet
facet normal -2.71387850463927e-016 1.0 1.77635683940025e-016
  outer loop
    vertex 4.5 1.11022302462516e-015 0.625
    vertex 4.31169285988349 8.88178419700125e-016 0.201550212306527
    vertex 4.31128750809734 6.66133814775094e-016 0.204961988840647
  endloop
endfacet
facet normal -2.71387850463927e-016 1.0 1.77635683940025e-016
  outer loop
    vertex 4.5 1.11022302462516e-015 0.625
    vertex 4.31128750809734 6.66133814775094e-016 0.204961988840647
    vertex 4.31071523663532 8.88178419700125e-016 0.208349766071083
  endloop
endfacet
facet normal -2.71387850463927e-016 1.0 1.77635683940025e-016
  outer loop
    vertex 4.5 1.11022302462516e-015 0.625
    vertex 4.31071523663532 8.88178419700125e-016 0.208349766071083
    vertex 4.30997742414949 1.11022302462516e-015 0.211705382545753
  endloop
endfacet
facet normal -2.71387850463927e-016 1.0 1.77635683940025e-016
  outer loop
    vertex 4.5 1.11022302462516e-015 0.625
    vertex 4.30997742414949 1.11022302462516e-015 0.211705382545753
    vertex 4.30907584809478 6.66133814775094e-016 0.215020754290652
  endloop
endfacet
facet normal -2.71387850463927e-016 1.0 1.77635683940025e-016
  outer loop
    vertex 4.5 1.11022302462516e-015 0.625
    vertex 4.30907584809478 6.66133814775094e-016 0.215020754290652
    vertex 4.30801268044685 4.44089209850063e-016 0.218287894284853
  endloop
endfacet
facet normal -2.71387850463927e-016 1.0 1.77635683940025e-016
  outer loop
    vertex 4.5 1.11022302462516e-015 0.625
    vertex 4.30801268044685 4.44089209850063e-016 0.218287894284853
    vertex 4.30679048246969 6.66133814775094e-016 0.221498931701943
  endloop
endfacet
facet normal -2.71387850463927e-016 1.0 1.77635683940025e-016
  outer loop
    vertex 4.5 1.11022302462516e-015 0.625
    vertex 4.30679048246969 6.66133814775094e-016 0.221498931701943
    vertex 4.3054121985453 8.88178419700125e-016 0.224646130871531
  endloop
endfacet
facet normal -2.71387850463927e-016 1.0 1.77635683940025e-016
  outer loop
    vertex 4.5 1.11022302462516e-015 0.625
    vertex 4.3054121985453 8.88178419700125e-016 0.224646130871531
    vertex 4.30388114908035 6.66133814775094e-016 0.227721909915156
  endloop
endfacet
facet normal -2.71387850463927e-016 1.0 1.77635683940025e-016
  outer loop
    vertex 4.5 1.11022302462516e-015 0.625
    vertex 4.30388114908035 6.66133814775094e-016 0.227721909915156
    vertex 4.30220102250712 8.88178419700125e-016 0.230718859011693
  endloop
endfacet
facet normal -2.71387850463927e-016 1.0 1.77635683940025e-016
  outer loop
    vertex 4.5 1.11022302462516e-015 0.625
    vertex 4.30220102250712 8.88178419700125e-016 0.230718859011693
    vertex 4.30037586639768 4.44089209850063e-016 0.233629758248269
  endloop
endfacet
facet normal -2.71387850463927e-016 1.0 1.77635683940025e-016
  outer loop
    vertex 4.5 1.11022302462516e-015 0.625
    vertex 4.30037586639768 4.44089209850063e-016 0.233629758248269
    vertex 4.29841007771297 6.66133814775094e-016 0.236447595013658
  endloop
endfacet
facet normal -2.71387850463927e-016 1.0 1.77635683940025e-016
  outer loop
    vertex 4.5 1.11022302462516e-015 0.625
    vertex 4.29841007771297 6.66133814775094e-016 0.236447595013658
    vertex 4.29630839221011 4.44089209850063e-016 0.239165580892279
  endloop
endfacet
facet normal -2.71387850463927e-016 1.0 1.77635683940025e-016
  outer loop
    vertex 4.5 1.11022302462516e-015 0.625
    vertex 4.29630839221011 4.44089209850063e-016 0.239165580892279
    vertex 4.29407587303357 2.22044604925031e-016 0.241777168018081
  endloop
endfacet
facet normal -2.71387850463927e-016 1.0 1.77635683940025e-016
  outer loop
    vertex 4.5 1.11022302462516e-015 0.625
    vertex 4.29407587303357 2.22044604925031e-016 0.241777168018081
    vertex 4.29171789851757 8.88178419700125e-016 0.244276064848933
  endloop
endfacet
facet normal -2.71387850463927e-016 1.0 1.77635683940025e-016
  outer loop
    vertex 4.5 1.11022302462516e-015 0.625
    vertex 4.29171789851757 8.88178419700125e-016 0.244276064848933
    vertex 4.28924014922928 4.44089209850063e-016 0.246656251323489
  endloop
endfacet
facet normal -2.71387850463927e-016 1.0 1.77635683940025e-016
  outer loop
    vertex 4.5 1.11022302462516e-015 0.625
    vertex 4.28924014922928 4.44089209850063e-016 0.246656251323489
    vertex 4.28664859428374 8.88178419700125e-016 0.248911993364054
  endloop
endfacet
facet normal -2.71387850463927e-016 1.0 1.77635683940025e-016
  outer loop
    vertex 4.5 1.11022302462516e-015 0.625
    vertex 4.28664859428374 8.88178419700125e-016 0.248911993364054
    vertex 4.28394947696382 4.44089209850063e-016 0.251037856690472
  endloop
endfacet
facet normal -2.71387850463927e-016 1.0 1.77635683940025e-016
  outer loop
    vertex 4.5 1.11022302462516e-015 0.625
    vertex 4.28394947696382 4.44089209850063e-016 0.251037856690472
    vertex 4.28114929967955 8.88178419700125e-016 0.253028719911786
  endloop
endfacet
facet normal -2.71387850463927e-016 1.0 1.77635683940025e-016
  outer loop
    vertex 4.5 1.11022302462516e-015 0.625
    vertex 4.28114929967955 8.88178419700125e-016 0.253028719911786
    vertex 4.27825480830328 4.44089209850063e-016 0.254879786864118
  endloop
endfacet
facet normal -2.71387850463927e-016 1.0 1.77635683940025e-016
  outer loop
    vertex 4.5 1.11022302462516e-015 0.625
    vertex 4.27825480830328 4.44089209850063e-016 0.254879786864118
    vertex 4.27527297591826 1.33226762955019e-015 0.256586598165044
  endloop
endfacet
facet normal -2.71387850463927e-016 1.0 1.77635683940025e-016
  outer loop
    vertex 4.5 1.11022302462516e-015 0.625
    vertex 4.27527297591826 1.33226762955019e-015 0.256586598165044
    vertex 4.27221098601989 1.11022302462516e-015 0.258145041956641
  endloop
endfacet
facet normal -2.71387850463927e-016 1.0 1.77635683940025e-016
  outer loop
    vertex 4.5 1.11022302462516e-015 0.625
    vertex 4.27221098601989 1.11022302462516e-015 0.258145041956641
    vertex 4.26907621521003 8.88178419700125e-016 0.259551363811312
  endloop
endfacet
facet normal -2.71387850463927e-016 1.0 1.77635683940025e-016
  outer loop
    vertex 4.5 1.11022302462516e-015 0.625
    vertex 4.26907621521003 8.88178419700125e-016 0.259551363811312
    vertex 4.26587621542612 1.11022302462516e-015 0.26080217577653
  endloop
endfacet
facet normal -2.71387850463927e-016 1.0 1.77635683940025e-016
  outer loop
    vertex 4.5 1.11022302462516e-015 0.625
    vertex 4.26587621542612 1.11022302462516e-015 0.26080217577653
    vertex 4.26261869574795 8.88178419700125e-016 0.261894464536712
  endloop
endfacet
facet normal -2.71387850463927e-016 1.0 1.77635683940025e-016
  outer loop
    vertex 4.5 1.11022302462516e-015 0.625
    vertex 4.26261869574795 8.88178419700125e-016 0.261894464536712
    vertex 4.25931150382573 1.33226762955019e-015 0.262825598672563
  endloop
endfacet
facet normal -2.71387850463927e-016 1.0 1.77635683940025e-016
  outer loop
    vertex 4.5 1.11022302462516e-015 0.625
    vertex 4.25931150382573 1.33226762955019e-015 0.262825598672563
    vertex 4.25596260697449 1.33226762955019e-015 0.263593335000391
  endloop
endfacet
facet normal -2.71387850463927e-016 1.0 1.77635683940025e-016
  outer loop
    vertex 4.5 1.11022302462516e-015 0.625
    vertex 4.25596260697449 1.33226762955019e-015 0.263593335000391
    vertex 4.25258007298007 1.33226762955019e-015 0.264195823976135
  endloop
endfacet
facet normal -2.71387850463927e-016 1.0 1.77635683940025e-016
  outer loop
    vertex 4.5 1.11022302462516e-015 0.625
    vertex 4.25258007298007 1.33226762955019e-015 0.264195823976135
    vertex 4.24917205066314 1.33226762955019e-015 0.264631614151083
  endloop
endfacet
facet normal -2.71387850463927e-016 1.0 1.77635683940025e-016
  outer loop
    vertex 4.5 1.11022302462516e-015 0.625
    vertex 4.24917205066314 1.33226762955019e-015 0.264631614151083
    vertex 4.24574675024796 1.33226762955019e-015 0.264899655668532
  endloop
endfacet
facet normal -2.71387850463927e-016 1.0 1.77635683940025e-016
  outer loop
    vertex 4.5 1.11022302462516e-015 0.625
    vertex 4.24574675024796 1.33226762955019e-015 0.264899655668532
    vertex 4.24231242358325 1.11022302462516e-015 0.264999302792989
  endloop
endfacet
facet normal -2.71387850463927e-016 1.0 1.77635683940025e-016
  outer loop
    vertex 4.5 1.11022302462516e-015 0.625
    vertex 4.24231242358325 1.11022302462516e-015 0.264999302792989
    vertex 3.49908532026947 1.77635683940025e-015 0.268408742346886
  endloop
endfacet
facet normal -2.71387850463927e-016 1.0 1.77635683940025e-016
  outer loop
    vertex 4.5 1.11022302462516e-015 0.625
    vertex 3.49908532026947 1.77635683940025e-015 0.268408742346886
    vertex 3.49964655200901 1.11022302462516e-015 0.273729211178411
  endloop
endfacet
facet normal -2.71387850463927e-016 1.0 1.77635683940025e-016
  outer loop
    vertex 4.5 1.11022302462516e-015 0.625
    vertex 3.49964655200901 1.11022302462516e-015 0.273729211178411
    vertex 3.49994604468845 1.33226762955019e-015 0.279070809608437
  endloop
endfacet
facet normal -2.71387850463927e-016 1.0 1.77635683940025e-016
  outer loop
    vertex 4.5 1.11022302462516e-015 0.625
    vertex 3.49994604468845 1.33226762955019e-015 0.279070809608437
    vertex 3.49998307680369 1.11022302462516e-015 0.284420669258477
  endloop
endfacet
facet normal -2.71387850463927e-016 1.0 1.77635683940025e-016
  outer loop
    vertex 4.5 1.11022302462516e-015 0.625
    vertex 3.49998307680369 1.11022302462516e-015 0.284420669258477
    vertex 3.49975755914112 1.55431223447522e-015 0.289765901848044
  endloop
endfacet
facet normal -2.71387850463927e-016 1.0 1.77635683940025e-016
  outer loop
    vertex 4.5 1.11022302462516e-015 0.625
    vertex 3.49975755914112 1.55431223447522e-015 0.289765901848044
    vertex 3.49927003499254 1.33226762955019e-015 0.29509363024364
  endloop
endfacet
facet normal -2.71387850463927e-016 1.0 1.77635683940025e-016
  outer loop
    vertex 4.5 1.11022302462516e-015 0.625
    vertex 3.49927003499254 1.33226762955019e-015 0.29509363024364
    vertex 3.49852167884633 1.33226762955019e-015 0.300391019480908
  endloop
endfacet
facet normal -2.71387850463927e-016 1.0 1.77635683940025e-016
  outer loop
    vertex 4.5 1.11022302462516e-015 0.625
    vertex 3.49852167884633 1.33226762955019e-015 0.300391019480908
    vertex 3.49751429355799 1.55431223447522e-015 0.305645307685178
  endloop
endfacet
facet normal -2.71387850463927e-016 1.0 1.77635683940025e-016
  outer loop
    vertex 4.5 1.11022302462516e-015 0.625
    vertex 3.49751429355799 1.55431223447522e-015 0.305645307685178
    vertex 3.49625030600692 8.88178419700125e-016 0.310843836815946
  endloop
endfacet
facet normal -2.71387850463927e-016 1.0 1.77635683940025e-016
  outer loop
    vertex 4.5 1.11022302462516e-015 0.625
    vertex 3.49625030600692 8.88178419700125e-016 0.310843836815946
    vertex 3.49473276124985 1.33226762955019e-015 0.315974083161196
  endloop
endfacet
facet normal -2.71387850463927e-016 1.0 1.77635683940025e-016
  outer loop
    vertex 4.5 1.11022302462516e-015 0.625
    vertex 3.49473276124985 1.33226762955019e-015 0.315974083161196
    vertex 3.492965315185 1.55431223447522e-015 0.321023687508128
  endloop
endfacet
facet normal -2.71387850463927e-016 1.0 1.77635683940025e-016
  outer loop
    vertex 4.5 1.11022302462516e-015 0.625
    vertex 3.492965315185 1.55431223447522e-015 0.321023687508128
    vertex 3.49095222574477 1.33226762955019e-015 0.325980484917576
  endloop
endfacet
facet normal -2.71387850463927e-016 1.0 1.77635683940025e-016
  outer loop
    vertex 4.5 1.11022302462516e-015 0.625
    vertex 3.49095222574477 1.33226762955019e-015 0.325980484917576
    vertex 3.48869834263793 1.33226762955019e-015 0.330832534030417
  endloop
endfacet
facet normal -2.71387850463927e-016 1.0 1.77635683940025e-016
  outer loop
    vertex 4.5 1.11022302462516e-015 0.625
    vertex 3.48869834263793 1.33226762955019e-015 0.330832534030417
    vertex 3.48620909566632 1.55431223447522e-015 0.335568145835349
  endloop
endfacet
facet normal -2.71387850463927e-016 1.0 1.77635683940025e-016
  outer loop
    vertex 4.5 1.11022302462516e-015 0.625
    vertex 3.48620909566632 1.55431223447522e-015 0.335568145835349
    vertex 3.48349048164391 1.11022302462516e-015 0.340175911828743
  endloop
endfacet
facet normal -2.71387850463927e-016 1.0 1.77635683940025e-016
  outer loop
    vertex 4.5 1.11022302462516e-015 0.625
    vertex 3.48349048164391 1.11022302462516e-015 0.340175911828743
    vertex 3.48054904995002 1.11022302462516e-015 0.344644731498728
  endloop
endfacet
facet normal -2.71387850463927e-016 1.0 1.77635683940025e-016
  outer loop
    vertex 4.5 1.11022302462516e-015 0.625
    vertex 3.48054904995002 1.11022302462516e-015 0.344644731498728
    vertex 3.47739188675123 1.33226762955019e-015 0.348963839067297
  endloop
endfacet
facet normal -2.71387850463927e-016 1.0 1.77635683940025e-016
  outer loop
    vertex 4.5 1.11022302462516e-015 0.625
    vertex 3.47739188675123 1.33226762955019e-015 0.348963839067297
    vertex 3.47402659793021 1.33226762955019e-015 0.353122829426009
  endloop
endfacet
facet normal -2.71387850463927e-016 1.0 1.77635683940025e-016
  outer loop
    vertex 4.5 1.11022302462516e-015 0.625
    vertex 3.47402659793021 1.33226762955019e-015 0.353122829426009
    vertex 3.47046129076251 1.33226762955019e-015 0.357111683202803
  endloop
endfacet
facet normal -2.71387850463927e-016 1.0 1.77635683940025e-016
  outer loop
    vertex 4.5 1.11022302462516e-015 0.625
    vertex 3.47046129076251 1.33226762955019e-015 0.357111683202803
    vertex 3.46670455438538 1.33226762955019e-015 0.360920790899551
  endloop
endfacet
facet normal -2.71387850463927e-016 1.0 1.77635683940025e-016
  outer loop
    vertex 4.5 1.11022302462516e-015 0.625
    vertex 3.46670455438538 1.33226762955019e-015 0.360920790899551
    vertex 3.4627654391058 1.11022302462516e-015 0.364540976042172
  endloop
endfacet
facet normal -2.71387850463927e-016 1.0 1.77635683940025e-016
  outer loop
    vertex 4.5 1.11022302462516e-015 0.625
    vertex 3.4627654391058 1.11022302462516e-015 0.364540976042172
    vertex 3.4586534345975 1.11022302462516e-015 0.367963517287566
  endloop
endfacet
facet normal -2.71387850463927e-016 1.0 1.77635683940025e-016
  outer loop
    vertex 4.5 1.11022302462516e-015 0.625
    vertex 3.4586534345975 1.11022302462516e-015 0.367963517287566
    vertex 3.45437844703951 1.77635683940025e-015 0.371180169434094
  endloop
endfacet
facet normal -2.71387850463927e-016 1.0 1.77635683940025e-016
  outer loop
    vertex 4.5 1.11022302462516e-015 0.625
    vertex 3.45437844703951 1.77635683940025e-015 0.371180169434094
    vertex 3.44995077525131 1.11022302462516e-015 0.37418318328499
  endloop
endfacet
facet normal -2.71387850463927e-016 1.0 1.77635683940025e-016
  outer loop
    vertex 4.5 1.11022302462516e-015 0.625
    vertex 3.44995077525131 1.11022302462516e-015 0.37418318328499
    vertex 3.44538108588206 1.55431223447522e-015 0.376965324316854
  endloop
endfacet
facet normal -2.71387850463927e-016 1.0 1.77635683940025e-016
  outer loop
    vertex 4.5 1.11022302462516e-015 0.625
    vertex 3.44538108588206 1.55431223447522e-015 0.376965324316854
    vertex 3.44068038771369 1.11022302462516e-015 0.379519890108254
  endloop
endfacet
facet normal -2.71387850463927e-016 1.0 1.77635683940025e-016
  outer loop
    vertex 4.5 1.11022302462516e-015 0.625
    vertex 3.44068038771369 1.11022302462516e-015 0.379519890108254
    vertex 3.43586000513983 8.88178419700125e-016 0.381840726486445
  endloop
endfacet
facet normal -2.71387850463927e-016 1.0 1.77635683940025e-016
  outer loop
    vertex 4.5 1.11022302462516e-015 0.625
    vertex 3.43586000513983 8.88178419700125e-016 0.381840726486445
    vertex 3.43093155088432 1.11022302462516e-015 0.383922242353309
  endloop
endfacet
facet normal -2.71387850463927e-016 1.0 1.77635683940025e-016
  outer loop
    vertex 4.5 1.11022302462516e-015 0.625
    vertex 3.43093155088432 1.11022302462516e-015 0.383922242353309
    vertex 3.42590689802513 1.33226762955019e-015 0.385759423154805
  endloop
endfacet
facet normal -2.71387850463927e-016 1.0 1.77635683940025e-016
  outer loop
    vertex 4.5 1.11022302462516e-015 0.625
    vertex 3.42590689802513 1.33226762955019e-015 0.385759423154805
    vertex 3.42079815139112 1.55431223447522e-015 0.387347842961464
  endloop
endfacet
facet normal -2.71387850463927e-016 1.0 1.77635683940025e-016
  outer loop
    vertex 4.5 1.11022302462516e-015 0.625
    vertex 3.42079815139112 1.55431223447522e-015 0.387347842961464
    vertex 3.4156176184004 8.88178419700125e-016 0.388683675130842
  endloop
endfacet
facet normal -2.71387850463927e-016 1.0 1.77635683940025e-016
  outer loop
    vertex 4.5 1.11022302462516e-015 0.625
    vertex 3.4156176184004 8.88178419700125e-016 0.388683675130842
    vertex 3.4103777794107 1.11022302462516e-015 0.389763701526239
  endloop
endfacet
facet normal -2.71387850463927e-016 1.0 1.77635683940025e-016
  outer loop
    vertex 4.5 1.11022302462516e-015 0.625
    vertex 3.4103777794107 1.11022302462516e-015 0.389763701526239
    vertex 3.40509125765311 1.11022302462516e-015 0.390585320269468
  endloop
endfacet
facet normal -2.71387850463927e-016 1.0 1.77635683940025e-016
  outer loop
    vertex 4.5 1.11022302462516e-015 0.625
    vertex 3.40509125765311 1.11022302462516e-015 0.390585320269468
    vertex 3.39977078882159 1.55431223447522e-015 0.391146552009012
  endloop
endfacet
facet normal -2.71387850463927e-016 1.0 1.77635683940025e-016
  outer loop
    vertex 4.5 1.11022302462516e-015 0.625
    vertex 3.39977078882159 1.55431223447522e-015 0.391146552009012
    vertex 3.39442919039156 8.88178419700125e-016 0.391446044688453
  endloop
endfacet
facet normal -2.71387850463927e-016 1.0 1.77635683940025e-016
  outer loop
    vertex 4.5 1.11022302462516e-015 0.625
    vertex 3.39442919039156 8.88178419700125e-016 0.391446044688453
    vertex 3.38907933074152 8.88178419700125e-016 0.391483076803692
  endloop
endfacet
facet normal -2.71387850463927e-016 1.0 1.77635683940025e-016
  outer loop
    vertex 4.5 1.11022302462516e-015 0.625
    vertex 3.38907933074152 8.88178419700125e-016 0.391483076803692
    vertex 2.61062881424536 1.11022302462516e-015 0.398702165736568
  endloop
endfacet
facet normal -2.71387850463927e-016 1.0 1.77635683940025e-016
  outer loop
    vertex 4.5 1.11022302462516e-015 0.625
    vertex 2.61062881424536 1.11022302462516e-015 0.398702165736568
    vertex 2.60470344618451 6.66133814775094e-016 0.407670569342057
  endloop
endfacet
facet normal -2.71387850463927e-016 1.0 1.77635683940025e-016
  outer loop
    vertex 4.5 1.11022302462516e-015 0.625
    vertex 2.60470344618451 6.66133814775094e-016 0.407670569342057
    vertex 2.59834515678165 1.11022302462516e-015 0.416337426082362
  endloop
endfacet
facet normal -2.71387850463927e-016 1.0 1.77635683940025e-016
  outer loop
    vertex 4.5 1.11022302462516e-015 0.625
    vertex 2.59834515678165 1.11022302462516e-015 0.416337426082362
    vertex 2.59156926371287 6.66133814775094e-016 0.424681856740452
  endloop
endfacet
facet normal -2.71387850463927e-016 1.0 1.77635683940025e-016
  outer loop
    vertex 4.5 1.11022302462516e-015 0.625
    vertex 2.59156926371287 6.66133814775094e-016 0.424681856740452
    vertex 2.58439209069805 1.11022302462516e-015 0.432683758851997
  endloop
endfacet
facet normal -2.71387850463927e-016 1.0 1.77635683940025e-016
  outer loop
    vertex 4.5 1.11022302462516e-015 0.625
    vertex 2.58439209069805 1.11022302462516e-015 0.432683758851997
    vertex 2.57683092817562 6.66133814775094e-016 0.440323855133928
  endloop
endfacet
facet normal -2.71387850463927e-016 1.0 1.77635683940025e-016
  outer loop
    vertex 4.5 1.11022302462516e-015 0.625
    vertex 2.57683092817562 6.66133814775094e-016 0.440323855133928
    vertex 2.56890399164841 8.88178419700125e-016 0.4475837399251
  endloop
endfacet
facet normal -2.71387850463927e-016 1.0 1.77635683940025e-016
  outer loop
    vertex 4.5 1.11022302462516e-015 0.625
    vertex 2.56890399164841 8.88178419700125e-016 0.4475837399251
    vertex 2.56063037780085 1.11022302462516e-015 0.454445923527169
  endloop
endfacet
facet normal -2.71387850463927e-016 1.0 1.77635683940025e-016
  outer loop
    vertex 4.5 1.11022302462516e-015 0.625
    vertex 2.56063037780085 1.11022302462516e-015 0.454445923527169
    vertex 2.55203001849331 8.88178419700125e-016 0.460893874338774
  endloop
endfacet
facet normal -2.71387850463927e-016 1.0 1.77635683940025e-016
  outer loop
    vertex 4.5 1.11022302462516e-015 0.625
    vertex 2.55203001849331 8.88178419700125e-016 0.460893874338774
    vertex 2.54312363274471 6.66133814775094e-016 0.466912058681636
  endloop
endfacet
facet normal -2.71387850463927e-016 1.0 1.77635683940025e-016
  outer loop
    vertex 4.5 1.11022302462516e-015 0.625
    vertex 2.54312363274471 6.66133814775094e-016 0.466912058681636
    vertex 2.53393267681843 8.88178419700125e-016 0.472485978222551
  endloop
endfacet
facet normal -2.71387850463927e-016 1.0 1.77635683940025e-016
  outer loop
    vertex 4.5 1.11022302462516e-015 0.625
    vertex 2.53393267681843 8.88178419700125e-016 0.472485978222551
    vertex 2.52447929253232 8.88178419700125e-016 0.477602204901117
  endloop
endfacet
facet normal -2.71387850463927e-016 1.0 1.77635683940025e-016
  outer loop
    vertex 4.5 1.11022302462516e-015 0.625
    vertex 2.52447929253232 8.88178419700125e-016 0.477602204901117
    vertex 2.51478625391714 6.66133814775094e-016 0.48224841327914
  endloop
endfacet
facet normal -2.71387850463927e-016 1.0 1.77635683940025e-016
  outer loop
    vertex 4.5 1.11022302462516e-015 0.625
    vertex 2.51478625391714 6.66133814775094e-016 0.48224841327914
    vertex 2.5048769123519 8.88178419700125e-016 0.486413410233682
  endloop
endfacet
facet normal -2.71387850463927e-016 1.0 1.77635683940025e-016
  outer loop
    vertex 4.5 1.11022302462516e-015 0.625
    vertex 2.5048769123519 8.88178419700125e-016 0.486413410233682
    vertex 2.49477514030844 8.88178419700125e-016 0.490087161922264
  endloop
endfacet
facet normal -2.71387850463927e-016 1.0 1.77635683940025e-016
  outer loop
    vertex 4.5 1.11022302462516e-015 0.625
    vertex 2.49477514030844 8.88178419700125e-016 0.490087161922264
    vertex 2.48450527384039 6.66133814775094e-016 0.493260817955293
  endloop
endfacet
facet normal -2.71387850463927e-016 1.0 1.77635683940025e-016
  outer loop
    vertex 4.5 1.11022302462516e-015 0.625
    vertex 2.48450527384039 6.66133814775094e-016 0.493260817955293
    vertex 2.47409205395563 4.44089209850063e-016 0.495926732717396
  endloop
endfacet
facet normal -2.71387850463927e-016 1.0 1.77635683940025e-016
  outer loop
    vertex 4.5 1.11022302462516e-015 0.625
    vertex 2.47409205395563 4.44089209850063e-016 0.495926732717396
    vertex 2.46356056701293 8.88178419700125e-016 0.498078483786406
  endloop
endfacet
facet normal -2.71387850463927e-016 1.0 1.77635683940025e-016
  outer loop
    vertex 4.5 1.11022302462516e-015 0.625
    vertex 2.46356056701293 8.88178419700125e-016 0.498078483786406
    vertex 2.45293618428677 6.66133814775094e-016 0.499710887405538
  endloop
endfacet
facet normal -2.71387850463927e-016 1.0 1.77635683940025e-016
  outer loop
    vertex 4.5 1.11022302462516e-015 0.625
    vertex 2.45293618428677 6.66133814775094e-016 0.499710887405538
    vertex 2.44224450084575 1.11022302462516e-015 0.500820010971473
  endloop
endfacet
facet normal -2.71387850463927e-016 1.0 1.77635683940025e-016
  outer loop
    vertex 4.5 1.11022302462516e-015 0.625
    vertex 2.44224450084575 1.11022302462516e-015 0.500820010971473
    vertex 2.43151127389176 8.88178419700125e-016 0.501403182508405
  endloop
endfacet
facet normal -2.71387850463927e-016 1.0 1.77635683940025e-016
  outer loop
    vertex 4.5 1.11022302462516e-015 0.625
    vertex 2.43151127389176 8.88178419700125e-016 0.501403182508405
    vertex 2.42500000000001 -2.22044604925031e-016 0.501436992822022
  endloop
endfacet
facet normal -2.71387850463927e-016 1.0 1.77635683940025e-016
  outer loop
    vertex 4.5 1.11022302462516e-015 0.625
    vertex 2.42500000000001 -2.22044604925031e-016 0.501436992822022
    vertex 2.42076236070862 2.22044604925031e-016 0.501458997105021
  endloop
endfacet
facet normal -2.71387850463927e-016 1.0 1.77635683940025e-016
  outer loop
    vertex 4.5 1.11022302462516e-015 0.625
    vertex 2.42076236070862 2.22044604925031e-016 0.501458997105021
    vertex 0.0 0.0 0.625
  endloop
endfacet
facet normal -2.71387850463927e-016 1.0 1.77635683940025e-016
  outer loop
    vertex 2.27316907182439 -4.44089209850063e-016 0.124676144866081
    vertex 0.259852544888597 0.0 0.125024518026413
    vertex 2.26560790930198 -6.66133814775094e-016 0.132316241148009
  endloop
endfacet
facet normal -2.71387850463927e-016 1.0 1.77635683940025e-016
  outer loop
    vertex 0.259852544888597 0.0 0.125024518026413
    vertex 2.27316907182439 -4.44089209850063e-016 0.124676144866081
    vertex 0.256416779256764 -4.44089209850063e-016 0.125017906489744
  endloop
endfacet
facet normal -2.71387850463927e-016 1.0 1.77635683940025e-016
  outer loop
    vertex 2.26560790930198 -6.66133814775094e-016 0.132316241148009
    vertex 0.259852544888597 0.0 0.125024518026413
    vertex 0.263283847577532 0.0 0.125199706628286
  endloop
endfacet
facet normal -2.71387850463927e-016 1.0 1.77635683940025e-016
  outer loop
    vertex 2.26560790930198 -6.66133814775094e-016 0.132316241148009
    vertex 0.263283847577532 0.0 0.125199706628286
    vertex 0.266702421014841 0.0 0.125543050250674
  endloop
endfacet
facet normal -2.71387850463927e-016 1.0 1.77635683940025e-016
  outer loop
    vertex 2.26560790930198 -6.66133814775094e-016 0.132316241148009
    vertex 0.266702421014841 0.0 0.125543050250674
    vertex 0.270100029557684 0.0 0.126053721748718
  endloop
endfacet
facet normal -2.71387850463927e-016 1.0 1.77635683940025e-016
  outer loop
    vertex 2.26560790930198 -6.66133814775094e-016 0.132316241148009
    vertex 0.270100029557684 0.0 0.126053721748718
    vertex 0.273468488069483 0.0 0.126730490870051
  endloop
endfacet
facet normal -2.71387850463927e-016 1.0 1.77635683940025e-016
  outer loop
    vertex 2.26560790930198 -6.66133814775094e-016 0.132316241148009
    vertex 0.273468488069483 0.0 0.126730490870051
    vertex 0.276799681638645 0.0 0.12757172721858
  endloop
endfacet
facet normal -2.71387850463927e-016 1.0 1.77635683940025e-016
  outer loop
    vertex 2.26560790930198 -6.66133814775094e-016 0.132316241148009
    vertex 0.276799681638645 0.0 0.12757172721858
    vertex 0.280085585128082 -2.22044604925031e-016 0.128575404182259
  endloop
endfacet
facet normal -2.71387850463927e-016 1.0 1.77635683940025e-016
  outer loop
    vertex 2.26560790930198 -6.66133814775094e-016 0.132316241148009
    vertex 0.280085585128082 -2.22044604925031e-016 0.128575404182259
    vertex 0.283318282508476 0.0 0.129739103815371
  endloop
endfacet
facet normal -2.71387850463927e-016 1.0 1.77635683940025e-016
  outer loop
    vertex 2.26560790930198 -6.66133814775094e-016 0.132316241148009
    vertex 0.283318282508476 0.0 0.129739103815371
    vertex 0.286489985928688 -2.22044604925031e-016 0.13106002266357
  endloop
endfacet
facet normal -2.71387850463927e-016 1.0 1.77635683940025e-016
  outer loop
    vertex 2.26560790930198 -6.66133814775094e-016 0.132316241148009
    vertex 0.286489985928688 -2.22044604925031e-016 0.13106002266357
    vertex 0.289593054477368 2.22044604925031e-016 0.132534978517654
  endloop
endfacet
facet normal -2.71387850463927e-016 1.0 1.77635683940025e-016
  outer loop
    vertex 2.26560790930198 -6.66133814775094e-016 0.132316241148009
    vertex 0.289593054477368 2.22044604925031e-016 0.132534978517654
    vertex 2.25843073628715 -8.88178419700125e-016 0.140318143259555
  endloop
endfacet
facet normal -2.71387850463927e-016 1.0 1.77635683940025e-016
  outer loop
    vertex 2.25843073628715 -8.88178419700125e-016 0.140318143259555
    vertex 0.289593054477368 2.22044604925031e-016 0.132534978517654
    vertex 0.292620012590589 0.0 0.134160418079778
  endloop
endfacet
facet normal -2.71387850463927e-016 1.0 1.77635683940025e-016
  outer loop
    vertex 2.25843073628715 -8.88178419700125e-016 0.140318143259555
    vertex 0.292620012590589 0.0 0.134160418079778
    vertex 0.295563568061124 -2.22044604925031e-016 0.135932425523666
  endloop
endfacet
facet normal -2.71387850463927e-016 1.0 1.77635683940025e-016
  outer loop
    vertex 2.25843073628715 -8.88178419700125e-016 0.140318143259555
    vertex 0.295563568061124 -2.22044604925031e-016 0.135932425523666
    vertex 0.29841662960602 0.0 0.137846731928176
  endloop
endfacet
facet normal -2.71387850463927e-016 1.0 1.77635683940025e-016
  outer loop
    vertex 2.25843073628715 -8.88178419700125e-016 0.140318143259555
    vertex 0.29841662960602 0.0 0.137846731928176
    vertex 0.301172323950116 0.0 0.139898725561506
  endloop
endfacet
facet normal -2.71387850463927e-016 1.0 1.77635683940025e-016
  outer loop
    vertex 2.25843073628715 -8.88178419700125e-016 0.140318143259555
    vertex 0.301172323950116 0.0 0.139898725561506
    vertex 0.303824012384368 0.0 0.14208346299126
  endloop
endfacet
facet normal -2.71387850463927e-016 1.0 1.77635683940025e-016
  outer loop
    vertex 2.25843073628715 -8.88178419700125e-016 0.140318143259555
    vertex 0.303824012384368 0.0 0.14208346299126
    vertex 2.25165484321836 -4.44089209850063e-016 0.148662573917648
  endloop
endfacet
facet normal -2.71387850463927e-016 1.0 1.77635683940025e-016
  outer loop
    vertex 2.25165484321836 -4.44089209850063e-016 0.148662573917648
    vertex 0.303824012384368 0.0 0.14208346299126
    vertex 0.306365306759075 -2.22044604925031e-016 0.14439568099361
  endloop
endfacet
facet normal -2.71387850463927e-016 1.0 1.77635683940025e-016
  outer loop
    vertex 2.25165484321836 -4.44089209850063e-016 0.148662573917648
    vertex 0.306365306759075 -2.22044604925031e-016 0.14439568099361
    vertex 0.3087900848735 0.0 0.14682980923286
  endloop
endfacet
facet normal -2.71387850463927e-016 1.0 1.77635683940025e-016
  outer loop
    vertex 2.25165484321836 -4.44089209850063e-016 0.148662573917648
    vertex 0.3087900848735 0.0 0.14682980923286
    vertex 0.311092505224778 0.0 0.149379983680879
  endloop
endfacet
facet normal -2.71387850463927e-016 1.0 1.77635683940025e-016
  outer loop
    vertex 2.25165484321836 -4.44089209850063e-016 0.148662573917648
    vertex 0.311092505224778 0.0 0.149379983680879
    vertex 2.24529655381549 -8.88178419700125e-016 0.157329430657949
  endloop
endfacet
facet normal -2.71387850463927e-016 1.0 1.77635683940025e-016
  outer loop
    vertex 2.24529655381549 -8.88178419700125e-016 0.157329430657949
    vertex 0.311092505224778 0.0 0.149379983680879
    vertex 0.313267021080616 2.22044604925031e-016 0.152040060744052
  endloop
endfacet
facet normal -2.71387850463927e-016 1.0 1.77635683940025e-016
  outer loop
    vertex 2.24529655381549 -8.88178419700125e-016 0.157329430657949
    vertex 0.313267021080616 2.22044604925031e-016 0.152040060744052
    vertex 0.315308393841851 -2.22044604925031e-016 0.15480363206374
  endloop
endfacet
facet normal -2.71387850463927e-016 1.0 1.77635683940025e-016
  outer loop
    vertex 2.24529655381549 -8.88178419700125e-016 0.157329430657949
    vertex 0.315308393841851 -2.22044604925031e-016 0.15480363206374
    vertex 0.317211705662699 0.0 0.157664039954571
  endloop
endfacet
facet normal -2.71387850463927e-016 1.0 1.77635683940025e-016
  outer loop
    vertex 2.24529655381549 -8.88178419700125e-016 0.157329430657949
    vertex 0.317211705662699 0.0 0.157664039954571
    vertex 2.23937118575465 -4.44089209850063e-016 0.16629783426344
  endloop
endfacet
facet normal -2.71387850463927e-016 1.0 1.77635683940025e-016
  outer loop
    vertex 2.23937118575465 -4.44089209850063e-016 0.16629783426344
    vertex 0.317211705662699 0.0 0.157664039954571
    vertex 0.318972371298272 -2.22044604925031e-016 0.160614393443396
  endloop
endfacet
facet normal -2.71387850463927e-016 1.0 1.77635683940025e-016
  outer loop
    vertex 2.23937118575465 -4.44089209850063e-016 0.16629783426344
    vertex 0.318972371298272 -2.22044604925031e-016 0.160614393443396
    vertex 0.32058614915084 2.22044604925031e-016 0.163647584870239
  endloop
endfacet
facet normal -2.71387850463927e-016 1.0 1.77635683940025e-016
  outer loop
    vertex 2.23937118575465 -4.44089209850063e-016 0.16629783426344
    vertex 0.32058614915084 2.22044604925031e-016 0.163647584870239
    vertex 0.322049151488203 0.0 0.166756307011277
  endloop
endfacet
facet normal -2.71387850463927e-016 1.0 1.77635683940025e-016
  outer loop
    vertex 2.23937118575465 -4.44089209850063e-016 0.16629783426344
    vertex 0.322049151488203 0.0 0.166756307011277
    vertex 2.23389301376649 -4.44089209850063e-016 0.175546179064299
  endloop
endfacet
facet normal -2.71387850463927e-016 1.0 1.77635683940025e-016
  outer loop
    vertex 2.23389301376649 -4.44089209850063e-016 0.175546179064299
    vertex 0.322049151488203 0.0 0.166756307011277
    vertex 0.323357853809588 -2.22044604925031e-016 0.16993307068258
  endloop
endfacet
facet normal -2.71387850463927e-016 1.0 1.77635683940025e-016
  outer loop
    vertex 2.23389301376649 -4.44089209850063e-016 0.175546179064299
    vertex 0.323357853809588 -2.22044604925031e-016 0.16993307068258
    vertex 1.10946518707195 2.22044604925031e-016 0.173500992660538
  endloop
endfacet
facet normal -2.71387850463927e-016 1.0 1.77635683940025e-016
  outer loop
    vertex 1.10946518707195 2.22044604925031e-016 0.173500992660538
    vertex 0.323357853809588 -2.22044604925031e-016 0.16993307068258
    vertex 0.324509103336474 0.0 0.173170222782213
  endloop
endfacet
facet normal -2.71387850463927e-016 1.0 1.77635683940025e-016
  outer loop
    vertex 2.23389301376649 -4.44089209850063e-016 0.175546179064299
    vertex 1.10946518707195 2.22044604925031e-016 0.173500992660538
    vertex 1.11481295452789 -2.22044604925031e-016 0.173655112386219
  endloop
endfacet
facet normal -2.71387850463927e-016 1.0 1.77635683940025e-016
  outer loop
    vertex 2.23389301376649 -4.44089209850063e-016 0.175546179064299
    vertex 1.11481295452789 -2.22044604925031e-016 0.173655112386219
    vertex 1.12014671806722 0.0 0.174071448979847
  endloop
endfacet
facet normal -2.71387850463927e-016 1.0 1.77635683940025e-016
  outer loop
    vertex 2.23389301376649 -4.44089209850063e-016 0.175546179064299
    vertex 1.12014671806722 0.0 0.174071448979847
    vertex 1.12545362818639 -2.22044604925031e-016 0.174748999450103
  endloop
endfacet
facet normal -2.71387850463927e-016 1.0 1.77635683940025e-016
  outer loop
    vertex 2.23389301376649 -4.44089209850063e-016 0.175546179064299
    vertex 1.12545362818639 -2.22044604925031e-016 0.174748999450103
    vertex 1.13072090007409 0.0 0.175686131518557
  endloop
endfacet
facet normal -2.71387850463927e-016 1.0 1.77635683940025e-016
  outer loop
    vertex 2.23389301376649 -4.44089209850063e-016 0.175546179064299
    vertex 1.13072090007409 0.0 0.175686131518557
    vertex 2.22887523524716 -6.66133814775094e-016 0.185052184987841
  endloop
endfacet
facet normal -2.71387850463927e-016 1.0 1.77635683940025e-016
  outer loop
    vertex 2.22887523524716 -6.66133814775094e-016 0.185052184987841
    vertex 1.13072090007409 0.0 0.175686131518557
    vertex 1.13593584441099 2.22044604925031e-016 0.176880587551971
  endloop
endfacet
facet normal -2.71387850463927e-016 1.0 1.77635683940025e-016
  outer loop
    vertex 2.22887523524716 -6.66133814775094e-016 0.185052184987841
    vertex 1.13593584441099 2.22044604925031e-016 0.176880587551971
    vertex 1.1410858979394 2.22044604925031e-016 0.178329490001141
  endloop
endfacet
facet normal -2.71387850463927e-016 1.0 1.77635683940025e-016
  outer loop
    vertex 2.22887523524716 -6.66133814775094e-016 0.185052184987841
    vertex 1.1410858979394 2.22044604925031e-016 0.178329490001141
    vertex 1.14615865372928 2.22044604925031e-016 0.180029348333158
  endloop
endfacet
facet normal -2.71387850463927e-016 1.0 1.77635683940025e-016
  outer loop
    vertex 2.22887523524716 -6.66133814775094e-016 0.185052184987841
    vertex 1.14615865372928 2.22044604925031e-016 0.180029348333158
    vertex 1.15114189106761 2.22044604925031e-016 0.181976067440409
  endloop
endfacet
facet normal -2.71387850463927e-016 1.0 1.77635683940025e-016
  outer loop
    vertex 2.22887523524716 -6.66133814775094e-016 0.185052184987841
    vertex 1.15114189106761 2.22044604925031e-016 0.181976067440409
    vertex 1.15602360489917 0.0 0.184164957506053
  endloop
endfacet
facet normal -2.71387850463927e-016 1.0 1.77635683940025e-016
  outer loop
    vertex 2.22887523524716 -6.66133814775094e-016 0.185052184987841
    vertex 1.15602360489917 0.0 0.184164957506053
    vertex 1.16079203474775 0.0 0.186590745302196
  endloop
endfacet
facet normal -2.71387850463927e-016 1.0 1.77635683940025e-016
  outer loop
    vertex 2.22887523524716 -6.66133814775094e-016 0.185052184987841
    vertex 1.16079203474775 0.0 0.186590745302196
    vertex 2.22432993846462 -4.44089209850063e-016 0.194792951233166
  endloop
endfacet
facet normal -2.71387850463927e-016 1.0 1.77635683940025e-016
  outer loop
    vertex 2.22432993846462 -4.44089209850063e-016 0.194792951233166
    vertex 1.16079203474775 0.0 0.186590745302196
    vertex 1.16543569304817 2.22044604925031e-016 0.189247586893566
  endloop
endfacet
facet normal -2.71387850463927e-016 1.0 1.77635683940025e-016
  outer loop
    vertex 2.22432993846462 -4.44089209850063e-016 0.194792951233166
    vertex 1.16543569304817 2.22044604925031e-016 0.189247586893566
    vertex 1.16994339282085 0.0 0.192129081716056
  endloop
endfacet
facet normal -2.71387850463927e-016 1.0 1.77635683940025e-016
  outer loop
    vertex 2.22432993846462 -4.44089209850063e-016 0.194792951233166
    vertex 1.16994339282085 0.0 0.192129081716056
    vertex 1.17430427462222 0.0 0.195228287996249
  endloop
endfacet
facet normal -2.71387850463927e-016 1.0 1.77635683940025e-016
  outer loop
    vertex 2.22432993846462 -4.44089209850063e-016 0.194792951233166
    vertex 1.17430427462222 0.0 0.195228287996249
    vertex 2.22026807343694 -4.44089209850063e-016 0.204745011441202
  endloop
endfacet
facet normal -2.71387850463927e-016 1.0 1.77635683940025e-016
  outer loop
    vertex 2.22026807343694 -4.44089209850063e-016 0.204745011441202
    vertex 1.17430427462222 0.0 0.195228287996249
    vertex 1.17850783270604 2.22044604925031e-016 0.198537739474759
  endloop
endfacet
facet normal -2.71387850463927e-016 1.0 1.77635683940025e-016
  outer loop
    vertex 2.22026807343694 -4.44089209850063e-016 0.204745011441202
    vertex 1.17850783270604 2.22044604925031e-016 0.198537739474759
    vertex 1.18254394033271 -2.22044604925031e-016 0.202049463393099
  endloop
endfacet
facet normal -2.71387850463927e-016 1.0 1.77635683940025e-016
  outer loop
    vertex 2.22026807343694 -4.44089209850063e-016 0.204745011441202
    vertex 1.18254394033271 -2.22044604925031e-016 0.202049463393099
    vertex 1.18640287416543 2.22044604925031e-016 0.20575499970076
  endloop
endfacet
facet normal -2.71387850463927e-016 1.0 1.77635683940025e-016
  outer loop
    vertex 2.22026807343694 -4.44089209850063e-016 0.204745011441202
    vertex 1.18640287416543 2.22044604925031e-016 0.20575499970076
    vertex 2.21669942555275 -6.66133814775094e-016 0.214884390227208
  endloop
endfacet
facet normal -2.71387850463927e-016 1.0 1.77635683940025e-016
  outer loop
    vertex 2.21669942555275 -6.66133814775094e-016 0.214884390227208
    vertex 1.18640287416543 2.22044604925031e-016 0.20575499970076
    vertex 1.19007533769459 0.0 0.209645421436209
  endloop
endfacet
facet normal -2.71387850463927e-016 1.0 1.77635683940025e-016
  outer loop
    vertex 2.21669942555275 -6.66133814775094e-016 0.214884390227208
    vertex 1.19007533769459 0.0 0.209645421436209
    vertex 1.19355248363389 2.22044604925031e-016 0.213711356232727
  endloop
endfacet
facet normal -2.71387850463927e-016 1.0 1.77635683940025e-016
  outer loop
    vertex 2.21669942555275 -6.66133814775094e-016 0.214884390227208
    vertex 1.19355248363389 2.22044604925031e-016 0.213711356232727
    vertex 1.19682593523419 -2.22044604925031e-016 0.217943008897254
  endloop
endfacet
facet normal -2.71387850463927e-016 1.0 1.77635683940025e-016
  outer loop
    vertex 2.21669942555275 -6.66133814775094e-016 0.214884390227208
    vertex 1.19682593523419 -2.22044604925031e-016 0.217943008897254
    vertex 2.21363259199738 -2.22044604925031e-016 0.225186660939585
  endloop
endfacet
facet normal -2.71387850463927e-016 1.0 1.77635683940025e-016
  outer loop
    vertex 2.21363259199738 -2.22044604925031e-016 0.225186660939585
    vertex 1.19682593523419 -2.22044604925031e-016 0.217943008897254
    vertex 1.19988780646386 2.22044604925031e-016 0.222330185007871
  endloop
endfacet
facet normal -2.71387850463927e-016 1.0 1.77635683940025e-016
  outer loop
    vertex 2.21363259199738 -2.22044604925031e-016 0.225186660939585
    vertex 1.19988780646386 2.22044604925031e-016 0.222330185007871
    vertex 1.20273072100694 0.0 0.226862315473058
  endloop
endfacet
facet normal -2.71387850463927e-016 1.0 1.77635683940025e-016
  outer loop
    vertex 2.21363259199738 -2.22044604925031e-016 0.225186660939585
    vertex 1.20273072100694 0.0 0.226862315473058
    vertex 2.21107496104148 -4.44089209850063e-016 0.235627004505814
  endloop
endfacet
facet normal -2.71387850463927e-016 1.0 1.77635683940025e-016
  outer loop
    vertex 2.21107496104148 -4.44089209850063e-016 0.235627004505814
    vertex 1.20273072100694 0.0 0.226862315473058
    vertex 1.20534783003326 2.22044604925031e-016 0.231528481993556
  endloop
endfacet
facet normal -2.71387850463927e-016 1.0 1.77635683940025e-016
  outer loop
    vertex 2.21107496104148 -4.44089209850063e-016 0.235627004505814
    vertex 1.20534783003326 2.22044604925031e-016 0.231528481993556
    vertex 1.20773282869797 -2.22044604925031e-016 0.236317443365509
  endloop
endfacet
facet normal -2.71387850463927e-016 1.0 1.77635683940025e-016
  outer loop
    vertex 2.21107496104148 -4.44089209850063e-016 0.235627004505814
    vertex 1.20773282869797 -2.22044604925031e-016 0.236317443365509
    vertex 2.20903269424206 -4.44089209850063e-016 0.246180269223778
  endloop
endfacet
facet normal -2.71387850463927e-016 1.0 1.77635683940025e-016
  outer loop
    vertex 2.20903269424206 -4.44089209850063e-016 0.246180269223778
    vertex 1.20773282869797 -2.22044604925031e-016 0.236317443365509
    vertex 1.20987997133036 -2.22044604925031e-016 0.24121766256151
  endloop
endfacet
facet normal -2.71387850463927e-016 1.0 1.77635683940025e-016
  outer loop
    vertex 2.20903269424206 -4.44089209850063e-016 0.246180269223778
    vertex 1.20987997133036 -2.22044604925031e-016 0.24121766256151
    vertex 1.21178408527578 2.22044604925031e-016 0.246217334524304
  endloop
endfacet
facet normal -2.71387850463927e-016 1.0 1.77635683940025e-016
  outer loop
    vertex 2.20903269424206 -4.44089209850063e-016 0.246180269223778
    vertex 1.21178408527578 2.22044604925031e-016 0.246217334524304
    vertex 2.20751071159871 2.22044604925031e-016 0.256821031354415
  endloop
endfacet
facet normal -2.71387850463927e-016 1.0 1.77635683940025e-016
  outer loop
    vertex 2.20751071159871 2.22044604925031e-016 0.256821031354415
    vertex 1.21178408527578 2.22044604925031e-016 0.246217334524304
    vertex 1.21344058335695 2.22044604925031e-016 0.251304414606216
  endloop
endfacet
facet normal -2.71387850463927e-016 1.0 1.77635683940025e-016
  outer loop
    vertex 2.20751071159871 2.22044604925031e-016 0.256821031354415
    vertex 1.21344058335695 2.22044604925031e-016 0.251304414606216
    vertex 1.21484547492489 4.44089209850063e-016 0.256466647585752
  endloop
endfacet
facet normal -2.71387850463927e-016 1.0 1.77635683940025e-016
  outer loop
    vertex 2.20751071159871 2.22044604925031e-016 0.256821031354415
    vertex 1.21484547492489 4.44089209850063e-016 0.256466647585752
    vertex 1.21599537547277 6.66133814775094e-016 0.261691597191507
  endloop
endfacet
facet normal -2.71387850463927e-016 1.0 1.77635683940025e-016
  outer loop
    vertex 2.20751071159871 2.22044604925031e-016 0.256821031354415
    vertex 1.21599537547277 6.66133814775094e-016 0.261691597191507
    vertex 2.20651267970093 2.22044604925031e-016 0.267523656369731
  endloop
endfacet
facet normal -2.71387850463927e-016 1.0 1.77635683940025e-016
  outer loop
    vertex 2.20651267970093 2.22044604925031e-016 0.267523656369731
    vertex 1.21599537547277 6.66133814775094e-016 0.261691597191507
    vertex 1.21688751478945 4.44089209850063e-016 0.266966676062228
  endloop
endfacet
facet normal -2.71387850463927e-016 1.0 1.77635683940025e-016
  outer loop
    vertex 2.20651267970093 2.22044604925031e-016 0.267523656369731
    vertex 1.21688751478945 4.44089209850063e-016 0.266966676062228
    vertex 1.21751974363317 4.44089209850063e-016 0.272279176070874
  endloop
endfacet
facet normal -2.71387850463927e-016 1.0 1.77635683940025e-016
  outer loop
    vertex 2.20651267970093 2.22044604925031e-016 0.267523656369731
    vertex 1.21751974363317 4.44089209850063e-016 0.272279176070874
    vertex 2.20604100289498 0.0 0.278262360708625
  endloop
endfacet
facet normal -2.71387850463927e-016 1.0 1.77635683940025e-016
  outer loop
    vertex 2.20604100289498 0.0 0.278262360708625
    vertex 1.21751974363317 4.44089209850063e-016 0.272279176070874
    vertex 1.21789053890928 4.44089209850063e-016 0.277616298939603
  endloop
endfacet
facet normal -2.71387850463927e-016 1.0 1.77635683940025e-016
  outer loop
    vertex 2.20604100289498 0.0 0.278262360708625
    vertex 1.21789053890928 4.44089209850063e-016 0.277616298939603
    vertex 1.21799900733946 8.88178419700125e-016 0.282965187071949
  endloop
endfacet
facet normal -2.71387850463927e-016 1.0 1.77635683940025e-016
  outer loop
    vertex 2.20604100289498 0.0 0.278262360708625
    vertex 1.21799900733946 8.88178419700125e-016 0.282965187071949
    vertex 2.2060968174916 0.0 0.289011273891746
  endloop
endfacet
facet normal -2.71387850463927e-016 1.0 1.77635683940025e-016
  outer loop
    vertex 2.2060968174916 0.0 0.289011273891746
    vertex 1.21799900733946 8.88178419700125e-016 0.282965187071949
    vertex 1.21784488761378 2.22044604925031e-016 0.288312954527893
  endloop
endfacet
facet normal -2.71387850463927e-016 1.0 1.77635683940025e-016
  outer loop
    vertex 2.2060968174916 0.0 0.289011273891746
    vertex 1.21784488761378 2.22044604925031e-016 0.288312954527893
    vertex 1.21742855102015 0.0 0.293646718067224
  endloop
endfacet
facet normal -2.71387850463927e-016 1.0 1.77635683940025e-016
  outer loop
    vertex 2.2060968174916 0.0 0.289011273891746
    vertex 1.21742855102015 0.0 0.293646718067224
    vertex 2.20667998902853 -4.44089209850063e-016 0.29974450084574
  endloop
endfacet
facet normal -2.71387850463927e-016 1.0 1.77635683940025e-016
  outer loop
    vertex 2.20667998902853 -4.44089209850063e-016 0.29974450084574
    vertex 1.21742855102015 0.0 0.293646718067224
    vertex 1.2167510005499 8.88178419700125e-016 0.298953628186394
  endloop
endfacet
facet normal -2.71387850463927e-016 1.0 1.77635683940025e-016
  outer loop
    vertex 2.20667998902853 -4.44089209850063e-016 0.29974450084574
    vertex 1.2167510005499 8.88178419700125e-016 0.298953628186394
    vertex 1.21581386848144 8.88178419700125e-016 0.304220900074095
  endloop
endfacet
facet normal -2.71387850463927e-016 1.0 1.77635683940025e-016
  outer loop
    vertex 2.20667998902853 -4.44089209850063e-016 0.29974450084574
    vertex 1.21581386848144 8.88178419700125e-016 0.304220900074095
    vertex 2.20778911259447 -2.22044604925031e-016 0.310436184286758
  endloop
endfacet
facet normal -2.71387850463927e-016 1.0 1.77635683940025e-016
  outer loop
    vertex 2.20778911259447 -2.22044604925031e-016 0.310436184286758
    vertex 1.21581386848144 8.88178419700125e-016 0.304220900074095
    vertex 1.21461941244803 2.22044604925031e-016 0.309435844410992
  endloop
endfacet
facet normal -2.71387850463927e-016 1.0 1.77635683940025e-016
  outer loop
    vertex 2.20778911259447 -2.22044604925031e-016 0.310436184286758
    vertex 1.21461941244803 2.22044604925031e-016 0.309435844410992
    vertex 1.21317050999886 4.44089209850063e-016 0.314585897939402
  endloop
endfacet
facet normal -2.71387850463927e-016 1.0 1.77635683940025e-016
  outer loop
    vertex 2.20778911259447 -2.22044604925031e-016 0.310436184286758
    vertex 1.21317050999886 4.44089209850063e-016 0.314585897939402
    vertex 2.2094215162136 0.0 0.321060567012908
  endloop
endfacet
facet normal -2.71387850463927e-016 1.0 1.77635683940025e-016
  outer loop
    vertex 2.2094215162136 0.0 0.321060567012908
    vertex 1.21317050999886 4.44089209850063e-016 0.314585897939402
    vertex 1.21147065166684 2.22044604925031e-016 0.319658653729282
  endloop
endfacet
facet normal -2.71387850463927e-016 1.0 1.77635683940025e-016
  outer loop
    vertex 2.2094215162136 0.0 0.321060567012908
    vertex 1.21147065166684 2.22044604925031e-016 0.319658653729282
    vertex 1.20952393255959 2.22044604925031e-016 0.324641891067615
  endloop
endfacet
facet normal -2.71387850463927e-016 1.0 1.77635683940025e-016
  outer loop
    vertex 2.2094215162136 0.0 0.321060567012908
    vertex 1.20952393255959 2.22044604925031e-016 0.324641891067615
    vertex 2.21157326728261 0.0 0.331592053955617
  endloop
endfacet
facet normal -2.71387850463927e-016 1.0 1.77635683940025e-016
  outer loop
    vertex 2.21157326728261 0.0 0.331592053955617
    vertex 1.20952393255959 2.22044604925031e-016 0.324641891067615
    vertex 1.20733504249395 2.22044604925031e-016 0.329523604899173
  endloop
endfacet
facet normal -2.71387850463927e-016 1.0 1.77635683940025e-016
  outer loop
    vertex 2.21157326728261 0.0 0.331592053955617
    vertex 1.20733504249395 2.22044604925031e-016 0.329523604899173
    vertex 1.2049092546978 0.0 0.334292034747747
  endloop
endfacet
facet normal -2.71387850463927e-016 1.0 1.77635683940025e-016
  outer loop
    vertex 2.21157326728261 0.0 0.331592053955617
    vertex 1.2049092546978 0.0 0.334292034747747
    vertex 2.21423918204472 2.22044604925031e-016 0.342005273840391
  endloop
endfacet
facet normal -2.71387850463927e-016 1.0 1.77635683940025e-016
  outer loop
    vertex 2.21423918204472 2.22044604925031e-016 0.342005273840391
    vertex 1.2049092546978 0.0 0.334292034747747
    vertex 1.20225241310643 4.44089209850063e-016 0.338935693048167
  endloop
endfacet
facet normal -2.71387850463927e-016 1.0 1.77635683940025e-016
  outer loop
    vertex 2.21423918204472 2.22044604925031e-016 0.342005273840391
    vertex 1.20225241310643 4.44089209850063e-016 0.338935693048167
    vertex 1.19937091828394 6.66133814775094e-016 0.343443392820852
  endloop
endfacet
facet normal -2.71387850463927e-016 1.0 1.77635683940025e-016
  outer loop
    vertex 2.21423918204472 2.22044604925031e-016 0.342005273840391
    vertex 1.19937091828394 6.66133814775094e-016 0.343443392820852
    vertex 2.21741283807774 -2.22044604925031e-016 0.352275140308437
  endloop
endfacet
facet normal -2.71387850463927e-016 1.0 1.77635683940025e-016
  outer loop
    vertex 2.21741283807774 -2.22044604925031e-016 0.352275140308437
    vertex 1.19937091828394 6.66133814775094e-016 0.343443392820852
    vertex 1.19627171200375 4.44089209850063e-016 0.34780427462222
  endloop
endfacet
facet normal -2.71387850463927e-016 1.0 1.77635683940025e-016
  outer loop
    vertex 2.21741283807774 -2.22044604925031e-016 0.352275140308437
    vertex 1.19627171200375 4.44089209850063e-016 0.34780427462222
    vertex 1.19296226052524 4.44089209850063e-016 0.352007832706044
  endloop
endfacet
facet normal -2.71387850463927e-016 1.0 1.77635683940025e-016
  outer loop
    vertex 2.21741283807774 -2.22044604925031e-016 0.352275140308437
    vertex 1.19296226052524 4.44089209850063e-016 0.352007832706044
    vertex 1.1894505366069 4.44089209850063e-016 0.356043940332713
  endloop
endfacet
facet normal -2.71387850463927e-016 1.0 1.77635683940025e-016
  outer loop
    vertex 2.21741283807774 -2.22044604925031e-016 0.352275140308437
    vertex 1.1894505366069 4.44089209850063e-016 0.356043940332713
    vertex 2.22108658976632 -4.44089209850063e-016 0.3623769123519
  endloop
endfacet
facet normal -2.71387850463927e-016 1.0 1.77635683940025e-016
  outer loop
    vertex 2.22108658976632 -4.44089209850063e-016 0.3623769123519
    vertex 1.1894505366069 4.44089209850063e-016 0.356043940332713
    vertex 1.18574500029924 4.44089209850063e-016 0.359902874165431
  endloop
endfacet
facet normal -2.71387850463927e-016 1.0 1.77635683940025e-016
  outer loop
    vertex 2.22108658976632 -4.44089209850063e-016 0.3623769123519
    vertex 1.18574500029924 4.44089209850063e-016 0.359902874165431
    vertex 1.18185457856379 2.22044604925031e-016 0.363575337694594
  endloop
endfacet
facet normal -2.71387850463927e-016 1.0 1.77635683940025e-016
  outer loop
    vertex 2.22108658976632 -4.44089209850063e-016 0.3623769123519
    vertex 1.18185457856379 2.22044604925031e-016 0.363575337694594
    vertex 2.22525158672086 0.0 0.372286253917116
  endloop
endfacet
facet normal -2.71387850463927e-016 1.0 1.77635683940025e-016
  outer loop
    vertex 2.22525158672086 0.0 0.372286253917116
    vertex 1.18185457856379 2.22044604925031e-016 0.363575337694594
    vertex 1.17778864376727 0.0 0.36705248363389
  endloop
endfacet
facet normal -2.71387850463927e-016 1.0 1.77635683940025e-016
  outer loop
    vertex 2.22525158672086 0.0 0.372286253917116
    vertex 1.17778864376727 0.0 0.36705248363389
    vertex 1.17355699110275 4.44089209850063e-016 0.370325935234188
  endloop
endfacet
facet normal -2.71387850463927e-016 1.0 1.77635683940025e-016
  outer loop
    vertex 2.22525158672086 0.0 0.372286253917116
    vertex 1.17355699110275 4.44089209850063e-016 0.370325935234188
    vertex 1.16916981499213 6.66133814775094e-016 0.373387806463865
  endloop
endfacet
facet normal -2.71387850463927e-016 1.0 1.77635683940025e-016
  outer loop
    vertex 2.22525158672086 0.0 0.372286253917116
    vertex 1.16916981499213 6.66133814775094e-016 0.373387806463865
    vertex 2.22989779509889 0.0 0.381979292532298
  endloop
endfacet
facet normal -2.71387850463927e-016 1.0 1.77635683940025e-016
  outer loop
    vertex 2.22989779509889 0.0 0.381979292532298
    vertex 1.16916981499213 6.66133814775094e-016 0.373387806463865
    vertex 1.16463768452694 6.66133814775094e-016 0.376230721006938
  endloop
endfacet
facet normal -2.71387850463927e-016 1.0 1.77635683940025e-016
  outer loop
    vertex 2.22989779509889 0.0 0.381979292532298
    vertex 1.16463768452694 6.66133814775094e-016 0.376230721006938
    vertex 1.15997151800644 2.22044604925031e-016 0.378847830033264
  endloop
endfacet
facet normal -2.71387850463927e-016 1.0 1.77635683940025e-016
  outer loop
    vertex 2.22989779509889 0.0 0.381979292532298
    vertex 1.15997151800644 2.22044604925031e-016 0.378847830033264
    vertex 1.15518255663449 4.44089209850063e-016 0.381232828697967
  endloop
endfacet
facet normal -2.71387850463927e-016 1.0 1.77635683940025e-016
  outer loop
    vertex 2.22989779509889 0.0 0.381979292532298
    vertex 1.15518255663449 4.44089209850063e-016 0.381232828697967
    vertex 1.15028233743849 2.22044604925031e-016 0.383379971330362
  endloop
endfacet
facet normal -2.71387850463927e-016 1.0 1.77635683940025e-016
  outer loop
    vertex 2.22989779509889 0.0 0.381979292532298
    vertex 1.15028233743849 2.22044604925031e-016 0.383379971330362
    vertex 2.23501402177746 -2.22044604925031e-016 0.391432676818412
  endloop
endfacet
facet normal -2.71387850463927e-016 1.0 1.77635683940025e-016
  outer loop
    vertex 2.23501402177746 -2.22044604925031e-016 0.391432676818412
    vertex 1.15028233743849 2.22044604925031e-016 0.383379971330362
    vertex 1.14528266547569 8.88178419700125e-016 0.38528408527578
  endloop
endfacet
facet normal -2.71387850463927e-016 1.0 1.77635683940025e-016
  outer loop
    vertex 2.23501402177746 -2.22044604925031e-016 0.391432676818412
    vertex 1.14528266547569 8.88178419700125e-016 0.38528408527578
    vertex 1.14019558539378 4.44089209850063e-016 0.386940583356946
  endloop
endfacet
facet normal -2.71387850463927e-016 1.0 1.77635683940025e-016
  outer loop
    vertex 2.23501402177746 -2.22044604925031e-016 0.391432676818412
    vertex 1.14019558539378 4.44089209850063e-016 0.386940583356946
    vertex 1.13503335241425 2.22044604925031e-016 0.388345474924891
  endloop
endfacet
facet normal -2.71387850463927e-016 1.0 1.77635683940025e-016
  outer loop
    vertex 2.23501402177746 -2.22044604925031e-016 0.391432676818412
    vertex 1.13503335241425 2.22044604925031e-016 0.388345474924891
    vertex 1.12980840280849 4.44089209850063e-016 0.389495375472772
  endloop
endfacet
facet normal -2.71387850463927e-016 1.0 1.77635683940025e-016
  outer loop
    vertex 2.23501402177746 -2.22044604925031e-016 0.391432676818412
    vertex 1.12980840280849 4.44089209850063e-016 0.389495375472772
    vertex 1.12453332393777 6.66133814775094e-016 0.390387514789452
  endloop
endfacet
facet normal -2.71387850463927e-016 1.0 1.77635683940025e-016
  outer loop
    vertex 2.23501402177746 -2.22044604925031e-016 0.391432676818412
    vertex 1.12453332393777 6.66133814775094e-016 0.390387514789452
    vertex 1.11922082392912 6.66133814775094e-016 0.391019743633174
  endloop
endfacet
facet normal -2.71387850463927e-016 1.0 1.77635683940025e-016
  outer loop
    vertex 2.23501402177746 -2.22044604925031e-016 0.391432676818412
    vertex 1.11922082392912 6.66133814775094e-016 0.391019743633174
    vertex 1.1138837010604 4.44089209850063e-016 0.391390538909277
  endloop
endfacet
facet normal -2.71387850463927e-016 1.0 1.77635683940025e-016
  outer loop
    vertex 2.23501402177746 -2.22044604925031e-016 0.391432676818412
    vertex 1.1138837010604 4.44089209850063e-016 0.391390538909277
    vertex 1.10853481292805 6.66133814775094e-016 0.391499007339461
  endloop
endfacet
facet normal -2.71387850463927e-016 1.0 1.77635683940025e-016
  outer loop
    vertex 2.23501402177746 -2.22044604925031e-016 0.391432676818412
    vertex 1.10853481292805 6.66133814775094e-016 0.391499007339461
    vertex 2.24058794131837 0.0 0.400623632744696
  endloop
endfacet
facet normal -2.71387850463927e-016 1.0 1.77635683940025e-016
  outer loop
    vertex 0.325500126607913 -2.22044604925031e-016 0.176459964727226
    vertex 1.10946518707195 2.22044604925031e-016 0.173500992660538
    vertex 0.324509103336474 0.0 0.173170222782213
  endloop
endfacet
facet normal -2.71387850463927e-016 1.0 1.77635683940025e-016
  outer loop
    vertex 1.10946518707195 2.22044604925031e-016 0.173500992660538
    vertex 0.325500126607913 -2.22044604925031e-016 0.176459964727226
    vertex 1.1041162989396 0.0 0.173609461090724
  endloop
endfacet
facet normal -2.71387850463927e-016 1.0 1.77635683940025e-016
  outer loop
    vertex 1.1041162989396 0.0 0.173609461090724
    vertex 0.325500126607913 -2.22044604925031e-016 0.176459964727226
    vertex 1.09877917607087 0.0 0.173980256366826
  endloop
endfacet
facet normal -2.71387850463927e-016 1.0 1.77635683940025e-016
  outer loop
    vertex 1.09877917607087 0.0 0.173980256366826
    vertex 0.325500126607913 -2.22044604925031e-016 0.176459964727226
    vertex 1.09346667606223 2.22044604925031e-016 0.174612485210548
  endloop
endfacet
facet normal -2.71387850463927e-016 1.0 1.77635683940025e-016
  outer loop
    vertex 1.09346667606223 2.22044604925031e-016 0.174612485210548
    vertex 0.325500126607913 -2.22044604925031e-016 0.176459964727226
    vertex 1.08819159719151 2.22044604925031e-016 0.175504624527228
  endloop
endfacet
facet normal -2.71387850463927e-016 1.0 1.77635683940025e-016
  outer loop
    vertex 1.08819159719151 2.22044604925031e-016 0.175504624527228
    vertex 0.325500126607913 -2.22044604925031e-016 0.176459964727226
    vertex 1.08296664758575 0.0 0.17665452507511
  endloop
endfacet
facet normal -2.71387850463927e-016 1.0 1.77635683940025e-016
  outer loop
    vertex 1.08296664758575 0.0 0.17665452507511
    vertex 0.325500126607913 -2.22044604925031e-016 0.176459964727226
    vertex 0.32632853616204 -2.22044604925031e-016 0.179794371241126
  endloop
endfacet
facet normal -2.71387850463927e-016 1.0 1.77635683940025e-016
  outer loop
    vertex 1.08296664758575 0.0 0.17665452507511
    vertex 0.32632853616204 -2.22044604925031e-016 0.179794371241126
    vertex 1.07780441460622 2.22044604925031e-016 0.178059416643054
  endloop
endfacet
facet normal -2.71387850463927e-016 1.0 1.77635683940025e-016
  outer loop
    vertex 1.07780441460622 2.22044604925031e-016 0.178059416643054
    vertex 0.32632853616204 -2.22044604925031e-016 0.179794371241126
    vertex 1.0727173345243 2.22044604925031e-016 0.17971591472422
  endloop
endfacet
facet normal -2.71387850463927e-016 1.0 1.77635683940025e-016
  outer loop
    vertex 1.0727173345243 2.22044604925031e-016 0.17971591472422
    vertex 0.32632853616204 -2.22044604925031e-016 0.179794371241126
    vertex 1.06771766256151 2.22044604925031e-016 0.181620028669638
  endloop
endfacet
facet normal -2.71387850463927e-016 1.0 1.77635683940025e-016
  outer loop
    vertex 1.06771766256151 2.22044604925031e-016 0.181620028669638
    vertex 0.32632853616204 -2.22044604925031e-016 0.179794371241126
    vertex 0.32699233628768 -2.22044604925031e-016 0.183165409446563
  endloop
endfacet
facet normal -2.71387850463927e-016 1.0 1.77635683940025e-016
  outer loop
    vertex 1.06771766256151 2.22044604925031e-016 0.181620028669638
    vertex 0.32699233628768 -2.22044604925031e-016 0.183165409446563
    vertex 1.06281744336551 4.44089209850063e-016 0.183767171302033
  endloop
endfacet
facet normal -2.71387850463927e-016 1.0 1.77635683940025e-016
  outer loop
    vertex 1.06281744336551 4.44089209850063e-016 0.183767171302033
    vertex 0.32699233628768 -2.22044604925031e-016 0.183165409446563
    vertex 0.327489927832189 -2.22044604925031e-016 0.18656495821723
  endloop
endfacet
facet normal -2.71387850463927e-016 1.0 1.77635683940025e-016
  outer loop
    vertex 1.06281744336551 4.44089209850063e-016 0.183767171302033
    vertex 0.327489927832189 -2.22044604925031e-016 0.18656495821723
    vertex 1.05802848199356 2.22044604925031e-016 0.186152169966736
  endloop
endfacet
facet normal -2.71387850463927e-016 1.0 1.77635683940025e-016
  outer loop
    vertex 1.05802848199356 2.22044604925031e-016 0.186152169966736
    vertex 0.327489927832189 -2.22044604925031e-016 0.18656495821723
    vertex 1.05336231547306 0.0 0.188769278993062
  endloop
endfacet
facet normal -2.71387850463927e-016 1.0 1.77635683940025e-016
  outer loop
    vertex 1.05336231547306 0.0 0.188769278993062
    vertex 0.327489927832189 -2.22044604925031e-016 0.18656495821723
    vertex 0.327820112053952 0.0 0.189984827742374
  endloop
endfacet
facet normal -2.71387850463927e-016 1.0 1.77635683940025e-016
  outer loop
    vertex 1.05336231547306 0.0 0.188769278993062
    vertex 0.327820112053952 0.0 0.189984827742374
    vertex 1.04883018500787 0.0 0.191612193536135
  endloop
endfacet
facet normal -2.71387850463927e-016 1.0 1.77635683940025e-016
  outer loop
    vertex 1.04883018500787 0.0 0.191612193536135
    vertex 0.327820112053952 0.0 0.189984827742374
    vertex 0.327982093510255 -2.22044604925031e-016 0.193416779256764
  endloop
endfacet
facet normal -2.71387850463927e-016 1.0 1.77635683940025e-016
  outer loop
    vertex 1.04883018500787 0.0 0.191612193536135
    vertex 0.327982093510255 -2.22044604925031e-016 0.193416779256764
    vertex 1.04444300889725 4.44089209850063e-016 0.194674064765811
  endloop
endfacet
facet normal -2.71387850463927e-016 1.0 1.77635683940025e-016
  outer loop
    vertex 1.04444300889725 4.44089209850063e-016 0.194674064765811
    vertex 0.327982093510255 -2.22044604925031e-016 0.193416779256764
    vertex 0.327975481973586 -2.22044604925031e-016 0.196852544888598
  endloop
endfacet
facet normal -2.71387850463927e-016 1.0 1.77635683940025e-016
  outer loop
    vertex 1.04444300889725 4.44089209850063e-016 0.194674064765811
    vertex 0.327975481973586 -2.22044604925031e-016 0.196852544888598
    vertex 1.04021135623273 2.22044604925031e-016 0.19794751636611
  endloop
endfacet
facet normal -2.71387850463927e-016 1.0 1.77635683940025e-016
  outer loop
    vertex 1.04021135623273 2.22044604925031e-016 0.19794751636611
    vertex 0.327975481973586 -2.22044604925031e-016 0.196852544888598
    vertex 0.327800293371714 2.22044604925031e-016 0.200283847577532
  endloop
endfacet
facet normal -2.71387850463927e-016 1.0 1.77635683940025e-016
  outer loop
    vertex 1.04021135623273 2.22044604925031e-016 0.19794751636611
    vertex 0.327800293371714 2.22044604925031e-016 0.200283847577532
    vertex 1.03614542143621 0.0 0.201424662305406
  endloop
endfacet
facet normal -2.71387850463927e-016 1.0 1.77635683940025e-016
  outer loop
    vertex 1.03614542143621 0.0 0.201424662305406
    vertex 0.327800293371714 2.22044604925031e-016 0.200283847577532
    vertex 0.327456949749327 -2.22044604925031e-016 0.203702421014841
  endloop
endfacet
facet normal -2.71387850463927e-016 1.0 1.77635683940025e-016
  outer loop
    vertex 1.03614542143621 0.0 0.201424662305406
    vertex 0.327456949749327 -2.22044604925031e-016 0.203702421014841
    vertex 1.03225499970076 2.22044604925031e-016 0.205097125834569
  endloop
endfacet
facet normal -2.71387850463927e-016 1.0 1.77635683940025e-016
  outer loop
    vertex 1.03225499970076 2.22044604925031e-016 0.205097125834569
    vertex 0.327456949749327 -2.22044604925031e-016 0.203702421014841
    vertex 0.326946278251282 -2.22044604925031e-016 0.207100029557683
  endloop
endfacet
facet normal -2.71387850463927e-016 1.0 1.77635683940025e-016
  outer loop
    vertex 1.03225499970076 2.22044604925031e-016 0.205097125834569
    vertex 0.326946278251282 -2.22044604925031e-016 0.207100029557683
    vertex 1.0285494633931 0.0 0.208956059667287
  endloop
endfacet
facet normal -2.71387850463927e-016 1.0 1.77635683940025e-016
  outer loop
    vertex 1.0285494633931 0.0 0.208956059667287
    vertex 0.326946278251282 -2.22044604925031e-016 0.207100029557683
    vertex 0.326269509129949 -2.22044604925031e-016 0.210468488069484
  endloop
endfacet
facet normal -2.71387850463927e-016 1.0 1.77635683940025e-016
  outer loop
    vertex 1.0285494633931 0.0 0.208956059667287
    vertex 0.326269509129949 -2.22044604925031e-016 0.210468488069484
    vertex 1.02503773947476 -2.22044604925031e-016 0.212992167293955
  endloop
endfacet
facet normal -2.71387850463927e-016 1.0 1.77635683940025e-016
  outer loop
    vertex 1.02503773947476 -2.22044604925031e-016 0.212992167293955
    vertex 0.326269509129949 -2.22044604925031e-016 0.210468488069484
    vertex 0.325428272781419 0.0 0.213799681638645
  endloop
endfacet
facet normal -2.71387850463927e-016 1.0 1.77635683940025e-016
  outer loop
    vertex 1.02503773947476 -2.22044604925031e-016 0.212992167293955
    vertex 0.325428272781419 0.0 0.213799681638645
    vertex 1.02172828799625 0.0 0.21719572537778
  endloop
endfacet
facet normal -2.71387850463927e-016 1.0 1.77635683940025e-016
  outer loop
    vertex 1.02172828799625 0.0 0.21719572537778
    vertex 0.325428272781419 0.0 0.213799681638645
    vertex 0.32442459581774 0.0 0.217085585128082
  endloop
endfacet
facet normal -2.71387850463927e-016 1.0 1.77635683940025e-016
  outer loop
    vertex 1.02172828799625 0.0 0.21719572537778
    vertex 0.32442459581774 0.0 0.217085585128082
    vertex 0.32326089618463 0.0 0.220318282508476
  endloop
endfacet
facet normal -2.71387850463927e-016 1.0 1.77635683940025e-016
  outer loop
    vertex 1.02172828799625 0.0 0.21719572537778
    vertex 0.32326089618463 0.0 0.220318282508476
    vertex 1.01862908171606 0.0 0.221556607179148
  endloop
endfacet
facet normal -2.71387850463927e-016 1.0 1.77635683940025e-016
  outer loop
    vertex 1.01862908171606 0.0 0.221556607179148
    vertex 0.32326089618463 0.0 0.220318282508476
    vertex 0.321939977336429 0.0 0.223489985928687
  endloop
endfacet
facet normal -2.71387850463927e-016 1.0 1.77635683940025e-016
  outer loop
    vertex 1.01862908171606 0.0 0.221556607179148
    vertex 0.321939977336429 0.0 0.223489985928687
    vertex 1.01574758689357 0.0 0.226064306951832
  endloop
endfacet
facet normal -2.71387850463927e-016 1.0 1.77635683940025e-016
  outer loop
    vertex 1.01574758689357 0.0 0.226064306951832
    vertex 0.321939977336429 0.0 0.223489985928687
    vertex 0.320465021482346 -2.22044604925031e-016 0.226593054477369
  endloop
endfacet
facet normal -2.71387850463927e-016 1.0 1.77635683940025e-016
  outer loop
    vertex 1.01574758689357 0.0 0.226064306951832
    vertex 0.320465021482346 -2.22044604925031e-016 0.226593054477369
    vertex 1.0130907453022 4.44089209850063e-016 0.230707965252253
  endloop
endfacet
facet normal -2.71387850463927e-016 1.0 1.77635683940025e-016
  outer loop
    vertex 1.0130907453022 4.44089209850063e-016 0.230707965252253
    vertex 0.320465021482346 -2.22044604925031e-016 0.226593054477369
    vertex 0.318839581920222 -2.22044604925031e-016 0.229620012590589
  endloop
endfacet
facet normal -2.71387850463927e-016 1.0 1.77635683940025e-016
  outer loop
    vertex 1.0130907453022 4.44089209850063e-016 0.230707965252253
    vertex 0.318839581920222 -2.22044604925031e-016 0.229620012590589
    vertex 0.317067574476334 0.0 0.232563568061124
  endloop
endfacet
facet normal -2.71387850463927e-016 1.0 1.77635683940025e-016
  outer loop
    vertex 1.0130907453022 4.44089209850063e-016 0.230707965252253
    vertex 0.317067574476334 0.0 0.232563568061124
    vertex 1.01066495750605 -2.22044604925031e-016 0.235476395100827
  endloop
endfacet
facet normal -2.71387850463927e-016 1.0 1.77635683940025e-016
  outer loop
    vertex 1.01066495750605 -2.22044604925031e-016 0.235476395100827
    vertex 0.317067574476334 0.0 0.232563568061124
    vertex 0.315153268071823 0.0 0.23541662960602
  endloop
endfacet
facet normal -2.71387850463927e-016 1.0 1.77635683940025e-016
  outer loop
    vertex 1.01066495750605 -2.22044604925031e-016 0.235476395100827
    vertex 0.315153268071823 0.0 0.23541662960602
    vertex 0.313101274438493 2.22044604925031e-016 0.238172323950116
  endloop
endfacet
facet normal -2.71387850463927e-016 1.0 1.77635683940025e-016
  outer loop
    vertex 1.01066495750605 -2.22044604925031e-016 0.235476395100827
    vertex 0.313101274438493 2.22044604925031e-016 0.238172323950116
    vertex 1.00847606744041 2.22044604925031e-016 0.240358108932385
  endloop
endfacet
facet normal -2.71387850463927e-016 1.0 1.77635683940025e-016
  outer loop
    vertex 1.00847606744041 2.22044604925031e-016 0.240358108932385
    vertex 0.313101274438493 2.22044604925031e-016 0.238172323950116
    vertex 0.31091653700874 -2.22044604925031e-016 0.240824012384367
  endloop
endfacet
facet normal -2.71387850463927e-016 1.0 1.77635683940025e-016
  outer loop
    vertex 1.00847606744041 2.22044604925031e-016 0.240358108932385
    vertex 0.31091653700874 -2.22044604925031e-016 0.240824012384367
    vertex 1.00652934833316 0.0 0.245341346270718
  endloop
endfacet
facet normal -2.71387850463927e-016 1.0 1.77635683940025e-016
  outer loop
    vertex 1.00652934833316 0.0 0.245341346270718
    vertex 0.31091653700874 -2.22044604925031e-016 0.240824012384367
    vertex 0.30860431900639 -4.44089209850063e-016 0.243365306759075
  endloop
endfacet
facet normal -2.71387850463927e-016 1.0 1.77635683940025e-016
  outer loop
    vertex 1.00652934833316 0.0 0.245341346270718
    vertex 0.30860431900639 -4.44089209850063e-016 0.243365306759075
    vertex 0.306170190767141 0.0 0.2457900848735
  endloop
endfacet
facet normal -2.71387850463927e-016 1.0 1.77635683940025e-016
  outer loop
    vertex 1.00652934833316 0.0 0.245341346270718
    vertex 0.306170190767141 0.0 0.2457900848735
    vertex 1.00482949000114 2.22044604925031e-016 0.250414102060598
  endloop
endfacet
facet normal -2.71387850463927e-016 1.0 1.77635683940025e-016
  outer loop
    vertex 1.00482949000114 2.22044604925031e-016 0.250414102060598
    vertex 0.306170190767141 0.0 0.2457900848735
    vertex 0.30362001631912 -2.22044604925031e-016 0.248092505224778
  endloop
endfacet
facet normal -2.71387850463927e-016 1.0 1.77635683940025e-016
  outer loop
    vertex 1.00482949000114 2.22044604925031e-016 0.250414102060598
    vertex 0.30362001631912 -2.22044604925031e-016 0.248092505224778
    vertex 0.300959939255947 -2.22044604925031e-016 0.250267021080616
  endloop
endfacet
facet normal -2.71387850463927e-016 1.0 1.77635683940025e-016
  outer loop
    vertex 1.00482949000114 2.22044604925031e-016 0.250414102060598
    vertex 0.300959939255947 -2.22044604925031e-016 0.250267021080616
    vertex 0.298196367936261 -2.22044604925031e-016 0.252308393841851
  endloop
endfacet
facet normal -2.71387850463927e-016 1.0 1.77635683940025e-016
  outer loop
    vertex 1.00482949000114 2.22044604925031e-016 0.250414102060598
    vertex 0.298196367936261 -2.22044604925031e-016 0.252308393841851
    vertex 1.00338058755197 0.0 0.255564155589007
  endloop
endfacet
facet normal -2.71387850463927e-016 1.0 1.77635683940025e-016
  outer loop
    vertex 1.00338058755197 0.0 0.255564155589007
    vertex 0.298196367936261 -2.22044604925031e-016 0.252308393841851
    vertex 0.295335960045428 0.0 0.254211705662699
  endloop
endfacet
facet normal -2.71387850463927e-016 1.0 1.77635683940025e-016
  outer loop
    vertex 1.00338058755197 0.0 0.255564155589007
    vertex 0.295335960045428 0.0 0.254211705662699
    vertex 0.292385606556604 0.0 0.255972371298272
  endloop
endfacet
facet normal -2.71387850463927e-016 1.0 1.77635683940025e-016
  outer loop
    vertex 1.00338058755197 0.0 0.255564155589007
    vertex 0.292385606556604 0.0 0.255972371298272
    vertex 1.00218613151856 8.88178419700125e-016 0.260779099925904
  endloop
endfacet
facet normal -2.71387850463927e-016 1.0 1.77635683940025e-016
  outer loop
    vertex 1.00218613151856 8.88178419700125e-016 0.260779099925904
    vertex 0.292385606556604 0.0 0.255972371298272
    vertex 0.28935241512976 2.22044604925031e-016 0.257586149150839
  endloop
endfacet
facet normal -2.71387850463927e-016 1.0 1.77635683940025e-016
  outer loop
    vertex 1.00218613151856 8.88178419700125e-016 0.260779099925904
    vertex 0.28935241512976 2.22044604925031e-016 0.257586149150839
    vertex 0.286243692988723 4.44089209850063e-016 0.259049151488203
  endloop
endfacet
facet normal -2.71387850463927e-016 1.0 1.77635683940025e-016
  outer loop
    vertex 1.00218613151856 8.88178419700125e-016 0.260779099925904
    vertex 0.286243692988723 4.44089209850063e-016 0.259049151488203
    vertex 0.283066929317419 0.0 0.260357853809588
  endloop
endfacet
facet normal -2.71387850463927e-016 1.0 1.77635683940025e-016
  outer loop
    vertex 1.00218613151856 8.88178419700125e-016 0.260779099925904
    vertex 0.283066929317419 0.0 0.260357853809588
    vertex 0.279829777217787 0.0 0.261509103336474
  endloop
endfacet
facet normal -2.71387850463927e-016 1.0 1.77635683940025e-016
  outer loop
    vertex 1.00218613151856 8.88178419700125e-016 0.260779099925904
    vertex 0.279829777217787 0.0 0.261509103336474
    vertex 1.0012489994501 2.22044604925031e-016 0.266046371813606
  endloop
endfacet
facet normal -2.71387850463927e-016 1.0 1.77635683940025e-016
  outer loop
    vertex 1.0012489994501 2.22044604925031e-016 0.266046371813606
    vertex 0.279829777217787 0.0 0.261509103336474
    vertex 0.276540035272774 2.22044604925031e-016 0.262500126607913
  endloop
endfacet
facet normal -2.71387850463927e-016 1.0 1.77635683940025e-016
  outer loop
    vertex 1.0012489994501 2.22044604925031e-016 0.266046371813606
    vertex 0.276540035272774 2.22044604925031e-016 0.262500126607913
    vertex 0.273205628758874 6.66133814775094e-016 0.26332853616204
  endloop
endfacet
facet normal -2.71387850463927e-016 1.0 1.77635683940025e-016
  outer loop
    vertex 1.0012489994501 2.22044604925031e-016 0.266046371813606
    vertex 0.273205628758874 6.66133814775094e-016 0.26332853616204
    vertex 0.269834590553437 0.0 0.263992336287681
  endloop
endfacet
facet normal -2.71387850463927e-016 1.0 1.77635683940025e-016
  outer loop
    vertex 1.0012489994501 2.22044604925031e-016 0.266046371813606
    vertex 0.269834590553437 0.0 0.263992336287681
    vertex 0.26643504178277 0.0 0.264489927832189
  endloop
endfacet
facet normal -2.71387850463927e-016 1.0 1.77635683940025e-016
  outer loop
    vertex 1.0012489994501 2.22044604925031e-016 0.266046371813606
    vertex 0.26643504178277 0.0 0.264489927832189
    vertex 0.263015172257625 4.44089209850063e-016 0.264820112053951
  endloop
endfacet
facet normal -2.71387850463927e-016 1.0 1.77635683940025e-016
  outer loop
    vertex 1.0012489994501 2.22044604925031e-016 0.266046371813606
    vertex 0.263015172257625 4.44089209850063e-016 0.264820112053951
    vertex 0.259583220743236 4.44089209850063e-016 0.264982093510255
  endloop
endfacet
facet normal 2.78519839899992e-016 -1.0 3.91843420455938e-016
  outer loop
    vertex 2.31606732318159 -0.124999999999999 0.0925140217774588
    vertex 1.10981941209004 -0.125 0.0905017485396636
    vertex 2.3255207074677 -0.124999999999999 0.0873977950988917
  endloop
endfacet
facet normal 2.78519839899992e-016 -1.0 3.91843420455938e-016
  outer loop
    vertex 1.10981941209004 -0.125 0.0905017485396636
    vertex 2.31606732318159 -0.124999999999999 0.0925140217774588
    vertex 1.11923933274638 -0.125 0.090773225487652
  endloop
endfacet
facet normal 2.78519839899992e-016 -1.0 3.91843420455938e-016
  outer loop
    vertex 1.11923933274638 -0.125 0.090773225487652
    vertex 2.31606732318159 -0.124999999999999 0.0925140217774588
    vertex 1.12863458595327 -0.125 0.0915065890287224
  endloop
endfacet
facet normal 2.78519839899992e-016 -1.0 3.91843420455938e-016
  outer loop
    vertex 1.12863458595327 -0.125 0.0915065890287224
    vertex 2.31606732318159 -0.124999999999999 0.0925140217774588
    vertex 1.13798253772282 -0.125 0.0927000724258699
  endloop
endfacet
facet normal 2.78519839899992e-016 -1.0 3.91843420455938e-016
  outer loop
    vertex 1.13798253772282 -0.125 0.0927000724258699
    vertex 2.31606732318159 -0.124999999999999 0.0925140217774588
    vertex 2.3068763672553 -0.124999999999999 0.0980879413183712
  endloop
endfacet
facet normal 2.78519839899992e-016 -1.0 3.91843420455938e-016
  outer loop
    vertex 1.13798253772282 -0.125 0.0927000724258699
    vertex 2.3068763672553 -0.124999999999999 0.0980879413183712
    vertex 1.14726066802042 -0.125 0.0943508004730534
  endloop
endfacet
facet normal 2.78519839899992e-016 -1.0 3.91843420455938e-016
  outer loop
    vertex 1.14726066802042 -0.125 0.0943508004730534
    vertex 2.3068763672553 -0.124999999999999 0.0980879413183712
    vertex 1.15644662501753 -0.125 0.0964547964218213
  endloop
endfacet
facet normal 2.78519839899992e-016 -1.0 3.91843420455938e-016
  outer loop
    vertex 1.15644662501753 -0.125 0.0964547964218213
    vertex 2.3068763672553 -0.124999999999999 0.0980879413183712
    vertex 1.16551827893913 -0.125 0.0990069915616439
  endloop
endfacet
facet normal 2.78519839899992e-016 -1.0 3.91843420455938e-016
  outer loop
    vertex 1.16551827893913 -0.125 0.0990069915616439
    vertex 2.3068763672553 -0.124999999999999 0.0980879413183712
    vertex 2.29796998150671 -0.125 0.104106125661236
  endloop
endfacet
facet normal 2.78519839899992e-016 -1.0 3.91843420455938e-016
  outer loop
    vertex 1.16551827893913 -0.125 0.0990069915616439
    vertex 2.29796998150671 -0.125 0.104106125661236
    vertex 1.17445377537635 -0.125 0.102001237430884
  endloop
endfacet
facet normal 2.78519839899992e-016 -1.0 3.91843420455938e-016
  outer loop
    vertex 1.17445377537635 -0.125 0.102001237430884
    vertex 2.29796998150671 -0.125 0.104106125661236
    vertex 1.18323158793562 -0.125 0.105430320628977
  endloop
endfacet
facet normal 2.78519839899992e-016 -1.0 3.91843420455938e-016
  outer loop
    vertex 1.18323158793562 -0.125 0.105430320628977
    vertex 2.29796998150671 -0.125 0.104106125661236
    vertex 2.28936962219918 -0.125 0.11055407647284
  endloop
endfacet
facet normal 2.78519839899992e-016 -1.0 3.91843420455938e-016
  outer loop
    vertex 1.18323158793562 -0.125 0.105430320628977
    vertex 2.28936962219918 -0.125 0.11055407647284
    vertex 1.19183057009763 -0.125 0.109285980194148
  endloop
endfacet
facet normal 2.78519839899992e-016 -1.0 3.91843420455938e-016
  outer loop
    vertex 1.19183057009763 -0.125 0.109285980194148
    vertex 2.28936962219918 -0.125 0.11055407647284
    vertex 1.20023000616117 -0.125 0.113558927504787
  endloop
endfacet
facet normal 2.78519839899992e-016 -1.0 3.91843420455938e-016
  outer loop
    vertex 1.20023000616117 -0.125 0.113558927504787
    vertex 2.28936962219918 -0.125 0.11055407647284
    vertex 2.2810960083516 -0.124999999999999 0.117416260074906
  endloop
endfacet
facet normal 2.78519839899992e-016 -1.0 3.91843420455938e-016
  outer loop
    vertex 1.20023000616117 -0.125 0.113558927504787
    vertex 2.2810960083516 -0.124999999999999 0.117416260074906
    vertex 1.20840966114907 -0.125 0.118238868656557
  endloop
endfacet
facet normal 2.78519839899992e-016 -1.0 3.91843420455938e-016
  outer loop
    vertex 1.20840966114907 -0.125 0.118238868656557
    vertex 2.2810960083516 -0.124999999999999 0.117416260074906
    vertex 2.27316907182439 -0.124999999999999 0.124676144866081
  endloop
endfacet
facet normal 2.78519839899992e-016 -1.0 3.91843420455938e-016
  outer loop
    vertex 1.20840966114907 -0.125 0.118238868656557
    vertex 2.27316907182439 -0.124999999999999 0.124676144866081
    vertex 1.216349829556 -0.125 0.123314529261309
  endloop
endfacet
facet normal 2.78519839899992e-016 -1.0 3.91843420455938e-016
  outer loop
    vertex 1.216349829556 -0.125 0.123314529261309
    vertex 2.27316907182439 -0.124999999999999 0.124676144866081
    vertex 1.22403138282079 -0.125 0.128773681608072
  endloop
endfacet
facet normal 2.78519839899992e-016 -1.0 3.91843420455938e-016
  outer loop
    vertex 1.22403138282079 -0.125 0.128773681608072
    vertex 2.27316907182439 -0.124999999999999 0.124676144866081
    vertex 2.26560790930197 -0.125 0.132316241148009
  endloop
endfacet
facet normal 2.78519839899992e-016 -1.0 3.91843420455938e-016
  outer loop
    vertex 1.22403138282079 -0.125 0.128773681608072
    vertex 2.26560790930197 -0.125 0.132316241148009
    vertex 1.23143581540881 -0.125 0.134603174120676
  endloop
endfacet
facet normal 2.78519839899992e-016 -1.0 3.91843420455938e-016
  outer loop
    vertex 1.23143581540881 -0.125 0.134603174120676
    vertex 2.26560790930197 -0.125 0.132316241148009
    vertex 2.25843073628715 -0.124999999999999 0.140318143259555
  endloop
endfacet
facet normal 2.78519839899992e-016 -1.0 3.91843420455938e-016
  outer loop
    vertex 1.23143581540881 -0.125 0.134603174120676
    vertex 2.25843073628715 -0.124999999999999 0.140318143259555
    vertex 1.2385452893934 -0.125 0.140788963041055
  endloop
endfacet
facet normal 2.78519839899992e-016 -1.0 3.91843420455938e-016
  outer loop
    vertex 1.2385452893934 -0.125 0.140788963041055
    vertex 2.25843073628715 -0.124999999999999 0.140318143259555
    vertex 2.25165484321836 -0.125 0.148662573917648
  endloop
endfacet
facet normal 2.78519839899992e-016 -1.0 3.91843420455938e-016
  outer loop
    vertex 1.2385452893934 -0.125 0.140788963041055
    vertex 2.25165484321836 -0.125 0.148662573917648
    vertex 1.24534267742902 -0.125 0.147316146261889
  endloop
endfacet
facet normal 2.78519839899992e-016 -1.0 3.91843420455938e-016
  outer loop
    vertex 1.24534267742902 -0.125 0.147316146261889
    vertex 2.25165484321836 -0.125 0.148662573917648
    vertex 1.2518116040125 -0.125 0.154168999227085
  endloop
endfacet
facet normal 2.78519839899992e-016 -1.0 3.91843420455938e-016
  outer loop
    vertex 1.2518116040125 -0.125 0.154168999227085
    vertex 2.25165484321836 -0.125 0.148662573917648
    vertex 2.24529655381549 -0.124999999999999 0.157329430657948
  endloop
endfacet
facet normal 2.78519839899992e-016 -1.0 3.91843420455938e-016
  outer loop
    vertex 1.2518116040125 -0.125 0.154168999227085
    vertex 2.24529655381549 -0.124999999999999 0.157329430657948
    vertex 1.25793648493309 -0.125 0.161331012813611
  endloop
endfacet
facet normal 2.78519839899992e-016 -1.0 3.91843420455938e-016
  outer loop
    vertex 1.25793648493309 -0.125 0.161331012813611
    vertex 2.24529655381549 -0.124999999999999 0.157329430657948
    vertex 2.23937118575465 -0.124999999999999 0.16629783426344
  endloop
endfacet
facet normal 2.78519839899992e-016 -1.0 3.91843420455938e-016
  outer loop
    vertex 1.25793648493309 -0.125 0.161331012813611
    vertex 2.23937118575465 -0.124999999999999 0.16629783426344
    vertex 1.26370256481619 -0.125 0.16878493310342
  endloop
endfacet
facet normal 2.78519839899992e-016 -1.0 3.91843420455938e-016
  outer loop
    vertex 1.26370256481619 -0.125 0.16878493310342
    vertex 2.23937118575465 -0.124999999999999 0.16629783426344
    vertex 2.23389301376649 -0.125 0.175546179064299
  endloop
endfacet
facet normal 2.78519839899992e-016 -1.0 3.91843420455938e-016
  outer loop
    vertex 1.26370256481619 -0.125 0.16878493310342
    vertex 2.23389301376649 -0.125 0.175546179064299
    vertex 1.26909595267029 -0.125 0.176512802949646
  endloop
endfacet
facet normal 2.78519839899992e-016 -1.0 3.91843420455938e-016
  outer loop
    vertex 1.26909595267029 -0.125 0.176512802949646
    vertex 2.23389301376649 -0.125 0.175546179064299
    vertex 2.22887523524716 -0.124999999999999 0.18505218498784
  endloop
endfacet
facet normal 2.78519839899992e-016 -1.0 3.91843420455938e-016
  outer loop
    vertex 1.26909595267029 -0.125 0.176512802949646
    vertex 2.22887523524716 -0.124999999999999 0.18505218498784
    vertex 1.27410365535167 -0.125 0.184496005236947
  endloop
endfacet
facet normal 2.78519839899992e-016 -1.0 3.91843420455938e-016
  outer loop
    vertex 1.27410365535167 -0.125 0.184496005236947
    vertex 2.22887523524716 -0.124999999999999 0.18505218498784
    vertex 1.27871360886593 -0.125 0.192715307731769
  endloop
endfacet
facet normal 2.78519839899992e-016 -1.0 3.91843420455938e-016
  outer loop
    vertex 1.27871360886593 -0.125 0.192715307731769
    vertex 2.22887523524716 -0.124999999999999 0.18505218498784
    vertex 2.22432993846462 -0.124999999999999 0.194792951233166
  endloop
endfacet
facet normal 2.78519839899992e-016 -1.0 3.91843420455938e-016
  outer loop
    vertex 1.27871360886593 -0.125 0.192715307731769
    vertex 2.22432993846462 -0.124999999999999 0.194792951233166
    vertex 1.28291470743128 -0.125 0.201150909414476
  endloop
endfacet
facet normal 2.78519839899992e-016 -1.0 3.91843420455938e-016
  outer loop
    vertex 1.28291470743128 -0.125 0.201150909414476
    vertex 2.22432993846462 -0.124999999999999 0.194792951233166
    vertex 2.22026807343694 -0.124999999999999 0.204745011441202
  endloop
endfacet
facet normal 2.78519839899992e-016 -1.0 3.91843420455938e-016
  outer loop
    vertex 1.28291470743128 -0.125 0.201150909414476
    vertex 2.22026807343694 -0.124999999999999 0.204745011441202
    vertex 1.2866968302333 -0.125 0.209782488181742
  endloop
endfacet
facet normal 2.78519839899992e-016 -1.0 3.91843420455938e-016
  outer loop
    vertex 1.2866968302333 -0.125 0.209782488181742
    vertex 2.22026807343694 -0.124999999999999 0.204745011441202
    vertex 2.21669942555275 -0.124999999999999 0.214884390227208
  endloop
endfacet
facet normal 2.78519839899992e-016 -1.0 3.91843420455938e-016
  outer loop
    vertex 1.2866968302333 -0.125 0.209782488181742
    vertex 2.21669942555275 -0.124999999999999 0.214884390227208
    vertex 1.29005086580688 -0.125 0.21858924980428
  endloop
endfacet
facet normal 2.78519839899992e-016 -1.0 3.91843420455938e-016
  outer loop
    vertex 1.29005086580688 -0.125 0.21858924980428
    vertex 2.21669942555275 -0.124999999999999 0.214884390227208
    vertex 2.21363259199738 -0.124999999999999 0.225186660939585
  endloop
endfacet
facet normal 2.78519839899992e-016 -1.0 3.91843420455938e-016
  outer loop
    vertex 1.29005086580688 -0.125 0.21858924980428
    vertex 2.21363259199738 -0.124999999999999 0.225186660939585
    vertex 1.29296873398655 -0.125 0.22754997802196
  endloop
endfacet
facet normal 2.78519839899992e-016 -1.0 3.91843420455938e-016
  outer loop
    vertex 1.29296873398655 -0.125 0.22754997802196
    vertex 2.21363259199738 -0.124999999999999 0.225186660939585
    vertex 2.21107496104148 -0.124999999999999 0.235627004505814
  endloop
endfacet
facet normal 2.78519839899992e-016 -1.0 3.91843420455938e-016
  outer loop
    vertex 1.29296873398655 -0.125 0.22754997802196
    vertex 2.21107496104148 -0.124999999999999 0.235627004505814
    vertex 1.29544340537228 -0.125 0.236643085655639
  endloop
endfacet
facet normal 2.78519839899992e-016 -1.0 3.91843420455938e-016
  outer loop
    vertex 1.29544340537228 -0.125 0.236643085655639
    vertex 2.21107496104148 -0.124999999999999 0.235627004505814
    vertex 2.20903269424206 -0.124999999999999 0.246180269223778
  endloop
endfacet
facet normal 2.78519839899992e-016 -1.0 3.91843420455938e-016
  outer loop
    vertex 1.29544340537228 -0.125 0.236643085655639
    vertex 2.20903269424206 -0.124999999999999 0.246180269223778
    vertex 1.29746891826397 -0.125 0.245846666612564
  endloop
endfacet
facet normal 2.78519839899992e-016 -1.0 3.91843420455938e-016
  outer loop
    vertex 1.29746891826397 -0.125 0.245846666612564
    vertex 2.20903269424206 -0.124999999999999 0.246180269223778
    vertex 1.29904039302362 -0.125 0.255138548660072
  endloop
endfacet
facet normal 2.78519839899992e-016 -1.0 3.91843420455938e-016
  outer loop
    vertex 1.29904039302362 -0.125 0.255138548660072
    vertex 2.20903269424206 -0.124999999999999 0.246180269223778
    vertex 2.20751071159871 -0.124999999999999 0.256821031354415
  endloop
endfacet
facet normal 2.78519839899992e-016 -1.0 3.91843420455938e-016
  outer loop
    vertex 1.29904039302362 -0.125 0.255138548660072
    vertex 2.20751071159871 -0.124999999999999 0.256821031354415
    vertex 1.30015404383091 -0.125 0.264496346840439
  endloop
endfacet
facet normal 2.78519839899992e-016 -1.0 3.91843420455938e-016
  outer loop
    vertex 1.30015404383091 -0.125 0.264496346840439
    vertex 2.20751071159871 -0.124999999999999 0.256821031354415
    vertex 2.20651267970093 -0.124999999999999 0.267523656369731
  endloop
endfacet
facet normal 2.78519839899992e-016 -1.0 3.91843420455938e-016
  outer loop
    vertex 1.30015404383091 -0.125 0.264496346840439
    vertex 2.20651267970093 -0.124999999999999 0.267523656369731
    vertex 1.3008071878035 -0.125 0.273897517398201
  endloop
endfacet
facet normal 2.78519839899992e-016 -1.0 3.91843420455938e-016
  outer loop
    vertex 1.3008071878035 -0.125 0.273897517398201
    vertex 2.20651267970093 -0.124999999999999 0.267523656369731
    vertex 2.20604100289498 -0.124999999999999 0.278262360708625
  endloop
endfacet
facet normal 2.78519839899992e-016 -1.0 3.91843420455938e-016
  outer loop
    vertex 1.3008071878035 -0.125 0.273897517398201
    vertex 2.20604100289498 -0.124999999999999 0.278262360708625
    vertex 1.30099825146034 -0.125 0.283319412090039
  endloop
endfacet
facet normal 2.78519839899992e-016 -1.0 3.91843420455938e-016
  outer loop
    vertex 1.30099825146034 -0.125 0.283319412090039
    vertex 2.20604100289498 -0.124999999999999 0.278262360708625
    vertex 2.2060968174916 -0.124999999999999 0.289011273891746
  endloop
endfacet
facet normal 2.78519839899992e-016 -1.0 3.91843420455938e-016
  outer loop
    vertex 1.30099825146034 -0.125 0.283319412090039
    vertex 2.2060968174916 -0.124999999999999 0.289011273891746
    vertex 1.30072677451235 -0.125 0.29273933274638
  endloop
endfacet
facet normal 2.78519839899992e-016 -1.0 3.91843420455938e-016
  outer loop
    vertex 1.30072677451235 -0.125 0.29273933274638
    vertex 2.2060968174916 -0.124999999999999 0.289011273891746
    vertex 2.20667998902853 -0.124999999999999 0.29974450084574
  endloop
endfacet
facet normal 2.78519839899992e-016 -1.0 3.91843420455938e-016
  outer loop
    vertex 1.30072677451235 -0.125 0.29273933274638
    vertex 2.20667998902853 -0.124999999999999 0.29974450084574
    vertex 1.29999341097128 -0.125 0.302134585953276
  endloop
endfacet
facet normal 2.78519839899992e-016 -1.0 3.91843420455938e-016
  outer loop
    vertex 1.29999341097128 -0.125 0.302134585953276
    vertex 2.20667998902853 -0.124999999999999 0.29974450084574
    vertex 2.20778911259447 -0.124999999999999 0.310436184286758
  endloop
endfacet
facet normal 2.78519839899992e-016 -1.0 3.91843420455938e-016
  outer loop
    vertex 1.29999341097128 -0.125 0.302134585953276
    vertex 2.20778911259447 -0.124999999999999 0.310436184286758
    vertex 1.29879992757413 -0.125 0.311482537722823
  endloop
endfacet
facet normal 2.78519839899992e-016 -1.0 3.91843420455938e-016
  outer loop
    vertex 1.29879992757413 -0.125 0.311482537722823
    vertex 2.20778911259447 -0.124999999999999 0.310436184286758
    vertex 2.2094215162136 -0.124999999999999 0.321060567012908
  endloop
endfacet
facet normal 2.78519839899992e-016 -1.0 3.91843420455938e-016
  outer loop
    vertex 1.29879992757413 -0.125 0.311482537722823
    vertex 2.2094215162136 -0.124999999999999 0.321060567012908
    vertex 1.29714919952695 -0.125 0.320760668020425
  endloop
endfacet
facet normal 2.78519839899992e-016 -1.0 3.91843420455938e-016
  outer loop
    vertex 1.29714919952695 -0.125 0.320760668020425
    vertex 2.2094215162136 -0.124999999999999 0.321060567012908
    vertex 1.29504520357818 -0.125 0.329946625017528
  endloop
endfacet
facet normal 2.78519839899992e-016 -1.0 3.91843420455938e-016
  outer loop
    vertex 1.29504520357818 -0.125 0.329946625017528
    vertex 2.2094215162136 -0.124999999999999 0.321060567012908
    vertex 2.21157326728261 -0.124999999999999 0.331592053955618
  endloop
endfacet
facet normal 2.78519839899992e-016 -1.0 3.91843420455938e-016
  outer loop
    vertex 1.29504520357818 -0.125 0.329946625017528
    vertex 2.21157326728261 -0.124999999999999 0.331592053955618
    vertex 1.29249300843836 -0.125 0.33901827893913
  endloop
endfacet
facet normal 2.78519839899992e-016 -1.0 3.91843420455938e-016
  outer loop
    vertex 1.29249300843836 -0.125 0.33901827893913
    vertex 2.21157326728261 -0.124999999999999 0.331592053955618
    vertex 2.21423918204472 -0.124999999999999 0.342005273840391
  endloop
endfacet
facet normal 2.78519839899992e-016 -1.0 3.91843420455938e-016
  outer loop
    vertex 1.29249300843836 -0.125 0.33901827893913
    vertex 2.21423918204472 -0.124999999999999 0.342005273840391
    vertex 1.28949876256912 -0.125 0.347953775376351
  endloop
endfacet
facet normal 2.78519839899992e-016 -1.0 3.91843420455938e-016
  outer loop
    vertex 1.28949876256912 -0.125 0.347953775376351
    vertex 2.21423918204472 -0.124999999999999 0.342005273840391
    vertex 2.21741283807774 -0.124999999999999 0.352275140308437
  endloop
endfacet
facet normal 2.78519839899992e-016 -1.0 3.91843420455938e-016
  outer loop
    vertex 1.28949876256912 -0.125 0.347953775376351
    vertex 2.21741283807774 -0.124999999999999 0.352275140308437
    vertex 1.28606967937102 -0.125 0.356731587935616
  endloop
endfacet
facet normal 2.78519839899992e-016 -1.0 3.91843420455938e-016
  outer loop
    vertex 1.28606967937102 -0.125 0.356731587935616
    vertex 2.21741283807774 -0.124999999999999 0.352275140308437
    vertex 2.22108658976632 -0.124999999999999 0.3623769123519
  endloop
endfacet
facet normal 2.78519839899992e-016 -1.0 3.91843420455938e-016
  outer loop
    vertex 1.28606967937102 -0.125 0.356731587935616
    vertex 2.22108658976632 -0.124999999999999 0.3623769123519
    vertex 1.28221401980585 -0.125 0.365330570097626
  endloop
endfacet
facet normal 2.78519839899992e-016 -1.0 3.91843420455938e-016
  outer loop
    vertex 1.28221401980585 -0.125 0.365330570097626
    vertex 2.22108658976632 -0.124999999999999 0.3623769123519
    vertex 2.22525158672086 -0.124999999999999 0.372286253917115
  endloop
endfacet
facet normal 2.78519839899992e-016 -1.0 3.91843420455938e-016
  outer loop
    vertex 1.28221401980585 -0.125 0.365330570097626
    vertex 2.22525158672086 -0.124999999999999 0.372286253917115
    vertex 1.27794107249521 -0.125 0.373730006161169
  endloop
endfacet
facet normal 2.78519839899992e-016 -1.0 3.91843420455938e-016
  outer loop
    vertex 1.27794107249521 -0.125 0.373730006161169
    vertex 2.22525158672086 -0.124999999999999 0.372286253917115
    vertex 2.22989779509889 -0.124999999999999 0.381979292532298
  endloop
endfacet
facet normal 2.78519839899992e-016 -1.0 3.91843420455938e-016
  outer loop
    vertex 1.27794107249521 -0.125 0.373730006161169
    vertex 2.22989779509889 -0.124999999999999 0.381979292532298
    vertex 1.27326113134344 -0.125 0.381909661149065
  endloop
endfacet
facet normal 2.78519839899992e-016 -1.0 3.91843420455938e-016
  outer loop
    vertex 1.27326113134344 -0.125 0.381909661149065
    vertex 2.22989779509889 -0.124999999999999 0.381979292532298
    vertex 1.26818547073869 -0.125 0.389849829555996
  endloop
endfacet
facet normal 2.78519839899992e-016 -1.0 3.91843420455938e-016
  outer loop
    vertex 1.26818547073869 -0.125 0.389849829555996
    vertex 2.22989779509889 -0.124999999999999 0.381979292532298
    vertex 2.23501402177746 -0.124999999999999 0.391432676818413
  endloop
endfacet
facet normal 2.78519839899992e-016 -1.0 3.91843420455938e-016
  outer loop
    vertex 1.26818547073869 -0.125 0.389849829555996
    vertex 2.23501402177746 -0.124999999999999 0.391432676818413
    vertex 1.26272631839193 -0.125 0.397531382820791
  endloop
endfacet
facet normal 2.78519839899992e-016 -1.0 3.91843420455938e-016
  outer loop
    vertex 1.26272631839193 -0.125 0.397531382820791
    vertex 2.23501402177746 -0.124999999999999 0.391432676818413
    vertex 2.24058794131837 -0.124999999999999 0.400623632744697
  endloop
endfacet
facet normal 2.78519839899992e-016 -1.0 3.91843420455938e-016
  outer loop
    vertex 1.26272631839193 -0.125 0.397531382820791
    vertex 2.24058794131837 -0.124999999999999 0.400623632744697
    vertex 1.25689682587932 -0.125 0.404935815408812
  endloop
endfacet
facet normal 2.78519839899992e-016 -1.0 3.91843420455938e-016
  outer loop
    vertex 1.25689682587932 -0.125 0.404935815408812
    vertex 2.24058794131837 -0.124999999999999 0.400623632744697
    vertex 2.24660612566124 -0.124999999999999 0.409530018493291
  endloop
endfacet
facet normal 2.78519839899992e-016 -1.0 3.91843420455938e-016
  outer loop
    vertex 1.25689682587932 -0.125 0.404935815408812
    vertex 2.24660612566124 -0.124999999999999 0.409530018493291
    vertex 1.25071103695895 -0.125 0.412045289393402
  endloop
endfacet
facet normal 2.78519839899992e-016 -1.0 3.91843420455938e-016
  outer loop
    vertex 1.25071103695895 -0.125 0.412045289393402
    vertex 2.24660612566124 -0.124999999999999 0.409530018493291
    vertex 2.25305407647284 -0.125 0.418130377800819
  endloop
endfacet
facet normal 2.78519839899992e-016 -1.0 3.91843420455938e-016
  outer loop
    vertex 1.25071103695895 -0.125 0.412045289393402
    vertex 2.25305407647284 -0.125 0.418130377800819
    vertex 1.24418385373811 -0.125 0.418842677429017
  endloop
endfacet
facet normal 2.78519839899992e-016 -1.0 3.91843420455938e-016
  outer loop
    vertex 1.24418385373811 -0.125 0.418842677429017
    vertex 2.25305407647284 -0.125 0.418130377800819
    vertex 2.25991626007491 -0.124999999999999 0.426403991648406
  endloop
endfacet
facet normal 2.78519839899992e-016 -1.0 3.91843420455938e-016
  outer loop
    vertex 1.24418385373811 -0.125 0.418842677429017
    vertex 2.25991626007491 -0.124999999999999 0.426403991648406
    vertex 1.23733100077292 -0.125 0.425311604012497
  endloop
endfacet
facet normal 2.78519839899992e-016 -1.0 3.91843420455938e-016
  outer loop
    vertex 1.23733100077292 -0.125 0.425311604012497
    vertex 2.25991626007491 -0.124999999999999 0.426403991648406
    vertex 1.23016898718639 -0.125 0.431436484933091
  endloop
endfacet
facet normal 2.78519839899992e-016 -1.0 3.91843420455938e-016
  outer loop
    vertex 1.23016898718639 -0.125 0.431436484933091
    vertex 2.25991626007491 -0.124999999999999 0.426403991648406
    vertex 2.26717614486608 -0.125 0.434330928175611
  endloop
endfacet
facet normal 2.78519839899992e-016 -1.0 3.91843420455938e-016
  outer loop
    vertex 1.23016898718639 -0.125 0.431436484933091
    vertex 2.26717614486608 -0.125 0.434330928175611
    vertex 1.22271506689658 -0.125 0.437202564816186
  endloop
endfacet
facet normal 2.78519839899992e-016 -1.0 3.91843420455938e-016
  outer loop
    vertex 1.22271506689658 -0.125 0.437202564816186
    vertex 2.26717614486608 -0.125 0.434330928175611
    vertex 2.27481624114801 -0.124999999999999 0.441892090698023
  endloop
endfacet
facet normal 2.78519839899992e-016 -1.0 3.91843420455938e-016
  outer loop
    vertex 1.22271506689658 -0.125 0.437202564816186
    vertex 2.27481624114801 -0.124999999999999 0.441892090698023
    vertex 1.21498719705036 -0.125 0.442595952670294
  endloop
endfacet
facet normal 2.78519839899992e-016 -1.0 3.91843420455938e-016
  outer loop
    vertex 1.21498719705036 -0.125 0.442595952670294
    vertex 2.27481624114801 -0.124999999999999 0.441892090698023
    vertex 2.28281814325956 -0.124999999999999 0.449069263712845
  endloop
endfacet
facet normal 2.78519839899992e-016 -1.0 3.91843420455938e-016
  outer loop
    vertex 1.21498719705036 -0.125 0.442595952670294
    vertex 2.28281814325956 -0.124999999999999 0.449069263712845
    vertex 1.20700399476305 -0.125 0.447603655351671
  endloop
endfacet
facet normal 2.78519839899992e-016 -1.0 3.91843420455938e-016
  outer loop
    vertex 1.20700399476305 -0.125 0.447603655351671
    vertex 2.28281814325956 -0.124999999999999 0.449069263712845
    vertex 1.19878469226823 -0.125 0.452213608865933
  endloop
endfacet
facet normal 2.78519839899992e-016 -1.0 3.91843420455938e-016
  outer loop
    vertex 1.19878469226823 -0.125 0.452213608865933
    vertex 2.28281814325956 -0.124999999999999 0.449069263712845
    vertex 2.29116257391765 -0.124999999999999 0.455845156781639
  endloop
endfacet
facet normal 2.78519839899992e-016 -1.0 3.91843420455938e-016
  outer loop
    vertex 1.19878469226823 -0.125 0.452213608865933
    vertex 2.29116257391765 -0.124999999999999 0.455845156781639
    vertex 1.19034909058552 -0.125 0.456414707431281
  endloop
endfacet
facet normal 2.78519839899992e-016 -1.0 3.91843420455938e-016
  outer loop
    vertex 1.19034909058552 -0.125 0.456414707431281
    vertex 2.29116257391765 -0.124999999999999 0.455845156781639
    vertex 2.29982943065795 -0.124999999999999 0.462203446184503
  endloop
endfacet
facet normal 2.78519839899992e-016 -1.0 3.91843420455938e-016
  outer loop
    vertex 1.19034909058552 -0.125 0.456414707431281
    vertex 2.29982943065795 -0.124999999999999 0.462203446184503
    vertex 1.18171751181826 -0.125 0.460196830233298
  endloop
endfacet
facet normal 2.78519839899992e-016 -1.0 3.91843420455938e-016
  outer loop
    vertex 1.18171751181826 -0.125 0.460196830233298
    vertex 2.29982943065795 -0.124999999999999 0.462203446184503
    vertex 1.17291075019572 -0.125 0.463550865806878
  endloop
endfacet
facet normal 2.78519839899992e-016 -1.0 3.91843420455938e-016
  outer loop
    vertex 1.17291075019572 -0.125 0.463550865806878
    vertex 2.29982943065795 -0.124999999999999 0.462203446184503
    vertex 2.30879783426344 -0.124999999999999 0.468128814245345
  endloop
endfacet
facet normal 2.78519839899992e-016 -1.0 3.91843420455938e-016
  outer loop
    vertex 1.17291075019572 -0.125 0.463550865806878
    vertex 2.30879783426344 -0.124999999999999 0.468128814245345
    vertex 1.16395002197804 -0.125 0.466468733986547
  endloop
endfacet
facet normal 2.78519839899992e-016 -1.0 3.91843420455938e-016
  outer loop
    vertex 1.16395002197804 -0.125 0.466468733986547
    vertex 2.30879783426344 -0.124999999999999 0.468128814245345
    vertex 1.15485691434436 -0.125 0.468943405372284
  endloop
endfacet
facet normal 2.78519839899992e-016 -1.0 3.91843420455938e-016
  outer loop
    vertex 1.15485691434436 -0.125 0.468943405372284
    vertex 2.30879783426344 -0.124999999999999 0.468128814245345
    vertex 2.3180461790643 -0.124999999999999 0.473606986233507
  endloop
endfacet
facet normal 2.78519839899992e-016 -1.0 3.91843420455938e-016
  outer loop
    vertex 1.15485691434436 -0.125 0.468943405372284
    vertex 2.3180461790643 -0.124999999999999 0.473606986233507
    vertex 1.14565333338744 -0.125 0.470968918263966
  endloop
endfacet
facet normal 2.78519839899992e-016 -1.0 3.91843420455938e-016
  outer loop
    vertex 1.14565333338744 -0.125 0.470968918263966
    vertex 2.3180461790643 -0.124999999999999 0.473606986233507
    vertex 1.13636145133993 -0.125 0.472540393023622
  endloop
endfacet
facet normal 2.78519839899992e-016 -1.0 3.91843420455938e-016
  outer loop
    vertex 1.13636145133993 -0.125 0.472540393023622
    vertex 2.3180461790643 -0.124999999999999 0.473606986233507
    vertex 1.12700365315956 -0.125 0.473654043830912
  endloop
endfacet
facet normal 2.78519839899992e-016 -1.0 3.91843420455938e-016
  outer loop
    vertex 1.12700365315956 -0.125 0.473654043830912
    vertex 2.3180461790643 -0.124999999999999 0.473606986233507
    vertex 2.32755218498784 -0.125 0.478624764752838
  endloop
endfacet
facet normal 2.78519839899992e-016 -1.0 3.91843420455938e-016
  outer loop
    vertex 1.12700365315956 -0.125 0.473654043830912
    vertex 2.32755218498784 -0.125 0.478624764752838
    vertex 1.1176024826018 -0.125 0.474307187803496
  endloop
endfacet
facet normal 2.78519839899992e-016 -1.0 3.91843420455938e-016
  outer loop
    vertex 1.1176024826018 -0.125 0.474307187803496
    vertex 2.32755218498784 -0.125 0.478624764752838
    vertex 1.10818058790996 -0.125 0.474498251460337
  endloop
endfacet
facet normal 2.78519839899992e-016 -1.0 3.91843420455938e-016
  outer loop
    vertex 4.5 -0.124999999999999 0.625
    vertex 3.585 -0.124999999999999 0.375
    vertex 4.5 -0.124999999999998 0.375
  endloop
endfacet
facet normal 2.78519839899992e-016 -1.0 3.91843420455938e-016
  outer loop
    vertex 3.585 -0.124999999999999 0.375
    vertex 4.5 -0.124999999999999 0.625
    vertex 3.55870776484342 -0.124999999999999 0.375977834865934
  endloop
endfacet
facet normal 2.78519839899992e-016 -1.0 3.91843420455938e-016
  outer loop
    vertex 3.55870776484342 -0.124999999999999 0.375977834865934
    vertex 4.5 -0.124999999999999 0.625
    vertex 3.5539190135379 -0.124999999999999 0.384094266707509
  endloop
endfacet
facet normal 2.78519839899992e-016 -1.0 3.91843420455938e-016
  outer loop
    vertex 3.5539190135379 -0.124999999999999 0.384094266707509
    vertex 4.5 -0.124999999999999 0.625
    vertex 3.54873777605875 -0.124999999999999 0.391965949061978
  endloop
endfacet
facet normal 2.78519839899992e-016 -1.0 3.91843420455938e-016
  outer loop
    vertex 3.54873777605875 -0.124999999999999 0.391965949061978
    vertex 4.5 -0.124999999999999 0.625
    vertex 3.54317653446087 -0.124999999999999 0.399573918357072
  endloop
endfacet
facet normal 2.78519839899992e-016 -1.0 3.91843420455938e-016
  outer loop
    vertex 3.54317653446087 -0.124999999999999 0.399573918357072
    vertex 4.5 -0.124999999999999 0.625
    vertex 3.53724868626239 -0.124999999999999 0.40689984632838
  endloop
endfacet
facet normal 2.78519839899992e-016 -1.0 3.91843420455938e-016
  outer loop
    vertex 3.53724868626239 -0.124999999999999 0.40689984632838
    vertex 4.5 -0.124999999999999 0.625
    vertex 3.53096851216883 -0.124999999999999 0.413926084173744
  endloop
endfacet
facet normal 2.78519839899992e-016 -1.0 3.91843420455938e-016
  outer loop
    vertex 3.53096851216883 -0.124999999999999 0.413926084173744
    vertex 4.5 -0.124999999999999 0.625
    vertex 3.52435114166966 -0.124999999999999 0.420635705070767
  endloop
endfacet
facet normal 2.78519839899992e-016 -1.0 3.91843420455938e-016
  outer loop
    vertex 3.52435114166966 -0.124999999999999 0.420635705070767
    vertex 4.5 -0.124999999999999 0.625
    vertex 3.51741251659003 -0.124999999999999 0.427012544955017
  endloop
endfacet
facet normal 2.78519839899992e-016 -1.0 3.91843420455938e-016
  outer loop
    vertex 3.51741251659003 -0.124999999999999 0.427012544955017
    vertex 4.5 -0.124999999999999 0.625
    vertex 3.5101693526855 -0.124999999999999 0.433041241460665
  endloop
endfacet
facet normal 2.78519839899992e-016 -1.0 3.91843420455938e-016
  outer loop
    vertex 3.5101693526855 -0.124999999999999 0.433041241460665
    vertex 4.5 -0.124999999999999 0.625
    vertex 3.50263909937236 -0.124999999999999 0.438707270929779
  endloop
endfacet
facet normal 2.78519839899992e-016 -1.0 3.91843420455938e-016
  outer loop
    vertex 3.50263909937236 -0.124999999999999 0.438707270929779
    vertex 4.5 -0.124999999999999 0.625
    vertex 3.49483989769039 -0.124999999999999 0.443996983401083
  endloop
endfacet
facet normal 2.78519839899992e-016 -1.0 3.91843420455938e-016
  outer loop
    vertex 3.49483989769039 -0.124999999999999 0.443996983401083
    vertex 4.5 -0.124999999999999 0.625
    vertex 3.48679053659959 -0.124999999999999 0.448897635493908
  endloop
endfacet
facet normal 2.78519839899992e-016 -1.0 3.91843420455938e-016
  outer loop
    vertex 3.48679053659959 -0.124999999999999 0.448897635493908
    vertex 4.5 -0.124999999999999 0.625
    vertex 3.47851040771585 -0.124999999999999 0.453397421108117
  endloop
endfacet
facet normal 2.78519839899992e-016 -1.0 3.91843420455938e-016
  outer loop
    vertex 3.47851040771585 -0.124999999999999 0.453397421108117
    vertex 4.5 -0.124999999999999 0.625
    vertex 3.47001945859493 -0.124999999999999 0.45748549986603
  endloop
endfacet
facet normal 2.78519839899992e-016 -1.0 3.91843420455938e-016
  outer loop
    vertex 3.47001945859493 -0.124999999999999 0.45748549986603
    vertex 4.5 -0.124999999999999 0.625
    vertex 3.46133814467696 -0.124999999999999 0.461152023227847
  endloop
endfacet
facet normal 2.78519839899992e-016 -1.0 3.91843420455938e-016
  outer loop
    vertex 3.46133814467696 -0.124999999999999 0.461152023227847
    vertex 4.5 -0.124999999999999 0.625
    vertex 3.45248738000757 -0.124999999999999 0.464388158217638
  endloop
endfacet
facet normal 2.78519839899992e-016 -1.0 3.91843420455938e-016
  outer loop
    vertex 3.45248738000757 -0.124999999999999 0.464388158217638
    vertex 4.5 -0.124999999999999 0.625
    vertex 3.44348848685409 -0.124999999999999 0.467186108702762
  endloop
endfacet
facet normal 2.78519839899992e-016 -1.0 3.91843420455938e-016
  outer loop
    vertex 3.44348848685409 -0.124999999999999 0.467186108702762
    vertex 4.5 -0.124999999999999 0.625
    vertex 3.43436314433832 -0.124999999999999 0.469539134175429
  endloop
endfacet
facet normal 2.78519839899992e-016 -1.0 3.91843420455938e-016
  outer loop
    vertex 3.43436314433832 -0.124999999999999 0.469539134175429
    vertex 4.5 -0.124999999999999 0.625
    vertex 3.42513333620968 -0.124999999999999 0.471441565991173
  endloop
endfacet
facet normal 2.78519839899992e-016 -1.0 3.91843420455938e-016
  outer loop
    vertex 3.42513333620968 -0.124999999999999 0.471441565991173
    vertex 4.5 -0.124999999999999 0.625
    vertex 3.41582129788439 -0.124999999999999 0.472888821025118
  endloop
endfacet
facet normal 2.78519839899992e-016 -1.0 3.91843420455938e-016
  outer loop
    vertex 3.41582129788439 -0.124999999999999 0.472888821025118
    vertex 4.5 -0.124999999999999 0.625
    vertex 3.4064494628784 -0.124999999999999 0.473877412713123
  endloop
endfacet
facet normal 2.78519839899992e-016 -1.0 3.91843420455938e-016
  outer loop
    vertex 3.4064494628784 -0.124999999999999 0.473877412713123
    vertex 4.5 -0.124999999999999 0.625
    vertex 3.39704040876312 -0.124999999999999 0.47440495945122
  endloop
endfacet
facet normal 2.78519839899992e-016 -1.0 3.91843420455938e-016
  outer loop
    vertex 3.39704040876312 -0.124999999999999 0.47440495945122
    vertex 4.5 -0.124999999999999 0.625
    vertex 3.38761680277406 -0.124999999999999 0.47447019033311
  endloop
endfacet
facet normal 2.78519839899992e-016 -1.0 3.91843420455938e-016
  outer loop
    vertex 3.38761680277406 -0.124999999999999 0.47447019033311
    vertex 4.5 -0.124999999999999 0.625
    vertex 2.52447929253231 -0.124999999999999 0.477602204901118
  endloop
endfacet
facet normal 2.78519839899992e-016 -1.0 3.91843420455938e-016
  outer loop
    vertex 2.52447929253231 -0.124999999999999 0.477602204901118
    vertex 4.5 -0.124999999999999 0.625
    vertex 2.51478625391713 -0.124999999999999 0.482248413279141
  endloop
endfacet
facet normal 2.78519839899992e-016 -1.0 3.91843420455938e-016
  outer loop
    vertex 2.51478625391713 -0.124999999999999 0.482248413279141
    vertex 4.5 -0.124999999999999 0.625
    vertex 2.50487691235191 -0.124999999999999 0.486413410233683
  endloop
endfacet
facet normal 2.78519839899992e-016 -1.0 3.91843420455938e-016
  outer loop
    vertex 2.50487691235191 -0.124999999999999 0.486413410233683
    vertex 4.5 -0.124999999999999 0.625
    vertex 2.49477514030843 -0.124999999999999 0.490087161922266
  endloop
endfacet
facet normal 2.78519839899992e-016 -1.0 3.91843420455938e-016
  outer loop
    vertex 2.49477514030843 -0.124999999999999 0.490087161922266
    vertex 4.5 -0.124999999999999 0.625
    vertex 2.48450527384039 -0.124999999999999 0.493260817955294
  endloop
endfacet
facet normal 2.78519839899992e-016 -1.0 3.91843420455938e-016
  outer loop
    vertex 2.48450527384039 -0.124999999999999 0.493260817955294
    vertex 4.5 -0.124999999999999 0.625
    vertex 2.47409205395562 -0.124999999999999 0.495926732717396
  endloop
endfacet
facet normal 2.78519839899992e-016 -1.0 3.91843420455938e-016
  outer loop
    vertex 2.47409205395562 -0.124999999999999 0.495926732717396
    vertex 4.5 -0.124999999999999 0.625
    vertex 2.46356056701293 -0.124999999999999 0.498078483786407
  endloop
endfacet
facet normal 2.78519839899992e-016 -1.0 3.91843420455938e-016
  outer loop
    vertex 2.46356056701293 -0.124999999999999 0.498078483786407
    vertex 4.5 -0.124999999999999 0.625
    vertex 2.45293618428676 -0.124999999999999 0.49971088740554
  endloop
endfacet
facet normal 2.78519839899992e-016 -1.0 3.91843420455938e-016
  outer loop
    vertex 2.45293618428676 -0.124999999999999 0.49971088740554
    vertex 4.5 -0.124999999999999 0.625
    vertex 2.44224450084574 -0.124999999999999 0.500820010971474
  endloop
endfacet
facet normal 2.78519839899992e-016 -1.0 3.91843420455938e-016
  outer loop
    vertex 2.44224450084574 -0.124999999999999 0.500820010971474
    vertex 4.5 -0.124999999999999 0.625
    vertex 2.43151127389175 -0.124999999999999 0.501403182508407
  endloop
endfacet
facet normal 2.78519839899992e-016 -1.0 3.91843420455938e-016
  outer loop
    vertex 2.43151127389175 -0.124999999999999 0.501403182508407
    vertex 4.5 -0.124999999999999 0.625
    vertex 2.42500000000001 -0.124999999999999 0.501436992822024
  endloop
endfacet
facet normal 2.78519839899992e-016 -1.0 3.91843420455938e-016
  outer loop
    vertex 2.42500000000001 -0.124999999999999 0.501436992822024
    vertex 4.5 -0.124999999999999 0.625
    vertex 2.42076236070862 -0.124999999999999 0.501458997105021
  endloop
endfacet
facet normal 2.78519839899992e-016 -1.0 3.91843420455938e-016
  outer loop
    vertex 0.915 -0.125 0.0
    vertex 0.917001748539663 -0.125 0.281680587909963
    vertex 0.915 -0.125 0.375
  endloop
endfacet
facet normal 2.78519839899992e-016 -1.0 3.91843420455938e-016
  outer loop
    vertex 0.917001748539663 -0.125 0.281680587909963
    vertex 0.915 -0.125 0.0
    vertex 0.917273225487652 -0.125 0.272260667253622
  endloop
endfacet
facet normal 2.78519839899992e-016 -1.0 3.91843420455938e-016
  outer loop
    vertex 0.917273225487652 -0.125 0.272260667253622
    vertex 0.915 -0.125 0.0
    vertex 0.918006589028722 -0.125 0.262865414046726
  endloop
endfacet
facet normal 2.78519839899992e-016 -1.0 3.91843420455938e-016
  outer loop
    vertex 0.918006589028722 -0.125 0.262865414046726
    vertex 0.915 -0.125 0.0
    vertex 0.91920007242587 -0.125 0.253517462277179
  endloop
endfacet
facet normal 2.78519839899992e-016 -1.0 3.91843420455938e-016
  outer loop
    vertex 0.91920007242587 -0.125 0.253517462277179
    vertex 0.915 -0.125 0.0
    vertex 0.920850800473053 -0.125 0.244239331979577
  endloop
endfacet
facet normal 2.78519839899992e-016 -1.0 3.91843420455938e-016
  outer loop
    vertex 0.920850800473053 -0.125 0.244239331979577
    vertex 0.915 -0.125 0.0
    vertex 0.922954796421821 -0.125 0.235053374982474
  endloop
endfacet
facet normal 2.78519839899992e-016 -1.0 3.91843420455938e-016
  outer loop
    vertex 0.922954796421821 -0.125 0.235053374982474
    vertex 0.915 -0.125 0.0
    vertex 0.925506991561643 -0.125 0.225981721060872
  endloop
endfacet
facet normal 2.78519839899992e-016 -1.0 3.91843420455938e-016
  outer loop
    vertex 0.925506991561643 -0.125 0.225981721060872
    vertex 0.915 -0.125 0.0
    vertex 0.928501237430883 -0.125 0.217046224623651
  endloop
endfacet
facet normal 2.78519839899992e-016 -1.0 3.91843420455938e-016
  outer loop
    vertex 0.928501237430883 -0.125 0.217046224623651
    vertex 0.915 -0.125 0.0
    vertex 0.931930320628976 -0.125 0.208268412064386
  endloop
endfacet
facet normal 2.78519839899992e-016 -1.0 3.91843420455938e-016
  outer loop
    vertex 0.931930320628976 -0.125 0.208268412064386
    vertex 0.915 -0.125 0.0
    vertex 0.935785980194147 -0.125 0.199669429902376
  endloop
endfacet
facet normal 2.78519839899992e-016 -1.0 3.91843420455938e-016
  outer loop
    vertex 0.935785980194147 -0.125 0.199669429902376
    vertex 0.915 -0.125 0.0
    vertex 0.940058927504786 -0.125 0.191269993838833
  endloop
endfacet
facet normal 2.78519839899992e-016 -1.0 3.91843420455938e-016
  outer loop
    vertex 0.940058927504786 -0.125 0.191269993838833
    vertex 0.915 -0.125 0.0
    vertex 0.944738868656556 -0.125 0.183090338850936
  endloop
endfacet
facet normal 2.78519839899992e-016 -1.0 3.91843420455938e-016
  outer loop
    vertex 0.944738868656556 -0.125 0.183090338850936
    vertex 0.915 -0.125 0.0
    vertex 0.949814529261308 -0.125 0.175150170444006
  endloop
endfacet
facet normal 2.78519839899992e-016 -1.0 3.91843420455938e-016
  outer loop
    vertex 0.949814529261308 -0.125 0.175150170444006
    vertex 0.915 -0.125 0.0
    vertex 0.95527368160807 -0.125 0.167468617179211
  endloop
endfacet
facet normal 2.78519839899992e-016 -1.0 3.91843420455938e-016
  outer loop
    vertex 0.95527368160807 -0.125 0.167468617179211
    vertex 0.915 -0.125 0.0
    vertex 0.961103174120674 -0.125 0.160064184591189
  endloop
endfacet
facet normal 2.78519839899992e-016 -1.0 3.91843420455938e-016
  outer loop
    vertex 0.961103174120674 -0.125 0.160064184591189
    vertex 0.915 -0.125 0.0
    vertex 0.967288963041053 -0.125 0.152954710606599
  endloop
endfacet
facet normal 2.78519839899992e-016 -1.0 3.91843420455938e-016
  outer loop
    vertex 0.967288963041053 -0.125 0.152954710606599
    vertex 0.915 -0.125 0.0
    vertex 0.973816146261887 -0.125 0.146157322570985
  endloop
endfacet
facet normal 2.78519839899992e-016 -1.0 3.91843420455938e-016
  outer loop
    vertex 0.973816146261887 -0.125 0.146157322570985
    vertex 0.915 -0.125 0.0
    vertex 0.980668999227083 -0.125 0.139688395987505
  endloop
endfacet
facet normal 2.78519839899992e-016 -1.0 3.91843420455938e-016
  outer loop
    vertex 0.980668999227083 -0.125 0.139688395987505
    vertex 0.915 -0.125 0.0
    vertex 0.987831012813609 -0.125 0.133563515066911
  endloop
endfacet
facet normal 2.78519839899992e-016 -1.0 3.91843420455938e-016
  outer loop
    vertex 0.987831012813609 -0.125 0.133563515066911
    vertex 0.915 -0.125 0.0
    vertex 0.995284933103417 -0.125 0.127797435183816
  endloop
endfacet
facet normal 2.78519839899992e-016 -1.0 3.91843420455938e-016
  outer loop
    vertex 0.995284933103417 -0.125 0.127797435183816
    vertex 0.915 -0.125 0.0
    vertex 1.00301280294964 -0.125 0.122404047329707
  endloop
endfacet
facet normal 2.78519839899992e-016 -1.0 3.91843420455938e-016
  outer loop
    vertex 1.00301280294964 -0.125 0.122404047329707
    vertex 0.915 -0.125 0.0
    vertex 1.01099600523694 -0.125 0.11739634464833
  endloop
endfacet
facet normal 2.78519839899992e-016 -1.0 3.91843420455938e-016
  outer loop
    vertex 1.01099600523694 -0.125 0.11739634464833
    vertex 0.915 -0.125 0.0
    vertex 1.01921530773177 -0.125 0.112786391134068
  endloop
endfacet
facet normal 2.78519839899992e-016 -1.0 3.91843420455938e-016
  outer loop
    vertex 1.01921530773177 -0.125 0.112786391134068
    vertex 0.915 -0.125 0.0
    vertex 1.02765090941447 -0.125 0.10858529256872
  endloop
endfacet
facet normal 2.78519839899992e-016 -1.0 3.91843420455938e-016
  outer loop
    vertex 1.02765090941447 -0.125 0.10858529256872
    vertex 0.915 -0.125 0.0
    vertex 1.03628248818174 -0.125 0.104803169766703
  endloop
endfacet
facet normal 2.78519839899992e-016 -1.0 3.91843420455938e-016
  outer loop
    vertex 1.03628248818174 -0.125 0.104803169766703
    vertex 0.915 -0.125 0.0
    vertex 1.04508924980428 -0.125 0.101449134193123
  endloop
endfacet
facet normal 2.78519839899992e-016 -1.0 3.91843420455938e-016
  outer loop
    vertex 1.04508924980428 -0.125 0.101449134193123
    vertex 0.915 -0.125 0.0
    vertex 1.05404997802196 -0.125 0.0985312660134542
  endloop
endfacet
facet normal 2.78519839899992e-016 -1.0 3.91843420455938e-016
  outer loop
    vertex 1.05404997802196 -0.125 0.0985312660134542
    vertex 0.915 -0.125 0.0
    vertex 1.06314308565564 -0.125 0.0960565946277162
  endloop
endfacet
facet normal 2.78519839899992e-016 -1.0 3.91843420455938e-016
  outer loop
    vertex 1.06314308565564 -0.125 0.0960565946277162
    vertex 0.915 -0.125 0.0
    vertex 1.07234666661256 -0.125 0.0940310817360345
  endloop
endfacet
facet normal 2.78519839899992e-016 -1.0 3.91843420455938e-016
  outer loop
    vertex 1.07234666661256 -0.125 0.0940310817360345
    vertex 0.915 -0.125 0.0
    vertex 1.08163854866007 -0.125 0.0924596069763782
  endloop
endfacet
facet normal 2.78519839899992e-016 -1.0 3.91843420455938e-016
  outer loop
    vertex 1.08163854866007 -0.125 0.0924596069763782
    vertex 0.915 -0.125 0.0
    vertex 1.09099634684044 -0.125 0.0913459561690882
  endloop
endfacet
facet normal 2.78519839899992e-016 -1.0 3.91843420455938e-016
  outer loop
    vertex 1.09099634684044 -0.125 0.0913459561690882
    vertex 0.915 -0.125 0.0
    vertex 1.1003975173982 -0.125 0.0906928121965039
  endloop
endfacet
facet normal 2.78519839899992e-016 -1.0 3.91843420455938e-016
  outer loop
    vertex 1.1003975173982 -0.125 0.0906928121965039
    vertex 0.915 -0.125 0.0
    vertex 2.41848872610826 -0.125 0.0635968174915973
  endloop
endfacet
facet normal 2.78519839899992e-016 -1.0 3.91843420455938e-016
  outer loop
    vertex 2.41848872610826 -0.125 0.0635968174915973
    vertex 0.915 -0.125 0.0
    vertex 2.425 -0.124999999999999 0.0635630071779822
  endloop
endfacet
facet normal 2.78519839899992e-016 -1.0 3.91843420455938e-016
  outer loop
    vertex 2.425 -0.124999999999999 0.0635630071779822
    vertex 0.915 -0.125 0.0
    vertex 2.42923763929139 -0.124999999999999 0.0635410028949785
  endloop
endfacet
facet normal 2.78519839899992e-016 -1.0 3.91843420455938e-016
  outer loop
    vertex 1.1003975173982 -0.125 0.0906928121965039
    vertex 2.41848872610826 -0.125 0.0635968174915973
    vertex 2.40775549915426 -0.124999999999999 0.0641799890285327
  endloop
endfacet
facet normal 2.78519839899992e-016 -1.0 3.91843420455938e-016
  outer loop
    vertex 1.1003975173982 -0.125 0.0906928121965039
    vertex 2.40775549915426 -0.124999999999999 0.0641799890285327
    vertex 1.10981941209004 -0.125 0.0905017485396636
  endloop
endfacet
facet normal 2.78519839899992e-016 -1.0 3.91843420455938e-016
  outer loop
    vertex 1.10981941209004 -0.125 0.0905017485396636
    vertex 2.40775549915426 -0.124999999999999 0.0641799890285327
    vertex 2.39706381571324 -0.124999999999999 0.0652891125944726
  endloop
endfacet
facet normal 2.78519839899992e-016 -1.0 3.91843420455938e-016
  outer loop
    vertex 1.10981941209004 -0.125 0.0905017485396636
    vertex 2.39706381571324 -0.124999999999999 0.0652891125944726
    vertex 2.38643943298709 -0.124999999999999 0.066921516213599
  endloop
endfacet
facet normal 2.78519839899992e-016 -1.0 3.91843420455938e-016
  outer loop
    vertex 1.10981941209004 -0.125 0.0905017485396636
    vertex 2.38643943298709 -0.124999999999999 0.066921516213599
    vertex 2.37590794604438 -0.125 0.0690732672826123
  endloop
endfacet
facet normal 2.78519839899992e-016 -1.0 3.91843420455938e-016
  outer loop
    vertex 1.10981941209004 -0.125 0.0905017485396636
    vertex 2.37590794604438 -0.125 0.0690732672826123
    vertex 2.36549472615961 -0.124999999999999 0.0717391820447156
  endloop
endfacet
facet normal 2.78519839899992e-016 -1.0 3.91843420455938e-016
  outer loop
    vertex 1.10981941209004 -0.125 0.0905017485396636
    vertex 2.36549472615961 -0.124999999999999 0.0717391820447156
    vertex 2.35522485969156 -0.124999999999999 0.0749128380777405
  endloop
endfacet
facet normal 2.78519839899992e-016 -1.0 3.91843420455938e-016
  outer loop
    vertex 1.10981941209004 -0.125 0.0905017485396636
    vertex 2.35522485969156 -0.124999999999999 0.0749128380777405
    vertex 2.3451230876481 -0.124999999999999 0.0785865897663239
  endloop
endfacet
facet normal 2.78519839899992e-016 -1.0 3.91843420455938e-016
  outer loop
    vertex 1.10981941209004 -0.125 0.0905017485396636
    vertex 2.3451230876481 -0.124999999999999 0.0785865897663239
    vertex 2.33521374608289 -0.125 0.0827515867208658
  endloop
endfacet
facet normal 2.78519839899992e-016 -1.0 3.91843420455938e-016
  outer loop
    vertex 1.10981941209004 -0.125 0.0905017485396636
    vertex 2.33521374608289 -0.125 0.0827515867208658
    vertex 2.3255207074677 -0.124999999999999 0.0873977950988917
  endloop
endfacet
facet normal 2.78519839899992e-016 -1.0 3.91843420455938e-016
  outer loop
    vertex 0.915 -0.125 0.375
    vertex 0.917001748539663 -0.125 0.281680587909963
    vertex 0.917192812196504 -0.125 0.291102482601801
  endloop
endfacet
facet normal 2.78519839899992e-016 -1.0 3.91843420455938e-016
  outer loop
    vertex 0.915 -0.125 0.375
    vertex 0.917192812196504 -0.125 0.291102482601801
    vertex 0.917845956169088 -0.125 0.300503653159563
  endloop
endfacet
facet normal 2.78519839899992e-016 -1.0 3.91843420455938e-016
  outer loop
    vertex 0.915 -0.125 0.375
    vertex 0.917845956169088 -0.125 0.300503653159563
    vertex 0.918959606976378 -0.125 0.309861451339929
  endloop
endfacet
facet normal 2.78519839899992e-016 -1.0 3.91843420455938e-016
  outer loop
    vertex 0.915 -0.125 0.375
    vertex 0.918959606976378 -0.125 0.309861451339929
    vertex 0.920531081736034 -0.125 0.319153333387438
  endloop
endfacet
facet normal 2.78519839899992e-016 -1.0 3.91843420455938e-016
  outer loop
    vertex 0.915 -0.125 0.375
    vertex 0.920531081736034 -0.125 0.319153333387438
    vertex 0.922556594627716 -0.125 0.328356914344363
  endloop
endfacet
facet normal 2.78519839899992e-016 -1.0 3.91843420455938e-016
  outer loop
    vertex 0.915 -0.125 0.375
    vertex 0.922556594627716 -0.125 0.328356914344363
    vertex 0.925031266013454 -0.125 0.337450021978042
  endloop
endfacet
facet normal 2.78519839899992e-016 -1.0 3.91843420455938e-016
  outer loop
    vertex 0.915 -0.125 0.375
    vertex 0.925031266013454 -0.125 0.337450021978042
    vertex 0.927949134193122 -0.125 0.346410750195722
  endloop
endfacet
facet normal 2.78519839899992e-016 -1.0 3.91843420455938e-016
  outer loop
    vertex 0.915 -0.125 0.375
    vertex 0.927949134193122 -0.125 0.346410750195722
    vertex 0.931303169766703 -0.125 0.355217511818259
  endloop
endfacet
facet normal 2.78519839899992e-016 -1.0 3.91843420455938e-016
  outer loop
    vertex 0.915 -0.125 0.375
    vertex 0.931303169766703 -0.125 0.355217511818259
    vertex 0.93508529256872 -0.125 0.363849090585525
  endloop
endfacet
facet normal 2.78519839899992e-016 -1.0 3.91843420455938e-016
  outer loop
    vertex 0.915 -0.125 0.375
    vertex 0.93508529256872 -0.125 0.363849090585525
    vertex 0.939286391134067 -0.125 0.372284692268232
  endloop
endfacet
facet normal 2.78519839899992e-016 -1.0 3.91843420455938e-016
  outer loop
    vertex 0.915 -0.125 0.375
    vertex 0.939286391134067 -0.125 0.372284692268232
    vertex 0.94389634464833 -0.125 0.380503994763054
  endloop
endfacet
facet normal 2.78519839899992e-016 -1.0 3.91843420455938e-016
  outer loop
    vertex 0.915 -0.125 0.375
    vertex 0.94389634464833 -0.125 0.380503994763054
    vertex 0.0 -0.125 0.375
  endloop
endfacet
facet normal 2.78519839899992e-016 -1.0 3.91843420455938e-016
  outer loop
    vertex 0.0 -0.125 0.375
    vertex 0.94389634464833 -0.125 0.380503994763054
    vertex 1.11022302462516e-016 -0.125 0.625
  endloop
endfacet
facet normal 2.78519839899992e-016 -1.0 3.91843420455938e-016
  outer loop
    vertex 1.11022302462516e-016 -0.125 0.625
    vertex 0.94389634464833 -0.125 0.380503994763054
    vertex 0.948904047329706 -0.125 0.388487197050356
  endloop
endfacet
facet normal 2.78519839899992e-016 -1.0 3.91843420455938e-016
  outer loop
    vertex 1.11022302462516e-016 -0.125 0.625
    vertex 0.948904047329706 -0.125 0.388487197050356
    vertex 0.954297435183815 -0.125 0.396215066896581
  endloop
endfacet
facet normal 2.78519839899992e-016 -1.0 3.91843420455938e-016
  outer loop
    vertex 1.11022302462516e-016 -0.125 0.625
    vertex 0.954297435183815 -0.125 0.396215066896581
    vertex 0.96006351506691 -0.125 0.40366898718639
  endloop
endfacet
facet normal 2.78519839899992e-016 -1.0 3.91843420455938e-016
  outer loop
    vertex 1.11022302462516e-016 -0.125 0.625
    vertex 0.96006351506691 -0.125 0.40366898718639
    vertex 0.966188395987504 -0.125 0.410831000772916
  endloop
endfacet
facet normal 2.78519839899992e-016 -1.0 3.91843420455938e-016
  outer loop
    vertex 1.11022302462516e-016 -0.125 0.625
    vertex 0.966188395987504 -0.125 0.410831000772916
    vertex 0.972657322570984 -0.125 0.417683853738112
  endloop
endfacet
facet normal 2.78519839899992e-016 -1.0 3.91843420455938e-016
  outer loop
    vertex 1.11022302462516e-016 -0.125 0.625
    vertex 0.972657322570984 -0.125 0.417683853738112
    vertex 0.979454710606599 -0.125 0.424211036958947
  endloop
endfacet
facet normal 2.78519839899992e-016 -1.0 3.91843420455938e-016
  outer loop
    vertex 1.11022302462516e-016 -0.125 0.625
    vertex 0.979454710606599 -0.125 0.424211036958947
    vertex 0.986564184591189 -0.125 0.430396825879325
  endloop
endfacet
facet normal 2.78519839899992e-016 -1.0 3.91843420455938e-016
  outer loop
    vertex 1.11022302462516e-016 -0.125 0.625
    vertex 0.986564184591189 -0.125 0.430396825879325
    vertex 0.993968617179209 -0.125 0.436226318391929
  endloop
endfacet
facet normal 2.78519839899992e-016 -1.0 3.91843420455938e-016
  outer loop
    vertex 1.11022302462516e-016 -0.125 0.625
    vertex 0.993968617179209 -0.125 0.436226318391929
    vertex 1.001650170444 -0.125 0.441685470738691
  endloop
endfacet
facet normal 2.78519839899992e-016 -1.0 3.91843420455938e-016
  outer loop
    vertex 1.11022302462516e-016 -0.125 0.625
    vertex 1.001650170444 -0.125 0.441685470738691
    vertex 1.00959033885093 -0.125 0.446761131343444
  endloop
endfacet
facet normal 2.78519839899992e-016 -1.0 3.91843420455938e-016
  outer loop
    vertex 1.11022302462516e-016 -0.125 0.625
    vertex 1.00959033885093 -0.125 0.446761131343444
    vertex 1.01776999383883 -0.125 0.451441072495214
  endloop
endfacet
facet normal 2.78519839899992e-016 -1.0 3.91843420455938e-016
  outer loop
    vertex 1.11022302462516e-016 -0.125 0.625
    vertex 1.01776999383883 -0.125 0.451441072495214
    vertex 1.02616942990237 -0.125 0.455714019805853
  endloop
endfacet
facet normal 2.78519839899992e-016 -1.0 3.91843420455938e-016
  outer loop
    vertex 1.11022302462516e-016 -0.125 0.625
    vertex 1.02616942990237 -0.125 0.455714019805853
    vertex 1.03476841206438 -0.125 0.459569679371024
  endloop
endfacet
facet normal 2.78519839899992e-016 -1.0 3.91843420455938e-016
  outer loop
    vertex 1.11022302462516e-016 -0.125 0.625
    vertex 1.03476841206438 -0.125 0.459569679371024
    vertex 1.04354622462365 -0.125 0.462998762569117
  endloop
endfacet
facet normal 2.78519839899992e-016 -1.0 3.91843420455938e-016
  outer loop
    vertex 1.11022302462516e-016 -0.125 0.625
    vertex 1.04354622462365 -0.125 0.462998762569117
    vertex 1.05248172106087 -0.125 0.465993008438357
  endloop
endfacet
facet normal 2.78519839899992e-016 -1.0 3.91843420455938e-016
  outer loop
    vertex 1.11022302462516e-016 -0.125 0.625
    vertex 1.05248172106087 -0.125 0.465993008438357
    vertex 1.06155337498247 -0.125 0.468545203578179
  endloop
endfacet
facet normal 2.78519839899992e-016 -1.0 3.91843420455938e-016
  outer loop
    vertex 1.11022302462516e-016 -0.125 0.625
    vertex 1.06155337498247 -0.125 0.468545203578179
    vertex 1.07073933197957 -0.125 0.470649199526947
  endloop
endfacet
facet normal 2.78519839899992e-016 -1.0 3.91843420455938e-016
  outer loop
    vertex 1.11022302462516e-016 -0.125 0.625
    vertex 1.07073933197957 -0.125 0.470649199526947
    vertex 1.08001746227718 -0.125 0.472299927574131
  endloop
endfacet
facet normal 2.78519839899992e-016 -1.0 3.91843420455938e-016
  outer loop
    vertex 1.11022302462516e-016 -0.125 0.625
    vertex 1.08001746227718 -0.125 0.472299927574131
    vertex 1.08936541404672 -0.125 0.473493410971278
  endloop
endfacet
facet normal 2.78519839899992e-016 -1.0 3.91843420455938e-016
  outer loop
    vertex 1.11022302462516e-016 -0.125 0.625
    vertex 1.08936541404672 -0.125 0.473493410971278
    vertex 1.09876066725362 -0.125 0.474226774512349
  endloop
endfacet
facet normal 2.78519839899992e-016 -1.0 3.91843420455938e-016
  outer loop
    vertex 1.11022302462516e-016 -0.125 0.625
    vertex 1.09876066725362 -0.125 0.474226774512349
    vertex 1.10818058790996 -0.125 0.474498251460337
  endloop
endfacet
facet normal 2.78519839899992e-016 -1.0 3.91843420455938e-016
  outer loop
    vertex 1.11022302462516e-016 -0.125 0.625
    vertex 1.10818058790996 -0.125 0.474498251460337
    vertex 2.32755218498784 -0.125 0.478624764752838
  endloop
endfacet
facet normal 2.78519839899992e-016 -1.0 3.91843420455938e-016
  outer loop
    vertex 1.11022302462516e-016 -0.125 0.625
    vertex 2.32755218498784 -0.125 0.478624764752838
    vertex 2.33729295123316 -0.124999999999999 0.483170061535378
  endloop
endfacet
facet normal 2.78519839899992e-016 -1.0 3.91843420455938e-016
  outer loop
    vertex 1.11022302462516e-016 -0.125 0.625
    vertex 2.33729295123316 -0.124999999999999 0.483170061535378
    vertex 2.3472450114412 -0.124999999999999 0.487231926563057
  endloop
endfacet
facet normal 2.78519839899992e-016 -1.0 3.91843420455938e-016
  outer loop
    vertex 1.11022302462516e-016 -0.125 0.625
    vertex 2.3472450114412 -0.124999999999999 0.487231926563057
    vertex 2.35738439022721 -0.124999999999999 0.490800574447249
  endloop
endfacet
facet normal 2.78519839899992e-016 -1.0 3.91843420455938e-016
  outer loop
    vertex 1.11022302462516e-016 -0.125 0.625
    vertex 2.35738439022721 -0.124999999999999 0.490800574447249
    vertex 2.36768666093958 -0.125 0.49386740800262
  endloop
endfacet
facet normal 2.78519839899992e-016 -1.0 3.91843420455938e-016
  outer loop
    vertex 1.11022302462516e-016 -0.125 0.625
    vertex 2.36768666093958 -0.125 0.49386740800262
    vertex 2.37812700450581 -0.124999999999999 0.496425038958515
  endloop
endfacet
facet normal 2.78519839899992e-016 -1.0 3.91843420455938e-016
  outer loop
    vertex 1.11022302462516e-016 -0.125 0.625
    vertex 2.37812700450581 -0.124999999999999 0.496425038958515
    vertex 2.38868026922377 -0.124999999999999 0.498467305757938
  endloop
endfacet
facet normal 2.78519839899992e-016 -1.0 3.91843420455938e-016
  outer loop
    vertex 1.11022302462516e-016 -0.125 0.625
    vertex 2.38868026922377 -0.124999999999999 0.498467305757938
    vertex 2.39932103135441 -0.124999999999999 0.499989288401289
  endloop
endfacet
facet normal 2.78519839899992e-016 -1.0 3.91843420455938e-016
  outer loop
    vertex 1.11022302462516e-016 -0.125 0.625
    vertex 2.39932103135441 -0.124999999999999 0.499989288401289
    vertex 2.41002365636973 -0.124999999999999 0.50098732029907
  endloop
endfacet
facet normal 2.78519839899992e-016 -1.0 3.91843420455938e-016
  outer loop
    vertex 1.11022302462516e-016 -0.125 0.625
    vertex 2.41002365636973 -0.124999999999999 0.50098732029907
    vertex 2.42076236070862 -0.124999999999999 0.501458997105021
  endloop
endfacet
facet normal 2.78519839899992e-016 -1.0 3.91843420455938e-016
  outer loop
    vertex 1.11022302462516e-016 -0.125 0.625
    vertex 2.42076236070862 -0.124999999999999 0.501458997105021
    vertex 4.5 -0.124999999999999 0.625
  endloop
endfacet
facet normal 2.78519839899992e-016 -1.0 3.91843420455938e-016
  outer loop
    vertex 3.39438319722594 -0.124999999999999 0.0905298096668904
    vertex 2.53195382093572 -0.124999999999999 0.0913930137664935
    vertex 2.52244781501218 -0.124999999999999 0.0863752352471638
  endloop
endfacet
facet normal 2.78519839899992e-016 -1.0 3.91843420455938e-016
  outer loop
    vertex 2.53195382093572 -0.124999999999999 0.0913930137664935
    vertex 3.39438319722594 -0.124999999999999 0.0905298096668904
    vertex 3.38495959123688 -0.124999999999999 0.0905950405487802
  endloop
endfacet
facet normal 2.78519839899992e-016 -1.0 3.91843420455938e-016
  outer loop
    vertex 2.53195382093572 -0.124999999999999 0.0913930137664935
    vertex 3.38495959123688 -0.124999999999999 0.0905950405487802
    vertex 3.3755505371216 -0.124999999999999 0.0911225872868772
  endloop
endfacet
facet normal 2.78519839899992e-016 -1.0 3.91843420455938e-016
  outer loop
    vertex 2.53195382093572 -0.124999999999999 0.0913930137664935
    vertex 3.3755505371216 -0.124999999999999 0.0911225872868772
    vertex 3.36617870211561 -0.124999999999999 0.092111178974882
  endloop
endfacet
facet normal 2.78519839899992e-016 -1.0 3.91843420455938e-016
  outer loop
    vertex 2.53195382093572 -0.124999999999999 0.0913930137664935
    vertex 3.36617870211561 -0.124999999999999 0.092111178974882
    vertex 2.54120216573657 -0.124999999999999 0.0968711857546548
  endloop
endfacet
facet normal 2.78519839899992e-016 -1.0 3.91843420455938e-016
  outer loop
    vertex 2.54120216573657 -0.124999999999999 0.0968711857546548
    vertex 3.36617870211561 -0.124999999999999 0.092111178974882
    vertex 3.35686666379032 -0.124999999999999 0.0935584340088272
  endloop
endfacet
facet normal 2.78519839899992e-016 -1.0 3.91843420455938e-016
  outer loop
    vertex 2.54120216573657 -0.124999999999999 0.0968711857546548
    vertex 3.35686666379032 -0.124999999999999 0.0935584340088272
    vertex 3.34763685566168 -0.124999999999999 0.0954608658245716
  endloop
endfacet
facet normal 2.78519839899992e-016 -1.0 3.91843420455938e-016
  outer loop
    vertex 2.54120216573657 -0.124999999999999 0.0968711857546548
    vertex 3.34763685566168 -0.124999999999999 0.0954608658245716
    vertex 3.33851151314591 -0.124999999999999 0.0978138912972381
  endloop
endfacet
facet normal 2.78519839899992e-016 -1.0 3.91843420455938e-016
  outer loop
    vertex 2.54120216573657 -0.124999999999999 0.0968711857546548
    vertex 3.33851151314591 -0.124999999999999 0.0978138912972381
    vertex 2.55017056934206 -0.124999999999999 0.102796553815498
  endloop
endfacet
facet normal 2.78519839899992e-016 -1.0 3.91843420455938e-016
  outer loop
    vertex 2.55017056934206 -0.124999999999999 0.102796553815498
    vertex 3.33851151314591 -0.124999999999999 0.0978138912972381
    vertex 3.32951261999243 -0.124999999999999 0.100611841782362
  endloop
endfacet
facet normal 2.78519839899992e-016 -1.0 3.91843420455938e-016
  outer loop
    vertex 2.55017056934206 -0.124999999999999 0.102796553815498
    vertex 3.32951261999243 -0.124999999999999 0.100611841782362
    vertex 3.32066185532304 -0.124999999999999 0.103847976772153
  endloop
endfacet
facet normal 2.78519839899992e-016 -1.0 3.91843420455938e-016
  outer loop
    vertex 2.55017056934206 -0.124999999999999 0.102796553815498
    vertex 3.32066185532304 -0.124999999999999 0.103847976772153
    vertex 2.55883742608236 -0.124999999999999 0.109154843218362
  endloop
endfacet
facet normal 2.78519839899992e-016 -1.0 3.91843420455938e-016
  outer loop
    vertex 2.55883742608236 -0.124999999999999 0.109154843218362
    vertex 3.32066185532304 -0.124999999999999 0.103847976772153
    vertex 3.31198054140507 -0.124999999999999 0.10751450013397
  endloop
endfacet
facet normal 2.78519839899992e-016 -1.0 3.91843420455938e-016
  outer loop
    vertex 2.55883742608236 -0.124999999999999 0.109154843218362
    vertex 3.31198054140507 -0.124999999999999 0.10751450013397
    vertex 3.30348959228415 -0.124999999999999 0.111602578891883
  endloop
endfacet
facet normal 2.78519839899992e-016 -1.0 3.91843420455938e-016
  outer loop
    vertex 2.55883742608236 -0.124999999999999 0.109154843218362
    vertex 3.30348959228415 -0.124999999999999 0.111602578891883
    vertex 2.56718185674047 -0.124999999999999 0.115930736287156
  endloop
endfacet
facet normal 2.78519839899992e-016 -1.0 3.91843420455938e-016
  outer loop
    vertex 2.56718185674047 -0.124999999999999 0.115930736287156
    vertex 3.30348959228415 -0.124999999999999 0.111602578891883
    vertex 3.29520946340042 -0.124999999999999 0.116102364506092
  endloop
endfacet
facet normal 2.78519839899992e-016 -1.0 3.91843420455938e-016
  outer loop
    vertex 2.56718185674047 -0.124999999999999 0.115930736287156
    vertex 3.29520946340042 -0.124999999999999 0.116102364506092
    vertex 2.575183758852 -0.124999999999999 0.123107909301979
  endloop
endfacet
facet normal 2.78519839899992e-016 -1.0 3.91843420455938e-016
  outer loop
    vertex 2.575183758852 -0.124999999999999 0.123107909301979
    vertex 3.29520946340042 -0.124999999999999 0.116102364506092
    vertex 3.28716010230961 -0.124999999999999 0.121003016598917
  endloop
endfacet
facet normal 2.78519839899992e-016 -1.0 3.91843420455938e-016
  outer loop
    vertex 2.575183758852 -0.124999999999999 0.123107909301979
    vertex 3.28716010230961 -0.124999999999999 0.121003016598917
    vertex 3.27936090062764 -0.124999999999999 0.126292729070222
  endloop
endfacet
facet normal 2.78519839899992e-016 -1.0 3.91843420455938e-016
  outer loop
    vertex 2.575183758852 -0.124999999999999 0.123107909301979
    vertex 3.27936090062764 -0.124999999999999 0.126292729070222
    vertex 2.58282385513394 -0.124999999999999 0.13066907182439
  endloop
endfacet
facet normal 2.78519839899992e-016 -1.0 3.91843420455938e-016
  outer loop
    vertex 2.58282385513394 -0.124999999999999 0.13066907182439
    vertex 3.27936090062764 -0.124999999999999 0.126292729070222
    vertex 3.2718306473145 -0.124999999999999 0.131958758539337
  endloop
endfacet
facet normal 2.78519839899992e-016 -1.0 3.91843420455938e-016
  outer loop
    vertex 2.58282385513394 -0.124999999999999 0.13066907182439
    vertex 3.2718306473145 -0.124999999999999 0.131958758539337
    vertex 2.59008373992512 -0.124999999999999 0.138596008351596
  endloop
endfacet
facet normal 2.78519839899992e-016 -1.0 3.91843420455938e-016
  outer loop
    vertex 2.59008373992512 -0.124999999999999 0.138596008351596
    vertex 3.2718306473145 -0.124999999999999 0.131958758539337
    vertex 3.26458748340997 -0.124999999999999 0.137987455044985
  endloop
endfacet
facet normal 2.78519839899992e-016 -1.0 3.91843420455938e-016
  outer loop
    vertex 2.59008373992512 -0.124999999999999 0.138596008351596
    vertex 3.26458748340997 -0.124999999999999 0.137987455044985
    vertex 3.25764885833034 -0.124999999999999 0.144364294929234
  endloop
endfacet
facet normal 2.78519839899992e-016 -1.0 3.91843420455938e-016
  outer loop
    vertex 2.59008373992512 -0.124999999999999 0.138596008351596
    vertex 3.25764885833034 -0.124999999999999 0.144364294929234
    vertex 2.59694592352717 -0.125 0.146869622199184
  endloop
endfacet
facet normal 2.78519839899992e-016 -1.0 3.91843420455938e-016
  outer loop
    vertex 2.59694592352717 -0.125 0.146869622199184
    vertex 3.25764885833034 -0.124999999999999 0.144364294929234
    vertex 3.25103148783117 -0.124999999999999 0.151073915826258
  endloop
endfacet
facet normal 2.78519839899992e-016 -1.0 3.91843420455938e-016
  outer loop
    vertex 2.59694592352717 -0.125 0.146869622199184
    vertex 3.25103148783117 -0.124999999999999 0.151073915826258
    vertex 2.60339387433877 -0.124999999999999 0.155469981506712
  endloop
endfacet
facet normal 2.78519839899992e-016 -1.0 3.91843420455938e-016
  outer loop
    vertex 2.60339387433877 -0.124999999999999 0.155469981506712
    vertex 3.25103148783117 -0.124999999999999 0.151073915826258
    vertex 3.24475131373761 -0.124999999999999 0.158100153671621
  endloop
endfacet
facet normal 2.78519839899992e-016 -1.0 3.91843420455938e-016
  outer loop
    vertex 2.60339387433877 -0.124999999999999 0.155469981506712
    vertex 3.24475131373761 -0.124999999999999 0.158100153671621
    vertex 2.60941205868165 -0.124999999999999 0.164376367255309
  endloop
endfacet
facet normal 2.78519839899992e-016 -1.0 3.91843420455938e-016
  outer loop
    vertex 2.60941205868165 -0.124999999999999 0.164376367255309
    vertex 3.24475131373761 -0.124999999999999 0.158100153671621
    vertex 3.23882346553913 -0.124999999999999 0.165426081642929
  endloop
endfacet
facet normal 2.78519839899992e-016 -1.0 3.91843420455938e-016
  outer loop
    vertex 2.60941205868165 -0.124999999999999 0.164376367255309
    vertex 3.23882346553913 -0.124999999999999 0.165426081642929
    vertex 2.61498597822255 -0.124999999999999 0.173567323181591
  endloop
endfacet
facet normal 2.78519839899992e-016 -1.0 3.91843420455938e-016
  outer loop
    vertex 2.61498597822255 -0.124999999999999 0.173567323181591
    vertex 3.23882346553913 -0.124999999999999 0.165426081642929
    vertex 3.23326222394125 -0.124999999999999 0.173034050938024
  endloop
endfacet
facet normal 2.78519839899992e-016 -1.0 3.91843420455938e-016
  outer loop
    vertex 2.61498597822255 -0.124999999999999 0.173567323181591
    vertex 3.23326222394125 -0.124999999999999 0.173034050938024
    vertex 3.2280809864621 -0.124999999999999 0.180905733292493
  endloop
endfacet
facet normal 2.78519839899992e-016 -1.0 3.91843420455938e-016
  outer loop
    vertex 2.61498597822255 -0.124999999999999 0.173567323181591
    vertex 3.2280809864621 -0.124999999999999 0.180905733292493
    vertex 2.62010220490112 -0.124999999999999 0.183020707467707
  endloop
endfacet
facet normal 2.78519839899992e-016 -1.0 3.91843420455938e-016
  outer loop
    vertex 2.62010220490112 -0.124999999999999 0.183020707467707
    vertex 3.2280809864621 -0.124999999999999 0.180905733292493
    vertex 3.22329223515658 -0.124999999999999 0.189022165134068
  endloop
endfacet
facet normal 2.78519839899992e-016 -1.0 3.91843420455938e-016
  outer loop
    vertex 2.62010220490112 -0.124999999999999 0.183020707467707
    vertex 3.22329223515658 -0.124999999999999 0.189022165134068
    vertex 2.62474841327915 -0.124999999999999 0.192713746082889
  endloop
endfacet
facet normal 2.78519839899992e-016 -1.0 3.91843420455938e-016
  outer loop
    vertex 2.62474841327915 -0.124999999999999 0.192713746082889
    vertex 3.22329223515658 -0.124999999999999 0.189022165134068
    vertex 3.21890750654603 -0.124999999999999 0.197363793267526
  endloop
endfacet
facet normal 2.78519839899992e-016 -1.0 3.91843420455938e-016
  outer loop
    vertex 2.62474841327915 -0.124999999999999 0.192713746082889
    vertex 3.21890750654603 -0.124999999999999 0.197363793267526
    vertex 2.62891341023368 -0.124999999999999 0.202623087648106
  endloop
endfacet
facet normal 2.78519839899992e-016 -1.0 3.91843420455938e-016
  outer loop
    vertex 2.62891341023368 -0.124999999999999 0.202623087648106
    vertex 3.21890750654603 -0.124999999999999 0.197363793267526
    vertex 3.21493736382573 -0.124999999999999 0.205910521980054
  endloop
endfacet
facet normal 2.78519839899992e-016 -1.0 3.91843420455938e-016
  outer loop
    vertex 2.62891341023368 -0.124999999999999 0.202623087648106
    vertex 3.21493736382573 -0.124999999999999 0.205910521980054
    vertex 2.63258716192229 -0.124999999999999 0.212724859691568
  endloop
endfacet
facet normal 2.78519839899992e-016 -1.0 3.91843420455938e-016
  outer loop
    vertex 2.63258716192229 -0.124999999999999 0.212724859691568
    vertex 3.21493736382573 -0.124999999999999 0.205910521980054
    vertex 3.21139137141725 -0.124999999999999 0.214641761453577
  endloop
endfacet
facet normal 2.78519839899992e-016 -1.0 3.91843420455938e-016
  outer loop
    vertex 2.63258716192229 -0.124999999999999 0.212724859691568
    vertex 3.21139137141725 -0.124999999999999 0.214641761453577
    vertex 2.6357608179553 -0.124999999999999 0.222994726159615
  endloop
endfacet
facet normal 2.78519839899992e-016 -1.0 3.91843420455938e-016
  outer loop
    vertex 2.6357608179553 -0.124999999999999 0.222994726159615
    vertex 3.21139137141725 -0.124999999999999 0.214641761453577
    vertex 3.20827807192688 -0.124999999999999 0.223536477367439
  endloop
endfacet
facet normal 2.78519839899992e-016 -1.0 3.91843420455938e-016
  outer loop
    vertex 2.6357608179553 -0.124999999999999 0.222994726159615
    vertex 3.20827807192688 -0.124999999999999 0.223536477367439
    vertex 2.63842673271741 -0.124999999999998 0.233407946044387
  endloop
endfacet
facet normal 2.78519839899992e-016 -1.0 3.91843420455938e-016
  outer loop
    vertex 2.63842673271741 -0.124999999999998 0.233407946044387
    vertex 3.20827807192688 -0.124999999999999 0.223536477367439
    vertex 3.20560496556579 -0.124999999999999 0.232573241571917
  endloop
endfacet
facet normal 2.78519839899992e-016 -1.0 3.91843420455938e-016
  outer loop
    vertex 2.63842673271741 -0.124999999999998 0.233407946044387
    vertex 3.20560496556579 -0.124999999999999 0.232573241571917
    vertex 3.20337849208133 -0.124999999999999 0.241730283710516
  endloop
endfacet
facet normal 2.78519839899992e-016 -1.0 3.91843420455938e-016
  outer loop
    vertex 2.63842673271741 -0.124999999999998 0.233407946044387
    vertex 3.20337849208133 -0.124999999999999 0.241730283710516
    vertex 2.64057848378642 -0.124999999999998 0.243939432987098
  endloop
endfacet
facet normal 2.78519839899992e-016 -1.0 3.91843420455938e-016
  outer loop
    vertex 2.64057848378642 -0.124999999999998 0.243939432987098
    vertex 3.20337849208133 -0.124999999999999 0.241730283710516
    vertex 3.20160401524316 -0.124999999999999 0.250985543666661
  endloop
endfacet
facet normal 2.78519839899992e-016 -1.0 3.91843420455938e-016
  outer loop
    vertex 2.64057848378642 -0.124999999999998 0.243939432987098
    vertex 3.20160401524316 -0.124999999999999 0.250985543666661
    vertex 2.64221088740555 -0.124999999999999 0.254563815713248
  endloop
endfacet
facet normal 2.78519839899992e-016 -1.0 3.91843420455938e-016
  outer loop
    vertex 2.64221088740555 -0.124999999999999 0.254563815713248
    vertex 3.20160401524316 -0.124999999999999 0.250985543666661
    vertex 3.20028580992139 -0.124999999999999 0.260316724708454
  endloop
endfacet
facet normal 2.78519839899992e-016 -1.0 3.91843420455938e-016
  outer loop
    vertex 2.64221088740555 -0.124999999999999 0.254563815713248
    vertex 3.20028580992139 -0.124999999999999 0.260316724708454
    vertex 2.64332001097147 -0.124999999999999 0.265255499154264
  endloop
endfacet
facet normal 2.78519839899992e-016 -1.0 3.91843420455938e-016
  outer loop
    vertex 2.64332001097147 -0.124999999999999 0.265255499154264
    vertex 3.20028580992139 -0.124999999999999 0.260316724708454
    vertex 3.19942705178812 -0.124999999999999 0.26970134720345
  endloop
endfacet
facet normal 2.78519839899992e-016 -1.0 3.91843420455938e-016
  outer loop
    vertex 2.64332001097147 -0.124999999999999 0.265255499154264
    vertex 3.19942705178812 -0.124999999999999 0.26970134720345
    vertex 2.64390318250842 -0.124999999999999 0.275988726108261
  endloop
endfacet
facet normal 2.78519839899992e-016 -1.0 3.91843420455938e-016
  outer loop
    vertex 2.64390318250842 -0.124999999999999 0.275988726108261
    vertex 3.19942705178812 -0.124999999999999 0.26970134720345
    vertex 3.19902980966689 -0.124999999999999 0.279116802774062
  endloop
endfacet
facet normal 2.78519839899992e-016 -1.0 3.91843420455938e-016
  outer loop
    vertex 2.64390318250842 -0.124999999999999 0.275988726108261
    vertex 3.19902980966689 -0.124999999999999 0.279116802774062
    vertex 2.64395899710503 -0.124999999999999 0.286737639291382
  endloop
endfacet
facet normal 2.78519839899992e-016 -1.0 3.91843420455938e-016
  outer loop
    vertex 2.64395899710503 -0.124999999999999 0.286737639291382
    vertex 3.19902980966689 -0.124999999999999 0.279116802774062
    vertex 3.19909504054878 -0.124999999999999 0.288540408763125
  endloop
endfacet
facet normal 2.78519839899992e-016 -1.0 3.91843420455938e-016
  outer loop
    vertex 2.64395899710503 -0.124999999999999 0.286737639291382
    vertex 3.19909504054878 -0.124999999999999 0.288540408763125
    vertex 2.6434873202991 -0.124999999999999 0.297476343630278
  endloop
endfacet
facet normal 2.78519839899992e-016 -1.0 3.91843420455938e-016
  outer loop
    vertex 2.6434873202991 -0.124999999999999 0.297476343630278
    vertex 3.19909504054878 -0.124999999999999 0.288540408763125
    vertex 3.19962258728688 -0.124999999999999 0.2979494628784
  endloop
endfacet
facet normal 2.78519839899992e-016 -1.0 3.91843420455938e-016
  outer loop
    vertex 2.6434873202991 -0.124999999999999 0.297476343630278
    vertex 3.19962258728688 -0.124999999999999 0.2979494628784
    vertex 2.64248928840131 -0.124999999999999 0.308178968645592
  endloop
endfacet
facet normal 2.78519839899992e-016 -1.0 3.91843420455938e-016
  outer loop
    vertex 2.64248928840131 -0.124999999999999 0.308178968645592
    vertex 3.19962258728688 -0.124999999999999 0.2979494628784
    vertex 3.20061117897488 -0.124999999999999 0.307321297884388
  endloop
endfacet
facet normal 2.78519839899992e-016 -1.0 3.91843420455938e-016
  outer loop
    vertex 2.64248928840131 -0.124999999999999 0.308178968645592
    vertex 3.20061117897488 -0.124999999999999 0.307321297884388
    vertex 3.20205843400883 -0.124999999999999 0.316633336209683
  endloop
endfacet
facet normal 2.78519839899992e-016 -1.0 3.91843420455938e-016
  outer loop
    vertex 2.64248928840131 -0.124999999999999 0.308178968645592
    vertex 3.20205843400883 -0.124999999999999 0.316633336209683
    vertex 2.64096730575795 -0.124999999999999 0.318819730776228
  endloop
endfacet
facet normal 2.78519839899992e-016 -1.0 3.91843420455938e-016
  outer loop
    vertex 2.64096730575795 -0.124999999999999 0.318819730776228
    vertex 3.20205843400883 -0.124999999999999 0.316633336209683
    vertex 3.20396086582457 -0.124999999999999 0.325863144338322
  endloop
endfacet
facet normal 2.78519839899992e-016 -1.0 3.91843420455938e-016
  outer loop
    vertex 2.64096730575795 -0.124999999999999 0.318819730776228
    vertex 3.20396086582457 -0.124999999999999 0.325863144338322
    vertex 2.63892503895852 -0.124999999999998 0.32937299549419
  endloop
endfacet
facet normal 2.78519839899992e-016 -1.0 3.91843420455938e-016
  outer loop
    vertex 2.63892503895852 -0.124999999999998 0.32937299549419
    vertex 3.20396086582457 -0.124999999999999 0.325863144338322
    vertex 3.20631389129724 -0.124999999999999 0.334988486854087
  endloop
endfacet
facet normal 2.78519839899992e-016 -1.0 3.91843420455938e-016
  outer loop
    vertex 2.63892503895852 -0.124999999999998 0.32937299549419
    vertex 3.20631389129724 -0.124999999999999 0.334988486854087
    vertex 2.63636740800263 -0.124999999999999 0.339813339060423
  endloop
endfacet
facet normal 2.78519839899992e-016 -1.0 3.91843420455938e-016
  outer loop
    vertex 2.63636740800263 -0.124999999999999 0.339813339060423
    vertex 3.20631389129724 -0.124999999999999 0.334988486854087
    vertex 3.20911184178236 -0.124999999999999 0.343987380007572
  endloop
endfacet
facet normal 2.78519839899992e-016 -1.0 3.91843420455938e-016
  outer loop
    vertex 2.63636740800263 -0.124999999999999 0.339813339060423
    vertex 3.20911184178236 -0.124999999999999 0.343987380007572
    vertex 2.63330057444726 -0.124999999999999 0.3501156097728
  endloop
endfacet
facet normal 2.78519839899992e-016 -1.0 3.91843420455938e-016
  outer loop
    vertex 2.63330057444726 -0.124999999999999 0.3501156097728
    vertex 3.20911184178236 -0.124999999999999 0.343987380007572
    vertex 3.21234797677215 -0.124999999999999 0.352838144676961
  endloop
endfacet
facet normal 2.78519839899992e-016 -1.0 3.91843420455938e-016
  outer loop
    vertex 2.63330057444726 -0.124999999999999 0.3501156097728
    vertex 3.21234797677215 -0.124999999999999 0.352838144676961
    vertex 2.62973192656308 -0.124999999999999 0.360254988558807
  endloop
endfacet
facet normal 2.78519839899992e-016 -1.0 3.91843420455938e-016
  outer loop
    vertex 2.62973192656308 -0.124999999999999 0.360254988558807
    vertex 3.21234797677215 -0.124999999999999 0.352838144676961
    vertex 3.21601450013397 -0.124999999999999 0.361519458594929
  endloop
endfacet
facet normal 2.78519839899992e-016 -1.0 3.91843420455938e-016
  outer loop
    vertex 2.62973192656308 -0.124999999999999 0.360254988558807
    vertex 3.21601450013397 -0.124999999999999 0.361519458594929
    vertex 2.62567006153539 -0.124999999999999 0.370207048766841
  endloop
endfacet
facet normal 2.78519839899992e-016 -1.0 3.91843420455938e-016
  outer loop
    vertex 2.62567006153539 -0.124999999999999 0.370207048766841
    vertex 3.21601450013397 -0.124999999999999 0.361519458594929
    vertex 3.22010257889188 -0.124999999999999 0.370010407715854
  endloop
endfacet
facet normal 2.78519839899992e-016 -1.0 3.91843420455938e-016
  outer loop
    vertex 2.62567006153539 -0.124999999999999 0.370207048766841
    vertex 3.22010257889188 -0.124999999999999 0.370010407715854
    vertex 3.22460236450609 -0.124999999999999 0.378290536599586
  endloop
endfacet
facet normal 2.78519839899992e-016 -1.0 3.91843420455938e-016
  outer loop
    vertex 2.62567006153539 -0.124999999999999 0.370207048766841
    vertex 3.22460236450609 -0.124999999999999 0.378290536599586
    vertex 2.62112476475284 -0.124999999999998 0.379947815012171
  endloop
endfacet
facet normal 2.78519839899992e-016 -1.0 3.91843420455938e-016
  outer loop
    vertex 2.62112476475284 -0.124999999999998 0.379947815012171
    vertex 3.22460236450609 -0.124999999999999 0.378290536599586
    vertex 3.22950301659892 -0.124999999999999 0.386339897690389
  endloop
endfacet
facet normal 2.78519839899992e-016 -1.0 3.91843420455938e-016
  outer loop
    vertex 2.62112476475284 -0.124999999999998 0.379947815012171
    vertex 3.22950301659892 -0.124999999999999 0.386339897690389
    vertex 2.61610698623352 -0.124999999999999 0.38945382093571
  endloop
endfacet
facet normal 2.78519839899992e-016 -1.0 3.91843420455938e-016
  outer loop
    vertex 2.61610698623352 -0.124999999999999 0.38945382093571
    vertex 3.22950301659892 -0.124999999999999 0.386339897690389
    vertex 3.23479272907022 -0.124999999999999 0.394139099372356
  endloop
endfacet
facet normal 2.78519839899992e-016 -1.0 3.91843420455938e-016
  outer loop
    vertex 2.61610698623352 -0.124999999999999 0.38945382093571
    vertex 3.23479272907022 -0.124999999999999 0.394139099372356
    vertex 2.61062881424535 -0.124999999999999 0.398702165736569
  endloop
endfacet
facet normal 2.78519839899992e-016 -1.0 3.91843420455938e-016
  outer loop
    vertex 2.61062881424535 -0.124999999999999 0.398702165736569
    vertex 3.23479272907022 -0.124999999999999 0.394139099372356
    vertex 3.24045875853934 -0.124999999999999 0.401669352685503
  endloop
endfacet
facet normal 2.78519839899992e-016 -1.0 3.91843420455938e-016
  outer loop
    vertex 2.61062881424535 -0.124999999999999 0.398702165736569
    vertex 3.24045875853934 -0.124999999999999 0.401669352685503
    vertex 2.60470344618451 -0.124999999999999 0.407670569342059
  endloop
endfacet
facet normal 2.78519839899992e-016 -1.0 3.91843420455938e-016
  outer loop
    vertex 2.60470344618451 -0.124999999999999 0.407670569342059
    vertex 3.24045875853934 -0.124999999999999 0.401669352685503
    vertex 3.24648745504498 -0.124999999999999 0.40891251659003
  endloop
endfacet
facet normal 2.78519839899992e-016 -1.0 3.91843420455938e-016
  outer loop
    vertex 2.60470344618451 -0.124999999999999 0.407670569342059
    vertex 3.24648745504498 -0.124999999999999 0.40891251659003
    vertex 2.59834515678164 -0.124999999999999 0.416337426082364
  endloop
endfacet
facet normal 2.78519839899992e-016 -1.0 3.91843420455938e-016
  outer loop
    vertex 2.59834515678164 -0.124999999999999 0.416337426082364
    vertex 3.24648745504498 -0.124999999999999 0.40891251659003
    vertex 3.25286429492923 -0.124999999999999 0.415851141669662
  endloop
endfacet
facet normal 2.78519839899992e-016 -1.0 3.91843420455938e-016
  outer loop
    vertex 2.59834515678164 -0.124999999999999 0.416337426082364
    vertex 3.25286429492923 -0.124999999999999 0.415851141669662
    vertex 3.25957391582626 -0.124999999999999 0.422468512168831
  endloop
endfacet
facet normal 2.78519839899992e-016 -1.0 3.91843420455938e-016
  outer loop
    vertex 2.59834515678164 -0.124999999999999 0.416337426082364
    vertex 3.25957391582626 -0.124999999999999 0.422468512168831
    vertex 2.59156926371287 -0.124999999999999 0.424681856740453
  endloop
endfacet
facet normal 2.78519839899992e-016 -1.0 3.91843420455938e-016
  outer loop
    vertex 2.59156926371287 -0.124999999999999 0.424681856740453
    vertex 3.25957391582626 -0.124999999999999 0.422468512168831
    vertex 3.26660015367162 -0.124999999999999 0.428748686262392
  endloop
endfacet
facet normal 2.78519839899992e-016 -1.0 3.91843420455938e-016
  outer loop
    vertex 2.59156926371287 -0.124999999999999 0.424681856740453
    vertex 3.26660015367162 -0.124999999999999 0.428748686262392
    vertex 2.58439209069805 -0.124999999999999 0.432683758851999
  endloop
endfacet
facet normal 2.78519839899992e-016 -1.0 3.91843420455938e-016
  outer loop
    vertex 2.58439209069805 -0.124999999999999 0.432683758851999
    vertex 3.26660015367162 -0.124999999999999 0.428748686262392
    vertex 3.27392608164293 -0.124999999999999 0.434676534460874
  endloop
endfacet
facet normal 2.78519839899992e-016 -1.0 3.91843420455938e-016
  outer loop
    vertex 2.58439209069805 -0.124999999999999 0.432683758851999
    vertex 3.27392608164293 -0.124999999999999 0.434676534460874
    vertex 2.57683092817562 -0.124999999999999 0.44032385513393
  endloop
endfacet
facet normal 2.78519839899992e-016 -1.0 3.91843420455938e-016
  outer loop
    vertex 2.57683092817562 -0.124999999999999 0.44032385513393
    vertex 3.27392608164293 -0.124999999999999 0.434676534460874
    vertex 3.28153405093802 -0.124999999999999 0.440237776058751
  endloop
endfacet
facet normal 2.78519839899992e-016 -1.0 3.91843420455938e-016
  outer loop
    vertex 2.57683092817562 -0.124999999999999 0.44032385513393
    vertex 3.28153405093802 -0.124999999999999 0.440237776058751
    vertex 3.28940573329249 -0.124999999999999 0.445419013537904
  endloop
endfacet
facet normal 2.78519839899992e-016 -1.0 3.91843420455938e-016
  outer loop
    vertex 2.57683092817562 -0.124999999999999 0.44032385513393
    vertex 3.28940573329249 -0.124999999999999 0.445419013537904
    vertex 2.56890399164841 -0.124999999999999 0.447583739925101
  endloop
endfacet
facet normal 2.78519839899992e-016 -1.0 3.91843420455938e-016
  outer loop
    vertex 2.56890399164841 -0.124999999999999 0.447583739925101
    vertex 3.28940573329249 -0.124999999999999 0.445419013537904
    vertex 3.29752216513407 -0.124999999999999 0.450207764843424
  endloop
endfacet
facet normal 2.78519839899992e-016 -1.0 3.91843420455938e-016
  outer loop
    vertex 2.56890399164841 -0.124999999999999 0.447583739925101
    vertex 3.29752216513407 -0.124999999999999 0.450207764843424
    vertex 2.56063037780083 -0.124999999999999 0.454445923527171
  endloop
endfacet
facet normal 2.78519839899992e-016 -1.0 3.91843420455938e-016
  outer loop
    vertex 2.56063037780083 -0.124999999999999 0.454445923527171
    vertex 3.29752216513407 -0.124999999999999 0.450207764843424
    vertex 3.30586379326753 -0.124999999999999 0.454592493453971
  endloop
endfacet
facet normal 2.78519839899992e-016 -1.0 3.91843420455938e-016
  outer loop
    vertex 2.56063037780083 -0.124999999999999 0.454445923527171
    vertex 3.30586379326753 -0.124999999999999 0.454592493453971
    vertex 2.55203001849331 -0.124999999999999 0.460893874338775
  endloop
endfacet
facet normal 2.78519839899992e-016 -1.0 3.91843420455938e-016
  outer loop
    vertex 2.55203001849331 -0.124999999999999 0.460893874338775
    vertex 3.30586379326753 -0.124999999999999 0.454592493453971
    vertex 3.31441052198005 -0.124999999999999 0.458562636174266
  endloop
endfacet
facet normal 2.78519839899992e-016 -1.0 3.91843420455938e-016
  outer loop
    vertex 2.55203001849331 -0.124999999999999 0.460893874338775
    vertex 3.31441052198005 -0.124999999999999 0.458562636174266
    vertex 3.32314176145358 -0.124999999999999 0.462108628582751
  endloop
endfacet
facet normal 2.78519839899992e-016 -1.0 3.91843420455938e-016
  outer loop
    vertex 2.55203001849331 -0.124999999999999 0.460893874338775
    vertex 3.32314176145358 -0.124999999999999 0.462108628582751
    vertex 2.54312363274472 -0.124999999999999 0.466912058681638
  endloop
endfacet
facet normal 2.78519839899992e-016 -1.0 3.91843420455938e-016
  outer loop
    vertex 2.54312363274472 -0.124999999999999 0.466912058681638
    vertex 3.32314176145358 -0.124999999999999 0.462108628582751
    vertex 3.33203647736744 -0.124999999999999 0.465221928073122
  endloop
endfacet
facet normal 2.78519839899992e-016 -1.0 3.91843420455938e-016
  outer loop
    vertex 2.54312363274472 -0.124999999999999 0.466912058681638
    vertex 3.33203647736744 -0.124999999999999 0.465221928073122
    vertex 3.34107324157192 -0.124999999999999 0.467895034434215
  endloop
endfacet
facet normal 2.78519839899992e-016 -1.0 3.91843420455938e-016
  outer loop
    vertex 2.54312363274472 -0.124999999999999 0.466912058681638
    vertex 3.34107324157192 -0.124999999999999 0.467895034434215
    vertex 2.53393267681842 -0.124999999999999 0.472485978222552
  endloop
endfacet
facet normal 2.78519839899992e-016 -1.0 3.91843420455938e-016
  outer loop
    vertex 2.53393267681842 -0.124999999999999 0.472485978222552
    vertex 3.34107324157192 -0.124999999999999 0.467895034434215
    vertex 3.35023028371051 -0.124999999999999 0.470121507918668
  endloop
endfacet
facet normal 2.78519839899992e-016 -1.0 3.91843420455938e-016
  outer loop
    vertex 2.53393267681842 -0.124999999999999 0.472485978222552
    vertex 3.35023028371051 -0.124999999999999 0.470121507918668
    vertex 3.35948554366666 -0.124999999999999 0.471895984756842
  endloop
endfacet
facet normal 2.78519839899992e-016 -1.0 3.91843420455938e-016
  outer loop
    vertex 2.53393267681842 -0.124999999999999 0.472485978222552
    vertex 3.35948554366666 -0.124999999999999 0.471895984756842
    vertex 3.36881672470845 -0.124999999999999 0.473214190078608
  endloop
endfacet
facet normal 2.78519839899992e-016 -1.0 3.91843420455938e-016
  outer loop
    vertex 2.53393267681842 -0.124999999999999 0.472485978222552
    vertex 3.36881672470845 -0.124999999999999 0.473214190078608
    vertex 2.52447929253231 -0.124999999999999 0.477602204901118
  endloop
endfacet
facet normal 2.78519839899992e-016 -1.0 3.91843420455938e-016
  outer loop
    vertex 2.52447929253231 -0.124999999999999 0.477602204901118
    vertex 3.36881672470845 -0.124999999999999 0.473214190078608
    vertex 3.37820134720345 -0.124999999999999 0.474072948211885
  endloop
endfacet
facet normal 2.78519839899992e-016 -1.0 3.91843420455938e-016
  outer loop
    vertex 2.52447929253231 -0.124999999999999 0.477602204901118
    vertex 3.37820134720345 -0.124999999999999 0.474072948211885
    vertex 3.38761680277406 -0.124999999999999 0.47447019033311
  endloop
endfacet
facet normal 2.78519839899992e-016 -1.0 3.91843420455938e-016
  outer loop
    vertex 3.585 -0.124999999999999 0.0
    vertex 3.39438319722594 -0.124999999999999 0.0905298096668904
    vertex 0.915 -0.125 0.0
  endloop
endfacet
facet normal 2.78519839899992e-016 -1.0 3.91843420455938e-016
  outer loop
    vertex 3.39438319722594 -0.124999999999999 0.0905298096668904
    vertex 3.585 -0.124999999999999 0.0
    vertex 3.40379865279655 -0.124999999999999 0.0909270517881161
  endloop
endfacet
facet normal 2.78519839899992e-016 -1.0 3.91843420455938e-016
  outer loop
    vertex 3.40379865279655 -0.124999999999999 0.0909270517881161
    vertex 3.585 -0.124999999999999 0.0
    vertex 3.41318327529155 -0.124999999999999 0.0917858099213923
  endloop
endfacet
facet normal 2.78519839899992e-016 -1.0 3.91843420455938e-016
  outer loop
    vertex 3.41318327529155 -0.124999999999999 0.0917858099213923
    vertex 3.585 -0.124999999999999 0.0
    vertex 3.42251445633334 -0.124999999999999 0.0931040152431583
  endloop
endfacet
facet normal 2.78519839899992e-016 -1.0 3.91843420455938e-016
  outer loop
    vertex 3.42251445633334 -0.124999999999999 0.0931040152431583
    vertex 3.585 -0.124999999999999 0.0
    vertex 3.43176971628949 -0.124999999999999 0.0948784920813325
  endloop
endfacet
facet normal 2.78519839899992e-016 -1.0 3.91843420455938e-016
  outer loop
    vertex 3.43176971628949 -0.124999999999999 0.0948784920813325
    vertex 3.585 -0.124999999999999 0.0
    vertex 3.44092675842809 -0.124999999999999 0.0971049655657857
  endloop
endfacet
facet normal 2.78519839899992e-016 -1.0 3.91843420455938e-016
  outer loop
    vertex 3.44092675842809 -0.124999999999999 0.0971049655657857
    vertex 3.585 -0.124999999999999 0.0
    vertex 3.44996352263256 -0.124999999999999 0.0997780719268783
  endloop
endfacet
facet normal 2.78519839899992e-016 -1.0 3.91843420455938e-016
  outer loop
    vertex 3.44996352263256 -0.124999999999999 0.0997780719268783
    vertex 3.585 -0.124999999999999 0.0
    vertex 3.45885823854643 -0.124999999999999 0.10289137141725
  endloop
endfacet
facet normal 2.78519839899992e-016 -1.0 3.91843420455938e-016
  outer loop
    vertex 3.45885823854643 -0.124999999999999 0.10289137141725
    vertex 3.585 -0.124999999999999 0.0
    vertex 3.46758947801995 -0.124999999999999 0.106437363825735
  endloop
endfacet
facet normal 2.78519839899992e-016 -1.0 3.91843420455938e-016
  outer loop
    vertex 3.46758947801995 -0.124999999999999 0.106437363825735
    vertex 3.585 -0.124999999999999 0.0
    vertex 3.47613620673248 -0.124999999999999 0.110407506546029
  endloop
endfacet
facet normal 2.78519839899992e-016 -1.0 3.91843420455938e-016
  outer loop
    vertex 3.47613620673248 -0.124999999999999 0.110407506546029
    vertex 3.585 -0.124999999999999 0.0
    vertex 3.48447783486593 -0.124999999999999 0.114792235156576
  endloop
endfacet
facet normal 2.78519839899992e-016 -1.0 3.91843420455938e-016
  outer loop
    vertex 3.48447783486593 -0.124999999999999 0.114792235156576
    vertex 3.585 -0.124999999999999 0.0
    vertex 3.49259426670751 -0.124999999999999 0.119580986462097
  endloop
endfacet
facet normal 2.78519839899992e-016 -1.0 3.91843420455938e-016
  outer loop
    vertex 3.49259426670751 -0.124999999999999 0.119580986462097
    vertex 3.585 -0.124999999999999 0.0
    vertex 3.50046594906198 -0.124999999999999 0.12476222394125
  endloop
endfacet
facet normal 2.78519839899992e-016 -1.0 3.91843420455938e-016
  outer loop
    vertex 3.50046594906198 -0.124999999999999 0.12476222394125
    vertex 3.585 -0.124999999999999 0.0
    vertex 3.50807391835707 -0.124999999999999 0.130323465539127
  endloop
endfacet
facet normal 2.78519839899992e-016 -1.0 3.91843420455938e-016
  outer loop
    vertex 3.50807391835707 -0.124999999999999 0.130323465539127
    vertex 3.585 -0.124999999999999 0.0
    vertex 3.51539984632838 -0.124999999999999 0.136251313737609
  endloop
endfacet
facet normal 2.78519839899992e-016 -1.0 3.91843420455938e-016
  outer loop
    vertex 3.51539984632838 -0.124999999999999 0.136251313737609
    vertex 3.585 -0.124999999999999 0.0
    vertex 3.52242608417374 -0.124999999999999 0.14253148783117
  endloop
endfacet
facet normal 2.78519839899992e-016 -1.0 3.91843420455938e-016
  outer loop
    vertex 3.52242608417374 -0.124999999999999 0.14253148783117
    vertex 3.585 -0.124999999999999 0.0
    vertex 3.52913570507077 -0.124999999999999 0.14914885833034
  endloop
endfacet
facet normal 2.78519839899992e-016 -1.0 3.91843420455938e-016
  outer loop
    vertex 3.52913570507077 -0.124999999999999 0.14914885833034
    vertex 3.585 -0.124999999999999 0.0
    vertex 3.53551254495502 -0.124999999999999 0.156087483409972
  endloop
endfacet
facet normal 2.78519839899992e-016 -1.0 3.91843420455938e-016
  outer loop
    vertex 3.53551254495502 -0.124999999999999 0.156087483409972
    vertex 3.585 -0.124999999999999 0.0
    vertex 3.54154124146067 -0.124999999999999 0.163330647314498
  endloop
endfacet
facet normal 2.78519839899992e-016 -1.0 3.91843420455938e-016
  outer loop
    vertex 3.54154124146067 -0.124999999999999 0.163330647314498
    vertex 3.585 -0.124999999999999 0.0
    vertex 3.54720727092978 -0.124999999999999 0.170860900627646
  endloop
endfacet
facet normal 2.78519839899992e-016 -1.0 3.91843420455938e-016
  outer loop
    vertex 3.54720727092978 -0.124999999999999 0.170860900627646
    vertex 3.585 -0.124999999999999 0.0
    vertex 3.55249698340108 -0.124999999999999 0.178660102309612
  endloop
endfacet
facet normal 2.78519839899992e-016 -1.0 3.91843420455938e-016
  outer loop
    vertex 3.55249698340108 -0.124999999999999 0.178660102309612
    vertex 3.585 -0.124999999999999 0.0
    vertex 3.55739763549391 -0.124999999999999 0.186709463400416
  endloop
endfacet
facet normal 2.78519839899992e-016 -1.0 3.91843420455938e-016
  outer loop
    vertex 3.55739763549391 -0.124999999999999 0.186709463400416
    vertex 3.585 -0.124999999999999 0.0
    vertex 3.56189742110812 -0.124999999999999 0.194989592284147
  endloop
endfacet
facet normal 2.78519839899992e-016 -1.0 3.91843420455938e-016
  outer loop
    vertex 3.56189742110812 -0.124999999999999 0.194989592284147
    vertex 3.585 -0.124999999999999 0.0
    vertex 3.56598549986603 -0.124999999999999 0.203480541405073
  endloop
endfacet
facet normal 2.78519839899992e-016 -1.0 3.91843420455938e-016
  outer loop
    vertex 3.56598549986603 -0.124999999999999 0.203480541405073
    vertex 3.585 -0.124999999999999 0.0
    vertex 3.56965202322785 -0.124999999999999 0.212161855323041
  endloop
endfacet
facet normal 2.78519839899992e-016 -1.0 3.91843420455938e-016
  outer loop
    vertex 3.56965202322785 -0.124999999999999 0.212161855323041
    vertex 3.585 -0.124999999999999 0.0
    vertex 3.57288815821764 -0.124999999999999 0.221012619992429
  endloop
endfacet
facet normal 2.78519839899992e-016 -1.0 3.91843420455938e-016
  outer loop
    vertex 3.57288815821764 -0.124999999999999 0.221012619992429
    vertex 3.585 -0.124999999999999 0.0
    vertex 3.57568610870276 -0.124999999999999 0.230011513145915
  endloop
endfacet
facet normal 2.78519839899992e-016 -1.0 3.91843420455938e-016
  outer loop
    vertex 3.57568610870276 -0.124999999999999 0.230011513145915
    vertex 3.585 -0.124999999999999 0.0
    vertex 3.57803913417543 -0.124999999999999 0.23913685566168
  endloop
endfacet
facet normal 2.78519839899992e-016 -1.0 3.91843420455938e-016
  outer loop
    vertex 3.57803913417543 -0.124999999999999 0.23913685566168
    vertex 3.585 -0.124999999999999 0.0
    vertex 3.57994156599117 -0.124999999999999 0.248366663790319
  endloop
endfacet
facet normal 2.78519839899992e-016 -1.0 3.91843420455938e-016
  outer loop
    vertex 3.57994156599117 -0.124999999999999 0.248366663790319
    vertex 3.585 -0.124999999999999 0.0
    vertex 3.58138882102512 -0.124999999999999 0.257678702115614
  endloop
endfacet
facet normal 2.78519839899992e-016 -1.0 3.91843420455938e-016
  outer loop
    vertex 3.58138882102512 -0.124999999999999 0.257678702115614
    vertex 3.585 -0.124999999999999 0.0
    vertex 3.58237741271312 -0.124999999999999 0.267050537121602
  endloop
endfacet
facet normal 2.78519839899992e-016 -1.0 3.91843420455938e-016
  outer loop
    vertex 3.58237741271312 -0.124999999999999 0.267050537121602
    vertex 3.585 -0.124999999999999 0.0
    vertex 3.58290495945122 -0.124999999999999 0.276459591236877
  endloop
endfacet
facet normal 2.78519839899992e-016 -1.0 3.91843420455938e-016
  outer loop
    vertex 3.58290495945122 -0.124999999999999 0.276459591236877
    vertex 3.585 -0.124999999999999 0.0
    vertex 3.585 -0.124999999999999 0.375
  endloop
endfacet
facet normal 2.78519839899992e-016 -1.0 3.91843420455938e-016
  outer loop
    vertex 0.915 -0.125 0.0
    vertex 3.39438319722594 -0.124999999999999 0.0905298096668904
    vertex 2.42923763929139 -0.124999999999999 0.0635410028949785
  endloop
endfacet
facet normal 2.78519839899992e-016 -1.0 3.91843420455938e-016
  outer loop
    vertex 2.42923763929139 -0.124999999999999 0.0635410028949785
    vertex 3.39438319722594 -0.124999999999999 0.0905298096668904
    vertex 2.43997634363028 -0.124999999999999 0.0640126797009291
  endloop
endfacet
facet normal 2.78519839899992e-016 -1.0 3.91843420455938e-016
  outer loop
    vertex 2.43997634363028 -0.124999999999999 0.0640126797009291
    vertex 3.39438319722594 -0.124999999999999 0.0905298096668904
    vertex 2.4506789686456 -0.124999999999999 0.0650107115987104
  endloop
endfacet
facet normal 2.78519839899992e-016 -1.0 3.91843420455938e-016
  outer loop
    vertex 2.4506789686456 -0.124999999999999 0.0650107115987104
    vertex 3.39438319722594 -0.124999999999999 0.0905298096668904
    vertex 2.46131973077622 -0.124999999999999 0.0665326942420613
  endloop
endfacet
facet normal 2.78519839899992e-016 -1.0 3.91843420455938e-016
  outer loop
    vertex 2.46131973077622 -0.124999999999999 0.0665326942420613
    vertex 3.39438319722594 -0.124999999999999 0.0905298096668904
    vertex 2.47187299549419 -0.124999999999999 0.0685749610414851
  endloop
endfacet
facet normal 2.78519839899992e-016 -1.0 3.91843420455938e-016
  outer loop
    vertex 2.47187299549419 -0.124999999999999 0.0685749610414851
    vertex 3.39438319722594 -0.124999999999999 0.0905298096668904
    vertex 2.48231333906044 -0.124999999999999 0.0711325919973799
  endloop
endfacet
facet normal 2.78519839899992e-016 -1.0 3.91843420455938e-016
  outer loop
    vertex 2.48231333906044 -0.124999999999999 0.0711325919973799
    vertex 3.39438319722594 -0.124999999999999 0.0905298096668904
    vertex 2.4926156097728 -0.124999999999999 0.0741994255527518
  endloop
endfacet
facet normal 2.78519839899992e-016 -1.0 3.91843420455938e-016
  outer loop
    vertex 2.4926156097728 -0.124999999999999 0.0741994255527518
    vertex 3.39438319722594 -0.124999999999999 0.0905298096668904
    vertex 2.50275498855881 -0.124999999999999 0.0777680734369429
  endloop
endfacet
facet normal 2.78519839899992e-016 -1.0 3.91843420455938e-016
  outer loop
    vertex 2.50275498855881 -0.124999999999999 0.0777680734369429
    vertex 3.39438319722594 -0.124999999999999 0.0905298096668904
    vertex 2.51270704876684 -0.124999999999999 0.0818299384646223
  endloop
endfacet
facet normal 2.78519839899992e-016 -1.0 3.91843420455938e-016
  outer loop
    vertex 2.51270704876684 -0.124999999999999 0.0818299384646223
    vertex 3.39438319722594 -0.124999999999999 0.0905298096668904
    vertex 2.52244781501218 -0.124999999999999 0.0863752352471638
  endloop
endfacet
facet normal 2.78519839899992e-016 -1.0 3.91843420455938e-016
  outer loop
    vertex 3.58290495945122 -0.124999999999999 0.276459591236877
    vertex 3.585 -0.124999999999999 0.375
    vertex 3.58297019033311 -0.124999999999999 0.28588319722594
  endloop
endfacet
facet normal 2.78519839899992e-016 -1.0 3.91843420455938e-016
  outer loop
    vertex 3.58297019033311 -0.124999999999999 0.28588319722594
    vertex 3.585 -0.124999999999999 0.375
    vertex 3.58257294821188 -0.124999999999999 0.295298652796552
  endloop
endfacet
facet normal 2.78519839899992e-016 -1.0 3.91843420455938e-016
  outer loop
    vertex 3.58257294821188 -0.124999999999999 0.295298652796552
    vertex 3.585 -0.124999999999999 0.375
    vertex 3.58171419007861 -0.124999999999999 0.304683275291548
  endloop
endfacet
facet normal 2.78519839899992e-016 -1.0 3.91843420455938e-016
  outer loop
    vertex 3.58171419007861 -0.124999999999999 0.304683275291548
    vertex 3.585 -0.124999999999999 0.375
    vertex 3.58039598475684 -0.124999999999999 0.314014456333341
  endloop
endfacet
facet normal 2.78519839899992e-016 -1.0 3.91843420455938e-016
  outer loop
    vertex 3.58039598475684 -0.124999999999999 0.314014456333341
    vertex 3.585 -0.124999999999999 0.375
    vertex 3.57862150791867 -0.124999999999999 0.323269716289487
  endloop
endfacet
facet normal 2.78519839899992e-016 -1.0 3.91843420455938e-016
  outer loop
    vertex 3.57862150791867 -0.124999999999999 0.323269716289487
    vertex 3.585 -0.124999999999999 0.375
    vertex 3.57639503443421 -0.124999999999999 0.332426758428085
  endloop
endfacet
facet normal 2.78519839899992e-016 -1.0 3.91843420455938e-016
  outer loop
    vertex 3.57639503443421 -0.124999999999999 0.332426758428085
    vertex 3.585 -0.124999999999999 0.375
    vertex 3.57372192807312 -0.124999999999999 0.341463522632563
  endloop
endfacet
facet normal 2.78519839899992e-016 -1.0 3.91843420455938e-016
  outer loop
    vertex 3.57372192807312 -0.124999999999999 0.341463522632563
    vertex 3.585 -0.124999999999999 0.375
    vertex 3.57060862858275 -0.124999999999999 0.350358238546425
  endloop
endfacet
facet normal 2.78519839899992e-016 -1.0 3.91843420455938e-016
  outer loop
    vertex 3.57060862858275 -0.124999999999999 0.350358238546425
    vertex 3.585 -0.124999999999999 0.375
    vertex 3.56706263617427 -0.124999999999999 0.359089478019948
  endloop
endfacet
facet normal 2.78519839899992e-016 -1.0 3.91843420455938e-016
  outer loop
    vertex 3.56706263617427 -0.124999999999999 0.359089478019948
    vertex 3.585 -0.124999999999999 0.375
    vertex 3.56309249345397 -0.124999999999999 0.367636206732476
  endloop
endfacet
facet normal 2.78519839899992e-016 -1.0 3.91843420455938e-016
  outer loop
    vertex 3.56309249345397 -0.124999999999999 0.367636206732476
    vertex 3.585 -0.124999999999999 0.375
    vertex 3.55870776484342 -0.124999999999999 0.375977834865934
  endloop
endfacet
facet normal 0.530603496514001 5.20779219935725e-015 -0.847620156371424
  outer loop
    vertex 2.30879783426344 0.0 0.468128814245346
    vertex 2.29982943065795 -0.124999999999999 0.462203446184503
    vertex 2.29982943065795 -4.44089209850063e-016 0.462203446184503
  endloop
endfacet
facet normal 0.571555111150933 6.11612532386009e-015 -0.820563681207769
  outer loop
    vertex 2.29982943065795 -0.124999999999999 0.462203446184503
    vertex 2.30879783426344 0.0 0.468128814245346
    vertex 2.30879783426344 -0.124999999999999 0.468128814245345
  endloop
endfacet
facet normal 0.685770588365222 2.99130199799729e-015 -0.727817765744432
  outer loop
    vertex 2.27481624114801 -4.44089209850063e-016 0.441892090698023
    vertex 2.26717614486608 -0.125 0.434330928175611
    vertex 2.26717614486608 0.0 0.434330928175611
  endloop
endfacet
facet normal 0.720656872757563 1.88207569724713e-017 -0.693291909477739
  outer loop
    vertex 2.26717614486608 -0.125 0.434330928175611
    vertex 2.27481624114801 -4.44089209850063e-016 0.441892090698023
    vertex 2.27481624114801 -0.124999999999999 0.441892090698023
  endloop
endfacet
facet normal -0.586553021509086 -0.553161265479357 -0.591581074183275
  outer loop
    vertex 1.18574500029924 4.44089209850063e-016 0.359902874165431
    vertex 1.25071103695895 -0.125 0.412045289393402
    vertex 1.24418385373811 -0.125 0.418842677429017
  endloop
endfacet
facet normal -0.614874000192979 -0.553161265479357 -0.562087696236059
  outer loop
    vertex 1.25071103695895 -0.125 0.412045289393402
    vertex 1.18574500029924 4.44089209850063e-016 0.359902874165431
    vertex 1.1894505366069 4.44089209850063e-016 0.356043940332713
  endloop
endfacet
facet normal -0.807236761480837 -0.553161265479353 -0.205867494489078
  outer loop
    vertex 1.21461941244803 2.22044604925031e-016 0.309435844410992
    vertex 1.29714919952695 -0.125 0.320760668020425
    vertex 1.29504520357818 -0.125 0.329946625017528
  endloop
endfacet
facet normal -0.816365848623034 -0.553161265479353 -0.166010287558557
  outer loop
    vertex 1.29714919952695 -0.125 0.320760668020425
    vertex 1.21461941244803 2.22044604925031e-016 0.309435844410992
    vertex 1.21581386848144 8.88178419700125e-016 0.304220900074095
  endloop
endfacet
facet normal -0.614874000192979 -0.553161265479357 -0.562087696236059
  outer loop
    vertex 1.1894505366069 4.44089209850063e-016 0.356043940332713
    vertex 1.25689682587932 -0.125 0.404935815408812
    vertex 1.25071103695895 -0.125 0.412045289393402
  endloop
endfacet
facet normal -0.641713693553794 -0.553161265479354 -0.53124019979556
  outer loop
    vertex 1.25689682587932 -0.125 0.404935815408812
    vertex 1.1894505366069 4.44089209850063e-016 0.356043940332713
    vertex 1.19296226052524 4.44089209850063e-016 0.352007832706044
  endloop
endfacet
facet normal -0.833940948538332 -1.36709541564499e-015 -0.55185368926101
  outer loop
    vertex 4.30037586639768 4.44089209850063e-016 0.233629758248269
    vertex 4.30220102250712 -0.312499999999998 0.230718859011694
    vertex 4.30037586639768 -0.312499999999999 0.23362975824827
  endloop
endfacet
facet normal -0.86001460724455 6.8732011026507e-017 -0.510269414452798
  outer loop
    vertex 4.30220102250712 -0.312499999999998 0.230718859011694
    vertex 4.30037586639768 4.44089209850063e-016 0.233629758248269
    vertex 4.30220102250712 8.88178419700125e-016 0.230718859011693
  endloop
endfacet
facet normal -0.905888550647075 6.36379278844037e-016 -0.423516155307614
  outer loop
    vertex 4.3054121985453 8.88178419700125e-016 0.224646130871531
    vertex 4.30679048246969 -0.312499999999998 0.221498931701943
    vertex 4.3054121985453 -0.312499999999998 0.224646130871531
  endloop
endfacet
facet normal -0.92557832099559 -1.45491229754274e-015 -0.378556167170717
  outer loop
    vertex 4.30679048246969 -0.312499999999998 0.221498931701943
    vertex 4.3054121985453 8.88178419700125e-016 0.224646130871531
    vertex 4.30679048246969 6.66133814775094e-016 0.221498931701943
  endloop
endfacet
facet normal -0.816365848623034 -0.553161265479353 -0.166010287558556
  outer loop
    vertex 1.21581386848144 8.88178419700125e-016 0.304220900074095
    vertex 1.29879992757413 -0.125 0.311482537722823
    vertex 1.29714919952695 -0.125 0.320760668020425
  endloop
endfacet
facet normal -0.823528238930698 -0.553161265479352 -0.125753147304491
  outer loop
    vertex 1.29879992757413 -0.125 0.311482537722823
    vertex 1.21581386848144 8.88178419700125e-016 0.304220900074095
    vertex 1.2167510005499 8.88178419700125e-016 0.298953628186394
  endloop
endfacet
facet normal 0.199465813921394 -7.41785143617228e-016 0.979904785719855
  outer loop
    vertex 4.22803739302551 -0.312499999999999 0.126406664999609
    vertex 4.22468849617427 8.88178419700125e-016 0.127174401327437
    vertex 4.22468849617427 -0.312499999999998 0.127174401327437
  endloop
endfacet
facet normal 0.247307197510497 -6.81405377675858e-016 0.968937123893756
  outer loop
    vertex 4.22468849617427 8.88178419700125e-016 0.127174401327437
    vertex 4.22803739302551 -0.312499999999999 0.126406664999609
    vertex 4.22803739302551 8.88178419700125e-016 0.126406664999609
  endloop
endfacet
facet normal -0.04460936767466 -4.91140171951279e-017 0.999004506654333
  outer loop
    vertex 4.24512265573723 -0.312499999999999 0.125069684534197
    vertex 4.24168757641675 8.88178419700125e-016 0.125000697207011
    vertex 4.24168757641675 -0.312499999999999 0.125000697207011
  endloop
endfacet
facet normal 0.00446319404651018 -2.06034400091576e-017 0.99999003989985
  outer loop
    vertex 4.24168757641675 8.88178419700125e-016 0.125000697207011
    vertex 4.24512265573723 -0.312499999999999 0.125069684534197
    vertex 4.24512265573723 8.88178419700125e-016 0.125069684534197
  endloop
endfacet
facet normal 0.29455279639923 -7.58127445853514e-016 0.955635207667337
  outer loop
    vertex 4.22138130425205 -0.312499999999999 0.128105535463287
    vertex 4.21812378457388 6.66133814775094e-016 0.12919782422347
    vertex 4.21812378457388 -0.312499999999999 0.12919782422347
  endloop
endfacet
facet normal 0.341088791801747 -6.53165458208572e-016 0.940031082521862
  outer loop
    vertex 4.21812378457388 6.66133814775094e-016 0.12919782422347
    vertex 4.22138130425205 -0.312499999999999 0.128105535463287
    vertex 4.22138130425205 1.11022302462516e-015 0.128105535463287
  endloop
endfacet
facet normal -0.641713693553794 -0.553161265479354 -0.53124019979556
  outer loop
    vertex 1.19296226052524 4.44089209850063e-016 0.352007832706044
    vertex 1.26272631839193 -0.125 0.397531382820791
    vertex 1.25689682587932 -0.125 0.404935815408812
  endloop
endfacet
facet normal -0.66700744241936 -0.553161265479353 -0.499112899182605
  outer loop
    vertex 1.26272631839193 -0.125 0.397531382820791
    vertex 1.19296226052524 4.44089209850063e-016 0.352007832706044
    vertex 1.19627171200375 4.44089209850063e-016 0.34780427462222
  endloop
endfacet
facet normal -0.66700744241936 -0.553161265479353 -0.499112899182605
  outer loop
    vertex 1.26272631839193 -0.125 0.397531382820791
    vertex 1.19937091828394 6.66133814775094e-016 0.343443392820852
    vertex 1.26818547073869 -0.125 0.389849829555996
  endloop
endfacet
facet normal -0.690694311933225 -0.553161265479351 -0.465783191878337
  outer loop
    vertex 1.19937091828394 6.66133814775094e-016 0.343443392820852
    vertex 1.26272631839193 -0.125 0.397531382820791
    vertex 1.19627171200375 4.44089209850063e-016 0.34780427462222
  endloop
endfacet
facet normal -0.690694311933225 -0.553161265479351 -0.465783191878337
  outer loop
    vertex 1.19937091828394 6.66133814775094e-016 0.343443392820852
    vertex 1.27326113134344 -0.125 0.381909661149065
    vertex 1.26818547073869 -0.125 0.389849829555996
  endloop
endfacet
facet normal -0.712717238351941 -0.553161265479351 -0.431331372067075
  outer loop
    vertex 1.27326113134344 -0.125 0.381909661149065
    vertex 1.19937091828394 6.66133814775094e-016 0.343443392820852
    vertex 1.20225241310643 4.44089209850063e-016 0.338935693048167
  endloop
endfacet
facet normal -0.712717238351941 -0.553161265479351 -0.431331372067075
  outer loop
    vertex 1.27326113134344 -0.125 0.381909661149065
    vertex 1.2049092546978 0.0 0.334292034747747
    vertex 1.27794107249521 -0.125 0.373730006161169
  endloop
endfacet
facet normal -0.733023166516772 -0.553161265479354 -0.395840437200401
  outer loop
    vertex 1.2049092546978 0.0 0.334292034747747
    vertex 1.27326113134344 -0.125 0.381909661149065
    vertex 1.20225241310643 4.44089209850063e-016 0.338935693048167
  endloop
endfacet
facet normal 0.151143899715279 -8.6684768823786e-016 0.988511771087658
  outer loop
    vertex 4.23141992701993 -0.312499999999999 0.125804176023864
    vertex 4.22803739302551 8.88178419700125e-016 0.126406664999609
    vertex 4.22803739302551 -0.312499999999999 0.126406664999609
  endloop
endfacet
facet normal 0.199465813921397 -7.41785143617219e-016 0.979904785719855
  outer loop
    vertex 4.22803739302551 8.88178419700125e-016 0.126406664999609
    vertex 4.23141992701993 -0.312499999999999 0.125804176023864
    vertex 4.23141992701993 4.44089209850063e-016 0.125804176023864
  endloop
endfacet
facet normal -0.04460936767466 -4.91140171951279e-017 0.999004506654333
  outer loop
    vertex 4.24512265573723 -0.312499999999999 0.125069684534197
    vertex 4.24855021230653 8.88178419700125e-016 0.125307140116512
    vertex 4.24512265573723 8.88178419700125e-016 0.125069684534197
  endloop
endfacet
facet normal -0.0935744615218284 -4.02015561041325e-016 0.99561228404982
  outer loop
    vertex 4.24855021230653 8.88178419700125e-016 0.125307140116512
    vertex 4.24512265573723 -0.312499999999999 0.125069684534197
    vertex 4.24855021230653 -0.312499999999999 0.125307140116512
  endloop
endfacet
facet normal 0.0535250035422412 -2.53196491112268e-016 0.998566509550467
  outer loop
    vertex 4.23825324975204 -0.312499999999999 0.125100344331467
    vertex 4.23482794933686 8.88178419700125e-016 0.125368385848917
    vertex 4.23482794933686 -0.312499999999999 0.125368385848916
  endloop
endfacet
facet normal 0.102457866616216 -6.75263996785962e-016 0.994737345015484
  outer loop
    vertex 4.23482794933686 8.88178419700125e-016 0.125368385848917
    vertex 4.23825324975204 -0.312499999999999 0.125100344331467
    vertex 4.23825324975204 6.66133814775094e-016 0.125100344331467
  endloop
endfacet
facet normal 0.341088791801747 -6.53165458208571e-016 0.940031082521862
  outer loop
    vertex 4.21812378457388 -0.312499999999999 0.12919782422347
    vertex 4.21492378478998 8.88178419700125e-016 0.130448636188688
    vertex 4.21492378478997 -0.312499999999999 0.130448636188688
  endloop
endfacet
facet normal 0.386803074428953 -2.58697075048731e-016 0.922162340161595
  outer loop
    vertex 4.21492378478998 8.88178419700125e-016 0.130448636188688
    vertex 4.21812378457388 -0.312499999999999 0.12919782422347
    vertex 4.21812378457388 6.66133814775094e-016 0.12919782422347
  endloop
endfacet
facet normal -0.823528238930698 -0.553161265479352 -0.125753147304491
  outer loop
    vertex 1.29879992757413 -0.125 0.311482537722823
    vertex 1.21742855102015 0.0 0.293646718067224
    vertex 1.29999341097128 -0.125 0.302134585953276
  endloop
endfacet
facet normal -0.828706677578211 -0.553161265479353 -0.0851930567039545
  outer loop
    vertex 1.21742855102015 0.0 0.293646718067224
    vertex 1.29879992757413 -0.125 0.311482537722823
    vertex 1.2167510005499 8.88178419700125e-016 0.298953628186394
  endloop
endfacet
facet normal -0.796162970274651 -0.553161265479353 -0.245228748593483
  outer loop
    vertex 1.29249300843836 -0.125 0.33901827893913
    vertex 1.21461941244803 2.22044604925031e-016 0.309435844410992
    vertex 1.29504520357818 -0.125 0.329946625017528
  endloop
endfacet
facet normal -0.807236761480837 -0.553161265479353 -0.205867494489078
  outer loop
    vertex 1.21461941244803 2.22044604925031e-016 0.309435844410992
    vertex 1.29249300843836 -0.125 0.33901827893913
    vertex 1.21317050999886 4.44089209850063e-016 0.314585897939402
  endloop
endfacet
facet normal -0.783171152737437 -0.553161265479354 -0.283999225163016
  outer loop
    vertex 1.21147065166684 2.22044604925031e-016 0.319658653729282
    vertex 1.29249300843836 -0.125 0.33901827893913
    vertex 1.28949876256912 -0.125 0.347953775376351
  endloop
endfacet
facet normal -0.796162970274651 -0.553161265479353 -0.245228748593483
  outer loop
    vertex 1.29249300843836 -0.125 0.33901827893913
    vertex 1.21147065166684 2.22044604925031e-016 0.319658653729282
    vertex 1.21317050999886 4.44089209850063e-016 0.314585897939402
  endloop
endfacet
facet normal -0.733023166516772 -0.553161265479354 -0.395840437200401
  outer loop
    vertex 1.2049092546978 0.0 0.334292034747747
    vertex 1.28221401980585 -0.125 0.365330570097626
    vertex 1.27794107249521 -0.125 0.373730006161169
  endloop
endfacet
facet normal -0.751563177668253 -0.553161265479356 -0.359395888048925
  outer loop
    vertex 1.28221401980585 -0.125 0.365330570097626
    vertex 1.2049092546978 0.0 0.334292034747747
    vertex 1.20733504249395 2.22044604925031e-016 0.329523604899173
  endloop
endfacet
facet normal -0.768292607295586 -0.553161265479355 -0.322085522723747
  outer loop
    vertex 1.28606967937102 -0.125 0.356731587935616
    vertex 1.21147065166684 2.22044604925031e-016 0.319658653729282
    vertex 1.28949876256912 -0.125 0.347953775376351
  endloop
endfacet
facet normal -0.783171152737437 -0.553161265479354 -0.283999225163016
  outer loop
    vertex 1.21147065166684 2.22044604925031e-016 0.319658653729282
    vertex 1.28606967937102 -0.125 0.356731587935616
    vertex 1.20952393255959 2.22044604925031e-016 0.324641891067615
  endloop
endfacet
facet normal -0.751563177668253 -0.553161265479356 -0.359395888048925
  outer loop
    vertex 1.20733504249395 2.22044604925031e-016 0.329523604899173
    vertex 1.28606967937102 -0.125 0.356731587935616
    vertex 1.28221401980585 -0.125 0.365330570097626
  endloop
endfacet
facet normal -0.768292607295586 -0.553161265479355 -0.322085522723747
  outer loop
    vertex 1.28606967937102 -0.125 0.356731587935616
    vertex 1.20733504249395 2.22044604925031e-016 0.329523604899173
    vertex 1.20952393255959 2.22044604925031e-016 0.324641891067615
  endloop
endfacet
facet normal -0.294552796399301 8.71556248032928e-016 -0.955635207667315
  outer loop
    vertex 4.26261869574795 8.88178419700125e-016 0.261894464536712
    vertex 4.25931150382573 -0.312499999999998 0.262825598672563
    vertex 4.25931150382573 1.33226762955019e-015 0.262825598672563
  endloop
endfacet
facet normal -0.247307197510508 1.38623483832469e-015 -0.968937123893754
  outer loop
    vertex 4.25931150382573 -0.312499999999998 0.262825598672563
    vertex 4.26261869574795 8.88178419700125e-016 0.261894464536712
    vertex 4.26261869574795 -0.312499999999998 0.261894464536712
  endloop
endfacet
facet normal -0.884016415433602 1.08255005328483e-015 -0.467455855930723
  outer loop
    vertex 4.30388114908035 6.66133814775094e-016 0.227721909915156
    vertex 4.3054121985453 -0.312499999999998 0.224646130871531
    vertex 4.30388114908035 -0.312499999999999 0.227721909915156
  endloop
endfacet
facet normal -0.905888550647074 6.36379278844078e-016 -0.423516155307615
  outer loop
    vertex 4.3054121985453 -0.312499999999998 0.224646130871531
    vertex 4.30388114908035 6.66133814775094e-016 0.227721909915156
    vertex 4.3054121985453 8.88178419700125e-016 0.224646130871531
  endloop
endfacet
facet normal -0.943038292097812 -1.56495891525589e-015 -0.332684204069328
  outer loop
    vertex 4.30801268044685 -0.312499999999998 0.218287894284853
    vertex 4.30907584809478 6.66133814775094e-016 0.215020754290652
    vertex 4.30907584809477 -0.312499999999999 0.215020754290652
  endloop
endfacet
facet normal -0.958226401353955 1.26170232752464e-015 -0.286010775580659
  outer loop
    vertex 4.30907584809478 6.66133814775094e-016 0.215020754290652
    vertex 4.30801268044685 -0.312499999999998 0.218287894284853
    vertex 4.30801268044685 4.44089209850063e-016 0.218287894284853
  endloop
endfacet
facet normal -0.151143899715295 6.89272886160746e-016 -0.988511771087655
  outer loop
    vertex 4.25258007298007 1.33226762955019e-015 0.264195823976135
    vertex 4.24917205066314 -0.312499999999998 0.264631614151083
    vertex 4.24917205066314 1.33226762955019e-015 0.264631614151083
  endloop
endfacet
facet normal -0.102457866616231 4.99865927452584e-016 -0.994737345015482
  outer loop
    vertex 4.24917205066314 -0.312499999999998 0.264631614151083
    vertex 4.25258007298007 1.33226762955019e-015 0.264195823976135
    vertex 4.25258007298007 -0.312499999999998 0.264195823976135
  endloop
endfacet
facet normal -0.0535250035422593 7.64971465454123e-016 -0.998566509550466
  outer loop
    vertex 4.24574675024796 1.33226762955019e-015 0.264899655668532
    vertex 4.24917205066314 -0.312499999999998 0.264631614151083
    vertex 4.24574675024796 -0.312499999999999 0.264899655668532
  endloop
endfacet
facet normal -0.102457866616231 4.99865927452584e-016 -0.994737345015482
  outer loop
    vertex 4.24917205066314 -0.312499999999998 0.264631614151083
    vertex 4.24574675024796 1.33226762955019e-015 0.264899655668532
    vertex 4.24917205066314 1.33226762955019e-015 0.264631614151083
  endloop
endfacet
facet normal -0.98982154424771 1.29689577166071e-015 -0.14231412629489
  outer loop
    vertex 4.31128750809734 6.66133814775094e-016 0.204961988840647
    vertex 4.31169285988349 -0.312499999999998 0.201550212306527
    vertex 4.31128750809734 -0.312499999999998 0.204961988840647
  endloop
endfacet
facet normal -0.995612284049823 6.60284074248763e-016 -0.0935744615218
  outer loop
    vertex 4.31169285988349 -0.312499999999998 0.201550212306527
    vertex 4.31128750809734 6.66133814775094e-016 0.204961988840647
    vertex 4.31169285988349 8.88178419700125e-016 0.201550212306527
  endloop
endfacet
facet normal -0.92557832099559 -1.45491229754274e-015 -0.378556167170717
  outer loop
    vertex 4.30679048246969 6.66133814775094e-016 0.221498931701943
    vertex 4.30801268044685 -0.312499999999998 0.218287894284853
    vertex 4.30679048246969 -0.312499999999998 0.221498931701943
  endloop
endfacet
facet normal -0.943038292097812 -1.56495891525589e-015 -0.332684204069328
  outer loop
    vertex 4.30801268044685 -0.312499999999998 0.218287894284853
    vertex 4.30679048246969 6.66133814775094e-016 0.221498931701943
    vertex 4.30801268044685 4.44089209850063e-016 0.218287894284853
  endloop
endfacet
facet normal -0.981646237647348 1.92409993592049e-015 -0.190710943872674
  outer loop
    vertex 4.31071523663532 8.88178419700125e-016 0.208349766071083
    vertex 4.31128750809734 -0.312499999999998 0.204961988840647
    vertex 4.31071523663532 -0.312499999999998 0.208349766071084
  endloop
endfacet
facet normal -0.98982154424771 1.29689577166071e-015 -0.14231412629489
  outer loop
    vertex 4.31128750809734 -0.312499999999998 0.204961988840647
    vertex 4.31071523663532 8.88178419700125e-016 0.208349766071083
    vertex 4.31128750809734 6.66133814775094e-016 0.204961988840647
  endloop
endfacet
facet normal -0.294552796399301 8.71556248032928e-016 -0.955635207667315
  outer loop
    vertex 4.26261869574795 8.88178419700125e-016 0.261894464536712
    vertex 4.26587621542612 -0.312499999999998 0.26080217577653
    vertex 4.26261869574795 -0.312499999999998 0.261894464536712
  endloop
endfacet
facet normal -0.341088791801793 6.67980324595023e-016 -0.940031082521846
  outer loop
    vertex 4.26587621542612 -0.312499999999998 0.26080217577653
    vertex 4.26261869574795 8.88178419700125e-016 0.261894464536712
    vertex 4.26587621542612 1.11022302462516e-015 0.26080217577653
  endloop
endfacet
facet normal -0.958226401353955 1.26170232752464e-015 -0.286010775580659
  outer loop
    vertex 4.30907584809478 6.66133814775094e-016 0.215020754290652
    vertex 4.30997742414949 -0.312499999999998 0.211705382545753
    vertex 4.30907584809477 -0.312499999999999 0.215020754290652
  endloop
endfacet
facet normal -0.971106059278462 2.68371392829997e-015 -0.238648322082214
  outer loop
    vertex 4.30997742414949 -0.312499999999998 0.211705382545753
    vertex 4.30907584809478 6.66133814775094e-016 0.215020754290652
    vertex 4.30997742414949 1.11022302462516e-015 0.211705382545753
  endloop
endfacet
facet normal -0.86001460724455 6.8732011026507e-017 -0.510269414452798
  outer loop
    vertex 4.30220102250712 -0.312499999999998 0.230718859011694
    vertex 4.30388114908035 6.66133814775094e-016 0.227721909915156
    vertex 4.30388114908035 -0.312499999999999 0.227721909915156
  endloop
endfacet
facet normal -0.884016415433602 1.08255005328483e-015 -0.467455855930723
  outer loop
    vertex 4.30388114908035 6.66133814775094e-016 0.227721909915156
    vertex 4.30220102250712 -0.312499999999998 0.230718859011694
    vertex 4.30220102250712 8.88178419700125e-016 0.230718859011693
  endloop
endfacet
facet normal -0.798227109223085 -0.553161265479353 0.238424194398635
  outer loop
    vertex 1.29296873398655 -0.125 0.22754997802196
    vertex 1.21178408527578 2.22044604925031e-016 0.246217334524304
    vertex 1.29005086580688 -0.125 0.21858924980428
  endloop
endfacet
facet normal -0.785566688989283 -0.553161265479353 0.277304149849396
  outer loop
    vertex 1.21178408527578 2.22044604925031e-016 0.246217334524304
    vertex 1.29296873398655 -0.125 0.22754997802196
    vertex 1.21344058335695 2.22044604925031e-016 0.251304414606216
  endloop
endfacet
facet normal -0.386803074428947 3.31194619146582e-016 -0.922162340161598
  outer loop
    vertex 4.26907621521003 8.88178419700125e-016 0.259551363811312
    vertex 4.26587621542612 -0.312499999999998 0.26080217577653
    vertex 4.26587621542612 1.11022302462516e-015 0.26080217577653
  endloop
endfacet
facet normal -0.341088791801793 6.67980324595023e-016 -0.940031082521846
  outer loop
    vertex 4.26587621542612 -0.312499999999998 0.26080217577653
    vertex 4.26907621521003 8.88178419700125e-016 0.259551363811312
    vertex 4.26907621521003 -0.312499999999999 0.259551363811312
  endloop
endfacet
facet normal -0.785566688989283 -0.553161265479353 0.277304149849396
  outer loop
    vertex 1.21178408527578 2.22044604925031e-016 0.246217334524304
    vertex 1.2866968302333 -0.125 0.209782488181742
    vertex 1.29005086580688 -0.125 0.21858924980428
  endloop
endfacet
facet normal -0.771013769794186 -0.553161265479354 0.315516055314208
  outer loop
    vertex 1.2866968302333 -0.125 0.209782488181742
    vertex 1.21178408527578 2.22044604925031e-016 0.246217334524304
    vertex 1.20987997133036 -2.22044604925031e-016 0.24121766256151
  endloop
endfacet
facet normal -0.971106059278463 2.68371392829997e-015 -0.238648322082212
  outer loop
    vertex 4.30997742414949 1.11022302462516e-015 0.211705382545753
    vertex 4.31071523663532 -0.312499999999998 0.208349766071084
    vertex 4.30997742414949 -0.312499999999998 0.211705382545753
  endloop
endfacet
facet normal -0.981646237647348 1.92409993592046e-015 -0.190710943872673
  outer loop
    vertex 4.31071523663532 -0.312499999999998 0.208349766071084
    vertex 4.30997742414949 1.11022302462516e-015 0.211705382545753
    vertex 4.31071523663532 8.88178419700125e-016 0.208349766071083
  endloop
endfacet
facet normal -0.771013769794186 -0.553161265479354 0.315516055314208
  outer loop
    vertex 1.2866968302333 -0.125 0.209782488181742
    vertex 1.20773282869797 -2.22044604925031e-016 0.236317443365509
    vertex 1.28291470743128 -0.125 0.201150909414476
  endloop
endfacet
facet normal -0.75460341089483 -0.553161265479354 0.352967854965815
  outer loop
    vertex 1.20773282869797 -2.22044604925031e-016 0.236317443365509
    vertex 1.2866968302333 -0.125 0.209782488181742
    vertex 1.20987997133036 -2.22044604925031e-016 0.24121766256151
  endloop
endfacet
facet normal 0.102457866616217 -6.75263996785973e-016 0.994737345015484
  outer loop
    vertex 4.23482794933686 -0.312499999999999 0.125368385848916
    vertex 4.23141992701993 4.44089209850063e-016 0.125804176023864
    vertex 4.23141992701993 -0.312499999999999 0.125804176023864
  endloop
endfacet
facet normal 0.151143899715279 -8.6684768823786e-016 0.988511771087658
  outer loop
    vertex 4.23141992701993 4.44089209850063e-016 0.125804176023864
    vertex 4.23482794933686 -0.312499999999999 0.125368385848916
    vertex 4.23482794933686 8.88178419700125e-016 0.125368385848917
  endloop
endfacet
facet normal 0.559275709707919 -2.9116618875401e-017 0.828981713025507
  outer loop
    vertex 4.20285070032045 -0.312499999999999 0.136971280088213
    vertex 4.20005052303618 6.66133814775094e-016 0.138962143309527
    vertex 4.20005052303618 -0.312499999999999 0.138962143309527
  endloop
endfacet
facet normal 0.5992782423403 -1.29156811949116e-015 0.800540809863883
  outer loop
    vertex 4.20005052303618 6.66133814775094e-016 0.138962143309527
    vertex 4.20285070032045 -0.312499999999999 0.136971280088213
    vertex 4.20285070032045 4.44089209850063e-016 0.136971280088213
  endloop
endfacet
facet normal -0.386803074428947 3.31194619146582e-016 -0.922162340161598
  outer loop
    vertex 4.26907621521003 8.88178419700125e-016 0.259551363811312
    vertex 4.27221098601989 -0.312499999999998 0.258145041956641
    vertex 4.26907621521003 -0.312499999999999 0.259551363811312
  endloop
endfacet
facet normal -0.431585514569821 -6.44739263777803e-016 -0.902072027952038
  outer loop
    vertex 4.27221098601989 -0.312499999999998 0.258145041956641
    vertex 4.26907621521003 8.88178419700125e-016 0.259551363811312
    vertex 4.27221098601989 1.11022302462516e-015 0.258145041956641
  endloop
endfacet
facet normal -0.475328227403776 -9.97967872256909e-016 -0.879808545214915
  outer loop
    vertex 4.27527297591826 1.33226762955019e-015 0.256586598165044
    vertex 4.27221098601989 -0.312499999999998 0.258145041956641
    vertex 4.27221098601989 1.11022302462516e-015 0.258145041956641
  endloop
endfacet
facet normal -0.431585514569821 -6.44739263777803e-016 -0.902072027952038
  outer loop
    vertex 4.27221098601989 -0.312499999999998 0.258145041956641
    vertex 4.27527297591826 1.33226762955019e-015 0.256586598165044
    vertex 4.27527297591827 -0.312499999999998 0.256586598165044
  endloop
endfacet
facet normal -0.586553021509086 -0.553161265479357 -0.591581074183275
  outer loop
    vertex 1.18574500029924 4.44089209850063e-016 0.359902874165431
    vertex 1.23733100077292 -0.125 0.425311604012497
    vertex 1.18185457856379 2.22044604925031e-016 0.363575337694594
  endloop
endfacet
facet normal -0.556818985220388 -0.553161265479357 -0.619649281506413
  outer loop
    vertex 1.23733100077292 -0.125 0.425311604012497
    vertex 1.18574500029924 4.44089209850063e-016 0.359902874165431
    vertex 1.24418385373811 -0.125 0.418842677429017
  endloop
endfacet
facet normal -0.517925832904038 2.97483924903422e-017 -0.855425526630261
  outer loop
    vertex 4.27825480830328 4.44089209850063e-016 0.254879786864118
    vertex 4.27527297591827 -0.312499999999998 0.256586598165044
    vertex 4.27527297591826 1.33226762955019e-015 0.256586598165044
  endloop
endfacet
facet normal -0.475328227403778 -9.97967872256888e-016 -0.879808545214914
  outer loop
    vertex 4.27527297591827 -0.312499999999998 0.256586598165044
    vertex 4.27825480830328 4.44089209850063e-016 0.254879786864118
    vertex 4.27825480830328 -0.312499999999998 0.254879786864118
  endloop
endfacet
facet normal -0.559275709707873 7.94852943997546e-016 -0.828981713025538
  outer loop
    vertex 4.28114929967955 8.88178419700125e-016 0.253028719911786
    vertex 4.27825480830328 -0.312499999999998 0.254879786864118
    vertex 4.27825480830328 4.44089209850063e-016 0.254879786864118
  endloop
endfacet
facet normal -0.517925832904038 2.97483924903421e-017 -0.855425526630261
  outer loop
    vertex 4.27825480830328 -0.312499999999998 0.254879786864118
    vertex 4.28114929967955 8.88178419700125e-016 0.253028719911786
    vertex 4.28114929967955 -0.312499999999998 0.253028719911786
  endloop
endfacet
facet normal -0.559275709707873 7.94852943997546e-016 -0.828981713025538
  outer loop
    vertex 4.28114929967955 8.88178419700125e-016 0.253028719911786
    vertex 4.28394947696382 -0.312499999999998 0.251037856690472
    vertex 4.28114929967955 -0.312499999999998 0.253028719911786
  endloop
endfacet
facet normal -0.599278242340332 1.13099050926252e-015 -0.800540809863858
  outer loop
    vertex 4.28394947696382 -0.312499999999998 0.251037856690472
    vertex 4.28114929967955 8.88178419700125e-016 0.253028719911786
    vertex 4.28394947696382 4.44089209850063e-016 0.251037856690472
  endloop
endfacet
facet normal -0.824571601226321 -0.553161265479354 0.118719370046929
  outer loop
    vertex 1.21688751478945 4.44089209850063e-016 0.266966676062228
    vertex 1.29746891826397 -0.125 0.245846666612564
    vertex 1.29904039302362 -0.125 0.255138548660072
  endloop
endfacet
facet normal -0.817753085234851 -0.553161265479354 0.159036178155042
  outer loop
    vertex 1.29746891826397 -0.125 0.245846666612564
    vertex 1.21688751478945 4.44089209850063e-016 0.266966676062228
    vertex 1.21599537547277 6.66133814775094e-016 0.261691597191507
  endloop
endfacet
facet normal -0.922162340161615 -2.31205889021091e-015 0.386803074428906
  outer loop
    vertex 4.30655136381131 6.66133814775094e-016 0.167923784789975
    vertex 4.30514504195664 -0.312499999999999 0.164789013980109
    vertex 4.30655136381131 -0.312499999999999 0.167923784789974
  endloop
endfacet
facet normal -0.902072027952033 -7.9388991714953e-016 0.431585514569831
  outer loop
    vertex 4.30514504195664 -0.312499999999999 0.164789013980109
    vertex 4.30655136381131 6.66133814775094e-016 0.167923784789975
    vertex 4.30514504195664 6.66133814775094e-016 0.164789013980109
  endloop
endfacet
facet normal -0.902072027952033 -7.93889917149497e-016 0.431585514569832
  outer loop
    vertex 4.30514504195664 6.66133814775094e-016 0.164789013980109
    vertex 4.30358659816504 -0.312499999999999 0.161727024081735
    vertex 4.30514504195664 -0.312499999999999 0.164789013980109
  endloop
endfacet
facet normal -0.879808545214872 -6.16774217719014e-016 0.475328227403856
  outer loop
    vertex 4.30358659816504 -0.312499999999999 0.161727024081735
    vertex 4.30514504195664 6.66133814775094e-016 0.164789013980109
    vertex 4.30358659816504 6.66133814775094e-016 0.161727024081735
  endloop
endfacet
facet normal -0.940031082521831 -2.86588191296318e-015 0.341088791801833
  outer loop
    vertex 4.30780217577653 -0.312499999999999 0.171123784573877
    vertex 4.30655136381131 6.66133814775094e-016 0.167923784789975
    vertex 4.30655136381131 -0.312499999999999 0.167923784789974
  endloop
endfacet
facet normal -0.922162340161615 -2.31205889021091e-015 0.386803074428906
  outer loop
    vertex 4.30655136381131 6.66133814775094e-016 0.167923784789975
    vertex 4.30780217577653 -0.312499999999999 0.171123784573877
    vertex 4.30780217577653 4.44089209850063e-016 0.171123784573877
  endloop
endfacet
facet normal -0.955635207667313 -2.66800738397273e-015 0.294552796399307
  outer loop
    vertex 4.30889446453671 6.66133814775094e-016 0.174381304252051
    vertex 4.30780217577653 -0.312499999999999 0.171123784573877
    vertex 4.30889446453671 -0.312499999999999 0.174381304252051
  endloop
endfacet
facet normal -0.940031082521831 -2.86588191296318e-015 0.341088791801833
  outer loop
    vertex 4.30780217577653 -0.312499999999999 0.171123784573877
    vertex 4.30889446453671 6.66133814775094e-016 0.174381304252051
    vertex 4.30780217577653 4.44089209850063e-016 0.171123784573877
  endloop
endfacet
facet normal -0.637837061196333 1.92034848698571e-015 -0.770171333772184
  outer loop
    vertex 4.28664859428374 8.88178419700125e-016 0.248911993364054
    vertex 4.28394947696382 -0.312499999999998 0.251037856690472
    vertex 4.28394947696382 4.44089209850063e-016 0.251037856690472
  endloop
endfacet
facet normal -0.599278242340332 1.13099050926252e-015 -0.800540809863858
  outer loop
    vertex 4.28394947696382 -0.312499999999998 0.251037856690472
    vertex 4.28664859428374 8.88178419700125e-016 0.248911993364054
    vertex 4.28664859428374 -0.312499999999998 0.248911993364054
  endloop
endfacet
facet normal -0.637837061196333 1.92034848698571e-015 -0.770171333772184
  outer loop
    vertex 4.28664859428374 8.88178419700125e-016 0.248911993364054
    vertex 4.28924014922928 -0.312499999999998 0.246656251323489
    vertex 4.28664859428374 -0.312499999999998 0.248911993364054
  endloop
endfacet
facet normal -0.674859274703947 2.18626722241196e-015 -0.737946447478449
  outer loop
    vertex 4.28924014922928 -0.312499999999998 0.246656251323489
    vertex 4.28664859428374 8.88178419700125e-016 0.248911993364054
    vertex 4.28924014922928 4.44089209850063e-016 0.246656251323489
  endloop
endfacet
facet normal -0.674859274703947 2.18626722241196e-015 -0.737946447478449
  outer loop
    vertex 4.28924014922928 4.44089209850063e-016 0.246656251323489
    vertex 4.29171789851757 -0.312499999999998 0.244276064848933
    vertex 4.28924014922928 -0.312499999999998 0.246656251323489
  endloop
endfacet
facet normal -0.710255693108166 7.40947153055184e-016 -0.703943783556215
  outer loop
    vertex 4.29171789851757 -0.312499999999998 0.244276064848933
    vertex 4.28924014922928 4.44089209850063e-016 0.246656251323489
    vertex 4.29171789851757 8.88178419700125e-016 0.244276064848933
  endloop
endfacet
facet normal -0.710255693108166 7.40947153055219e-016 -0.703943783556215
  outer loop
    vertex 4.29171789851757 8.88178419700125e-016 0.244276064848933
    vertex 4.29407587303357 -0.312499999999998 0.241777168018082
    vertex 4.29171789851757 -0.312499999999998 0.244276064848933
  endloop
endfacet
facet normal -0.743941043336684 -1.01504938514538e-015 -0.668245257401147
  outer loop
    vertex 4.29407587303357 -0.312499999999998 0.241777168018082
    vertex 4.29171789851757 8.88178419700125e-016 0.244276064848933
    vertex 4.29407587303357 2.22044604925031e-016 0.241777168018081
  endloop
endfacet
facet normal -0.627029541956576 -0.553161265479349 0.548494820291871
  outer loop
    vertex 3.47304097604217 6.66133814775094e-016 0.210734560894204
    vertex 3.52913570507077 -0.124999999999999 0.14914885833034
    vertex 3.53551254495502 -0.124999999999999 0.156087483409972
  endloop
endfacet
facet normal -0.599360892200291 -0.553161265479352 0.578601015617976
  outer loop
    vertex 3.52913570507077 -0.124999999999999 0.14914885833034
    vertex 3.47304097604217 6.66133814775094e-016 0.210734560894204
    vertex 3.46942079089955 1.11022302462516e-015 0.20679544561462
  endloop
endfacet
facet normal -0.570248329556845 -0.553161265479355 0.60731331041803
  outer loop
    vertex 3.52242608417374 -0.124999999999999 0.14253148783117
    vertex 3.46942079089955 1.11022302462516e-015 0.20679544561462
    vertex 3.4656116832028 1.11022302462516e-015 0.203038709237488
  endloop
endfacet
facet normal -0.599360892200291 -0.553161265479352 0.578601015617976
  outer loop
    vertex 3.46942079089955 1.11022302462516e-015 0.20679544561462
    vertex 3.52242608417374 -0.124999999999999 0.14253148783117
    vertex 3.52913570507077 -0.124999999999999 0.14914885833034
  endloop
endfacet
facet normal -0.465783191878356 -0.553161265479355 0.690694311933209
  outer loop
    vertex 1.216349829556 -0.125 0.123314529261309
    vertex 1.17430427462222 0.0 0.195228287996249
    vertex 1.16994339282085 0.0 0.192129081716056
  endloop
endfacet
facet normal -0.499112899182573 -0.553161265479355 0.667007442419382
  outer loop
    vertex 1.17430427462222 0.0 0.195228287996249
    vertex 1.216349829556 -0.125 0.123314529261309
    vertex 1.22403138282079 -0.125 0.128773681608072
  endloop
endfacet
facet normal -0.716372889445242 -0.553161265479355 0.425232286687116
  outer loop
    vertex 1.27410365535167 -0.125 0.184496005236947
    vertex 1.19988780646386 2.22044604925031e-016 0.222330185007871
    vertex 1.26909595267029 -0.125 0.176512802949646
  endloop
endfacet
facet normal -0.694644827569832 -0.553161265479353 0.459870827411088
  outer loop
    vertex 1.19988780646386 2.22044604925031e-016 0.222330185007871
    vertex 1.27410365535167 -0.125 0.184496005236947
    vertex 1.20273072100694 0.0 0.226862315473058
  endloop
endfacet
facet normal -0.499112899182573 -0.553161265479355 0.667007442419383
  outer loop
    vertex 1.22403138282079 -0.125 0.128773681608072
    vertex 1.17850783270604 2.22044604925031e-016 0.198537739474759
    vertex 1.17430427462222 0.0 0.195228287996249
  endloop
endfacet
facet normal -0.531240199795544 -0.553161265479356 0.641713693553806
  outer loop
    vertex 1.17850783270604 2.22044604925031e-016 0.198537739474759
    vertex 1.22403138282079 -0.125 0.128773681608072
    vertex 1.23143581540881 -0.125 0.134603174120676
  endloop
endfacet
facet normal -0.736375146283158 -0.553161265479355 0.389569324138511
  outer loop
    vertex 1.20534783003326 2.22044604925031e-016 0.231528481993556
    vertex 1.27410365535167 -0.125 0.184496005236947
    vertex 1.27871360886593 -0.125 0.192715307731769
  endloop
endfacet
facet normal -0.716372889445242 -0.553161265479355 0.425232286687116
  outer loop
    vertex 1.27410365535167 -0.125 0.184496005236947
    vertex 1.20534783003326 2.22044604925031e-016 0.231528481993556
    vertex 1.20273072100694 0.0 0.226862315473058
  endloop
endfacet
facet normal -0.694644827569832 -0.553161265479353 0.459870827411088
  outer loop
    vertex 1.19988780646386 2.22044604925031e-016 0.222330185007871
    vertex 1.26370256481619 -0.125 0.16878493310342
    vertex 1.26909595267029 -0.125 0.176512802949646
  endloop
endfacet
facet normal -0.6712433054611 -0.553161265479354 0.49340149903191
  outer loop
    vertex 1.26370256481619 -0.125 0.16878493310342
    vertex 1.19988780646386 2.22044604925031e-016 0.222330185007871
    vertex 1.19682593523419 -2.22044604925031e-016 0.217943008897254
  endloop
endfacet
facet normal -0.75460341089483 -0.553161265479354 0.352967854965815
  outer loop
    vertex 1.20773282869797 -2.22044604925031e-016 0.236317443365509
    vertex 1.27871360886593 -0.125 0.192715307731769
    vertex 1.28291470743128 -0.125 0.201150909414476
  endloop
endfacet
facet normal -0.736375146283158 -0.553161265479355 0.38956932413851
  outer loop
    vertex 1.27871360886593 -0.125 0.192715307731769
    vertex 1.20773282869797 -2.22044604925031e-016 0.236317443365509
    vertex 1.20534783003326 2.22044604925031e-016 0.231528481993556
  endloop
endfacet
facet normal -0.828706677578211 -0.553161265479353 -0.0851930567039545
  outer loop
    vertex 1.21742855102015 0.0 0.293646718067224
    vertex 1.30072677451235 -0.125 0.29273933274638
    vertex 1.29999341097128 -0.125 0.302134585953276
  endloop
endfacet
facet normal -0.831888689253305 -0.553161265479354 -0.0444277285678404
  outer loop
    vertex 1.30072677451235 -0.125 0.29273933274638
    vertex 1.21742855102015 0.0 0.293646718067224
    vertex 1.21784488761378 2.22044604925031e-016 0.288312954527893
  endloop
endfacet
facet normal -0.829403652006491 -0.553161265479355 0.07811655657781
  outer loop
    vertex 1.21751974363317 4.44089209850063e-016 0.272279176070874
    vertex 1.29904039302362 -0.125 0.255138548660072
    vertex 1.30015404383091 -0.125 0.264496346840439
  endloop
endfacet
facet normal -0.824571601226321 -0.553161265479354 0.118719370046929
  outer loop
    vertex 1.29904039302362 -0.125 0.255138548660072
    vertex 1.21751974363317 4.44089209850063e-016 0.272279176070874
    vertex 1.21688751478945 4.44089209850063e-016 0.266966676062228
  endloop
endfacet
facet normal -0.808964530434334 -0.553161265479354 0.198969854180067
  outer loop
    vertex 1.21484547492489 4.44089209850063e-016 0.256466647585752
    vertex 1.29296873398655 -0.125 0.22754997802196
    vertex 1.29544340537228 -0.125 0.236643085655639
  endloop
endfacet
facet normal -0.798227109223085 -0.553161265479353 0.238424194398635
  outer loop
    vertex 1.29296873398655 -0.125 0.22754997802196
    vertex 1.21484547492489 4.44089209850063e-016 0.256466647585752
    vertex 1.21344058335695 2.22044604925031e-016 0.251304414606216
  endloop
endfacet
facet normal -0.968937123893765 -1.97329781557933e-015 0.247307197510462
  outer loop
    vertex 4.30982559867256 -0.312499999999998 0.177688496174266
    vertex 4.30889446453671 6.66133814775094e-016 0.174381304252051
    vertex 4.30889446453671 -0.312499999999999 0.174381304252051
  endloop
endfacet
facet normal -0.955635207667313 -2.66800738397273e-015 0.294552796399307
  outer loop
    vertex 4.30889446453671 6.66133814775094e-016 0.174381304252051
    vertex 4.30982559867256 -0.312499999999998 0.177688496174266
    vertex 4.30982559867256 6.66133814775094e-016 0.177688496174266
  endloop
endfacet
facet normal -0.979904785719869 -6.21887184472631e-016 0.199465813921329
  outer loop
    vertex 4.31059333500039 1.11022302462516e-015 0.181037393025506
    vertex 4.30982559867256 -0.312499999999998 0.177688496174266
    vertex 4.31059333500039 -0.312499999999999 0.181037393025506
  endloop
endfacet
facet normal -0.968937123893765 -1.97329781557933e-015 0.247307197510462
  outer loop
    vertex 4.30982559867256 -0.312499999999998 0.177688496174266
    vertex 4.31059333500039 1.11022302462516e-015 0.181037393025506
    vertex 4.30982559867256 6.66133814775094e-016 0.177688496174266
  endloop
endfacet
facet normal -0.98851177108766 7.81290108587231e-016 0.151143899715264
  outer loop
    vertex 4.31119582397614 -0.312499999999999 0.184419927019927
    vertex 4.31059333500039 1.11022302462516e-015 0.181037393025506
    vertex 4.31059333500039 -0.312499999999999 0.181037393025506
  endloop
endfacet
facet normal -0.979904785719869 -6.21887184472631e-016 0.199465813921329
  outer loop
    vertex 4.31059333500039 1.11022302462516e-015 0.181037393025506
    vertex 4.31119582397614 -0.312499999999999 0.184419927019927
    vertex 4.31119582397614 6.66133814775094e-016 0.184419927019927
  endloop
endfacet
facet normal -0.995612284049823 6.60284074248734e-016 -0.093574461521799
  outer loop
    vertex 4.31169285988349 8.88178419700125e-016 0.201550212306527
    vertex 4.3119303154658 -0.312499999999998 0.198122655737229
    vertex 4.31169285988349 -0.312499999999998 0.201550212306527
  endloop
endfacet
facet normal -0.999004506654328 -7.42306226505973e-016 -0.0446093676747811
  outer loop
    vertex 4.3119303154658 -0.312499999999998 0.198122655737229
    vertex 4.31169285988349 8.88178419700125e-016 0.201550212306527
    vertex 4.3119303154658 1.11022302462516e-015 0.198122655737228
  endloop
endfacet
facet normal -0.99999003989985 3.00690315368918e-018 0.00446319404651281
  outer loop
    vertex 4.31199930279299 -0.312499999999998 0.194687576416747
    vertex 4.31189965566853 4.44089209850063e-016 0.191253249752043
    vertex 4.31189965566853 -0.312499999999999 0.191253249752043
  endloop
endfacet
facet normal -0.998566509550463 2.1933868727759e-015 0.0535250035423222
  outer loop
    vertex 4.31189965566853 4.44089209850063e-016 0.191253249752043
    vertex 4.31199930279299 -0.312499999999998 0.194687576416747
    vertex 4.31199930279299 6.66133814775094e-016 0.194687576416747
  endloop
endfacet
facet normal -0.994737345015485 2.22272839104159e-015 0.102457866616205
  outer loop
    vertex 4.31163161415108 6.66133814775094e-016 0.187827949336863
    vertex 4.31119582397614 -0.312499999999999 0.184419927019927
    vertex 4.31163161415108 -0.312499999999999 0.187827949336863
  endloop
endfacet
facet normal -0.98851177108766 7.81290108587231e-016 0.151143899715264
  outer loop
    vertex 4.31119582397614 -0.312499999999999 0.184419927019927
    vertex 4.31163161415108 6.66133814775094e-016 0.187827949336863
    vertex 4.31119582397614 6.66133814775094e-016 0.184419927019927
  endloop
endfacet
facet normal -0.998566509550463 2.19338687277593e-015 0.0535250035423232
  outer loop
    vertex 4.31189965566853 -0.312499999999999 0.191253249752043
    vertex 4.31163161415108 6.66133814775094e-016 0.187827949336863
    vertex 4.31163161415108 -0.312499999999999 0.187827949336863
  endloop
endfacet
facet normal -0.994737345015485 2.22272839104159e-015 0.102457866616205
  outer loop
    vertex 4.31163161415108 6.66133814775094e-016 0.187827949336863
    vertex 4.31189965566853 -0.312499999999999 0.191253249752043
    vertex 4.31189965566853 4.44089209850063e-016 0.191253249752043
  endloop
endfacet
facet normal -0.999004506654328 -7.4230622650596e-016 -0.0446093676747815
  outer loop
    vertex 4.3119303154658 1.11022302462516e-015 0.198122655737228
    vertex 4.31199930279299 -0.312499999999998 0.194687576416747
    vertex 4.3119303154658 -0.312499999999998 0.198122655737229
  endloop
endfacet
facet normal -0.99999003989985 3.00690315368918e-018 0.00446319404651281
  outer loop
    vertex 4.31199930279299 -0.312499999999998 0.194687576416747
    vertex 4.3119303154658 1.11022302462516e-015 0.198122655737228
    vertex 4.31199930279299 6.66133814775094e-016 0.194687576416747
  endloop
endfacet
facet normal -0.467455855930798 -1.1374632996803e-015 0.884016415433562
  outer loop
    vertex 4.27472190991516 -0.312499999999999 0.13311885091965
    vertex 4.27164613087153 8.88178419700125e-016 0.131587801454704
    vertex 4.27164613087153 -0.312499999999999 0.131587801454704
  endloop
endfacet
facet normal -0.423516155307613 -9.19926122734582e-016 0.905888550647075
  outer loop
    vertex 4.27164613087153 8.88178419700125e-016 0.131587801454704
    vertex 4.27472190991516 -0.312499999999999 0.13311885091965
    vertex 4.27472190991516 6.66133814775094e-016 0.133118850919651
  endloop
endfacet
facet normal 0.447891644710939 -2.01158144171924e-016 0.89408784501196
  outer loop
    vertex 0.226647584870238 -0.3125 0.13241385084916
    vertex 0.223614393443396 0.0 0.134027628701727
    vertex 0.223614393443396 -0.3125 0.134027628701728
  endloop
endfacet
facet normal 0.491222950808644 -6.04466022467691e-017 0.871033875689602
  outer loop
    vertex 0.223614393443396 0.0 0.134027628701727
    vertex 0.226647584870238 -0.3125 0.13241385084916
    vertex 0.226647584870239 -4.44089209850063e-016 0.13241385084916
  endloop
endfacet
facet normal 0.491222950808644 -6.04466022467691e-017 0.871033875689602
  outer loop
    vertex 0.223614393443396 -0.3125 0.134027628701728
    vertex 0.220664039954571 -2.22044604925031e-016 0.135788294337301
    vertex 0.220664039954571 -0.3125 0.135788294337301
  endloop
endfacet
facet normal 0.533370857791828 -3.98939621379092e-016 0.845881509467141
  outer loop
    vertex 0.220664039954571 -2.22044604925031e-016 0.135788294337301
    vertex 0.223614393443396 -0.3125 0.134027628701728
    vertex 0.223614393443396 0.0 0.134027628701727
  endloop
endfacet
facet normal 0.533370857791828 -3.98939621379093e-016 0.845881509467141
  outer loop
    vertex 0.220664039954571 -0.3125 0.135788294337301
    vertex 0.217803632063739 0.0 0.137691606158149
    vertex 0.217803632063739 -0.3125 0.137691606158148
  endloop
endfacet
facet normal 0.574233827660848 -7.23532093527555e-016 0.818691340597891
  outer loop
    vertex 0.217803632063739 0.0 0.137691606158149
    vertex 0.220664039954571 -0.3125 0.135788294337301
    vertex 0.220664039954571 -2.22044604925031e-016 0.135788294337301
  endloop
endfacet
facet normal 0.574233827660848 -7.23532093527555e-016 0.818691340597891
  outer loop
    vertex 0.217803632063739 -0.3125 0.137691606158148
    vertex 0.215040060744052 -2.22044604925031e-016 0.139732978919384
    vertex 0.215040060744052 -0.3125 0.139732978919384
  endloop
endfacet
facet normal 0.613713417942076 -4.6957599849415e-016 0.789528872580259
  outer loop
    vertex 0.215040060744052 -2.22044604925031e-016 0.139732978919384
    vertex 0.217803632063739 -0.3125 0.137691606158148
    vertex 0.217803632063739 0.0 0.137691606158149
  endloop
endfacet
facet normal 0.613713417942076 -4.6957599849415e-016 0.789528872580259
  outer loop
    vertex 0.215040060744052 -0.3125 0.139732978919384
    vertex 0.212379983680879 -2.22044604925031e-016 0.141907494775221
    vertex 0.212379983680878 -0.3125 0.141907494775222
  endloop
endfacet
facet normal 0.651714518844617 -2.21716039183118e-016 0.758464360353952
  outer loop
    vertex 0.212379983680879 -2.22044604925031e-016 0.141907494775221
    vertex 0.215040060744052 -0.3125 0.139732978919384
    vertex 0.215040060744052 -2.22044604925031e-016 0.139732978919384
  endloop
endfacet
facet normal 0.651714518844616 -2.21716039183118e-016 0.758464360353952
  outer loop
    vertex 0.212379983680878 -0.3125 0.141907494775222
    vertex 0.20982980923286 0.0 0.1442099151265
    vertex 0.20982980923286 -0.3125 0.1442099151265
  endloop
endfacet
facet normal 0.688145582387689 -2.63008474495292e-016 0.725572641050025
  outer loop
    vertex 0.20982980923286 0.0 0.1442099151265
    vertex 0.212379983680878 -0.3125 0.141907494775222
    vertex 0.212379983680879 -2.22044604925031e-016 0.141907494775221
  endloop
endfacet
facet normal 0.68814558238769 -2.63008474495294e-016 0.725572641050024
  outer loop
    vertex 0.20982980923286 -0.3125 0.1442099151265
    vertex 0.207395680993609 -2.22044604925031e-016 0.146634693240925
    vertex 0.207395680993609 -0.312500000000001 0.146634693240925
  endloop
endfacet
facet normal 0.72291884294844 -2.99941284110026e-016 0.690932953701073
  outer loop
    vertex 0.207395680993609 -2.22044604925031e-016 0.146634693240925
    vertex 0.20982980923286 -0.3125 0.1442099151265
    vertex 0.20982980923286 0.0 0.1442099151265
  endloop
endfacet
facet normal 0.72291884294844 -2.99941284110026e-016 0.690932953701073
  outer loop
    vertex 0.207395680993609 -2.22044604925031e-016 0.146634693240925
    vertex 0.20508346299126 -0.3125 0.149175987615633
    vertex 0.207395680993609 -0.312500000000001 0.146634693240925
  endloop
endfacet
facet normal 0.755950528696304 -4.07329821710384e-016 0.654628748348084
  outer loop
    vertex 0.20508346299126 -0.3125 0.149175987615633
    vertex 0.207395680993609 -2.22044604925031e-016 0.146634693240925
    vertex 0.20508346299126 -2.22044604925031e-016 0.149175987615632
  endloop
endfacet
facet normal 0.755950528696304 -4.07329821710384e-016 0.654628748348084
  outer loop
    vertex 0.20508346299126 -0.3125 0.149175987615633
    vertex 0.202898725561506 -2.22044604925031e-016 0.151827676049884
    vertex 0.202898725561505 -0.3125 0.151827676049884
  endloop
endfacet
facet normal 0.787161063407049 -6.20449658618321e-016 0.616747485001669
  outer loop
    vertex 0.202898725561506 -2.22044604925031e-016 0.151827676049884
    vertex 0.20508346299126 -0.3125 0.149175987615633
    vertex 0.20508346299126 -2.22044604925031e-016 0.149175987615632
  endloop
endfacet
facet normal 0.787161063407049 -6.20449658618321e-016 0.616747485001669
  outer loop
    vertex 0.202898725561506 -2.22044604925031e-016 0.151827676049884
    vertex 0.200846731928176 -0.3125 0.15458337039398
    vertex 0.202898725561505 -0.3125 0.151827676049884
  endloop
endfacet
facet normal 0.816475258168947 -6.51408613441777e-016 0.577380422943098
  outer loop
    vertex 0.200846731928176 -0.3125 0.15458337039398
    vertex 0.202898725561506 -2.22044604925031e-016 0.151827676049884
    vertex 0.200846731928176 0.0 0.15458337039398
  endloop
endfacet
facet normal 0.816475258168947 -6.51408613441777e-016 0.577380422943098
  outer loop
    vertex 0.200846731928176 -0.3125 0.15458337039398
    vertex 0.198932425523666 -2.22044604925031e-016 0.157436431938876
    vertex 0.198932425523666 -0.3125 0.157436431938876
  endloop
endfacet
facet normal 0.84382249251904 -5.23370744828391e-016 0.536622400873235
  outer loop
    vertex 0.198932425523666 -2.22044604925031e-016 0.157436431938876
    vertex 0.200846731928176 -0.3125 0.15458337039398
    vertex 0.200846731928176 0.0 0.15458337039398
  endloop
endfacet
facet normal 0.843822492519041 -5.23370744828387e-016 0.536622400873233
  outer loop
    vertex 0.198932425523666 -0.3125 0.157436431938876
    vertex 0.197160418079777 -2.22044604925031e-016 0.160379987409411
    vertex 0.197160418079777 -0.312500000000001 0.160379987409411
  endloop
endfacet
facet normal 0.869136884574621 -4.63204959749191e-016 0.49457160843696
  outer loop
    vertex 0.197160418079777 -2.22044604925031e-016 0.160379987409411
    vertex 0.198932425523666 -0.3125 0.157436431938876
    vertex 0.198932425523666 -2.22044604925031e-016 0.157436431938876
  endloop
endfacet
facet normal 0.869136884574621 -4.63204959749191e-016 0.49457160843696
  outer loop
    vertex 0.197160418079777 -2.22044604925031e-016 0.160379987409411
    vertex 0.195534978517654 -0.3125 0.163406945522631
    vertex 0.197160418079777 -0.312500000000001 0.160379987409411
  endloop
endfacet
facet normal 0.8923574497478 -5.15794465322666e-016 0.45132934967671
  outer loop
    vertex 0.195534978517654 -0.3125 0.163406945522631
    vertex 0.197160418079777 -2.22044604925031e-016 0.160379987409411
    vertex 0.195534978517654 0.0 0.163406945522631
  endloop
endfacet
facet normal 0.892357449747801 -5.15794465322668e-016 0.45132934967671
  outer loop
    vertex 0.195534978517654 0.0 0.163406945522631
    vertex 0.194060022663569 -0.3125 0.166510014071313
    vertex 0.195534978517654 -0.3125 0.163406945522631
  endloop
endfacet
facet normal 0.91342824766325 -6.90947539320586e-016 0.406999798981333
  outer loop
    vertex 0.194060022663569 -0.3125 0.166510014071313
    vertex 0.195534978517654 0.0 0.163406945522631
    vertex 0.19406002266357 -2.22044604925031e-016 0.166510014071313
  endloop
endfacet
facet normal 0.91342824766325 -6.90947539320586e-016 0.406999798981333
  outer loop
    vertex 0.194060022663569 -0.3125 0.166510014071313
    vertex 0.19273910381537 -4.44089209850063e-016 0.169681717491524
    vertex 0.19273910381537 -0.3125 0.169681717491524
  endloop
endfacet
facet normal 0.932298516923321 -7.67846146222236e-016 0.361689750120978
  outer loop
    vertex 0.19273910381537 -4.44089209850063e-016 0.169681717491524
    vertex 0.194060022663569 -0.3125 0.166510014071313
    vertex 0.19406002266357 -2.22044604925031e-016 0.166510014071313
  endloop
endfacet
facet normal 0.577380422943149 -5.8870526179241e-016 -0.816475258168911
  outer loop
    vertex 0.21758337039398 -6.66133814775094e-016 0.252153268071824
    vertex 0.220436431938875 -0.3125 0.254067574476333
    vertex 0.217583370393979 -0.3125 0.252153268071824
  endloop
endfacet
facet normal 0.536622400873171 -5.03123840977797e-016 -0.843822492519081
  outer loop
    vertex 0.220436431938875 -0.3125 0.254067574476333
    vertex 0.21758337039398 -6.66133814775094e-016 0.252153268071824
    vertex 0.220436431938875 0.0 0.254067574476333
  endloop
endfacet
facet normal 0.53662240087317 -5.03123840977792e-016 -0.843822492519081
  outer loop
    vertex 0.220436431938875 0.0 0.254067574476333
    vertex 0.22337998740941 -0.3125 0.255839581920222
    vertex 0.220436431938875 -0.3125 0.254067574476333
  endloop
endfacet
facet normal 0.494571608437053 -8.21535765471979e-017 -0.869136884574568
  outer loop
    vertex 0.22337998740941 -0.3125 0.255839581920222
    vertex 0.220436431938875 0.0 0.254067574476333
    vertex 0.22337998740941 0.0 0.255839581920222
  endloop
endfacet
facet normal 0.494571608437053 -8.21535765471977e-017 -0.869136884574568
  outer loop
    vertex 0.22337998740941 0.0 0.255839581920222
    vertex 0.22640694552263 -0.3125 0.257465021482346
    vertex 0.22337998740941 -0.3125 0.255839581920222
  endloop
endfacet
facet normal 0.451329349676727 2.5425935190593e-016 -0.892357449747792
  outer loop
    vertex 0.22640694552263 -0.3125 0.257465021482346
    vertex 0.22337998740941 0.0 0.255839581920222
    vertex 0.22640694552263 0.0 0.257465021482346
  endloop
endfacet
facet normal 0.451329349676727 2.5425935190593e-016 -0.892357449747792
  outer loop
    vertex 0.22640694552263 0.0 0.257465021482346
    vertex 0.229510014071312 -0.3125 0.25893997733643
    vertex 0.22640694552263 -0.3125 0.257465021482346
  endloop
endfacet
facet normal 0.406999798981215 -4.05446598039932e-017 -0.913428247663302
  outer loop
    vertex 0.229510014071312 -0.3125 0.25893997733643
    vertex 0.22640694552263 0.0 0.257465021482346
    vertex 0.229510014071312 0.0 0.25893997733643
  endloop
endfacet
facet normal 0.406999798981215 -4.05446598039934e-017 -0.913428247663302
  outer loop
    vertex 0.229510014071312 0.0 0.25893997733643
    vertex 0.232681717491524 -0.3125 0.260260896184629
    vertex 0.229510014071312 -0.3125 0.25893997733643
  endloop
endfacet
facet normal 0.361689750121085 -3.21111600498055e-016 -0.93229851692328
  outer loop
    vertex 0.232681717491524 -0.3125 0.260260896184629
    vertex 0.229510014071312 0.0 0.25893997733643
    vertex 0.232681717491524 0.0 0.260260896184629
  endloop
endfacet
facet normal 0.361689750121084 -3.21111600498055e-016 -0.93229851692328
  outer loop
    vertex 0.232681717491524 0.0 0.260260896184629
    vertex 0.235914414871918 -0.3125 0.261424595817741
    vertex 0.232681717491524 -0.3125 0.260260896184629
  endloop
endfacet
facet normal 0.315508358972576 -2.67044182586952e-016 -0.948922797396307
  outer loop
    vertex 0.235914414871918 -0.3125 0.261424595817741
    vertex 0.232681717491524 0.0 0.260260896184629
    vertex 0.235914414871918 2.22044604925031e-016 0.261424595817741
  endloop
endfacet
facet normal 0.315508358972577 -2.67044182586952e-016 -0.948922797396306
  outer loop
    vertex 0.235914414871918 2.22044604925031e-016 0.261424595817741
    vertex 0.239200318361354 -0.3125 0.262428272781419
    vertex 0.235914414871918 -0.3125 0.261424595817741
  endloop
endfacet
facet normal 0.26856688055209 -5.1479957996257e-017 -0.963261039734567
  outer loop
    vertex 0.239200318361354 -0.3125 0.262428272781419
    vertex 0.235914414871918 2.22044604925031e-016 0.261424595817741
    vertex 0.239200318361354 0.0 0.262428272781419
  endloop
endfacet
facet normal 0.268566880552089 -5.14799579962474e-017 -0.963261039734568
  outer loop
    vertex 0.239200318361354 0.0 0.262428272781419
    vertex 0.242531511930516 -0.3125 0.263269509129949
    vertex 0.239200318361354 -0.3125 0.262428272781419
  endloop
endfacet
facet normal 0.220978400992638 6.0615861731922e-016 -0.975278701856417
  outer loop
    vertex 0.242531511930516 -0.3125 0.263269509129949
    vertex 0.239200318361354 0.0 0.262428272781419
    vertex 0.242531511930515 4.44089209850063e-016 0.263269509129949
  endloop
endfacet
facet normal 0.172857565109797 9.38606678305354e-016 -0.984946832161164
  outer loop
    vertex 0.245899970442316 4.44089209850063e-016 0.263946278251282
    vertex 0.242531511930516 -0.3125 0.263269509129949
    vertex 0.242531511930515 4.44089209850063e-016 0.263269509129949
  endloop
endfacet
facet normal 0.220978400992638 6.0615861731922e-016 -0.975278701856417
  outer loop
    vertex 0.242531511930516 -0.3125 0.263269509129949
    vertex 0.245899970442316 4.44089209850063e-016 0.263946278251282
    vertex 0.245899970442317 -0.3125 0.263946278251281
  endloop
endfacet
facet normal 0.124320300212023 3.57749935138402e-016 -0.992242139276091
  outer loop
    vertex 0.249297578985158 0.0 0.264456949749326
    vertex 0.245899970442317 -0.3125 0.263946278251281
    vertex 0.245899970442316 4.44089209850063e-016 0.263946278251282
  endloop
endfacet
facet normal 0.172857565109795 9.38606678305339e-016 -0.984946832161164
  outer loop
    vertex 0.245899970442317 -0.3125 0.263946278251281
    vertex 0.249297578985158 0.0 0.264456949749326
    vertex 0.249297578985158 -0.3125 0.264456949749326
  endloop
endfacet
facet normal 0.124320300212023 3.57749935138402e-016 -0.992242139276091
  outer loop
    vertex 0.249297578985158 0.0 0.264456949749326
    vertex 0.252716152422468 -0.3125 0.264800293371714
    vertex 0.249297578985158 -0.3125 0.264456949749326
  endloop
endfacet
facet normal 0.0754835368218648 2.9458788368139e-016 -0.997147048167351
  outer loop
    vertex 0.252716152422468 -0.3125 0.264800293371714
    vertex 0.249297578985158 0.0 0.264456949749326
    vertex 0.252716152422468 0.0 0.264800293371714
  endloop
endfacet
facet normal 0.0754835368218647 2.9458788368139e-016 -0.997147048167351
  outer loop
    vertex 0.252716152422468 0.0 0.264800293371714
    vertex 0.256147455111401 -0.3125 0.264975481973586
    vertex 0.252716152422468 -0.3125 0.264800293371714
  endloop
endfacet
facet normal 0.0264649269799608 6.90244265490597e-016 -0.999649742479807
  outer loop
    vertex 0.256147455111401 -0.3125 0.264975481973586
    vertex 0.252716152422468 0.0 0.264800293371714
    vertex 0.256147455111401 0.0 0.264975481973586
  endloop
endfacet
facet normal 0.0264649269799578 6.902442654906e-016 -0.999649742479808
  outer loop
    vertex 0.256147455111401 0.0 0.264975481973586
    vertex 0.259583220743236 -0.312499999999999 0.264982093510255
    vertex 0.256147455111401 -0.3125 0.264975481973586
  endloop
endfacet
facet normal -0.0226174391890911 3.15939047710157e-016 -0.999744193003654
  outer loop
    vertex 0.259583220743236 -0.312499999999999 0.264982093510255
    vertex 0.256147455111401 0.0 0.264975481973586
    vertex 0.259583220743236 4.44089209850063e-016 0.264982093510255
  endloop
endfacet
facet normal -0.0716453179660463 -7.39169391597389e-017 -0.997430172199309
  outer loop
    vertex 0.263015172257625 4.44089209850063e-016 0.264820112053951
    vertex 0.259583220743236 -0.312499999999999 0.264982093510255
    vertex 0.259583220743236 4.44089209850063e-016 0.264982093510255
  endloop
endfacet
facet normal -0.0226174391890911 3.15939047710157e-016 -0.999744193003654
  outer loop
    vertex 0.259583220743236 -0.312499999999999 0.264982093510255
    vertex 0.263015172257625 4.44089209850063e-016 0.264820112053951
    vertex 0.263015172257626 -0.3125 0.264820112053951
  endloop
endfacet
facet normal -0.120500596896716 3.68970267252375e-016 -0.992713254745566
  outer loop
    vertex 0.26643504178277 0.0 0.264489927832189
    vertex 0.263015172257626 -0.3125 0.264820112053951
    vertex 0.263015172257625 4.44089209850063e-016 0.264820112053951
  endloop
endfacet
facet normal -0.0716453179660501 -7.3916939159738e-017 -0.997430172199309
  outer loop
    vertex 0.263015172257626 -0.3125 0.264820112053951
    vertex 0.26643504178277 0.0 0.264489927832189
    vertex 0.26643504178277 -0.3125 0.264489927832189
  endloop
endfacet
facet normal -0.120500596896716 3.68970267252375e-016 -0.992713254745566
  outer loop
    vertex 0.26643504178277 0.0 0.264489927832189
    vertex 0.269834590553437 -0.3125 0.263992336287681
    vertex 0.26643504178277 -0.3125 0.264489927832189
  endloop
endfacet
facet normal -0.169065579334812 8.20408793108658e-016 -0.985604804109733
  outer loop
    vertex 0.269834590553437 -0.3125 0.263992336287681
    vertex 0.26643504178277 0.0 0.264489927832189
    vertex 0.269834590553437 0.0 0.263992336287681
  endloop
endfacet
facet normal -0.169065579334814 8.20408793108659e-016 -0.985604804109732
  outer loop
    vertex 0.269834590553437 0.0 0.263992336287681
    vertex 0.273205628758874 -0.3125 0.26332853616204
    vertex 0.269834590553437 -0.3125 0.263992336287681
  endloop
endfacet
facet normal -0.217223267983923 5.1370514603034e-016 -0.976121945172008
  outer loop
    vertex 0.273205628758874 -0.3125 0.26332853616204
    vertex 0.269834590553437 0.0 0.263992336287681
    vertex 0.273205628758874 6.66133814775094e-016 0.26332853616204
  endloop
endfacet
facet normal -0.217223267983924 5.1370514603033e-016 -0.976121945172008
  outer loop
    vertex 0.273205628758874 6.66133814775094e-016 0.26332853616204
    vertex 0.276540035272774 -0.3125 0.262500126607913
    vertex 0.273205628758874 -0.3125 0.26332853616204
  endloop
endfacet
facet normal -0.264857646753932 5.80176825634936e-017 -0.964287522970182
  outer loop
    vertex 0.276540035272774 -0.3125 0.262500126607913
    vertex 0.273205628758874 6.66133814775094e-016 0.26332853616204
    vertex 0.276540035272774 2.22044604925031e-016 0.262500126607913
  endloop
endfacet
facet normal -0.264857646753931 5.80176825634976e-017 -0.964287522970183
  outer loop
    vertex 0.276540035272774 2.22044604925031e-016 0.262500126607913
    vertex 0.279829777217787 -0.3125 0.261509103336474
    vertex 0.276540035272774 -0.3125 0.262500126607913
  endloop
endfacet
facet normal -0.311853960254106 2.51827247454711e-016 -0.950130047663913
  outer loop
    vertex 0.279829777217787 -0.3125 0.261509103336474
    vertex 0.276540035272774 2.22044604925031e-016 0.262500126607913
    vertex 0.279829777217787 0.0 0.261509103336474
  endloop
endfacet
facet normal -0.358098990248837 8.04989331723484e-016 -0.933683625851264
  outer loop
    vertex 0.283066929317419 0.0 0.260357853809588
    vertex 0.279829777217787 -0.3125 0.261509103336474
    vertex 0.279829777217787 0.0 0.261509103336474
  endloop
endfacet
facet normal -0.311853960254106 2.51827247454711e-016 -0.950130047663913
  outer loop
    vertex 0.279829777217787 -0.3125 0.261509103336474
    vertex 0.283066929317419 0.0 0.260357853809588
    vertex 0.283066929317419 -0.3125 0.260357853809588
  endloop
endfacet
facet normal -0.358098990248837 8.04989331723484e-016 -0.933683625851264
  outer loop
    vertex 0.283066929317419 0.0 0.260357853809588
    vertex 0.286243692988722 -0.3125 0.259049151488203
    vertex 0.283066929317419 -0.3125 0.260357853809588
  endloop
endfacet
facet normal -0.403481328410332 7.41748430387081e-016 -0.914987878402897
  outer loop
    vertex 0.286243692988722 -0.3125 0.259049151488203
    vertex 0.283066929317419 0.0 0.260357853809588
    vertex 0.286243692988723 4.44089209850063e-016 0.259049151488203
  endloop
endfacet
facet normal -0.403481328410333 7.41748430387063e-016 -0.914987878402896
  outer loop
    vertex 0.286243692988723 4.44089209850063e-016 0.259049151488203
    vertex 0.289352415129761 -0.3125 0.257586149150839
    vertex 0.286243692988722 -0.3125 0.259049151488203
  endloop
endfacet
facet normal -0.447891644710868 1.65025162385541e-016 -0.894087845011995
  outer loop
    vertex 0.289352415129761 -0.3125 0.257586149150839
    vertex 0.286243692988723 4.44089209850063e-016 0.259049151488203
    vertex 0.28935241512976 2.22044604925031e-016 0.257586149150839
  endloop
endfacet
facet normal -0.49122295080862 -4.03510491286235e-016 -0.871033875689615
  outer loop
    vertex 0.292385606556604 0.0 0.255972371298272
    vertex 0.289352415129761 -0.3125 0.257586149150839
    vertex 0.28935241512976 2.22044604925031e-016 0.257586149150839
  endloop
endfacet
facet normal -0.447891644710868 1.65025162385541e-016 -0.894087845011995
  outer loop
    vertex 0.289352415129761 -0.3125 0.257586149150839
    vertex 0.292385606556604 0.0 0.255972371298272
    vertex 0.292385606556604 -0.3125 0.255972371298272
  endloop
endfacet
facet normal -0.533370857791848 -3.66204161775217e-016 -0.845881509467129
  outer loop
    vertex 0.295335960045428 0.0 0.254211705662699
    vertex 0.292385606556604 -0.3125 0.255972371298272
    vertex 0.292385606556604 0.0 0.255972371298272
  endloop
endfacet
facet normal -0.49122295080862 -4.03510491286236e-016 -0.871033875689615
  outer loop
    vertex 0.292385606556604 -0.3125 0.255972371298272
    vertex 0.295335960045428 0.0 0.254211705662699
    vertex 0.295335960045429 -0.312499999999999 0.254211705662699
  endloop
endfacet
facet normal -0.574233827660898 2.6567563826749e-016 -0.818691340597856
  outer loop
    vertex 0.298196367936261 -2.22044604925031e-016 0.252308393841851
    vertex 0.295335960045429 -0.312499999999999 0.254211705662699
    vertex 0.295335960045428 0.0 0.254211705662699
  endloop
endfacet
facet normal -0.533370857791849 -3.66204161775197e-016 -0.845881509467128
  outer loop
    vertex 0.295335960045429 -0.312499999999999 0.254211705662699
    vertex 0.298196367936261 -2.22044604925031e-016 0.252308393841851
    vertex 0.29819636793626 -0.3125 0.252308393841851
  endloop
endfacet
facet normal -0.574233827660898 2.6567563826749e-016 -0.818691340597856
  outer loop
    vertex 0.298196367936261 -2.22044604925031e-016 0.252308393841851
    vertex 0.300959939255947 -0.3125 0.250267021080616
    vertex 0.29819636793626 -0.3125 0.252308393841851
  endloop
endfacet
facet normal -0.613713417942145 6.27705326816042e-016 -0.789528872580205
  outer loop
    vertex 0.300959939255947 -0.3125 0.250267021080616
    vertex 0.298196367936261 -2.22044604925031e-016 0.252308393841851
    vertex 0.300959939255947 -2.22044604925031e-016 0.250267021080616
  endloop
endfacet
facet normal -0.613713417942145 6.27705326816042e-016 -0.789528872580205
  outer loop
    vertex 0.300959939255947 -2.22044604925031e-016 0.250267021080616
    vertex 0.30362001631912 -0.3125 0.248092505224778
    vertex 0.300959939255947 -0.3125 0.250267021080616
  endloop
endfacet
facet normal -0.651714518844445 1.67021433781472e-016 -0.7584643603541
  outer loop
    vertex 0.30362001631912 -0.3125 0.248092505224778
    vertex 0.300959939255947 -2.22044604925031e-016 0.250267021080616
    vertex 0.30362001631912 -2.22044604925031e-016 0.248092505224778
  endloop
endfacet
facet normal -0.651714518844446 1.6702143378145e-016 -0.758464360354099
  outer loop
    vertex 0.30362001631912 -2.22044604925031e-016 0.248092505224778
    vertex 0.30617019076714 -0.3125 0.245790084873501
    vertex 0.30362001631912 -0.3125 0.248092505224778
  endloop
endfacet
facet normal -0.688145582387661 -2.97694934940551e-016 -0.725572641050052
  outer loop
    vertex 0.30617019076714 -0.3125 0.245790084873501
    vertex 0.30362001631912 -2.22044604925031e-016 0.248092505224778
    vertex 0.306170190767141 0.0 0.2457900848735
  endloop
endfacet
facet normal -0.68814558238766 -2.97694934940553e-016 -0.725572641050053
  outer loop
    vertex 0.306170190767141 0.0 0.2457900848735
    vertex 0.30860431900639 -0.3125 0.243365306759075
    vertex 0.30617019076714 -0.3125 0.245790084873501
  endloop
endfacet
facet normal -0.722918842948481 -3.66465551105047e-016 -0.690932953701031
  outer loop
    vertex 0.30860431900639 -0.3125 0.243365306759075
    vertex 0.306170190767141 0.0 0.2457900848735
    vertex 0.30860431900639 -4.44089209850063e-016 0.243365306759075
  endloop
endfacet
facet normal -0.722918842948481 -3.66465551105049e-016 -0.69093295370103
  outer loop
    vertex 0.30860431900639 -4.44089209850063e-016 0.243365306759075
    vertex 0.31091653700874 -0.3125 0.240824012384368
    vertex 0.30860431900639 -0.3125 0.243365306759075
  endloop
endfacet
facet normal -0.755950528696305 -7.59683189847658e-016 -0.654628748348083
  outer loop
    vertex 0.31091653700874 -0.3125 0.240824012384368
    vertex 0.30860431900639 -4.44089209850063e-016 0.243365306759075
    vertex 0.31091653700874 -2.22044604925031e-016 0.240824012384367
  endloop
endfacet
facet normal -0.755950528696305 -7.59683189847658e-016 -0.654628748348083
  outer loop
    vertex 0.31091653700874 -0.3125 0.240824012384368
    vertex 0.313101274438493 2.22044604925031e-016 0.238172323950116
    vertex 0.313101274438493 -0.3125 0.238172323950117
  endloop
endfacet
facet normal -0.787161063407107 -9.10938789260312e-016 -0.616747485001595
  outer loop
    vertex 0.313101274438493 2.22044604925031e-016 0.238172323950116
    vertex 0.31091653700874 -0.3125 0.240824012384368
    vertex 0.31091653700874 -2.22044604925031e-016 0.240824012384367
  endloop
endfacet
facet normal -0.787161063407107 -9.10938789260312e-016 -0.616747485001595
  outer loop
    vertex 0.313101274438493 2.22044604925031e-016 0.238172323950116
    vertex 0.315153268071824 -0.3125 0.23541662960602
    vertex 0.313101274438493 -0.3125 0.238172323950117
  endloop
endfacet
facet normal -0.816475258168855 -1.21542870905308e-015 -0.577380422943228
  outer loop
    vertex 0.315153268071824 -0.3125 0.23541662960602
    vertex 0.313101274438493 2.22044604925031e-016 0.238172323950116
    vertex 0.315153268071823 0.0 0.23541662960602
  endloop
endfacet
facet normal -0.816475258168856 -1.21542870905309e-015 -0.577380422943228
  outer loop
    vertex 0.315153268071823 0.0 0.23541662960602
    vertex 0.317067574476334 -0.312499999999999 0.232563568061125
    vertex 0.315153268071824 -0.3125 0.23541662960602
  endloop
endfacet
facet normal -0.843822492519004 -1.19159470448733e-015 -0.536622400873292
  outer loop
    vertex 0.317067574476334 -0.312499999999999 0.232563568061125
    vertex 0.315153268071823 0.0 0.23541662960602
    vertex 0.317067574476334 0.0 0.232563568061124
  endloop
endfacet
facet normal -0.843822492519004 -1.19159470448733e-015 -0.536622400873292
  outer loop
    vertex 0.317067574476334 -0.312499999999999 0.232563568061125
    vertex 0.318839581920222 -2.22044604925031e-016 0.229620012590589
    vertex 0.318839581920222 -0.3125 0.22962001259059
  endloop
endfacet
facet normal -0.869136884574642 -1.5499467238162e-016 -0.494571608436924
  outer loop
    vertex 0.318839581920222 -2.22044604925031e-016 0.229620012590589
    vertex 0.317067574476334 -0.312499999999999 0.232563568061125
    vertex 0.317067574476334 0.0 0.232563568061124
  endloop
endfacet
facet normal -0.869136884574642 -1.5499467238162e-016 -0.494571608436924
  outer loop
    vertex 0.318839581920222 -2.22044604925031e-016 0.229620012590589
    vertex 0.320465021482346 -0.3125 0.226593054477369
    vertex 0.318839581920222 -0.3125 0.22962001259059
  endloop
endfacet
facet normal -0.892357449747848 3.87908526062079e-016 -0.451329349676616
  outer loop
    vertex 0.320465021482346 -0.3125 0.226593054477369
    vertex 0.318839581920222 -2.22044604925031e-016 0.229620012590589
    vertex 0.320465021482346 -2.22044604925031e-016 0.226593054477369
  endloop
endfacet
facet normal -0.892357449747848 3.87908526062079e-016 -0.451329349676616
  outer loop
    vertex 0.320465021482346 -0.3125 0.226593054477369
    vertex 0.321939977336429 0.0 0.223489985928687
    vertex 0.321939977336429 -0.3125 0.223489985928688
  endloop
endfacet
facet normal -0.913428247663254 4.90760476593031e-016 -0.406999798981324
  outer loop
    vertex 0.321939977336429 0.0 0.223489985928687
    vertex 0.320465021482346 -0.3125 0.226593054477369
    vertex 0.320465021482346 -2.22044604925031e-016 0.226593054477369
  endloop
endfacet
facet normal -0.0994142578190998 0.991394557242137 -0.0851682876013431
  outer loop
    vertex 3.86291466593521 -0.760728377696754 0.213914665935213
    vertex 3.87196340125311 -0.759999025836975 0.211144677240939
    vertex 3.86177562084119 -0.761547764165251 0.20526275947767
  endloop
endfacet
facet normal -0.232881679485628 0.963165699389225 -0.134454300340371
  outer loop
    vertex 3.87196340125311 -0.759999025836975 0.211144677240939
    vertex 3.86291466593521 -0.760728377696754 0.213914665935213
    vertex 3.86683202151427 -0.759999025836975 0.217832021514273
  endloop
endfacet
facet normal -0.190147095060739 0.963165699389225 -0.190147095060709
  outer loop
    vertex 3.86683202151427 -0.759999025836975 0.217832021514273
    vertex 3.89802114292252 -0.747535800212046 0.226189121408249
    vertex 3.87196340125311 -0.759999025836975 0.211144677240939
  endloop
endfacet
facet normal -0.439997144615421 0.861318766179924 -0.25403246988637
  outer loop
    vertex 3.89802114292252 -0.747535800212046 0.226189121408249
    vertex 3.86683202151427 -0.759999025836975 0.217832021514273
    vertex 3.88810807849405 -0.747535800212046 0.239108078494048
  endloop
endfacet
facet normal -0.439997144615421 0.861318766179924 -0.25403246988637
  outer loop
    vertex 3.89802114292252 -0.747535800212046 0.226189121408249
    vertex 3.92921026433077 -0.727709671355096 0.217832021514272
    vertex 3.90425275573499 -0.747535800212045 0.211144677240939
  endloop
endfacet
facet normal -0.68817994483757 0.70171647683078 -0.184397260466516
  outer loop
    vertex 3.92921026433077 -0.727709671355096 0.217832021514272
    vertex 3.89802114292252 -0.747535800212046 0.226189121408249
    vertex 3.92039743297593 -0.727709671355096 0.239108078494048
  endloop
endfacet
facet normal -0.752307140051954 0.495357065865087 -0.434344729822271
  outer loop
    vertex 3.93756736422475 -0.701871757183499 0.249021142922522
    vertex 3.92921026433077 -0.727709671355096 0.217832021514272
    vertex 3.92039743297593 -0.727709671355096 0.239108078494048
  endloop
endfacet
facet normal -0.68817994483757 0.70171647683078 -0.184397260466516
  outer loop
    vertex 3.92921026433077 -0.727709671355096 0.217832021514272
    vertex 3.93756736422475 -0.701871757183499 0.249021142922522
    vertex 3.94836083422904 -0.701871757183499 0.222963401253108
  endloop
endfacet
facet normal -0.752307140051954 0.495357065865087 -0.434344729822271
  outer loop
    vertex 3.93756736422475 -0.701871757183499 0.249021142922522
    vertex 3.96039938573902 -0.671782868848879 0.226189121408249
    vertex 3.94836083422904 -0.701871757183499 0.222963401253108
  endloop
endfacet
facet normal -0.933700434737497 0.256147077833377 -0.250184277460498
  outer loop
    vertex 3.96039938573902 -0.671782868848879 0.226189121408249
    vertex 3.93756736422475 -0.701871757183499 0.249021142922522
    vertex 3.94836083422904 -0.671782868848879 0.255252755734987
  endloop
endfacet
facet normal -0.116641557183569 0.991419084236566 -0.0590164938751975
  outer loop
    vertex 3.86177562084119 -0.761547764165251 0.20526275947767
    vertex 3.87518912140825 -0.759999025836975 0.203357099893976
    vertex 3.86102508281675 -0.761929537482635 0.199561857191821
  endloop
endfacet
facet normal -0.259745762308757 0.963165699389226 -0.0695986672480574
  outer loop
    vertex 3.87518912140825 -0.759999025836975 0.203357099893976
    vertex 3.86177562084119 -0.761547764165251 0.20526275947767
    vertex 3.87196340125311 -0.759999025836975 0.211144677240939
  endloop
endfacet
facet normal -0.232881679485628 0.963165699389225 -0.134454300340371
  outer loop
    vertex 3.87196340125311 -0.759999025836975 0.211144677240939
    vertex 3.90425275573499 -0.747535800212045 0.211144677240939
    vertex 3.87518912140825 -0.759999025836975 0.203357099893976
  endloop
endfacet
facet normal -0.490753046758516 0.861318766179918 -0.13149688256205
  outer loop
    vertex 3.90425275573499 -0.747535800212045 0.211144677240939
    vertex 3.87196340125311 -0.759999025836975 0.211144677240939
    vertex 3.89802114292252 -0.747535800212046 0.226189121408249
  endloop
endfacet
facet normal 0.359256164196443 0.86131876617992 -0.359256164196468
  outer loop
    vertex 3.79989192150595 -0.747535800212046 0.239108078494048
    vertex 3.82785532275906 -0.759999025836976 0.222963401253108
    vertex 3.82116797848573 -0.759999025836975 0.217832021514273
  endloop
endfacet
facet normal 0.134454300340314 0.963165699389228 -0.232881679485649
  outer loop
    vertex 3.82785532275906 -0.759999025836976 0.222963401253108
    vertex 3.79989192150595 -0.747535800212046 0.239108078494048
    vertex 3.81281087859175 -0.747535800212045 0.249021142922522
  endloop
endfacet
facet normal 0.356228152363112 0.701716476830779 -0.61700525897934
  outer loop
    vertex 3.79989192150595 -0.727709671355094 0.271397432975927
    vertex 3.82785532275906 -0.747535800212044 0.255252755734987
    vertex 3.81281087859175 -0.747535800212045 0.249021142922522
  endloop
endfacet
facet normal 0.131496882562056 0.861318766179912 -0.490753046758524
  outer loop
    vertex 3.82785532275906 -0.747535800212044 0.255252755734987
    vertex 3.79989192150595 -0.727709671355094 0.271397432975927
    vertex 3.82116797848573 -0.727709671355094 0.280210264330773
  endloop
endfacet
facet normal 0.224833376435822 0.495357065865095 -0.839089584095758
  outer loop
    vertex 3.81603659874689 -0.701871757183498 0.299360834229036
    vertex 3.79989192150595 -0.727709671355094 0.271397432975927
    vertex 3.78997885707748 -0.701871757183498 0.28856736422475
  endloop
endfacet
facet normal 0.356228152363112 0.701716476830779 -0.61700525897934
  outer loop
    vertex 3.79989192150595 -0.727709671355094 0.271397432975927
    vertex 3.81603659874689 -0.701871757183498 0.299360834229036
    vertex 3.82116797848573 -0.727709671355094 0.280210264330773
  endloop
endfacet
facet normal 0.250184277460495 0.256147077833381 -0.933700434737496
  outer loop
    vertex 3.81281087859175 -0.671782868848878 0.311399385739023
    vertex 3.78997885707748 -0.701871757183498 0.28856736422475
    vertex 3.78374724426501 -0.671782868848878 0.299360834229036
  endloop
endfacet
facet normal 0.434344729822266 0.495357065865094 -0.752307140051952
  outer loop
    vertex 3.78997885707748 -0.701871757183498 0.28856736422475
    vertex 3.81281087859175 -0.671782868848878 0.311399385739023
    vertex 3.81603659874689 -0.701871757183498 0.299360834229036
  endloop
endfacet
facet normal 0.256604812292566 0.130526192220046 -0.957662196942551
  outer loop
    vertex 3.81171064551812 -0.639493514366997 0.315505511469975
    vertex 3.78374724426501 -0.671782868848878 0.299360834229036
    vertex 3.7816217571835 -0.639493514366999 0.303042285845046
  endloop
endfacet
facet normal 0.483318909861132 0.256147077833381 -0.837132908138288
  outer loop
    vertex 3.78374724426501 -0.671782868848878 0.299360834229036
    vertex 3.81171064551812 -0.639493514366997 0.315505511469975
    vertex 3.81281087859175 -0.671782868848878 0.311399385739023
  endloop
endfacet
facet normal 0.129428307995566 0.129428307995561 -0.98310560276036
  outer loop
    vertex 3.844 -0.639493514366998 0.319756485632999
    vertex 3.81281087859175 -0.671782868848878 0.311399385739023
    vertex 3.81171064551812 -0.639493514366997 0.315505511469975
  endloop
endfacet
facet normal 0.250184277460495 0.256147077833381 -0.933700434737496
  outer loop
    vertex 3.81281087859175 -0.671782868848878 0.311399385739023
    vertex 3.844 -0.639493514366998 0.319756485632999
    vertex 3.844 -0.671782868848877 0.315505511469975
  endloop
endfacet
facet normal 0.933700434737493 0.256147077833386 -0.250184277460505
  outer loop
    vertex 3.72760061426098 -0.671782868848879 0.226189121408249
    vertex 3.75043263577525 -0.701871757183499 0.249021142922522
    vertex 3.73963916577096 -0.701871757183499 0.222963401253108
  endloop
endfacet
facet normal 0.75230714005195 0.495357065865093 -0.434344729822271
  outer loop
    vertex 3.75043263577525 -0.701871757183499 0.249021142922522
    vertex 3.72760061426098 -0.671782868848879 0.226189121408249
    vertex 3.73963916577096 -0.671782868848879 0.255252755734987
  endloop
endfacet
facet normal 0.957662196942549 0.130526192220044 -0.256604812292575
  outer loop
    vertex 3.72349448853002 -0.639493514367 0.227289354481878
    vertex 3.73963916577096 -0.671782868848879 0.255252755734987
    vertex 3.72760061426098 -0.671782868848879 0.226189121408249
  endloop
endfacet
facet normal 0.837132908138286 0.256147077833384 -0.483318909861133
  outer loop
    vertex 3.73963916577096 -0.671782868848879 0.255252755734987
    vertex 3.72349448853002 -0.639493514367 0.227289354481878
    vertex 3.73595771415495 -0.639493514366999 0.257378242816499
  endloop
endfacet
facet normal -0.871033875689583 5.81805023637134e-016 0.491222950808678
  outer loop
    vertex 0.318972371298272 -0.3125 0.160614393443396
    vertex 0.317211705662699 0.0 0.157664039954571
    vertex 0.317211705662699 -0.312500000000001 0.157664039954571
  endloop
endfacet
facet normal -0.845881509467144 4.8775767899387e-016 0.533370857791824
  outer loop
    vertex 0.317211705662699 0.0 0.157664039954571
    vertex 0.318972371298272 -0.3125 0.160614393443396
    vertex 0.318972371298272 -2.22044604925031e-016 0.160614393443396
  endloop
endfacet
facet normal -0.43434472982227 0.495357065865098 0.752307140051947
  outer loop
    vertex 3.89802114292252 -0.701871757183499 0.10143263577525
    vertex 3.87518912140825 -0.671782868848879 0.0786006142609764
    vertex 3.87196340125311 -0.7018717571835 0.0906391657709634
  endloop
endfacet
facet normal -0.250184277460499 0.256147077833386 0.933700434737494
  outer loop
    vertex 3.87518912140825 -0.671782868848879 0.0786006142609764
    vertex 3.89802114292252 -0.701871757183499 0.10143263577525
    vertex 3.90425275573499 -0.671782868848878 0.0906391657709634
  endloop
endfacet
facet normal 0.933700434737493 0.256147077833386 0.250184277460503
  outer loop
    vertex 3.72760061426098 -0.671782868848879 0.16381087859175
    vertex 3.719243514367 -0.639493514366999 0.194999999999999
    vertex 3.72349448853002 -0.671782868848879 0.194999999999999
  endloop
endfacet
facet normal 0.991444861373811 0.13052619222005 2.17081186418314e-015
  outer loop
    vertex 3.719243514367 -0.639493514366999 0.194999999999999
    vertex 3.72760061426098 -0.671782868848879 0.16381087859175
    vertex 3.72349448853002 -0.639493514366999 0.16271064551812
  endloop
endfacet
facet normal 0.839089584095756 0.495357065865095 0.224833376435831
  outer loop
    vertex 3.73963916577096 -0.7018717571835 0.167036598746891
    vertex 3.72349448853002 -0.671782868848879 0.194999999999999
    vertex 3.73595771415495 -0.7018717571835 0.195
  endloop
endfacet
facet normal 0.966637819722266 0.256147077833387 1.67469993001073e-015
  outer loop
    vertex 3.72349448853002 -0.671782868848879 0.194999999999999
    vertex 3.73963916577096 -0.7018717571835 0.167036598746891
    vertex 3.72760061426098 -0.671782868848879 0.16381087859175
  endloop
endfacet
facet normal -0.683516157276999 0.25614707783339 0.683516157276988
  outer loop
    vertex 3.92921026433077 -0.67178286884888 0.109789735669226
    vertex 3.9063782428165 -0.639493514366999 0.0869577141549528
    vertex 3.90425275573499 -0.671782868848878 0.0906391657709634
  endloop
endfacet
facet normal -0.495722430686903 0.130526192220055 0.858616436401262
  outer loop
    vertex 3.9063782428165 -0.639493514366999 0.0869577141549528
    vertex 3.92921026433077 -0.67178286884888 0.109789735669226
    vertex 3.9322161569881 -0.639493514366999 0.106783843011903
  endloop
endfacet
facet normal -0.134454300340372 0.963165699389227 0.232881679485619
  outer loop
    vertex 3.86014467724094 -0.759999025836975 0.167036598746891
    vertex 3.88810807849405 -0.747535800212046 0.150891921505951
    vertex 3.87518912140825 -0.747535800212045 0.140978857077476
  endloop
endfacet
facet normal -0.359256164196452 0.86131876617992 0.359256164196457
  outer loop
    vertex 3.88810807849405 -0.747535800212046 0.150891921505951
    vertex 3.86014467724094 -0.759999025836975 0.167036598746891
    vertex 3.86683202151427 -0.759999025836975 0.172167978485726
  endloop
endfacet
facet normal -0.503782684371044 0.701716476830778 0.503782684371055
  outer loop
    vertex 3.9063782428165 -0.727709671355096 0.1326217571835
    vertex 3.89802114292252 -0.701871757183499 0.10143263577525
    vertex 3.88810807849405 -0.727709671355095 0.118602567024072
  endloop
endfacet
facet normal -0.43434472982227 0.495357065865098 0.752307140051947
  outer loop
    vertex 3.89802114292252 -0.701871757183499 0.10143263577525
    vertex 3.9063782428165 -0.727709671355096 0.1326217571835
    vertex 3.92039743297593 -0.701871757183499 0.118602567024072
  endloop
endfacet
facet normal -0.356228152363134 0.701716476830776 0.617005258979331
  outer loop
    vertex 3.88810807849405 -0.727709671355095 0.118602567024072
    vertex 3.87196340125311 -0.7018717571835 0.0906391657709634
    vertex 3.86683202151427 -0.727709671355095 0.109789735669226
  endloop
endfacet
facet normal -0.224833376435827 0.495357065865099 0.839089584095754
  outer loop
    vertex 3.87196340125311 -0.7018717571835 0.0906391657709634
    vertex 3.88810807849405 -0.727709671355095 0.118602567024072
    vertex 3.89802114292252 -0.701871757183499 0.10143263577525
  endloop
endfacet
facet normal -0.614256207659929 0.495357065865096 0.614256207659934
  outer loop
    vertex 3.92039743297593 -0.701871757183499 0.118602567024072
    vertex 3.90425275573499 -0.671782868848878 0.0906391657709634
    vertex 3.89802114292252 -0.701871757183499 0.10143263577525
  endloop
endfacet
facet normal -0.483318909861132 0.256147077833387 0.837132908138286
  outer loop
    vertex 3.90425275573499 -0.671782868848878 0.0906391657709634
    vertex 3.92039743297593 -0.701871757183499 0.118602567024072
    vertex 3.92921026433077 -0.67178286884888 0.109789735669226
  endloop
endfacet
facet normal -0.0739836242588476 0.991394557242138 0.107996551853244
  outer loop
    vertex 3.85737468854667 -0.760728377696755 0.171834359901762
    vertex 3.86683202151427 -0.759999025836975 0.172167978485726
    vertex 3.86014467724094 -0.759999025836975 0.167036598746891
  endloop
endfacet
facet normal -0.190147095060723 0.963165699389223 0.190147095060738
  outer loop
    vertex 3.86683202151427 -0.759999025836975 0.172167978485726
    vertex 3.85737468854667 -0.760728377696755 0.171834359901762
    vertex 3.8585137336407 -0.761547764165251 0.180486266359304
  endloop
endfacet
facet normal -0.131496882562062 0.86131876617992 0.49075304675851
  outer loop
    vertex 3.86014467724094 -0.747535800212046 0.134747244265012
    vertex 3.88810807849405 -0.727709671355095 0.118602567024072
    vertex 3.86683202151427 -0.727709671355095 0.109789735669226
  endloop
endfacet
facet normal -0.356228152363134 0.701716476830776 0.617005258979331
  outer loop
    vertex 3.88810807849405 -0.727709671355095 0.118602567024072
    vertex 3.86014467724094 -0.747535800212046 0.134747244265012
    vertex 3.87518912140825 -0.747535800212045 0.140978857077476
  endloop
endfacet
facet normal 0.614256207659933 0.495357065865093 0.614256207659934
  outer loop
    vertex 3.76760256702407 -0.701871757183499 0.118602567024072
    vertex 3.78374724426501 -0.671782868848878 0.0906391657709634
    vertex 3.75878973566923 -0.67178286884888 0.109789735669226
  endloop
endfacet
facet normal 0.483318909861134 0.25614707783338 0.837132908138287
  outer loop
    vertex 3.78374724426501 -0.671782868848878 0.0906391657709634
    vertex 3.76760256702407 -0.701871757183499 0.118602567024072
    vertex 3.78997885707748 -0.7018717571835 0.10143263577525
  endloop
endfacet
facet normal -0.0146794495079409 -0.553161265479353 0.832944852997739
  outer loop
    vertex 3.39438319722594 -0.124999999999999 0.0905298096668904
    vertex 3.39826590184804 1.11022302462516e-015 0.173742440858878
    vertex 3.39292066925848 1.11022302462516e-015 0.173516923196307
  endloop
endfacet
facet normal -0.0555324342477186 -0.553161265479353 0.831221247995865
  outer loop
    vertex 3.39826590184804 1.11022302462516e-015 0.173742440858878
    vertex 3.39438319722594 -0.124999999999999 0.0905298096668904
    vertex 3.40379865279655 -0.124999999999999 0.0909270517881161
  endloop
endfacet
facet normal -0.483318909861132 0.256147077833387 0.837132908138286
  outer loop
    vertex 3.90425275573499 -0.671782868848878 0.0906391657709634
    vertex 3.87628935448188 -0.639493514367 0.0744944885300239
    vertex 3.87518912140825 -0.671782868848879 0.0786006142609764
  endloop
endfacet
facet normal -0.25660481229257 0.130526192220053 0.957662196942549
  outer loop
    vertex 3.87628935448188 -0.639493514367 0.0744944885300239
    vertex 3.90425275573499 -0.671782868848878 0.0906391657709634
    vertex 3.9063782428165 -0.639493514366999 0.0869577141549528
  endloop
endfacet
facet normal 0.268908600680715 0.963165699389228 -1.19160543043345e-015
  outer loop
    vertex 3.81171064551812 -0.759999025836976 0.195
    vertex 3.82697491718325 -0.761929537482635 0.190438142808178
    vertex 3.81281087859175 -0.759999025836975 0.186642900106022
  endloop
endfacet
facet normal 0.127199167877039 0.991435549730829 0.029595986574486
  outer loop
    vertex 3.82697491718325 -0.761929537482635 0.190438142808178
    vertex 3.81171064551812 -0.759999025836976 0.195
    vertex 3.82757549707619 -0.762087673168448 0.194999999999999
  endloop
endfacet
facet normal -0.0146794495079409 -0.553161265479353 0.832944852997739
  outer loop
    vertex 3.39438319722594 -0.124999999999999 0.0905298096668904
    vertex 3.38757080960844 1.33226762955019e-015 0.173553955311547
    vertex 3.38495959123688 -0.124999999999999 0.0905950405487802
  endloop
endfacet
facet normal 0.0262088993114802 -0.553161265479353 0.832661820891388
  outer loop
    vertex 3.38757080960844 1.33226762955019e-015 0.173553955311547
    vertex 3.39438319722594 -0.124999999999999 0.0905298096668904
    vertex 3.39292066925848 1.11022302462516e-015 0.173516923196307
  endloop
endfacet
facet normal -0.136334844443775 0.923188101758921 0.359355727603236
  outer loop
    vertex 3.8550132975021 -0.75574805167395 0.153897814163273
    vertex 3.87518912140825 -0.747535800212045 0.140978857077476
    vertex 3.86014467724094 -0.747535800212046 0.134747244265012
  endloop
endfacet
facet normal -0.254032469886392 0.861318766179914 0.439997144615428
  outer loop
    vertex 3.87518912140825 -0.747535800212045 0.140978857077476
    vertex 3.8550132975021 -0.75574805167395 0.153897814163273
    vertex 3.86014467724094 -0.759999025836975 0.167036598746891
  endloop
endfacet
facet normal -0.134454300340372 0.963165699389227 0.232881679485619
  outer loop
    vertex 3.86014467724094 -0.759999025836975 0.167036598746891
    vertex 3.8550132975021 -0.75574805167395 0.153897814163273
    vertex 3.85654685390618 -0.759999025836975 0.165546331526611
  endloop
endfacet
facet normal 0.0262088993114807 -0.553161265479353 0.832661820891387
  outer loop
    vertex 3.38495959123688 -0.124999999999999 0.0905950405487802
    vertex 3.38222921117841 8.88178419700125e-016 0.173853447990988
    vertex 3.3755505371216 -0.124999999999999 0.0911225872868772
  endloop
endfacet
facet normal 0.0670341085968277 -0.553161265479354 0.830372833525946
  outer loop
    vertex 3.38222921117841 8.88178419700125e-016 0.173853447990988
    vertex 3.38495959123688 -0.124999999999999 0.0905950405487802
    vertex 3.38757080960844 1.33226762955019e-015 0.173553955311547
  endloop
endfacet
facet normal -0.114031594573835 0.486590854534241 0.86615595346484
  outer loop
    vertex 3.84623927816766 -0.701871757183499 0.0872525207185183
    vertex 3.87518912140825 -0.671782868848879 0.0786006142609764
    vertex 3.844 -0.671782868848879 0.0744944885300237
  endloop
endfacet
facet normal -0.250184277460499 0.256147077833386 0.933700434737494
  outer loop
    vertex 3.87518912140825 -0.671782868848879 0.0786006142609764
    vertex 3.84623927816766 -0.701871757183499 0.0872525207185183
    vertex 3.87196340125311 -0.7018717571835 0.0906391657709634
  endloop
endfacet
facet normal 0.943038292097813 -5.51570105582828e-017 0.332684204069324
  outer loop
    vertex 4.17598731955315 -0.312499999999999 0.171712105715147
    vertex 4.17492415190523 8.88178419700125e-016 0.174979245709348
    vertex 4.17492415190523 -0.312499999999999 0.174979245709348
  endloop
endfacet
facet normal 0.958226401353958 -1.01687334332344e-016 0.286010775580649
  outer loop
    vertex 4.17492415190523 8.88178419700125e-016 0.174979245709348
    vertex 4.17598731955315 -0.312499999999999 0.171712105715147
    vertex 4.17598731955315 4.44089209850063e-016 0.171712105715147
  endloop
endfacet
facet normal 0.0226174391891191 -1.99927511257579e-017 0.999744193003654
  outer loop
    vertex 0.256416779256763 -0.3125 0.125017906489744
    vertex 0.252984827742373 0.0 0.125179887946049
    vertex 0.252984827742373 -0.3125 0.125179887946049
  endloop
endfacet
facet normal 0.071645317966101 -5.93544784885049e-017 0.997430172199306
  outer loop
    vertex 0.252984827742373 0.0 0.125179887946049
    vertex 0.256416779256763 -0.3125 0.125017906489744
    vertex 0.256416779256764 -4.44089209850063e-016 0.125017906489744
  endloop
endfacet
facet normal -0.577380422943132 1.7156088741963e-016 0.816475258168923
  outer loop
    vertex 0.298416629606019 -0.3125 0.137846731928176
    vertex 0.295563568061124 -2.22044604925031e-016 0.135932425523666
    vertex 0.295563568061123 -0.3125 0.135932425523666
  endloop
endfacet
facet normal -0.5366224008732 2.81407809032629e-016 0.843822492519062
  outer loop
    vertex 0.295563568061124 -2.22044604925031e-016 0.135932425523666
    vertex 0.298416629606019 -0.3125 0.137846731928176
    vertex 0.29841662960602 0.0 0.137846731928176
  endloop
endfacet
facet normal 0.510269414452768 -7.25120124928276e-016 -0.860014607244568
  outer loop
    vertex 4.20628114098831 6.66133814775094e-016 0.25520102250712
    vertex 4.20927809008484 -0.312499999999998 0.256881149080349
    vertex 4.20628114098831 -0.312499999999999 0.25520102250712
  endloop
endfacet
facet normal 0.467455855930759 -3.46126814318897e-016 -0.884016415433583
  outer loop
    vertex 4.20927809008484 -0.312499999999998 0.256881149080349
    vertex 4.20628114098831 6.66133814775094e-016 0.25520102250712
    vertex 4.20927809008484 8.88178419700125e-016 0.256881149080349
  endloop
endfacet
facet normal -0.268566880552076 4.02198349789791e-017 0.963261039734571
  outer loop
    vertex 0.276799681638645 -0.3125 0.12757172721858
    vertex 0.273468488069483 0.0 0.126730490870051
    vertex 0.273468488069483 -0.3125 0.126730490870051
  endloop
endfacet
facet normal -0.220978400992605 -1.50253616848004e-016 0.975278701856424
  outer loop
    vertex 0.273468488069483 0.0 0.126730490870051
    vertex 0.276799681638645 -0.3125 0.12757172721858
    vertex 0.276799681638645 0.0 0.12757172721858
  endloop
endfacet
facet normal 0.619649281506403 -0.553161265479354 -0.556818985220402
  outer loop
    vertex 1.0279246623054 6.66133814775094e-016 0.35535457856379
    vertex 0.972657322570984 -0.125 0.417683853738112
    vertex 0.966188395987504 -0.125 0.410831000772916
  endloop
endfacet
facet normal 0.59158107418328 -0.553161265479353 -0.586553021509084
  outer loop
    vertex 0.972657322570984 -0.125 0.417683853738112
    vertex 1.0279246623054 6.66133814775094e-016 0.35535457856379
    vertex 1.03159712583457 4.44089209850063e-016 0.35924500029924
  endloop
endfacet
facet normal 0.591581074183281 -0.553161265479353 -0.586553021509084
  outer loop
    vertex 1.03159712583457 4.44089209850063e-016 0.35924500029924
    vertex 0.979454710606599 -0.125 0.424211036958947
    vertex 0.972657322570984 -0.125 0.417683853738112
  endloop
endfacet
facet normal 0.562087696236063 -0.553161265479352 -0.61487400019298
  outer loop
    vertex 0.979454710606599 -0.125 0.424211036958947
    vertex 1.03159712583457 4.44089209850063e-016 0.35924500029924
    vertex 1.03545605966729 4.44089209850063e-016 0.362950536606901
  endloop
endfacet
facet normal -0.183899355391463 0.95328012995743 -0.239662305995228
  outer loop
    vertex 3.8637425005757 -0.759999025836975 0.220202694310364
    vertex 3.88810807849405 -0.747535800212046 0.239108078494048
    vertex 3.86683202151427 -0.759999025836975 0.217832021514273
  endloop
endfacet
facet normal -0.359256164196441 0.861318766179921 -0.359256164196466
  outer loop
    vertex 3.88810807849405 -0.747535800212046 0.239108078494048
    vertex 3.8637425005757 -0.759999025836975 0.220202694310364
    vertex 3.86527605697978 -0.755748051673951 0.231851211673701
  endloop
endfacet
facet normal -0.359256164196441 0.861318766179921 -0.359256164196466
  outer loop
    vertex 3.88810807849405 -0.747535800212046 0.239108078494048
    vertex 3.86527605697978 -0.755748051673951 0.231851211673701
    vertex 3.87518912140825 -0.747535800212045 0.249021142922522
  endloop
endfacet
facet normal -0.406999798981295 3.80600871699606e-016 0.913428247663266
  outer loop
    vertex 0.286489985928687 -0.3125 0.13106002266357
    vertex 0.283318282508476 0.0 0.129739103815371
    vertex 0.283318282508476 -0.3125 0.129739103815371
  endloop
endfacet
facet normal -0.361689750121082 2.61014868928468e-016 0.932298516923281
  outer loop
    vertex 0.283318282508476 0.0 0.129739103815371
    vertex 0.286489985928687 -0.3125 0.13106002266357
    vertex 0.286489985928688 -2.22044604925031e-016 0.13106002266357
  endloop
endfacet
facet normal -0.690932953701067 4.49580364571598e-016 0.722918842948446
  outer loop
    vertex 0.306365306759075 -0.3125 0.144395680993609
    vertex 0.303824012384368 0.0 0.14208346299126
    vertex 0.303824012384367 -0.3125 0.14208346299126
  endloop
endfacet
facet normal -0.654628748348093 4.79796660075877e-016 0.755950528696296
  outer loop
    vertex 0.303824012384368 0.0 0.14208346299126
    vertex 0.306365306759075 -0.3125 0.144395680993609
    vertex 0.306365306759075 -2.22044604925031e-016 0.14439568099361
  endloop
endfacet
facet normal -0.36168975012108 2.61014868928464e-016 0.932298516923282
  outer loop
    vertex 0.283318282508476 -0.3125 0.129739103815371
    vertex 0.280085585128082 -2.22044604925031e-016 0.128575404182259
    vertex 0.280085585128081 -0.3125 0.128575404182259
  endloop
endfacet
facet normal -0.315508358972634 1.93913726702357e-016 0.948922797396287
  outer loop
    vertex 0.280085585128082 -2.22044604925031e-016 0.128575404182259
    vertex 0.283318282508476 -0.3125 0.129739103815371
    vertex 0.283318282508476 0.0 0.129739103815371
  endloop
endfacet
facet normal -0.758464360354051 9.81827856997439e-016 0.651714518844502
  outer loop
    vertex 0.311092505224778 0.0 0.149379983680879
    vertex 0.3087900848735 -0.3125 0.14682980923286
    vertex 0.311092505224778 -0.3125 0.149379983680879
  endloop
endfacet
facet normal -0.725572641050043 7.34034030779574e-016 0.68814558238767
  outer loop
    vertex 0.3087900848735 -0.3125 0.14682980923286
    vertex 0.311092505224778 0.0 0.149379983680879
    vertex 0.3087900848735 0.0 0.14682980923286
  endloop
endfacet
facet normal -0.124320300212024 -5.97959242547955e-017 0.99224213927609
  outer loop
    vertex 0.26670242101484 -0.3125 0.125543050250674
    vertex 0.263283847577532 0.0 0.125199706628286
    vertex 0.263283847577531 -0.3125 0.125199706628285
  endloop
endfacet
facet normal -0.0754835368219023 -2.89468672054506e-016 0.997147048167349
  outer loop
    vertex 0.263283847577532 0.0 0.125199706628286
    vertex 0.26670242101484 -0.3125 0.125543050250674
    vertex 0.266702421014841 0.0 0.125543050250674
  endloop
endfacet
facet normal -0.725572641050043 7.34034030779574e-016 0.68814558238767
  outer loop
    vertex 0.3087900848735 -0.3125 0.14682980923286
    vertex 0.306365306759075 -2.22044604925031e-016 0.14439568099361
    vertex 0.306365306759075 -0.3125 0.144395680993609
  endloop
endfacet
facet normal -0.690932953701067 4.49580364571598e-016 0.722918842948446
  outer loop
    vertex 0.306365306759075 -2.22044604925031e-016 0.14439568099361
    vertex 0.3087900848735 -0.3125 0.14682980923286
    vertex 0.3087900848735 0.0 0.14682980923286
  endloop
endfacet
facet normal -0.220978400992604 -1.50253616848005e-016 0.975278701856424
  outer loop
    vertex 0.273468488069483 -0.3125 0.126730490870051
    vertex 0.270100029557684 0.0 0.126053721748718
    vertex 0.270100029557683 -0.3125 0.126053721748718
  endloop
endfacet
facet normal -0.17285756510978 -1.41590954753578e-017 0.984946832161167
  outer loop
    vertex 0.270100029557684 0.0 0.126053721748718
    vertex 0.273468488069483 -0.3125 0.126730490870051
    vertex 0.273468488069483 0.0 0.126730490870051
  endloop
endfacet
facet normal -0.359256164196441 0.861318766179921 -0.359256164196466
  outer loop
    vertex 3.88810807849405 -0.747535800212046 0.239108078494048
    vertex 3.92039743297593 -0.727709671355096 0.239108078494048
    vertex 3.89802114292252 -0.747535800212046 0.226189121408249
  endloop
endfacet
facet normal -0.617005258979333 0.701716476830776 -0.35622815236313
  outer loop
    vertex 3.92039743297593 -0.727709671355096 0.239108078494048
    vertex 3.88810807849405 -0.747535800212046 0.239108078494048
    vertex 3.9063782428165 -0.727709671355096 0.257378242816499
  endloop
endfacet
facet normal 0.617005258979334 0.701716476830774 -0.356228152363132
  outer loop
    vertex 3.76760256702407 -0.727709671355096 0.239108078494048
    vertex 3.76760256702407 -0.701871757183499 0.271397432975927
    vertex 3.7816217571835 -0.727709671355096 0.257378242816499
  endloop
endfacet
facet normal 0.614256207659929 0.495357065865094 -0.614256207659936
  outer loop
    vertex 3.76760256702407 -0.701871757183499 0.271397432975927
    vertex 3.76760256702407 -0.727709671355096 0.239108078494048
    vertex 3.75043263577525 -0.701871757183499 0.249021142922522
  endloop
endfacet
facet normal -0.997430172199312 5.75133564565734e-016 0.071645317966008
  outer loop
    vertex 0.327820112053952 0.0 0.189984827742374
    vertex 0.32748992783219 -0.3125 0.18656495821723
    vertex 0.327820112053951 -0.3125 0.189984827742374
  endloop
endfacet
facet normal -0.99271325474555 -1.78399535150532e-016 0.120500596896848
  outer loop
    vertex 0.32748992783219 -0.3125 0.18656495821723
    vertex 0.327820112053952 0.0 0.189984827742374
    vertex 0.327489927832189 -2.22044604925031e-016 0.18656495821723
  endloop
endfacet
facet normal -0.494571608436966 3.74366044619826e-016 0.869136884574617
  outer loop
    vertex 0.292620012590588 -0.3125 0.134160418079778
    vertex 0.289593054477368 2.22044604925031e-016 0.132534978517654
    vertex 0.289593054477368 -0.3125 0.132534978517654
  endloop
endfacet
facet normal -0.451329349676723 3.77940329933295e-016 0.892357449747794
  outer loop
    vertex 0.289593054477368 2.22044604925031e-016 0.132534978517654
    vertex 0.292620012590588 -0.3125 0.134160418079778
    vertex 0.292620012590589 0.0 0.134160418079778
  endloop
endfacet
facet normal -0.17285756510978 -1.41590954753609e-017 0.984946832161167
  outer loop
    vertex 0.270100029557683 -0.3125 0.126053721748718
    vertex 0.266702421014841 0.0 0.125543050250674
    vertex 0.26670242101484 -0.3125 0.125543050250674
  endloop
endfacet
facet normal -0.124320300212024 -5.97959242547994e-017 0.99224213927609
  outer loop
    vertex 0.266702421014841 0.0 0.125543050250674
    vertex 0.270100029557683 -0.3125 0.126053721748718
    vertex 0.270100029557684 0.0 0.126053721748718
  endloop
endfacet
facet normal -0.616747485001605 3.78830328206874e-016 0.787161063407099
  outer loop
    vertex 0.301172323950115 -0.3125 0.139898725561506
    vertex 0.29841662960602 0.0 0.137846731928176
    vertex 0.298416629606019 -0.3125 0.137846731928176
  endloop
endfacet
facet normal -0.577380422943132 1.7156088741963e-016 0.816475258168923
  outer loop
    vertex 0.29841662960602 0.0 0.137846731928176
    vertex 0.301172323950115 -0.3125 0.139898725561506
    vertex 0.301172323950116 0.0 0.139898725561506
  endloop
endfacet
facet normal -0.654628748348093 4.79796660075877e-016 0.755950528696296
  outer loop
    vertex 0.303824012384367 -0.3125 0.14208346299126
    vertex 0.301172323950116 0.0 0.139898725561506
    vertex 0.301172323950115 -0.3125 0.139898725561506
  endloop
endfacet
facet normal -0.616747485001605 3.78830328206874e-016 0.787161063407099
  outer loop
    vertex 0.301172323950116 0.0 0.139898725561506
    vertex 0.303824012384367 -0.3125 0.14208346299126
    vertex 0.303824012384368 0.0 0.14208346299126
  endloop
endfacet
facet normal -0.379464598687185 0.129428307995551 -0.916108580591069
  outer loop
    vertex 3.87628935448188 -0.639493514366997 0.315505511469975
    vertex 3.90425275573499 -0.671782868848878 0.299360834229036
    vertex 3.87518912140825 -0.671782868848878 0.311399385739023
  endloop
endfacet
facet normal -0.483318909861134 0.256147077833381 -0.837132908138287
  outer loop
    vertex 3.90425275573499 -0.671782868848878 0.299360834229036
    vertex 3.87628935448188 -0.639493514366997 0.315505511469975
    vertex 3.9063782428165 -0.639493514366998 0.303042285845045
  endloop
endfacet
facet normal -0.315508358972635 1.93913726702356e-016 0.948922797396287
  outer loop
    vertex 0.280085585128081 -0.3125 0.128575404182259
    vertex 0.276799681638645 0.0 0.12757172721858
    vertex 0.276799681638645 -0.3125 0.12757172721858
  endloop
endfacet
facet normal -0.268566880552075 4.02198349789724e-017 0.963261039734571
  outer loop
    vertex 0.276799681638645 0.0 0.12757172721858
    vertex 0.280085585128081 -0.3125 0.128575404182259
    vertex 0.280085585128082 -2.22044604925031e-016 0.128575404182259
  endloop
endfacet
facet normal -0.894087845011945 6.34291889046901e-016 0.447891644710968
  outer loop
    vertex 0.320586149150839 -0.3125 0.163647584870239
    vertex 0.318972371298272 -2.22044604925031e-016 0.160614393443396
    vertex 0.318972371298272 -0.3125 0.160614393443396
  endloop
endfacet
facet normal -0.871033875689583 5.81805023637141e-016 0.491222950808677
  outer loop
    vertex 0.318972371298272 -2.22044604925031e-016 0.160614393443396
    vertex 0.320586149150839 -0.3125 0.163647584870239
    vertex 0.32058614915084 2.22044604925031e-016 0.163647584870239
  endloop
endfacet
facet normal -0.845881509467144 4.8775767899387e-016 0.533370857791824
  outer loop
    vertex 0.317211705662699 0.0 0.157664039954571
    vertex 0.315308393841851 -0.3125 0.15480363206374
    vertex 0.317211705662699 -0.312500000000001 0.157664039954571
  endloop
endfacet
facet normal -0.818691340597861 6.86034710428666e-016 0.57423382766089
  outer loop
    vertex 0.315308393841851 -0.3125 0.15480363206374
    vertex 0.317211705662699 0.0 0.157664039954571
    vertex 0.315308393841851 -2.22044604925031e-016 0.15480363206374
  endloop
endfacet
facet normal 0.992713254745557 -6.13920210517148e-016 -0.120500596896789
  outer loop
    vertex 0.18851007216781 -2.22044604925031e-016 0.203435041782771
    vertex 0.189007663712319 -0.312499999999999 0.206834590553438
    vertex 0.188510072167809 -0.3125 0.203435041782771
  endloop
endfacet
facet normal 0.985604804109709 -1.08745893859188e-016 -0.169065579334953
  outer loop
    vertex 0.189007663712319 -0.312499999999999 0.206834590553438
    vertex 0.18851007216781 -2.22044604925031e-016 0.203435041782771
    vertex 0.189007663712319 -2.22044604925031e-016 0.206834590553438
  endloop
endfacet
facet normal 0.688179944837572 0.701716476830777 -0.184397260466523
  outer loop
    vertex 3.75878973566923 -0.727709671355096 0.217832021514273
    vertex 3.78997885707748 -0.747535800212046 0.226189121408249
    vertex 3.78374724426501 -0.747535800212045 0.211144677240939
  endloop
endfacet
facet normal 0.439997144615422 0.861318766179922 -0.254032469886374
  outer loop
    vertex 3.78997885707748 -0.747535800212046 0.226189121408249
    vertex 3.75878973566923 -0.727709671355096 0.217832021514273
    vertex 3.76760256702407 -0.727709671355096 0.239108078494048
  endloop
endfacet
facet normal -0.359256164196452 0.86131876617992 0.359256164196457
  outer loop
    vertex 3.88810807849405 -0.747535800212046 0.150891921505951
    vertex 3.92039743297593 -0.727709671355096 0.150891921505951
    vertex 3.9063782428165 -0.727709671355096 0.1326217571835
  endloop
endfacet
facet normal -0.617005258979324 0.701716476830782 0.356228152363134
  outer loop
    vertex 3.92039743297593 -0.727709671355096 0.150891921505951
    vertex 3.88810807849405 -0.747535800212046 0.150891921505951
    vertex 3.89802114292252 -0.747535800212045 0.16381087859175
  endloop
endfacet
facet normal 0.950130047663879 -1.22625324510214e-015 -0.31185396025421
  outer loop
    vertex 0.191490896663525 -2.22044604925031e-016 0.216829777217787
    vertex 0.192642146190412 -0.3125 0.22006692931742
    vertex 0.191490896663525 -0.3125 0.216829777217787
  endloop
endfacet
facet normal 0.933683625851215 -1.37992662027677e-015 -0.358098990248964
  outer loop
    vertex 0.192642146190412 -0.3125 0.22006692931742
    vertex 0.191490896663525 -2.22044604925031e-016 0.216829777217787
    vertex 0.192642146190412 0.0 0.220066929317419
  endloop
endfacet
facet normal 0.871033875689657 -1.00006279738815e-015 -0.491222950808546
  outer loop
    vertex 0.197027628701727 0.0 0.229385606556604
    vertex 0.1987882943373 -0.3125 0.232335960045429
    vertex 0.197027628701727 -0.3125 0.229385606556604
  endloop
endfacet
facet normal 0.845881509467148 -1.65835596080285e-015 -0.533370857791818
  outer loop
    vertex 0.1987882943373 -0.3125 0.232335960045429
    vertex 0.197027628701727 0.0 0.229385606556604
    vertex 0.1987882943373 -2.22044604925031e-016 0.232335960045429
  endloop
endfacet
facet normal 0.894087845011999 -3.58132058896544e-016 -0.447891644710861
  outer loop
    vertex 0.195413850849161 -0.3125 0.226352415129761
    vertex 0.197027628701727 0.0 0.229385606556604
    vertex 0.197027628701727 -0.3125 0.229385606556604
  endloop
endfacet
facet normal 0.871033875689657 -1.00006279738815e-015 -0.491222950808546
  outer loop
    vertex 0.197027628701727 0.0 0.229385606556604
    vertex 0.195413850849161 -0.3125 0.226352415129761
    vertex 0.19541385084916 -2.22044604925031e-016 0.22635241512976
  endloop
endfacet
facet normal 0.948922797396297 -6.03176146989363e-016 0.315508358972605
  outer loop
    vertex 0.191575404182259 -0.3125 0.172914414871918
    vertex 0.19057172721858 -2.22044604925031e-016 0.176200318361355
    vertex 0.190571727218579 -0.312500000000001 0.176200318361355
  endloop
endfacet
facet normal 0.963261039734545 -5.0335176759955e-016 0.268566880552168
  outer loop
    vertex 0.19057172721858 -2.22044604925031e-016 0.176200318361355
    vertex 0.191575404182259 -0.3125 0.172914414871918
    vertex 0.191575404182259 0.0 0.172914414871918
  endloop
endfacet
facet normal 0.845881509467147 -1.65835596080285e-015 -0.533370857791818
  outer loop
    vertex 0.1987882943373 -2.22044604925031e-016 0.232335960045429
    vertex 0.200691606158148 -0.3125 0.235196367936261
    vertex 0.1987882943373 -0.3125 0.232335960045429
  endloop
endfacet
facet normal 0.818691340597881 -1.72564046301175e-015 -0.574233827660862
  outer loop
    vertex 0.200691606158148 -0.3125 0.235196367936261
    vertex 0.1987882943373 -2.22044604925031e-016 0.232335960045429
    vertex 0.200691606158148 -2.22044604925031e-016 0.23519636793626
  endloop
endfacet
facet normal 0.914987878402878 -8.23401513603081e-016 -0.403481328410375
  outer loop
    vertex 0.193950848511797 0.0 0.223243692988723
    vertex 0.195413850849161 -0.3125 0.226352415129761
    vertex 0.193950848511797 -0.3125 0.223243692988723
  endloop
endfacet
facet normal 0.894087845011999 -3.58132058896544e-016 -0.447891644710861
  outer loop
    vertex 0.195413850849161 -0.3125 0.226352415129761
    vertex 0.193950848511797 0.0 0.223243692988723
    vertex 0.19541385084916 -2.22044604925031e-016 0.22635241512976
  endloop
endfacet
facet normal 0.999649742479803 -2.29090971470946e-016 0.0264649269801402
  outer loop
    vertex 0.188024518026413 -2.22044604925031e-016 0.193147455111402
    vertex 0.188017906489743 -0.3125 0.196583220743237
    vertex 0.188024518026413 -0.3125 0.193147455111402
  endloop
endfacet
facet normal 0.999744193003654 -8.75662845552617e-016 -0.0226174391890932
  outer loop
    vertex 0.188017906489743 -0.3125 0.196583220743237
    vertex 0.188024518026413 -2.22044604925031e-016 0.193147455111402
    vertex 0.188017906489744 0.0 0.196583220743236
  endloop
endfacet
facet normal -0.957662196942549 0.130526192220049 -0.256604812292572
  outer loop
    vertex 3.96450551146998 -0.639493514367 0.227289354481878
    vertex 3.96450551146998 -0.671782868848879 0.194999999999999
    vertex 3.96039938573902 -0.671782868848879 0.226189121408249
  endloop
endfacet
facet normal -0.966637819722268 0.25614707783338 2.59601181562639e-015
  outer loop
    vertex 3.96450551146998 -0.671782868848879 0.194999999999999
    vertex 3.96450551146998 -0.639493514367 0.227289354481878
    vertex 3.968756485633 -0.639493514366999 0.194999999999999
  endloop
endfacet
facet normal 0.933683625851215 -1.37992662027677e-015 -0.358098990248964
  outer loop
    vertex 0.192642146190412 -0.3125 0.22006692931742
    vertex 0.193950848511797 0.0 0.223243692988723
    vertex 0.193950848511797 -0.3125 0.223243692988723
  endloop
endfacet
facet normal 0.914987878402878 -8.23401513603081e-016 -0.403481328410375
  outer loop
    vertex 0.193950848511797 0.0 0.223243692988723
    vertex 0.192642146190412 -0.3125 0.22006692931742
    vertex 0.192642146190412 0.0 0.220066929317419
  endloop
endfacet
facet normal 0.98494683216119 -8.491129450148e-016 0.172857565109648
  outer loop
    vertex 0.189053721748718 -2.22044604925031e-016 0.182899970442317
    vertex 0.188543050250674 -0.3125 0.186297578985159
    vertex 0.189053721748718 -0.3125 0.182899970442316
  endloop
endfacet
facet normal 0.992242139276105 -4.29697906299345e-016 0.124320300211911
  outer loop
    vertex 0.188543050250674 -0.3125 0.186297578985159
    vertex 0.189053721748718 -2.22044604925031e-016 0.182899970442317
    vertex 0.188543050250674 -2.22044604925031e-016 0.186297578985159
  endloop
endfacet
facet normal -0.839089584095765 0.495357065865083 -0.224833376435824
  outer loop
    vertex 3.94836083422904 -0.701871757183499 0.222963401253108
    vertex 3.96450551146998 -0.671782868848879 0.194999999999999
    vertex 3.95204228584505 -0.7018717571835 0.195
  endloop
endfacet
facet normal -0.966637819722268 0.25614707783338 2.59601181562639e-015
  outer loop
    vertex 3.96450551146998 -0.671782868848879 0.194999999999999
    vertex 3.94836083422904 -0.701871757183499 0.222963401253108
    vertex 3.96039938573902 -0.671782868848879 0.226189121408249
  endloop
endfacet
facet normal -0.752307140051955 0.495357065865086 0.43434472982227
  outer loop
    vertex 3.93756736422475 -0.701871757183499 0.140978857077476
    vertex 3.9063782428165 -0.727709671355096 0.1326217571835
    vertex 3.92039743297593 -0.727709671355096 0.150891921505951
  endloop
endfacet
facet normal -0.503782684371044 0.701716476830778 0.503782684371055
  outer loop
    vertex 3.9063782428165 -0.727709671355096 0.1326217571835
    vertex 3.93756736422475 -0.701871757183499 0.140978857077476
    vertex 3.92039743297593 -0.701871757183499 0.118602567024072
  endloop
endfacet
facet normal 0.976121945172045 -6.96764409845622e-016 -0.217223267983759
  outer loop
    vertex 0.189671463837959 -0.3125 0.210205628758874
    vertex 0.190499873392086 0.0 0.213540035272774
    vertex 0.190499873392086 -0.3125 0.213540035272774
  endloop
endfacet
facet normal 0.964287522970227 -1.13084987611116e-015 -0.264857646753769
  outer loop
    vertex 0.190499873392086 0.0 0.213540035272774
    vertex 0.189671463837959 -0.3125 0.210205628758874
    vertex 0.18967146383796 -2.22044604925031e-016 0.210205628758874
  endloop
endfacet
facet normal 0.966637819722266 0.256147077833387 1.67469993001073e-015
  outer loop
    vertex 3.72349448853002 -0.671782868848879 0.194999999999999
    vertex 3.73963916577096 -0.701871757183499 0.222963401253108
    vertex 3.73595771415495 -0.7018717571835 0.195
  endloop
endfacet
facet normal 0.839089584095756 0.495357065865095 -0.224833376435829
  outer loop
    vertex 3.73963916577096 -0.701871757183499 0.222963401253108
    vertex 3.72349448853002 -0.671782868848879 0.194999999999999
    vertex 3.72760061426098 -0.671782868848879 0.226189121408249
  endloop
endfacet
facet normal 0.611129799462808 3.9879170011039e-015 -0.791530396263181
  outer loop
    vertex 2.29116257391765 0.0 0.455845156781639
    vertex 2.28281814325956 -0.124999999999999 0.449069263712845
    vertex 2.28281814325955 -2.22044604925031e-016 0.449069263712845
  endloop
endfacet
facet normal 0.649232222559134 3.92364041511726e-015 -0.760590245264116
  outer loop
    vertex 2.28281814325956 -0.124999999999999 0.449069263712845
    vertex 2.29116257391765 0.0 0.455845156781639
    vertex 2.29116257391765 -0.124999999999999 0.455845156781639
  endloop
endfacet
facet normal -0.176075648460973 -1.83281566695357e-016 -0.984376638294026
  outer loop
    vertex 2.46356056701293 8.88178419700125e-016 0.498078483786406
    vertex 2.47409205395562 -0.124999999999999 0.495926732717396
    vertex 2.46356056701293 -0.124999999999999 0.498078483786407
  endloop
endfacet
facet normal -0.224164629934421 7.69885424558345e-015 -0.974551290946949
  outer loop
    vertex 2.47409205395562 -0.124999999999999 0.495926732717396
    vertex 2.46356056701293 8.88178419700125e-016 0.498078483786406
    vertex 2.47409205395563 4.44089209850063e-016 0.495926732717396
  endloop
endfacet
facet normal -0.224164629934423 7.6988542455836e-015 -0.974551290946948
  outer loop
    vertex 2.47409205395563 4.44089209850063e-016 0.495926732717396
    vertex 2.48450527384039 -0.124999999999999 0.493260817955294
    vertex 2.47409205395562 -0.124999999999999 0.495926732717396
  endloop
endfacet
facet normal -0.271713579180073 6.98168962136046e-015 -0.962378164179318
  outer loop
    vertex 2.48450527384039 -0.124999999999999 0.493260817955294
    vertex 2.47409205395563 4.44089209850063e-016 0.495926732717396
    vertex 2.48450527384039 6.66133814775094e-016 0.493260817955293
  endloop
endfacet
facet normal -0.271713579180074 6.98168962136027e-015 -0.962378164179318
  outer loop
    vertex 2.48450527384039 6.66133814775094e-016 0.493260817955293
    vertex 2.49477514030843 -0.124999999999999 0.490087161922266
    vertex 2.48450527384039 -0.124999999999999 0.493260817955294
  endloop
endfacet
facet normal -0.318607946613805 -1.45836454163629e-015 -0.947886584119922
  outer loop
    vertex 2.49477514030843 -0.124999999999999 0.490087161922266
    vertex 2.48450527384039 6.66133814775094e-016 0.493260817955293
    vertex 2.49477514030844 8.88178419700125e-016 0.490087161922264
  endloop
endfacet
facet normal -0.580045746544546 2.36157782847005e-015 -0.814583901090354
  outer loop
    vertex 2.55203001849331 8.88178419700125e-016 0.460893874338774
    vertex 2.54312363274472 -0.124999999999999 0.466912058681638
    vertex 2.54312363274471 6.66133814775094e-016 0.466912058681636
  endloop
endfacet
facet normal -0.539377318468808 -2.47180558947146e-015 -0.842064194893358
  outer loop
    vertex 2.54312363274472 -0.124999999999999 0.466912058681638
    vertex 2.55203001849331 8.88178419700125e-016 0.460893874338774
    vertex 2.55203001849331 -0.124999999999999 0.460893874338775
  endloop
endfacet
facet normal 0.571555111150933 6.11612532386007e-015 -0.820563681207769
  outer loop
    vertex 2.29982943065795 -4.44089209850063e-016 0.462203446184503
    vertex 2.29116257391765 -0.124999999999999 0.455845156781639
    vertex 2.29116257391765 0.0 0.455845156781639
  endloop
endfacet
facet normal 0.611129799462808 3.98791700110391e-015 -0.791530396263181
  outer loop
    vertex 2.29116257391765 -0.124999999999999 0.455845156781639
    vertex 2.29982943065795 -4.44089209850063e-016 0.462203446184503
    vertex 2.29982943065795 -0.124999999999999 0.462203446184503
  endloop
endfacet
facet normal 0.657095852275815 1.0471256730427e-015 0.753807031621436
  outer loop
    vertex 2.2810960083516 -0.124999999999999 0.117416260074906
    vertex 2.28936962219918 -6.66133814775094e-016 0.11055407647284
    vertex 2.28109600835159 -4.44089209850063e-016 0.117416260074906
  endloop
endfacet
facet normal 0.619316793611035 -2.09140936812699e-015 0.785141203320362
  outer loop
    vertex 2.28936962219918 -6.66133814775094e-016 0.11055407647284
    vertex 2.2810960083516 -0.124999999999999 0.117416260074906
    vertex 2.28936962219918 -0.125 0.11055407647284
  endloop
endfacet
facet normal 0.649232222559134 3.92364041511726e-015 -0.760590245264116
  outer loop
    vertex 2.28281814325955 -2.22044604925031e-016 0.449069263712845
    vertex 2.27481624114801 -0.124999999999999 0.441892090698023
    vertex 2.27481624114801 -4.44089209850063e-016 0.441892090698023
  endloop
endfacet
facet normal 0.685770588365222 2.99130199799731e-015 -0.727817765744432
  outer loop
    vertex 2.27481624114801 -0.124999999999999 0.441892090698023
    vertex 2.28281814325955 -2.22044604925031e-016 0.449069263712845
    vertex 2.28281814325956 -0.124999999999999 0.449069263712845
  endloop
endfacet
facet normal 0.785141203320375 -2.52265608631756e-015 -0.619316793611019
  outer loop
    vertex 2.25305407647284 0.0 0.418130377800818
    vertex 2.25991626007491 -0.124999999999999 0.426403991648406
    vertex 2.25305407647284 -0.125 0.418130377800819
  endloop
endfacet
facet normal 0.753807031621417 -1.16728061074917e-015 -0.657095852275837
  outer loop
    vertex 2.25991626007491 -0.124999999999999 0.426403991648406
    vertex 2.25305407647284 0.0 0.418130377800818
    vertex 2.25991626007491 0.0 0.426403991648406
  endloop
endfacet
facet normal 0.753807031621417 -1.16728061074917e-015 -0.657095852275837
  outer loop
    vertex 2.25991626007491 -0.124999999999999 0.426403991648406
    vertex 2.26717614486608 0.0 0.434330928175611
    vertex 2.26717614486608 -0.125 0.434330928175611
  endloop
endfacet
facet normal 0.720656872757563 1.88207569724594e-017 -0.693291909477739
  outer loop
    vertex 2.26717614486608 0.0 0.434330928175611
    vertex 2.25991626007491 -0.124999999999999 0.426403991648406
    vertex 2.25991626007491 0.0 0.426403991648406
  endloop
endfacet
facet normal 0.96514798174713 -6.88093223559034e-015 0.261704744568075
  outer loop
    vertex 2.21363259199738 -2.22044604925031e-016 0.225186660939585
    vertex 2.21107496104148 -0.124999999999999 0.235627004505814
    vertex 2.21363259199738 -0.124999999999999 0.225186660939585
  endloop
endfacet
facet normal 0.976826661911036 -5.17749626175643e-015 0.214031942895781
  outer loop
    vertex 2.21107496104148 -0.124999999999999 0.235627004505814
    vertex 2.21363259199738 -2.22044604925031e-016 0.225186660939585
    vertex 2.21107496104148 -4.44089209850063e-016 0.235627004505814
  endloop
endfacet
facet normal 0.89087764795022 3.12568997534153e-015 -0.454243344896415
  outer loop
    vertex 2.22989779509889 0.0 0.381979292532298
    vertex 2.23501402177746 -0.124999999999999 0.391432676818413
    vertex 2.22989779509889 -0.124999999999999 0.381979292532298
  endloop
endfacet
facet normal 0.867515882294719 1.73649052300523e-015 -0.497409483189068
  outer loop
    vertex 2.23501402177746 -0.124999999999999 0.391432676818413
    vertex 2.22989779509889 0.0 0.381979292532298
    vertex 2.23501402177746 -2.22044604925031e-016 0.391432676818412
  endloop
endfacet
facet normal 0.993101773521865 -3.4455899374684e-015 0.11725556459173
  outer loop
    vertex 2.20751071159871 -0.124999999999999 0.256821031354415
    vertex 2.20651267970093 2.22044604925031e-016 0.267523656369731
    vertex 2.20651267970093 -0.124999999999999 0.267523656369731
  endloop
endfacet
facet normal 0.997658996799405 1.27269093201902e-016 0.0683851307317986
  outer loop
    vertex 2.20651267970093 2.22044604925031e-016 0.267523656369731
    vertex 2.20751071159871 -0.124999999999999 0.256821031354415
    vertex 2.20751071159871 2.22044604925031e-016 0.256821031354415
  endloop
endfacet
facet normal 0.693291909477655 1.75974922033721e-015 0.720656872757644
  outer loop
    vertex 2.27316907182439 -0.124999999999999 0.124676144866081
    vertex 2.26560790930198 -6.66133814775094e-016 0.132316241148009
    vertex 2.26560790930197 -0.125 0.132316241148009
  endloop
endfacet
facet normal 0.727817765744411 -2.22885900615395e-015 0.685770588365245
  outer loop
    vertex 2.26560790930198 -6.66133814775094e-016 0.132316241148009
    vertex 2.27316907182439 -0.124999999999999 0.124676144866081
    vertex 2.27316907182439 -4.44089209850063e-016 0.124676144866081
  endloop
endfacet
facet normal 0.727817765744411 -2.22885900615395e-015 0.685770588365245
  outer loop
    vertex 2.26560790930198 -6.66133814775094e-016 0.132316241148009
    vertex 2.25843073628715 -0.124999999999999 0.140318143259555
    vertex 2.26560790930197 -0.125 0.132316241148009
  endloop
endfacet
facet normal 0.760590245264139 -5.23497006897067e-015 0.649232222559107
  outer loop
    vertex 2.25843073628715 -0.124999999999999 0.140318143259555
    vertex 2.26560790930198 -6.66133814775094e-016 0.132316241148009
    vertex 2.25843073628715 -8.88178419700125e-016 0.140318143259555
  endloop
endfacet
facet normal 0.760590245264139 -5.23497006897067e-015 0.649232222559107
  outer loop
    vertex 2.25843073628715 -0.124999999999999 0.140318143259555
    vertex 2.25165484321836 -4.44089209850063e-016 0.148662573917648
    vertex 2.25165484321836 -0.125 0.148662573917648
  endloop
endfacet
facet normal 0.791530396263143 -8.40418509145985e-015 0.611129799462858
  outer loop
    vertex 2.25165484321836 -4.44089209850063e-016 0.148662573917648
    vertex 2.25843073628715 -0.124999999999999 0.140318143259555
    vertex 2.25843073628715 -8.88178419700125e-016 0.140318143259555
  endloop
endfacet
facet normal 0.984376638294076 1.0136313196268e-014 -0.176075648460695
  outer loop
    vertex 2.2094215162136 -0.124999999999999 0.321060567012908
    vertex 2.21157326728261 0.0 0.331592053955617
    vertex 2.21157326728261 -0.124999999999999 0.331592053955618
  endloop
endfacet
facet normal 0.974551290946979 9.59109495530337e-015 -0.22416462993429
  outer loop
    vertex 2.21157326728261 0.0 0.331592053955617
    vertex 2.2094215162136 -0.124999999999999 0.321060567012908
    vertex 2.2094215162136 0.0 0.321060567012908
  endloop
endfacet
facet normal -0.693291909477253 -3.7117388505292e-016 -0.720656872758031
  outer loop
    vertex 2.57683092817562 6.66133814775094e-016 0.440323855133928
    vertex 2.56890399164841 -0.124999999999999 0.447583739925101
    vertex 2.56890399164841 8.88178419700125e-016 0.4475837399251
  endloop
endfacet
facet normal -0.657095852276155 -8.89534089958699e-015 -0.75380703162114
  outer loop
    vertex 2.56890399164841 -0.124999999999999 0.447583739925101
    vertex 2.57683092817562 6.66133814775094e-016 0.440323855133928
    vertex 2.57683092817562 -0.124999999999999 0.44032385513393
  endloop
endfacet
facet normal -0.693291909477253 -3.7117388505292e-016 -0.720656872758031
  outer loop
    vertex 2.57683092817562 6.66133814775094e-016 0.440323855133928
    vertex 2.58439209069805 -0.124999999999999 0.432683758851999
    vertex 2.57683092817562 -0.124999999999999 0.44032385513393
  endloop
endfacet
facet normal -0.727817765744146 -1.22719927422204e-015 -0.685770588365525
  outer loop
    vertex 2.58439209069805 -0.124999999999999 0.432683758851999
    vertex 2.57683092817562 6.66133814775094e-016 0.440323855133928
    vertex 2.58439209069805 1.11022302462516e-015 0.432683758851997
  endloop
endfacet
facet normal -0.727817765744147 -1.22719927422267e-015 -0.685770588365525
  outer loop
    vertex 2.58439209069805 1.11022302462516e-015 0.432683758851997
    vertex 2.59156926371287 -0.124999999999999 0.424681856740453
    vertex 2.58439209069805 -0.124999999999999 0.432683758851999
  endloop
endfacet
facet normal -0.760590245264413 -1.05720502022498e-014 -0.649232222558786
  outer loop
    vertex 2.59156926371287 -0.124999999999999 0.424681856740453
    vertex 2.58439209069805 1.11022302462516e-015 0.432683758851997
    vertex 2.59156926371287 6.66133814775094e-016 0.424681856740452
  endloop
endfacet
facet normal 0.912093211320232 3.96885680078112e-015 -0.409982894598722
  outer loop
    vertex 2.22525158672086 0.0 0.372286253917116
    vertex 2.22989779509889 -0.124999999999999 0.381979292532298
    vertex 2.22525158672086 -0.124999999999999 0.372286253917115
  endloop
endfacet
facet normal 0.89087764795022 3.12568997534152e-015 -0.454243344896415
  outer loop
    vertex 2.22989779509889 -0.124999999999999 0.381979292532298
    vertex 2.22525158672086 0.0 0.372286253917116
    vertex 2.22989779509889 0.0 0.381979292532298
  endloop
endfacet
facet normal -0.760590245264413 -1.05720502022499e-014 -0.649232222558786
  outer loop
    vertex 2.59156926371287 6.66133814775094e-016 0.424681856740452
    vertex 2.59834515678164 -0.124999999999999 0.416337426082364
    vertex 2.59156926371287 -0.124999999999999 0.424681856740453
  endloop
endfacet
facet normal -0.791530396263614 -1.6321496755427e-015 -0.611129799462247
  outer loop
    vertex 2.59834515678164 -0.124999999999999 0.416337426082364
    vertex 2.59156926371287 6.66133814775094e-016 0.424681856740452
    vertex 2.59834515678165 1.11022302462516e-015 0.416337426082362
  endloop
endfacet
facet normal -0.791530396263614 -1.6321496755427e-015 -0.611129799462247
  outer loop
    vertex 2.59834515678164 -0.124999999999999 0.416337426082364
    vertex 2.60470344618451 6.66133814775094e-016 0.407670569342057
    vertex 2.60470344618451 -0.124999999999999 0.407670569342059
  endloop
endfacet
facet normal -0.820563681207776 -4.35411873948539e-016 -0.571555111150922
  outer loop
    vertex 2.60470344618451 6.66133814775094e-016 0.407670569342057
    vertex 2.59834515678164 -0.124999999999999 0.416337426082364
    vertex 2.59834515678165 1.11022302462516e-015 0.416337426082362
  endloop
endfacet
facet normal 0.99183053609829 1.05708898094176e-014 -0.127562485327694
  outer loop
    vertex 2.20778911259447 -2.22044604925031e-016 0.310436184286758
    vertex 2.2094215162136 -0.124999999999999 0.321060567012908
    vertex 2.20778911259447 -0.124999999999999 0.310436184286758
  endloop
endfacet
facet normal 0.984376638294076 1.0136313196268e-014 -0.176075648460695
  outer loop
    vertex 2.2094215162136 -0.124999999999999 0.321060567012908
    vertex 2.20778911259447 -2.22044604925031e-016 0.310436184286758
    vertex 2.2094215162136 0.0 0.321060567012908
  endloop
endfacet
facet normal 2.90745759930543e-017 3.94745964311167e-016 -1.0
  outer loop
    vertex 4.5 1.33226762955019e-015 0.0
    vertex 0.915 -0.125 0.0
    vertex 0.0 0.0 0.0
  endloop
endfacet
facet normal 2.90745759930543e-017 3.94745964311167e-016 -1.0
  outer loop
    vertex 0.915 -0.125 0.0
    vertex 4.5 1.33226762955019e-015 0.0
    vertex 3.585 -0.124999999999999 0.0
  endloop
endfacet
facet normal 2.90745759930543e-017 3.94745964311167e-016 -1.0
  outer loop
    vertex 3.585 -0.124999999999999 0.0
    vertex 4.5 1.33226762955019e-015 0.0
    vertex 3.585 -0.312499999999999 0.0
  endloop
endfacet
facet normal 2.90745759930543e-017 3.94745964311167e-016 -1.0
  outer loop
    vertex 3.585 -0.312499999999999 0.0
    vertex 4.5 1.33226762955019e-015 0.0
    vertex 4.5 -0.312499999999999 0.0
  endloop
endfacet
facet normal 2.90745759930543e-017 3.94745964311167e-016 -1.0
  outer loop
    vertex 0.0 0.0 0.0
    vertex 0.915 -0.3125 -2.22044604925031e-016
    vertex -2.22044604925031e-016 -0.3125 -2.22044604925031e-016
  endloop
endfacet
facet normal 2.90745759930543e-017 3.94745964311167e-016 -1.0
  outer loop
    vertex 0.915 -0.3125 -2.22044604925031e-016
    vertex 0.0 0.0 0.0
    vertex 0.915 -0.125 0.0
  endloop
endfacet
facet normal 0.0 0.0 1.0
  outer loop
    vertex 1.11022302462516e-016 -0.125 0.625
    vertex 4.5 1.11022302462516e-015 0.625
    vertex 0.0 0.0 0.625
  endloop
endfacet
facet normal 0.0 0.0 1.0
  outer loop
    vertex 4.5 1.11022302462516e-015 0.625
    vertex 1.11022302462516e-016 -0.125 0.625
    vertex 4.5 -0.124999999999999 0.625
  endloop
endfacet
facet normal 0.454243344896352 -5.73284968485543e-015 0.890877647950253
  outer loop
    vertex 2.3255207074677 -0.124999999999999 0.0873977950988917
    vertex 2.31606732318159 -4.44089209850063e-016 0.0925140217774593
    vertex 2.31606732318159 -0.124999999999999 0.0925140217774588
  endloop
endfacet
facet normal 0.49740948318909 -7.690226427444e-015 0.867515882294706
  outer loop
    vertex 2.31606732318159 -4.44089209850063e-016 0.0925140217774593
    vertex 2.3255207074677 -0.124999999999999 0.0873977950988917
    vertex 2.3255207074677 0.0 0.0873977950988917
  endloop
endfacet
facet normal 0.409982894598719 -3.61473681986128e-015 0.912093211320233
  outer loop
    vertex 2.33521374608289 -0.125 0.0827515867208658
    vertex 2.3255207074677 0.0 0.0873977950988917
    vertex 2.3255207074677 -0.124999999999999 0.0873977950988917
  endloop
endfacet
facet normal 0.454243344896352 -5.73284968485544e-015 0.890877647950253
  outer loop
    vertex 2.3255207074677 0.0 0.0873977950988917
    vertex 2.33521374608289 -0.125 0.0827515867208658
    vertex 2.33521374608289 -6.66133814775094e-016 0.0827515867208662
  endloop
endfacet
facet normal 0.409982894598719 -3.61473681986128e-015 0.912093211320233
  outer loop
    vertex 2.33521374608289 -0.125 0.0827515867208658
    vertex 2.3451230876481 0.0 0.0785865897663246
    vertex 2.33521374608289 -6.66133814775094e-016 0.0827515867208662
  endloop
endfacet
facet normal 0.364734759597721 -4.93115533645714e-015 0.93111146225422
  outer loop
    vertex 2.3451230876481 0.0 0.0785865897663246
    vertex 2.33521374608289 -0.125 0.0827515867208658
    vertex 2.3451230876481 -0.124999999999999 0.0785865897663239
  endloop
endfacet
facet normal 0.318607946613821 -4.68224975254316e-015 0.947886584119917
  outer loop
    vertex 2.35522485969156 -0.124999999999999 0.0749128380777405
    vertex 2.3451230876481 0.0 0.0785865897663246
    vertex 2.3451230876481 -0.124999999999999 0.0785865897663239
  endloop
endfacet
facet normal 0.364734759597721 -4.93115533645714e-015 0.93111146225422
  outer loop
    vertex 2.3451230876481 0.0 0.0785865897663246
    vertex 2.35522485969156 -0.124999999999999 0.0749128380777405
    vertex 2.35522485969156 -4.44089209850063e-016 0.0749128380777407
  endloop
endfacet
facet normal 0.271713579179866 -3.51877408839824e-015 0.962378164179376
  outer loop
    vertex 2.36549472615961 -0.124999999999999 0.0717391820447156
    vertex 2.35522485969156 -4.44089209850063e-016 0.0749128380777407
    vertex 2.35522485969156 -0.124999999999999 0.0749128380777405
  endloop
endfacet
facet normal 0.318607946613821 -4.68224975254316e-015 0.947886584119917
  outer loop
    vertex 2.35522485969156 -4.44089209850063e-016 0.0749128380777407
    vertex 2.36549472615961 -0.124999999999999 0.0717391820447156
    vertex 2.36549472615961 -4.44089209850063e-016 0.071739182044716
  endloop
endfacet
facet normal 0.224164629934327 -3.10644942256954e-015 0.97455129094697
  outer loop
    vertex 2.37590794604438 -0.125 0.0690732672826123
    vertex 2.36549472615961 -4.44089209850063e-016 0.071739182044716
    vertex 2.36549472615961 -0.124999999999999 0.0717391820447156
  endloop
endfacet
facet normal 0.271713579179866 -3.51877408839824e-015 0.962378164179376
  outer loop
    vertex 2.36549472615961 -4.44089209850063e-016 0.071739182044716
    vertex 2.37590794604438 -0.125 0.0690732672826123
    vertex 2.37590794604438 -4.44089209850063e-016 0.0690732672826127
  endloop
endfacet
facet normal 0.17607564846075 -3.41139460175517e-015 0.984376638294066
  outer loop
    vertex 2.38643943298709 -0.124999999999999 0.066921516213599
    vertex 2.37590794604438 -4.44089209850063e-016 0.0690732672826127
    vertex 2.37590794604438 -0.125 0.0690732672826123
  endloop
endfacet
facet normal 0.224164629934327 -3.10644942256955e-015 0.97455129094697
  outer loop
    vertex 2.37590794604438 -4.44089209850063e-016 0.0690732672826127
    vertex 2.38643943298709 -0.124999999999999 0.066921516213599
    vertex 2.38643943298709 -4.44089209850063e-016 0.0669215162135995
  endloop
endfacet
facet normal 0.17607564846075 -3.41139460175517e-015 0.984376638294066
  outer loop
    vertex 2.38643943298709 -0.124999999999999 0.066921516213599
    vertex 2.39706381571324 0.0 0.0652891125944731
    vertex 2.38643943298709 -4.44089209850063e-016 0.0669215162135995
  endloop
endfacet
facet normal 0.127562485327647 -4.60204923789288e-015 0.991830536098296
  outer loop
    vertex 2.39706381571324 0.0 0.0652891125944731
    vertex 2.38643943298709 -0.124999999999999 0.066921516213599
    vertex 2.39706381571324 -0.124999999999999 0.0652891125944726
  endloop
endfacet
facet normal 0.0787420129942471 -4.89026428333868e-015 0.996895027266971
  outer loop
    vertex 2.40775549915426 -0.124999999999999 0.0641799890285327
    vertex 2.39706381571324 0.0 0.0652891125944731
    vertex 2.39706381571324 -0.124999999999999 0.0652891125944726
  endloop
endfacet
facet normal 0.127562485327647 -4.60204923789288e-015 0.991830536098296
  outer loop
    vertex 2.39706381571324 0.0 0.0652891125944731
    vertex 2.40775549915426 -0.124999999999999 0.0641799890285327
    vertex 2.40775549915426 0.0 0.0641799890285333
  endloop
endfacet
facet normal 0.029731844254609 1.80443916644732e-017 0.999557910997267
  outer loop
    vertex 2.41848872610826 -0.125 0.0635968174915973
    vertex 2.40775549915426 0.0 0.0641799890285333
    vertex 2.40775549915426 -0.124999999999999 0.0641799890285327
  endloop
endfacet
facet normal 0.0787420129942476 -4.89026428333868e-015 0.99689502726697
  outer loop
    vertex 2.40775549915426 0.0 0.0641799890285333
    vertex 2.41848872610826 -0.125 0.0635968174915973
    vertex 2.41848872610826 -4.44089209850063e-016 0.0635968174915978
  endloop
endfacet
facet normal 0.00519251046338173 4.66331094591577e-015 0.999986518826673
  outer loop
    vertex 2.425 -0.124999999999999 0.0635630071779822
    vertex 2.41848872610826 -4.44089209850063e-016 0.0635968174915978
    vertex 2.41848872610826 -0.125 0.0635968174915973
  endloop
endfacet
facet normal 0.0297318442546084 1.80443916645747e-017 0.999557910997267
  outer loop
    vertex 2.41848872610826 -4.44089209850063e-016 0.0635968174915978
    vertex 2.425 -0.124999999999999 0.0635630071779822
    vertex 2.42500000000001 -2.22044604925031e-016 0.0635630071779812
  endloop
endfacet
facet normal 0.00519251046338173 4.66331094591577e-015 0.999986518826673
  outer loop
    vertex 2.42500000000001 -2.22044604925031e-016 0.0635630071779812
    vertex 2.425 -0.124999999999999 0.0635630071779822
    vertex 2.42923763929139 -0.124999999999999 0.0635410028949785
  endloop
endfacet
facet normal 0.00519251046338173 4.66331094591577e-015 0.999986518826673
  outer loop
    vertex 2.42500000000001 -2.22044604925031e-016 0.0635630071779812
    vertex 2.42923763929139 -0.124999999999999 0.0635410028949785
    vertex 2.4292376392914 4.44089209850063e-016 0.0635410028949773
  endloop
endfacet
facet normal -0.0683851307318748 1.33525051870522e-014 0.9976589967994
  outer loop
    vertex 2.43997634363028 -0.124999999999999 0.0640126797009291
    vertex 2.4292376392914 4.44089209850063e-016 0.0635410028949773
    vertex 2.42923763929139 -0.124999999999999 0.0635410028949785
  endloop
endfacet
facet normal -0.0193499511021019 8.81174492367798e-015 0.999812772169043
  outer loop
    vertex 2.4292376392914 4.44089209850063e-016 0.0635410028949773
    vertex 2.43997634363028 -0.124999999999999 0.0640126797009291
    vertex 2.43997634363029 6.66133814775094e-016 0.0640126797009277
  endloop
endfacet
facet normal -0.117255564591859 1.42118391806804e-014 0.99310177352185
  outer loop
    vertex 2.4506789686456 -0.124999999999999 0.0650107115987104
    vertex 2.43997634363029 6.66133814775094e-016 0.0640126797009277
    vertex 2.43997634363028 -0.124999999999999 0.0640126797009291
  endloop
endfacet
facet normal -0.0683851307318768 1.33525051870522e-014 0.9976589967994
  outer loop
    vertex 2.43997634363029 6.66133814775094e-016 0.0640126797009277
    vertex 2.4506789686456 -0.124999999999999 0.0650107115987104
    vertex 2.4506789686456 4.44089209850063e-016 0.0650107115987092
  endloop
endfacet
facet normal -0.165843519526157 1.63226613510425e-014 0.986152081086471
  outer loop
    vertex 2.46131973077622 -0.124999999999999 0.0665326942420613
    vertex 2.4506789686456 4.44089209850063e-016 0.0650107115987092
    vertex 2.4506789686456 -0.124999999999999 0.0650107115987104
  endloop
endfacet
facet normal -0.117255564591859 1.42118391806804e-014 0.99310177352185
  outer loop
    vertex 2.4506789686456 4.44089209850063e-016 0.0650107115987092
    vertex 2.46131973077622 -0.124999999999999 0.0665326942420613
    vertex 2.46131973077623 2.22044604925031e-016 0.0665326942420604
  endloop
endfacet
facet normal -0.214031942895632 1.67671308598178e-014 0.976826661911068
  outer loop
    vertex 2.47187299549419 -0.124999999999999 0.0685749610414851
    vertex 2.46131973077623 2.22044604925031e-016 0.0665326942420604
    vertex 2.46131973077622 -0.124999999999999 0.0665326942420613
  endloop
endfacet
facet normal -0.165843519526159 1.63226613510427e-014 0.986152081086471
  outer loop
    vertex 2.46131973077623 2.22044604925031e-016 0.0665326942420604
    vertex 2.47187299549419 -0.124999999999999 0.0685749610414851
    vertex 2.4718729954942 4.44089209850063e-016 0.0685749610414839
  endloop
endfacet
facet normal -0.261704744568103 1.89366859365447e-014 0.965147981747122
  outer loop
    vertex 2.48231333906044 -0.124999999999999 0.0711325919973799
    vertex 2.4718729954942 4.44089209850063e-016 0.0685749610414839
    vertex 2.47187299549419 -0.124999999999999 0.0685749610414851
  endloop
endfacet
facet normal -0.214031942895633 1.67671308598177e-014 0.976826661911068
  outer loop
    vertex 2.4718729954942 4.44089209850063e-016 0.0685749610414839
    vertex 2.48231333906044 -0.124999999999999 0.0711325919973799
    vertex 2.48231333906044 8.88178419700125e-016 0.0711325919973787
  endloop
endfacet
facet normal -0.308747076588188 2.35891395161097e-014 0.951144175558179
  outer loop
    vertex 2.4926156097728 -0.124999999999999 0.0741994255527518
    vertex 2.48231333906044 8.88178419700125e-016 0.0711325919973787
    vertex 2.48231333906044 -0.124999999999999 0.0711325919973799
  endloop
endfacet
facet normal -0.261704744568104 1.89366859365448e-014 0.965147981747122
  outer loop
    vertex 2.48231333906044 8.88178419700125e-016 0.0711325919973787
    vertex 2.4926156097728 -0.124999999999999 0.0741994255527518
    vertex 2.49261560977281 8.88178419700125e-016 0.0741994255527505
  endloop
endfacet
facet normal -0.355045609857571 2.10139532270578e-014 0.934848979739972
  outer loop
    vertex 2.50275498855881 -0.124999999999999 0.0777680734369429
    vertex 2.49261560977281 8.88178419700125e-016 0.0741994255527505
    vertex 2.4926156097728 -0.124999999999999 0.0741994255527518
  endloop
endfacet
facet normal -0.308747076588189 2.35891395161097e-014 0.951144175558178
  outer loop
    vertex 2.49261560977281 8.88178419700125e-016 0.0741994255527505
    vertex 2.50275498855881 -0.124999999999999 0.0777680734369429
    vertex 2.50275498855882 8.88178419700125e-016 0.0777680734369417
  endloop
endfacet
facet normal -0.400488807154534 1.4057972797511e-014 0.916301650846455
  outer loop
    vertex 2.51270704876684 -0.124999999999999 0.0818299384646223
    vertex 2.50275498855882 8.88178419700125e-016 0.0777680734369417
    vertex 2.50275498855881 -0.124999999999999 0.0777680734369429
  endloop
endfacet
facet normal -0.355045609857571 2.10139532270576e-014 0.934848979739971
  outer loop
    vertex 2.50275498855882 8.88178419700125e-016 0.0777680734369417
    vertex 2.51270704876684 -0.124999999999999 0.0818299384646223
    vertex 2.51270704876685 6.66133814775094e-016 0.0818299384646211
  endloop
endfacet
facet normal -0.444967191836065 2.0779586970111e-014 0.895546871017663
  outer loop
    vertex 2.52244781501218 -0.124999999999999 0.0863752352471638
    vertex 2.51270704876685 6.66133814775094e-016 0.0818299384646211
    vertex 2.51270704876684 -0.124999999999999 0.0818299384646223
  endloop
endfacet
facet normal -0.400488807154534 1.4057972797511e-014 0.916301650846455
  outer loop
    vertex 2.51270704876685 6.66133814775094e-016 0.0818299384646211
    vertex 2.52244781501218 -0.124999999999999 0.0863752352471638
    vertex 2.52244781501218 6.66133814775094e-016 0.0863752352471626
  endloop
endfacet
facet normal -0.444967191836065 2.0779586970111e-014 0.895546871017663
  outer loop
    vertex 2.52244781501218 -0.124999999999999 0.0863752352471638
    vertex 2.53195382093574 1.11022302462516e-015 0.0913930137664921
    vertex 2.52244781501218 6.66133814775094e-016 0.0863752352471626
  endloop
endfacet
facet normal -0.488373611578518 3.67330227385901e-014 0.872634640335665
  outer loop
    vertex 2.53195382093574 1.11022302462516e-015 0.0913930137664921
    vertex 2.52244781501218 -0.124999999999999 0.0863752352471638
    vertex 2.53195382093572 -0.124999999999999 0.0913930137664935
  endloop
endfacet
facet normal -0.530603496514315 3.10626371707627e-014 0.847620156371227
  outer loop
    vertex 2.54120216573657 -0.124999999999999 0.0968711857546548
    vertex 2.53195382093574 1.11022302462516e-015 0.0913930137664921
    vertex 2.53195382093572 -0.124999999999999 0.0913930137664935
  endloop
endfacet
facet normal -0.488373611578518 3.67330227385901e-014 0.872634640335665
  outer loop
    vertex 2.53195382093574 1.11022302462516e-015 0.0913930137664921
    vertex 2.54120216573657 -0.124999999999999 0.0968711857546548
    vertex 2.54120216573658 4.44089209850063e-016 0.0968711857546538
  endloop
endfacet
facet normal -0.571555111151046 2.14751410102255e-014 0.82056368120769
  outer loop
    vertex 2.55017056934206 -0.124999999999999 0.102796553815498
    vertex 2.54120216573658 4.44089209850063e-016 0.0968711857546538
    vertex 2.54120216573657 -0.124999999999999 0.0968711857546548
  endloop
endfacet
facet normal -0.530603496514316 3.10626371707624e-014 0.847620156371226
  outer loop
    vertex 2.54120216573658 4.44089209850063e-016 0.0968711857546538
    vertex 2.55017056934206 -0.124999999999999 0.102796553815498
    vertex 2.55017056934206 6.66133814775094e-016 0.102796553815497
  endloop
endfacet
facet normal -0.611129799462453 3.01571980782931e-014 0.791530396263455
  outer loop
    vertex 2.55883742608236 -0.124999999999999 0.109154843218362
    vertex 2.55017056934206 6.66133814775094e-016 0.102796553815497
    vertex 2.55017056934206 -0.124999999999999 0.102796553815498
  endloop
endfacet
facet normal -0.571555111151046 2.14751410102254e-014 0.820563681207691
  outer loop
    vertex 2.55017056934206 6.66133814775094e-016 0.102796553815497
    vertex 2.55883742608236 -0.124999999999999 0.109154843218362
    vertex 2.55883742608237 4.44089209850063e-016 0.109154843218361
  endloop
endfacet
facet normal -0.649232222559253 3.99315587388969e-014 0.760590245264014
  outer loop
    vertex 2.56718185674047 -0.124999999999999 0.115930736287156
    vertex 2.55883742608237 4.44089209850063e-016 0.109154843218361
    vertex 2.55883742608236 -0.124999999999999 0.109154843218362
  endloop
endfacet
facet normal -0.611129799462454 3.01571980782934e-014 0.791530396263455
  outer loop
    vertex 2.55883742608237 4.44089209850063e-016 0.109154843218361
    vertex 2.56718185674047 -0.124999999999999 0.115930736287156
    vertex 2.56718185674047 8.88178419700125e-016 0.115930736287154
  endloop
endfacet
facet normal -0.685770588365386 4.36633367139957e-014 0.727817765744278
  outer loop
    vertex 2.575183758852 -0.124999999999999 0.123107909301979
    vertex 2.56718185674047 8.88178419700125e-016 0.115930736287154
    vertex 2.56718185674047 -0.124999999999999 0.115930736287156
  endloop
endfacet
facet normal -0.649232222559254 3.9931558738897e-014 0.760590245264013
  outer loop
    vertex 2.56718185674047 8.88178419700125e-016 0.115930736287154
    vertex 2.575183758852 -0.124999999999999 0.123107909301979
    vertex 2.575183758852 8.88178419700125e-016 0.123107909301978
  endloop
endfacet
facet normal -0.720656872757324 2.72337842741516e-014 0.693291909477988
  outer loop
    vertex 2.58282385513394 -0.124999999999999 0.13066907182439
    vertex 2.575183758852 8.88178419700125e-016 0.123107909301978
    vertex 2.575183758852 -0.124999999999999 0.123107909301979
  endloop
endfacet
facet normal -0.685770588365387 4.36633367139957e-014 0.727817765744277
  outer loop
    vertex 2.575183758852 8.88178419700125e-016 0.123107909301978
    vertex 2.58282385513394 -0.124999999999999 0.13066907182439
    vertex 2.58282385513394 4.44089209850063e-016 0.130669071824389
  endloop
endfacet
facet normal -0.753807031621627 5.64913028167652e-016 0.657095852275596
  outer loop
    vertex 2.59008373992511 4.44089209850063e-016 0.138596008351595
    vertex 2.58282385513394 -0.124999999999999 0.13066907182439
    vertex 2.59008373992512 -0.124999999999999 0.138596008351596
  endloop
endfacet
facet normal -0.720656872757324 2.72337842741516e-014 0.693291909477988
  outer loop
    vertex 2.58282385513394 -0.124999999999999 0.13066907182439
    vertex 2.59008373992511 4.44089209850063e-016 0.138596008351595
    vertex 2.58282385513394 4.44089209850063e-016 0.130669071824389
  endloop
endfacet
facet normal -0.785141203320558 1.56219038088e-014 0.619316793610786
  outer loop
    vertex 2.59694592352717 2.22044604925031e-016 0.146869622199183
    vertex 2.59008373992512 -0.124999999999999 0.138596008351596
    vertex 2.59694592352717 -0.125 0.146869622199184
  endloop
endfacet
facet normal -0.753807031621627 5.64913028167139e-016 0.657095852275595
  outer loop
    vertex 2.59008373992512 -0.124999999999999 0.138596008351596
    vertex 2.59694592352717 2.22044604925031e-016 0.146869622199183
    vertex 2.59008373992511 4.44089209850063e-016 0.138596008351595
  endloop
endfacet
facet normal -0.814583901090075 4.78972405160876e-014 0.580045746544939
  outer loop
    vertex 2.60339387433877 -0.124999999999999 0.155469981506712
    vertex 2.59694592352717 2.22044604925031e-016 0.146869622199183
    vertex 2.59694592352717 -0.125 0.146869622199184
  endloop
endfacet
facet normal -0.785141203320558 1.56219038088e-014 0.619316793610786
  outer loop
    vertex 2.59694592352717 2.22044604925031e-016 0.146869622199183
    vertex 2.60339387433877 -0.124999999999999 0.155469981506712
    vertex 2.60339387433878 8.88178419700125e-016 0.15546998150671
  endloop
endfacet
facet normal -0.867515882294834 1.16897499910115e-014 0.497409483188868
  outer loop
    vertex 2.61498597822255 6.66133814775094e-016 0.17356732318159
    vertex 2.60941205868165 -0.124999999999999 0.164376367255309
    vertex 2.61498597822255 -0.124999999999999 0.173567323181591
  endloop
endfacet
facet normal -0.842064194893264 3.17318275528518e-014 0.539377318468954
  outer loop
    vertex 2.60941205868165 -0.124999999999999 0.164376367255309
    vertex 2.61498597822255 6.66133814775094e-016 0.17356732318159
    vertex 2.60941205868165 4.44089209850063e-016 0.164376367255307
  endloop
endfacet
facet normal -0.890877647950218 2.3483803434999e-014 0.45424334489642
  outer loop
    vertex 2.62010220490112 -0.124999999999999 0.183020707467707
    vertex 2.61498597822255 6.66133814775094e-016 0.17356732318159
    vertex 2.61498597822255 -0.124999999999999 0.173567323181591
  endloop
endfacet
facet normal -0.867515882294834 1.16897499910115e-014 0.497409483188868
  outer loop
    vertex 2.61498597822255 6.66133814775094e-016 0.17356732318159
    vertex 2.62010220490112 -0.124999999999999 0.183020707467707
    vertex 2.62010220490112 8.88178419700125e-016 0.183020707467706
  endloop
endfacet
facet normal -0.619316793611565 8.60365496993157e-015 -0.785141203319944
  outer loop
    vertex 2.56063037780085 1.11022302462516e-015 0.454445923527169
    vertex 2.56890399164841 -0.124999999999999 0.447583739925101
    vertex 2.56063037780083 -0.124999999999999 0.454445923527171
  endloop
endfacet
facet normal -0.657095852276155 -8.89534089958699e-015 -0.75380703162114
  outer loop
    vertex 2.56890399164841 -0.124999999999999 0.447583739925101
    vertex 2.56063037780085 1.11022302462516e-015 0.454445923527169
    vertex 2.56890399164841 8.88178419700125e-016 0.4475837399251
  endloop
endfacet
facet normal -0.842064194893264 3.17318275528518e-014 0.539377318468954
  outer loop
    vertex 2.60941205868165 -0.124999999999999 0.164376367255309
    vertex 2.60339387433878 8.88178419700125e-016 0.15546998150671
    vertex 2.60339387433877 -0.124999999999999 0.155469981506712
  endloop
endfacet
facet normal -0.814583901090076 4.78972405160882e-014 0.580045746544937
  outer loop
    vertex 2.60339387433878 8.88178419700125e-016 0.15546998150671
    vertex 2.60941205868165 -0.124999999999999 0.164376367255309
    vertex 2.60941205868165 4.44089209850063e-016 0.164376367255307
  endloop
endfacet
facet normal -0.580045746544546 2.36157782847005e-015 -0.814583901090354
  outer loop
    vertex 2.55203001849331 8.88178419700125e-016 0.460893874338774
    vertex 2.56063037780083 -0.124999999999999 0.454445923527171
    vertex 2.55203001849331 -0.124999999999999 0.460893874338775
  endloop
endfacet
facet normal -0.619316793611563 8.60365496993264e-015 -0.785141203319946
  outer loop
    vertex 2.56063037780083 -0.124999999999999 0.454445923527171
    vertex 2.55203001849331 8.88178419700125e-016 0.460893874338774
    vertex 2.56063037780085 1.11022302462516e-015 0.454445923527169
  endloop
endfacet
facet normal 0.986152081086483 -1.75837587061613e-015 0.165843519526085
  outer loop
    vertex 2.20903269424206 -0.124999999999999 0.246180269223778
    vertex 2.20751071159871 2.22044604925031e-016 0.256821031354415
    vertex 2.20751071159871 -0.124999999999999 0.256821031354415
  endloop
endfacet
facet normal 0.993101773521866 -3.4455899374684e-015 0.11725556459173
  outer loop
    vertex 2.20751071159871 2.22044604925031e-016 0.256821031354415
    vertex 2.20903269424206 -0.124999999999999 0.246180269223778
    vertex 2.20903269424206 -4.44089209850063e-016 0.246180269223778
  endloop
endfacet
facet normal 0.976826661911036 -5.17749626175637e-015 0.214031942895781
  outer loop
    vertex 2.21107496104148 -4.44089209850063e-016 0.235627004505814
    vertex 2.20903269424206 -0.124999999999999 0.246180269223778
    vertex 2.21107496104148 -0.124999999999999 0.235627004505814
  endloop
endfacet
facet normal 0.986152081086483 -1.75837587061613e-015 0.165843519526085
  outer loop
    vertex 2.20903269424206 -0.124999999999999 0.246180269223778
    vertex 2.21107496104148 -4.44089209850063e-016 0.235627004505814
    vertex 2.20903269424206 -4.44089209850063e-016 0.246180269223778
  endloop
endfacet
facet normal -0.9478865841198 -3.08676442355561e-015 0.31860794661417
  outer loop
    vertex 2.63258716192229 -0.124999999999999 0.212724859691568
    vertex 2.62891341023369 2.22044604925031e-016 0.202623087648104
    vertex 2.62891341023368 -0.124999999999999 0.202623087648106
  endloop
endfacet
facet normal -0.931111462254087 3.16079501845731e-014 0.364734759598062
  outer loop
    vertex 2.62891341023369 2.22044604925031e-016 0.202623087648104
    vertex 2.63258716192229 -0.124999999999999 0.212724859691568
    vertex 2.63258716192228 8.88178419700125e-016 0.212724859691566
  endloop
endfacet
facet normal -0.962378164179438 -5.64644807280306e-015 0.27171357917965
  outer loop
    vertex 2.6357608179553 -0.124999999999999 0.222994726159615
    vertex 2.63258716192228 8.88178419700125e-016 0.212724859691566
    vertex 2.63258716192229 -0.124999999999999 0.212724859691568
  endloop
endfacet
facet normal -0.9478865841198 -3.08676442355549e-015 0.31860794661417
  outer loop
    vertex 2.63258716192228 8.88178419700125e-016 0.212724859691566
    vertex 2.6357608179553 -0.124999999999999 0.222994726159615
    vertex 2.6357608179553 6.66133814775094e-016 0.222994726159614
  endloop
endfacet
facet normal -0.931111462254087 3.16079501845731e-014 0.364734759598062
  outer loop
    vertex 2.62891341023369 2.22044604925031e-016 0.202623087648104
    vertex 2.62474841327915 -0.124999999999999 0.192713746082889
    vertex 2.62891341023368 -0.124999999999999 0.202623087648106
  endloop
endfacet
facet normal -0.912093211320324 4.1241149764396e-014 0.409982894598517
  outer loop
    vertex 2.62474841327915 -0.124999999999999 0.192713746082889
    vertex 2.62891341023369 2.22044604925031e-016 0.202623087648104
    vertex 2.62474841327915 6.66133814775094e-016 0.192713746082888
  endloop
endfacet
facet normal 0.814583901090246 -2.45264370629389e-015 -0.580045746544699
  outer loop
    vertex 2.24660612566124 -0.124999999999999 0.409530018493291
    vertex 2.25305407647284 0.0 0.418130377800818
    vertex 2.25305407647284 -0.125 0.418130377800819
  endloop
endfacet
facet normal 0.785141203320375 -2.52265608631756e-015 -0.619316793611019
  outer loop
    vertex 2.25305407647284 0.0 0.418130377800818
    vertex 2.24660612566124 -0.124999999999999 0.409530018493291
    vertex 2.24660612566124 0.0 0.409530018493291
  endloop
endfacet
facet normal 0.997658996799405 1.27269093201902e-016 0.0683851307317986
  outer loop
    vertex 2.20651267970093 2.22044604925031e-016 0.267523656369731
    vertex 2.20604100289498 -0.124999999999999 0.278262360708625
    vertex 2.20651267970093 -0.124999999999999 0.267523656369731
  endloop
endfacet
facet normal 0.999812772169041 7.1447677379114e-015 0.0193499511022169
  outer loop
    vertex 2.20604100289498 -0.124999999999999 0.278262360708625
    vertex 2.20651267970093 2.22044604925031e-016 0.267523656369731
    vertex 2.20604100289498 0.0 0.278262360708625
  endloop
endfacet
facet normal 0.974551290946979 9.59109495530337e-015 -0.22416462993429
  outer loop
    vertex 2.21157326728261 0.0 0.331592053955617
    vertex 2.21423918204472 -0.124999999999999 0.342005273840391
    vertex 2.21157326728261 -0.124999999999999 0.331592053955618
  endloop
endfacet
facet normal 0.962378164179367 4.4613942419785e-015 -0.271713579179899
  outer loop
    vertex 2.21423918204472 -0.124999999999999 0.342005273840391
    vertex 2.21157326728261 0.0 0.331592053955617
    vertex 2.21423918204472 2.22044604925031e-016 0.342005273840391
  endloop
endfacet
facet normal -0.974551290946975 8.14311472779307e-015 0.224164629934304
  outer loop
    vertex 2.63842673271741 -0.124999999999998 0.233407946044387
    vertex 2.6357608179553 6.66133814775094e-016 0.222994726159614
    vertex 2.6357608179553 -0.124999999999999 0.222994726159615
  endloop
endfacet
facet normal -0.962378164179437 -5.64644807280324e-015 0.27171357917965
  outer loop
    vertex 2.6357608179553 6.66133814775094e-016 0.222994726159614
    vertex 2.63842673271741 -0.124999999999998 0.233407946044387
    vertex 2.63842673271741 2.22044604925031e-016 0.233407946044386
  endloop
endfacet
facet normal -0.984376638294075 1.04961896018917e-014 0.176075648460702
  outer loop
    vertex 2.64057848378642 4.44089209850063e-016 0.243939432987096
    vertex 2.63842673271741 -0.124999999999998 0.233407946044387
    vertex 2.64057848378642 -0.124999999999998 0.243939432987098
  endloop
endfacet
facet normal -0.974551290946975 8.14311472779307e-015 0.224164629934304
  outer loop
    vertex 2.63842673271741 -0.124999999999998 0.233407946044387
    vertex 2.64057848378642 4.44089209850063e-016 0.243939432987096
    vertex 2.63842673271741 2.22044604925031e-016 0.233407946044386
  endloop
endfacet
facet normal -0.991830536098344 1.33578537605604e-014 0.127562485327273
  outer loop
    vertex 2.64221088740555 4.44089209850063e-016 0.254563815713247
    vertex 2.64057848378642 -0.124999999999998 0.243939432987098
    vertex 2.64221088740555 -0.124999999999999 0.254563815713248
  endloop
endfacet
facet normal -0.984376638294075 1.04961896018917e-014 0.176075648460702
  outer loop
    vertex 2.64057848378642 -0.124999999999998 0.243939432987098
    vertex 2.64221088740555 4.44089209850063e-016 0.254563815713247
    vertex 2.64057848378642 4.44089209850063e-016 0.243939432987096
  endloop
endfacet
facet normal 0.999812772169041 7.14476773791141e-015 0.0193499511022168
  outer loop
    vertex 2.20604100289498 0.0 0.278262360708625
    vertex 2.2060968174916 -0.124999999999999 0.289011273891746
    vertex 2.20604100289498 -0.124999999999999 0.278262360708625
  endloop
endfacet
facet normal 0.99955791099727 1.24277218598784e-014 -0.0297318442544962
  outer loop
    vertex 2.2060968174916 -0.124999999999999 0.289011273891746
    vertex 2.20604100289498 0.0 0.278262360708625
    vertex 2.2060968174916 0.0 0.289011273891746
  endloop
endfacet
facet normal -0.996895027266964 1.29818521180502e-014 0.0787420129943343
  outer loop
    vertex 2.64332001097148 8.88178419700125e-016 0.265255499154263
    vertex 2.64221088740555 -0.124999999999999 0.254563815713248
    vertex 2.64332001097147 -0.124999999999999 0.265255499154264
  endloop
endfacet
facet normal -0.991830536098344 1.33578537605604e-014 0.127562485327273
  outer loop
    vertex 2.64221088740555 -0.124999999999999 0.254563815713248
    vertex 2.64332001097148 8.88178419700125e-016 0.265255499154263
    vertex 2.64221088740555 4.44089209850063e-016 0.254563815713247
  endloop
endfacet
facet normal -0.999557910997263 1.10335147104861e-014 0.0297318442547383
  outer loop
    vertex 2.64390318250842 8.88178419700125e-016 0.275988726108259
    vertex 2.64332001097147 -0.124999999999999 0.265255499154264
    vertex 2.64390318250842 -0.124999999999999 0.275988726108261
  endloop
endfacet
facet normal -0.996895027266964 1.29818521180502e-014 0.0787420129943346
  outer loop
    vertex 2.64332001097147 -0.124999999999999 0.265255499154264
    vertex 2.64390318250842 8.88178419700125e-016 0.275988726108259
    vertex 2.64332001097148 8.88178419700125e-016 0.265255499154263
  endloop
endfacet
facet normal 0.962378164179367 4.4613942419785e-015 -0.271713579179899
  outer loop
    vertex 2.21423918204472 -0.124999999999999 0.342005273840391
    vertex 2.21741283807774 -2.22044604925031e-016 0.352275140308437
    vertex 2.21741283807774 -0.124999999999999 0.352275140308437
  endloop
endfacet
facet normal 0.947886584119907 -5.65909413164336e-016 -0.31860794661385
  outer loop
    vertex 2.21741283807774 -2.22044604925031e-016 0.352275140308437
    vertex 2.21423918204472 -0.124999999999999 0.342005273840391
    vertex 2.21423918204472 2.22044604925031e-016 0.342005273840391
  endloop
endfacet
facet normal -0.467455855930798 -1.1374632996803e-015 0.884016415433562
  outer loop
    vertex 4.27472190991516 -0.312499999999999 0.13311885091965
    vertex 4.27771885901169 6.66133814775094e-016 0.13479897749288
    vertex 4.27472190991516 6.66133814775094e-016 0.133118850919651
  endloop
endfacet
facet normal -0.510269414452764 -3.52108241023688e-016 0.860014607244571
  outer loop
    vertex 4.27771885901169 6.66133814775094e-016 0.13479897749288
    vertex 4.27472190991516 -0.312499999999999 0.13311885091965
    vertex 4.27771885901169 -0.312499999999999 0.13479897749288
  endloop
endfacet
facet normal -0.551853689261029 5.57123796808776e-016 0.83394094853832
  outer loop
    vertex 4.28062975824827 -0.312499999999999 0.136624133602316
    vertex 4.27771885901169 6.66133814775094e-016 0.13479897749288
    vertex 4.27771885901169 -0.312499999999999 0.13479897749288
  endloop
endfacet
facet normal -0.510269414452764 -3.52108241023688e-016 0.860014607244571
  outer loop
    vertex 4.27771885901169 6.66133814775094e-016 0.13479897749288
    vertex 4.28062975824827 -0.312499999999999 0.136624133602316
    vertex 4.28062975824827 1.11022302462516e-015 0.136624133602316
  endloop
endfacet
facet normal -0.592108500195083 1.27618659831785e-015 0.805858253042512
  outer loop
    vertex 4.28344759501366 -0.312499999999999 0.138589922287026
    vertex 4.28062975824827 1.11022302462516e-015 0.136624133602316
    vertex 4.28062975824827 -0.312499999999999 0.136624133602316
  endloop
endfacet
facet normal -0.551853689261028 5.57123796808768e-016 0.83394094853832
  outer loop
    vertex 4.28062975824827 1.11022302462516e-015 0.136624133602316
    vertex 4.28344759501366 -0.312499999999999 0.138589922287026
    vertex 4.28344759501366 4.44089209850063e-016 0.138589922287026
  endloop
endfacet
facet normal -0.630936869889676 1.33139133903812e-015 0.775834174430219
  outer loop
    vertex 4.28616558089228 -0.312499999999999 0.140691607789886
    vertex 4.28344759501366 4.44089209850063e-016 0.138589922287026
    vertex 4.28344759501366 -0.312499999999999 0.138589922287026
  endloop
endfacet
facet normal -0.592108500195083 1.27618659831784e-015 0.805858253042512
  outer loop
    vertex 4.28344759501366 4.44089209850063e-016 0.138589922287026
    vertex 4.28616558089228 -0.312499999999999 0.140691607789886
    vertex 4.28616558089228 8.88178419700125e-016 0.140691607789886
  endloop
endfacet
facet normal -0.668245257401216 9.49522796449532e-016 0.743941043336623
  outer loop
    vertex 4.28877716801808 -0.312499999999999 0.142924126966433
    vertex 4.28616558089228 8.88178419700125e-016 0.140691607789886
    vertex 4.28616558089228 -0.312499999999999 0.140691607789886
  endloop
endfacet
facet normal -0.630936869889676 1.3313913390381e-015 0.775834174430218
  outer loop
    vertex 4.28616558089228 8.88178419700125e-016 0.140691607789886
    vertex 4.28877716801808 -0.312499999999999 0.142924126966433
    vertex 4.28877716801808 8.88178419700125e-016 0.142924126966433
  endloop
endfacet
facet normal -0.703943783556197 1.00031258256412e-015 0.710255693108183
  outer loop
    vertex 4.29127606484893 -0.312499999999999 0.145282101482426
    vertex 4.28877716801808 8.88178419700125e-016 0.142924126966433
    vertex 4.28877716801808 -0.312499999999999 0.142924126966433
  endloop
endfacet
facet normal -0.668245257401215 9.49522796449531e-016 0.743941043336623
  outer loop
    vertex 4.28877716801808 8.88178419700125e-016 0.142924126966433
    vertex 4.29127606484893 -0.312499999999999 0.145282101482426
    vertex 4.29127606484893 6.66133814775094e-016 0.145282101482426
  endloop
endfacet
facet normal -0.737946447478405 5.12494468490086e-016 0.674859274703995
  outer loop
    vertex 4.29365625132349 -0.312499999999999 0.147759850770721
    vertex 4.29127606484893 6.66133814775094e-016 0.145282101482426
    vertex 4.29127606484893 -0.312499999999999 0.145282101482426
  endloop
endfacet
facet normal -0.703943783556197 1.00031258256412e-015 0.710255693108183
  outer loop
    vertex 4.29127606484893 6.66133814775094e-016 0.145282101482426
    vertex 4.29365625132349 -0.312499999999999 0.147759850770721
    vertex 4.29365625132349 8.88178419700125e-016 0.147759850770721
  endloop
endfacet
facet normal -0.770171333772165 -1.34730639898568e-019 0.637837061196356
  outer loop
    vertex 4.29591199336405 -0.312499999999999 0.150351405716258
    vertex 4.29365625132349 8.88178419700125e-016 0.147759850770721
    vertex 4.29365625132349 -0.312499999999999 0.147759850770721
  endloop
endfacet
facet normal -0.737946447478405 5.12494468490081e-016 0.674859274703995
  outer loop
    vertex 4.29365625132349 8.88178419700125e-016 0.147759850770721
    vertex 4.29591199336405 -0.312499999999999 0.150351405716258
    vertex 4.29591199336405 4.44089209850063e-016 0.150351405716258
  endloop
endfacet
facet normal -0.800540809863906 5.79392845584165e-016 0.599278242340268
  outer loop
    vertex 4.29803785669047 -0.312499999999998 0.15305052303618
    vertex 4.29591199336405 4.44089209850063e-016 0.150351405716258
    vertex 4.29591199336405 -0.312499999999999 0.150351405716258
  endloop
endfacet
facet normal -0.770171333772166 -1.34730639898563e-019 0.637837061196356
  outer loop
    vertex 4.29591199336405 4.44089209850063e-016 0.150351405716258
    vertex 4.29803785669047 -0.312499999999998 0.15305052303618
    vertex 4.29803785669047 8.88178419700125e-016 0.15305052303618
  endloop
endfacet
facet normal -0.828981713025588 5.7939189363868e-016 0.559275709707799
  outer loop
    vertex 4.30002871991179 6.66133814775094e-016 0.155850700320448
    vertex 4.29803785669047 -0.312499999999998 0.15305052303618
    vertex 4.30002871991179 -0.312499999999999 0.155850700320448
  endloop
endfacet
facet normal -0.800540809863906 5.79392845584165e-016 0.599278242340268
  outer loop
    vertex 4.29803785669047 -0.312499999999998 0.15305052303618
    vertex 4.30002871991179 6.66133814775094e-016 0.155850700320448
    vertex 4.29803785669047 8.88178419700125e-016 0.15305052303618
  endloop
endfacet
facet normal -0.855425526630243 -6.16850494013916e-016 0.517925832904066
  outer loop
    vertex 4.30187978686412 6.66133814775094e-016 0.158745191696717
    vertex 4.30002871991179 -0.312499999999999 0.155850700320448
    vertex 4.30187978686412 -0.312499999999999 0.158745191696717
  endloop
endfacet
facet normal -0.828981713025588 5.79391893638657e-016 0.559275709707798
  outer loop
    vertex 4.30002871991179 -0.312499999999999 0.155850700320448
    vertex 4.30187978686412 6.66133814775094e-016 0.158745191696717
    vertex 4.30002871991179 6.66133814775094e-016 0.155850700320448
  endloop
endfacet
facet normal -0.879808545214871 -6.16774217719026e-016 0.475328227403856
  outer loop
    vertex 4.30358659816504 6.66133814775094e-016 0.161727024081735
    vertex 4.30187978686412 -0.312499999999999 0.158745191696717
    vertex 4.30358659816504 -0.312499999999999 0.161727024081735
  endloop
endfacet
facet normal -0.855425526630243 -6.16850494013918e-016 0.517925832904066
  outer loop
    vertex 4.30187978686412 -0.312499999999999 0.158745191696717
    vertex 4.30358659816504 6.66133814775094e-016 0.161727024081735
    vertex 4.30187978686412 6.66133814775094e-016 0.158745191696717
  endloop
endfacet
facet normal -0.286010775580742 -1.63852765852813e-019 0.95822640135393
  outer loop
    vertex 4.26202075429065 -0.312499999999998 0.127924151905225
    vertex 4.25870538254575 1.11022302462516e-015 0.127022575850507
    vertex 4.25870538254575 -0.312499999999999 0.127022575850507
  endloop
endfacet
facet normal -0.23864832208218 1.31601124363163e-016 0.971106059278471
  outer loop
    vertex 4.25870538254575 1.11022302462516e-015 0.127022575850507
    vertex 4.26202075429065 -0.312499999999998 0.127924151905225
    vertex 4.26202075429065 8.88178419700125e-016 0.127924151905225
  endloop
endfacet
facet normal 0.00446319404651103 -2.06034400091583e-017 0.99999003989985
  outer loop
    vertex 4.24168757641675 -0.312499999999999 0.125000697207011
    vertex 4.23825324975204 6.66133814775094e-016 0.125100344331467
    vertex 4.23825324975204 -0.312499999999999 0.125100344331467
  endloop
endfacet
facet normal 0.0535250035422407 -2.53196491112263e-016 0.998566509550467
  outer loop
    vertex 4.23825324975204 6.66133814775094e-016 0.125100344331467
    vertex 4.24168757641675 -0.312499999999999 0.125000697207011
    vertex 4.24168757641675 8.88178419700125e-016 0.125000697207011
  endloop
endfacet
facet normal 0.0935744615218205 1.11106692766297e-015 -0.995612284049821
  outer loop
    vertex 4.23544978769347 1.11022302462516e-015 0.264692859883488
    vertex 4.23203801115935 -0.312499999999998 0.264287508097339
    vertex 4.23203801115935 1.11022302462516e-015 0.264287508097339
  endloop
endfacet
facet normal 0.142314126294979 2.34532074491393e-016 -0.989821544247698
  outer loop
    vertex 4.23203801115935 -0.312499999999998 0.264287508097339
    vertex 4.23544978769347 1.11022302462516e-015 0.264692859883488
    vertex 4.23544978769347 -0.312499999999998 0.264692859883487
  endloop
endfacet
facet normal 0.423516155307583 8.23065324679423e-017 -0.905888550647089
  outer loop
    vertex 4.21235386912847 1.55431223447522e-015 0.258412198545296
    vertex 4.21550106829806 -0.312499999999998 0.259790482469694
    vertex 4.21235386912847 -0.312499999999999 0.258412198545295
  endloop
endfacet
facet normal 0.378556167170663 4.92262535928463e-016 -0.925578320995613
  outer loop
    vertex 4.21550106829806 -0.312499999999998 0.259790482469694
    vertex 4.21235386912847 1.55431223447522e-015 0.258412198545296
    vertex 4.21550106829806 1.33226762955019e-015 0.259790482469694
  endloop
endfacet
facet normal 0.190710943872628 -1.18348228598581e-016 -0.981646237647357
  outer loop
    vertex 4.22865023392892 6.66133814775094e-016 0.263715236635315
    vertex 4.22529461745425 -0.312499999999998 0.262977424149492
    vertex 4.22529461745425 1.11022302462516e-015 0.262977424149492
  endloop
endfacet
facet normal 0.238648322082196 7.15982218056148e-016 -0.971106059278466
  outer loop
    vertex 4.22529461745425 -0.312499999999998 0.262977424149492
    vertex 4.22865023392892 6.66133814775094e-016 0.263715236635315
    vertex 4.22865023392892 -0.312499999999999 0.263715236635315
  endloop
endfacet
facet normal -0.378556167170595 -5.38050859150845e-016 0.925578320995641
  outer loop
    vertex 4.26849893170194 -0.312499999999999 0.130209517530306
    vertex 4.26528789428485 8.88178419700125e-016 0.128987319553153
    vertex 4.26528789428485 -0.312499999999999 0.128987319553153
  endloop
endfacet
facet normal -0.332684204069309 -2.53064987966181e-016 0.943038292097819
  outer loop
    vertex 4.26528789428485 8.88178419700125e-016 0.128987319553153
    vertex 4.26849893170194 -0.312499999999999 0.130209517530306
    vertex 4.26849893170194 4.44089209850063e-016 0.130209517530306
  endloop
endfacet
facet normal -0.378556167170595 -5.38050859150845e-016 0.925578320995641
  outer loop
    vertex 4.26849893170194 -0.312499999999999 0.130209517530306
    vertex 4.27164613087153 8.88178419700125e-016 0.131587801454704
    vertex 4.26849893170194 4.44089209850063e-016 0.130209517530306
  endloop
endfacet
facet normal -0.423516155307613 -9.19926122734582e-016 0.905888550647075
  outer loop
    vertex 4.27164613087153 8.88178419700125e-016 0.131587801454704
    vertex 4.26849893170194 -0.312499999999999 0.130209517530306
    vertex 4.27164613087153 -0.312499999999999 0.131587801454704
  endloop
endfacet
facet normal -0.33268420406931 -2.53064987966199e-016 0.943038292097818
  outer loop
    vertex 4.26528789428485 -0.312499999999999 0.128987319553153
    vertex 4.26202075429065 8.88178419700125e-016 0.127924151905225
    vertex 4.26202075429065 -0.312499999999998 0.127924151905225
  endloop
endfacet
facet normal -0.286010775580741 -1.63852765852814e-019 0.95822640135393
  outer loop
    vertex 4.26202075429065 8.88178419700125e-016 0.127924151905225
    vertex 4.26528789428485 -0.312499999999999 0.128987319553153
    vertex 4.26528789428485 8.88178419700125e-016 0.128987319553153
  endloop
endfacet
facet normal -0.833066608211151 -0.553161265479355 -0.00355537014209584
  outer loop
    vertex 1.21799900733946 8.88178419700125e-016 0.282965187071949
    vertex 1.3008071878035 -0.125 0.273897517398201
    vertex 1.30099825146034 -0.125 0.283319412090039
  endloop
endfacet
facet normal -0.832237596741797 -0.553161265479354 0.0373255534817253
  outer loop
    vertex 1.3008071878035 -0.125 0.273897517398201
    vertex 1.21799900733946 8.88178419700125e-016 0.282965187071949
    vertex 1.21789053890928 4.44089209850063e-016 0.277616298939603
  endloop
endfacet
facet normal -0.142314126294984 -6.4176724862148e-016 0.989821544247697
  outer loop
    vertex 4.25196198884065 -0.312499999999999 0.125712491902661
    vertex 4.24855021230653 8.88178419700125e-016 0.125307140116512
    vertex 4.24855021230653 -0.312499999999999 0.125307140116512
  endloop
endfacet
facet normal -0.0935744615218284 -4.02015561041325e-016 0.99561228404982
  outer loop
    vertex 4.24855021230653 8.88178419700125e-016 0.125307140116512
    vertex 4.25196198884065 -0.312499999999999 0.125712491902661
    vertex 4.25196198884065 6.66133814775094e-016 0.125712491902661
  endloop
endfacet
facet normal -0.0535250035422593 7.64971465454123e-016 -0.998566509550466
  outer loop
    vertex 4.24574675024796 1.33226762955019e-015 0.264899655668532
    vertex 4.24231242358325 -0.312499999999998 0.264999302792989
    vertex 4.24231242358325 1.11022302462516e-015 0.264999302792989
  endloop
endfacet
facet normal -0.00446319404651365 7.39085243911332e-016 -0.99999003989985
  outer loop
    vertex 4.24231242358325 -0.312499999999998 0.264999302792989
    vertex 4.24574675024796 1.33226762955019e-015 0.264899655668532
    vertex 4.24574675024796 -0.312499999999999 0.264899655668532
  endloop
endfacet
facet normal -0.832237596741797 -0.553161265479354 0.0373255534817253
  outer loop
    vertex 1.21789053890928 4.44089209850063e-016 0.277616298939603
    vertex 1.30015404383091 -0.125 0.264496346840439
    vertex 1.3008071878035 -0.125 0.273897517398201
  endloop
endfacet
facet normal -0.829403652006491 -0.553161265479355 0.0781165565778103
  outer loop
    vertex 1.30015404383091 -0.125 0.264496346840439
    vertex 1.21789053890928 4.44089209850063e-016 0.277616298939603
    vertex 1.21751974363317 4.44089209850063e-016 0.272279176070874
  endloop
endfacet
facet normal -0.190710943872613 -1.57174081249986e-016 0.98164623764736
  outer loop
    vertex 4.25534976607108 -0.312499999999999 0.126284763364685
    vertex 4.25196198884065 6.66133814775094e-016 0.125712491902661
    vertex 4.25196198884065 -0.312499999999999 0.125712491902661
  endloop
endfacet
facet normal -0.142314126294983 -6.4176724862148e-016 0.989821544247697
  outer loop
    vertex 4.25196198884065 6.66133814775094e-016 0.125712491902661
    vertex 4.25534976607108 -0.312499999999999 0.126284763364685
    vertex 4.25534976607108 6.66133814775094e-016 0.126284763364685
  endloop
endfacet
facet normal -0.238648322082178 1.31601124363171e-016 0.971106059278471
  outer loop
    vertex 4.25870538254575 -0.312499999999999 0.127022575850507
    vertex 4.25534976607108 6.66133814775094e-016 0.126284763364685
    vertex 4.25534976607108 -0.312499999999999 0.126284763364685
  endloop
endfacet
facet normal -0.190710943872615 -1.57174081249962e-016 0.98164623764736
  outer loop
    vertex 4.25534976607108 6.66133814775094e-016 0.126284763364685
    vertex 4.25870538254575 -0.312499999999999 0.127022575850507
    vertex 4.25870538254575 1.11022302462516e-015 0.127022575850507
  endloop
endfacet
facet normal -0.562087696236056 -0.553161265479357 0.614874000192982
  outer loop
    vertex 1.2385452893934 -0.125 0.140788963041055
    vertex 1.18640287416543 2.22044604925031e-016 0.20575499970076
    vertex 1.18254394033271 -2.22044604925031e-016 0.202049463393099
  endloop
endfacet
facet normal -0.591581074183287 -0.553161265479358 0.586553021509073
  outer loop
    vertex 1.18640287416543 2.22044604925031e-016 0.20575499970076
    vertex 1.2385452893934 -0.125 0.140788963041055
    vertex 1.24534267742902 -0.125 0.147316146261889
  endloop
endfacet
facet normal -0.322085522723755 -0.553161265479354 0.768292607295583
  outer loop
    vertex 1.18323158793562 -0.125 0.105430320628977
    vertex 1.15602360489917 0.0 0.184164957506053
    vertex 1.15114189106761 2.22044604925031e-016 0.181976067440409
  endloop
endfacet
facet normal -0.359395888048893 -0.553161265479356 0.751563177668268
  outer loop
    vertex 1.15602360489917 0.0 0.184164957506053
    vertex 1.18323158793562 -0.125 0.105430320628977
    vertex 1.19183057009763 -0.125 0.109285980194148
  endloop
endfacet
facet normal -0.556818985220388 -0.553161265479357 -0.619649281506413
  outer loop
    vertex 1.18185457856379 2.22044604925031e-016 0.363575337694594
    vertex 1.23016898718639 -0.125 0.431436484933091
    vertex 1.17778864376727 0.0 0.36705248363389
  endloop
endfacet
facet normal -0.525743523224726 -0.553161265479358 -0.646224699435519
  outer loop
    vertex 1.23016898718639 -0.125 0.431436484933091
    vertex 1.18185457856379 2.22044604925031e-016 0.363575337694594
    vertex 1.23733100077292 -0.125 0.425311604012497
  endloop
endfacet
facet normal -0.646224699435506 -0.553161265479354 0.525743523224746
  outer loop
    vertex 1.19355248363389 2.22044604925031e-016 0.213711356232727
    vertex 1.2518116040125 -0.125 0.154168999227085
    vertex 1.25793648493309 -0.125 0.161331012813611
  endloop
endfacet
facet normal -0.619649281506405 -0.553161265479354 0.556818985220399
  outer loop
    vertex 1.2518116040125 -0.125 0.154168999227085
    vertex 1.19355248363389 2.22044604925031e-016 0.213711356232727
    vertex 1.19007533769459 0.0 0.209645421436209
  endloop
endfacet
facet normal 0.431585514569901 3.22567822157682e-016 0.902072027952
  outer loop
    vertex 4.21178901398011 -0.312499999999999 0.131854958043359
    vertex 4.21492378478998 8.88178419700125e-016 0.130448636188688
    vertex 4.21178901398011 1.11022302462516e-015 0.131854958043359
  endloop
endfacet
facet normal 0.386803074428953 -2.58697075048731e-016 0.922162340161595
  outer loop
    vertex 4.21492378478998 8.88178419700125e-016 0.130448636188688
    vertex 4.21178901398011 -0.312499999999999 0.131854958043359
    vertex 4.21492378478997 -0.312499999999999 0.130448636188688
  endloop
endfacet
facet normal -0.49340149903193 -0.553161265479359 -0.671243305461082
  outer loop
    vertex 1.17355699110275 4.44089209850063e-016 0.370325935234188
    vertex 1.21498719705036 -0.125 0.442595952670294
    vertex 1.16916981499213 6.66133814775094e-016 0.373387806463865
  endloop
endfacet
facet normal -0.459870827411087 -0.553161265479355 -0.694644827569831
  outer loop
    vertex 1.21498719705036 -0.125 0.442595952670294
    vertex 1.17355699110275 4.44089209850063e-016 0.370325935234188
    vertex 1.22271506689658 -0.125 0.437202564816186
  endloop
endfacet
facet normal -0.525743523224726 -0.553161265479358 -0.646224699435519
  outer loop
    vertex 1.17778864376727 0.0 0.36705248363389
    vertex 1.22271506689658 -0.125 0.437202564816186
    vertex 1.17355699110275 4.44089209850063e-016 0.370325935234188
  endloop
endfacet
facet normal -0.49340149903193 -0.553161265479359 -0.671243305461081
  outer loop
    vertex 1.22271506689658 -0.125 0.437202564816186
    vertex 1.17778864376727 0.0 0.36705248363389
    vertex 1.23016898718639 -0.125 0.431436484933091
  endloop
endfacet
facet normal -0.831888689253305 -0.553161265479354 -0.0444277285678398
  outer loop
    vertex 1.21784488761378 2.22044604925031e-016 0.288312954527893
    vertex 1.30099825146034 -0.125 0.283319412090039
    vertex 1.30072677451235 -0.125 0.29273933274638
  endloop
endfacet
facet normal -0.833066608211151 -0.553161265479355 -0.00355537014209614
  outer loop
    vertex 1.30099825146034 -0.125 0.283319412090039
    vertex 1.21784488761378 2.22044604925031e-016 0.288312954527893
    vertex 1.21799900733946 8.88178419700125e-016 0.282965187071949
  endloop
endfacet
facet normal -0.151143899715295 6.89272886160746e-016 -0.988511771087655
  outer loop
    vertex 4.25258007298007 1.33226762955019e-015 0.264195823976135
    vertex 4.25596260697449 -0.312499999999999 0.26359333500039
    vertex 4.25258007298007 -0.312499999999998 0.264195823976135
  endloop
endfacet
facet normal -0.199465813921313 1.45073162323024e-015 -0.979904785719872
  outer loop
    vertex 4.25596260697449 -0.312499999999999 0.26359333500039
    vertex 4.25258007298007 1.33226762955019e-015 0.264195823976135
    vertex 4.25596260697449 1.33226762955019e-015 0.263593335000391
  endloop
endfacet
facet normal 0.378556167170662 4.92262535928467e-016 -0.925578320995613
  outer loop
    vertex 4.21550106829806 1.33226762955019e-015 0.259790482469694
    vertex 4.21871210571515 -0.312499999999998 0.261012680446846
    vertex 4.21550106829806 -0.312499999999998 0.259790482469694
  endloop
endfacet
facet normal 0.332684204069333 1.30719181136962e-015 -0.94303829209781
  outer loop
    vertex 4.21871210571515 -0.312499999999998 0.261012680446846
    vertex 4.21550106829806 1.33226762955019e-015 0.259790482469694
    vertex 4.21871210571515 1.11022302462516e-015 0.261012680446847
  endloop
endfacet
facet normal 0.431585514569901 3.22567822157682e-016 0.902072027952
  outer loop
    vertex 4.21178901398011 -0.312499999999999 0.131854958043359
    vertex 4.20872702408174 4.44089209850063e-016 0.133413401834956
    vertex 4.20872702408174 -0.312499999999999 0.133413401834956
  endloop
endfacet
facet normal 0.475328227403753 6.75517279646176e-016 0.879808545214927
  outer loop
    vertex 4.20872702408174 4.44089209850063e-016 0.133413401834956
    vertex 4.21178901398011 -0.312499999999999 0.131854958043359
    vertex 4.21178901398011 1.11022302462516e-015 0.131854958043359
  endloop
endfacet
facet normal 0.423516155307583 8.23065324679423e-017 -0.905888550647089
  outer loop
    vertex 4.21235386912847 1.55431223447522e-015 0.258412198545296
    vertex 4.20927809008484 -0.312499999999998 0.256881149080349
    vertex 4.20927809008484 8.88178419700125e-016 0.256881149080349
  endloop
endfacet
facet normal 0.467455855930759 -3.46126814318897e-016 -0.884016415433583
  outer loop
    vertex 4.20927809008484 -0.312499999999998 0.256881149080349
    vertex 4.21235386912847 1.55431223447522e-015 0.258412198545296
    vertex 4.21235386912847 -0.312499999999999 0.258412198545295
  endloop
endfacet
facet normal 0.28601077558072 1.61176788828323e-015 -0.958226401353936
  outer loop
    vertex 4.22197924570935 1.11022302462516e-015 0.262075848094775
    vertex 4.21871210571515 -0.312499999999998 0.261012680446846
    vertex 4.21871210571515 1.11022302462516e-015 0.261012680446847
  endloop
endfacet
facet normal 0.332684204069333 1.30719181136962e-015 -0.94303829209781
  outer loop
    vertex 4.21871210571515 -0.312499999999998 0.261012680446846
    vertex 4.22197924570935 1.11022302462516e-015 0.262075848094775
    vertex 4.22197924570935 -0.312499999999999 0.262075848094775
  endloop
endfacet
facet normal -0.539761988739667 -0.553161265479354 0.634562534258901
  outer loop
    vertex 3.51539984632838 -0.124999999999999 0.136251313737609
    vertex 3.4656116832028 1.11022302462516e-015 0.203038709237488
    vertex 3.46162282942601 1.11022302462516e-015 0.19947340206979
  endloop
endfacet
facet normal -0.570248329556845 -0.553161265479354 0.60731331041803
  outer loop
    vertex 3.4656116832028 1.11022302462516e-015 0.203038709237488
    vertex 3.51539984632838 -0.124999999999999 0.136251313737609
    vertex 3.52242608417374 -0.124999999999999 0.14253148783117
  endloop
endfacet
facet normal -0.671243305461101 -0.553161265479354 0.49340149903191
  outer loop
    vertex 1.19682593523419 -2.22044604925031e-016 0.217943008897254
    vertex 1.25793648493309 -0.125 0.161331012813611
    vertex 1.26370256481619 -0.125 0.16878493310342
  endloop
endfacet
facet normal -0.646224699435506 -0.553161265479354 0.525743523224746
  outer loop
    vertex 1.25793648493309 -0.125 0.161331012813611
    vertex 1.19682593523419 -2.22044604925031e-016 0.217943008897254
    vertex 1.19355248363389 2.22044604925031e-016 0.213711356232727
  endloop
endfacet
facet normal -0.245228748593475 -0.553161265479354 0.796162970274653
  outer loop
    vertex 1.16551827893913 -0.125 0.0990069915616439
    vertex 1.14615865372928 2.22044604925031e-016 0.180029348333158
    vertex 1.1410858979394 2.22044604925031e-016 0.178329490001141
  endloop
endfacet
facet normal -0.28399922516303 -0.553161265479353 0.783171152737433
  outer loop
    vertex 1.14615865372928 2.22044604925031e-016 0.180029348333158
    vertex 1.16551827893913 -0.125 0.0990069915616439
    vertex 1.17445377537635 -0.125 0.102001237430884
  endloop
endfacet
facet normal -0.28399922516303 -0.553161265479353 0.783171152737432
  outer loop
    vertex 1.17445377537635 -0.125 0.102001237430884
    vertex 1.15114189106761 2.22044604925031e-016 0.181976067440409
    vertex 1.14615865372928 2.22044604925031e-016 0.180029348333158
  endloop
endfacet
facet normal -0.322085522723754 -0.553161265479354 0.768292607295583
  outer loop
    vertex 1.15114189106761 2.22044604925031e-016 0.181976067440409
    vertex 1.17445377537635 -0.125 0.102001237430884
    vertex 1.18323158793562 -0.125 0.105430320628977
  endloop
endfacet
facet normal -0.0851930567039711 -0.553161265479355 0.828706677578208
  outer loop
    vertex 1.12863458595327 -0.125 0.0915065890287224
    vertex 1.12545362818639 -2.22044604925031e-016 0.174748999450103
    vertex 1.12014671806722 0.0 0.174071448979847
  endloop
endfacet
facet normal -0.125753147304526 -0.553161265479355 0.82352823893069
  outer loop
    vertex 1.12545362818639 -2.22044604925031e-016 0.174748999450103
    vertex 1.12863458595327 -0.125 0.0915065890287224
    vertex 1.13798253772282 -0.125 0.0927000724258699
  endloop
endfacet
facet normal -0.359395888048893 -0.553161265479356 0.751563177668268
  outer loop
    vertex 1.19183057009763 -0.125 0.109285980194148
    vertex 1.16079203474775 0.0 0.186590745302196
    vertex 1.15602360489917 0.0 0.184164957506053
  endloop
endfacet
facet normal -0.395840437200377 -0.553161265479356 0.733023166516783
  outer loop
    vertex 1.16079203474775 0.0 0.186590745302196
    vertex 1.19183057009763 -0.125 0.109285980194148
    vertex 1.20023000616117 -0.125 0.113558927504787
  endloop
endfacet
facet normal -0.395840437200376 -0.553161265479356 0.733023166516783
  outer loop
    vertex 1.20023000616117 -0.125 0.113558927504787
    vertex 1.16543569304817 2.22044604925031e-016 0.189247586893566
    vertex 1.16079203474775 0.0 0.186590745302196
  endloop
endfacet
facet normal -0.431331372067115 -0.553161265479356 0.712717238351913
  outer loop
    vertex 1.16543569304817 2.22044604925031e-016 0.189247586893566
    vertex 1.20023000616117 -0.125 0.113558927504787
    vertex 1.20840966114907 -0.125 0.118238868656557
  endloop
endfacet
facet normal 0.0781165565778248 -0.553161265479354 0.82940365200649
  outer loop
    vertex 1.09099634684044 -0.125 0.0913459561690882
    vertex 1.09346667606223 2.22044604925031e-016 0.174612485210548
    vertex 1.08163854866007 -0.125 0.0924596069763782
  endloop
endfacet
facet normal 0.118719370046943 -0.553161265479353 0.82457160122632
  outer loop
    vertex 1.09346667606223 2.22044604925031e-016 0.174612485210548
    vertex 1.09099634684044 -0.125 0.0913459561690882
    vertex 1.09877917607087 0.0 0.173980256366826
  endloop
endfacet
facet normal -0.431331372067115 -0.553161265479356 0.712717238351913
  outer loop
    vertex 1.20840966114907 -0.125 0.118238868656557
    vertex 1.16994339282085 0.0 0.192129081716056
    vertex 1.16543569304817 2.22044604925031e-016 0.189247586893566
  endloop
endfacet
facet normal -0.465783191878356 -0.553161265479355 0.69069431193321
  outer loop
    vertex 1.16994339282085 0.0 0.192129081716056
    vertex 1.20840966114907 -0.125 0.118238868656557
    vertex 1.216349829556 -0.125 0.123314529261309
  endloop
endfacet
facet normal 0.0373255534817043 -0.553161265479354 0.832237596741798
  outer loop
    vertex 1.1003975173982 -0.125 0.0906928121965039
    vertex 1.09877917607087 0.0 0.173980256366826
    vertex 1.09099634684044 -0.125 0.0913459561690882
  endloop
endfacet
facet normal 0.0781165565778248 -0.553161265479354 0.82940365200649
  outer loop
    vertex 1.09877917607087 0.0 0.173980256366826
    vertex 1.1003975173982 -0.125 0.0906928121965039
    vertex 1.1041162989396 0.0 0.173609461090724
  endloop
endfacet
facet normal -0.166010287558542 -0.553161265479356 0.816365848623035
  outer loop
    vertex 1.14726066802042 -0.125 0.0943508004730534
    vertex 1.13593584441099 2.22044604925031e-016 0.176880587551971
    vertex 1.13072090007409 0.0 0.175686131518557
  endloop
endfacet
facet normal -0.205867494489047 -0.553161265479354 0.807236761480844
  outer loop
    vertex 1.13593584441099 2.22044604925031e-016 0.176880587551971
    vertex 1.14726066802042 -0.125 0.0943508004730534
    vertex 1.15644662501753 -0.125 0.0964547964218213
  endloop
endfacet
facet normal -0.00355537014209786 -0.553161265479354 0.833066608211152
  outer loop
    vertex 1.10981941209004 -0.125 0.0905017485396636
    vertex 1.1041162989396 0.0 0.173609461090724
    vertex 1.1003975173982 -0.125 0.0906928121965039
  endloop
endfacet
facet normal 0.0373255534817041 -0.553161265479354 0.832237596741798
  outer loop
    vertex 1.1041162989396 0.0 0.173609461090724
    vertex 1.10981941209004 -0.125 0.0905017485396636
    vertex 1.10946518707195 2.22044604925031e-016 0.173500992660538
  endloop
endfacet
facet normal -0.125753147304526 -0.553161265479355 0.82352823893069
  outer loop
    vertex 1.13798253772282 -0.125 0.0927000724258699
    vertex 1.13072090007409 0.0 0.175686131518557
    vertex 1.12545362818639 -2.22044604925031e-016 0.174748999450103
  endloop
endfacet
facet normal -0.166010287558543 -0.553161265479356 0.816365848623035
  outer loop
    vertex 1.13072090007409 0.0 0.175686131518557
    vertex 1.13798253772282 -0.125 0.0927000724258699
    vertex 1.14726066802042 -0.125 0.0943508004730534
  endloop
endfacet
facet normal -0.805858253042501 -1.20707490486418e-015 -0.592108500195099
  outer loop
    vertex 4.29841007771297 -0.312499999999998 0.236447595013658
    vertex 4.30037586639768 4.44089209850063e-016 0.233629758248269
    vertex 4.30037586639768 -0.312499999999999 0.23362975824827
  endloop
endfacet
facet normal -0.833940948538332 -1.36709541564499e-015 -0.55185368926101
  outer loop
    vertex 4.30037586639768 4.44089209850063e-016 0.233629758248269
    vertex 4.29841007771297 -0.312499999999998 0.236447595013658
    vertex 4.29841007771297 6.66133814775094e-016 0.236447595013658
  endloop
endfacet
facet normal -0.775834174430194 -9.88581415312349e-016 -0.630936869889706
  outer loop
    vertex 4.29630839221011 4.44089209850063e-016 0.239165580892279
    vertex 4.29841007771297 -0.312499999999998 0.236447595013658
    vertex 4.29630839221011 -0.312499999999998 0.239165580892279
  endloop
endfacet
facet normal -0.805858253042501 -1.20707490486418e-015 -0.592108500195099
  outer loop
    vertex 4.29841007771297 -0.312499999999998 0.236447595013658
    vertex 4.29630839221011 4.44089209850063e-016 0.239165580892279
    vertex 4.29841007771297 6.66133814775094e-016 0.236447595013658
  endloop
endfacet
facet normal -0.00355537014209786 -0.553161265479354 0.833066608211152
  outer loop
    vertex 1.10981941209004 -0.125 0.0905017485396636
    vertex 1.11481295452789 -2.22044604925031e-016 0.173655112386219
    vertex 1.10946518707195 2.22044604925031e-016 0.173500992660538
  endloop
endfacet
facet normal -0.0444277285677999 -0.553161265479354 0.831888689253307
  outer loop
    vertex 1.11481295452789 -2.22044604925031e-016 0.173655112386219
    vertex 1.10981941209004 -0.125 0.0905017485396636
    vertex 1.11923933274638 -0.125 0.090773225487652
  endloop
endfacet
facet normal -0.0444277285678003 -0.553161265479354 0.831888689253307
  outer loop
    vertex 1.11923933274638 -0.125 0.090773225487652
    vertex 1.12014671806722 0.0 0.174071448979847
    vertex 1.11481295452789 -2.22044604925031e-016 0.173655112386219
  endloop
endfacet
facet normal -0.0851930567039708 -0.553161265479355 0.828706677578208
  outer loop
    vertex 1.12014671806722 0.0 0.174071448979847
    vertex 1.11923933274638 -0.125 0.090773225487652
    vertex 1.12863458595327 -0.125 0.0915065890287224
  endloop
endfacet
facet normal -0.743941043336684 -1.01504938514537e-015 -0.668245257401148
  outer loop
    vertex 4.29407587303357 2.22044604925031e-016 0.241777168018081
    vertex 4.29630839221011 -0.312499999999998 0.239165580892279
    vertex 4.29407587303357 -0.312499999999998 0.241777168018082
  endloop
endfacet
facet normal -0.775834174430193 -9.88581415312395e-016 -0.630936869889708
  outer loop
    vertex 4.29630839221011 -0.312499999999998 0.239165580892279
    vertex 4.29407587303357 2.22044604925031e-016 0.241777168018081
    vertex 4.29630839221011 4.44089209850063e-016 0.239165580892279
  endloop
endfacet
facet normal -1.0 7.94685954468533e-016 1.40238697847388e-016
  outer loop
    vertex 0.0 0.0 0.625
    vertex 0.0 -0.125 0.375
    vertex 1.11022302462516e-016 -0.125 0.625
  endloop
endfacet
facet normal -1.0 7.94685954468533e-016 1.40238697847388e-016
  outer loop
    vertex -2.77555756156289e-016 -0.3125 0.374999999999999
    vertex 0.0 0.0 0.0
    vertex -2.22044604925031e-016 -0.3125 -2.22044604925031e-016
  endloop
endfacet
facet normal -1.0 7.94685954468533e-016 1.40238697847388e-016
  outer loop
    vertex 0.0 0.0 0.0
    vertex -2.77555756156289e-016 -0.3125 0.374999999999999
    vertex 0.0 -0.125 0.375
  endloop
endfacet
facet normal -1.0 7.94685954468533e-016 1.40238697847388e-016
  outer loop
    vertex 0.0 0.0 0.0
    vertex 0.0 -0.125 0.375
    vertex 0.0 0.0 0.625
  endloop
endfacet
facet normal 1.0 0.0 0.0
  outer loop
    vertex 4.5 1.33226762955019e-015 0.0
    vertex 4.5 -0.312499999999999 0.374999999999999
    vertex 4.5 -0.312499999999999 0.0
  endloop
endfacet
facet normal 1.0 0.0 0.0
  outer loop
    vertex 4.5 -0.312499999999999 0.374999999999999
    vertex 4.5 1.33226762955019e-015 0.0
    vertex 4.5 -0.124999999999998 0.375
  endloop
endfacet
facet normal 1.0 0.0 0.0
  outer loop
    vertex 4.5 -0.124999999999998 0.375
    vertex 4.5 1.33226762955019e-015 0.0
    vertex 4.5 1.11022302462516e-015 0.625
  endloop
endfacet
facet normal 1.0 0.0 0.0
  outer loop
    vertex 4.5 1.11022302462516e-015 0.625
    vertex 4.5 -0.124999999999999 0.625
    vertex 4.5 -0.124999999999998 0.375
  endloop
endfacet
facet normal -0.507975314014053 -0.553161265479353 0.660283041373626
  outer loop
    vertex 3.50807391835707 -0.124999999999999 0.130323465539127
    vertex 3.46162282942601 1.11022302462516e-015 0.19947340206979
    vertex 3.4574638390673 1.11022302462516e-015 0.196108113248776
  endloop
endfacet
facet normal -0.539761988739667 -0.553161265479354 0.634562534258901
  outer loop
    vertex 3.46162282942601 1.11022302462516e-015 0.19947340206979
    vertex 3.50807391835707 -0.124999999999999 0.130323465539127
    vertex 3.51539984632838 -0.124999999999999 0.136251313737609
  endloop
endfacet
facet normal -0.474964882263609 -0.553161265479353 0.684412868807707
  outer loop
    vertex 3.50046594906198 -0.124999999999999 0.12476222394125
    vertex 3.4574638390673 1.11022302462516e-015 0.196108113248776
    vertex 3.45314473149873 8.88178419700125e-016 0.192950950049981
  endloop
endfacet
facet normal -0.507975314014053 -0.553161265479353 0.660283041373625
  outer loop
    vertex 3.4574638390673 1.11022302462516e-015 0.196108113248776
    vertex 3.50046594906198 -0.124999999999999 0.12476222394125
    vertex 3.50807391835707 -0.124999999999999 0.130323465539127
  endloop
endfacet
facet normal -0.440810218509768 -0.553161265479355 0.706893885693354
  outer loop
    vertex 3.49259426670751 -0.124999999999999 0.119580986462097
    vertex 3.45314473149873 8.88178419700125e-016 0.192950950049981
    vertex 3.44867591182874 8.88178419700125e-016 0.190009518356087
  endloop
endfacet
facet normal -0.474964882263609 -0.553161265479353 0.684412868807707
  outer loop
    vertex 3.45314473149873 8.88178419700125e-016 0.192950950049981
    vertex 3.49259426670751 -0.124999999999999 0.119580986462097
    vertex 3.50046594906198 -0.124999999999999 0.12476222394125
  endloop
endfacet
facet normal -0.405593604329107 -0.553161265479355 0.727671933291784
  outer loop
    vertex 3.48447783486593 -0.124999999999999 0.114792235156576
    vertex 3.44867591182874 8.88178419700125e-016 0.190009518356087
    vertex 3.44406814583535 6.66133814775094e-016 0.187290904333682
  endloop
endfacet
facet normal -0.440810218509768 -0.553161265479355 0.706893885693354
  outer loop
    vertex 3.44867591182874 8.88178419700125e-016 0.190009518356087
    vertex 3.48447783486593 -0.124999999999999 0.114792235156576
    vertex 3.49259426670751 -0.124999999999999 0.119580986462097
  endloop
endfacet
facet normal -0.369399879629837 -0.553161265479354 0.746696955466368
  outer loop
    vertex 3.47613620673248 -0.124999999999999 0.110407506546029
    vertex 3.44406814583535 6.66133814775094e-016 0.187290904333682
    vertex 3.43933253403042 8.88178419700125e-016 0.184801657362069
  endloop
endfacet
facet normal -0.405593604329107 -0.553161265479355 0.727671933291784
  outer loop
    vertex 3.44406814583535 6.66133814775094e-016 0.187290904333682
    vertex 3.47613620673248 -0.124999999999999 0.110407506546029
    vertex 3.48447783486593 -0.124999999999999 0.114792235156576
  endloop
endfacet
facet normal -0.332316238264924 -0.553161265479354 0.763923119272306
  outer loop
    vertex 3.46758947801995 -0.124999999999999 0.106437363825735
    vertex 3.43933253403042 8.88178419700125e-016 0.184801657362069
    vertex 3.43448048491758 8.88178419700125e-016 0.182547774255235
  endloop
endfacet
facet normal -0.369399879629836 -0.553161265479354 0.746696955466368
  outer loop
    vertex 3.43933253403042 8.88178419700125e-016 0.184801657362069
    vertex 3.46758947801995 -0.124999999999999 0.106437363825735
    vertex 3.47613620673248 -0.124999999999999 0.110407506546029
  endloop
endfacet
facet normal -0.294432017974572 -0.553161265479354 0.779308925372154
  outer loop
    vertex 3.45885823854643 -0.124999999999999 0.10289137141725
    vertex 3.43448048491758 8.88178419700125e-016 0.182547774255235
    vertex 3.42952368750813 6.66133814775094e-016 0.180534684815002
  endloop
endfacet
facet normal -0.332316238264925 -0.553161265479354 0.763923119272306
  outer loop
    vertex 3.43448048491758 8.88178419700125e-016 0.182547774255235
    vertex 3.45885823854643 -0.124999999999999 0.10289137141725
    vertex 3.46758947801995 -0.124999999999999 0.106437363825735
  endloop
endfacet
facet normal -0.255838485163707 -0.553161265479355 0.792817308011385
  outer loop
    vertex 3.44996352263256 -0.124999999999999 0.0997780719268783
    vertex 3.42952368750813 6.66133814775094e-016 0.180534684815002
    vertex 3.4244740831612 1.11022302462516e-015 0.178767238750155
  endloop
endfacet
facet normal -0.294432017974572 -0.553161265479354 0.779308925372154
  outer loop
    vertex 3.42952368750813 6.66133814775094e-016 0.180534684815002
    vertex 3.44996352263256 -0.124999999999999 0.0997780719268783
    vertex 3.45885823854643 -0.124999999999999 0.10289137141725
  endloop
endfacet
facet normal -4.11431153594553e-014 1.0 8.89912070697069e-016
  outer loop
    vertex 3.81171064551812 -0.4759967571835 0.0744944885300231
    vertex 3.87628935448188 -0.475996757183497 0.315505511469974
    vertex 3.844 -0.475996757183499 0.0702435143669988
  endloop
endfacet
facet normal -4.11431153594553e-014 1.0 8.89912070697069e-016
  outer loop
    vertex 3.87628935448188 -0.475996757183497 0.315505511469974
    vertex 3.81171064551812 -0.4759967571835 0.0744944885300231
    vertex 3.844 -0.475996757183499 0.319756485632999
  endloop
endfacet
facet normal -0.130526192220057 -4.05566494079696e-015 -0.99144486137381
  outer loop
    vertex 3.87628935448188 -0.312499999999998 0.315505511469974
    vertex 3.844 -0.475996757183499 0.319756485632999
    vertex 3.844 -0.312499999999999 0.319756485632998
  endloop
endfacet
facet normal -0.130526192220057 -4.05566494079696e-015 -0.99144486137381
  outer loop
    vertex 3.844 -0.475996757183499 0.319756485632999
    vertex 3.87628935448188 -0.312499999999998 0.315505511469974
    vertex 3.87628935448188 -0.475996757183497 0.315505511469974
  endloop
endfacet
facet normal -0.99144486137381 -3.44101325829833e-015 0.130526192220054
  outer loop
    vertex 3.82785532275906 -0.639493514366999 0.197125487081512
    vertex 3.81171064551812 -0.4759967571835 0.0744944885300231
    vertex 3.81171064551812 -0.639493514367 0.0744944885300239
  endloop
endfacet
facet normal -0.99144486137381 -3.44101325829833e-015 0.130526192220054
  outer loop
    vertex 3.81171064551812 -0.4759967571835 0.0744944885300231
    vertex 3.82785532275906 -0.639493514366999 0.197125487081512
    vertex 3.844 -0.639493514366998 0.319756485632999
  endloop
endfacet
facet normal -0.99144486137381 -3.44101325829833e-015 0.130526192220054
  outer loop
    vertex 3.81171064551812 -0.4759967571835 0.0744944885300231
    vertex 3.844 -0.639493514366998 0.319756485632999
    vertex 3.844 -0.475996757183499 0.319756485632999
  endloop
endfacet
facet normal 0.991298510290025 -0.0171815625937128 -0.130506924734345
  outer loop
    vertex 3.87628935448188 -0.639493514366997 0.315505511469975
    vertex 3.87518912140825 -0.671782868848878 0.311399385739023
    vertex 3.86014467724094 -0.639493514366998 0.192874512918487
  endloop
endfacet
facet normal -0.99144486137381 -3.14322545623845e-015 0.130526192220053
  outer loop
    vertex 3.82813514844193 -0.762087673168448 0.199250974163023
    vertex 3.82697491718325 -0.761929537482635 0.190438142808178
    vertex 3.82757549707619 -0.762087673168448 0.194999999999999
  endloop
endfacet
facet normal -0.99144486137381 -3.14322545623845e-015 0.130526192220053
  outer loop
    vertex 3.82697491718325 -0.761929537482635 0.190438142808178
    vertex 3.82813514844193 -0.762087673168448 0.199250974163023
    vertex 3.82874659321844 -0.761924010883705 0.203895358338895
  endloop
endfacet
facet normal -0.99144486137381 -3.14322545623845e-015 0.130526192220053
  outer loop
    vertex 3.82697491718325 -0.761929537482635 0.190438142808178
    vertex 3.82874659321844 -0.761924010883705 0.203895358338895
    vertex 3.82622437915882 -0.761547764165251 0.184737240522329
  endloop
endfacet
facet normal -0.99144486137381 -3.14322545623845e-015 0.130526192220053
  outer loop
    vertex 3.82622437915882 -0.761547764165251 0.184737240522329
    vertex 3.82874659321844 -0.761924010883705 0.203895358338895
    vertex 3.82948626635931 -0.761547764165251 0.209513733640693
  endloop
endfacet
facet normal -0.99144486137381 -3.14322545623845e-015 0.130526192220053
  outer loop
    vertex 3.82622437915882 -0.761547764165251 0.184737240522329
    vertex 3.82948626635931 -0.761547764165251 0.209513733640693
    vertex 3.82508533406479 -0.760728377696755 0.176085334064788
  endloop
endfacet
facet normal -0.99144486137381 -3.14322545623845e-015 0.130526192220053
  outer loop
    vertex 3.82508533406479 -0.760728377696755 0.176085334064788
    vertex 3.82948626635931 -0.761547764165251 0.209513733640693
    vertex 3.82785532275906 -0.639493514366999 0.197125487081512
  endloop
endfacet
facet normal -0.99144486137381 -3.14322545623845e-015 0.130526192220053
  outer loop
    vertex 3.82508533406479 -0.760728377696755 0.176085334064788
    vertex 3.82785532275906 -0.639493514366999 0.197125487081512
    vertex 3.8242574994243 -0.759999025836975 0.169797305689634
  endloop
endfacet
facet normal -0.99144486137381 -3.14322545623845e-015 0.130526192220053
  outer loop
    vertex 3.8242574994243 -0.759999025836975 0.169797305689634
    vertex 3.82785532275906 -0.639493514366999 0.197125487081512
    vertex 3.82272394302023 -0.755748051673951 0.1581487883263
  endloop
endfacet
facet normal -0.99144486137381 -3.14322545623845e-015 0.130526192220053
  outer loop
    vertex 3.82272394302023 -0.755748051673951 0.1581487883263
    vertex 3.82785532275906 -0.639493514366999 0.197125487081512
    vertex 3.8200677454121 -0.747535800212046 0.137972964420153
  endloop
endfacet
facet normal -0.991298510290024 -0.0171815625937266 0.130506924734349
  outer loop
    vertex 3.82785532275906 -0.639493514366999 0.197125487081512
    vertex 3.81171064551812 -0.639493514367 0.0744944885300239
    vertex 3.81281087859175 -0.671782868848879 0.0786006142609764
  endloop
endfacet
facet normal -0.992426118718126 0.0147288861168648 0.121956790708156
  outer loop
    vertex 3.82785532275906 -0.639493514366999 0.197125487081512
    vertex 3.81281087859175 -0.671782868848879 0.0786006142609764
    vertex 3.81394992368578 -0.7018717571835 0.0915034948815422
  endloop
endfacet
facet normal -0.991444861373811 -1.16454877888668e-014 0.130526192220048
  outer loop
    vertex 3.82785532275906 -0.639493514366999 0.197125487081512
    vertex 3.83910452422422 -0.727709671355095 0.282571655375335
    vertex 3.84176072183234 -0.701871757183498 0.302747479281481
  endloop
endfacet
facet normal -0.614256207659925 0.495357065865093 -0.61425620765994
  outer loop
    vertex 3.92039743297593 -0.701871757183499 0.271397432975927
    vertex 3.92039743297593 -0.727709671355096 0.239108078494048
    vertex 3.9063782428165 -0.727709671355096 0.257378242816499
  endloop
endfacet
facet normal -0.617005258979333 0.701716476830776 -0.35622815236313
  outer loop
    vertex 3.92039743297593 -0.727709671355096 0.239108078494048
    vertex 3.92039743297593 -0.701871757183499 0.271397432975927
    vertex 3.93756736422475 -0.701871757183499 0.249021142922522
  endloop
endfacet
facet normal -0.81869134059786 6.86034710428676e-016 0.574233827660891
  outer loop
    vertex 0.315308393841851 -2.22044604925031e-016 0.15480363206374
    vertex 0.313267021080615 -0.3125 0.152040060744053
    vertex 0.315308393841851 -0.3125 0.15480363206374
  endloop
endfacet
facet normal -0.789528872580237 9.2721059003259e-016 0.613713417942104
  outer loop
    vertex 0.313267021080615 -0.3125 0.152040060744053
    vertex 0.315308393841851 -2.22044604925031e-016 0.15480363206374
    vertex 0.313267021080616 2.22044604925031e-016 0.152040060744052
  endloop
endfacet
facet normal 0.617005258979334 0.701716476830774 -0.356228152363132
  outer loop
    vertex 0.560102567024073 -0.727709671355096 0.239108078494048
    vertex 0.592391921505952 -0.747535800212046 0.239108078494048
    vertex 0.582478857077477 -0.747535800212046 0.22618912140825
  endloop
endfacet
facet normal 0.359256164196443 0.86131876617992 -0.359256164196468
  outer loop
    vertex 0.592391921505952 -0.747535800212046 0.239108078494048
    vertex 0.560102567024073 -0.727709671355096 0.239108078494048
    vertex 0.574121757183501 -0.727709671355096 0.2573782428165
  endloop
endfacet
facet normal -0.097392499912092 0.991419084236566 0.0871946120606225
  outer loop
    vertex 3.8585137336407 -0.761547764165251 0.180486266359304
    vertex 3.87196340125311 -0.759999025836976 0.17885532275906
    vertex 3.86683202151427 -0.759999025836975 0.172167978485726
  endloop
endfacet
facet normal -0.232881679485619 0.963165699389228 0.134454300340365
  outer loop
    vertex 3.87196340125311 -0.759999025836976 0.17885532275906
    vertex 3.8585137336407 -0.761547764165251 0.180486266359304
    vertex 3.85926427166513 -0.761929537482635 0.186187168645154
  endloop
endfacet
facet normal -0.839089584095765 0.495357065865083 -0.224833376435824
  outer loop
    vertex 0.740860834229037 -0.701871757183499 0.222963401253108
    vertex 0.724716156988097 -0.727709671355095 0.195
    vertex 0.721710264330774 -0.727709671355096 0.217832021514273
  endloop
endfacet
facet normal -0.712456304726261 0.701716476830779 -1.96172302608487e-016
  outer loop
    vertex 0.724716156988097 -0.727709671355095 0.195
    vertex 0.740860834229037 -0.701871757183499 0.222963401253108
    vertex 0.744542285845046 -0.7018717571835 0.195
  endloop
endfacet
facet normal -0.0678222874126078 0.854405553685684 0.51516141854877
  outer loop
    vertex 3.85235709989398 -0.747535800212046 0.133721990257129
    vertex 3.86683202151427 -0.727709671355095 0.109789735669226
    vertex 3.84889547577579 -0.727709671355096 0.107428344624664
  endloop
endfacet
facet normal -0.184397260466527 0.701716476830776 0.688179944837571
  outer loop
    vertex 3.86683202151427 -0.727709671355095 0.109789735669226
    vertex 3.85235709989398 -0.747535800212046 0.133721990257129
    vertex 3.86014467724094 -0.747535800212046 0.134747244265012
  endloop
endfacet
facet normal -0.183899355391462 0.95328012995743 -0.239662305995227
  outer loop
    vertex 0.656242500575702 -0.759999025836975 0.220202694310364
    vertex 0.659332021514273 -0.759999025836975 0.217832021514273
    vertex 0.655414665935213 -0.760728377696754 0.213914665935213
  endloop
endfacet
facet normal 0.701057384649975 0.130526192220055 0.701057384649981
  outer loop
    vertex 3.7557838430119 -0.639493514366999 0.106783843011903
    vertex 3.73963916577096 -0.671782868848877 0.134747244265012
    vertex 3.75878973566923 -0.67178286884888 0.109789735669226
  endloop
endfacet
facet normal 0.837132908138286 0.256147077833381 0.483318909861135
  outer loop
    vertex 3.73963916577096 -0.671782868848877 0.134747244265012
    vertex 3.7557838430119 -0.639493514366999 0.106783843011903
    vertex 3.73595771415495 -0.639493514366999 0.132621757183499
  endloop
endfacet
facet normal 0.837132908138286 0.256147077833384 -0.483318909861133
  outer loop
    vertex 0.532139165770964 -0.671782868848879 0.255252755734987
    vertex 0.560102567024073 -0.701871757183499 0.271397432975927
    vertex 0.54293263577525 -0.701871757183499 0.249021142922523
  endloop
endfacet
facet normal 0.614256207659929 0.495357065865094 -0.614256207659936
  outer loop
    vertex 0.560102567024073 -0.701871757183499 0.271397432975927
    vertex 0.532139165770964 -0.671782868848879 0.255252755734987
    vertex 0.551289735669227 -0.671782868848878 0.280210264330773
  endloop
endfacet
facet normal 0.4957224306869 0.130526192220046 -0.858616436401265
  outer loop
    vertex 0.5741217571835 -0.639493514366999 0.303042285845046
    vertex 0.551289735669227 -0.671782868848878 0.280210264330773
    vertex 0.548283843011903 -0.639493514366998 0.283216156988096
  endloop
endfacet
facet normal 0.683516157276997 0.256147077833384 -0.683516157276992
  outer loop
    vertex 0.551289735669227 -0.671782868848878 0.280210264330773
    vertex 0.5741217571835 -0.639493514366999 0.303042285845046
    vertex 0.576247244265012 -0.671782868848878 0.299360834229036
  endloop
endfacet
facet normal -0.250184277460499 0.256147077833386 0.933700434737494
  outer loop
    vertex 3.87518912140825 -0.671782868848879 0.0786006142609764
    vertex 3.844 -0.639493514366999 0.0702435143669995
    vertex 3.844 -0.671782868848879 0.0744944885300237
  endloop
endfacet
facet normal -0.129428307995569 0.129428307995561 0.98310560276036
  outer loop
    vertex 3.844 -0.639493514366999 0.0702435143669995
    vertex 3.87518912140825 -0.671782868848879 0.0786006142609764
    vertex 3.87628935448188 -0.639493514367 0.0744944885300239
  endloop
endfacet
facet normal -0.126452753382438 0.991443824788463 0.0323858526338949
  outer loop
    vertex 0.652364851558069 -0.762087673168448 0.190749025836975
    vertex 0.66878935448188 -0.759999025836975 0.195
    vertex 0.66768912140825 -0.759999025836975 0.186642900106023
  endloop
endfacet
facet normal -0.268908600680719 0.963165699389226 1.42858512203935e-015
  outer loop
    vertex 0.66878935448188 -0.759999025836975 0.195
    vertex 0.652364851558069 -0.762087673168448 0.190749025836975
    vertex 0.652924502923811 -0.762087673168448 0.195
  endloop
endfacet
facet normal 0.712456304726261 0.701716476830779 1.08683965353208e-015
  outer loop
    vertex 0.548283843011904 -0.727709671355095 0.195
    vertex 0.532139165770964 -0.701871757183499 0.222963401253108
    vertex 0.551289735669227 -0.727709671355096 0.217832021514273
  endloop
endfacet
facet normal 0.839089584095756 0.495357065865095 -0.224833376435829
  outer loop
    vertex 0.532139165770964 -0.701871757183499 0.222963401253108
    vertex 0.548283843011904 -0.727709671355095 0.195
    vertex 0.528457714154954 -0.7018717571835 0.195
  endloop
endfacet
facet normal -0.25974576230877 0.963165699389224 0.0695986672480404
  outer loop
    vertex 0.66768912140825 -0.759999025836975 0.186642900106023
    vertex 0.6988782428165 -0.747535800212046 0.195
    vertex 0.696752755734988 -0.747535800212046 0.17885532275906
  endloop
endfacet
facet normal -0.508064939772765 0.861318766179918 -1.16474242143742e-014
  outer loop
    vertex 0.6988782428165 -0.747535800212046 0.195
    vertex 0.66768912140825 -0.759999025836975 0.186642900106023
    vertex 0.66878935448188 -0.759999025836975 0.195
  endloop
endfacet
facet normal -0.268908600680719 0.963165699389226 1.42858512203935e-015
  outer loop
    vertex 0.66878935448188 -0.759999025836975 0.195
    vertex 0.696752755734988 -0.747535800212045 0.211144677240939
    vertex 0.6988782428165 -0.747535800212046 0.195
  endloop
endfacet
facet normal -0.490753046758516 0.861318766179918 -0.13149688256205
  outer loop
    vertex 0.696752755734988 -0.747535800212045 0.211144677240939
    vertex 0.66878935448188 -0.759999025836975 0.195
    vertex 0.66768912140825 -0.759999025836975 0.203357099893976
  endloop
endfacet
facet normal 0.837132908138286 0.256147077833381 0.483318909861135
  outer loop
    vertex 3.73963916577096 -0.671782868848877 0.134747244265012
    vertex 3.72349448853002 -0.639493514366999 0.16271064551812
    vertex 3.72760061426098 -0.671782868848879 0.16381087859175
  endloop
endfacet
facet normal 0.957662196942548 0.130526192220051 0.256604812292573
  outer loop
    vertex 3.72349448853002 -0.639493514366999 0.16271064551812
    vertex 3.73963916577096 -0.671782868848877 0.134747244265012
    vertex 3.73595771415495 -0.639493514366999 0.132621757183499
  endloop
endfacet
facet normal -0.957662196942547 0.130526192220054 0.256604812292576
  outer loop
    vertex 0.757005511469975 -0.639493514366999 0.16271064551812
    vertex 0.740860834229036 -0.671782868848878 0.134747244265012
    vertex 0.752899385739022 -0.671782868848879 0.16381087859175
  endloop
endfacet
facet normal -0.837132908138295 0.256147077833373 0.483318909861124
  outer loop
    vertex 0.740860834229036 -0.671782868848878 0.134747244265012
    vertex 0.757005511469975 -0.639493514366999 0.16271064551812
    vertex 0.744542285845045 -0.639493514366998 0.1326217571835
  endloop
endfacet
facet normal -0.508064939772765 0.861318766179918 -1.16474242143742e-014
  outer loop
    vertex 0.6988782428165 -0.747535800212046 0.195
    vertex 0.721710264330774 -0.727709671355096 0.217832021514273
    vertex 0.724716156988097 -0.727709671355095 0.195
  endloop
endfacet
facet normal -0.68817994483757 0.70171647683078 -0.184397260466516
  outer loop
    vertex 0.721710264330774 -0.727709671355096 0.217832021514273
    vertex 0.6988782428165 -0.747535800212046 0.195
    vertex 0.696752755734988 -0.747535800212045 0.211144677240939
  endloop
endfacet
facet normal -0.232881679485619 0.963165699389228 0.134454300340365
  outer loop
    vertex 0.664463401253109 -0.759999025836976 0.17885532275906
    vertex 0.696752755734988 -0.747535800212046 0.17885532275906
    vertex 0.690521142922523 -0.747535800212045 0.16381087859175
  endloop
endfacet
facet normal -0.49075304675851 0.86131876617992 0.131496882562057
  outer loop
    vertex 0.696752755734988 -0.747535800212046 0.17885532275906
    vertex 0.664463401253109 -0.759999025836976 0.17885532275906
    vertex 0.66768912140825 -0.759999025836975 0.186642900106023
  endloop
endfacet
facet normal -0.868689459644546 0.495357065865086 1.66586757528371e-015
  outer loop
    vertex 0.744542285845046 -0.7018717571835 0.195
    vertex 0.721710264330774 -0.727709671355095 0.172167978485726
    vertex 0.724716156988097 -0.727709671355095 0.195
  endloop
endfacet
facet normal -0.688179944837573 0.701716476830776 0.184397260466521
  outer loop
    vertex 0.721710264330774 -0.727709671355095 0.172167978485726
    vertex 0.744542285845046 -0.7018717571835 0.195
    vertex 0.740860834229036 -0.701871757183499 0.167036598746891
  endloop
endfacet
facet normal -0.127199167877026 0.991435549730831 -0.029595986574488
  outer loop
    vertex 0.653525082816751 -0.761929537482635 0.199561857191821
    vertex 0.66878935448188 -0.759999025836975 0.195
    vertex 0.652924502923811 -0.762087673168448 0.195
  endloop
endfacet
facet normal -0.268908600680719 0.963165699389226 1.42858512203935e-015
  outer loop
    vertex 0.66878935448188 -0.759999025836975 0.195
    vertex 0.653525082816751 -0.761929537482635 0.199561857191821
    vertex 0.66768912140825 -0.759999025836975 0.203357099893976
  endloop
endfacet
facet normal 0.483318909861134 0.25614707783338 0.837132908138287
  outer loop
    vertex 3.78374724426501 -0.671782868848878 0.0906391657709634
    vertex 3.81171064551812 -0.639493514367 0.0744944885300239
    vertex 3.7816217571835 -0.639493514366999 0.086957714154953
  endloop
endfacet
facet normal 0.379464598687186 0.129428307995565 0.916108580591066
  outer loop
    vertex 3.81171064551812 -0.639493514367 0.0744944885300239
    vertex 3.78374724426501 -0.671782868848878 0.0906391657709634
    vertex 3.81281087859175 -0.671782868848879 0.0786006142609764
  endloop
endfacet
facet normal -0.434344729822268 0.495357065865092 -0.752307140051952
  outer loop
    vertex 3.89802114292252 -0.701871757183498 0.288567364224749
    vertex 3.9063782428165 -0.727709671355096 0.257378242816499
    vertex 3.88810807849405 -0.727709671355094 0.271397432975927
  endloop
endfacet
facet normal -0.503782684371035 0.701716476830778 -0.503782684371064
  outer loop
    vertex 3.9063782428165 -0.727709671355096 0.257378242816499
    vertex 3.89802114292252 -0.701871757183498 0.288567364224749
    vertex 3.92039743297593 -0.701871757183499 0.271397432975927
  endloop
endfacet
facet normal 0.439997144615426 0.861318766179917 0.254032469886384
  outer loop
    vertex 3.78997885707748 -0.747535800212045 0.16381087859175
    vertex 3.82116797848573 -0.759999025836975 0.172167978485726
    vertex 3.79989192150595 -0.747535800212046 0.150891921505951
  endloop
endfacet
facet normal 0.190147095060715 0.963165699389224 0.190147095060742
  outer loop
    vertex 3.82116797848573 -0.759999025836975 0.172167978485726
    vertex 3.78997885707748 -0.747535800212045 0.16381087859175
    vertex 3.81603659874689 -0.759999025836976 0.17885532275906
  endloop
endfacet
facet normal 0.614256207659933 0.495357065865093 0.614256207659934
  outer loop
    vertex 3.76760256702407 -0.701871757183499 0.118602567024072
    vertex 3.73963916577096 -0.671782868848877 0.134747244265012
    vertex 3.75043263577525 -0.701871757183499 0.140978857077476
  endloop
endfacet
facet normal 0.837132908138286 0.256147077833381 0.483318909861135
  outer loop
    vertex 3.73963916577096 -0.671782868848877 0.134747244265012
    vertex 3.76760256702407 -0.701871757183499 0.118602567024072
    vertex 3.75878973566923 -0.67178286884888 0.109789735669226
  endloop
endfacet
facet normal -0.495722430686908 0.130526192220041 -0.858616436401261
  outer loop
    vertex 3.9063782428165 -0.639493514366998 0.303042285845045
    vertex 3.92921026433077 -0.671782868848879 0.280210264330772
    vertex 3.90425275573499 -0.671782868848878 0.299360834229036
  endloop
endfacet
facet normal -0.683516157276997 0.25614707783338 -0.683516157276993
  outer loop
    vertex 3.92921026433077 -0.671782868848879 0.280210264330772
    vertex 3.9063782428165 -0.639493514366998 0.303042285845045
    vertex 3.9322161569881 -0.639493514366998 0.283216156988096
  endloop
endfacet
facet normal 0.107697826843071 -0.553161265479355 0.826083405272469
  outer loop
    vertex 3.36617870211561 -0.124999999999999 0.092111178974882
    vertex 3.3716222205893 4.44089209850063e-016 0.175236298473761
    vertex 3.35686666379032 -0.124999999999999 0.0935584340088272
  endloop
endfacet
facet normal 0.148102091591191 -0.553161265479354 0.819803869739338
  outer loop
    vertex 3.3716222205893 4.44089209850063e-016 0.175236298473761
    vertex 3.36617870211561 -0.124999999999999 0.092111178974882
    vertex 3.37690874234689 6.66133814775094e-016 0.174414679730532
  endloop
endfacet
facet normal -0.483318909861134 0.256147077833381 -0.837132908138287
  outer loop
    vertex 3.90425275573499 -0.671782868848878 0.299360834229036
    vertex 3.92039743297593 -0.701871757183499 0.271397432975927
    vertex 3.89802114292252 -0.701871757183498 0.288567364224749
  endloop
endfacet
facet normal -0.614256207659925 0.495357065865093 -0.61425620765994
  outer loop
    vertex 3.92039743297593 -0.701871757183499 0.271397432975927
    vertex 3.90425275573499 -0.671782868848878 0.299360834229036
    vertex 3.92921026433077 -0.671782868848879 0.280210264330772
  endloop
endfacet
facet normal -0.254032469886392 0.861318766179914 0.439997144615428
  outer loop
    vertex 3.87518912140825 -0.747535800212045 0.140978857077476
    vertex 3.9063782428165 -0.727709671355096 0.1326217571835
    vertex 3.88810807849405 -0.727709671355095 0.118602567024072
  endloop
endfacet
facet normal -0.503782684371044 0.701716476830778 0.503782684371055
  outer loop
    vertex 3.9063782428165 -0.727709671355096 0.1326217571835
    vertex 3.87518912140825 -0.747535800212045 0.140978857077476
    vertex 3.88810807849405 -0.747535800212046 0.150891921505951
  endloop
endfacet
facet normal 0.0670341085968284 -0.553161265479354 0.830372833525946
  outer loop
    vertex 3.3755505371216 -0.124999999999999 0.0911225872868772
    vertex 3.37690874234689 6.66133814775094e-016 0.174414679730532
    vertex 3.36617870211561 -0.124999999999999 0.092111178974882
  endloop
endfacet
facet normal 0.10769782684307 -0.553161265479355 0.826083405272469
  outer loop
    vertex 3.37690874234689 6.66133814775094e-016 0.174414679730532
    vertex 3.3755505371216 -0.124999999999999 0.0911225872868772
    vertex 3.38222921117841 8.88178419700125e-016 0.173853447990988
  endloop
endfacet
facet normal -0.688179944837573 0.701716476830776 0.184397260466521
  outer loop
    vertex 0.721710264330774 -0.727709671355095 0.172167978485726
    vertex 0.73006736422475 -0.701871757183499 0.140978857077477
    vertex 0.712897432975927 -0.727709671355096 0.150891921505952
  endloop
endfacet
facet normal -0.752307140051955 0.495357065865086 0.43434472982227
  outer loop
    vertex 0.73006736422475 -0.701871757183499 0.140978857077477
    vertex 0.721710264330774 -0.727709671355095 0.172167978485726
    vertex 0.740860834229036 -0.701871757183499 0.167036598746891
  endloop
endfacet
facet normal -0.198844885432259 0.854405553685673 -0.480054019219203
  outer loop
    vertex 3.8679322545879 -0.747535800212045 0.252027035579845
    vertex 3.88810807849405 -0.727709671355094 0.271397432975927
    vertex 3.87518912140825 -0.747535800212045 0.249021142922522
  endloop
endfacet
facet normal -0.356228152363113 0.701716476830774 -0.617005258979345
  outer loop
    vertex 3.88810807849405 -0.727709671355094 0.271397432975927
    vertex 3.8679322545879 -0.747535800212045 0.252027035579845
    vertex 3.8713938787061 -0.727709671355094 0.278320681212311
  endloop
endfacet
facet normal -0.0739836242588476 0.991394557242138 0.107996551853244
  outer loop
    vertex 3.85737468854667 -0.760728377696755 0.171834359901762
    vertex 3.86014467724094 -0.759999025836975 0.167036598746891
    vertex 3.85654685390618 -0.759999025836975 0.165546331526611
  endloop
endfacet
facet normal -0.334323718997433 0.486590854534246 -0.807128856626597
  outer loop
    vertex 3.87405007631422 -0.701871757183498 0.298496505118456
    vertex 3.88810807849405 -0.727709671355094 0.271397432975927
    vertex 3.8713938787061 -0.727709671355094 0.278320681212311
  endloop
endfacet
facet normal -0.356228152363113 0.701716476830774 -0.617005258979345
  outer loop
    vertex 3.88810807849405 -0.727709671355094 0.271397432975927
    vertex 3.87405007631422 -0.701871757183498 0.298496505118456
    vertex 3.89802114292252 -0.701871757183498 0.288567364224749
  endloop
endfacet
facet normal 0.858616436401262 0.130526192220041 -0.495722430686907
  outer loop
    vertex 0.528457714154954 -0.639493514366999 0.257378242816499
    vertex 0.551289735669227 -0.671782868848878 0.280210264330773
    vertex 0.532139165770964 -0.671782868848879 0.255252755734987
  endloop
endfacet
facet normal 0.683516157276997 0.256147077833384 -0.683516157276992
  outer loop
    vertex 0.551289735669227 -0.671782868848878 0.280210264330773
    vertex 0.528457714154954 -0.639493514366999 0.257378242816499
    vertex 0.548283843011903 -0.639493514366998 0.283216156988096
  endloop
endfacet
facet normal -0.933700434737496 0.256147077833378 0.250184277460501
  outer loop
    vertex 0.752899385739022 -0.671782868848879 0.16381087859175
    vertex 0.73006736422475 -0.701871757183499 0.140978857077477
    vertex 0.740860834229036 -0.701871757183499 0.167036598746891
  endloop
endfacet
facet normal -0.752307140051955 0.495357065865086 0.43434472982227
  outer loop
    vertex 0.73006736422475 -0.701871757183499 0.140978857077477
    vertex 0.752899385739022 -0.671782868848879 0.16381087859175
    vertex 0.740860834229036 -0.671782868848878 0.134747244265012
  endloop
endfacet
facet normal -0.198844885432259 0.854405553685673 -0.480054019219203
  outer loop
    vertex 3.8679322545879 -0.747535800212045 0.252027035579845
    vertex 3.87518912140825 -0.747535800212045 0.249021142922522
    vertex 3.86527605697978 -0.755748051673951 0.231851211673701
  endloop
endfacet
facet normal -0.190147095060723 0.963165699389223 0.190147095060738
  outer loop
    vertex 3.86683202151427 -0.759999025836975 0.172167978485726
    vertex 3.89802114292252 -0.747535800212045 0.16381087859175
    vertex 3.88810807849405 -0.747535800212046 0.150891921505951
  endloop
endfacet
facet normal -0.439997144615418 0.86131876617992 0.25403246988639
  outer loop
    vertex 3.89802114292252 -0.747535800212045 0.16381087859175
    vertex 3.86683202151427 -0.759999025836975 0.172167978485726
    vertex 3.87196340125311 -0.759999025836976 0.17885532275906
  endloop
endfacet
facet normal 0.490753046758514 0.861318766179917 -0.131496882562059
  outer loop
    vertex 0.576247244265012 -0.747535800212045 0.211144677240939
    vertex 0.60421064551812 -0.759999025836976 0.195
    vertex 0.5741217571835 -0.747535800212046 0.195
  endloop
endfacet
facet normal 0.268908600680715 0.963165699389228 -1.19607674536941e-015
  outer loop
    vertex 0.60421064551812 -0.759999025836976 0.195
    vertex 0.576247244265012 -0.747535800212045 0.211144677240939
    vertex 0.60531087859175 -0.759999025836975 0.203357099893976
  endloop
endfacet
facet normal -0.254032469886356 0.861318766179913 -0.439997144615451
  outer loop
    vertex 3.87518912140825 -0.747535800212045 0.249021142922522
    vertex 3.9063782428165 -0.727709671355096 0.257378242816499
    vertex 3.88810807849405 -0.747535800212046 0.239108078494048
  endloop
endfacet
facet normal -0.503782684371035 0.701716476830778 -0.503782684371064
  outer loop
    vertex 3.9063782428165 -0.727709671355096 0.257378242816499
    vertex 3.87518912140825 -0.747535800212045 0.249021142922522
    vertex 3.88810807849405 -0.727709671355094 0.271397432975927
  endloop
endfacet
facet normal -0.439997144615418 0.86131876617992 0.25403246988639
  outer loop
    vertex 0.690521142922523 -0.747535800212045 0.16381087859175
    vertex 0.721710264330774 -0.727709671355095 0.172167978485726
    vertex 0.712897432975927 -0.727709671355096 0.150891921505952
  endloop
endfacet
facet normal -0.688179944837573 0.701716476830776 0.184397260466521
  outer loop
    vertex 0.721710264330774 -0.727709671355095 0.172167978485726
    vertex 0.690521142922523 -0.747535800212045 0.16381087859175
    vertex 0.696752755734988 -0.747535800212046 0.17885532275906
  endloop
endfacet
facet normal 0.503782684371042 0.701716476830779 0.503782684371055
  outer loop
    vertex 3.7816217571835 -0.727709671355096 0.1326217571835
    vertex 3.75043263577525 -0.701871757183499 0.140978857077476
    vertex 3.76760256702407 -0.727709671355096 0.150891921505951
  endloop
endfacet
facet normal 0.752307140051951 0.49535706586509 0.434344729822273
  outer loop
    vertex 3.75043263577525 -0.701871757183499 0.140978857077476
    vertex 3.7816217571835 -0.727709671355096 0.1326217571835
    vertex 3.76760256702407 -0.701871757183499 0.118602567024072
  endloop
endfacet
facet normal 0.688179944837572 0.701716476830777 -0.184397260466523
  outer loop
    vertex 0.551289735669227 -0.727709671355096 0.217832021514273
    vertex 0.5741217571835 -0.747535800212046 0.195
    vertex 0.548283843011904 -0.727709671355095 0.195
  endloop
endfacet
facet normal 0.508064939772767 0.861318766179917 -3.08921659964899e-015
  outer loop
    vertex 0.5741217571835 -0.747535800212046 0.195
    vertex 0.551289735669227 -0.727709671355096 0.217832021514273
    vertex 0.576247244265012 -0.747535800212045 0.211144677240939
  endloop
endfacet
facet normal 0.490753046758512 0.861318766179919 0.13149688256206
  outer loop
    vertex 3.78374724426501 -0.747535800212046 0.178855322759059
    vertex 3.81603659874689 -0.759999025836976 0.17885532275906
    vertex 3.78997885707748 -0.747535800212045 0.16381087859175
  endloop
endfacet
facet normal 0.232881679485619 0.963165699389229 0.134454300340355
  outer loop
    vertex 3.81603659874689 -0.759999025836976 0.17885532275906
    vertex 3.78374724426501 -0.747535800212046 0.178855322759059
    vertex 3.81281087859175 -0.759999025836975 0.186642900106022
  endloop
endfacet
facet normal 0.503782684371042 0.701716476830779 0.503782684371055
  outer loop
    vertex 3.7816217571835 -0.727709671355096 0.1326217571835
    vertex 3.81281087859175 -0.747535800212045 0.140978857077476
    vertex 3.79989192150595 -0.727709671355095 0.118602567024072
  endloop
endfacet
facet normal 0.254032469886387 0.861318766179915 0.439997144615429
  outer loop
    vertex 3.81281087859175 -0.747535800212045 0.140978857077476
    vertex 3.7816217571835 -0.727709671355096 0.1326217571835
    vertex 3.79989192150595 -0.747535800212046 0.150891921505951
  endloop
endfacet
facet normal 0.688179944837573 0.701716476830776 0.184397260466523
  outer loop
    vertex 3.75878973566923 -0.727709671355095 0.172167978485726
    vertex 3.73595771415495 -0.7018717571835 0.195
    vertex 3.7557838430119 -0.727709671355095 0.194999999999999
  endloop
endfacet
facet normal 0.868689459644538 0.495357065865099 -1.3716246611711e-015
  outer loop
    vertex 3.73595771415495 -0.7018717571835 0.195
    vertex 3.75878973566923 -0.727709671355095 0.172167978485726
    vertex 3.73963916577096 -0.7018717571835 0.167036598746891
  endloop
endfacet
facet normal 0.683516157276991 0.256147077833391 0.683516157276995
  outer loop
    vertex 3.75878973566923 -0.67178286884888 0.109789735669226
    vertex 3.7816217571835 -0.639493514366999 0.086957714154953
    vertex 3.7557838430119 -0.639493514366999 0.106783843011903
  endloop
endfacet
facet normal 0.495722430686905 0.130526192220053 0.858616436401261
  outer loop
    vertex 3.7816217571835 -0.639493514366999 0.086957714154953
    vertex 3.75878973566923 -0.67178286884888 0.109789735669226
    vertex 3.78374724426501 -0.671782868848878 0.0906391657709634
  endloop
endfacet
facet normal 0.617005258979329 0.701716476830778 0.356228152363133
  outer loop
    vertex 3.76760256702407 -0.727709671355096 0.150891921505951
    vertex 3.79989192150595 -0.747535800212046 0.150891921505951
    vertex 3.7816217571835 -0.727709671355096 0.1326217571835
  endloop
endfacet
facet normal 0.359256164196447 0.861318766179919 0.359256164196465
  outer loop
    vertex 3.79989192150595 -0.747535800212046 0.150891921505951
    vertex 3.76760256702407 -0.727709671355096 0.150891921505951
    vertex 3.78997885707748 -0.747535800212045 0.16381087859175
  endloop
endfacet
facet normal -0.136334844443775 0.923188101758921 0.359355727603236
  outer loop
    vertex 3.8550132975021 -0.75574805167395 0.153897814163273
    vertex 3.86014467724094 -0.747535800212046 0.134747244265012
    vertex 3.85235709989398 -0.747535800212046 0.133721990257129
  endloop
endfacet
facet normal 0.712456304726261 0.701716476830779 1.08683965353208e-015
  outer loop
    vertex 3.7557838430119 -0.727709671355095 0.194999999999999
    vertex 3.78374724426501 -0.747535800212046 0.178855322759059
    vertex 3.75878973566923 -0.727709671355095 0.172167978485726
  endloop
endfacet
facet normal 0.490753046758512 0.861318766179919 0.13149688256206
  outer loop
    vertex 3.78374724426501 -0.747535800212046 0.178855322759059
    vertex 3.7557838430119 -0.727709671355095 0.194999999999999
    vertex 3.7816217571835 -0.747535800212046 0.194999999999999
  endloop
endfacet
facet normal 0.503782684371042 0.701716476830779 0.503782684371055
  outer loop
    vertex 3.7816217571835 -0.727709671355096 0.1326217571835
    vertex 3.78997885707748 -0.7018717571835 0.10143263577525
    vertex 3.76760256702407 -0.701871757183499 0.118602567024072
  endloop
endfacet
facet normal 0.434344729822275 0.495357065865096 0.752307140051946
  outer loop
    vertex 3.78997885707748 -0.7018717571835 0.10143263577525
    vertex 3.7816217571835 -0.727709671355096 0.1326217571835
    vertex 3.79989192150595 -0.727709671355095 0.118602567024072
  endloop
endfacet
facet normal 0.688179944837573 0.701716476830776 0.184397260466523
  outer loop
    vertex 3.75878973566923 -0.727709671355095 0.172167978485726
    vertex 3.78997885707748 -0.747535800212045 0.16381087859175
    vertex 3.76760256702407 -0.727709671355096 0.150891921505951
  endloop
endfacet
facet normal 0.439997144615426 0.861318766179917 0.254032469886384
  outer loop
    vertex 3.78997885707748 -0.747535800212045 0.16381087859175
    vertex 3.75878973566923 -0.727709671355095 0.172167978485726
    vertex 3.78374724426501 -0.747535800212046 0.178855322759059
  endloop
endfacet
facet normal 0.752307140051951 0.49535706586509 0.434344729822273
  outer loop
    vertex 3.75043263577525 -0.701871757183499 0.140978857077476
    vertex 3.75878973566923 -0.727709671355095 0.172167978485726
    vertex 3.76760256702407 -0.727709671355096 0.150891921505951
  endloop
endfacet
facet normal 0.688179944837573 0.701716476830776 0.184397260466523
  outer loop
    vertex 3.75878973566923 -0.727709671355095 0.172167978485726
    vertex 3.75043263577525 -0.701871757183499 0.140978857077476
    vertex 3.73963916577096 -0.7018717571835 0.167036598746891
  endloop
endfacet
facet normal 0.752307140051951 0.49535706586509 0.434344729822273
  outer loop
    vertex 3.75043263577525 -0.701871757183499 0.140978857077476
    vertex 3.72760061426098 -0.671782868848879 0.16381087859175
    vertex 3.73963916577096 -0.7018717571835 0.167036598746891
  endloop
endfacet
facet normal 0.933700434737493 0.256147077833386 0.250184277460503
  outer loop
    vertex 3.72760061426098 -0.671782868848879 0.16381087859175
    vertex 3.75043263577525 -0.701871757183499 0.140978857077476
    vertex 3.73963916577096 -0.671782868848877 0.134747244265012
  endloop
endfacet
facet normal -0.99271325474555 -1.78399535150532e-016 0.120500596896848
  outer loop
    vertex 0.32748992783219 -0.3125 0.18656495821723
    vertex 0.32699233628768 -2.22044604925031e-016 0.183165409446563
    vertex 0.32699233628768 -0.312500000000001 0.183165409446563
  endloop
endfacet
facet normal -0.985604804109724 1.36742160123529e-016 0.169065579334861
  outer loop
    vertex 0.32699233628768 -2.22044604925031e-016 0.183165409446563
    vertex 0.32748992783219 -0.3125 0.18656495821723
    vertex 0.327489927832189 -2.22044604925031e-016 0.18656495821723
  endloop
endfacet
facet normal -0.950130047663921 9.71268163661285e-016 0.311853960254084
  outer loop
    vertex 0.324509103336474 0.0 0.173170222782213
    vertex 0.323357853809588 -0.3125 0.16993307068258
    vertex 0.324509103336474 -0.3125 0.173170222782213
  endloop
endfacet
facet normal -0.933683625851257 7.87991492890179e-016 0.358098990248856
  outer loop
    vertex 0.323357853809588 -0.3125 0.16993307068258
    vertex 0.324509103336474 0.0 0.173170222782213
    vertex 0.323357853809588 -2.22044604925031e-016 0.16993307068258
  endloop
endfacet
facet normal -0.985604804109724 1.36742160123529e-016 0.169065579334861
  outer loop
    vertex 0.32699233628768 -2.22044604925031e-016 0.183165409446563
    vertex 0.32632853616204 -0.3125 0.179794371241126
    vertex 0.32699233628768 -0.312500000000001 0.183165409446563
  endloop
endfacet
facet normal -0.976121945172033 8.65499057891134e-016 0.217223267983812
  outer loop
    vertex 0.32632853616204 -0.3125 0.179794371241126
    vertex 0.32699233628768 -2.22044604925031e-016 0.183165409446563
    vertex 0.32632853616204 -2.22044604925031e-016 0.179794371241126
  endloop
endfacet
facet normal -0.976121945172033 8.6549905789115e-016 0.217223267983813
  outer loop
    vertex 0.32632853616204 -2.22044604925031e-016 0.179794371241126
    vertex 0.325500126607912 -0.3125 0.176459964727226
    vertex 0.32632853616204 -0.3125 0.179794371241126
  endloop
endfacet
facet normal -0.964287522970194 1.1132810596686e-015 0.26485764675389
  outer loop
    vertex 0.325500126607912 -0.3125 0.176459964727226
    vertex 0.32632853616204 -2.22044604925031e-016 0.179794371241126
    vertex 0.325500126607913 -2.22044604925031e-016 0.176459964727226
  endloop
endfacet
facet normal -0.964287522970194 1.1132810596686e-015 0.26485764675389
  outer loop
    vertex 0.325500126607912 -0.3125 0.176459964727226
    vertex 0.324509103336474 0.0 0.173170222782213
    vertex 0.324509103336474 -0.3125 0.173170222782213
  endloop
endfacet
facet normal -0.950130047663921 9.71268163661285e-016 0.311853960254084
  outer loop
    vertex 0.324509103336474 0.0 0.173170222782213
    vertex 0.325500126607912 -0.3125 0.176459964727226
    vertex 0.325500126607913 -2.22044604925031e-016 0.176459964727226
  endloop
endfacet
facet normal -0.933683625851257 7.87991492890179e-016 0.358098990248856
  outer loop
    vertex 0.323357853809588 -0.3125 0.16993307068258
    vertex 0.322049151488203 0.0 0.166756307011277
    vertex 0.322049151488203 -0.312500000000001 0.166756307011277
  endloop
endfacet
facet normal -0.914987878402899 6.50923077556633e-016 0.403481328410326
  outer loop
    vertex 0.322049151488203 0.0 0.166756307011277
    vertex 0.323357853809588 -0.3125 0.16993307068258
    vertex 0.323357853809588 -2.22044604925031e-016 0.16993307068258
  endloop
endfacet
facet normal -0.914987878402899 6.50923077556633e-016 0.403481328410326
  outer loop
    vertex 0.322049151488203 0.0 0.166756307011277
    vertex 0.320586149150839 -0.3125 0.163647584870239
    vertex 0.322049151488203 -0.312500000000001 0.166756307011277
  endloop
endfacet
facet normal -0.894087845011945 6.34291889046901e-016 0.447891644710968
  outer loop
    vertex 0.320586149150839 -0.3125 0.163647584870239
    vertex 0.322049151488203 0.0 0.166756307011277
    vertex 0.32058614915084 2.22044604925031e-016 0.163647584870239
  endloop
endfacet
facet normal -0.997147048167358 3.34402041130896e-016 -0.0754835368217762
  outer loop
    vertex 0.327800293371714 2.22044604925031e-016 0.200283847577532
    vertex 0.327975481973586 -0.312499999999999 0.196852544888598
    vertex 0.327800293371714 -0.3125 0.200283847577532
  endloop
endfacet
facet normal -0.999649742479808 -1.70405049327788e-016 -0.0264649269799509
  outer loop
    vertex 0.327975481973586 -0.312499999999999 0.196852544888598
    vertex 0.327800293371714 2.22044604925031e-016 0.200283847577532
    vertex 0.327975481973586 -2.22044604925031e-016 0.196852544888598
  endloop
endfacet
facet normal -0.992242139276099 9.68707277312546e-016 -0.124320300211954
  outer loop
    vertex 0.327456949749327 -2.22044604925031e-016 0.203702421014841
    vertex 0.327800293371714 -0.3125 0.200283847577532
    vertex 0.327456949749326 -0.3125 0.203702421014841
  endloop
endfacet
facet normal -0.997147048167358 3.34402041130928e-016 -0.0754835368217775
  outer loop
    vertex 0.327800293371714 -0.3125 0.200283847577532
    vertex 0.327456949749327 -2.22044604925031e-016 0.203702421014841
    vertex 0.327800293371714 2.22044604925031e-016 0.200283847577532
  endloop
endfacet
facet normal -0.984946832161142 9.79121706491163e-016 -0.172857565109922
  outer loop
    vertex 0.326946278251282 -0.3125 0.207100029557684
    vertex 0.327456949749327 -2.22044604925031e-016 0.203702421014841
    vertex 0.327456949749326 -0.3125 0.203702421014841
  endloop
endfacet
facet normal -0.992242139276099 9.68707277312546e-016 -0.124320300211954
  outer loop
    vertex 0.327456949749327 -2.22044604925031e-016 0.203702421014841
    vertex 0.326946278251282 -0.3125 0.207100029557684
    vertex 0.326946278251282 -2.22044604925031e-016 0.207100029557683
  endloop
endfacet
facet normal -0.975278701856385 3.39699655797235e-016 -0.220978400992775
  outer loop
    vertex 0.326269509129948 -0.3125 0.210468488069484
    vertex 0.326946278251282 -2.22044604925031e-016 0.207100029557683
    vertex 0.326946278251282 -0.3125 0.207100029557684
  endloop
endfacet
facet normal -0.984946832161142 9.79121706491163e-016 -0.172857565109922
  outer loop
    vertex 0.326946278251282 -2.22044604925031e-016 0.207100029557683
    vertex 0.326269509129948 -0.3125 0.210468488069484
    vertex 0.326269509129949 -2.22044604925031e-016 0.210468488069484
  endloop
endfacet
facet normal -0.963261039734595 -9.56149242782132e-016 -0.268566880551991
  outer loop
    vertex 0.325428272781419 -0.3125 0.213799681638645
    vertex 0.326269509129949 -2.22044604925031e-016 0.210468488069484
    vertex 0.326269509129948 -0.3125 0.210468488069484
  endloop
endfacet
facet normal -0.975278701856385 3.39699655797205e-016 -0.220978400992777
  outer loop
    vertex 0.326269509129949 -2.22044604925031e-016 0.210468488069484
    vertex 0.325428272781419 -0.3125 0.213799681638645
    vertex 0.325428272781419 0.0 0.213799681638645
  endloop
endfacet
facet normal -0.948922797396359 -1.07190825385644e-015 -0.315508358972418
  outer loop
    vertex 0.324424595817741 -0.312499999999999 0.217085585128082
    vertex 0.325428272781419 0.0 0.213799681638645
    vertex 0.325428272781419 -0.3125 0.213799681638645
  endloop
endfacet
facet normal -0.963261039734595 -9.56149242782168e-016 -0.268566880551992
  outer loop
    vertex 0.325428272781419 0.0 0.213799681638645
    vertex 0.324424595817741 -0.312499999999999 0.217085585128082
    vertex 0.32442459581774 0.0 0.217085585128082
  endloop
endfacet
facet normal -0.932298516923265 6.85847708610478e-017 -0.361689750121123
  outer loop
    vertex 0.32326089618463 0.0 0.220318282508476
    vertex 0.324424595817741 -0.312499999999999 0.217085585128082
    vertex 0.32326089618463 -0.3125 0.220318282508476
  endloop
endfacet
facet normal -0.948922797396359 -1.07190825385644e-015 -0.315508358972418
  outer loop
    vertex 0.324424595817741 -0.312499999999999 0.217085585128082
    vertex 0.32326089618463 0.0 0.220318282508476
    vertex 0.32442459581774 0.0 0.217085585128082
  endloop
endfacet
facet normal -0.913428247663254 4.90760476593031e-016 -0.406999798981324
  outer loop
    vertex 0.321939977336429 0.0 0.223489985928687
    vertex 0.32326089618463 -0.3125 0.220318282508476
    vertex 0.321939977336429 -0.3125 0.223489985928688
  endloop
endfacet
facet normal -0.932298516923264 6.85847708610884e-017 -0.361689750121125
  outer loop
    vertex 0.32326089618463 -0.3125 0.220318282508476
    vertex 0.321939977336429 0.0 0.223489985928687
    vertex 0.32326089618463 0.0 0.220318282508476
  endloop
endfacet
facet normal -0.683516157276997 0.25614707783338 -0.683516157276993
  outer loop
    vertex 3.92921026433077 -0.671782868848879 0.280210264330772
    vertex 3.95204228584505 -0.639493514366999 0.257378242816499
    vertex 3.94836083422904 -0.671782868848879 0.255252755734987
  endloop
endfacet
facet normal -0.858616436401267 0.13052619222003 -0.495722430686901
  outer loop
    vertex 3.95204228584505 -0.639493514366999 0.257378242816499
    vertex 3.92921026433077 -0.671782868848879 0.280210264330772
    vertex 3.9322161569881 -0.639493514366998 0.283216156988096
  endloop
endfacet
facet normal -0.683516157276997 0.25614707783338 -0.683516157276993
  outer loop
    vertex 3.92921026433077 -0.671782868848879 0.280210264330772
    vertex 3.93756736422475 -0.701871757183499 0.249021142922522
    vertex 3.92039743297593 -0.701871757183499 0.271397432975927
  endloop
endfacet
facet normal -0.752307140051954 0.495357065865087 -0.434344729822271
  outer loop
    vertex 3.93756736422475 -0.701871757183499 0.249021142922522
    vertex 3.92921026433077 -0.671782868848879 0.280210264330772
    vertex 3.94836083422904 -0.671782868848879 0.255252755734987
  endloop
endfacet
facet normal 0.884016415433543 1.27261384103774e-015 0.467455855930835
  outer loop
    vertex 4.18011885091965 4.44089209850063e-016 0.162278090084844
    vertex 4.1785878014547 -0.312499999999999 0.165353869128469
    vertex 4.18011885091965 -0.312499999999999 0.162278090084844
  endloop
endfacet
facet normal 0.905888550647124 1.92354412897088e-015 0.423516155307508
  outer loop
    vertex 4.1785878014547 -0.312499999999999 0.165353869128469
    vertex 4.18011885091965 4.44089209850063e-016 0.162278090084844
    vertex 4.1785878014547 8.88178419700125e-016 0.165353869128469
  endloop
endfacet
facet normal 0.860014607244544 -5.07749380722495e-016 0.51026941445281
  outer loop
    vertex 4.18179897749288 6.66133814775094e-016 0.159281140988307
    vertex 4.18011885091965 -0.312499999999999 0.162278090084844
    vertex 4.18179897749288 -0.312499999999999 0.159281140988307
  endloop
endfacet
facet normal 0.884016415433543 1.2726138410377e-015 0.467455855930836
  outer loop
    vertex 4.18011885091965 -0.312499999999999 0.162278090084844
    vertex 4.18179897749288 6.66133814775094e-016 0.159281140988307
    vertex 4.18011885091965 4.44089209850063e-016 0.162278090084844
  endloop
endfacet
facet normal 0.169065579334833 -5.00360027217855e-016 0.985604804109729
  outer loop
    vertex 0.246165409446562 -0.3125 0.126007663712319
    vertex 0.242794371241126 0.0 0.126671463837959
    vertex 0.242794371241125 -0.3125 0.126671463837959
  endloop
endfacet
facet normal 0.217223267983943 -5.29045728736323e-016 0.976121945172004
  outer loop
    vertex 0.242794371241126 0.0 0.126671463837959
    vertex 0.246165409446562 -0.3125 0.126007663712319
    vertex 0.246165409446562 0.0 0.126007663712319
  endloop
endfacet
facet normal 0.120500596896696 -2.78572791861023e-016 0.992713254745568
  outer loop
    vertex 0.249564958217229 -0.3125 0.12551007216781
    vertex 0.246165409446562 0.0 0.126007663712319
    vertex 0.246165409446562 -0.3125 0.126007663712319
  endloop
endfacet
facet normal 0.169065579334834 -5.00360027217856e-016 0.985604804109729
  outer loop
    vertex 0.246165409446562 0.0 0.126007663712319
    vertex 0.249564958217229 -0.3125 0.12551007216781
    vertex 0.249564958217229 0.0 0.12551007216781
  endloop
endfacet
facet normal 0.0716453179660998 -5.9354478488504e-017 0.997430172199306
  outer loop
    vertex 0.252984827742373 -0.3125 0.125179887946049
    vertex 0.249564958217229 0.0 0.12551007216781
    vertex 0.249564958217229 -0.3125 0.12551007216781
  endloop
endfacet
facet normal 0.120500596896696 -2.78572791861022e-016 0.992713254745568
  outer loop
    vertex 0.249564958217229 0.0 0.12551007216781
    vertex 0.252984827742373 -0.3125 0.125179887946049
    vertex 0.252984827742373 0.0 0.125179887946049
  endloop
endfacet
facet normal -0.0264649269799686 -1.56145568770382e-016 0.999649742479807
  outer loop
    vertex 0.259852544888597 -0.3125 0.125024518026413
    vertex 0.256416779256764 -4.44089209850063e-016 0.125017906489744
    vertex 0.256416779256763 -0.3125 0.125017906489744
  endloop
endfacet
facet normal 0.0226174391891186 -1.99927511257574e-017 0.999744193003653
  outer loop
    vertex 0.256416779256764 -4.44089209850063e-016 0.125017906489744
    vertex 0.259852544888597 -0.3125 0.125024518026413
    vertex 0.259852544888597 0.0 0.125024518026413
  endloop
endfacet
facet normal 0.839089584095756 0.495357065865095 -0.224833376435829
  outer loop
    vertex 0.532139165770964 -0.701871757183499 0.222963401253108
    vertex 0.560102567024073 -0.727709671355096 0.239108078494048
    vertex 0.551289735669227 -0.727709671355096 0.217832021514273
  endloop
endfacet
facet normal 0.617005258979334 0.701716476830774 -0.356228152363132
  outer loop
    vertex 0.560102567024073 -0.727709671355096 0.239108078494048
    vertex 0.532139165770964 -0.701871757183499 0.222963401253108
    vertex 0.54293263577525 -0.701871757183499 0.249021142922523
  endloop
endfacet
facet normal -0.789528872580237 9.2721059003259e-016 0.613713417942104
  outer loop
    vertex 0.313267021080615 -0.3125 0.152040060744053
    vertex 0.311092505224778 0.0 0.149379983680879
    vertex 0.311092505224778 -0.3125 0.149379983680879
  endloop
endfacet
facet normal -0.758464360354051 9.81827856997439e-016 0.651714518844502
  outer loop
    vertex 0.311092505224778 0.0 0.149379983680879
    vertex 0.313267021080615 -0.3125 0.152040060744053
    vertex 0.313267021080616 2.22044604925031e-016 0.152040060744052
  endloop
endfacet
facet normal -0.0754835368219022 -2.89468672054506e-016 0.997147048167349
  outer loop
    vertex 0.263283847577531 -0.3125 0.125199706628285
    vertex 0.259852544888597 0.0 0.125024518026413
    vertex 0.259852544888597 -0.3125 0.125024518026413
  endloop
endfacet
facet normal -0.0264649269799702 -1.56145568770392e-016 0.999649742479807
  outer loop
    vertex 0.259852544888597 0.0 0.125024518026413
    vertex 0.263283847577531 -0.3125 0.125199706628285
    vertex 0.263283847577532 0.0 0.125199706628286
  endloop
endfacet
facet normal -0.5366224008732 2.81407809032632e-016 0.843822492519062
  outer loop
    vertex 0.295563568061123 -0.3125 0.135932425523666
    vertex 0.292620012590589 0.0 0.134160418079778
    vertex 0.292620012590588 -0.3125 0.134160418079778
  endloop
endfacet
facet normal -0.494571608436966 3.74366044619825e-016 0.869136884574618
  outer loop
    vertex 0.292620012590589 0.0 0.134160418079778
    vertex 0.295563568061123 -0.3125 0.135932425523666
    vertex 0.295563568061124 -2.22044604925031e-016 0.135932425523666
  endloop
endfacet
facet normal 0.991444861373811 0.13052619222005 2.17981938229178e-015
  outer loop
    vertex 0.511743514367 -0.639493514366999 0.195
    vertex 0.520100614260977 -0.671782868848879 0.22618912140825
    vertex 0.515994488530025 -0.671782868848879 0.195
  endloop
endfacet
facet normal 0.933700434737493 0.256147077833386 -0.250184277460505
  outer loop
    vertex 0.520100614260977 -0.671782868848879 0.22618912140825
    vertex 0.511743514367 -0.639493514366999 0.195
    vertex 0.515994488530025 -0.639493514367 0.227289354481879
  endloop
endfacet
facet normal 0.592108500195119 8.53671157214588e-016 -0.805858253042486
  outer loop
    vertex 4.20055240498634 8.88178419700125e-016 0.251410077712974
    vertex 4.19783441910772 -0.312499999999998 0.249308392210114
    vertex 4.19783441910772 8.88178419700125e-016 0.249308392210114
  endloop
endfacet
facet normal 0.630936869889652 1.56429680916924e-015 -0.775834174430238
  outer loop
    vertex 4.19783441910772 -0.312499999999998 0.249308392210114
    vertex 4.20055240498634 8.88178419700125e-016 0.251410077712974
    vertex 4.20055240498634 -0.312499999999998 0.251410077712974
  endloop
endfacet
facet normal 0.490753046758514 0.861318766179917 -0.131496882562059
  outer loop
    vertex 0.576247244265012 -0.747535800212045 0.211144677240939
    vertex 0.608536598746892 -0.759999025836975 0.211144677240939
    vertex 0.60531087859175 -0.759999025836975 0.203357099893976
  endloop
endfacet
facet normal 0.232867334312032 0.96316953171994 -0.134451693097555
  outer loop
    vertex 0.608536598746892 -0.759999025836975 0.211144677240939
    vertex 0.576247244265012 -0.747535800212045 0.211144677240939
    vertex 0.582478857077477 -0.747535800212046 0.22618912140825
  endloop
endfacet
facet normal 0.551853689261014 -8.61022786220434e-017 -0.833940948538329
  outer loop
    vertex 4.20337024175173 2.22044604925031e-016 0.253375866397684
    vertex 4.20055240498634 -0.312499999999998 0.251410077712974
    vertex 4.20055240498634 8.88178419700125e-016 0.251410077712974
  endloop
endfacet
facet normal 0.592108500195117 8.53671157214569e-016 -0.805858253042487
  outer loop
    vertex 4.20055240498634 -0.312499999999998 0.251410077712974
    vertex 4.20337024175173 2.22044604925031e-016 0.253375866397684
    vertex 4.20337024175173 -0.312499999999999 0.253375866397684
  endloop
endfacet
facet normal 0.510269414452768 -7.25120124928276e-016 -0.860014607244568
  outer loop
    vertex 4.20628114098831 6.66133814775094e-016 0.25520102250712
    vertex 4.20337024175173 -0.312499999999999 0.253375866397684
    vertex 4.20337024175173 2.22044604925031e-016 0.253375866397684
  endloop
endfacet
facet normal 0.551853689261014 -8.6102278622071e-017 -0.83394094853833
  outer loop
    vertex 4.20337024175173 -0.312499999999999 0.253375866397684
    vertex 4.20628114098831 6.66133814775094e-016 0.25520102250712
    vertex 4.20628114098831 -0.312499999999999 0.25520102250712
  endloop
endfacet
facet normal 0.923879532511284 -4.68438068258424e-016 -0.382683432365097
  outer loop
    vertex 3.72349448853002 -0.312500000000001 0.227289354481877
    vertex 3.73595771415495 -0.639493514366999 0.257378242816499
    vertex 3.72349448853002 -0.639493514367 0.227289354481878
  endloop
endfacet
facet normal 0.923879532511284 -4.68438068258424e-016 -0.382683432365097
  outer loop
    vertex 3.73595771415495 -0.639493514366999 0.257378242816499
    vertex 3.72349448853002 -0.312500000000001 0.227289354481877
    vertex 3.73595771415495 -0.3125 0.257378242816498
  endloop
endfacet
facet normal 0.793353340291251 -1.29965620301869e-015 -0.608761429008701
  outer loop
    vertex 3.73595771415495 -0.3125 0.257378242816498
    vertex 3.7557838430119 -0.639493514366998 0.283216156988096
    vertex 3.73595771415495 -0.639493514366999 0.257378242816499
  endloop
endfacet
facet normal 0.793353340291251 -1.29965620301869e-015 -0.608761429008701
  outer loop
    vertex 3.7557838430119 -0.639493514366998 0.283216156988096
    vertex 3.73595771415495 -0.3125 0.257378242816498
    vertex 3.7557838430119 -0.312499999999999 0.283216156988094
  endloop
endfacet
facet normal 0.991298510290025 -0.0171815625937261 -0.130506924734345
  outer loop
    vertex 3.86014467724094 -0.639493514366998 0.192874512918487
    vertex 3.844 -0.671782868848879 0.0744944885300237
    vertex 3.844 -0.639493514366999 0.0702435143669995
  endloop
endfacet
facet normal -0.990174758868512 0.0147288861168495 0.139057566545084
  outer loop
    vertex 3.82785532275906 -0.639493514366999 0.197125487081512
    vertex 3.84176072183234 -0.701871757183498 0.302747479281481
    vertex 3.844 -0.671782868848877 0.315505511469975
  endloop
endfacet
facet normal -0.991298510290025 -0.0171815625937276 0.130506924734345
  outer loop
    vertex 3.844 -0.639493514366998 0.319756485632999
    vertex 3.82785532275906 -0.639493514366999 0.197125487081512
    vertex 3.844 -0.671782868848877 0.315505511469975
  endloop
endfacet
facet normal -0.99144486137381 -4.8712917397587e-015 0.130526192220058
  outer loop
    vertex 3.82785532275906 -0.639493514366999 0.197125487081512
    vertex 3.81660612129391 -0.727709671355095 0.111679318787688
    vertex 3.8200677454121 -0.747535800212046 0.137972964420153
  endloop
endfacet
facet normal -0.99144486137381 -4.8712917397587e-015 0.130526192220058
  outer loop
    vertex 3.81660612129391 -0.727709671355095 0.111679318787688
    vertex 3.82785532275906 -0.639493514366999 0.197125487081512
    vertex 3.81394992368578 -0.7018717571835 0.0915034948815422
  endloop
endfacet
facet normal 0.99144486137381 6.80769777900643e-016 -0.130526192220057
  outer loop
    vertex 3.719243514367 -0.639493514366999 0.194999999999999
    vertex 3.72349448853002 -0.312500000000001 0.227289354481877
    vertex 3.72349448853002 -0.639493514367 0.227289354481878
  endloop
endfacet
facet normal 0.99144486137381 6.80769777900643e-016 -0.130526192220057
  outer loop
    vertex 3.72349448853002 -0.312500000000001 0.227289354481877
    vertex 3.719243514367 -0.639493514366999 0.194999999999999
    vertex 3.719243514367 -0.3125 0.194999999999998
  endloop
endfacet
facet normal 0.99144486137381 2.01111171957915e-015 0.130526192220055
  outer loop
    vertex 3.72349448853002 -0.639493514366999 0.16271064551812
    vertex 3.719243514367 -0.3125 0.194999999999998
    vertex 3.719243514367 -0.639493514366999 0.194999999999999
  endloop
endfacet
facet normal 0.99144486137381 2.01111171957915e-015 0.130526192220055
  outer loop
    vertex 3.719243514367 -0.3125 0.194999999999998
    vertex 3.72349448853002 -0.639493514366999 0.16271064551812
    vertex 3.72349448853002 -0.3125 0.162710645518118
  endloop
endfacet
facet normal 0.923879532511289 3.20147966125787e-015 0.382683432365085
  outer loop
    vertex 3.73595771415495 -0.639493514366999 0.132621757183499
    vertex 3.72349448853002 -0.3125 0.162710645518118
    vertex 3.72349448853002 -0.639493514366999 0.16271064551812
  endloop
endfacet
facet normal 0.923879532511289 3.20147966125787e-015 0.382683432365085
  outer loop
    vertex 3.72349448853002 -0.3125 0.162710645518118
    vertex 3.73595771415495 -0.639493514366999 0.132621757183499
    vertex 3.73595771415495 -0.312499999999999 0.132621757183498
  endloop
endfacet
facet normal 0.793353340291228 3.95742928026233e-015 0.60876142900873
  outer loop
    vertex 3.7557838430119 -0.3125 0.106783843011902
    vertex 3.73595771415495 -0.639493514366999 0.132621757183499
    vertex 3.7557838430119 -0.639493514366999 0.106783843011903
  endloop
endfacet
facet normal 0.793353340291228 3.95742928026233e-015 0.60876142900873
  outer loop
    vertex 3.73595771415495 -0.639493514366999 0.132621757183499
    vertex 3.7557838430119 -0.3125 0.106783843011902
    vertex 3.73595771415495 -0.312499999999999 0.132621757183498
  endloop
endfacet
facet normal 0.608761429008717 4.29305121704345e-015 0.793353340291238
  outer loop
    vertex 3.7557838430119 -0.639493514366999 0.106783843011903
    vertex 3.7816217571835 -0.3125 0.0869577141549516
    vertex 3.7557838430119 -0.3125 0.106783843011902
  endloop
endfacet
facet normal 0.608761429008717 4.29305121704345e-015 0.793353340291238
  outer loop
    vertex 3.7816217571835 -0.3125 0.0869577141549516
    vertex 3.7557838430119 -0.639493514366999 0.106783843011903
    vertex 3.7816217571835 -0.639493514366999 0.086957714154953
  endloop
endfacet
facet normal 0.382683432365091 4.55729484346949e-015 0.923879532511287
  outer loop
    vertex 3.81171064551812 -0.639493514367 0.0744944885300239
    vertex 3.81171064551812 -0.4759967571835 0.0744944885300231
    vertex 3.7816217571835 -0.639493514366999 0.086957714154953
  endloop
endfacet
facet normal 0.382683432365091 4.55729484346949e-015 0.923879532511287
  outer loop
    vertex 3.7816217571835 -0.639493514366999 0.086957714154953
    vertex 3.81171064551812 -0.312500000000001 0.0744944885300225
    vertex 3.7816217571835 -0.3125 0.0869577141549516
  endloop
endfacet
facet normal 0.382683432365091 4.55729484346949e-015 0.923879532511287
  outer loop
    vertex 3.81171064551812 -0.312500000000001 0.0744944885300225
    vertex 3.7816217571835 -0.639493514366999 0.086957714154953
    vertex 3.81171064551812 -0.4759967571835 0.0744944885300231
  endloop
endfacet
facet normal 0.130526192220056 2.9013324948452e-015 0.99144486137381
  outer loop
    vertex 3.844 -0.475996757183499 0.0702435143669988
    vertex 3.81171064551812 -0.312500000000001 0.0744944885300225
    vertex 3.81171064551812 -0.4759967571835 0.0744944885300231
  endloop
endfacet
facet normal 0.130526192220056 2.9013324948452e-015 0.99144486137381
  outer loop
    vertex 3.81171064551812 -0.312500000000001 0.0744944885300225
    vertex 3.844 -0.475996757183499 0.0702435143669988
    vertex 3.844 -0.3125 0.0702435143669981
  endloop
endfacet
facet normal -0.130526192220054 4.15725108020259e-015 0.99144486137381
  outer loop
    vertex 3.844 -0.639493514366999 0.0702435143669995
    vertex 3.844 -0.3125 0.0702435143669981
    vertex 3.844 -0.475996757183499 0.0702435143669988
  endloop
endfacet
facet normal -0.130526192220054 4.15725108020259e-015 0.99144486137381
  outer loop
    vertex 3.844 -0.3125 0.0702435143669981
    vertex 3.844 -0.639493514366999 0.0702435143669995
    vertex 3.87628935448188 -0.3125 0.0744944885300225
  endloop
endfacet
facet normal -0.130526192220054 4.15725108020259e-015 0.99144486137381
  outer loop
    vertex 3.87628935448188 -0.3125 0.0744944885300225
    vertex 3.844 -0.639493514366999 0.0702435143669995
    vertex 3.87628935448188 -0.639493514367 0.0744944885300239
  endloop
endfacet
facet normal -0.991444861373808 -2.01166787787387e-015 -0.130526192220071
  outer loop
    vertex 3.96450551146997 -0.3125 0.227289354481877
    vertex 3.968756485633 -0.639493514366999 0.194999999999999
    vertex 3.96450551146998 -0.639493514367 0.227289354481878
  endloop
endfacet
facet normal -0.991444861373808 -2.01166787787387e-015 -0.130526192220071
  outer loop
    vertex 3.968756485633 -0.639493514366999 0.194999999999999
    vertex 3.96450551146997 -0.3125 0.227289354481877
    vertex 3.968756485633 -0.3125 0.194999999999998
  endloop
endfacet
facet normal -0.923879532511284 -2.97596043770964e-015 -0.382683432365097
  outer loop
    vertex 3.95204228584505 -0.639493514366999 0.257378242816499
    vertex 3.96450551146997 -0.3125 0.227289354481877
    vertex 3.96450551146998 -0.639493514367 0.227289354481878
  endloop
endfacet
facet normal -0.923879532511284 -2.97596043770964e-015 -0.382683432365097
  outer loop
    vertex 3.96450551146997 -0.3125 0.227289354481877
    vertex 3.95204228584505 -0.639493514366999 0.257378242816499
    vertex 3.95204228584505 -0.3125 0.257378242816498
  endloop
endfacet
facet normal -0.793353340291251 -3.4539712889409e-015 -0.608761429008701
  outer loop
    vertex 3.9322161569881 -0.639493514366998 0.283216156988096
    vertex 3.95204228584505 -0.3125 0.257378242816498
    vertex 3.95204228584505 -0.639493514366999 0.257378242816499
  endloop
endfacet
facet normal -0.793353340291251 -3.4539712889409e-015 -0.608761429008701
  outer loop
    vertex 3.95204228584505 -0.3125 0.257378242816498
    vertex 3.9322161569881 -0.639493514366998 0.283216156988096
    vertex 3.9322161569881 -0.312499999999999 0.283216156988094
  endloop
endfacet
facet normal -0.608761429008723 -3.92357800466211e-015 -0.793353340291233
  outer loop
    vertex 3.9322161569881 -0.312499999999999 0.283216156988094
    vertex 3.9063782428165 -0.639493514366998 0.303042285845045
    vertex 3.9063782428165 -0.312499999999999 0.303042285845044
  endloop
endfacet
facet normal -0.608761429008723 -3.92357800466211e-015 -0.793353340291233
  outer loop
    vertex 3.9063782428165 -0.639493514366998 0.303042285845045
    vertex 3.9322161569881 -0.312499999999999 0.283216156988094
    vertex 3.9322161569881 -0.639493514366998 0.283216156988096
  endloop
endfacet
facet normal -0.382683432365092 -4.12635692490765e-015 -0.923879532511286
  outer loop
    vertex 3.9063782428165 -0.312499999999999 0.303042285845044
    vertex 3.87628935448188 -0.475996757183497 0.315505511469974
    vertex 3.87628935448188 -0.312499999999998 0.315505511469974
  endloop
endfacet
facet normal -0.382683432365092 -4.12635692490765e-015 -0.923879532511286
  outer loop
    vertex 3.87628935448188 -0.475996757183497 0.315505511469974
    vertex 3.9063782428165 -0.312499999999999 0.303042285845044
    vertex 3.87628935448188 -0.639493514366997 0.315505511469975
  endloop
endfacet
facet normal -0.382683432365092 -4.12635692490765e-015 -0.923879532511286
  outer loop
    vertex 3.87628935448188 -0.639493514366997 0.315505511469975
    vertex 3.9063782428165 -0.312499999999999 0.303042285845044
    vertex 3.9063782428165 -0.639493514366998 0.303042285845045
  endloop
endfacet
facet normal 0.130526192220057 -3.69407436023302e-015 -0.99144486137381
  outer loop
    vertex 3.844 -0.312499999999999 0.319756485632998
    vertex 3.81171064551812 -0.639493514366997 0.315505511469975
    vertex 3.81171064551812 -0.312499999999998 0.315505511469974
  endloop
endfacet
facet normal 0.130526192220057 -3.69407436023302e-015 -0.99144486137381
  outer loop
    vertex 3.81171064551812 -0.639493514366997 0.315505511469975
    vertex 3.844 -0.312499999999999 0.319756485632998
    vertex 3.844 -0.639493514366998 0.319756485632999
  endloop
endfacet
facet normal 0.130526192220057 -3.69407436023302e-015 -0.99144486137381
  outer loop
    vertex 3.844 -0.639493514366998 0.319756485632999
    vertex 3.844 -0.312499999999999 0.319756485632998
    vertex 3.844 -0.475996757183499 0.319756485632999
  endloop
endfacet
facet normal 0.38268343236508 -3.08867152936407e-015 -0.923879532511291
  outer loop
    vertex 3.81171064551812 -0.312499999999998 0.315505511469974
    vertex 3.7816217571835 -0.639493514366999 0.303042285845046
    vertex 3.7816217571835 -0.312499999999999 0.303042285845045
  endloop
endfacet
facet normal 0.38268343236508 -3.08867152936407e-015 -0.923879532511291
  outer loop
    vertex 3.7816217571835 -0.639493514366999 0.303042285845046
    vertex 3.81171064551812 -0.312499999999998 0.315505511469974
    vertex 3.81171064551812 -0.639493514366997 0.315505511469975
  endloop
endfacet
facet normal 0.608761429008718 -2.27055371750414e-015 -0.793353340291237
  outer loop
    vertex 3.7816217571835 -0.312499999999999 0.303042285845045
    vertex 3.7557838430119 -0.639493514366998 0.283216156988096
    vertex 3.7557838430119 -0.312499999999999 0.283216156988094
  endloop
endfacet
facet normal 0.608761429008718 -2.27055371750414e-015 -0.793353340291237
  outer loop
    vertex 3.7557838430119 -0.639493514366998 0.283216156988096
    vertex 3.7816217571835 -0.312499999999999 0.303042285845045
    vertex 3.7816217571835 -0.639493514366999 0.303042285845046
  endloop
endfacet
facet normal -0.382683432365075 3.51864507008892e-015 0.923879532511293
  outer loop
    vertex 3.87628935448188 -0.639493514367 0.0744944885300239
    vertex 3.9063782428165 -0.312499999999999 0.0869577141549514
    vertex 3.87628935448188 -0.3125 0.0744944885300225
  endloop
endfacet
facet normal -0.382683432365075 3.51864507008892e-015 0.923879532511293
  outer loop
    vertex 3.9063782428165 -0.312499999999999 0.0869577141549514
    vertex 3.87628935448188 -0.639493514367 0.0744944885300239
    vertex 3.9063782428165 -0.639493514366999 0.0869577141549528
  endloop
endfacet
facet normal -0.608761429008728 2.64249603235896e-015 0.793353340291229
  outer loop
    vertex 3.9063782428165 -0.639493514366999 0.0869577141549528
    vertex 3.9322161569881 -0.312499999999999 0.106783843011902
    vertex 3.9063782428165 -0.312499999999999 0.0869577141549514
  endloop
endfacet
facet normal -0.608761429008728 2.64249603235896e-015 0.793353340291229
  outer loop
    vertex 3.9322161569881 -0.312499999999999 0.106783843011902
    vertex 3.9063782428165 -0.639493514366999 0.0869577141549528
    vertex 3.9322161569881 -0.639493514366999 0.106783843011903
  endloop
endfacet
facet normal -0.793353340291248 1.80524876843482e-015 0.608761429008704
  outer loop
    vertex 3.95204228584505 -0.639493514366998 0.132621757183499
    vertex 3.9322161569881 -0.312499999999999 0.106783843011902
    vertex 3.9322161569881 -0.639493514366999 0.106783843011903
  endloop
endfacet
facet normal -0.793353340291248 1.80524876843482e-015 0.608761429008704
  outer loop
    vertex 3.9322161569881 -0.312499999999999 0.106783843011902
    vertex 3.95204228584505 -0.639493514366998 0.132621757183499
    vertex 3.95204228584505 -0.312499999999999 0.132621757183498
  endloop
endfacet
facet normal -0.923879532511284 6.9320406586315e-016 0.382683432365097
  outer loop
    vertex 3.96450551146997 -0.3125 0.162710645518118
    vertex 3.95204228584505 -0.639493514366998 0.132621757183499
    vertex 3.96450551146998 -0.639493514366999 0.16271064551812
  endloop
endfacet
facet normal -0.923879532511284 6.9320406586315e-016 0.382683432365097
  outer loop
    vertex 3.95204228584505 -0.639493514366998 0.132621757183499
    vertex 3.96450551146997 -0.3125 0.162710645518118
    vertex 3.95204228584505 -0.312499999999999 0.132621757183498
  endloop
endfacet
facet normal -0.991444861373808 -6.82042602432832e-016 0.130526192220068
  outer loop
    vertex 3.968756485633 -0.3125 0.194999999999998
    vertex 3.96450551146998 -0.639493514366999 0.16271064551812
    vertex 3.968756485633 -0.639493514366999 0.194999999999999
  endloop
endfacet
facet normal -0.991444861373808 -6.82042602432832e-016 0.130526192220068
  outer loop
    vertex 3.96450551146998 -0.639493514366999 0.16271064551812
    vertex 3.968756485633 -0.3125 0.194999999999998
    vertex 3.96450551146997 -0.3125 0.162710645518118
  endloop
endfacet
facet normal 0.608761429008718 -2.13540624385405e-015 -0.793353340291237
  outer loop
    vertex 0.5741217571835 -0.312499999999999 0.303042285845045
    vertex 0.548283843011903 -0.639493514366998 0.283216156988096
    vertex 0.548283843011903 -0.312499999999999 0.283216156988095
  endloop
endfacet
facet normal 0.608761429008718 -2.13540624385405e-015 -0.793353340291237
  outer loop
    vertex 0.548283843011903 -0.639493514366998 0.283216156988096
    vertex 0.5741217571835 -0.312499999999999 0.303042285845045
    vertex 0.5741217571835 -0.639493514366999 0.303042285845046
  endloop
endfacet
facet normal 0.99144486137381 4.80850635434151e-015 -0.130526192220054
  outer loop
    vertex 3.844 -0.475996757183499 0.0702435143669988
    vertex 3.86014467724094 -0.639493514366998 0.192874512918487
    vertex 3.844 -0.639493514366999 0.0702435143669995
  endloop
endfacet
facet normal 0.99144486137381 4.80850635434151e-015 -0.130526192220054
  outer loop
    vertex 3.86014467724094 -0.639493514366998 0.192874512918487
    vertex 3.844 -0.475996757183499 0.0702435143669988
    vertex 3.87628935448188 -0.639493514366997 0.315505511469975
  endloop
endfacet
facet normal 0.99144486137381 4.80850635434151e-015 -0.130526192220054
  outer loop
    vertex 3.87628935448188 -0.639493514366997 0.315505511469975
    vertex 3.844 -0.475996757183499 0.0702435143669988
    vertex 3.87628935448188 -0.475996757183497 0.315505511469974
  endloop
endfacet
facet normal 0.99144486137381 3.87659405673285e-015 -0.130526192220056
  outer loop
    vertex 0.65264467724094 -0.639493514366998 0.192874512918488
    vertex 0.657776056979776 -0.755748051673951 0.231851211673701
    vertex 0.656242500575702 -0.759999025836975 0.220202694310364
  endloop
endfacet
facet normal 0.99144486137381 3.87659405673285e-015 -0.130526192220056
  outer loop
    vertex 0.657776056979776 -0.755748051673951 0.231851211673701
    vertex 0.65264467724094 -0.639493514366998 0.192874512918488
    vertex 0.660432254587903 -0.747535800212045 0.252027035579846
  endloop
endfacet
facet normal 0.99144486137381 3.87659405673285e-015 -0.130526192220056
  outer loop
    vertex 0.660432254587903 -0.747535800212045 0.252027035579846
    vertex 0.65264467724094 -0.639493514366998 0.192874512918488
    vertex 0.663893878706095 -0.727709671355094 0.278320681212311
  endloop
endfacet
facet normal 0.99144486137381 3.87659405673285e-015 -0.130526192220056
  outer loop
    vertex 0.663893878706095 -0.727709671355094 0.278320681212311
    vertex 0.65264467724094 -0.639493514366998 0.192874512918488
    vertex 0.666550076314223 -0.701871757183498 0.298496505118457
  endloop
endfacet
facet normal 0.99144486137381 3.85956655721572e-015 -0.130526192220056
  outer loop
    vertex 3.86014467724094 -0.639493514366998 0.192874512918487
    vertex 3.86527605697978 -0.755748051673951 0.231851211673701
    vertex 3.8637425005757 -0.759999025836975 0.220202694310364
  endloop
endfacet
facet normal 0.99144486137381 3.85956655721572e-015 -0.130526192220056
  outer loop
    vertex 3.86527605697978 -0.755748051673951 0.231851211673701
    vertex 3.86014467724094 -0.639493514366998 0.192874512918487
    vertex 3.8679322545879 -0.747535800212045 0.252027035579845
  endloop
endfacet
facet normal 0.99144486137381 3.85956655721572e-015 -0.130526192220056
  outer loop
    vertex 3.8679322545879 -0.747535800212045 0.252027035579845
    vertex 3.86014467724094 -0.639493514366998 0.192874512918487
    vertex 3.8713938787061 -0.727709671355094 0.278320681212311
  endloop
endfacet
facet normal 0.99144486137381 3.85956655721572e-015 -0.130526192220056
  outer loop
    vertex 3.8713938787061 -0.727709671355094 0.278320681212311
    vertex 3.86014467724094 -0.639493514366998 0.192874512918487
    vertex 3.87405007631422 -0.701871757183498 0.298496505118456
  endloop
endfacet
facet normal -0.99144486137381 -3.53087606296359e-015 0.130526192220054
  outer loop
    vertex 3.83062531145333 -0.760728377696755 0.218165640098235
    vertex 3.82785532275906 -0.639493514366999 0.197125487081512
    vertex 3.82948626635931 -0.761547764165251 0.209513733640693
  endloop
endfacet
facet normal -0.99144486137381 -3.53087606296359e-015 0.130526192220054
  outer loop
    vertex 3.82785532275906 -0.639493514366999 0.197125487081512
    vertex 3.83062531145333 -0.760728377696755 0.218165640098235
    vertex 3.83145314609382 -0.759999025836975 0.224453668473389
  endloop
endfacet
facet normal -0.99144486137381 -3.53087606296359e-015 0.130526192220054
  outer loop
    vertex 3.82785532275906 -0.639493514366999 0.197125487081512
    vertex 3.83145314609382 -0.759999025836975 0.224453668473389
    vertex 3.8329867024979 -0.755748051673951 0.236102185836722
  endloop
endfacet
facet normal -0.99144486137381 -3.53087606296359e-015 0.130526192220054
  outer loop
    vertex 3.82785532275906 -0.639493514366999 0.197125487081512
    vertex 3.8329867024979 -0.755748051673951 0.236102185836722
    vertex 3.83564290010602 -0.747535800212044 0.25627800974287
  endloop
endfacet
facet normal -0.99144486137381 -3.53087606296359e-015 0.130526192220054
  outer loop
    vertex 3.82785532275906 -0.639493514366999 0.197125487081512
    vertex 3.83564290010602 -0.747535800212044 0.25627800974287
    vertex 3.83910452422422 -0.727709671355095 0.282571655375335
  endloop
endfacet
facet normal 0.990174758868511 0.0147288861168743 -0.13905756654509
  outer loop
    vertex 0.65264467724094 -0.639493514366998 0.192874512918488
    vertex 0.638739278167658 -0.701871757183499 0.0872525207185186
    vertex 0.6365 -0.671782868848879 0.074494488530024
  endloop
endfacet
facet normal 1.21335849685809e-016 -1.0 5.92118946466751e-016
  outer loop
    vertex 4.5 -0.312499999999999 0.0
    vertex 4.25534976607108 -0.312499999999999 0.126284763364685
    vertex 3.585 -0.312499999999999 0.0
  endloop
endfacet
facet normal 1.21335849685809e-016 -1.0 5.92118946466751e-016
  outer loop
    vertex 4.25534976607108 -0.312499999999999 0.126284763364685
    vertex 4.5 -0.312499999999999 0.0
    vertex 4.25870538254575 -0.312499999999999 0.127022575850507
  endloop
endfacet
facet normal 1.21335849685809e-016 -1.0 5.92118946466751e-016
  outer loop
    vertex 4.25870538254575 -0.312499999999999 0.127022575850507
    vertex 4.5 -0.312499999999999 0.0
    vertex 4.26202075429065 -0.312499999999998 0.127924151905225
  endloop
endfacet
facet normal 1.21335849685809e-016 -1.0 5.92118946466751e-016
  outer loop
    vertex 4.26202075429065 -0.312499999999998 0.127924151905225
    vertex 4.5 -0.312499999999999 0.0
    vertex 4.26528789428485 -0.312499999999999 0.128987319553153
  endloop
endfacet
facet normal 1.21335849685809e-016 -1.0 5.92118946466751e-016
  outer loop
    vertex 4.26528789428485 -0.312499999999999 0.128987319553153
    vertex 4.5 -0.312499999999999 0.0
    vertex 4.26849893170194 -0.312499999999999 0.130209517530306
  endloop
endfacet
facet normal 1.21335849685809e-016 -1.0 5.92118946466751e-016
  outer loop
    vertex 4.26849893170194 -0.312499999999999 0.130209517530306
    vertex 4.5 -0.312499999999999 0.0
    vertex 4.27164613087153 -0.312499999999999 0.131587801454704
  endloop
endfacet
facet normal 1.21335849685809e-016 -1.0 5.92118946466751e-016
  outer loop
    vertex 4.27164613087153 -0.312499999999999 0.131587801454704
    vertex 4.5 -0.312499999999999 0.0
    vertex 4.27472190991516 -0.312499999999999 0.13311885091965
  endloop
endfacet
facet normal 1.21335849685809e-016 -1.0 5.92118946466751e-016
  outer loop
    vertex 4.27472190991516 -0.312499999999999 0.13311885091965
    vertex 4.5 -0.312499999999999 0.0
    vertex 4.27771885901169 -0.312499999999999 0.13479897749288
  endloop
endfacet
facet normal 1.21335849685809e-016 -1.0 5.92118946466751e-016
  outer loop
    vertex 4.27771885901169 -0.312499999999999 0.13479897749288
    vertex 4.5 -0.312499999999999 0.0
    vertex 4.28062975824827 -0.312499999999999 0.136624133602316
  endloop
endfacet
facet normal 1.21335849685809e-016 -1.0 5.92118946466751e-016
  outer loop
    vertex 4.28062975824827 -0.312499999999999 0.136624133602316
    vertex 4.5 -0.312499999999999 0.0
    vertex 4.28344759501366 -0.312499999999999 0.138589922287026
  endloop
endfacet
facet normal 1.21335849685809e-016 -1.0 5.92118946466751e-016
  outer loop
    vertex 4.28344759501366 -0.312499999999999 0.138589922287026
    vertex 4.5 -0.312499999999999 0.0
    vertex 4.28616558089228 -0.312499999999999 0.140691607789886
  endloop
endfacet
facet normal 1.21335849685809e-016 -1.0 5.92118946466751e-016
  outer loop
    vertex 4.28616558089228 -0.312499999999999 0.140691607789886
    vertex 4.5 -0.312499999999999 0.0
    vertex 4.28877716801808 -0.312499999999999 0.142924126966433
  endloop
endfacet
facet normal 1.21335849685809e-016 -1.0 5.92118946466751e-016
  outer loop
    vertex 4.28877716801808 -0.312499999999999 0.142924126966433
    vertex 4.5 -0.312499999999999 0.0
    vertex 4.29127606484893 -0.312499999999999 0.145282101482426
  endloop
endfacet
facet normal 1.21335849685809e-016 -1.0 5.92118946466751e-016
  outer loop
    vertex 4.29127606484893 -0.312499999999999 0.145282101482426
    vertex 4.5 -0.312499999999999 0.0
    vertex 4.29365625132349 -0.312499999999999 0.147759850770721
  endloop
endfacet
facet normal 1.21335849685809e-016 -1.0 5.92118946466751e-016
  outer loop
    vertex 4.29365625132349 -0.312499999999999 0.147759850770721
    vertex 4.5 -0.312499999999999 0.0
    vertex 4.5 -0.312499999999999 0.374999999999999
  endloop
endfacet
facet normal 1.21335849685809e-016 -1.0 5.92118946466751e-016
  outer loop
    vertex 3.585 -0.312499999999999 0.0
    vertex 4.25534976607108 -0.312499999999999 0.126284763364685
    vertex 4.25196198884065 -0.312499999999999 0.125712491902661
  endloop
endfacet
facet normal 1.21335849685809e-016 -1.0 5.92118946466751e-016
  outer loop
    vertex 3.585 -0.312499999999999 0.0
    vertex 4.25196198884065 -0.312499999999999 0.125712491902661
    vertex 3.87628935448188 -0.3125 0.0744944885300225
  endloop
endfacet
facet normal 1.21335849685809e-016 -1.0 5.92118946466751e-016
  outer loop
    vertex 3.585 -0.312499999999999 0.0
    vertex 3.87628935448188 -0.3125 0.0744944885300225
    vertex 3.844 -0.3125 0.0702435143669981
  endloop
endfacet
facet normal 1.21335849685809e-016 -1.0 5.92118946466751e-016
  outer loop
    vertex 3.87628935448188 -0.3125 0.0744944885300225
    vertex 4.25196198884065 -0.312499999999999 0.125712491902661
    vertex 4.24855021230653 -0.312499999999999 0.125307140116512
  endloop
endfacet
facet normal 1.21335849685809e-016 -1.0 5.92118946466751e-016
  outer loop
    vertex 3.87628935448188 -0.3125 0.0744944885300225
    vertex 4.24855021230653 -0.312499999999999 0.125307140116512
    vertex 3.9063782428165 -0.312499999999999 0.0869577141549514
  endloop
endfacet
facet normal 1.21335849685809e-016 -1.0 5.92118946466751e-016
  outer loop
    vertex 3.9063782428165 -0.312499999999999 0.0869577141549514
    vertex 4.24855021230653 -0.312499999999999 0.125307140116512
    vertex 4.24512265573723 -0.312499999999999 0.125069684534197
  endloop
endfacet
facet normal 1.21335849685809e-016 -1.0 5.92118946466751e-016
  outer loop
    vertex 3.9063782428165 -0.312499999999999 0.0869577141549514
    vertex 4.24512265573723 -0.312499999999999 0.125069684534197
    vertex 3.9322161569881 -0.312499999999999 0.106783843011902
  endloop
endfacet
facet normal 1.21335849685809e-016 -1.0 5.92118946466751e-016
  outer loop
    vertex 3.9322161569881 -0.312499999999999 0.106783843011902
    vertex 4.24512265573723 -0.312499999999999 0.125069684534197
    vertex 4.24168757641675 -0.312499999999999 0.125000697207011
  endloop
endfacet
facet normal 1.21335849685809e-016 -1.0 5.92118946466751e-016
  outer loop
    vertex 4.29365625132349 -0.312499999999999 0.147759850770721
    vertex 4.5 -0.312499999999999 0.374999999999999
    vertex 4.29591199336405 -0.312499999999999 0.150351405716258
  endloop
endfacet
facet normal 1.21335849685809e-016 -1.0 5.92118946466751e-016
  outer loop
    vertex 4.29591199336405 -0.312499999999999 0.150351405716258
    vertex 4.5 -0.312499999999999 0.374999999999999
    vertex 4.29803785669047 -0.312499999999998 0.15305052303618
  endloop
endfacet
facet normal 1.21335849685809e-016 -1.0 5.92118946466751e-016
  outer loop
    vertex 4.29803785669047 -0.312499999999998 0.15305052303618
    vertex 4.5 -0.312499999999999 0.374999999999999
    vertex 4.30002871991179 -0.312499999999999 0.155850700320448
  endloop
endfacet
facet normal 1.21335849685809e-016 -1.0 5.92118946466751e-016
  outer loop
    vertex 4.30002871991179 -0.312499999999999 0.155850700320448
    vertex 4.5 -0.312499999999999 0.374999999999999
    vertex 4.30187978686412 -0.312499999999999 0.158745191696717
  endloop
endfacet
facet normal 1.21335849685809e-016 -1.0 5.92118946466751e-016
  outer loop
    vertex 4.30187978686412 -0.312499999999999 0.158745191696717
    vertex 4.5 -0.312499999999999 0.374999999999999
    vertex 4.30358659816504 -0.312499999999999 0.161727024081735
  endloop
endfacet
facet normal 1.21335849685809e-016 -1.0 5.92118946466751e-016
  outer loop
    vertex 4.30358659816504 -0.312499999999999 0.161727024081735
    vertex 4.5 -0.312499999999999 0.374999999999999
    vertex 4.30514504195664 -0.312499999999999 0.164789013980109
  endloop
endfacet
facet normal 1.21335849685809e-016 -1.0 5.92118946466751e-016
  outer loop
    vertex 4.30514504195664 -0.312499999999999 0.164789013980109
    vertex 4.5 -0.312499999999999 0.374999999999999
    vertex 4.30655136381131 -0.312499999999999 0.167923784789974
  endloop
endfacet
facet normal 1.21335849685809e-016 -1.0 5.92118946466751e-016
  outer loop
    vertex 4.30655136381131 -0.312499999999999 0.167923784789974
    vertex 4.5 -0.312499999999999 0.374999999999999
    vertex 4.30780217577653 -0.312499999999999 0.171123784573877
  endloop
endfacet
facet normal 1.21335849685809e-016 -1.0 5.92118946466751e-016
  outer loop
    vertex 4.30780217577653 -0.312499999999999 0.171123784573877
    vertex 4.5 -0.312499999999999 0.374999999999999
    vertex 4.30889446453671 -0.312499999999999 0.174381304252051
  endloop
endfacet
facet normal 1.21335849685809e-016 -1.0 5.92118946466751e-016
  outer loop
    vertex 4.30889446453671 -0.312499999999999 0.174381304252051
    vertex 4.5 -0.312499999999999 0.374999999999999
    vertex 4.30982559867256 -0.312499999999998 0.177688496174266
  endloop
endfacet
facet normal 1.21335849685809e-016 -1.0 5.92118946466751e-016
  outer loop
    vertex 4.30982559867256 -0.312499999999998 0.177688496174266
    vertex 4.5 -0.312499999999999 0.374999999999999
    vertex 4.31059333500039 -0.312499999999999 0.181037393025506
  endloop
endfacet
facet normal 1.21335849685809e-016 -1.0 5.92118946466751e-016
  outer loop
    vertex 4.31059333500039 -0.312499999999999 0.181037393025506
    vertex 4.5 -0.312499999999999 0.374999999999999
    vertex 4.31119582397614 -0.312499999999999 0.184419927019927
  endloop
endfacet
facet normal 1.21335849685809e-016 -1.0 5.92118946466751e-016
  outer loop
    vertex 4.31119582397614 -0.312499999999999 0.184419927019927
    vertex 4.5 -0.312499999999999 0.374999999999999
    vertex 4.31163161415108 -0.312499999999999 0.187827949336863
  endloop
endfacet
facet normal 1.21335849685809e-016 -1.0 5.92118946466751e-016
  outer loop
    vertex 4.31163161415108 -0.312499999999999 0.187827949336863
    vertex 4.5 -0.312499999999999 0.374999999999999
    vertex 4.31189965566853 -0.312499999999999 0.191253249752043
  endloop
endfacet
facet normal 1.21335849685809e-016 -1.0 5.92118946466751e-016
  outer loop
    vertex 4.31189965566853 -0.312499999999999 0.191253249752043
    vertex 4.5 -0.312499999999999 0.374999999999999
    vertex 4.31199930279299 -0.312499999999998 0.194687576416747
  endloop
endfacet
facet normal 1.21335849685809e-016 -1.0 5.92118946466751e-016
  outer loop
    vertex 4.31199930279299 -0.312499999999998 0.194687576416747
    vertex 4.5 -0.312499999999999 0.374999999999999
    vertex 4.3119303154658 -0.312499999999998 0.198122655737229
  endloop
endfacet
facet normal 1.21335849685809e-016 -1.0 5.92118946466751e-016
  outer loop
    vertex 4.3119303154658 -0.312499999999998 0.198122655737229
    vertex 4.5 -0.312499999999999 0.374999999999999
    vertex 4.31169285988349 -0.312499999999998 0.201550212306527
  endloop
endfacet
facet normal 1.21335849685809e-016 -1.0 5.92118946466751e-016
  outer loop
    vertex 4.31169285988349 -0.312499999999998 0.201550212306527
    vertex 4.5 -0.312499999999999 0.374999999999999
    vertex 4.31128750809734 -0.312499999999998 0.204961988840647
  endloop
endfacet
facet normal 1.21335849685809e-016 -1.0 5.92118946466751e-016
  outer loop
    vertex 4.31128750809734 -0.312499999999998 0.204961988840647
    vertex 4.5 -0.312499999999999 0.374999999999999
    vertex 4.31071523663532 -0.312499999999998 0.208349766071084
  endloop
endfacet
facet normal 1.21335849685809e-016 -1.0 5.92118946466751e-016
  outer loop
    vertex 4.31071523663532 -0.312499999999998 0.208349766071084
    vertex 4.5 -0.312499999999999 0.374999999999999
    vertex 4.30997742414949 -0.312499999999998 0.211705382545753
  endloop
endfacet
facet normal 1.21335849685809e-016 -1.0 5.92118946466751e-016
  outer loop
    vertex 4.30997742414949 -0.312499999999998 0.211705382545753
    vertex 4.5 -0.312499999999999 0.374999999999999
    vertex 4.30907584809477 -0.312499999999999 0.215020754290652
  endloop
endfacet
facet normal 1.21335849685809e-016 -1.0 5.92118946466751e-016
  outer loop
    vertex 4.30907584809477 -0.312499999999999 0.215020754290652
    vertex 4.5 -0.312499999999999 0.374999999999999
    vertex 4.30801268044685 -0.312499999999998 0.218287894284853
  endloop
endfacet
facet normal 1.21335849685809e-016 -1.0 5.92118946466751e-016
  outer loop
    vertex 4.30801268044685 -0.312499999999998 0.218287894284853
    vertex 4.5 -0.312499999999999 0.374999999999999
    vertex 4.30679048246969 -0.312499999999998 0.221498931701943
  endloop
endfacet
facet normal 1.21335849685809e-016 -1.0 5.92118946466751e-016
  outer loop
    vertex 4.30679048246969 -0.312499999999998 0.221498931701943
    vertex 4.5 -0.312499999999999 0.374999999999999
    vertex 4.3054121985453 -0.312499999999998 0.224646130871531
  endloop
endfacet
facet normal 1.21335849685809e-016 -1.0 5.92118946466751e-016
  outer loop
    vertex 4.3054121985453 -0.312499999999998 0.224646130871531
    vertex 4.5 -0.312499999999999 0.374999999999999
    vertex 4.30388114908035 -0.312499999999999 0.227721909915156
  endloop
endfacet
facet normal 1.21335849685809e-016 -1.0 5.92118946466751e-016
  outer loop
    vertex 4.30388114908035 -0.312499999999999 0.227721909915156
    vertex 4.5 -0.312499999999999 0.374999999999999
    vertex 4.30220102250712 -0.312499999999998 0.230718859011694
  endloop
endfacet
facet normal 1.21335849685809e-016 -1.0 5.92118946466751e-016
  outer loop
    vertex 4.30220102250712 -0.312499999999998 0.230718859011694
    vertex 4.5 -0.312499999999999 0.374999999999999
    vertex 4.30037586639768 -0.312499999999999 0.23362975824827
  endloop
endfacet
facet normal 1.21335849685809e-016 -1.0 5.92118946466751e-016
  outer loop
    vertex 4.30037586639768 -0.312499999999999 0.23362975824827
    vertex 4.5 -0.312499999999999 0.374999999999999
    vertex 4.29841007771297 -0.312499999999998 0.236447595013658
  endloop
endfacet
facet normal 1.21335849685809e-016 -1.0 5.92118946466751e-016
  outer loop
    vertex 4.29841007771297 -0.312499999999998 0.236447595013658
    vertex 4.5 -0.312499999999999 0.374999999999999
    vertex 4.29630839221011 -0.312499999999998 0.239165580892279
  endloop
endfacet
facet normal 1.21335849685809e-016 -1.0 5.92118946466751e-016
  outer loop
    vertex 4.29630839221011 -0.312499999999998 0.239165580892279
    vertex 4.5 -0.312499999999999 0.374999999999999
    vertex 4.29407587303357 -0.312499999999998 0.241777168018082
  endloop
endfacet
facet normal 1.21335849685809e-016 -1.0 5.92118946466751e-016
  outer loop
    vertex 4.29407587303357 -0.312499999999998 0.241777168018082
    vertex 4.5 -0.312499999999999 0.374999999999999
    vertex 4.29171789851757 -0.312499999999998 0.244276064848933
  endloop
endfacet
facet normal 1.21335849685809e-016 -1.0 5.92118946466751e-016
  outer loop
    vertex 4.29171789851757 -0.312499999999998 0.244276064848933
    vertex 4.5 -0.312499999999999 0.374999999999999
    vertex 4.28924014922928 -0.312499999999998 0.246656251323489
  endloop
endfacet
facet normal 1.21335849685809e-016 -1.0 5.92118946466751e-016
  outer loop
    vertex 4.28924014922928 -0.312499999999998 0.246656251323489
    vertex 4.5 -0.312499999999999 0.374999999999999
    vertex 4.28664859428374 -0.312499999999998 0.248911993364054
  endloop
endfacet
facet normal 1.21335849685809e-016 -1.0 5.92118946466751e-016
  outer loop
    vertex 4.28664859428374 -0.312499999999998 0.248911993364054
    vertex 4.5 -0.312499999999999 0.374999999999999
    vertex 4.28394947696382 -0.312499999999998 0.251037856690472
  endloop
endfacet
facet normal 1.21335849685809e-016 -1.0 5.92118946466751e-016
  outer loop
    vertex 4.28394947696382 -0.312499999999998 0.251037856690472
    vertex 4.5 -0.312499999999999 0.374999999999999
    vertex 4.28114929967955 -0.312499999999998 0.253028719911786
  endloop
endfacet
facet normal 1.21335849685809e-016 -1.0 5.92118946466751e-016
  outer loop
    vertex 4.28114929967955 -0.312499999999998 0.253028719911786
    vertex 4.5 -0.312499999999999 0.374999999999999
    vertex 4.27825480830328 -0.312499999999998 0.254879786864118
  endloop
endfacet
facet normal 1.21335849685809e-016 -1.0 5.92118946466751e-016
  outer loop
    vertex 4.27825480830328 -0.312499999999998 0.254879786864118
    vertex 4.5 -0.312499999999999 0.374999999999999
    vertex 4.27527297591827 -0.312499999999998 0.256586598165044
  endloop
endfacet
facet normal 1.21335849685809e-016 -1.0 5.92118946466751e-016
  outer loop
    vertex 4.27527297591827 -0.312499999999998 0.256586598165044
    vertex 4.5 -0.312499999999999 0.374999999999999
    vertex 4.27221098601989 -0.312499999999998 0.258145041956641
  endloop
endfacet
facet normal 1.21335849685809e-016 -1.0 5.92118946466751e-016
  outer loop
    vertex 4.27221098601989 -0.312499999999998 0.258145041956641
    vertex 4.5 -0.312499999999999 0.374999999999999
    vertex 4.26907621521003 -0.312499999999999 0.259551363811312
  endloop
endfacet
facet normal 1.21335849685809e-016 -1.0 5.92118946466751e-016
  outer loop
    vertex 4.26907621521003 -0.312499999999999 0.259551363811312
    vertex 4.5 -0.312499999999999 0.374999999999999
    vertex 4.26587621542612 -0.312499999999998 0.26080217577653
  endloop
endfacet
facet normal 1.21335849685809e-016 -1.0 5.92118946466751e-016
  outer loop
    vertex 4.26587621542612 -0.312499999999998 0.26080217577653
    vertex 4.5 -0.312499999999999 0.374999999999999
    vertex 4.26261869574795 -0.312499999999998 0.261894464536712
  endloop
endfacet
facet normal 1.21335849685809e-016 -1.0 5.92118946466751e-016
  outer loop
    vertex 4.26261869574795 -0.312499999999998 0.261894464536712
    vertex 4.5 -0.312499999999999 0.374999999999999
    vertex 4.25931150382573 -0.312499999999998 0.262825598672563
  endloop
endfacet
facet normal 1.21335849685809e-016 -1.0 5.92118946466751e-016
  outer loop
    vertex 4.25931150382573 -0.312499999999998 0.262825598672563
    vertex 4.5 -0.312499999999999 0.374999999999999
    vertex 4.25596260697449 -0.312499999999999 0.26359333500039
  endloop
endfacet
facet normal 1.21335849685809e-016 -1.0 5.92118946466751e-016
  outer loop
    vertex 4.25596260697449 -0.312499999999999 0.26359333500039
    vertex 4.5 -0.312499999999999 0.374999999999999
    vertex 4.25258007298007 -0.312499999999998 0.264195823976135
  endloop
endfacet
facet normal 1.21335849685809e-016 -1.0 5.92118946466751e-016
  outer loop
    vertex 4.25258007298007 -0.312499999999998 0.264195823976135
    vertex 4.5 -0.312499999999999 0.374999999999999
    vertex 4.24917205066314 -0.312499999999998 0.264631614151083
  endloop
endfacet
facet normal 1.21335849685809e-016 -1.0 5.92118946466751e-016
  outer loop
    vertex 4.24917205066314 -0.312499999999998 0.264631614151083
    vertex 4.5 -0.312499999999999 0.374999999999999
    vertex 4.24574675024796 -0.312499999999999 0.264899655668532
  endloop
endfacet
facet normal 1.21335849685809e-016 -1.0 5.92118946466751e-016
  outer loop
    vertex 4.24574675024796 -0.312499999999999 0.264899655668532
    vertex 4.5 -0.312499999999999 0.374999999999999
    vertex 4.24231242358325 -0.312499999999998 0.264999302792989
  endloop
endfacet
facet normal 1.21335849685809e-016 -1.0 5.92118946466751e-016
  outer loop
    vertex 4.24231242358325 -0.312499999999998 0.264999302792989
    vertex 4.5 -0.312499999999999 0.374999999999999
    vertex 3.9322161569881 -0.312499999999999 0.283216156988094
  endloop
endfacet
facet normal 1.21335849685809e-016 -1.0 5.92118946466751e-016
  outer loop
    vertex 3.9322161569881 -0.312499999999999 0.283216156988094
    vertex 4.5 -0.312499999999999 0.374999999999999
    vertex 3.9063782428165 -0.312499999999999 0.303042285845044
  endloop
endfacet
facet normal 1.21335849685809e-016 -1.0 5.92118946466751e-016
  outer loop
    vertex 3.9063782428165 -0.312499999999999 0.303042285845044
    vertex 4.5 -0.312499999999999 0.374999999999999
    vertex 3.87628935448188 -0.312499999999998 0.315505511469974
  endloop
endfacet
facet normal 1.21335849685809e-016 -1.0 5.92118946466751e-016
  outer loop
    vertex 3.87628935448188 -0.312499999999998 0.315505511469974
    vertex 4.5 -0.312499999999999 0.374999999999999
    vertex 3.844 -0.312499999999999 0.319756485632998
  endloop
endfacet
facet normal 1.21335849685809e-016 -1.0 5.92118946466751e-016
  outer loop
    vertex 3.585 -0.312499999999999 0.0
    vertex 3.73595771415495 -0.312499999999999 0.132621757183498
    vertex 3.585 -0.312499999999999 0.374999999999999
  endloop
endfacet
facet normal 1.21335849685809e-016 -1.0 5.92118946466751e-016
  outer loop
    vertex 3.73595771415495 -0.312499999999999 0.132621757183498
    vertex 3.585 -0.312499999999999 0.0
    vertex 3.7557838430119 -0.3125 0.106783843011902
  endloop
endfacet
facet normal 1.21335849685809e-016 -1.0 5.92118946466751e-016
  outer loop
    vertex 3.7557838430119 -0.3125 0.106783843011902
    vertex 3.585 -0.312499999999999 0.0
    vertex 3.7816217571835 -0.3125 0.0869577141549516
  endloop
endfacet
facet normal 1.21335849685809e-016 -1.0 5.92118946466751e-016
  outer loop
    vertex 3.7816217571835 -0.3125 0.0869577141549516
    vertex 3.585 -0.312499999999999 0.0
    vertex 3.81171064551812 -0.312500000000001 0.0744944885300225
  endloop
endfacet
facet normal 1.21335849685809e-016 -1.0 5.92118946466751e-016
  outer loop
    vertex 3.81171064551812 -0.312500000000001 0.0744944885300225
    vertex 3.585 -0.312499999999999 0.0
    vertex 3.844 -0.3125 0.0702435143669981
  endloop
endfacet
facet normal 1.21335849685809e-016 -1.0 5.92118946466751e-016
  outer loop
    vertex 3.585 -0.312499999999999 0.374999999999999
    vertex 3.73595771415495 -0.312499999999999 0.132621757183498
    vertex 3.72349448853002 -0.3125 0.162710645518118
  endloop
endfacet
facet normal 1.21335849685809e-016 -1.0 5.92118946466751e-016
  outer loop
    vertex 3.585 -0.312499999999999 0.374999999999999
    vertex 3.72349448853002 -0.3125 0.162710645518118
    vertex 3.719243514367 -0.3125 0.194999999999998
  endloop
endfacet
facet normal 1.21335849685809e-016 -1.0 5.92118946466751e-016
  outer loop
    vertex 3.585 -0.312499999999999 0.374999999999999
    vertex 3.719243514367 -0.3125 0.194999999999998
    vertex 3.72349448853002 -0.312500000000001 0.227289354481877
  endloop
endfacet
facet normal 1.21335849685809e-016 -1.0 5.92118946466751e-016
  outer loop
    vertex 3.585 -0.312499999999999 0.374999999999999
    vertex 3.72349448853002 -0.312500000000001 0.227289354481877
    vertex 3.73595771415495 -0.3125 0.257378242816498
  endloop
endfacet
facet normal 1.21335849685809e-016 -1.0 5.92118946466751e-016
  outer loop
    vertex 3.585 -0.312499999999999 0.374999999999999
    vertex 3.73595771415495 -0.3125 0.257378242816498
    vertex 3.7557838430119 -0.312499999999999 0.283216156988094
  endloop
endfacet
facet normal 1.21335849685809e-016 -1.0 5.92118946466751e-016
  outer loop
    vertex 3.585 -0.312499999999999 0.374999999999999
    vertex 3.7557838430119 -0.312499999999999 0.283216156988094
    vertex 3.7816217571835 -0.312499999999999 0.303042285845045
  endloop
endfacet
facet normal 1.21335849685809e-016 -1.0 5.92118946466751e-016
  outer loop
    vertex 3.585 -0.312499999999999 0.374999999999999
    vertex 3.7816217571835 -0.312499999999999 0.303042285845045
    vertex 3.81171064551812 -0.312499999999998 0.315505511469974
  endloop
endfacet
facet normal 1.21335849685809e-016 -1.0 5.92118946466751e-016
  outer loop
    vertex 3.585 -0.312499999999999 0.374999999999999
    vertex 3.81171064551812 -0.312499999999998 0.315505511469974
    vertex 3.844 -0.312499999999999 0.319756485632998
  endloop
endfacet
facet normal 1.21335849685809e-016 -1.0 5.92118946466751e-016
  outer loop
    vertex 3.585 -0.312499999999999 0.374999999999999
    vertex 3.844 -0.312499999999999 0.319756485632998
    vertex 4.5 -0.312499999999999 0.374999999999999
  endloop
endfacet
facet normal 1.21335849685809e-016 -1.0 5.92118946466751e-016
  outer loop
    vertex 4.24168757641675 -0.312499999999999 0.125000697207011
    vertex 3.95204228584505 -0.312499999999999 0.132621757183498
    vertex 3.9322161569881 -0.312499999999999 0.106783843011902
  endloop
endfacet
facet normal 1.21335849685809e-016 -1.0 5.92118946466751e-016
  outer loop
    vertex 3.95204228584505 -0.312499999999999 0.132621757183498
    vertex 4.24168757641675 -0.312499999999999 0.125000697207011
    vertex 4.23825324975204 -0.312499999999999 0.125100344331467
  endloop
endfacet
facet normal 1.21335849685809e-016 -1.0 5.92118946466751e-016
  outer loop
    vertex 3.95204228584505 -0.312499999999999 0.132621757183498
    vertex 4.23825324975204 -0.312499999999999 0.125100344331467
    vertex 4.23482794933686 -0.312499999999999 0.125368385848916
  endloop
endfacet
facet normal 1.21335849685809e-016 -1.0 5.92118946466751e-016
  outer loop
    vertex 3.95204228584505 -0.312499999999999 0.132621757183498
    vertex 4.23482794933686 -0.312499999999999 0.125368385848916
    vertex 4.23141992701993 -0.312499999999999 0.125804176023864
  endloop
endfacet
facet normal 1.21335849685809e-016 -1.0 5.92118946466751e-016
  outer loop
    vertex 3.95204228584505 -0.312499999999999 0.132621757183498
    vertex 4.23141992701993 -0.312499999999999 0.125804176023864
    vertex 4.22803739302551 -0.312499999999999 0.126406664999609
  endloop
endfacet
facet normal 1.21335849685809e-016 -1.0 5.92118946466751e-016
  outer loop
    vertex 3.95204228584505 -0.312499999999999 0.132621757183498
    vertex 4.22803739302551 -0.312499999999999 0.126406664999609
    vertex 4.22468849617427 -0.312499999999998 0.127174401327437
  endloop
endfacet
facet normal 1.21335849685809e-016 -1.0 5.92118946466751e-016
  outer loop
    vertex 3.95204228584505 -0.312499999999999 0.132621757183498
    vertex 4.22468849617427 -0.312499999999998 0.127174401327437
    vertex 4.22138130425205 -0.312499999999999 0.128105535463287
  endloop
endfacet
facet normal 1.21335849685809e-016 -1.0 5.92118946466751e-016
  outer loop
    vertex 3.95204228584505 -0.312499999999999 0.132621757183498
    vertex 4.22138130425205 -0.312499999999999 0.128105535463287
    vertex 4.21812378457388 -0.312499999999999 0.12919782422347
  endloop
endfacet
facet normal 1.21335849685809e-016 -1.0 5.92118946466751e-016
  outer loop
    vertex 3.95204228584505 -0.312499999999999 0.132621757183498
    vertex 4.21812378457388 -0.312499999999999 0.12919782422347
    vertex 4.21492378478997 -0.312499999999999 0.130448636188688
  endloop
endfacet
facet normal 1.21335849685809e-016 -1.0 5.92118946466751e-016
  outer loop
    vertex 3.95204228584505 -0.312499999999999 0.132621757183498
    vertex 4.21492378478997 -0.312499999999999 0.130448636188688
    vertex 4.21178901398011 -0.312499999999999 0.131854958043359
  endloop
endfacet
facet normal 1.21335849685809e-016 -1.0 5.92118946466751e-016
  outer loop
    vertex 3.95204228584505 -0.312499999999999 0.132621757183498
    vertex 4.21178901398011 -0.312499999999999 0.131854958043359
    vertex 4.20872702408174 -0.312499999999999 0.133413401834956
  endloop
endfacet
facet normal 1.21335849685809e-016 -1.0 5.92118946466751e-016
  outer loop
    vertex 3.95204228584505 -0.312499999999999 0.132621757183498
    vertex 4.20872702408174 -0.312499999999999 0.133413401834956
    vertex 3.96450551146997 -0.3125 0.162710645518118
  endloop
endfacet
facet normal 1.21335849685809e-016 -1.0 5.92118946466751e-016
  outer loop
    vertex 3.96450551146997 -0.3125 0.162710645518118
    vertex 4.20872702408174 -0.312499999999999 0.133413401834956
    vertex 4.20574519169672 -0.312499999999999 0.135120213135882
  endloop
endfacet
facet normal 1.21335849685809e-016 -1.0 5.92118946466751e-016
  outer loop
    vertex 3.96450551146997 -0.3125 0.162710645518118
    vertex 4.20574519169672 -0.312499999999999 0.135120213135882
    vertex 4.20285070032045 -0.312499999999999 0.136971280088213
  endloop
endfacet
facet normal 1.21335849685809e-016 -1.0 5.92118946466751e-016
  outer loop
    vertex 3.96450551146997 -0.3125 0.162710645518118
    vertex 4.20285070032045 -0.312499999999999 0.136971280088213
    vertex 4.20005052303618 -0.312499999999999 0.138962143309527
  endloop
endfacet
facet normal 1.21335849685809e-016 -1.0 5.92118946466751e-016
  outer loop
    vertex 3.96450551146997 -0.3125 0.162710645518118
    vertex 4.20005052303618 -0.312499999999999 0.138962143309527
    vertex 4.19735140571626 -0.312499999999999 0.141088006635946
  endloop
endfacet
facet normal 1.21335849685809e-016 -1.0 5.92118946466751e-016
  outer loop
    vertex 3.96450551146997 -0.3125 0.162710645518118
    vertex 4.19735140571626 -0.312499999999999 0.141088006635946
    vertex 4.19475985077072 -0.312499999999999 0.143343748676511
  endloop
endfacet
facet normal 1.21335849685809e-016 -1.0 5.92118946466751e-016
  outer loop
    vertex 3.96450551146997 -0.3125 0.162710645518118
    vertex 4.19475985077072 -0.312499999999999 0.143343748676511
    vertex 4.19228210148243 -0.312499999999999 0.145723935151067
  endloop
endfacet
facet normal 1.21335849685809e-016 -1.0 5.92118946466751e-016
  outer loop
    vertex 3.96450551146997 -0.3125 0.162710645518118
    vertex 4.19228210148243 -0.312499999999999 0.145723935151067
    vertex 4.18992412696643 -0.312499999999999 0.148222831981918
  endloop
endfacet
facet normal 1.21335849685809e-016 -1.0 5.92118946466751e-016
  outer loop
    vertex 3.96450551146997 -0.3125 0.162710645518118
    vertex 4.18992412696643 -0.312499999999999 0.148222831981918
    vertex 4.18769160778989 -0.312499999999999 0.150834419107721
  endloop
endfacet
facet normal 1.21335849685809e-016 -1.0 5.92118946466751e-016
  outer loop
    vertex 3.96450551146997 -0.3125 0.162710645518118
    vertex 4.18769160778989 -0.312499999999999 0.150834419107721
    vertex 4.18558992228703 -0.312499999999999 0.153552404986342
  endloop
endfacet
facet normal 1.21335849685809e-016 -1.0 5.92118946466751e-016
  outer loop
    vertex 3.96450551146997 -0.3125 0.162710645518118
    vertex 4.18558992228703 -0.312499999999999 0.153552404986342
    vertex 4.18362413360232 -0.312499999999999 0.156370241751731
  endloop
endfacet
facet normal 1.21335849685809e-016 -1.0 5.92118946466751e-016
  outer loop
    vertex 3.96450551146997 -0.3125 0.162710645518118
    vertex 4.18362413360232 -0.312499999999999 0.156370241751731
    vertex 4.18179897749288 -0.312499999999999 0.159281140988307
  endloop
endfacet
facet normal 1.21335849685809e-016 -1.0 5.92118946466751e-016
  outer loop
    vertex 3.96450551146997 -0.3125 0.162710645518118
    vertex 4.18179897749288 -0.312499999999999 0.159281140988307
    vertex 4.18011885091965 -0.312499999999999 0.162278090084844
  endloop
endfacet
facet normal 1.21335849685809e-016 -1.0 5.92118946466751e-016
  outer loop
    vertex 3.96450551146997 -0.3125 0.162710645518118
    vertex 4.18011885091965 -0.312499999999999 0.162278090084844
    vertex 4.1785878014547 -0.312499999999999 0.165353869128469
  endloop
endfacet
facet normal 1.21335849685809e-016 -1.0 5.92118946466751e-016
  outer loop
    vertex 3.96450551146997 -0.3125 0.162710645518118
    vertex 4.1785878014547 -0.312499999999999 0.165353869128469
    vertex 3.968756485633 -0.3125 0.194999999999998
  endloop
endfacet
facet normal 1.21335849685809e-016 -1.0 5.92118946466751e-016
  outer loop
    vertex 3.968756485633 -0.3125 0.194999999999998
    vertex 4.1785878014547 -0.312499999999999 0.165353869128469
    vertex 4.17720951753031 -0.312499999999998 0.168501068298057
  endloop
endfacet
facet normal 1.21335849685809e-016 -1.0 5.92118946466751e-016
  outer loop
    vertex 3.968756485633 -0.3125 0.194999999999998
    vertex 4.17720951753031 -0.312499999999998 0.168501068298057
    vertex 4.17598731955315 -0.312499999999999 0.171712105715147
  endloop
endfacet
facet normal 1.21335849685809e-016 -1.0 5.92118946466751e-016
  outer loop
    vertex 3.968756485633 -0.3125 0.194999999999998
    vertex 4.17598731955315 -0.312499999999999 0.171712105715147
    vertex 4.17492415190523 -0.312499999999999 0.174979245709348
  endloop
endfacet
facet normal 1.21335849685809e-016 -1.0 5.92118946466751e-016
  outer loop
    vertex 3.968756485633 -0.3125 0.194999999999998
    vertex 4.17492415190523 -0.312499999999999 0.174979245709348
    vertex 4.17402257585051 -0.312499999999998 0.178294617454247
  endloop
endfacet
facet normal 1.21335849685809e-016 -1.0 5.92118946466751e-016
  outer loop
    vertex 3.968756485633 -0.3125 0.194999999999998
    vertex 4.17402257585051 -0.312499999999998 0.178294617454247
    vertex 4.17328476336469 -0.312499999999999 0.181650233928916
  endloop
endfacet
facet normal 1.21335849685809e-016 -1.0 5.92118946466751e-016
  outer loop
    vertex 3.968756485633 -0.3125 0.194999999999998
    vertex 4.17328476336469 -0.312499999999999 0.181650233928916
    vertex 4.17271249190266 -0.312499999999999 0.185038011159353
  endloop
endfacet
facet normal 1.21335849685809e-016 -1.0 5.92118946466751e-016
  outer loop
    vertex 3.968756485633 -0.3125 0.194999999999998
    vertex 4.17271249190266 -0.312499999999999 0.185038011159353
    vertex 4.17230714011651 -0.312499999999998 0.188449787693474
  endloop
endfacet
facet normal 1.21335849685809e-016 -1.0 5.92118946466751e-016
  outer loop
    vertex 3.968756485633 -0.3125 0.194999999999998
    vertex 4.17230714011651 -0.312499999999998 0.188449787693474
    vertex 4.1720696845342 -0.312499999999998 0.191877344262772
  endloop
endfacet
facet normal 1.21335849685809e-016 -1.0 5.92118946466751e-016
  outer loop
    vertex 3.968756485633 -0.3125 0.194999999999998
    vertex 4.1720696845342 -0.312499999999998 0.191877344262772
    vertex 4.17200069720701 -0.312499999999999 0.195312423583254
  endloop
endfacet
facet normal 1.21335849685809e-016 -1.0 5.92118946466751e-016
  outer loop
    vertex 3.968756485633 -0.3125 0.194999999999998
    vertex 4.17200069720701 -0.312499999999999 0.195312423583254
    vertex 3.96450551146997 -0.3125 0.227289354481877
  endloop
endfacet
facet normal 1.21335849685809e-016 -1.0 5.92118946466751e-016
  outer loop
    vertex 3.96450551146997 -0.3125 0.227289354481877
    vertex 4.17200069720701 -0.312499999999999 0.195312423583254
    vertex 4.17210034433147 -0.312499999999999 0.198746750247957
  endloop
endfacet
facet normal 1.21335849685809e-016 -1.0 5.92118946466751e-016
  outer loop
    vertex 3.96450551146997 -0.3125 0.227289354481877
    vertex 4.17210034433147 -0.312499999999999 0.198746750247957
    vertex 4.17236838584892 -0.312499999999998 0.202172050663138
  endloop
endfacet
facet normal 1.21335849685809e-016 -1.0 5.92118946466751e-016
  outer loop
    vertex 3.96450551146997 -0.3125 0.227289354481877
    vertex 4.17236838584892 -0.312499999999998 0.202172050663138
    vertex 4.17280417602386 -0.312499999999999 0.205580072980073
  endloop
endfacet
facet normal 1.21335849685809e-016 -1.0 5.92118946466751e-016
  outer loop
    vertex 3.96450551146997 -0.3125 0.227289354481877
    vertex 4.17280417602386 -0.312499999999999 0.205580072980073
    vertex 4.17340666499961 -0.312499999999998 0.208962606974494
  endloop
endfacet
facet normal 1.21335849685809e-016 -1.0 5.92118946466751e-016
  outer loop
    vertex 3.96450551146997 -0.3125 0.227289354481877
    vertex 4.17340666499961 -0.312499999999998 0.208962606974494
    vertex 4.17417440132744 -0.312499999999998 0.212311503825734
  endloop
endfacet
facet normal 1.21335849685809e-016 -1.0 5.92118946466751e-016
  outer loop
    vertex 3.96450551146997 -0.3125 0.227289354481877
    vertex 4.17417440132744 -0.312499999999998 0.212311503825734
    vertex 4.17510553546329 -0.312499999999998 0.215618695747949
  endloop
endfacet
facet normal 1.21335849685809e-016 -1.0 5.92118946466751e-016
  outer loop
    vertex 3.96450551146997 -0.3125 0.227289354481877
    vertex 4.17510553546329 -0.312499999999998 0.215618695747949
    vertex 4.17619782422347 -0.312499999999999 0.218876215426123
  endloop
endfacet
facet normal 1.21335849685809e-016 -1.0 5.92118946466751e-016
  outer loop
    vertex 3.96450551146997 -0.3125 0.227289354481877
    vertex 4.17619782422347 -0.312499999999999 0.218876215426123
    vertex 4.17744863618869 -0.312499999999999 0.222076215210026
  endloop
endfacet
facet normal 1.21335849685809e-016 -1.0 5.92118946466751e-016
  outer loop
    vertex 3.96450551146997 -0.3125 0.227289354481877
    vertex 4.17744863618869 -0.312499999999999 0.222076215210026
    vertex 4.17885495804336 -0.312499999999998 0.225210986019891
  endloop
endfacet
facet normal 1.21335849685809e-016 -1.0 5.92118946466751e-016
  outer loop
    vertex 3.96450551146997 -0.3125 0.227289354481877
    vertex 4.17885495804336 -0.312499999999998 0.225210986019891
    vertex 4.18041340183496 -0.312499999999998 0.228272975918265
  endloop
endfacet
facet normal 1.21335849685809e-016 -1.0 5.92118946466751e-016
  outer loop
    vertex 3.96450551146997 -0.3125 0.227289354481877
    vertex 4.18041340183496 -0.312499999999998 0.228272975918265
    vertex 3.95204228584505 -0.3125 0.257378242816498
  endloop
endfacet
facet normal 1.21335849685809e-016 -1.0 5.92118946466751e-016
  outer loop
    vertex 3.95204228584505 -0.3125 0.257378242816498
    vertex 4.18041340183496 -0.312499999999998 0.228272975918265
    vertex 4.18212021313588 -0.312499999999998 0.231254808303283
  endloop
endfacet
facet normal 1.21335849685809e-016 -1.0 5.92118946466751e-016
  outer loop
    vertex 3.95204228584505 -0.3125 0.257378242816498
    vertex 4.18212021313588 -0.312499999999998 0.231254808303283
    vertex 4.18397128008821 -0.312499999999998 0.234149299679553
  endloop
endfacet
facet normal 1.21335849685809e-016 -1.0 5.92118946466751e-016
  outer loop
    vertex 3.95204228584505 -0.3125 0.257378242816498
    vertex 4.18397128008821 -0.312499999999998 0.234149299679553
    vertex 4.18596214330953 -0.312499999999999 0.23694947696382
  endloop
endfacet
facet normal 1.21335849685809e-016 -1.0 5.92118946466751e-016
  outer loop
    vertex 3.95204228584505 -0.3125 0.257378242816498
    vertex 4.18596214330953 -0.312499999999999 0.23694947696382
    vertex 4.18808800663595 -0.312499999999998 0.239648594283742
  endloop
endfacet
facet normal 1.21335849685809e-016 -1.0 5.92118946466751e-016
  outer loop
    vertex 3.95204228584505 -0.3125 0.257378242816498
    vertex 4.18808800663595 -0.312499999999998 0.239648594283742
    vertex 4.19034374867651 -0.312499999999998 0.242240149229279
  endloop
endfacet
facet normal 1.21335849685809e-016 -1.0 5.92118946466751e-016
  outer loop
    vertex 3.95204228584505 -0.3125 0.257378242816498
    vertex 4.19034374867651 -0.312499999999998 0.242240149229279
    vertex 4.19272393515107 -0.312499999999998 0.244717898517574
  endloop
endfacet
facet normal 1.21335849685809e-016 -1.0 5.92118946466751e-016
  outer loop
    vertex 3.95204228584505 -0.3125 0.257378242816498
    vertex 4.19272393515107 -0.312499999999998 0.244717898517574
    vertex 4.19522283198192 -0.312499999999998 0.247075873033567
  endloop
endfacet
facet normal 1.21335849685809e-016 -1.0 5.92118946466751e-016
  outer loop
    vertex 3.95204228584505 -0.3125 0.257378242816498
    vertex 4.19522283198192 -0.312499999999998 0.247075873033567
    vertex 4.19783441910772 -0.312499999999998 0.249308392210114
  endloop
endfacet
facet normal 1.21335849685809e-016 -1.0 5.92118946466751e-016
  outer loop
    vertex 3.95204228584505 -0.3125 0.257378242816498
    vertex 4.19783441910772 -0.312499999999998 0.249308392210114
    vertex 4.20055240498634 -0.312499999999998 0.251410077712974
  endloop
endfacet
facet normal 1.21335849685809e-016 -1.0 5.92118946466751e-016
  outer loop
    vertex 3.95204228584505 -0.3125 0.257378242816498
    vertex 4.20055240498634 -0.312499999999998 0.251410077712974
    vertex 4.20337024175173 -0.312499999999999 0.253375866397684
  endloop
endfacet
facet normal 1.21335849685809e-016 -1.0 5.92118946466751e-016
  outer loop
    vertex 3.95204228584505 -0.3125 0.257378242816498
    vertex 4.20337024175173 -0.312499999999999 0.253375866397684
    vertex 4.20628114098831 -0.312499999999999 0.25520102250712
  endloop
endfacet
facet normal 1.21335849685809e-016 -1.0 5.92118946466751e-016
  outer loop
    vertex 3.95204228584505 -0.3125 0.257378242816498
    vertex 4.20628114098831 -0.312499999999999 0.25520102250712
    vertex 4.20927809008484 -0.312499999999998 0.256881149080349
  endloop
endfacet
facet normal 1.21335849685809e-016 -1.0 5.92118946466751e-016
  outer loop
    vertex 3.95204228584505 -0.3125 0.257378242816498
    vertex 4.20927809008484 -0.312499999999998 0.256881149080349
    vertex 4.21235386912847 -0.312499999999999 0.258412198545295
  endloop
endfacet
facet normal 1.21335849685809e-016 -1.0 5.92118946466751e-016
  outer loop
    vertex 3.95204228584505 -0.3125 0.257378242816498
    vertex 4.21235386912847 -0.312499999999999 0.258412198545295
    vertex 3.9322161569881 -0.312499999999999 0.283216156988094
  endloop
endfacet
facet normal 1.21335849685809e-016 -1.0 5.92118946466751e-016
  outer loop
    vertex 3.9322161569881 -0.312499999999999 0.283216156988094
    vertex 4.21235386912847 -0.312499999999999 0.258412198545295
    vertex 4.21550106829806 -0.312499999999998 0.259790482469694
  endloop
endfacet
facet normal 1.21335849685809e-016 -1.0 5.92118946466751e-016
  outer loop
    vertex 3.9322161569881 -0.312499999999999 0.283216156988094
    vertex 4.21550106829806 -0.312499999999998 0.259790482469694
    vertex 4.21871210571515 -0.312499999999998 0.261012680446846
  endloop
endfacet
facet normal 1.21335849685809e-016 -1.0 5.92118946466751e-016
  outer loop
    vertex 3.9322161569881 -0.312499999999999 0.283216156988094
    vertex 4.21871210571515 -0.312499999999998 0.261012680446846
    vertex 4.22197924570935 -0.312499999999999 0.262075848094775
  endloop
endfacet
facet normal 1.21335849685809e-016 -1.0 5.92118946466751e-016
  outer loop
    vertex 3.9322161569881 -0.312499999999999 0.283216156988094
    vertex 4.22197924570935 -0.312499999999999 0.262075848094775
    vertex 4.22529461745425 -0.312499999999998 0.262977424149492
  endloop
endfacet
facet normal 1.21335849685809e-016 -1.0 5.92118946466751e-016
  outer loop
    vertex 3.9322161569881 -0.312499999999999 0.283216156988094
    vertex 4.22529461745425 -0.312499999999998 0.262977424149492
    vertex 4.22865023392892 -0.312499999999999 0.263715236635315
  endloop
endfacet
facet normal 1.21335849685809e-016 -1.0 5.92118946466751e-016
  outer loop
    vertex 3.9322161569881 -0.312499999999999 0.283216156988094
    vertex 4.22865023392892 -0.312499999999999 0.263715236635315
    vertex 4.23203801115935 -0.312499999999998 0.264287508097339
  endloop
endfacet
facet normal 1.21335849685809e-016 -1.0 5.92118946466751e-016
  outer loop
    vertex 3.9322161569881 -0.312499999999999 0.283216156988094
    vertex 4.23203801115935 -0.312499999999998 0.264287508097339
    vertex 4.23544978769347 -0.312499999999998 0.264692859883487
  endloop
endfacet
facet normal 1.21335849685809e-016 -1.0 5.92118946466751e-016
  outer loop
    vertex 3.9322161569881 -0.312499999999999 0.283216156988094
    vertex 4.23544978769347 -0.312499999999998 0.264692859883487
    vertex 4.23887734426277 -0.312499999999998 0.264930315465803
  endloop
endfacet
facet normal 1.21335849685809e-016 -1.0 5.92118946466751e-016
  outer loop
    vertex 3.9322161569881 -0.312499999999999 0.283216156988094
    vertex 4.23887734426277 -0.312499999999998 0.264930315465803
    vertex 4.24231242358325 -0.312499999999998 0.264999302792989
  endloop
endfacet
facet normal 0.992426118718126 0.0147288861168799 -0.121956790708152
  outer loop
    vertex 3.86014467724094 -0.639493514366998 0.192874512918487
    vertex 3.87518912140825 -0.671782868848878 0.311399385739023
    vertex 3.87405007631422 -0.701871757183498 0.298496505118456
  endloop
endfacet
facet normal 0.990174758868511 0.0147288861168742 -0.13905756654509
  outer loop
    vertex 3.86014467724094 -0.639493514366998 0.192874512918487
    vertex 3.84623927816766 -0.701871757183499 0.0872525207185183
    vertex 3.844 -0.671782868848879 0.0744944885300237
  endloop
endfacet
facet normal 0.991444861373811 3.67133389473468e-015 -0.13052619222005
  outer loop
    vertex 0.652364851558069 -0.762087673168448 0.190749025836975
    vertex 0.653525082816751 -0.761929537482635 0.199561857191821
    vertex 0.652924502923811 -0.762087673168448 0.195
  endloop
endfacet
facet normal 0.991444861373811 3.67133389473468e-015 -0.13052619222005
  outer loop
    vertex 0.653525082816751 -0.761929537482635 0.199561857191821
    vertex 0.652364851558069 -0.762087673168448 0.190749025836975
    vertex 0.651764271665129 -0.761929537482635 0.186187168645154
  endloop
endfacet
facet normal 0.991444861373811 3.67133389473468e-015 -0.13052619222005
  outer loop
    vertex 0.653525082816751 -0.761929537482635 0.199561857191821
    vertex 0.651764271665129 -0.761929537482635 0.186187168645154
    vertex 0.651013733640695 -0.761547764165251 0.180486266359304
  endloop
endfacet
facet normal 0.991444861373811 3.67133389473468e-015 -0.13052619222005
  outer loop
    vertex 0.653525082816751 -0.761929537482635 0.199561857191821
    vertex 0.651013733640695 -0.761547764165251 0.180486266359304
    vertex 0.654275620841185 -0.761547764165251 0.20526275947767
  endloop
endfacet
facet normal 0.991444861373811 3.67133389473468e-015 -0.13052619222005
  outer loop
    vertex 0.654275620841185 -0.761547764165251 0.20526275947767
    vertex 0.651013733640695 -0.761547764165251 0.180486266359304
    vertex 0.649874688546667 -0.760728377696755 0.171834359901763
  endloop
endfacet
facet normal 0.991444861373811 3.67133389473468e-015 -0.13052619222005
  outer loop
    vertex 0.654275620841185 -0.761547764165251 0.20526275947767
    vertex 0.649874688546667 -0.760728377696755 0.171834359901763
    vertex 0.655414665935213 -0.760728377696754 0.213914665935213
  endloop
endfacet
facet normal 0.991444861373811 3.67133389473468e-015 -0.13052619222005
  outer loop
    vertex 0.655414665935213 -0.760728377696754 0.213914665935213
    vertex 0.649874688546667 -0.760728377696755 0.171834359901763
    vertex 0.649046853906178 -0.759999025836975 0.165546331526611
  endloop
endfacet
facet normal 0.991444861373811 3.67133389473468e-015 -0.13052619222005
  outer loop
    vertex 0.655414665935213 -0.760728377696754 0.213914665935213
    vertex 0.649046853906178 -0.759999025836975 0.165546331526611
    vertex 0.656242500575702 -0.759999025836975 0.220202694310364
  endloop
endfacet
facet normal 0.991444861373811 3.67133389473468e-015 -0.13052619222005
  outer loop
    vertex 0.656242500575702 -0.759999025836975 0.220202694310364
    vertex 0.649046853906178 -0.759999025836975 0.165546331526611
    vertex 0.647513297502105 -0.75574805167395 0.153897814163274
  endloop
endfacet
facet normal 0.991444861373811 3.67133389473468e-015 -0.13052619222005
  outer loop
    vertex 0.656242500575702 -0.759999025836975 0.220202694310364
    vertex 0.647513297502105 -0.75574805167395 0.153897814163274
    vertex 0.65264467724094 -0.639493514366998 0.192874512918488
  endloop
endfacet
facet normal 0.991444861373811 3.67133389473468e-015 -0.13052619222005
  outer loop
    vertex 0.65264467724094 -0.639493514366998 0.192874512918488
    vertex 0.647513297502105 -0.75574805167395 0.153897814163274
    vertex 0.644857099893978 -0.747535800212046 0.133721990257129
  endloop
endfacet
facet normal 0.991444861373811 3.67133389473468e-015 -0.13052619222005
  outer loop
    vertex 0.65264467724094 -0.639493514366998 0.192874512918488
    vertex 0.644857099893978 -0.747535800212046 0.133721990257129
    vertex 0.641395475775786 -0.727709671355096 0.107428344624664
  endloop
endfacet
facet normal 0.991444861373811 3.67133389473468e-015 -0.13052619222005
  outer loop
    vertex 0.65264467724094 -0.639493514366998 0.192874512918488
    vertex 0.641395475775786 -0.727709671355096 0.107428344624664
    vertex 0.638739278167658 -0.701871757183499 0.0872525207185186
  endloop
endfacet
facet normal 4.85343398743237e-016 -1.0 5.92118946466751e-016
  outer loop
    vertex 0.548283843011903 -0.3125 0.106783843011902
    vertex 0.259852544888597 -0.3125 0.125024518026413
    vertex 0.256416779256763 -0.3125 0.125017906489744
  endloop
endfacet
facet normal 4.85343398743237e-016 -1.0 5.92118946466751e-016
  outer loop
    vertex 0.259852544888597 -0.3125 0.125024518026413
    vertex 0.548283843011903 -0.3125 0.106783843011902
    vertex 0.528457714154953 -0.312499999999999 0.132621757183498
  endloop
endfacet
facet normal 4.85343398743237e-016 -1.0 5.92118946466751e-016
  outer loop
    vertex 0.259852544888597 -0.3125 0.125024518026413
    vertex 0.528457714154953 -0.312499999999999 0.132621757183498
    vertex 0.263283847577531 -0.3125 0.125199706628285
  endloop
endfacet
facet normal 4.85343398743237e-016 -1.0 5.92118946466751e-016
  outer loop
    vertex 0.263283847577531 -0.3125 0.125199706628285
    vertex 0.528457714154953 -0.312499999999999 0.132621757183498
    vertex 0.26670242101484 -0.3125 0.125543050250674
  endloop
endfacet
facet normal 4.85343398743237e-016 -1.0 5.92118946466751e-016
  outer loop
    vertex 0.26670242101484 -0.3125 0.125543050250674
    vertex 0.528457714154953 -0.312499999999999 0.132621757183498
    vertex 0.270100029557683 -0.3125 0.126053721748718
  endloop
endfacet
facet normal 4.85343398743237e-016 -1.0 5.92118946466751e-016
  outer loop
    vertex 0.270100029557683 -0.3125 0.126053721748718
    vertex 0.528457714154953 -0.312499999999999 0.132621757183498
    vertex 0.273468488069483 -0.3125 0.126730490870051
  endloop
endfacet
facet normal 4.85343398743237e-016 -1.0 5.92118946466751e-016
  outer loop
    vertex 0.273468488069483 -0.3125 0.126730490870051
    vertex 0.528457714154953 -0.312499999999999 0.132621757183498
    vertex 0.276799681638645 -0.3125 0.12757172721858
  endloop
endfacet
facet normal 4.85343398743237e-016 -1.0 5.92118946466751e-016
  outer loop
    vertex 0.276799681638645 -0.3125 0.12757172721858
    vertex 0.528457714154953 -0.312499999999999 0.132621757183498
    vertex 0.280085585128081 -0.3125 0.128575404182259
  endloop
endfacet
facet normal 4.85343398743237e-016 -1.0 5.92118946466751e-016
  outer loop
    vertex 0.280085585128081 -0.3125 0.128575404182259
    vertex 0.528457714154953 -0.312499999999999 0.132621757183498
    vertex 0.283318282508476 -0.3125 0.129739103815371
  endloop
endfacet
facet normal 4.85343398743237e-016 -1.0 5.92118946466751e-016
  outer loop
    vertex 0.283318282508476 -0.3125 0.129739103815371
    vertex 0.528457714154953 -0.312499999999999 0.132621757183498
    vertex 0.286489985928687 -0.3125 0.13106002266357
  endloop
endfacet
facet normal 4.85343398743237e-016 -1.0 5.92118946466751e-016
  outer loop
    vertex 0.286489985928687 -0.3125 0.13106002266357
    vertex 0.528457714154953 -0.312499999999999 0.132621757183498
    vertex 0.289593054477368 -0.3125 0.132534978517654
  endloop
endfacet
facet normal 4.85343398743237e-016 -1.0 5.92118946466751e-016
  outer loop
    vertex 0.289593054477368 -0.3125 0.132534978517654
    vertex 0.528457714154953 -0.312499999999999 0.132621757183498
    vertex 0.292620012590588 -0.3125 0.134160418079778
  endloop
endfacet
facet normal 4.85343398743237e-016 -1.0 5.92118946466751e-016
  outer loop
    vertex 0.292620012590588 -0.3125 0.134160418079778
    vertex 0.528457714154953 -0.312499999999999 0.132621757183498
    vertex 0.515994488530024 -0.3125 0.162710645518118
  endloop
endfacet
facet normal 4.85343398743237e-016 -1.0 5.92118946466751e-016
  outer loop
    vertex 0.292620012590588 -0.3125 0.134160418079778
    vertex 0.515994488530024 -0.3125 0.162710645518118
    vertex 0.295563568061123 -0.3125 0.135932425523666
  endloop
endfacet
facet normal 4.85343398743237e-016 -1.0 5.92118946466751e-016
  outer loop
    vertex 0.295563568061123 -0.3125 0.135932425523666
    vertex 0.515994488530024 -0.3125 0.162710645518118
    vertex 0.298416629606019 -0.3125 0.137846731928176
  endloop
endfacet
facet normal 4.85343398743237e-016 -1.0 5.92118946466751e-016
  outer loop
    vertex 0.298416629606019 -0.3125 0.137846731928176
    vertex 0.515994488530024 -0.3125 0.162710645518118
    vertex 0.301172323950115 -0.3125 0.139898725561506
  endloop
endfacet
facet normal 4.85343398743237e-016 -1.0 5.92118946466751e-016
  outer loop
    vertex 0.301172323950115 -0.3125 0.139898725561506
    vertex 0.515994488530024 -0.3125 0.162710645518118
    vertex 0.303824012384367 -0.3125 0.14208346299126
  endloop
endfacet
facet normal 4.85343398743237e-016 -1.0 5.92118946466751e-016
  outer loop
    vertex 0.303824012384367 -0.3125 0.14208346299126
    vertex 0.515994488530024 -0.3125 0.162710645518118
    vertex 0.306365306759075 -0.3125 0.144395680993609
  endloop
endfacet
facet normal 4.85343398743237e-016 -1.0 5.92118946466751e-016
  outer loop
    vertex 0.306365306759075 -0.3125 0.144395680993609
    vertex 0.515994488530024 -0.3125 0.162710645518118
    vertex 0.3087900848735 -0.3125 0.14682980923286
  endloop
endfacet
facet normal 4.85343398743237e-016 -1.0 5.92118946466751e-016
  outer loop
    vertex 0.3087900848735 -0.3125 0.14682980923286
    vertex 0.515994488530024 -0.3125 0.162710645518118
    vertex 0.311092505224778 -0.3125 0.149379983680879
  endloop
endfacet
facet normal 4.85343398743237e-016 -1.0 5.92118946466751e-016
  outer loop
    vertex 0.311092505224778 -0.3125 0.149379983680879
    vertex 0.515994488530024 -0.3125 0.162710645518118
    vertex 0.313267021080615 -0.3125 0.152040060744053
  endloop
endfacet
facet normal 4.85343398743237e-016 -1.0 5.92118946466751e-016
  outer loop
    vertex 0.313267021080615 -0.3125 0.152040060744053
    vertex 0.515994488530024 -0.3125 0.162710645518118
    vertex 0.315308393841851 -0.3125 0.15480363206374
  endloop
endfacet
facet normal 4.85343398743237e-016 -1.0 5.92118946466751e-016
  outer loop
    vertex 0.315308393841851 -0.3125 0.15480363206374
    vertex 0.515994488530024 -0.3125 0.162710645518118
    vertex 0.317211705662699 -0.312500000000001 0.157664039954571
  endloop
endfacet
facet normal 4.85343398743237e-016 -1.0 5.92118946466751e-016
  outer loop
    vertex 0.317211705662699 -0.312500000000001 0.157664039954571
    vertex 0.515994488530024 -0.3125 0.162710645518118
    vertex 0.318972371298272 -0.3125 0.160614393443396
  endloop
endfacet
facet normal 4.85343398743237e-016 -1.0 5.92118946466751e-016
  outer loop
    vertex 0.318972371298272 -0.3125 0.160614393443396
    vertex 0.515994488530024 -0.3125 0.162710645518118
    vertex 0.320586149150839 -0.3125 0.163647584870239
  endloop
endfacet
facet normal 4.85343398743237e-016 -1.0 5.92118946466751e-016
  outer loop
    vertex 0.320586149150839 -0.3125 0.163647584870239
    vertex 0.515994488530024 -0.3125 0.162710645518118
    vertex 0.511743514367 -0.3125 0.194999999999998
  endloop
endfacet
facet normal 4.85343398743237e-016 -1.0 5.92118946466751e-016
  outer loop
    vertex 0.320586149150839 -0.3125 0.163647584870239
    vertex 0.511743514367 -0.3125 0.194999999999998
    vertex 0.322049151488203 -0.312500000000001 0.166756307011277
  endloop
endfacet
facet normal 4.85343398743237e-016 -1.0 5.92118946466751e-016
  outer loop
    vertex 0.322049151488203 -0.312500000000001 0.166756307011277
    vertex 0.511743514367 -0.3125 0.194999999999998
    vertex 0.323357853809588 -0.3125 0.16993307068258
  endloop
endfacet
facet normal 4.85343398743237e-016 -1.0 5.92118946466751e-016
  outer loop
    vertex 0.323357853809588 -0.3125 0.16993307068258
    vertex 0.511743514367 -0.3125 0.194999999999998
    vertex 0.324509103336474 -0.3125 0.173170222782213
  endloop
endfacet
facet normal 4.85343398743237e-016 -1.0 5.92118946466751e-016
  outer loop
    vertex 0.324509103336474 -0.3125 0.173170222782213
    vertex 0.511743514367 -0.3125 0.194999999999998
    vertex 0.325500126607912 -0.3125 0.176459964727226
  endloop
endfacet
facet normal 4.85343398743237e-016 -1.0 5.92118946466751e-016
  outer loop
    vertex 0.325500126607912 -0.3125 0.176459964727226
    vertex 0.511743514367 -0.3125 0.194999999999998
    vertex 0.32632853616204 -0.3125 0.179794371241126
  endloop
endfacet
facet normal 4.85343398743237e-016 -1.0 5.92118946466751e-016
  outer loop
    vertex 0.32632853616204 -0.3125 0.179794371241126
    vertex 0.511743514367 -0.3125 0.194999999999998
    vertex 0.32699233628768 -0.312500000000001 0.183165409446563
  endloop
endfacet
facet normal 4.85343398743237e-016 -1.0 5.92118946466751e-016
  outer loop
    vertex 0.32699233628768 -0.312500000000001 0.183165409446563
    vertex 0.511743514367 -0.3125 0.194999999999998
    vertex 0.32748992783219 -0.3125 0.18656495821723
  endloop
endfacet
facet normal 4.85343398743237e-016 -1.0 5.92118946466751e-016
  outer loop
    vertex 0.32748992783219 -0.3125 0.18656495821723
    vertex 0.511743514367 -0.3125 0.194999999999998
    vertex 0.327820112053951 -0.3125 0.189984827742374
  endloop
endfacet
facet normal 4.85343398743237e-016 -1.0 5.92118946466751e-016
  outer loop
    vertex 0.327820112053951 -0.3125 0.189984827742374
    vertex 0.511743514367 -0.3125 0.194999999999998
    vertex 0.327982093510255 -0.3125 0.193416779256764
  endloop
endfacet
facet normal 4.85343398743237e-016 -1.0 5.92118946466751e-016
  outer loop
    vertex 0.327982093510255 -0.3125 0.193416779256764
    vertex 0.511743514367 -0.3125 0.194999999999998
    vertex 0.327975481973586 -0.312499999999999 0.196852544888598
  endloop
endfacet
facet normal 4.85343398743237e-016 -1.0 5.92118946466751e-016
  outer loop
    vertex 0.327975481973586 -0.312499999999999 0.196852544888598
    vertex 0.511743514367 -0.3125 0.194999999999998
    vertex 0.515994488530024 -0.312500000000001 0.227289354481877
  endloop
endfacet
facet normal 4.85343398743237e-016 -1.0 5.92118946466751e-016
  outer loop
    vertex 0.327975481973586 -0.312499999999999 0.196852544888598
    vertex 0.515994488530024 -0.312500000000001 0.227289354481877
    vertex 0.327800293371714 -0.3125 0.200283847577532
  endloop
endfacet
facet normal 4.85343398743237e-016 -1.0 5.92118946466751e-016
  outer loop
    vertex 0.327800293371714 -0.3125 0.200283847577532
    vertex 0.515994488530024 -0.312500000000001 0.227289354481877
    vertex 0.327456949749326 -0.3125 0.203702421014841
  endloop
endfacet
facet normal 4.85343398743237e-016 -1.0 5.92118946466751e-016
  outer loop
    vertex 0.327456949749326 -0.3125 0.203702421014841
    vertex 0.515994488530024 -0.312500000000001 0.227289354481877
    vertex 0.326946278251282 -0.3125 0.207100029557684
  endloop
endfacet
facet normal 4.85343398743237e-016 -1.0 5.92118946466751e-016
  outer loop
    vertex 0.326946278251282 -0.3125 0.207100029557684
    vertex 0.515994488530024 -0.312500000000001 0.227289354481877
    vertex 0.326269509129948 -0.3125 0.210468488069484
  endloop
endfacet
facet normal 4.85343398743237e-016 -1.0 5.92118946466751e-016
  outer loop
    vertex 0.326269509129948 -0.3125 0.210468488069484
    vertex 0.515994488530024 -0.312500000000001 0.227289354481877
    vertex 0.325428272781419 -0.3125 0.213799681638645
  endloop
endfacet
facet normal 4.85343398743237e-016 -1.0 5.92118946466751e-016
  outer loop
    vertex 0.325428272781419 -0.3125 0.213799681638645
    vertex 0.515994488530024 -0.312500000000001 0.227289354481877
    vertex 0.324424595817741 -0.312499999999999 0.217085585128082
  endloop
endfacet
facet normal 4.85343398743237e-016 -1.0 5.92118946466751e-016
  outer loop
    vertex 0.324424595817741 -0.312499999999999 0.217085585128082
    vertex 0.515994488530024 -0.312500000000001 0.227289354481877
    vertex 0.32326089618463 -0.3125 0.220318282508476
  endloop
endfacet
facet normal 4.85343398743237e-016 -1.0 5.92118946466751e-016
  outer loop
    vertex 0.32326089618463 -0.3125 0.220318282508476
    vertex 0.515994488530024 -0.312500000000001 0.227289354481877
    vertex 0.321939977336429 -0.3125 0.223489985928688
  endloop
endfacet
facet normal 4.85343398743237e-016 -1.0 5.92118946466751e-016
  outer loop
    vertex 0.321939977336429 -0.3125 0.223489985928688
    vertex 0.515994488530024 -0.312500000000001 0.227289354481877
    vertex 0.320465021482346 -0.3125 0.226593054477369
  endloop
endfacet
facet normal 4.85343398743237e-016 -1.0 5.92118946466751e-016
  outer loop
    vertex 0.320465021482346 -0.3125 0.226593054477369
    vertex 0.515994488530024 -0.312500000000001 0.227289354481877
    vertex 0.318839581920222 -0.3125 0.22962001259059
  endloop
endfacet
facet normal 4.85343398743237e-016 -1.0 5.92118946466751e-016
  outer loop
    vertex 0.318839581920222 -0.3125 0.22962001259059
    vertex 0.515994488530024 -0.312500000000001 0.227289354481877
    vertex 0.528457714154954 -0.3125 0.257378242816498
  endloop
endfacet
facet normal 4.85343398743237e-016 -1.0 5.92118946466751e-016
  outer loop
    vertex 0.318839581920222 -0.3125 0.22962001259059
    vertex 0.528457714154954 -0.3125 0.257378242816498
    vertex 0.317067574476334 -0.312499999999999 0.232563568061125
  endloop
endfacet
facet normal 4.85343398743237e-016 -1.0 5.92118946466751e-016
  outer loop
    vertex 0.317067574476334 -0.312499999999999 0.232563568061125
    vertex 0.528457714154954 -0.3125 0.257378242816498
    vertex 0.315153268071824 -0.3125 0.23541662960602
  endloop
endfacet
facet normal 4.85343398743237e-016 -1.0 5.92118946466751e-016
  outer loop
    vertex 0.315153268071824 -0.3125 0.23541662960602
    vertex 0.528457714154954 -0.3125 0.257378242816498
    vertex 0.313101274438493 -0.3125 0.238172323950117
  endloop
endfacet
facet normal 4.85343398743237e-016 -1.0 5.92118946466751e-016
  outer loop
    vertex 0.313101274438493 -0.3125 0.238172323950117
    vertex 0.528457714154954 -0.3125 0.257378242816498
    vertex 0.31091653700874 -0.3125 0.240824012384368
  endloop
endfacet
facet normal 4.85343398743237e-016 -1.0 5.92118946466751e-016
  outer loop
    vertex 0.31091653700874 -0.3125 0.240824012384368
    vertex 0.528457714154954 -0.3125 0.257378242816498
    vertex 0.30860431900639 -0.3125 0.243365306759075
  endloop
endfacet
facet normal 4.85343398743237e-016 -1.0 5.92118946466751e-016
  outer loop
    vertex 0.30860431900639 -0.3125 0.243365306759075
    vertex 0.528457714154954 -0.3125 0.257378242816498
    vertex 0.30617019076714 -0.3125 0.245790084873501
  endloop
endfacet
facet normal 4.85343398743237e-016 -1.0 5.92118946466751e-016
  outer loop
    vertex 0.30617019076714 -0.3125 0.245790084873501
    vertex 0.528457714154954 -0.3125 0.257378242816498
    vertex 0.30362001631912 -0.3125 0.248092505224778
  endloop
endfacet
facet normal 4.85343398743237e-016 -1.0 5.92118946466751e-016
  outer loop
    vertex 0.30362001631912 -0.3125 0.248092505224778
    vertex 0.528457714154954 -0.3125 0.257378242816498
    vertex 0.300959939255947 -0.3125 0.250267021080616
  endloop
endfacet
facet normal 4.85343398743237e-016 -1.0 5.92118946466751e-016
  outer loop
    vertex 0.300959939255947 -0.3125 0.250267021080616
    vertex 0.528457714154954 -0.3125 0.257378242816498
    vertex 0.29819636793626 -0.3125 0.252308393841851
  endloop
endfacet
facet normal 4.85343398743237e-016 -1.0 5.92118946466751e-016
  outer loop
    vertex 0.29819636793626 -0.3125 0.252308393841851
    vertex 0.528457714154954 -0.3125 0.257378242816498
    vertex 0.295335960045429 -0.312499999999999 0.254211705662699
  endloop
endfacet
facet normal 4.85343398743237e-016 -1.0 5.92118946466751e-016
  outer loop
    vertex 0.295335960045429 -0.312499999999999 0.254211705662699
    vertex 0.528457714154954 -0.3125 0.257378242816498
    vertex 0.292385606556604 -0.3125 0.255972371298272
  endloop
endfacet
facet normal 4.85343398743237e-016 -1.0 5.92118946466751e-016
  outer loop
    vertex 0.292385606556604 -0.3125 0.255972371298272
    vertex 0.528457714154954 -0.3125 0.257378242816498
    vertex 0.289352415129761 -0.3125 0.257586149150839
  endloop
endfacet
facet normal 4.85343398743237e-016 -1.0 5.92118946466751e-016
  outer loop
    vertex 0.289352415129761 -0.3125 0.257586149150839
    vertex 0.528457714154954 -0.3125 0.257378242816498
    vertex 0.548283843011903 -0.312499999999999 0.283216156988095
  endloop
endfacet
facet normal 4.85343398743237e-016 -1.0 5.92118946466751e-016
  outer loop
    vertex 0.289352415129761 -0.3125 0.257586149150839
    vertex 0.548283843011903 -0.312499999999999 0.283216156988095
    vertex 0.286243692988722 -0.3125 0.259049151488203
  endloop
endfacet
facet normal 4.85343398743237e-016 -1.0 5.92118946466751e-016
  outer loop
    vertex 0.286243692988722 -0.3125 0.259049151488203
    vertex 0.548283843011903 -0.312499999999999 0.283216156988095
    vertex 0.283066929317419 -0.3125 0.260357853809588
  endloop
endfacet
facet normal 4.85343398743237e-016 -1.0 5.92118946466751e-016
  outer loop
    vertex 0.283066929317419 -0.3125 0.260357853809588
    vertex 0.548283843011903 -0.312499999999999 0.283216156988095
    vertex 0.279829777217787 -0.3125 0.261509103336474
  endloop
endfacet
facet normal 4.85343398743237e-016 -1.0 5.92118946466751e-016
  outer loop
    vertex 0.279829777217787 -0.3125 0.261509103336474
    vertex 0.548283843011903 -0.312499999999999 0.283216156988095
    vertex 0.276540035272774 -0.3125 0.262500126607913
  endloop
endfacet
facet normal 4.85343398743237e-016 -1.0 5.92118946466751e-016
  outer loop
    vertex 0.276540035272774 -0.3125 0.262500126607913
    vertex 0.548283843011903 -0.312499999999999 0.283216156988095
    vertex 0.273205628758874 -0.3125 0.26332853616204
  endloop
endfacet
facet normal 4.85343398743237e-016 -1.0 5.92118946466751e-016
  outer loop
    vertex 0.273205628758874 -0.3125 0.26332853616204
    vertex 0.548283843011903 -0.312499999999999 0.283216156988095
    vertex 0.269834590553437 -0.3125 0.263992336287681
  endloop
endfacet
facet normal 4.85343398743237e-016 -1.0 5.92118946466751e-016
  outer loop
    vertex 0.269834590553437 -0.3125 0.263992336287681
    vertex 0.548283843011903 -0.312499999999999 0.283216156988095
    vertex 0.26643504178277 -0.3125 0.264489927832189
  endloop
endfacet
facet normal 4.85343398743237e-016 -1.0 5.92118946466751e-016
  outer loop
    vertex 0.26643504178277 -0.3125 0.264489927832189
    vertex 0.548283843011903 -0.312499999999999 0.283216156988095
    vertex 0.263015172257626 -0.3125 0.264820112053951
  endloop
endfacet
facet normal 4.85343398743237e-016 -1.0 5.92118946466751e-016
  outer loop
    vertex 0.263015172257626 -0.3125 0.264820112053951
    vertex 0.548283843011903 -0.312499999999999 0.283216156988095
    vertex 0.259583220743236 -0.312499999999999 0.264982093510255
  endloop
endfacet
facet normal 4.85343398743237e-016 -1.0 5.92118946466751e-016
  outer loop
    vertex 0.915 -0.3125 -2.22044604925031e-016
    vertex 0.6365 -0.3125 0.0702435143669985
    vertex -2.22044604925031e-016 -0.3125 -2.22044604925031e-016
  endloop
endfacet
facet normal 4.85343398743237e-016 -1.0 5.92118946466751e-016
  outer loop
    vertex 0.6365 -0.3125 0.0702435143669985
    vertex 0.915 -0.3125 -2.22044604925031e-016
    vertex 0.668789354481879 -0.3125 0.0744944885300228
  endloop
endfacet
facet normal 4.85343398743237e-016 -1.0 5.92118946466751e-016
  outer loop
    vertex 0.668789354481879 -0.3125 0.0744944885300228
    vertex 0.915 -0.3125 -2.22044604925031e-016
    vertex 0.6988782428165 -0.312499999999999 0.0869577141549517
  endloop
endfacet
facet normal 4.85343398743237e-016 -1.0 5.92118946466751e-016
  outer loop
    vertex 0.6988782428165 -0.312499999999999 0.0869577141549517
    vertex 0.915 -0.3125 -2.22044604925031e-016
    vertex 0.724716156988096 -0.312499999999999 0.106783843011902
  endloop
endfacet
facet normal 4.85343398743237e-016 -1.0 5.92118946466751e-016
  outer loop
    vertex 0.724716156988096 -0.312499999999999 0.106783843011902
    vertex 0.915 -0.3125 -2.22044604925031e-016
    vertex 0.744542285845045 -0.312499999999999 0.132621757183498
  endloop
endfacet
facet normal 4.85343398743237e-016 -1.0 5.92118946466751e-016
  outer loop
    vertex 0.744542285845045 -0.312499999999999 0.132621757183498
    vertex 0.915 -0.3125 -2.22044604925031e-016
    vertex 0.915 -0.3125 0.374999999999999
  endloop
endfacet
facet normal 4.85343398743237e-016 -1.0 5.92118946466751e-016
  outer loop
    vertex 0.744542285845045 -0.312499999999999 0.132621757183498
    vertex 0.915 -0.3125 0.374999999999999
    vertex 0.757005511469975 -0.3125 0.162710645518118
  endloop
endfacet
facet normal 4.85343398743237e-016 -1.0 5.92118946466751e-016
  outer loop
    vertex 0.757005511469975 -0.3125 0.162710645518118
    vertex 0.915 -0.3125 0.374999999999999
    vertex 0.761256485633 -0.3125 0.194999999999998
  endloop
endfacet
facet normal 4.85343398743237e-016 -1.0 5.92118946466751e-016
  outer loop
    vertex 0.761256485633 -0.3125 0.194999999999998
    vertex 0.915 -0.3125 0.374999999999999
    vertex 0.757005511469975 -0.3125 0.227289354481877
  endloop
endfacet
facet normal 4.85343398743237e-016 -1.0 5.92118946466751e-016
  outer loop
    vertex 0.757005511469975 -0.3125 0.227289354481877
    vertex 0.915 -0.3125 0.374999999999999
    vertex 0.744542285845045 -0.3125 0.257378242816498
  endloop
endfacet
facet normal 4.85343398743237e-016 -1.0 5.92118946466751e-016
  outer loop
    vertex 0.744542285845045 -0.3125 0.257378242816498
    vertex 0.915 -0.3125 0.374999999999999
    vertex 0.724716156988096 -0.312499999999999 0.283216156988095
  endloop
endfacet
facet normal 4.85343398743237e-016 -1.0 5.92118946466751e-016
  outer loop
    vertex 0.724716156988096 -0.312499999999999 0.283216156988095
    vertex 0.915 -0.3125 0.374999999999999
    vertex 0.6988782428165 -0.312499999999999 0.303042285845044
  endloop
endfacet
facet normal 4.85343398743237e-016 -1.0 5.92118946466751e-016
  outer loop
    vertex 0.6988782428165 -0.312499999999999 0.303042285845044
    vertex 0.915 -0.3125 0.374999999999999
    vertex 0.668789354481879 -0.312499999999998 0.315505511469974
  endloop
endfacet
facet normal 4.85343398743237e-016 -1.0 5.92118946466751e-016
  outer loop
    vertex 0.668789354481879 -0.312499999999998 0.315505511469974
    vertex 0.915 -0.3125 0.374999999999999
    vertex 0.6365 -0.312499999999999 0.319756485632999
  endloop
endfacet
facet normal 4.85343398743237e-016 -1.0 5.92118946466751e-016
  outer loop
    vertex -2.22044604925031e-016 -0.3125 -2.22044604925031e-016
    vertex 0.20508346299126 -0.3125 0.149175987615633
    vertex -2.77555756156289e-016 -0.3125 0.374999999999999
  endloop
endfacet
facet normal 4.85343398743237e-016 -1.0 5.92118946466751e-016
  outer loop
    vertex 0.20508346299126 -0.3125 0.149175987615633
    vertex -2.22044604925031e-016 -0.3125 -2.22044604925031e-016
    vertex 0.207395680993609 -0.312500000000001 0.146634693240925
  endloop
endfacet
facet normal 4.85343398743237e-016 -1.0 5.92118946466751e-016
  outer loop
    vertex 0.207395680993609 -0.312500000000001 0.146634693240925
    vertex -2.22044604925031e-016 -0.3125 -2.22044604925031e-016
    vertex 0.20982980923286 -0.3125 0.1442099151265
  endloop
endfacet
facet normal 4.85343398743237e-016 -1.0 5.92118946466751e-016
  outer loop
    vertex 0.20982980923286 -0.3125 0.1442099151265
    vertex -2.22044604925031e-016 -0.3125 -2.22044604925031e-016
    vertex 0.212379983680878 -0.3125 0.141907494775222
  endloop
endfacet
facet normal 4.85343398743237e-016 -1.0 5.92118946466751e-016
  outer loop
    vertex 0.212379983680878 -0.3125 0.141907494775222
    vertex -2.22044604925031e-016 -0.3125 -2.22044604925031e-016
    vertex 0.215040060744052 -0.3125 0.139732978919384
  endloop
endfacet
facet normal 4.85343398743237e-016 -1.0 5.92118946466751e-016
  outer loop
    vertex 0.215040060744052 -0.3125 0.139732978919384
    vertex -2.22044604925031e-016 -0.3125 -2.22044604925031e-016
    vertex 0.217803632063739 -0.3125 0.137691606158148
  endloop
endfacet
facet normal 4.85343398743237e-016 -1.0 5.92118946466751e-016
  outer loop
    vertex 0.217803632063739 -0.3125 0.137691606158148
    vertex -2.22044604925031e-016 -0.3125 -2.22044604925031e-016
    vertex 0.220664039954571 -0.3125 0.135788294337301
  endloop
endfacet
facet normal 4.85343398743237e-016 -1.0 5.92118946466751e-016
  outer loop
    vertex 0.220664039954571 -0.3125 0.135788294337301
    vertex -2.22044604925031e-016 -0.3125 -2.22044604925031e-016
    vertex 0.223614393443396 -0.3125 0.134027628701728
  endloop
endfacet
facet normal 4.85343398743237e-016 -1.0 5.92118946466751e-016
  outer loop
    vertex 0.223614393443396 -0.3125 0.134027628701728
    vertex -2.22044604925031e-016 -0.3125 -2.22044604925031e-016
    vertex 0.226647584870238 -0.3125 0.13241385084916
  endloop
endfacet
facet normal 4.85343398743237e-016 -1.0 5.92118946466751e-016
  outer loop
    vertex 0.226647584870238 -0.3125 0.13241385084916
    vertex -2.22044604925031e-016 -0.3125 -2.22044604925031e-016
    vertex 0.229756307011276 -0.3125 0.130950848511797
  endloop
endfacet
facet normal 4.85343398743237e-016 -1.0 5.92118946466751e-016
  outer loop
    vertex 0.229756307011276 -0.3125 0.130950848511797
    vertex -2.22044604925031e-016 -0.3125 -2.22044604925031e-016
    vertex 0.23293307068258 -0.3125 0.129642146190412
  endloop
endfacet
facet normal 4.85343398743237e-016 -1.0 5.92118946466751e-016
  outer loop
    vertex 0.23293307068258 -0.3125 0.129642146190412
    vertex -2.22044604925031e-016 -0.3125 -2.22044604925031e-016
    vertex 0.236170222782212 -0.3125 0.128490896663526
  endloop
endfacet
facet normal 4.85343398743237e-016 -1.0 5.92118946466751e-016
  outer loop
    vertex 0.236170222782212 -0.3125 0.128490896663526
    vertex -2.22044604925031e-016 -0.3125 -2.22044604925031e-016
    vertex 0.239459964727225 -0.3125 0.127499873392087
  endloop
endfacet
facet normal 4.85343398743237e-016 -1.0 5.92118946466751e-016
  outer loop
    vertex 0.239459964727225 -0.3125 0.127499873392087
    vertex -2.22044604925031e-016 -0.3125 -2.22044604925031e-016
    vertex 0.242794371241125 -0.3125 0.126671463837959
  endloop
endfacet
facet normal 4.85343398743237e-016 -1.0 5.92118946466751e-016
  outer loop
    vertex 0.242794371241125 -0.3125 0.126671463837959
    vertex -2.22044604925031e-016 -0.3125 -2.22044604925031e-016
    vertex 0.246165409446562 -0.3125 0.126007663712319
  endloop
endfacet
facet normal 4.85343398743237e-016 -1.0 5.92118946466751e-016
  outer loop
    vertex 0.246165409446562 -0.3125 0.126007663712319
    vertex -2.22044604925031e-016 -0.3125 -2.22044604925031e-016
    vertex 0.249564958217229 -0.3125 0.12551007216781
  endloop
endfacet
facet normal 4.85343398743237e-016 -1.0 5.92118946466751e-016
  outer loop
    vertex 0.249564958217229 -0.3125 0.12551007216781
    vertex -2.22044604925031e-016 -0.3125 -2.22044604925031e-016
    vertex 0.60421064551812 -0.312500000000001 0.0744944885300228
  endloop
endfacet
facet normal 4.85343398743237e-016 -1.0 5.92118946466751e-016
  outer loop
    vertex 0.60421064551812 -0.312500000000001 0.0744944885300228
    vertex -2.22044604925031e-016 -0.3125 -2.22044604925031e-016
    vertex 0.6365 -0.3125 0.0702435143669985
  endloop
endfacet
facet normal 4.85343398743237e-016 -1.0 5.92118946466751e-016
  outer loop
    vertex 0.249564958217229 -0.3125 0.12551007216781
    vertex 0.60421064551812 -0.312500000000001 0.0744944885300228
    vertex 0.5741217571835 -0.3125 0.0869577141549519
  endloop
endfacet
facet normal 4.85343398743237e-016 -1.0 5.92118946466751e-016
  outer loop
    vertex 0.249564958217229 -0.3125 0.12551007216781
    vertex 0.5741217571835 -0.3125 0.0869577141549519
    vertex 0.252984827742373 -0.3125 0.125179887946049
  endloop
endfacet
facet normal 4.85343398743237e-016 -1.0 5.92118946466751e-016
  outer loop
    vertex 0.252984827742373 -0.3125 0.125179887946049
    vertex 0.5741217571835 -0.3125 0.0869577141549519
    vertex 0.548283843011903 -0.3125 0.106783843011902
  endloop
endfacet
facet normal 4.85343398743237e-016 -1.0 5.92118946466751e-016
  outer loop
    vertex 0.252984827742373 -0.3125 0.125179887946049
    vertex 0.548283843011903 -0.3125 0.106783843011902
    vertex 0.256416779256763 -0.3125 0.125017906489744
  endloop
endfacet
facet normal 4.85343398743237e-016 -1.0 5.92118946466751e-016
  outer loop
    vertex -2.77555756156289e-016 -0.3125 0.374999999999999
    vertex 0.20508346299126 -0.3125 0.149175987615633
    vertex 0.202898725561505 -0.3125 0.151827676049884
  endloop
endfacet
facet normal 4.85343398743237e-016 -1.0 5.92118946466751e-016
  outer loop
    vertex -2.77555756156289e-016 -0.3125 0.374999999999999
    vertex 0.202898725561505 -0.3125 0.151827676049884
    vertex 0.200846731928176 -0.3125 0.15458337039398
  endloop
endfacet
facet normal 4.85343398743237e-016 -1.0 5.92118946466751e-016
  outer loop
    vertex -2.77555756156289e-016 -0.3125 0.374999999999999
    vertex 0.200846731928176 -0.3125 0.15458337039398
    vertex 0.198932425523666 -0.3125 0.157436431938876
  endloop
endfacet
facet normal 4.85343398743237e-016 -1.0 5.92118946466751e-016
  outer loop
    vertex -2.77555756156289e-016 -0.3125 0.374999999999999
    vertex 0.198932425523666 -0.3125 0.157436431938876
    vertex 0.197160418079777 -0.312500000000001 0.160379987409411
  endloop
endfacet
facet normal 4.85343398743237e-016 -1.0 5.92118946466751e-016
  outer loop
    vertex -2.77555756156289e-016 -0.3125 0.374999999999999
    vertex 0.197160418079777 -0.312500000000001 0.160379987409411
    vertex 0.195534978517654 -0.3125 0.163406945522631
  endloop
endfacet
facet normal 4.85343398743237e-016 -1.0 5.92118946466751e-016
  outer loop
    vertex -2.77555756156289e-016 -0.3125 0.374999999999999
    vertex 0.195534978517654 -0.3125 0.163406945522631
    vertex 0.194060022663569 -0.3125 0.166510014071313
  endloop
endfacet
facet normal 4.85343398743237e-016 -1.0 5.92118946466751e-016
  outer loop
    vertex -2.77555756156289e-016 -0.3125 0.374999999999999
    vertex 0.194060022663569 -0.3125 0.166510014071313
    vertex 0.19273910381537 -0.3125 0.169681717491524
  endloop
endfacet
facet normal 4.85343398743237e-016 -1.0 5.92118946466751e-016
  outer loop
    vertex -2.77555756156289e-016 -0.3125 0.374999999999999
    vertex 0.19273910381537 -0.3125 0.169681717491524
    vertex 0.191575404182259 -0.3125 0.172914414871918
  endloop
endfacet
facet normal 4.85343398743237e-016 -1.0 5.92118946466751e-016
  outer loop
    vertex -2.77555756156289e-016 -0.3125 0.374999999999999
    vertex 0.191575404182259 -0.3125 0.172914414871918
    vertex 0.190571727218579 -0.312500000000001 0.176200318361355
  endloop
endfacet
facet normal 4.85343398743237e-016 -1.0 5.92118946466751e-016
  outer loop
    vertex -2.77555756156289e-016 -0.3125 0.374999999999999
    vertex 0.190571727218579 -0.312500000000001 0.176200318361355
    vertex 0.18973049087005 -0.3125 0.179531511930516
  endloop
endfacet
facet normal 4.85343398743237e-016 -1.0 5.92118946466751e-016
  outer loop
    vertex -2.77555756156289e-016 -0.3125 0.374999999999999
    vertex 0.18973049087005 -0.3125 0.179531511930516
    vertex 0.189053721748718 -0.3125 0.182899970442316
  endloop
endfacet
facet normal 4.85343398743237e-016 -1.0 5.92118946466751e-016
  outer loop
    vertex -2.77555756156289e-016 -0.3125 0.374999999999999
    vertex 0.189053721748718 -0.3125 0.182899970442316
    vertex 0.188543050250674 -0.3125 0.186297578985159
  endloop
endfacet
facet normal 4.85343398743237e-016 -1.0 5.92118946466751e-016
  outer loop
    vertex -2.77555756156289e-016 -0.3125 0.374999999999999
    vertex 0.188543050250674 -0.3125 0.186297578985159
    vertex 0.188199706628286 -0.312499999999999 0.189716152422468
  endloop
endfacet
facet normal 4.85343398743237e-016 -1.0 5.92118946466751e-016
  outer loop
    vertex -2.77555756156289e-016 -0.3125 0.374999999999999
    vertex 0.188199706628286 -0.312499999999999 0.189716152422468
    vertex 0.188024518026413 -0.3125 0.193147455111402
  endloop
endfacet
facet normal 4.85343398743237e-016 -1.0 5.92118946466751e-016
  outer loop
    vertex -2.77555756156289e-016 -0.3125 0.374999999999999
    vertex 0.188024518026413 -0.3125 0.193147455111402
    vertex 0.188017906489743 -0.3125 0.196583220743237
  endloop
endfacet
facet normal 4.85343398743237e-016 -1.0 5.92118946466751e-016
  outer loop
    vertex -2.77555756156289e-016 -0.3125 0.374999999999999
    vertex 0.188017906489743 -0.3125 0.196583220743237
    vertex 0.188179887946048 -0.3125 0.200015172257627
  endloop
endfacet
facet normal 4.85343398743237e-016 -1.0 5.92118946466751e-016
  outer loop
    vertex -2.77555756156289e-016 -0.3125 0.374999999999999
    vertex 0.188179887946048 -0.3125 0.200015172257627
    vertex 0.188510072167809 -0.3125 0.203435041782771
  endloop
endfacet
facet normal 4.85343398743237e-016 -1.0 5.92118946466751e-016
  outer loop
    vertex -2.77555756156289e-016 -0.3125 0.374999999999999
    vertex 0.188510072167809 -0.3125 0.203435041782771
    vertex 0.189007663712319 -0.312499999999999 0.206834590553438
  endloop
endfacet
facet normal 4.85343398743237e-016 -1.0 5.92118946466751e-016
  outer loop
    vertex -2.77555756156289e-016 -0.3125 0.374999999999999
    vertex 0.189007663712319 -0.312499999999999 0.206834590553438
    vertex 0.189671463837959 -0.3125 0.210205628758874
  endloop
endfacet
facet normal 4.85343398743237e-016 -1.0 5.92118946466751e-016
  outer loop
    vertex -2.77555756156289e-016 -0.3125 0.374999999999999
    vertex 0.189671463837959 -0.3125 0.210205628758874
    vertex 0.190499873392086 -0.3125 0.213540035272774
  endloop
endfacet
facet normal 4.85343398743237e-016 -1.0 5.92118946466751e-016
  outer loop
    vertex -2.77555756156289e-016 -0.3125 0.374999999999999
    vertex 0.190499873392086 -0.3125 0.213540035272774
    vertex 0.191490896663525 -0.3125 0.216829777217787
  endloop
endfacet
facet normal 4.85343398743237e-016 -1.0 5.92118946466751e-016
  outer loop
    vertex -2.77555756156289e-016 -0.3125 0.374999999999999
    vertex 0.191490896663525 -0.3125 0.216829777217787
    vertex 0.192642146190412 -0.3125 0.22006692931742
  endloop
endfacet
facet normal 4.85343398743237e-016 -1.0 5.92118946466751e-016
  outer loop
    vertex -2.77555756156289e-016 -0.3125 0.374999999999999
    vertex 0.192642146190412 -0.3125 0.22006692931742
    vertex 0.193950848511797 -0.3125 0.223243692988723
  endloop
endfacet
facet normal 4.85343398743237e-016 -1.0 5.92118946466751e-016
  outer loop
    vertex -2.77555756156289e-016 -0.3125 0.374999999999999
    vertex 0.193950848511797 -0.3125 0.223243692988723
    vertex 0.195413850849161 -0.3125 0.226352415129761
  endloop
endfacet
facet normal 4.85343398743237e-016 -1.0 5.92118946466751e-016
  outer loop
    vertex -2.77555756156289e-016 -0.3125 0.374999999999999
    vertex 0.195413850849161 -0.3125 0.226352415129761
    vertex 0.197027628701727 -0.3125 0.229385606556604
  endloop
endfacet
facet normal 4.85343398743237e-016 -1.0 5.92118946466751e-016
  outer loop
    vertex -2.77555756156289e-016 -0.3125 0.374999999999999
    vertex 0.197027628701727 -0.3125 0.229385606556604
    vertex 0.1987882943373 -0.3125 0.232335960045429
  endloop
endfacet
facet normal 4.85343398743237e-016 -1.0 5.92118946466751e-016
  outer loop
    vertex -2.77555756156289e-016 -0.3125 0.374999999999999
    vertex 0.1987882943373 -0.3125 0.232335960045429
    vertex 0.200691606158148 -0.3125 0.235196367936261
  endloop
endfacet
facet normal 4.85343398743237e-016 -1.0 5.92118946466751e-016
  outer loop
    vertex -2.77555756156289e-016 -0.3125 0.374999999999999
    vertex 0.200691606158148 -0.3125 0.235196367936261
    vertex 0.202732978919383 -0.3125 0.237959939255948
  endloop
endfacet
facet normal 4.85343398743237e-016 -1.0 5.92118946466751e-016
  outer loop
    vertex -2.77555756156289e-016 -0.3125 0.374999999999999
    vertex 0.202732978919383 -0.3125 0.237959939255948
    vertex 0.204907494775221 -0.3125 0.240620016319121
  endloop
endfacet
facet normal 4.85343398743237e-016 -1.0 5.92118946466751e-016
  outer loop
    vertex -2.77555756156289e-016 -0.3125 0.374999999999999
    vertex 0.204907494775221 -0.3125 0.240620016319121
    vertex 0.2072099151265 -0.3125 0.24317019076714
  endloop
endfacet
facet normal 4.85343398743237e-016 -1.0 5.92118946466751e-016
  outer loop
    vertex -2.77555756156289e-016 -0.3125 0.374999999999999
    vertex 0.2072099151265 -0.3125 0.24317019076714
    vertex 0.209634693240924 -0.3125 0.245604319006391
  endloop
endfacet
facet normal 4.85343398743237e-016 -1.0 5.92118946466751e-016
  outer loop
    vertex -2.77555756156289e-016 -0.3125 0.374999999999999
    vertex 0.209634693240924 -0.3125 0.245604319006391
    vertex 0.212175987615633 -0.312499999999999 0.247916537008739
  endloop
endfacet
facet normal 4.85343398743237e-016 -1.0 5.92118946466751e-016
  outer loop
    vertex -2.77555756156289e-016 -0.3125 0.374999999999999
    vertex 0.212175987615633 -0.312499999999999 0.247916537008739
    vertex 0.214827676049884 -0.3125 0.250101274438494
  endloop
endfacet
facet normal 4.85343398743237e-016 -1.0 5.92118946466751e-016
  outer loop
    vertex -2.77555756156289e-016 -0.3125 0.374999999999999
    vertex 0.214827676049884 -0.3125 0.250101274438494
    vertex 0.217583370393979 -0.3125 0.252153268071824
  endloop
endfacet
facet normal 4.85343398743237e-016 -1.0 5.92118946466751e-016
  outer loop
    vertex -2.77555756156289e-016 -0.3125 0.374999999999999
    vertex 0.217583370393979 -0.3125 0.252153268071824
    vertex 0.220436431938875 -0.3125 0.254067574476333
  endloop
endfacet
facet normal 4.85343398743237e-016 -1.0 5.92118946466751e-016
  outer loop
    vertex -2.77555756156289e-016 -0.3125 0.374999999999999
    vertex 0.220436431938875 -0.3125 0.254067574476333
    vertex 0.22337998740941 -0.3125 0.255839581920222
  endloop
endfacet
facet normal 4.85343398743237e-016 -1.0 5.92118946466751e-016
  outer loop
    vertex -2.77555756156289e-016 -0.3125 0.374999999999999
    vertex 0.22337998740941 -0.3125 0.255839581920222
    vertex 0.22640694552263 -0.3125 0.257465021482346
  endloop
endfacet
facet normal 4.85343398743237e-016 -1.0 5.92118946466751e-016
  outer loop
    vertex -2.77555756156289e-016 -0.3125 0.374999999999999
    vertex 0.22640694552263 -0.3125 0.257465021482346
    vertex 0.229510014071312 -0.3125 0.25893997733643
  endloop
endfacet
facet normal 4.85343398743237e-016 -1.0 5.92118946466751e-016
  outer loop
    vertex -2.77555756156289e-016 -0.3125 0.374999999999999
    vertex 0.229510014071312 -0.3125 0.25893997733643
    vertex 0.232681717491524 -0.3125 0.260260896184629
  endloop
endfacet
facet normal 4.85343398743237e-016 -1.0 5.92118946466751e-016
  outer loop
    vertex -2.77555756156289e-016 -0.3125 0.374999999999999
    vertex 0.232681717491524 -0.3125 0.260260896184629
    vertex 0.235914414871918 -0.3125 0.261424595817741
  endloop
endfacet
facet normal 4.85343398743237e-016 -1.0 5.92118946466751e-016
  outer loop
    vertex -2.77555756156289e-016 -0.3125 0.374999999999999
    vertex 0.235914414871918 -0.3125 0.261424595817741
    vertex 0.239200318361354 -0.3125 0.262428272781419
  endloop
endfacet
facet normal 4.85343398743237e-016 -1.0 5.92118946466751e-016
  outer loop
    vertex -2.77555756156289e-016 -0.3125 0.374999999999999
    vertex 0.239200318361354 -0.3125 0.262428272781419
    vertex 0.242531511930516 -0.3125 0.263269509129949
  endloop
endfacet
facet normal 4.85343398743237e-016 -1.0 5.92118946466751e-016
  outer loop
    vertex -2.77555756156289e-016 -0.3125 0.374999999999999
    vertex 0.242531511930516 -0.3125 0.263269509129949
    vertex 0.245899970442317 -0.3125 0.263946278251281
  endloop
endfacet
facet normal 4.85343398743237e-016 -1.0 5.92118946466751e-016
  outer loop
    vertex -2.77555756156289e-016 -0.3125 0.374999999999999
    vertex 0.245899970442317 -0.3125 0.263946278251281
    vertex 0.249297578985158 -0.3125 0.264456949749326
  endloop
endfacet
facet normal 4.85343398743237e-016 -1.0 5.92118946466751e-016
  outer loop
    vertex -2.77555756156289e-016 -0.3125 0.374999999999999
    vertex 0.249297578985158 -0.3125 0.264456949749326
    vertex 0.252716152422468 -0.3125 0.264800293371714
  endloop
endfacet
facet normal 4.85343398743237e-016 -1.0 5.92118946466751e-016
  outer loop
    vertex -2.77555756156289e-016 -0.3125 0.374999999999999
    vertex 0.252716152422468 -0.3125 0.264800293371714
    vertex 0.256147455111401 -0.3125 0.264975481973586
  endloop
endfacet
facet normal 4.85343398743237e-016 -1.0 5.92118946466751e-016
  outer loop
    vertex -2.77555756156289e-016 -0.3125 0.374999999999999
    vertex 0.256147455111401 -0.3125 0.264975481973586
    vertex 0.259583220743236 -0.312499999999999 0.264982093510255
  endloop
endfacet
facet normal 4.85343398743237e-016 -1.0 5.92118946466751e-016
  outer loop
    vertex -2.77555756156289e-016 -0.3125 0.374999999999999
    vertex 0.259583220743236 -0.312499999999999 0.264982093510255
    vertex 0.548283843011903 -0.312499999999999 0.283216156988095
  endloop
endfacet
facet normal 4.85343398743237e-016 -1.0 5.92118946466751e-016
  outer loop
    vertex -2.77555756156289e-016 -0.3125 0.374999999999999
    vertex 0.548283843011903 -0.312499999999999 0.283216156988095
    vertex 0.5741217571835 -0.312499999999999 0.303042285845045
  endloop
endfacet
facet normal 4.85343398743237e-016 -1.0 5.92118946466751e-016
  outer loop
    vertex -2.77555756156289e-016 -0.3125 0.374999999999999
    vertex 0.5741217571835 -0.312499999999999 0.303042285845045
    vertex 0.604210645518121 -0.312499999999998 0.315505511469974
  endloop
endfacet
facet normal 4.85343398743237e-016 -1.0 5.92118946466751e-016
  outer loop
    vertex -2.77555756156289e-016 -0.3125 0.374999999999999
    vertex 0.604210645518121 -0.312499999999998 0.315505511469974
    vertex 0.6365 -0.312499999999999 0.319756485632999
  endloop
endfacet
facet normal 4.85343398743237e-016 -1.0 5.92118946466751e-016
  outer loop
    vertex -2.77555756156289e-016 -0.3125 0.374999999999999
    vertex 0.6365 -0.312499999999999 0.319756485632999
    vertex 0.915 -0.3125 0.374999999999999
  endloop
endfacet
facet normal 0.359256164196447 0.861318766179919 0.359256164196465
  outer loop
    vertex 0.592391921505952 -0.747535800212046 0.150891921505952
    vertex 0.615223943020226 -0.755748051673951 0.1581487883263
    vertex 0.605310878591751 -0.747535800212045 0.140978857077477
  endloop
endfacet
facet normal 0.224697453541714 0.923188101758918 0.311824923863753
  outer loop
    vertex 0.615223943020226 -0.755748051673951 0.1581487883263
    vertex 0.592391921505952 -0.747535800212046 0.150891921505952
    vertex 0.613667978485727 -0.759999025836975 0.172167978485726
  endloop
endfacet
facet normal 0.224697453541714 0.923188101758918 0.311824923863753
  outer loop
    vertex 0.615223943020226 -0.755748051673951 0.1581487883263
    vertex 0.613667978485727 -0.759999025836975 0.172167978485726
    vertex 0.616757499424299 -0.759999025836975 0.169797305689634
  endloop
endfacet
facet normal 0.184397260466526 0.701716476830782 -0.688179944837565
  outer loop
    vertex 0.613667978485727 -0.727709671355094 0.280210264330773
    vertex 0.628142900106024 -0.747535800212044 0.25627800974287
    vertex 0.620355322759061 -0.747535800212044 0.255252755734987
  endloop
endfacet
facet normal 0.0678222874126546 0.854405553685689 -0.515161418548756
  outer loop
    vertex 0.628142900106024 -0.747535800212044 0.25627800974287
    vertex 0.613667978485727 -0.727709671355094 0.280210264330773
    vertex 0.631604524224216 -0.727709671355095 0.282571655375335
  endloop
endfacet
facet normal 0.259745762308764 0.963165699389224 0.0695986672480526
  outer loop
    vertex 0.60531087859175 -0.759999025836975 0.186642900106023
    vertex 0.618724379158816 -0.761547764165251 0.184737240522329
    vertex 0.608536598746892 -0.759999025836976 0.17885532275906
  endloop
endfacet
facet normal 0.116641557183587 0.991419084236569 0.0590164938751161
  outer loop
    vertex 0.618724379158816 -0.761547764165251 0.184737240522329
    vertex 0.60531087859175 -0.759999025836975 0.186642900106023
    vertex 0.61947491718325 -0.761929537482635 0.190438142808178
  endloop
endfacet
facet normal 0.115603967625636 0.953280129957422 -0.279092666506255
  outer loop
    vertex 0.623953146093823 -0.759999025836975 0.224453668473389
    vertex 0.623125311453334 -0.760728377696755 0.218165640098236
    vertex 0.620355322759061 -0.759999025836976 0.222963401253108
  endloop
endfacet
facet normal 0.254032469886346 0.861318766179916 -0.439997144615451
  outer loop
    vertex 0.605310878591751 -0.747535800212045 0.249021142922523
    vertex 0.623953146093823 -0.759999025836975 0.224453668473389
    vertex 0.620355322759061 -0.759999025836976 0.222963401253108
  endloop
endfacet
facet normal 0.115603967625636 0.953280129957422 -0.279092666506255
  outer loop
    vertex 0.623953146093823 -0.759999025836975 0.224453668473389
    vertex 0.605310878591751 -0.747535800212045 0.249021142922523
    vertex 0.625486702497896 -0.755748051673951 0.236102185836723
  endloop
endfacet
facet normal 0.136334844443702 0.923188101758906 -0.359355727603303
  outer loop
    vertex 0.625486702497896 -0.755748051673951 0.236102185836723
    vertex 0.605310878591751 -0.747535800212045 0.249021142922523
    vertex 0.620355322759061 -0.747535800212044 0.255252755734987
  endloop
endfacet
facet normal 0.224697453541714 0.923188101758918 0.311824923863753
  outer loop
    vertex 0.615223943020226 -0.755748051673951 0.1581487883263
    vertex 0.612567745412098 -0.747535800212046 0.137972964420153
    vertex 0.605310878591751 -0.747535800212045 0.140978857077477
  endloop
endfacet
facet normal 0.992426118718126 0.0147288861168799 -0.121956790708152
  outer loop
    vertex 0.65264467724094 -0.639493514366998 0.192874512918488
    vertex 0.66768912140825 -0.671782868848878 0.311399385739023
    vertex 0.666550076314223 -0.701871757183498 0.298496505118457
  endloop
endfacet
facet normal 0.0994142578190393 0.991394557242138 0.085168287601396
  outer loop
    vertex 0.617585334064789 -0.760728377696755 0.176085334064788
    vertex 0.616757499424299 -0.759999025836975 0.169797305689634
    vertex 0.613667978485727 -0.759999025836975 0.172167978485726
  endloop
endfacet
facet normal 0.190147095060741 0.963165699389224 -0.190147095060714
  outer loop
    vertex 0.613667978485727 -0.759999025836975 0.217832021514273
    vertex 0.623125311453334 -0.760728377696755 0.218165640098236
    vertex 0.621986266359306 -0.761547764165251 0.209513733640694
  endloop
endfacet
facet normal 0.073983624258827 0.99139455724214 -0.107996551853245
  outer loop
    vertex 0.623125311453334 -0.760728377696755 0.218165640098236
    vertex 0.613667978485727 -0.759999025836975 0.217832021514273
    vertex 0.620355322759061 -0.759999025836976 0.222963401253108
  endloop
endfacet
facet normal 0.0678222874126546 0.854405553685689 -0.515161418548756
  outer loop
    vertex 0.628142900106024 -0.747535800212044 0.25627800974287
    vertex 0.625486702497896 -0.755748051673951 0.236102185836723
    vertex 0.620355322759061 -0.747535800212044 0.255252755734987
  endloop
endfacet
facet normal 0.114031594573833 0.486590854534237 -0.866155953464842
  outer loop
    vertex 0.634260721832344 -0.701871757183498 0.302747479281481
    vertex 0.613667978485727 -0.727709671355094 0.280210264330773
    vertex 0.608536598746892 -0.701871757183498 0.299360834229036
  endloop
endfacet
facet normal 0.184397260466526 0.701716476830782 -0.688179944837565
  outer loop
    vertex 0.613667978485727 -0.727709671355094 0.280210264330773
    vertex 0.634260721832344 -0.701871757183498 0.302747479281481
    vertex 0.631604524224216 -0.727709671355095 0.282571655375335
  endloop
endfacet
facet normal 0.232867334312032 0.96316953171994 -0.134451693097555
  outer loop
    vertex 0.608536598746892 -0.759999025836975 0.211144677240939
    vertex 0.621986266359306 -0.761547764165251 0.209513733640694
    vertex 0.621246593218441 -0.761924010883705 0.203895358338895
  endloop
endfacet
facet normal 0.0973924999121609 0.991419084236566 -0.0871946120605448
  outer loop
    vertex 0.621986266359306 -0.761547764165251 0.209513733640694
    vertex 0.608536598746892 -0.759999025836975 0.211144677240939
    vertex 0.613667978485727 -0.759999025836975 0.217832021514273
  endloop
endfacet
facet normal 0.268908600680715 0.963165699389228 -1.19607674536941e-015
  outer loop
    vertex 0.60421064551812 -0.759999025836976 0.195
    vertex 0.620635148441932 -0.762087673168448 0.199250974163024
    vertex 0.62007549707619 -0.762087673168448 0.195
  endloop
endfacet
facet normal 0.126395672157719 0.991449693220601 -0.0324289974031649
  outer loop
    vertex 0.620635148441932 -0.762087673168448 0.199250974163024
    vertex 0.60421064551812 -0.759999025836976 0.195
    vertex 0.60531087859175 -0.759999025836975 0.203357099893976
  endloop
endfacet
facet normal 0.126341928497486 0.251169534101808 -0.959662222994433
  outer loop
    vertex 0.6365 -0.671782868848877 0.315505511469975
    vertex 0.608536598746892 -0.701871757183498 0.299360834229036
    vertex 0.60531087859175 -0.671782868848878 0.311399385739023
  endloop
endfacet
facet normal 0.224833376435822 0.495357065865095 -0.839089584095758
  outer loop
    vertex 0.608536598746892 -0.701871757183498 0.299360834229036
    vertex 0.6365 -0.671782868848877 0.315505511469975
    vertex 0.634260721832344 -0.701871757183498 0.302747479281481
  endloop
endfacet
facet normal 0.991444861373811 3.63775462130723e-015 -0.13052619222005
  outer loop
    vertex 3.85986485155807 -0.762087673168448 0.190749025836975
    vertex 3.86102508281675 -0.761929537482635 0.199561857191821
    vertex 3.86042450292381 -0.762087673168448 0.194999999999999
  endloop
endfacet
facet normal 0.991444861373811 3.63775462130723e-015 -0.13052619222005
  outer loop
    vertex 3.86102508281675 -0.761929537482635 0.199561857191821
    vertex 3.85986485155807 -0.762087673168448 0.190749025836975
    vertex 3.85926427166513 -0.761929537482635 0.186187168645154
  endloop
endfacet
facet normal 0.991444861373811 3.63775462130723e-015 -0.13052619222005
  outer loop
    vertex 3.86102508281675 -0.761929537482635 0.199561857191821
    vertex 3.85926427166513 -0.761929537482635 0.186187168645154
    vertex 3.8585137336407 -0.761547764165251 0.180486266359304
  endloop
endfacet
facet normal 0.991444861373811 3.63775462130723e-015 -0.13052619222005
  outer loop
    vertex 3.86102508281675 -0.761929537482635 0.199561857191821
    vertex 3.8585137336407 -0.761547764165251 0.180486266359304
    vertex 3.86177562084119 -0.761547764165251 0.20526275947767
  endloop
endfacet
facet normal 0.991444861373811 3.63775462130723e-015 -0.13052619222005
  outer loop
    vertex 3.86177562084119 -0.761547764165251 0.20526275947767
    vertex 3.8585137336407 -0.761547764165251 0.180486266359304
    vertex 3.85737468854667 -0.760728377696755 0.171834359901762
  endloop
endfacet
facet normal 0.991444861373811 3.63775462130723e-015 -0.13052619222005
  outer loop
    vertex 3.86177562084119 -0.761547764165251 0.20526275947767
    vertex 3.85737468854667 -0.760728377696755 0.171834359901762
    vertex 3.86291466593521 -0.760728377696754 0.213914665935213
  endloop
endfacet
facet normal 0.991444861373811 3.63775462130723e-015 -0.13052619222005
  outer loop
    vertex 3.86291466593521 -0.760728377696754 0.213914665935213
    vertex 3.85737468854667 -0.760728377696755 0.171834359901762
    vertex 3.85654685390618 -0.759999025836975 0.165546331526611
  endloop
endfacet
facet normal 0.991444861373811 3.63775462130723e-015 -0.13052619222005
  outer loop
    vertex 3.86291466593521 -0.760728377696754 0.213914665935213
    vertex 3.85654685390618 -0.759999025836975 0.165546331526611
    vertex 3.8637425005757 -0.759999025836975 0.220202694310364
  endloop
endfacet
facet normal 0.991444861373811 3.63775462130723e-015 -0.13052619222005
  outer loop
    vertex 3.8637425005757 -0.759999025836975 0.220202694310364
    vertex 3.85654685390618 -0.759999025836975 0.165546331526611
    vertex 3.8550132975021 -0.75574805167395 0.153897814163273
  endloop
endfacet
facet normal 0.991444861373811 3.63775462130723e-015 -0.13052619222005
  outer loop
    vertex 3.8637425005757 -0.759999025836975 0.220202694310364
    vertex 3.8550132975021 -0.75574805167395 0.153897814163273
    vertex 3.86014467724094 -0.639493514366998 0.192874512918487
  endloop
endfacet
facet normal 0.991444861373811 3.63775462130723e-015 -0.13052619222005
  outer loop
    vertex 3.86014467724094 -0.639493514366998 0.192874512918487
    vertex 3.8550132975021 -0.75574805167395 0.153897814163273
    vertex 3.85235709989398 -0.747535800212046 0.133721990257129
  endloop
endfacet
facet normal 0.991444861373811 3.63775462130723e-015 -0.13052619222005
  outer loop
    vertex 3.86014467724094 -0.639493514366998 0.192874512918487
    vertex 3.85235709989398 -0.747535800212046 0.133721990257129
    vertex 3.84889547577579 -0.727709671355096 0.107428344624664
  endloop
endfacet
facet normal 0.991444861373811 3.63775462130723e-015 -0.13052619222005
  outer loop
    vertex 3.86014467724094 -0.639493514366998 0.192874512918487
    vertex 3.84889547577579 -0.727709671355096 0.107428344624664
    vertex 3.84623927816766 -0.701871757183499 0.0872525207185183
  endloop
endfacet
facet normal 0.434344729822275 0.495357065865096 0.752307140051946
  outer loop
    vertex 0.582478857077477 -0.7018717571835 0.10143263577525
    vertex 0.60531087859175 -0.671782868848879 0.0786006142609768
    vertex 0.576247244265013 -0.671782868848878 0.0906391657709638
  endloop
endfacet
facet normal 0.370415791855278 0.251169534101808 0.894262828414168
  outer loop
    vertex 0.60531087859175 -0.671782868848879 0.0786006142609768
    vertex 0.582478857077477 -0.7018717571835 0.10143263577525
    vertex 0.606449923685778 -0.7018717571835 0.0915034948815426
  endloop
endfacet
facet normal -0.382683432365075 3.51864507008892e-015 0.923879532511293
  outer loop
    vertex 0.66878935448188 -0.639493514367 0.0744944885300242
    vertex 0.6988782428165 -0.312499999999999 0.0869577141549517
    vertex 0.668789354481879 -0.3125 0.0744944885300228
  endloop
endfacet
facet normal -0.382683432365075 3.51864507008892e-015 0.923879532511293
  outer loop
    vertex 0.6988782428165 -0.312499999999999 0.0869577141549517
    vertex 0.66878935448188 -0.639493514367 0.0744944885300242
    vertex 0.6988782428165 -0.639493514366999 0.0869577141549531
  endloop
endfacet
facet normal -0.370415791855274 0.251169534101805 -0.89426282841417
  outer loop
    vertex 0.66768912140825 -0.671782868848878 0.311399385739023
    vertex 0.690521142922524 -0.701871757183498 0.28856736422475
    vertex 0.666550076314223 -0.701871757183498 0.298496505118457
  endloop
endfacet
facet normal -0.434344729822268 0.495357065865092 -0.752307140051952
  outer loop
    vertex 0.690521142922524 -0.701871757183498 0.28856736422475
    vertex 0.66768912140825 -0.671782868848878 0.311399385739023
    vertex 0.696752755734988 -0.671782868848878 0.299360834229036
  endloop
endfacet
facet normal -0.99144486137381 -3.53087606296359e-015 0.130526192220054
  outer loop
    vertex 0.623125311453334 -0.760728377696755 0.218165640098236
    vertex 0.620355322759061 -0.639493514366999 0.197125487081512
    vertex 0.621986266359306 -0.761547764165251 0.209513733640694
  endloop
endfacet
facet normal -0.99144486137381 -3.53087606296359e-015 0.130526192220054
  outer loop
    vertex 0.620355322759061 -0.639493514366999 0.197125487081512
    vertex 0.623125311453334 -0.760728377696755 0.218165640098236
    vertex 0.623953146093823 -0.759999025836975 0.224453668473389
  endloop
endfacet
facet normal -0.99144486137381 -3.53087606296359e-015 0.130526192220054
  outer loop
    vertex 0.620355322759061 -0.639493514366999 0.197125487081512
    vertex 0.623953146093823 -0.759999025836975 0.224453668473389
    vertex 0.625486702497896 -0.755748051673951 0.236102185836723
  endloop
endfacet
facet normal -0.99144486137381 -3.53087606296359e-015 0.130526192220054
  outer loop
    vertex 0.620355322759061 -0.639493514366999 0.197125487081512
    vertex 0.625486702497896 -0.755748051673951 0.236102185836723
    vertex 0.628142900106024 -0.747535800212044 0.25627800974287
  endloop
endfacet
facet normal -0.99144486137381 -3.53087606296359e-015 0.130526192220054
  outer loop
    vertex 0.620355322759061 -0.639493514366999 0.197125487081512
    vertex 0.628142900106024 -0.747535800212044 0.25627800974287
    vertex 0.631604524224216 -0.727709671355095 0.282571655375335
  endloop
endfacet
facet normal 0.99144486137381 4.80850635434151e-015 -0.130526192220054
  outer loop
    vertex 0.636499999999999 -0.475996757183499 0.0702435143669991
    vertex 0.65264467724094 -0.639493514366998 0.192874512918488
    vertex 0.6365 -0.639493514366999 0.0702435143669999
  endloop
endfacet
facet normal 0.99144486137381 4.80850635434151e-015 -0.130526192220054
  outer loop
    vertex 0.65264467724094 -0.639493514366998 0.192874512918488
    vertex 0.636499999999999 -0.475996757183499 0.0702435143669991
    vertex 0.668789354481879 -0.639493514366997 0.315505511469975
  endloop
endfacet
facet normal 0.99144486137381 4.80850635434151e-015 -0.130526192220054
  outer loop
    vertex 0.668789354481879 -0.639493514366997 0.315505511469975
    vertex 0.636499999999999 -0.475996757183499 0.0702435143669991
    vertex 0.668789354481879 -0.475996757183497 0.315505511469975
  endloop
endfacet
facet normal -0.991444861373808 -6.8153994678586e-016 0.130526192220068
  outer loop
    vertex 0.761256485633 -0.3125 0.194999999999998
    vertex 0.757005511469975 -0.639493514366999 0.16271064551812
    vertex 0.761256485633 -0.639493514366999 0.195
  endloop
endfacet
facet normal -0.991444861373808 -6.8153994678586e-016 0.130526192220068
  outer loop
    vertex 0.757005511469975 -0.639493514366999 0.16271064551812
    vertex 0.761256485633 -0.3125 0.194999999999998
    vertex 0.757005511469975 -0.3125 0.162710645518118
  endloop
endfacet
facet normal -0.923879532511284 6.93204065863149e-016 0.382683432365097
  outer loop
    vertex 0.757005511469975 -0.3125 0.162710645518118
    vertex 0.744542285845045 -0.639493514366998 0.1326217571835
    vertex 0.757005511469975 -0.639493514366999 0.16271064551812
  endloop
endfacet
facet normal -0.923879532511284 6.93204065863149e-016 0.382683432365097
  outer loop
    vertex 0.744542285845045 -0.639493514366998 0.1326217571835
    vertex 0.757005511469975 -0.3125 0.162710645518118
    vertex 0.744542285845045 -0.312499999999999 0.132621757183498
  endloop
endfacet
facet normal -0.793353340291248 1.80524876843482e-015 0.608761429008704
  outer loop
    vertex 0.744542285845045 -0.639493514366998 0.1326217571835
    vertex 0.724716156988096 -0.312499999999999 0.106783843011902
    vertex 0.724716156988097 -0.639493514366999 0.106783843011903
  endloop
endfacet
facet normal -0.793353340291248 1.80524876843482e-015 0.608761429008704
  outer loop
    vertex 0.724716156988096 -0.312499999999999 0.106783843011902
    vertex 0.744542285845045 -0.639493514366998 0.1326217571835
    vertex 0.744542285845045 -0.312499999999999 0.132621757183498
  endloop
endfacet
facet normal -0.608761429008728 2.64002692988542e-015 0.79335334029123
  outer loop
    vertex 0.6988782428165 -0.639493514366999 0.0869577141549531
    vertex 0.724716156988096 -0.312499999999999 0.106783843011902
    vertex 0.6988782428165 -0.312499999999999 0.0869577141549517
  endloop
endfacet
facet normal -0.608761429008728 2.64002692988542e-015 0.79335334029123
  outer loop
    vertex 0.724716156988096 -0.312499999999999 0.106783843011902
    vertex 0.6988782428165 -0.639493514366999 0.0869577141549531
    vertex 0.724716156988097 -0.639493514366999 0.106783843011903
  endloop
endfacet
facet normal 0.356228152363132 0.70171647683078 0.617005258979327
  outer loop
    vertex 0.592391921505953 -0.727709671355095 0.118602567024072
    vertex 0.606449923685778 -0.7018717571835 0.0915034948815426
    vertex 0.582478857077477 -0.7018717571835 0.10143263577525
  endloop
endfacet
facet normal 0.334323718997439 0.486590854534242 0.807128856626597
  outer loop
    vertex 0.606449923685778 -0.7018717571835 0.0915034948815426
    vertex 0.592391921505953 -0.727709671355095 0.118602567024072
    vertex 0.609106121293906 -0.727709671355095 0.111679318787688
  endloop
endfacet
facet normal 0.356228152363132 0.70171647683078 0.617005258979327
  outer loop
    vertex 0.592391921505953 -0.727709671355095 0.118602567024072
    vertex 0.612567745412098 -0.747535800212046 0.137972964420153
    vertex 0.609106121293906 -0.727709671355095 0.111679318787688
  endloop
endfacet
facet normal 0.198844885432319 0.854405553685684 0.480054019219158
  outer loop
    vertex 0.612567745412098 -0.747535800212046 0.137972964420153
    vertex 0.592391921505953 -0.727709671355095 0.118602567024072
    vertex 0.605310878591751 -0.747535800212045 0.140978857077477
  endloop
endfacet
facet normal 0.232881679485619 0.963165699389229 0.134454300340355
  outer loop
    vertex 0.608536598746892 -0.759999025836976 0.17885532275906
    vertex 0.617585334064789 -0.760728377696755 0.176085334064788
    vertex 0.613667978485727 -0.759999025836975 0.172167978485726
  endloop
endfacet
facet normal 0.0994142578190393 0.991394557242138 0.085168287601396
  outer loop
    vertex 0.617585334064789 -0.760728377696755 0.176085334064788
    vertex 0.608536598746892 -0.759999025836976 0.17885532275906
    vertex 0.618724379158816 -0.761547764165251 0.184737240522329
  endloop
endfacet
facet normal 0.503782684371042 0.701716476830779 0.503782684371055
  outer loop
    vertex 0.574121757183501 -0.727709671355096 0.1326217571835
    vertex 0.605310878591751 -0.747535800212045 0.140978857077477
    vertex 0.592391921505953 -0.727709671355095 0.118602567024072
  endloop
endfacet
facet normal 0.254032469886387 0.861318766179915 0.439997144615429
  outer loop
    vertex 0.605310878591751 -0.747535800212045 0.140978857077477
    vertex 0.574121757183501 -0.727709671355096 0.1326217571835
    vertex 0.592391921505952 -0.747535800212046 0.150891921505952
  endloop
endfacet
facet normal 0.490753046758512 0.861318766179919 0.13149688256206
  outer loop
    vertex 0.576247244265013 -0.747535800212046 0.17885532275906
    vertex 0.608536598746892 -0.759999025836976 0.17885532275906
    vertex 0.582478857077477 -0.747535800212045 0.16381087859175
  endloop
endfacet
facet normal 0.232881679485619 0.963165699389229 0.134454300340355
  outer loop
    vertex 0.608536598746892 -0.759999025836976 0.17885532275906
    vertex 0.576247244265013 -0.747535800212046 0.17885532275906
    vertex 0.60531087859175 -0.759999025836975 0.186642900106023
  endloop
endfacet
facet normal 0.503782684371042 0.701716476830779 0.503782684371055
  outer loop
    vertex 0.574121757183501 -0.727709671355096 0.1326217571835
    vertex 0.54293263577525 -0.701871757183499 0.140978857077477
    vertex 0.560102567024073 -0.727709671355096 0.150891921505952
  endloop
endfacet
facet normal 0.752307140051951 0.49535706586509 0.434344729822273
  outer loop
    vertex 0.54293263577525 -0.701871757183499 0.140978857077477
    vertex 0.574121757183501 -0.727709671355096 0.1326217571835
    vertex 0.560102567024073 -0.701871757183499 0.118602567024072
  endloop
endfacet
facet normal -0.254032469886355 0.861318766179913 -0.439997144615451
  outer loop
    vertex 0.66768912140825 -0.747535800212045 0.249021142922523
    vertex 0.6988782428165 -0.727709671355096 0.2573782428165
    vertex 0.680608078494048 -0.747535800212046 0.239108078494048
  endloop
endfacet
facet normal -0.503782684371035 0.701716476830778 -0.503782684371064
  outer loop
    vertex 0.6988782428165 -0.727709671355096 0.2573782428165
    vertex 0.66768912140825 -0.747535800212045 0.249021142922523
    vertex 0.680608078494048 -0.727709671355094 0.271397432975927
  endloop
endfacet
facet normal -0.190147095060723 0.963165699389223 0.190147095060738
  outer loop
    vertex 0.659332021514273 -0.759999025836975 0.172167978485726
    vertex 0.690521142922523 -0.747535800212045 0.16381087859175
    vertex 0.680608078494048 -0.747535800212046 0.150891921505952
  endloop
endfacet
facet normal -0.439997144615418 0.86131876617992 0.25403246988639
  outer loop
    vertex 0.690521142922523 -0.747535800212045 0.16381087859175
    vertex 0.659332021514273 -0.759999025836975 0.172167978485726
    vertex 0.664463401253109 -0.759999025836976 0.17885532275906
  endloop
endfacet
facet normal -0.198844885432259 0.854405553685672 -0.480054019219203
  outer loop
    vertex 0.660432254587903 -0.747535800212045 0.252027035579846
    vertex 0.66768912140825 -0.747535800212045 0.249021142922523
    vertex 0.657776056979776 -0.755748051673951 0.231851211673701
  endloop
endfacet
facet normal -0.966637819722268 0.25614707783338 2.58693485123609e-015
  outer loop
    vertex 0.757005511469975 -0.671782868848879 0.195
    vertex 0.740860834229036 -0.701871757183499 0.167036598746891
    vertex 0.744542285845046 -0.7018717571835 0.195
  endloop
endfacet
facet normal -0.839089584095764 0.495357065865083 0.224833376435826
  outer loop
    vertex 0.740860834229036 -0.701871757183499 0.167036598746891
    vertex 0.757005511469975 -0.671782868848879 0.195
    vertex 0.752899385739022 -0.671782868848879 0.16381087859175
  endloop
endfacet
facet normal -0.334323718997433 0.486590854534246 -0.807128856626597
  outer loop
    vertex 0.666550076314223 -0.701871757183498 0.298496505118457
    vertex 0.680608078494048 -0.727709671355094 0.271397432975927
    vertex 0.663893878706095 -0.727709671355094 0.278320681212311
  endloop
endfacet
facet normal -0.356228152363113 0.701716476830774 -0.617005258979345
  outer loop
    vertex 0.680608078494048 -0.727709671355094 0.271397432975927
    vertex 0.666550076314223 -0.701871757183498 0.298496505118457
    vertex 0.690521142922524 -0.701871757183498 0.28856736422475
  endloop
endfacet
facet normal -0.0739836242588474 0.991394557242138 0.107996551853244
  outer loop
    vertex 0.649874688546667 -0.760728377696755 0.171834359901763
    vertex 0.65264467724094 -0.759999025836975 0.167036598746891
    vertex 0.649046853906178 -0.759999025836975 0.165546331526611
  endloop
endfacet
facet normal -0.198844885432259 0.854405553685672 -0.480054019219203
  outer loop
    vertex 0.660432254587903 -0.747535800212045 0.252027035579846
    vertex 0.680608078494048 -0.727709671355094 0.271397432975927
    vertex 0.66768912140825 -0.747535800212045 0.249021142922523
  endloop
endfacet
facet normal -0.356228152363113 0.701716476830774 -0.617005258979345
  outer loop
    vertex 0.680608078494048 -0.727709671355094 0.271397432975927
    vertex 0.660432254587903 -0.747535800212045 0.252027035579846
    vertex 0.663893878706095 -0.727709671355094 0.278320681212311
  endloop
endfacet
facet normal 0.608761429008717 4.29305121704345e-015 0.793353340291238
  outer loop
    vertex 0.548283843011904 -0.639493514366999 0.106783843011903
    vertex 0.5741217571835 -0.3125 0.0869577141549519
    vertex 0.548283843011903 -0.3125 0.106783843011902
  endloop
endfacet
facet normal 0.608761429008717 4.29305121704345e-015 0.793353340291238
  outer loop
    vertex 0.5741217571835 -0.3125 0.0869577141549519
    vertex 0.548283843011904 -0.639493514366999 0.106783843011903
    vertex 0.574121757183501 -0.639493514366999 0.0869577141549534
  endloop
endfacet
facet normal 0.382683432365091 4.55916844545073e-015 0.923879532511287
  outer loop
    vertex 0.604210645518121 -0.639493514367 0.0744944885300242
    vertex 0.60421064551812 -0.4759967571835 0.0744944885300234
    vertex 0.574121757183501 -0.639493514366999 0.0869577141549534
  endloop
endfacet
facet normal 0.382683432365091 4.55916844545073e-015 0.923879532511287
  outer loop
    vertex 0.574121757183501 -0.639493514366999 0.0869577141549534
    vertex 0.60421064551812 -0.312500000000001 0.0744944885300228
    vertex 0.5741217571835 -0.3125 0.0869577141549519
  endloop
endfacet
facet normal 0.382683432365091 4.55916844545073e-015 0.923879532511287
  outer loop
    vertex 0.60421064551812 -0.312500000000001 0.0744944885300228
    vertex 0.574121757183501 -0.639493514366999 0.0869577141549534
    vertex 0.60421064551812 -0.4759967571835 0.0744944885300234
  endloop
endfacet
facet normal 0.130526192220056 2.9013324948452e-015 0.99144486137381
  outer loop
    vertex 0.636499999999999 -0.475996757183499 0.0702435143669991
    vertex 0.60421064551812 -0.312500000000001 0.0744944885300228
    vertex 0.60421064551812 -0.4759967571835 0.0744944885300234
  endloop
endfacet
facet normal 0.130526192220056 2.9013324948452e-015 0.99144486137381
  outer loop
    vertex 0.60421064551812 -0.312500000000001 0.0744944885300228
    vertex 0.636499999999999 -0.475996757183499 0.0702435143669991
    vertex 0.6365 -0.3125 0.0702435143669985
  endloop
endfacet
facet normal 0.38268343236508 -2.93128896294027e-015 -0.923879532511291
  outer loop
    vertex 0.604210645518121 -0.312499999999998 0.315505511469974
    vertex 0.5741217571835 -0.639493514366999 0.303042285845046
    vertex 0.5741217571835 -0.312499999999999 0.303042285845045
  endloop
endfacet
facet normal 0.38268343236508 -2.93128896294027e-015 -0.923879532511291
  outer loop
    vertex 0.5741217571835 -0.639493514366999 0.303042285845046
    vertex 0.604210645518121 -0.312499999999998 0.315505511469974
    vertex 0.604210645518121 -0.639493514366997 0.315505511469975
  endloop
endfacet
facet normal 0.130526192220057 -3.52568471849729e-015 -0.99144486137381
  outer loop
    vertex 0.6365 -0.312499999999999 0.319756485632999
    vertex 0.604210645518121 -0.639493514366997 0.315505511469975
    vertex 0.604210645518121 -0.312499999999998 0.315505511469974
  endloop
endfacet
facet normal 0.130526192220057 -3.52568471849729e-015 -0.99144486137381
  outer loop
    vertex 0.604210645518121 -0.639493514366997 0.315505511469975
    vertex 0.6365 -0.312499999999999 0.319756485632999
    vertex 0.6365 -0.639493514366998 0.319756485633
  endloop
endfacet
facet normal 0.130526192220057 -3.52568471849729e-015 -0.99144486137381
  outer loop
    vertex 0.6365 -0.639493514366998 0.319756485633
    vertex 0.6365 -0.312499999999999 0.319756485632999
    vertex 0.6365 -0.475996757183499 0.319756485632999
  endloop
endfacet
facet normal -0.793353340291251 -3.4539712889409e-015 -0.608761429008701
  outer loop
    vertex 0.724716156988096 -0.639493514366998 0.283216156988096
    vertex 0.744542285845045 -0.3125 0.257378242816498
    vertex 0.744542285845045 -0.639493514366999 0.257378242816499
  endloop
endfacet
facet normal -0.793353340291251 -3.4539712889409e-015 -0.608761429008701
  outer loop
    vertex 0.744542285845045 -0.3125 0.257378242816498
    vertex 0.724716156988096 -0.639493514366998 0.283216156988096
    vertex 0.724716156988096 -0.312499999999999 0.283216156988095
  endloop
endfacet
facet normal -0.382683432365092 -3.96897435848386e-015 -0.923879532511286
  outer loop
    vertex 0.6988782428165 -0.312499999999999 0.303042285845044
    vertex 0.668789354481879 -0.475996757183497 0.315505511469975
    vertex 0.668789354481879 -0.312499999999998 0.315505511469974
  endloop
endfacet
facet normal -0.382683432365092 -3.96897435848386e-015 -0.923879532511286
  outer loop
    vertex 0.668789354481879 -0.475996757183497 0.315505511469975
    vertex 0.6988782428165 -0.312499999999999 0.303042285845044
    vertex 0.668789354481879 -0.639493514366997 0.315505511469975
  endloop
endfacet
facet normal -0.382683432365092 -3.96897435848386e-015 -0.923879532511286
  outer loop
    vertex 0.668789354481879 -0.639493514366997 0.315505511469975
    vertex 0.6988782428165 -0.312499999999999 0.303042285845044
    vertex 0.6988782428165 -0.639493514366998 0.303042285845046
  endloop
endfacet
facet normal -0.130526192220054 4.15725108020259e-015 0.99144486137381
  outer loop
    vertex 0.6365 -0.639493514366999 0.0702435143669999
    vertex 0.6365 -0.3125 0.0702435143669985
    vertex 0.636499999999999 -0.475996757183499 0.0702435143669991
  endloop
endfacet
facet normal -0.130526192220054 4.15725108020259e-015 0.99144486137381
  outer loop
    vertex 0.6365 -0.3125 0.0702435143669985
    vertex 0.6365 -0.639493514366999 0.0702435143669999
    vertex 0.668789354481879 -0.3125 0.0744944885300228
  endloop
endfacet
facet normal -0.130526192220054 4.15725108020259e-015 0.99144486137381
  outer loop
    vertex 0.668789354481879 -0.3125 0.0744944885300228
    vertex 0.6365 -0.639493514366999 0.0702435143669999
    vertex 0.66878935448188 -0.639493514367 0.0744944885300242
  endloop
endfacet
facet normal -0.991444861373808 -2.01164112655004e-015 -0.130526192220071
  outer loop
    vertex 0.757005511469975 -0.3125 0.227289354481877
    vertex 0.761256485633 -0.639493514366999 0.195
    vertex 0.757005511469975 -0.639493514367 0.227289354481879
  endloop
endfacet
facet normal -0.991444861373808 -2.01164112655004e-015 -0.130526192220071
  outer loop
    vertex 0.761256485633 -0.639493514366999 0.195
    vertex 0.757005511469975 -0.3125 0.227289354481877
    vertex 0.761256485633 -0.3125 0.194999999999998
  endloop
endfacet
facet normal -0.923879532511284 -3.01010757715879e-015 -0.382683432365097
  outer loop
    vertex 0.744542285845045 -0.639493514366999 0.257378242816499
    vertex 0.757005511469975 -0.3125 0.227289354481877
    vertex 0.757005511469975 -0.639493514367 0.227289354481879
  endloop
endfacet
facet normal -0.923879532511284 -3.01010757715879e-015 -0.382683432365097
  outer loop
    vertex 0.757005511469975 -0.3125 0.227289354481877
    vertex 0.744542285845045 -0.639493514366999 0.257378242816499
    vertex 0.744542285845045 -0.3125 0.257378242816498
  endloop
endfacet
facet normal -0.608761429008723 -3.78843053101203e-015 -0.793353340291233
  outer loop
    vertex 0.724716156988096 -0.312499999999999 0.283216156988095
    vertex 0.6988782428165 -0.639493514366998 0.303042285845046
    vertex 0.6988782428165 -0.312499999999999 0.303042285845044
  endloop
endfacet
facet normal -0.608761429008723 -3.78843053101203e-015 -0.793353340291233
  outer loop
    vertex 0.6988782428165 -0.639493514366998 0.303042285845046
    vertex 0.724716156988096 -0.312499999999999 0.283216156988095
    vertex 0.724716156988096 -0.639493514366998 0.283216156988096
  endloop
endfacet
facet normal -0.483318909861132 0.256147077833387 0.837132908138286
  outer loop
    vertex 0.696752755734988 -0.671782868848878 0.0906391657709638
    vertex 0.66878935448188 -0.639493514367 0.0744944885300242
    vertex 0.66768912140825 -0.671782868848879 0.0786006142609768
  endloop
endfacet
facet normal -0.25660481229257 0.130526192220053 0.957662196942549
  outer loop
    vertex 0.66878935448188 -0.639493514367 0.0744944885300242
    vertex 0.696752755734988 -0.671782868848878 0.0906391657709638
    vertex 0.6988782428165 -0.639493514366999 0.0869577141549531
  endloop
endfacet
facet normal -0.0739836242588474 0.991394557242138 0.107996551853244
  outer loop
    vertex 0.649874688546667 -0.760728377696755 0.171834359901763
    vertex 0.659332021514273 -0.759999025836975 0.172167978485726
    vertex 0.65264467724094 -0.759999025836975 0.167036598746891
  endloop
endfacet
facet normal -0.190147095060723 0.963165699389223 0.190147095060738
  outer loop
    vertex 0.659332021514273 -0.759999025836975 0.172167978485726
    vertex 0.649874688546667 -0.760728377696755 0.171834359901763
    vertex 0.651013733640695 -0.761547764165251 0.180486266359304
  endloop
endfacet
facet normal -0.683516157276999 0.25614707783339 0.683516157276988
  outer loop
    vertex 0.721710264330774 -0.67178286884888 0.109789735669227
    vertex 0.6988782428165 -0.639493514366999 0.0869577141549531
    vertex 0.696752755734988 -0.671782868848878 0.0906391657709638
  endloop
endfacet
facet normal -0.495722430686903 0.130526192220055 0.858616436401262
  outer loop
    vertex 0.6988782428165 -0.639493514366999 0.0869577141549531
    vertex 0.721710264330774 -0.67178286884888 0.109789735669227
    vertex 0.724716156988097 -0.639493514366999 0.106783843011903
  endloop
endfacet
facet normal -0.43434472982227 0.495357065865098 0.752307140051947
  outer loop
    vertex 0.690521142922523 -0.701871757183499 0.10143263577525
    vertex 0.66768912140825 -0.671782868848879 0.0786006142609768
    vertex 0.664463401253109 -0.7018717571835 0.0906391657709638
  endloop
endfacet
facet normal -0.250184277460499 0.256147077833386 0.933700434737494
  outer loop
    vertex 0.66768912140825 -0.671782868848879 0.0786006142609768
    vertex 0.690521142922523 -0.701871757183499 0.10143263577525
    vertex 0.696752755734988 -0.671782868848878 0.0906391657709638
  endloop
endfacet
facet normal 0.839089584095756 0.495357065865095 0.224833376435831
  outer loop
    vertex 0.532139165770964 -0.7018717571835 0.167036598746891
    vertex 0.515994488530025 -0.671782868848879 0.195
    vertex 0.528457714154954 -0.7018717571835 0.195
  endloop
endfacet
facet normal 0.966637819722266 0.256147077833387 1.67469993001073e-015
  outer loop
    vertex 0.515994488530025 -0.671782868848879 0.195
    vertex 0.532139165770964 -0.7018717571835 0.167036598746891
    vertex 0.520100614260977 -0.671782868848879 0.16381087859175
  endloop
endfacet
facet normal -0.356228152363134 0.701716476830776 0.617005258979331
  outer loop
    vertex 0.680608078494048 -0.727709671355095 0.118602567024072
    vertex 0.664463401253109 -0.7018717571835 0.0906391657709638
    vertex 0.659332021514273 -0.727709671355095 0.109789735669227
  endloop
endfacet
facet normal -0.224833376435827 0.495357065865099 0.839089584095754
  outer loop
    vertex 0.664463401253109 -0.7018717571835 0.0906391657709638
    vertex 0.680608078494048 -0.727709671355095 0.118602567024072
    vertex 0.690521142922523 -0.701871757183499 0.10143263577525
  endloop
endfacet
facet normal -0.503782684371044 0.701716476830778 0.503782684371055
  outer loop
    vertex 0.6988782428165 -0.727709671355096 0.1326217571835
    vertex 0.690521142922523 -0.701871757183499 0.10143263577525
    vertex 0.680608078494048 -0.727709671355095 0.118602567024072
  endloop
endfacet
facet normal -0.43434472982227 0.495357065865098 0.752307140051947
  outer loop
    vertex 0.690521142922523 -0.701871757183499 0.10143263577525
    vertex 0.6988782428165 -0.727709671355096 0.1326217571835
    vertex 0.712897432975927 -0.701871757183499 0.118602567024072
  endloop
endfacet
facet normal -0.379464598687185 0.129428307995551 -0.916108580591069
  outer loop
    vertex 0.668789354481879 -0.639493514366997 0.315505511469975
    vertex 0.696752755734988 -0.671782868848878 0.299360834229036
    vertex 0.66768912140825 -0.671782868848878 0.311399385739023
  endloop
endfacet
facet normal -0.483318909861134 0.256147077833381 -0.837132908138287
  outer loop
    vertex 0.696752755734988 -0.671782868848878 0.299360834229036
    vertex 0.668789354481879 -0.639493514366997 0.315505511469975
    vertex 0.6988782428165 -0.639493514366998 0.303042285845046
  endloop
endfacet
facet normal -0.359256164196452 0.86131876617992 0.359256164196457
  outer loop
    vertex 0.680608078494048 -0.747535800212046 0.150891921505952
    vertex 0.712897432975927 -0.727709671355096 0.150891921505952
    vertex 0.6988782428165 -0.727709671355096 0.1326217571835
  endloop
endfacet
facet normal -0.617005258979324 0.701716476830782 0.356228152363134
  outer loop
    vertex 0.712897432975927 -0.727709671355096 0.150891921505952
    vertex 0.680608078494048 -0.747535800212046 0.150891921505952
    vertex 0.690521142922523 -0.747535800212045 0.16381087859175
  endloop
endfacet
facet normal 0.268908600680715 0.963165699389228 -1.19607674536941e-015
  outer loop
    vertex 0.60421064551812 -0.759999025836976 0.195
    vertex 0.61947491718325 -0.761929537482635 0.190438142808178
    vertex 0.60531087859175 -0.759999025836975 0.186642900106023
  endloop
endfacet
facet normal 0.127199167877039 0.991435549730829 0.029595986574486
  outer loop
    vertex 0.61947491718325 -0.761929537482635 0.190438142808178
    vertex 0.60421064551812 -0.759999025836976 0.195
    vertex 0.62007549707619 -0.762087673168448 0.195
  endloop
endfacet
facet normal -0.839089584095765 0.495357065865083 -0.224833376435824
  outer loop
    vertex 0.740860834229037 -0.701871757183499 0.222963401253108
    vertex 0.757005511469975 -0.671782868848879 0.195
    vertex 0.744542285845046 -0.7018717571835 0.195
  endloop
endfacet
facet normal -0.966637819722268 0.25614707783338 2.58693485123609e-015
  outer loop
    vertex 0.757005511469975 -0.671782868848879 0.195
    vertex 0.740860834229037 -0.701871757183499 0.222963401253108
    vertex 0.752899385739022 -0.671782868848879 0.226189121408249
  endloop
endfacet
facet normal -0.614256207659929 0.495357065865096 0.614256207659934
  outer loop
    vertex 0.712897432975927 -0.701871757183499 0.118602567024072
    vertex 0.696752755734988 -0.671782868848878 0.0906391657709638
    vertex 0.690521142922523 -0.701871757183499 0.10143263577525
  endloop
endfacet
facet normal -0.483318909861132 0.256147077833387 0.837132908138286
  outer loop
    vertex 0.696752755734988 -0.671782868848878 0.0906391657709638
    vertex 0.712897432975927 -0.701871757183499 0.118602567024072
    vertex 0.721710264330774 -0.67178286884888 0.109789735669227
  endloop
endfacet
facet normal -0.114031594573835 0.486590854534241 0.86615595346484
  outer loop
    vertex 0.638739278167658 -0.701871757183499 0.0872525207185186
    vertex 0.66768912140825 -0.671782868848879 0.0786006142609768
    vertex 0.6365 -0.671782868848879 0.074494488530024
  endloop
endfacet
facet normal -0.250184277460499 0.256147077833386 0.933700434737494
  outer loop
    vertex 0.66768912140825 -0.671782868848879 0.0786006142609768
    vertex 0.638739278167658 -0.701871757183499 0.0872525207185186
    vertex 0.664463401253109 -0.7018717571835 0.0906391657709638
  endloop
endfacet
facet normal -0.183899355391462 0.95328012995743 -0.239662305995227
  outer loop
    vertex 0.656242500575702 -0.759999025836975 0.220202694310364
    vertex 0.680608078494048 -0.747535800212046 0.239108078494048
    vertex 0.659332021514273 -0.759999025836975 0.217832021514273
  endloop
endfacet
facet normal -0.359256164196441 0.861318766179921 -0.359256164196466
  outer loop
    vertex 0.680608078494048 -0.747535800212046 0.239108078494048
    vertex 0.656242500575702 -0.759999025836975 0.220202694310364
    vertex 0.657776056979776 -0.755748051673951 0.231851211673701
  endloop
endfacet
facet normal -0.359256164196441 0.861318766179921 -0.359256164196466
  outer loop
    vertex 0.680608078494048 -0.747535800212046 0.239108078494048
    vertex 0.657776056979776 -0.755748051673951 0.231851211673701
    vertex 0.66768912140825 -0.747535800212045 0.249021142922523
  endloop
endfacet
facet normal 0.957662196942549 0.130526192220044 -0.256604812292575
  outer loop
    vertex 0.515994488530025 -0.639493514367 0.227289354481879
    vertex 0.532139165770964 -0.671782868848879 0.255252755734987
    vertex 0.520100614260977 -0.671782868848879 0.22618912140825
  endloop
endfacet
facet normal 0.837132908138286 0.256147077833384 -0.483318909861133
  outer loop
    vertex 0.532139165770964 -0.671782868848879 0.255252755734987
    vertex 0.515994488530025 -0.639493514367 0.227289354481879
    vertex 0.528457714154954 -0.639493514366999 0.257378242816499
  endloop
endfacet
facet normal 0.614256207659933 0.495357065865093 0.614256207659934
  outer loop
    vertex 0.560102567024073 -0.701871757183499 0.118602567024072
    vertex 0.576247244265013 -0.671782868848878 0.0906391657709638
    vertex 0.551289735669227 -0.67178286884888 0.109789735669227
  endloop
endfacet
facet normal 0.483318909861134 0.25614707783338 0.837132908138287
  outer loop
    vertex 0.576247244265013 -0.671782868848878 0.0906391657709638
    vertex 0.560102567024073 -0.701871757183499 0.118602567024072
    vertex 0.582478857077477 -0.7018717571835 0.10143263577525
  endloop
endfacet
facet normal 0.933700434737493 0.256147077833386 -0.250184277460505
  outer loop
    vertex 0.520100614260977 -0.671782868848879 0.22618912140825
    vertex 0.54293263577525 -0.701871757183499 0.249021142922523
    vertex 0.532139165770964 -0.701871757183499 0.222963401253108
  endloop
endfacet
facet normal 0.75230714005195 0.495357065865092 -0.434344729822271
  outer loop
    vertex 0.54293263577525 -0.701871757183499 0.249021142922523
    vertex 0.520100614260977 -0.671782868848879 0.22618912140825
    vertex 0.532139165770964 -0.671782868848879 0.255252755734987
  endloop
endfacet
facet normal -0.136334844443775 0.923188101758921 0.359355727603236
  outer loop
    vertex 0.647513297502105 -0.75574805167395 0.153897814163274
    vertex 0.66768912140825 -0.747535800212045 0.140978857077476
    vertex 0.65264467724094 -0.747535800212046 0.134747244265012
  endloop
endfacet
facet normal -0.254032469886392 0.861318766179914 0.439997144615428
  outer loop
    vertex 0.66768912140825 -0.747535800212045 0.140978857077476
    vertex 0.647513297502105 -0.75574805167395 0.153897814163274
    vertex 0.65264467724094 -0.759999025836975 0.167036598746891
  endloop
endfacet
facet normal -0.134454300340372 0.963165699389227 0.23288167948562
  outer loop
    vertex 0.65264467724094 -0.759999025836975 0.167036598746891
    vertex 0.647513297502105 -0.75574805167395 0.153897814163274
    vertex 0.649046853906178 -0.759999025836975 0.165546331526611
  endloop
endfacet
facet normal -0.130526192220057 -3.72200859650266e-015 -0.99144486137381
  outer loop
    vertex 0.668789354481879 -0.312499999999998 0.315505511469974
    vertex 0.6365 -0.475996757183499 0.319756485632999
    vertex 0.6365 -0.312499999999999 0.319756485632999
  endloop
endfacet
facet normal -0.130526192220057 -3.72200859650266e-015 -0.99144486137381
  outer loop
    vertex 0.6365 -0.475996757183499 0.319756485632999
    vertex 0.668789354481879 -0.312499999999998 0.315505511469974
    vertex 0.668789354481879 -0.475996757183497 0.315505511469975
  endloop
endfacet
facet normal -0.752307140051955 0.495357065865086 0.43434472982227
  outer loop
    vertex 0.73006736422475 -0.701871757183499 0.140978857077477
    vertex 0.6988782428165 -0.727709671355096 0.1326217571835
    vertex 0.712897432975927 -0.727709671355096 0.150891921505952
  endloop
endfacet
facet normal -0.503782684371044 0.701716476830778 0.503782684371055
  outer loop
    vertex 0.6988782428165 -0.727709671355096 0.1326217571835
    vertex 0.73006736422475 -0.701871757183499 0.140978857077477
    vertex 0.712897432975927 -0.701871757183499 0.118602567024072
  endloop
endfacet
facet normal -0.991298510290024 -0.0171815625937266 0.130506924734349
  outer loop
    vertex 0.620355322759061 -0.639493514366999 0.197125487081512
    vertex 0.604210645518121 -0.639493514367 0.0744944885300242
    vertex 0.60531087859175 -0.671782868848879 0.0786006142609768
  endloop
endfacet
facet normal 0.933700434737493 0.256147077833386 0.250184277460503
  outer loop
    vertex 0.520100614260977 -0.671782868848879 0.16381087859175
    vertex 0.511743514367 -0.639493514366999 0.195
    vertex 0.515994488530025 -0.671782868848879 0.195
  endloop
endfacet
facet normal 0.991444861373811 0.13052619222005 2.17981938229178e-015
  outer loop
    vertex 0.511743514367 -0.639493514366999 0.195
    vertex 0.520100614260977 -0.671782868848879 0.16381087859175
    vertex 0.515994488530025 -0.639493514366999 0.16271064551812
  endloop
endfacet
facet normal -0.359256164196441 0.861318766179921 -0.359256164196466
  outer loop
    vertex 0.680608078494048 -0.747535800212046 0.239108078494048
    vertex 0.712897432975928 -0.727709671355096 0.239108078494048
    vertex 0.690521142922524 -0.747535800212046 0.226189121408249
  endloop
endfacet
facet normal -0.617005258979333 0.701716476830776 -0.35622815236313
  outer loop
    vertex 0.712897432975928 -0.727709671355096 0.239108078494048
    vertex 0.680608078494048 -0.747535800212046 0.239108078494048
    vertex 0.6988782428165 -0.727709671355096 0.2573782428165
  endloop
endfacet
facet normal -0.134454300340372 0.963165699389227 0.23288167948562
  outer loop
    vertex 0.65264467724094 -0.759999025836975 0.167036598746891
    vertex 0.680608078494048 -0.747535800212046 0.150891921505952
    vertex 0.66768912140825 -0.747535800212045 0.140978857077476
  endloop
endfacet
facet normal -0.359256164196452 0.86131876617992 0.359256164196457
  outer loop
    vertex 0.680608078494048 -0.747535800212046 0.150891921505952
    vertex 0.65264467724094 -0.759999025836975 0.167036598746891
    vertex 0.659332021514273 -0.759999025836975 0.172167978485726
  endloop
endfacet
facet normal -0.131496882562062 0.86131876617992 0.49075304675851
  outer loop
    vertex 0.65264467724094 -0.747535800212046 0.134747244265012
    vertex 0.680608078494048 -0.727709671355095 0.118602567024072
    vertex 0.659332021514273 -0.727709671355095 0.109789735669227
  endloop
endfacet
facet normal -0.356228152363134 0.701716476830776 0.617005258979331
  outer loop
    vertex 0.680608078494048 -0.727709671355095 0.118602567024072
    vertex 0.65264467724094 -0.747535800212046 0.134747244265012
    vertex 0.66768912140825 -0.747535800212045 0.140978857077476
  endloop
endfacet
facet normal 0.617005258979334 0.701716476830774 -0.356228152363132
  outer loop
    vertex 0.560102567024073 -0.727709671355096 0.239108078494048
    vertex 0.560102567024073 -0.701871757183499 0.271397432975927
    vertex 0.574121757183501 -0.727709671355096 0.2573782428165
  endloop
endfacet
facet normal 0.614256207659929 0.495357065865094 -0.614256207659936
  outer loop
    vertex 0.560102567024073 -0.701871757183499 0.271397432975927
    vertex 0.560102567024073 -0.727709671355096 0.239108078494048
    vertex 0.54293263577525 -0.701871757183499 0.249021142922523
  endloop
endfacet
facet normal 0.688179944837572 0.701716476830777 -0.184397260466523
  outer loop
    vertex 0.551289735669227 -0.727709671355096 0.217832021514273
    vertex 0.582478857077477 -0.747535800212046 0.22618912140825
    vertex 0.576247244265012 -0.747535800212045 0.211144677240939
  endloop
endfacet
facet normal 0.439997144615423 0.861318766179922 -0.254032469886374
  outer loop
    vertex 0.582478857077477 -0.747535800212046 0.22618912140825
    vertex 0.551289735669227 -0.727709671355096 0.217832021514273
    vertex 0.560102567024073 -0.727709671355096 0.239108078494048
  endloop
endfacet
facet normal 0.991298510290025 -0.0171815625937128 -0.130506924734345
  outer loop
    vertex 0.668789354481879 -0.639493514366997 0.315505511469975
    vertex 0.66768912140825 -0.671782868848878 0.311399385739023
    vertex 0.65264467724094 -0.639493514366998 0.192874512918488
  endloop
endfacet
facet normal -4.11431153594553e-014 1.0 8.89912070697069e-016
  outer loop
    vertex 0.60421064551812 -0.4759967571835 0.0744944885300234
    vertex 0.668789354481879 -0.475996757183497 0.315505511469975
    vertex 0.636499999999999 -0.475996757183499 0.0702435143669991
  endloop
endfacet
facet normal -4.11431153594553e-014 1.0 8.89912070697069e-016
  outer loop
    vertex 0.668789354481879 -0.475996757183497 0.315505511469975
    vertex 0.60421064551812 -0.4759967571835 0.0744944885300234
    vertex 0.6365 -0.475996757183499 0.319756485632999
  endloop
endfacet
facet normal -0.957662196942549 0.130526192220049 -0.256604812292572
  outer loop
    vertex 0.757005511469975 -0.639493514367 0.227289354481879
    vertex 0.757005511469975 -0.671782868848879 0.195
    vertex 0.752899385739022 -0.671782868848879 0.226189121408249
  endloop
endfacet
facet normal -0.966637819722268 0.25614707783338 2.58693485123609e-015
  outer loop
    vertex 0.757005511469975 -0.671782868848879 0.195
    vertex 0.757005511469975 -0.639493514367 0.227289354481879
    vertex 0.761256485633 -0.639493514366999 0.195
  endloop
endfacet
facet normal -0.99144486137381 -3.44101325829833e-015 0.130526192220054
  outer loop
    vertex 0.620355322759061 -0.639493514366999 0.197125487081512
    vertex 0.60421064551812 -0.4759967571835 0.0744944885300234
    vertex 0.604210645518121 -0.639493514367 0.0744944885300242
  endloop
endfacet
facet normal -0.99144486137381 -3.44101325829833e-015 0.130526192220054
  outer loop
    vertex 0.60421064551812 -0.4759967571835 0.0744944885300234
    vertex 0.620355322759061 -0.639493514366999 0.197125487081512
    vertex 0.6365 -0.639493514366998 0.319756485633
  endloop
endfacet
facet normal -0.99144486137381 -3.44101325829833e-015 0.130526192220054
  outer loop
    vertex 0.60421064551812 -0.4759967571835 0.0744944885300234
    vertex 0.6365 -0.639493514366998 0.319756485633
    vertex 0.6365 -0.475996757183499 0.319756485632999
  endloop
endfacet
facet normal 0.129428307995566 0.129428307995561 -0.98310560276036
  outer loop
    vertex 0.6365 -0.639493514366998 0.319756485633
    vertex 0.60531087859175 -0.671782868848878 0.311399385739023
    vertex 0.604210645518121 -0.639493514366997 0.315505511469975
  endloop
endfacet
facet normal 0.250184277460495 0.256147077833381 -0.933700434737496
  outer loop
    vertex 0.60531087859175 -0.671782868848878 0.311399385739023
    vertex 0.6365 -0.639493514366998 0.319756485633
    vertex 0.6365 -0.671782868848877 0.315505511469975
  endloop
endfacet
facet normal -0.99144486137381 -3.14322545623845e-015 0.130526192220053
  outer loop
    vertex 0.620635148441932 -0.762087673168448 0.199250974163024
    vertex 0.61947491718325 -0.761929537482635 0.190438142808178
    vertex 0.62007549707619 -0.762087673168448 0.195
  endloop
endfacet
facet normal -0.99144486137381 -3.14322545623845e-015 0.130526192220053
  outer loop
    vertex 0.61947491718325 -0.761929537482635 0.190438142808178
    vertex 0.620635148441932 -0.762087673168448 0.199250974163024
    vertex 0.621246593218441 -0.761924010883705 0.203895358338895
  endloop
endfacet
facet normal -0.99144486137381 -3.14322545623845e-015 0.130526192220053
  outer loop
    vertex 0.61947491718325 -0.761929537482635 0.190438142808178
    vertex 0.621246593218441 -0.761924010883705 0.203895358338895
    vertex 0.618724379158816 -0.761547764165251 0.184737240522329
  endloop
endfacet
facet normal -0.99144486137381 -3.14322545623845e-015 0.130526192220053
  outer loop
    vertex 0.618724379158816 -0.761547764165251 0.184737240522329
    vertex 0.621246593218441 -0.761924010883705 0.203895358338895
    vertex 0.621986266359306 -0.761547764165251 0.209513733640694
  endloop
endfacet
facet normal -0.99144486137381 -3.14322545623845e-015 0.130526192220053
  outer loop
    vertex 0.618724379158816 -0.761547764165251 0.184737240522329
    vertex 0.621986266359306 -0.761547764165251 0.209513733640694
    vertex 0.617585334064789 -0.760728377696755 0.176085334064788
  endloop
endfacet
facet normal -0.99144486137381 -3.14322545623845e-015 0.130526192220053
  outer loop
    vertex 0.617585334064789 -0.760728377696755 0.176085334064788
    vertex 0.621986266359306 -0.761547764165251 0.209513733640694
    vertex 0.620355322759061 -0.639493514366999 0.197125487081512
  endloop
endfacet
facet normal -0.99144486137381 -3.14322545623845e-015 0.130526192220053
  outer loop
    vertex 0.617585334064789 -0.760728377696755 0.176085334064788
    vertex 0.620355322759061 -0.639493514366999 0.197125487081512
    vertex 0.616757499424299 -0.759999025836975 0.169797305689634
  endloop
endfacet
facet normal -0.99144486137381 -3.14322545623845e-015 0.130526192220053
  outer loop
    vertex 0.616757499424299 -0.759999025836975 0.169797305689634
    vertex 0.620355322759061 -0.639493514366999 0.197125487081512
    vertex 0.615223943020226 -0.755748051673951 0.1581487883263
  endloop
endfacet
facet normal -0.99144486137381 -3.14322545623845e-015 0.130526192220053
  outer loop
    vertex 0.615223943020226 -0.755748051673951 0.1581487883263
    vertex 0.620355322759061 -0.639493514366999 0.197125487081512
    vertex 0.612567745412098 -0.747535800212046 0.137972964420153
  endloop
endfacet
facet normal 0.966637819722266 0.256147077833387 1.67469993001073e-015
  outer loop
    vertex 0.515994488530025 -0.671782868848879 0.195
    vertex 0.532139165770964 -0.701871757183499 0.222963401253108
    vertex 0.528457714154954 -0.7018717571835 0.195
  endloop
endfacet
facet normal 0.839089584095756 0.495357065865095 -0.224833376435829
  outer loop
    vertex 0.532139165770964 -0.701871757183499 0.222963401253108
    vertex 0.515994488530025 -0.671782868848879 0.195
    vertex 0.520100614260977 -0.671782868848879 0.22618912140825
  endloop
endfacet
facet normal -0.992426118718126 0.0147288861168648 0.121956790708156
  outer loop
    vertex 0.620355322759061 -0.639493514366999 0.197125487081512
    vertex 0.60531087859175 -0.671782868848879 0.0786006142609768
    vertex 0.606449923685778 -0.7018717571835 0.0915034948815426
  endloop
endfacet
facet normal -0.991444861373811 -1.16454877888668e-014 0.130526192220048
  outer loop
    vertex 0.620355322759061 -0.639493514366999 0.197125487081512
    vertex 0.631604524224216 -0.727709671355095 0.282571655375335
    vertex 0.634260721832344 -0.701871757183498 0.302747479281481
  endloop
endfacet
facet normal -0.0994142578190996 0.991394557242137 -0.0851682876013432
  outer loop
    vertex 0.655414665935213 -0.760728377696754 0.213914665935213
    vertex 0.664463401253109 -0.759999025836975 0.211144677240939
    vertex 0.654275620841185 -0.761547764165251 0.20526275947767
  endloop
endfacet
facet normal -0.232881679485628 0.963165699389225 -0.134454300340371
  outer loop
    vertex 0.664463401253109 -0.759999025836975 0.211144677240939
    vertex 0.655414665935213 -0.760728377696754 0.213914665935213
    vertex 0.659332021514273 -0.759999025836975 0.217832021514273
  endloop
endfacet
facet normal -0.115204956350844 0.991435549730832 0.0615090949545048
  outer loop
    vertex 0.651764271665129 -0.761929537482635 0.186187168645154
    vertex 0.66768912140825 -0.759999025836975 0.186642900106023
    vertex 0.664463401253109 -0.759999025836976 0.17885532275906
  endloop
endfacet
facet normal -0.25974576230877 0.963165699389224 0.0695986672480404
  outer loop
    vertex 0.66768912140825 -0.759999025836975 0.186642900106023
    vertex 0.651764271665129 -0.761929537482635 0.186187168645154
    vertex 0.652364851558069 -0.762087673168448 0.190749025836975
  endloop
endfacet
facet normal -0.683516157276997 0.25614707783338 -0.683516157276993
  outer loop
    vertex 0.721710264330774 -0.671782868848879 0.280210264330772
    vertex 0.744542285845045 -0.639493514366999 0.257378242816499
    vertex 0.740860834229037 -0.671782868848879 0.255252755734987
  endloop
endfacet
facet normal -0.858616436401267 0.13052619222003 -0.495722430686901
  outer loop
    vertex 0.744542285845045 -0.639493514366999 0.257378242816499
    vertex 0.721710264330774 -0.671782868848879 0.280210264330772
    vertex 0.724716156988096 -0.639493514366998 0.283216156988096
  endloop
endfacet
facet normal -0.837132908138292 0.256147077833373 -0.483318909861128
  outer loop
    vertex 0.740860834229037 -0.671782868848879 0.255252755734987
    vertex 0.757005511469975 -0.639493514367 0.227289354481879
    vertex 0.752899385739022 -0.671782868848879 0.226189121408249
  endloop
endfacet
facet normal -0.957662196942549 0.130526192220049 -0.256604812292572
  outer loop
    vertex 0.757005511469975 -0.639493514367 0.227289354481879
    vertex 0.740860834229037 -0.671782868848879 0.255252755734987
    vertex 0.744542285845045 -0.639493514366999 0.257378242816499
  endloop
endfacet
facet normal 0.752307140051951 0.49535706586509 0.434344729822273
  outer loop
    vertex 0.54293263577525 -0.701871757183499 0.140978857077477
    vertex 0.520100614260977 -0.671782868848879 0.16381087859175
    vertex 0.532139165770964 -0.7018717571835 0.167036598746891
  endloop
endfacet
facet normal 0.933700434737493 0.256147077833386 0.250184277460503
  outer loop
    vertex 0.520100614260977 -0.671782868848879 0.16381087859175
    vertex 0.54293263577525 -0.701871757183499 0.140978857077477
    vertex 0.532139165770964 -0.671782868848877 0.134747244265012
  endloop
endfacet
facet normal 0.99144486137381 6.81299184871447e-016 -0.130526192220057
  outer loop
    vertex 0.511743514367 -0.639493514366999 0.195
    vertex 0.515994488530024 -0.312500000000001 0.227289354481877
    vertex 0.515994488530025 -0.639493514367 0.227289354481879
  endloop
endfacet
facet normal 0.99144486137381 6.81299184871447e-016 -0.130526192220057
  outer loop
    vertex 0.515994488530024 -0.312500000000001 0.227289354481877
    vertex 0.511743514367 -0.639493514366999 0.195
    vertex 0.511743514367 -0.3125 0.194999999999998
  endloop
endfacet
facet normal -0.991444861373809 0.130526192220064 1.36914275251385e-015
  outer loop
    vertex 0.761256485633 -0.639493514366999 0.195
    vertex 0.752899385739022 -0.671782868848879 0.16381087859175
    vertex 0.757005511469975 -0.671782868848879 0.195
  endloop
endfacet
facet normal -0.933700434737496 0.256147077833378 0.250184277460501
  outer loop
    vertex 0.752899385739022 -0.671782868848879 0.16381087859175
    vertex 0.761256485633 -0.639493514366999 0.195
    vertex 0.757005511469975 -0.639493514366999 0.16271064551812
  endloop
endfacet
facet normal 0.99144486137381 2.01111171957915e-015 0.130526192220055
  outer loop
    vertex 0.515994488530025 -0.639493514366999 0.16271064551812
    vertex 0.511743514367 -0.3125 0.194999999999998
    vertex 0.511743514367 -0.639493514366999 0.195
  endloop
endfacet
facet normal 0.99144486137381 2.01111171957915e-015 0.130526192220055
  outer loop
    vertex 0.511743514367 -0.3125 0.194999999999998
    vertex 0.515994488530025 -0.639493514366999 0.16271064551812
    vertex 0.515994488530024 -0.3125 0.162710645518118
  endloop
endfacet
facet normal 0.793353340291228 3.95828948424004e-015 0.60876142900873
  outer loop
    vertex 0.548283843011903 -0.3125 0.106783843011902
    vertex 0.528457714154954 -0.639493514366999 0.1326217571835
    vertex 0.548283843011904 -0.639493514366999 0.106783843011903
  endloop
endfacet
facet normal 0.793353340291228 3.95828948424004e-015 0.60876142900873
  outer loop
    vertex 0.528457714154954 -0.639493514366999 0.1326217571835
    vertex 0.548283843011903 -0.3125 0.106783843011902
    vertex 0.528457714154953 -0.312499999999999 0.132621757183498
  endloop
endfacet
facet normal 0.923879532511289 3.20147966125787e-015 0.382683432365085
  outer loop
    vertex 0.528457714154954 -0.639493514366999 0.1326217571835
    vertex 0.515994488530024 -0.3125 0.162710645518118
    vertex 0.515994488530025 -0.639493514366999 0.16271064551812
  endloop
endfacet
facet normal 0.923879532511289 3.20147966125787e-015 0.382683432365085
  outer loop
    vertex 0.515994488530024 -0.3125 0.162710645518118
    vertex 0.528457714154954 -0.639493514366999 0.1326217571835
    vertex 0.528457714154953 -0.312499999999999 0.132621757183498
  endloop
endfacet
facet normal 0.359256164196443 0.86131876617992 -0.359256164196468
  outer loop
    vertex 0.592391921505952 -0.747535800212046 0.239108078494048
    vertex 0.620355322759061 -0.759999025836976 0.222963401253108
    vertex 0.613667978485727 -0.759999025836975 0.217832021514273
  endloop
endfacet
facet normal 0.134454300340314 0.963165699389228 -0.232881679485649
  outer loop
    vertex 0.620355322759061 -0.759999025836976 0.222963401253108
    vertex 0.592391921505952 -0.747535800212046 0.239108078494048
    vertex 0.605310878591751 -0.747535800212045 0.249021142922523
  endloop
endfacet
facet normal 0.356228152363112 0.701716476830779 -0.61700525897934
  outer loop
    vertex 0.592391921505953 -0.727709671355094 0.271397432975927
    vertex 0.620355322759061 -0.747535800212044 0.255252755734987
    vertex 0.605310878591751 -0.747535800212045 0.249021142922523
  endloop
endfacet
facet normal 0.131496882562056 0.861318766179912 -0.490753046758525
  outer loop
    vertex 0.620355322759061 -0.747535800212044 0.255252755734987
    vertex 0.592391921505953 -0.727709671355094 0.271397432975927
    vertex 0.613667978485727 -0.727709671355094 0.280210264330773
  endloop
endfacet
facet normal -0.370415791855274 0.251169534101805 -0.89426282841417
  outer loop
    vertex 3.87518912140825 -0.671782868848878 0.311399385739023
    vertex 3.89802114292252 -0.701871757183498 0.288567364224749
    vertex 3.87405007631422 -0.701871757183498 0.298496505118456
  endloop
endfacet
facet normal -0.434344729822268 0.495357065865092 -0.752307140051952
  outer loop
    vertex 3.89802114292252 -0.701871757183498 0.288567364224749
    vertex 3.87518912140825 -0.671782868848878 0.311399385739023
    vertex 3.90425275573499 -0.671782868848878 0.299360834229036
  endloop
endfacet
facet normal -0.752307140051955 0.495357065865086 0.43434472982227
  outer loop
    vertex 0.73006736422475 -0.701871757183499 0.140978857077477
    vertex 0.721710264330774 -0.67178286884888 0.109789735669227
    vertex 0.712897432975927 -0.701871757183499 0.118602567024072
  endloop
endfacet
facet normal -0.683516157276999 0.25614707783339 0.683516157276988
  outer loop
    vertex 0.721710264330774 -0.67178286884888 0.109789735669227
    vertex 0.73006736422475 -0.701871757183499 0.140978857077477
    vertex 0.740860834229036 -0.671782868848878 0.134747244265012
  endloop
endfacet
facet normal -0.232881679485628 0.963165699389225 -0.134454300340371
  outer loop
    vertex 0.664463401253109 -0.759999025836975 0.211144677240939
    vertex 0.696752755734988 -0.747535800212045 0.211144677240939
    vertex 0.66768912140825 -0.759999025836975 0.203357099893976
  endloop
endfacet
facet normal -0.490753046758516 0.861318766179918 -0.13149688256205
  outer loop
    vertex 0.696752755734988 -0.747535800212045 0.211144677240939
    vertex 0.664463401253109 -0.759999025836975 0.211144677240939
    vertex 0.690521142922524 -0.747535800212046 0.226189121408249
  endloop
endfacet
facet normal 0.256604812292566 0.130526192220046 -0.957662196942551
  outer loop
    vertex 0.604210645518121 -0.639493514366997 0.315505511469975
    vertex 0.576247244265012 -0.671782868848878 0.299360834229036
    vertex 0.5741217571835 -0.639493514366999 0.303042285845046
  endloop
endfacet
facet normal 0.483318909861132 0.256147077833381 -0.837132908138288
  outer loop
    vertex 0.576247244265012 -0.671782868848878 0.299360834229036
    vertex 0.604210645518121 -0.639493514366997 0.315505511469975
    vertex 0.60531087859175 -0.671782868848878 0.311399385739023
  endloop
endfacet
facet normal 0.224833376435822 0.495357065865095 -0.839089584095758
  outer loop
    vertex 0.608536598746892 -0.701871757183498 0.299360834229036
    vertex 0.592391921505953 -0.727709671355094 0.271397432975927
    vertex 0.582478857077477 -0.701871757183498 0.28856736422475
  endloop
endfacet
facet normal 0.356228152363112 0.701716476830779 -0.61700525897934
  outer loop
    vertex 0.592391921505953 -0.727709671355094 0.271397432975927
    vertex 0.608536598746892 -0.701871757183498 0.299360834229036
    vertex 0.613667978485727 -0.727709671355094 0.280210264330773
  endloop
endfacet
facet normal 0.126341928497486 0.251169534101808 -0.959662222994433
  outer loop
    vertex 3.844 -0.671782868848877 0.315505511469975
    vertex 3.81603659874689 -0.701871757183498 0.299360834229036
    vertex 3.81281087859175 -0.671782868848878 0.311399385739023
  endloop
endfacet
facet normal 0.224833376435822 0.495357065865095 -0.839089584095758
  outer loop
    vertex 3.81603659874689 -0.701871757183498 0.299360834229036
    vertex 3.844 -0.671782868848877 0.315505511469975
    vertex 3.84176072183234 -0.701871757183498 0.302747479281481
  endloop
endfacet
facet normal 0.688179944837573 0.701716476830776 0.184397260466523
  outer loop
    vertex 0.551289735669227 -0.727709671355095 0.172167978485726
    vertex 0.528457714154954 -0.7018717571835 0.195
    vertex 0.548283843011904 -0.727709671355095 0.195
  endloop
endfacet
facet normal 0.868689459644538 0.495357065865099 -1.3716246611711e-015
  outer loop
    vertex 0.528457714154954 -0.7018717571835 0.195
    vertex 0.551289735669227 -0.727709671355095 0.172167978485726
    vertex 0.532139165770964 -0.7018717571835 0.167036598746891
  endloop
endfacet
facet normal 0.683516157276991 0.256147077833391 0.683516157276995
  outer loop
    vertex 0.551289735669227 -0.67178286884888 0.109789735669227
    vertex 0.574121757183501 -0.639493514366999 0.0869577141549534
    vertex 0.548283843011904 -0.639493514366999 0.106783843011903
  endloop
endfacet
facet normal 0.495722430686905 0.130526192220053 0.858616436401261
  outer loop
    vertex 0.574121757183501 -0.639493514366999 0.0869577141549534
    vertex 0.551289735669227 -0.67178286884888 0.109789735669227
    vertex 0.576247244265013 -0.671782868848878 0.0906391657709638
  endloop
endfacet
facet normal 0.617005258979329 0.701716476830778 0.356228152363133
  outer loop
    vertex 0.560102567024073 -0.727709671355096 0.150891921505952
    vertex 0.592391921505952 -0.747535800212046 0.150891921505952
    vertex 0.574121757183501 -0.727709671355096 0.1326217571835
  endloop
endfacet
facet normal 0.359256164196447 0.861318766179919 0.359256164196465
  outer loop
    vertex 0.592391921505952 -0.747535800212046 0.150891921505952
    vertex 0.560102567024073 -0.727709671355096 0.150891921505952
    vertex 0.582478857077477 -0.747535800212045 0.16381087859175
  endloop
endfacet
facet normal -0.136334844443775 0.923188101758921 0.359355727603236
  outer loop
    vertex 0.647513297502105 -0.75574805167395 0.153897814163274
    vertex 0.65264467724094 -0.747535800212046 0.134747244265012
    vertex 0.644857099893978 -0.747535800212046 0.133721990257129
  endloop
endfacet
facet normal 0.712456304726261 0.701716476830779 1.08683965353208e-015
  outer loop
    vertex 0.548283843011904 -0.727709671355095 0.195
    vertex 0.576247244265013 -0.747535800212046 0.17885532275906
    vertex 0.551289735669227 -0.727709671355095 0.172167978485726
  endloop
endfacet
facet normal 0.490753046758512 0.861318766179919 0.13149688256206
  outer loop
    vertex 0.576247244265013 -0.747535800212046 0.17885532275906
    vertex 0.548283843011904 -0.727709671355095 0.195
    vertex 0.5741217571835 -0.747535800212046 0.195
  endloop
endfacet
facet normal 0.503782684371042 0.701716476830779 0.503782684371055
  outer loop
    vertex 0.574121757183501 -0.727709671355096 0.1326217571835
    vertex 0.582478857077477 -0.7018717571835 0.10143263577525
    vertex 0.560102567024073 -0.701871757183499 0.118602567024072
  endloop
endfacet
facet normal 0.434344729822275 0.495357065865096 0.752307140051946
  outer loop
    vertex 0.582478857077477 -0.7018717571835 0.10143263577525
    vertex 0.574121757183501 -0.727709671355096 0.1326217571835
    vertex 0.592391921505953 -0.727709671355095 0.118602567024072
  endloop
endfacet
facet normal 0.688179944837573 0.701716476830776 0.184397260466523
  outer loop
    vertex 0.551289735669227 -0.727709671355095 0.172167978485726
    vertex 0.582478857077477 -0.747535800212045 0.16381087859175
    vertex 0.560102567024073 -0.727709671355096 0.150891921505952
  endloop
endfacet
facet normal 0.439997144615426 0.861318766179917 0.254032469886384
  outer loop
    vertex 0.582478857077477 -0.747535800212045 0.16381087859175
    vertex 0.551289735669227 -0.727709671355095 0.172167978485726
    vertex 0.576247244265013 -0.747535800212046 0.17885532275906
  endloop
endfacet
facet normal 0.752307140051951 0.49535706586509 0.434344729822273
  outer loop
    vertex 0.54293263577525 -0.701871757183499 0.140978857077477
    vertex 0.551289735669227 -0.727709671355095 0.172167978485726
    vertex 0.560102567024073 -0.727709671355096 0.150891921505952
  endloop
endfacet
facet normal 0.688179944837573 0.701716476830776 0.184397260466523
  outer loop
    vertex 0.551289735669227 -0.727709671355095 0.172167978485726
    vertex 0.54293263577525 -0.701871757183499 0.140978857077477
    vertex 0.532139165770964 -0.7018717571835 0.167036598746891
  endloop
endfacet
facet normal -0.434344729822268 0.495357065865092 -0.752307140051952
  outer loop
    vertex 0.690521142922524 -0.701871757183498 0.28856736422475
    vertex 0.6988782428165 -0.727709671355096 0.2573782428165
    vertex 0.680608078494048 -0.727709671355094 0.271397432975927
  endloop
endfacet
facet normal -0.503782684371035 0.701716476830778 -0.503782684371064
  outer loop
    vertex 0.6988782428165 -0.727709671355096 0.2573782428165
    vertex 0.690521142922524 -0.701871757183498 0.28856736422475
    vertex 0.712897432975927 -0.701871757183499 0.271397432975927
  endloop
endfacet
facet normal 0.439997144615426 0.861318766179917 0.254032469886384
  outer loop
    vertex 0.582478857077477 -0.747535800212045 0.16381087859175
    vertex 0.613667978485727 -0.759999025836975 0.172167978485726
    vertex 0.592391921505952 -0.747535800212046 0.150891921505952
  endloop
endfacet
facet normal 0.190147095060715 0.963165699389224 0.190147095060742
  outer loop
    vertex 0.613667978485727 -0.759999025836975 0.172167978485726
    vertex 0.582478857077477 -0.747535800212045 0.16381087859175
    vertex 0.608536598746892 -0.759999025836976 0.17885532275906
  endloop
endfacet
facet normal 0.614256207659933 0.495357065865093 0.614256207659934
  outer loop
    vertex 0.560102567024073 -0.701871757183499 0.118602567024072
    vertex 0.532139165770964 -0.671782868848877 0.134747244265012
    vertex 0.54293263577525 -0.701871757183499 0.140978857077477
  endloop
endfacet
facet normal 0.837132908138286 0.256147077833381 0.483318909861135
  outer loop
    vertex 0.532139165770964 -0.671782868848877 0.134747244265012
    vertex 0.560102567024073 -0.701871757183499 0.118602567024072
    vertex 0.551289735669227 -0.67178286884888 0.109789735669227
  endloop
endfacet
facet normal -0.495722430686908 0.130526192220041 -0.858616436401261
  outer loop
    vertex 0.6988782428165 -0.639493514366998 0.303042285845046
    vertex 0.721710264330774 -0.671782868848879 0.280210264330772
    vertex 0.696752755734988 -0.671782868848878 0.299360834229036
  endloop
endfacet
facet normal -0.683516157276997 0.25614707783338 -0.683516157276993
  outer loop
    vertex 0.721710264330774 -0.671782868848879 0.280210264330772
    vertex 0.6988782428165 -0.639493514366998 0.303042285845046
    vertex 0.724716156988096 -0.639493514366998 0.283216156988096
  endloop
endfacet
facet normal -0.483318909861134 0.256147077833381 -0.837132908138287
  outer loop
    vertex 0.696752755734988 -0.671782868848878 0.299360834229036
    vertex 0.712897432975927 -0.701871757183499 0.271397432975927
    vertex 0.690521142922524 -0.701871757183498 0.28856736422475
  endloop
endfacet
facet normal -0.614256207659925 0.495357065865093 -0.61425620765994
  outer loop
    vertex 0.712897432975927 -0.701871757183499 0.271397432975927
    vertex 0.696752755734988 -0.671782868848878 0.299360834229036
    vertex 0.721710264330774 -0.671782868848879 0.280210264330772
  endloop
endfacet
facet normal -0.254032469886392 0.861318766179914 0.439997144615428
  outer loop
    vertex 0.66768912140825 -0.747535800212045 0.140978857077476
    vertex 0.6988782428165 -0.727709671355096 0.1326217571835
    vertex 0.680608078494048 -0.727709671355095 0.118602567024072
  endloop
endfacet
facet normal -0.503782684371044 0.701716476830778 0.503782684371055
  outer loop
    vertex 0.6988782428165 -0.727709671355096 0.1326217571835
    vertex 0.66768912140825 -0.747535800212045 0.140978857077476
    vertex 0.680608078494048 -0.747535800212046 0.150891921505952
  endloop
endfacet
facet normal 0.268908600680715 0.963165699389228 -1.19160543043345e-015
  outer loop
    vertex 3.81171064551812 -0.759999025836976 0.195
    vertex 3.82813514844193 -0.762087673168448 0.199250974163023
    vertex 3.82757549707619 -0.762087673168448 0.194999999999999
  endloop
endfacet
facet normal 0.126395672157719 0.991449693220601 -0.0324289974031649
  outer loop
    vertex 3.82813514844193 -0.762087673168448 0.199250974163023
    vertex 3.81171064551812 -0.759999025836976 0.195
    vertex 3.81281087859175 -0.759999025836975 0.203357099893976
  endloop
endfacet
facet normal 0.232867334312032 0.96316953171994 -0.134451693097555
  outer loop
    vertex 3.81603659874689 -0.759999025836975 0.211144677240939
    vertex 3.82948626635931 -0.761547764165251 0.209513733640693
    vertex 3.82874659321844 -0.761924010883705 0.203895358338895
  endloop
endfacet
facet normal 0.0973924999121609 0.991419084236566 -0.0871946120605448
  outer loop
    vertex 3.82948626635931 -0.761547764165251 0.209513733640693
    vertex 3.81603659874689 -0.759999025836975 0.211144677240939
    vertex 3.82116797848573 -0.759999025836975 0.217832021514273
  endloop
endfacet
facet normal 0.114031594573833 0.486590854534237 -0.866155953464842
  outer loop
    vertex 3.84176072183234 -0.701871757183498 0.302747479281481
    vertex 3.82116797848573 -0.727709671355094 0.280210264330773
    vertex 3.81603659874689 -0.701871757183498 0.299360834229036
  endloop
endfacet
facet normal 0.184397260466526 0.701716476830782 -0.688179944837565
  outer loop
    vertex 3.82116797848573 -0.727709671355094 0.280210264330773
    vertex 3.84176072183234 -0.701871757183498 0.302747479281481
    vertex 3.83910452422422 -0.727709671355095 0.282571655375335
  endloop
endfacet
facet normal 0.0678222874126546 0.854405553685689 -0.515161418548756
  outer loop
    vertex 3.83564290010602 -0.747535800212044 0.25627800974287
    vertex 3.8329867024979 -0.755748051673951 0.236102185836722
    vertex 3.82785532275906 -0.747535800212044 0.255252755734987
  endloop
endfacet
facet normal 0.190147095060741 0.963165699389224 -0.190147095060714
  outer loop
    vertex 3.82116797848573 -0.759999025836975 0.217832021514273
    vertex 3.83062531145333 -0.760728377696755 0.218165640098235
    vertex 3.82948626635931 -0.761547764165251 0.209513733640693
  endloop
endfacet
facet normal 0.0739836242588271 0.99139455724214 -0.107996551853245
  outer loop
    vertex 3.83062531145333 -0.760728377696755 0.218165640098235
    vertex 3.82116797848573 -0.759999025836975 0.217832021514273
    vertex 3.82785532275906 -0.759999025836976 0.222963401253108
  endloop
endfacet
facet normal 0.115603967625636 0.953280129957422 -0.279092666506256
  outer loop
    vertex 3.83145314609382 -0.759999025836975 0.224453668473389
    vertex 3.83062531145333 -0.760728377696755 0.218165640098235
    vertex 3.82785532275906 -0.759999025836976 0.222963401253108
  endloop
endfacet
facet normal 0.254032469886346 0.861318766179916 -0.439997144615451
  outer loop
    vertex 3.81281087859175 -0.747535800212045 0.249021142922522
    vertex 3.83145314609382 -0.759999025836975 0.224453668473389
    vertex 3.82785532275906 -0.759999025836976 0.222963401253108
  endloop
endfacet
facet normal 0.115603967625636 0.953280129957422 -0.279092666506256
  outer loop
    vertex 3.83145314609382 -0.759999025836975 0.224453668473389
    vertex 3.81281087859175 -0.747535800212045 0.249021142922522
    vertex 3.8329867024979 -0.755748051673951 0.236102185836722
  endloop
endfacet
facet normal 0.136334844443702 0.923188101758906 -0.359355727603303
  outer loop
    vertex 3.8329867024979 -0.755748051673951 0.236102185836722
    vertex 3.81281087859175 -0.747535800212045 0.249021142922522
    vertex 3.82785532275906 -0.747535800212044 0.255252755734987
  endloop
endfacet
facet normal 0.250184277460495 0.256147077833381 -0.933700434737496
  outer loop
    vertex 0.60531087859175 -0.671782868848878 0.311399385739023
    vertex 0.582478857077477 -0.701871757183498 0.28856736422475
    vertex 0.576247244265012 -0.671782868848878 0.299360834229036
  endloop
endfacet
facet normal 0.434344729822266 0.495357065865094 -0.752307140051952
  outer loop
    vertex 0.582478857077477 -0.701871757183498 0.28856736422475
    vertex 0.60531087859175 -0.671782868848878 0.311399385739023
    vertex 0.608536598746892 -0.701871757183498 0.299360834229036
  endloop
endfacet
facet normal -0.837132908138295 0.256147077833373 0.483318909861124
  outer loop
    vertex 0.740860834229036 -0.671782868848878 0.134747244265012
    vertex 0.724716156988097 -0.639493514366999 0.106783843011903
    vertex 0.721710264330774 -0.67178286884888 0.109789735669227
  endloop
endfacet
facet normal -0.701057384649987 0.130526192220046 0.70105738464997
  outer loop
    vertex 0.724716156988097 -0.639493514366999 0.106783843011903
    vertex 0.740860834229036 -0.671782868848878 0.134747244265012
    vertex 0.744542285845045 -0.639493514366998 0.1326217571835
  endloop
endfacet
facet normal 0.508064939772767 0.861318766179917 -3.08921659964899e-015
  outer loop
    vertex 0.5741217571835 -0.747535800212046 0.195
    vertex 0.60531087859175 -0.759999025836975 0.186642900106023
    vertex 0.576247244265013 -0.747535800212046 0.17885532275906
  endloop
endfacet
facet normal 0.259745762308764 0.963165699389224 0.0695986672480526
  outer loop
    vertex 0.60531087859175 -0.759999025836975 0.186642900106023
    vertex 0.5741217571835 -0.747535800212046 0.195
    vertex 0.60421064551812 -0.759999025836976 0.195
  endloop
endfacet
facet normal -0.190147095060739 0.963165699389226 -0.190147095060709
  outer loop
    vertex 0.659332021514273 -0.759999025836975 0.217832021514273
    vertex 0.690521142922524 -0.747535800212046 0.226189121408249
    vertex 0.664463401253109 -0.759999025836975 0.211144677240939
  endloop
endfacet
facet normal -0.439997144615421 0.861318766179924 -0.25403246988637
  outer loop
    vertex 0.690521142922524 -0.747535800212046 0.226189121408249
    vertex 0.659332021514273 -0.759999025836975 0.217832021514273
    vertex 0.680608078494048 -0.747535800212046 0.239108078494048
  endloop
endfacet
facet normal -0.49075304675851 0.86131876617992 0.131496882562057
  outer loop
    vertex 0.696752755734988 -0.747535800212046 0.17885532275906
    vertex 0.724716156988097 -0.727709671355095 0.195
    vertex 0.721710264330774 -0.727709671355095 0.172167978485726
  endloop
endfacet
facet normal -0.712456304726261 0.701716476830779 -1.96172302608487e-016
  outer loop
    vertex 0.724716156988097 -0.727709671355095 0.195
    vertex 0.696752755734988 -0.747535800212046 0.17885532275906
    vertex 0.6988782428165 -0.747535800212046 0.195
  endloop
endfacet
facet normal 0.184397260466526 0.701716476830782 -0.688179944837565
  outer loop
    vertex 3.82116797848573 -0.727709671355094 0.280210264330773
    vertex 3.83564290010602 -0.747535800212044 0.25627800974287
    vertex 3.82785532275906 -0.747535800212044 0.255252755734987
  endloop
endfacet
facet normal 0.0678222874126546 0.854405553685689 -0.515161418548756
  outer loop
    vertex 3.83564290010602 -0.747535800212044 0.25627800974287
    vertex 3.82116797848573 -0.727709671355094 0.280210264330773
    vertex 3.83910452422422 -0.727709671355095 0.282571655375335
  endloop
endfacet
facet normal -0.752307140051954 0.495357065865087 -0.434344729822271
  outer loop
    vertex 0.73006736422475 -0.701871757183499 0.249021142922523
    vertex 0.721710264330774 -0.727709671355096 0.217832021514273
    vertex 0.712897432975928 -0.727709671355096 0.239108078494048
  endloop
endfacet
facet normal -0.68817994483757 0.70171647683078 -0.184397260466516
  outer loop
    vertex 0.721710264330774 -0.727709671355096 0.217832021514273
    vertex 0.73006736422475 -0.701871757183499 0.249021142922523
    vertex 0.740860834229037 -0.701871757183499 0.222963401253108
  endloop
endfacet
facet normal 0.483318909861132 0.256147077833381 -0.837132908138288
  outer loop
    vertex 0.576247244265012 -0.671782868848878 0.299360834229036
    vertex 0.560102567024073 -0.701871757183499 0.271397432975927
    vertex 0.551289735669227 -0.671782868848878 0.280210264330773
  endloop
endfacet
facet normal 0.614256207659929 0.495357065865094 -0.614256207659936
  outer loop
    vertex 0.560102567024073 -0.701871757183499 0.271397432975927
    vertex 0.576247244265012 -0.671782868848878 0.299360834229036
    vertex 0.582478857077477 -0.701871757183498 0.28856736422475
  endloop
endfacet
facet normal -0.752307140051954 0.495357065865087 -0.434344729822271
  outer loop
    vertex 0.73006736422475 -0.701871757183499 0.249021142922523
    vertex 0.752899385739022 -0.671782868848879 0.226189121408249
    vertex 0.740860834229037 -0.701871757183499 0.222963401253108
  endloop
endfacet
facet normal -0.933700434737497 0.256147077833377 -0.250184277460498
  outer loop
    vertex 0.752899385739022 -0.671782868848879 0.226189121408249
    vertex 0.73006736422475 -0.701871757183499 0.249021142922523
    vertex 0.740860834229037 -0.671782868848879 0.255252755734987
  endloop
endfacet
facet normal 0.439997144615423 0.861318766179922 -0.254032469886374
  outer loop
    vertex 0.582478857077477 -0.747535800212046 0.22618912140825
    vertex 0.613667978485727 -0.759999025836975 0.217832021514273
    vertex 0.608536598746892 -0.759999025836975 0.211144677240939
  endloop
endfacet
facet normal 0.190147095060741 0.963165699389224 -0.190147095060714
  outer loop
    vertex 0.613667978485727 -0.759999025836975 0.217832021514273
    vertex 0.582478857077477 -0.747535800212046 0.22618912140825
    vertex 0.592391921505952 -0.747535800212046 0.239108078494048
  endloop
endfacet
facet normal 0.503782684371036 0.701716476830779 -0.503782684371061
  outer loop
    vertex 0.574121757183501 -0.727709671355096 0.2573782428165
    vertex 0.605310878591751 -0.747535800212045 0.249021142922523
    vertex 0.592391921505952 -0.747535800212046 0.239108078494048
  endloop
endfacet
facet normal 0.254032469886346 0.861318766179916 -0.439997144615451
  outer loop
    vertex 0.605310878591751 -0.747535800212045 0.249021142922523
    vertex 0.574121757183501 -0.727709671355096 0.2573782428165
    vertex 0.592391921505953 -0.727709671355094 0.271397432975927
  endloop
endfacet
facet normal 0.434344729822266 0.495357065865094 -0.752307140051952
  outer loop
    vertex 0.582478857077477 -0.701871757183498 0.28856736422475
    vertex 0.574121757183501 -0.727709671355096 0.2573782428165
    vertex 0.560102567024073 -0.701871757183499 0.271397432975927
  endloop
endfacet
facet normal 0.503782684371036 0.701716476830779 -0.503782684371061
  outer loop
    vertex 0.574121757183501 -0.727709671355096 0.2573782428165
    vertex 0.582478857077477 -0.701871757183498 0.28856736422475
    vertex 0.592391921505953 -0.727709671355094 0.271397432975927
  endloop
endfacet
facet normal -0.0941122877441089 0.692911918394431 0.714853796690288
  outer loop
    vertex 0.641395475775786 -0.727709671355096 0.107428344624664
    vertex 0.664463401253109 -0.7018717571835 0.0906391657709638
    vertex 0.638739278167658 -0.701871757183499 0.0872525207185186
  endloop
endfacet
facet normal -0.224833376435827 0.495357065865099 0.839089584095754
  outer loop
    vertex 0.664463401253109 -0.7018717571835 0.0906391657709638
    vertex 0.641395475775786 -0.727709671355096 0.107428344624664
    vertex 0.659332021514273 -0.727709671355095 0.109789735669227
  endloop
endfacet
facet normal -0.116641557183569 0.991419084236566 -0.0590164938751974
  outer loop
    vertex 0.654275620841185 -0.761547764165251 0.20526275947767
    vertex 0.66768912140825 -0.759999025836975 0.203357099893976
    vertex 0.653525082816751 -0.761929537482635 0.199561857191821
  endloop
endfacet
facet normal -0.259745762308757 0.963165699389226 -0.0695986672480574
  outer loop
    vertex 0.66768912140825 -0.759999025836975 0.203357099893976
    vertex 0.654275620841185 -0.761547764165251 0.20526275947767
    vertex 0.664463401253109 -0.759999025836975 0.211144677240939
  endloop
endfacet
facet normal -0.439997144615421 0.861318766179924 -0.25403246988637
  outer loop
    vertex 0.690521142922524 -0.747535800212046 0.226189121408249
    vertex 0.721710264330774 -0.727709671355096 0.217832021514273
    vertex 0.696752755734988 -0.747535800212045 0.211144677240939
  endloop
endfacet
facet normal -0.68817994483757 0.70171647683078 -0.184397260466516
  outer loop
    vertex 0.721710264330774 -0.727709671355096 0.217832021514273
    vertex 0.690521142922524 -0.747535800212046 0.226189121408249
    vertex 0.712897432975928 -0.727709671355096 0.239108078494048
  endloop
endfacet
facet normal 0.0994142578190392 0.991394557242138 0.0851682876013961
  outer loop
    vertex 3.82508533406479 -0.760728377696755 0.176085334064788
    vertex 3.8242574994243 -0.759999025836975 0.169797305689634
    vertex 3.82116797848573 -0.759999025836975 0.172167978485726
  endloop
endfacet
facet normal 0.359256164196447 0.861318766179919 0.359256164196465
  outer loop
    vertex 3.79989192150595 -0.747535800212046 0.150891921505951
    vertex 3.82272394302023 -0.755748051673951 0.1581487883263
    vertex 3.81281087859175 -0.747535800212045 0.140978857077476
  endloop
endfacet
facet normal 0.224697453541714 0.923188101758918 0.311824923863753
  outer loop
    vertex 3.82272394302023 -0.755748051673951 0.1581487883263
    vertex 3.79989192150595 -0.747535800212046 0.150891921505951
    vertex 3.82116797848573 -0.759999025836975 0.172167978485726
  endloop
endfacet
facet normal 0.224697453541714 0.923188101758918 0.311824923863753
  outer loop
    vertex 3.82272394302023 -0.755748051673951 0.1581487883263
    vertex 3.82116797848573 -0.759999025836975 0.172167978485726
    vertex 3.8242574994243 -0.759999025836975 0.169797305689634
  endloop
endfacet
facet normal 0.224697453541714 0.923188101758918 0.311824923863753
  outer loop
    vertex 3.82272394302023 -0.755748051673951 0.1581487883263
    vertex 3.8200677454121 -0.747535800212046 0.137972964420153
    vertex 3.81281087859175 -0.747535800212045 0.140978857077476
  endloop
endfacet
facet normal 0.259745762308764 0.963165699389224 0.0695986672480526
  outer loop
    vertex 3.81281087859175 -0.759999025836975 0.186642900106022
    vertex 3.82622437915882 -0.761547764165251 0.184737240522329
    vertex 3.81603659874689 -0.759999025836976 0.17885532275906
  endloop
endfacet
facet normal 0.116641557183587 0.991419084236569 0.0590164938751161
  outer loop
    vertex 3.82622437915882 -0.761547764165251 0.184737240522329
    vertex 3.81281087859175 -0.759999025836975 0.186642900106022
    vertex 3.82697491718325 -0.761929537482635 0.190438142808178
  endloop
endfacet
facet normal 0.232881679485619 0.963165699389229 0.134454300340355
  outer loop
    vertex 3.81603659874689 -0.759999025836976 0.17885532275906
    vertex 3.82508533406479 -0.760728377696755 0.176085334064788
    vertex 3.82116797848573 -0.759999025836975 0.172167978485726
  endloop
endfacet
facet normal 0.0994142578190392 0.991394557242138 0.0851682876013961
  outer loop
    vertex 3.82508533406479 -0.760728377696755 0.176085334064788
    vertex 3.81603659874689 -0.759999025836976 0.17885532275906
    vertex 3.82622437915882 -0.761547764165251 0.184737240522329
  endloop
endfacet
facet normal 0.356228152363132 0.70171647683078 0.617005258979327
  outer loop
    vertex 3.79989192150595 -0.727709671355095 0.118602567024072
    vertex 3.8200677454121 -0.747535800212046 0.137972964420153
    vertex 3.81660612129391 -0.727709671355095 0.111679318787688
  endloop
endfacet
facet normal 0.198844885432319 0.854405553685684 0.480054019219158
  outer loop
    vertex 3.8200677454121 -0.747535800212046 0.137972964420153
    vertex 3.79989192150595 -0.727709671355095 0.118602567024072
    vertex 3.81281087859175 -0.747535800212045 0.140978857077476
  endloop
endfacet
facet normal 0.356228152363132 0.70171647683078 0.617005258979327
  outer loop
    vertex 3.79989192150595 -0.727709671355095 0.118602567024072
    vertex 3.81394992368578 -0.7018717571835 0.0915034948815422
    vertex 3.78997885707748 -0.7018717571835 0.10143263577525
  endloop
endfacet
facet normal 0.334323718997439 0.486590854534242 0.807128856626597
  outer loop
    vertex 3.81394992368578 -0.7018717571835 0.0915034948815422
    vertex 3.79989192150595 -0.727709671355095 0.118602567024072
    vertex 3.81660612129391 -0.727709671355095 0.111679318787688
  endloop
endfacet
facet normal 0.434344729822275 0.495357065865096 0.752307140051946
  outer loop
    vertex 3.78997885707748 -0.7018717571835 0.10143263577525
    vertex 3.81281087859175 -0.671782868848879 0.0786006142609764
    vertex 3.78374724426501 -0.671782868848878 0.0906391657709634
  endloop
endfacet
facet normal 0.370415791855278 0.251169534101808 0.894262828414168
  outer loop
    vertex 3.81281087859175 -0.671782868848879 0.0786006142609764
    vertex 3.78997885707748 -0.7018717571835 0.10143263577525
    vertex 3.81394992368578 -0.7018717571835 0.0915034948815422
  endloop
endfacet
facet normal -0.683516157276997 0.25614707783338 -0.683516157276993
  outer loop
    vertex 0.721710264330774 -0.671782868848879 0.280210264330772
    vertex 0.73006736422475 -0.701871757183499 0.249021142922523
    vertex 0.712897432975927 -0.701871757183499 0.271397432975927
  endloop
endfacet
facet normal -0.752307140051954 0.495357065865087 -0.434344729822271
  outer loop
    vertex 0.73006736422475 -0.701871757183499 0.249021142922523
    vertex 0.721710264330774 -0.671782868848879 0.280210264330772
    vertex 0.740860834229037 -0.671782868848879 0.255252755734987
  endloop
endfacet
facet normal 0.923879532511284 -5.01354524284336e-016 -0.382683432365097
  outer loop
    vertex 0.515994488530024 -0.312500000000001 0.227289354481877
    vertex 0.528457714154954 -0.639493514366999 0.257378242816499
    vertex 0.515994488530025 -0.639493514367 0.227289354481879
  endloop
endfacet
facet normal 0.923879532511284 -5.01354524284336e-016 -0.382683432365097
  outer loop
    vertex 0.528457714154954 -0.639493514366999 0.257378242816499
    vertex 0.515994488530024 -0.312500000000001 0.227289354481877
    vertex 0.528457714154954 -0.3125 0.257378242816498
  endloop
endfacet
facet normal 0.793353340291251 -1.29965620301869e-015 -0.608761429008701
  outer loop
    vertex 0.528457714154954 -0.3125 0.257378242816498
    vertex 0.548283843011903 -0.639493514366998 0.283216156988096
    vertex 0.528457714154954 -0.639493514366999 0.257378242816499
  endloop
endfacet
facet normal 0.793353340291251 -1.29965620301869e-015 -0.608761429008701
  outer loop
    vertex 0.548283843011903 -0.639493514366998 0.283216156988096
    vertex 0.528457714154954 -0.3125 0.257378242816498
    vertex 0.548283843011903 -0.312499999999999 0.283216156988095
  endloop
endfacet
facet normal 0.991298510290025 -0.0171815625937261 -0.130506924734345
  outer loop
    vertex 0.65264467724094 -0.639493514366998 0.192874512918488
    vertex 0.6365 -0.671782868848879 0.074494488530024
    vertex 0.6365 -0.639493514366999 0.0702435143669999
  endloop
endfacet
facet normal -0.99144486137381 -4.8346654860763e-015 0.130526192220058
  outer loop
    vertex 0.620355322759061 -0.639493514366999 0.197125487081512
    vertex 0.609106121293906 -0.727709671355095 0.111679318787688
    vertex 0.612567745412098 -0.747535800212046 0.137972964420153
  endloop
endfacet
facet normal -0.99144486137381 -4.8346654860763e-015 0.130526192220058
  outer loop
    vertex 0.609106121293906 -0.727709671355095 0.111679318787688
    vertex 0.620355322759061 -0.639493514366999 0.197125487081512
    vertex 0.606449923685778 -0.7018717571835 0.0915034948815426
  endloop
endfacet
facet normal -0.991298510290025 -0.0171815625937276 0.130506924734345
  outer loop
    vertex 0.6365 -0.639493514366998 0.319756485633
    vertex 0.620355322759061 -0.639493514366999 0.197125487081512
    vertex 0.6365 -0.671782868848877 0.315505511469975
  endloop
endfacet
facet normal -0.990174758868512 0.0147288861168495 0.139057566545084
  outer loop
    vertex 0.620355322759061 -0.639493514366999 0.197125487081512
    vertex 0.634260721832344 -0.701871757183498 0.302747479281481
    vertex 0.6365 -0.671782868848877 0.315505511469975
  endloop
endfacet
facet normal -0.614256207659925 0.495357065865093 -0.61425620765994
  outer loop
    vertex 0.712897432975927 -0.701871757183499 0.271397432975927
    vertex 0.712897432975928 -0.727709671355096 0.239108078494048
    vertex 0.6988782428165 -0.727709671355096 0.2573782428165
  endloop
endfacet
facet normal -0.617005258979333 0.701716476830776 -0.35622815236313
  outer loop
    vertex 0.712897432975928 -0.727709671355096 0.239108078494048
    vertex 0.712897432975927 -0.701871757183499 0.271397432975927
    vertex 0.73006736422475 -0.701871757183499 0.249021142922523
  endloop
endfacet
facet normal -0.097392499912092 0.991419084236566 0.0871946120606225
  outer loop
    vertex 0.651013733640695 -0.761547764165251 0.180486266359304
    vertex 0.664463401253109 -0.759999025836976 0.17885532275906
    vertex 0.659332021514273 -0.759999025836975 0.172167978485726
  endloop
endfacet
facet normal -0.232881679485619 0.963165699389228 0.134454300340365
  outer loop
    vertex 0.664463401253109 -0.759999025836976 0.17885532275906
    vertex 0.651013733640695 -0.761547764165251 0.180486266359304
    vertex 0.651764271665129 -0.761929537482635 0.186187168645154
  endloop
endfacet
facet normal -0.0678222874126078 0.854405553685684 0.51516141854877
  outer loop
    vertex 0.644857099893978 -0.747535800212046 0.133721990257129
    vertex 0.659332021514273 -0.727709671355095 0.109789735669227
    vertex 0.641395475775786 -0.727709671355096 0.107428344624664
  endloop
endfacet
facet normal -0.184397260466527 0.701716476830776 0.688179944837571
  outer loop
    vertex 0.659332021514273 -0.727709671355095 0.109789735669227
    vertex 0.644857099893978 -0.747535800212046 0.133721990257129
    vertex 0.65264467724094 -0.747535800212046 0.134747244265012
  endloop
endfacet
facet normal 0.701057384649975 0.130526192220055 0.701057384649981
  outer loop
    vertex 0.548283843011904 -0.639493514366999 0.106783843011903
    vertex 0.532139165770964 -0.671782868848877 0.134747244265012
    vertex 0.551289735669227 -0.67178286884888 0.109789735669227
  endloop
endfacet
facet normal 0.837132908138286 0.256147077833381 0.483318909861135
  outer loop
    vertex 0.532139165770964 -0.671782868848877 0.134747244265012
    vertex 0.548283843011904 -0.639493514366999 0.106783843011903
    vertex 0.528457714154954 -0.639493514366999 0.1326217571835
  endloop
endfacet
facet normal -0.250184277460499 0.256147077833386 0.933700434737494
  outer loop
    vertex 0.66768912140825 -0.671782868848879 0.0786006142609768
    vertex 0.6365 -0.639493514366999 0.0702435143669999
    vertex 0.6365 -0.671782868848879 0.074494488530024
  endloop
endfacet
facet normal -0.129428307995569 0.129428307995561 0.98310560276036
  outer loop
    vertex 0.6365 -0.639493514366999 0.0702435143669999
    vertex 0.66768912140825 -0.671782868848879 0.0786006142609768
    vertex 0.66878935448188 -0.639493514367 0.0744944885300242
  endloop
endfacet
facet normal 0.837132908138286 0.256147077833381 0.483318909861135
  outer loop
    vertex 0.532139165770964 -0.671782868848877 0.134747244265012
    vertex 0.515994488530025 -0.639493514366999 0.16271064551812
    vertex 0.520100614260977 -0.671782868848879 0.16381087859175
  endloop
endfacet
facet normal 0.957662196942548 0.130526192220051 0.256604812292573
  outer loop
    vertex 0.515994488530025 -0.639493514366999 0.16271064551812
    vertex 0.532139165770964 -0.671782868848877 0.134747244265012
    vertex 0.528457714154954 -0.639493514366999 0.1326217571835
  endloop
endfacet
facet normal 0.483318909861134 0.25614707783338 0.837132908138287
  outer loop
    vertex 0.576247244265013 -0.671782868848878 0.0906391657709638
    vertex 0.604210645518121 -0.639493514367 0.0744944885300242
    vertex 0.574121757183501 -0.639493514366999 0.0869577141549534
  endloop
endfacet
facet normal 0.379464598687186 0.129428307995565 0.916108580591066
  outer loop
    vertex 0.604210645518121 -0.639493514367 0.0744944885300242
    vertex 0.576247244265013 -0.671782868848878 0.0906391657709638
    vertex 0.60531087859175 -0.671782868848879 0.0786006142609768
  endloop
endfacet
facet normal 0.259717654814481 0.963171666088712 -0.0696209840605653
  outer loop
    vertex 3.81281087859175 -0.759999025836975 0.203357099893976
    vertex 3.82874659321844 -0.761924010883705 0.203895358338895
    vertex 3.82813514844193 -0.762087673168448 0.199250974163023
  endloop
endfacet
facet normal 0.115098287752585 0.991441203717868 -0.0616175602153199
  outer loop
    vertex 3.82874659321844 -0.761924010883705 0.203895358338895
    vertex 3.81281087859175 -0.759999025836975 0.203357099893976
    vertex 3.81603659874689 -0.759999025836975 0.211144677240939
  endloop
endfacet
facet normal 0.259717654814481 0.963171666088712 -0.0696209840605653
  outer loop
    vertex 0.60531087859175 -0.759999025836975 0.203357099893976
    vertex 0.621246593218441 -0.761924010883705 0.203895358338895
    vertex 0.620635148441932 -0.762087673168448 0.199250974163024
  endloop
endfacet
facet normal 0.115098287752585 0.991441203717868 -0.0616175602153198
  outer loop
    vertex 0.621246593218441 -0.761924010883705 0.203895358338895
    vertex 0.60531087859175 -0.759999025836975 0.203357099893976
    vertex 0.608536598746892 -0.759999025836975 0.211144677240939
  endloop
endfacet
endsolid bracket-new
