solid Untitled-66ea7512
facet normal -0.999783582258489 2.55728775776771e-020 -0.0208035729234786
  outer loop
    vertex -1.94627499580383 0.0 2.38349936220117e-016
    vertex -1.9445903301239 -2.66700005531311 -0.0809621065855026
    vertex -1.94627499580383 -2.66700005531311 2.38349936220117e-016
  endloop
endfacet
facet normal -0.999783582258489 2.55728775776771e-020 -0.0208035729234786
  outer loop
    vertex -1.9445903301239 -2.66700005531311 -0.0809621065855026
    vertex -1.94627499580383 0.0 2.38349936220117e-016
    vertex -1.9445903301239 0.0 -0.0809621065855026
  endloop
endfacet
facet normal -0.999783582258489 0.0 0.0208035729234787
  outer loop
    vertex -1.9445903301239 0.0 0.0809621065855026
    vertex -1.94627499580383 -2.66700005531311 2.38349936220117e-016
    vertex -1.9445903301239 -2.66700005531311 0.0809621065855026
  endloop
endfacet
facet normal -0.999783582258489 0.0 0.0208035729234787
  outer loop
    vertex -1.94627499580383 -2.66700005531311 2.38349936220117e-016
    vertex -1.9445903301239 0.0 0.0809621065855026
    vertex -1.94627499580383 0.0 2.38349936220117e-016
  endloop
endfacet
facet normal -0.998052759625914 -7.66787787243166e-020 0.0623753877991804
  outer loop
    vertex -1.93953919410706 0.0 0.161784052848816
    vertex -1.9445903301239 -2.66700005531311 0.0809621065855026
    vertex -1.93953919410706 -2.66700005531311 0.161784052848816
  endloop
endfacet
facet normal -0.998052759625914 -7.66787787243166e-020 0.0623753877991804
  outer loop
    vertex -1.9445903301239 -2.66700005531311 0.0809621065855026
    vertex -1.93953919410706 0.0 0.161784052848816
    vertex -1.9445903301239 0.0 0.0809621065855026
  endloop
endfacet
facet normal -0.994594194461211 2.55513119579292e-032 0.103838279762594
  outer loop
    vertex -1.93113040924072 0.0 0.24232591688633
    vertex -1.93953919410706 -2.66700005531311 0.161784052848816
    vertex -1.93113040924072 -2.66700005531311 0.24232591688633
  endloop
endfacet
facet normal -0.994594194461211 2.55513119579292e-032 0.103838279762594
  outer loop
    vertex -1.93953919410706 -2.66700005531311 0.161784052848816
    vertex -1.93113040924072 0.0 0.24232591688633
    vertex -1.93953919410706 0.0 0.161784052848816
  endloop
endfacet
facet normal -0.989413621778826 -2.68764003035189e-032 0.145122999688218
  outer loop
    vertex -1.91937839984894 0.0 0.322448283433914
    vertex -1.93113040924072 -2.66700005531311 0.24232591688633
    vertex -1.91937839984894 -2.66700005531311 0.322448283433914
  endloop
endfacet
facet normal -0.989413621778826 -2.68764003035189e-032 0.145122999688218
  outer loop
    vertex -1.93113040924072 -2.66700005531311 0.24232591688633
    vertex -1.91937839984894 0.0 0.322448283433914
    vertex -1.93113040924072 0.0 0.24232591688633
  endloop
endfacet
facet normal -0.982520458685469 -2.45256503531039e-032 0.186154635355919
  outer loop
    vertex -1.9043036699295 0.0 0.402012407779694
    vertex -1.91937839984894 -2.66700005531311 0.322448283433914
    vertex -1.9043036699295 -2.66700005531311 0.402012407779694
  endloop
endfacet
facet normal -0.982520458685469 -2.45256503531039e-032 0.186154635355919
  outer loop
    vertex -1.91937839984894 -2.66700005531311 0.322448283433914
    vertex -1.9043036699295 0.0 0.402012407779694
    vertex -1.91937839984894 0.0 0.322448283433914
  endloop
endfacet
facet normal -0.97392616019388 -2.97228931815317e-033 0.226865234203049
  outer loop
    vertex -1.88593220710754 0.0 0.480880588293076
    vertex -1.9043036699295 -2.66700005531311 0.402012407779694
    vertex -1.88593220710754 -2.66700005531311 0.480880588293076
  endloop
endfacet
facet normal -0.97392616019388 -2.97228931815317e-033 0.226865234203049
  outer loop
    vertex -1.9043036699295 -2.66700005531311 0.402012407779694
    vertex -1.88593220710754 0.0 0.480880588293076
    vertex -1.9043036699295 0.0 0.402012407779694
  endloop
endfacet
facet normal -0.963645853240924 0.0 0.267182839141236
  outer loop
    vertex -1.86429584026337 0.0 0.55891627073288
    vertex -1.88593220710754 -2.66700005531311 0.480880588293076
    vertex -1.86429584026337 -2.66700005531311 0.55891627073288
  endloop
endfacet
facet normal -0.963645853240924 0.0 0.267182839141236
  outer loop
    vertex -1.88593220710754 -2.66700005531311 0.480880588293076
    vertex -1.86429584026337 0.0 0.55891627073288
    vertex -1.88593220710754 0.0 0.480880588293076
  endloop
endfacet
facet normal -0.951697198347545 -3.77427942916882e-019 0.307038177849976
  outer loop
    vertex -1.83943200111389 0.0 0.635984361171722
    vertex -1.86429584026337 -2.66700005531311 0.55891627073288
    vertex -1.83943200111389 -2.66700005531311 0.635984361171722
  endloop
endfacet
facet normal -0.951697198347545 -3.77427942916882e-019 0.307038177849976
  outer loop
    vertex -1.86429584026337 -2.66700005531311 0.55891627073288
    vertex -1.83943200111389 0.0 0.635984361171722
    vertex -1.86429584026337 0.0 0.55891627073288
  endloop
endfacet
facet normal -0.938101470744247 -4.25765130592828e-019 0.346360549987266
  outer loop
    vertex -1.81138384342194 0.0 0.711951494216919
    vertex -1.83943200111389 -2.66700005531311 0.635984361171722
    vertex -1.81138384342194 -2.66700005531311 0.711951494216919
  endloop
endfacet
facet normal -0.938101470744247 -4.25765130592828e-019 0.346360549987266
  outer loop
    vertex -1.83943200111389 -2.66700005531311 0.635984361171722
    vertex -1.81138384342194 0.0 0.711951494216919
    vertex -1.83943200111389 0.0 0.635984361171722
  endloop
endfacet
facet normal -0.922880945790335 1.04059540225807e-018 0.385085392993733
  outer loop
    vertex -1.78019976615906 0.0 0.786686062812805
    vertex -1.81138384342194 -2.66700005531311 0.711951494216919
    vertex -1.78019976615906 -2.66700005531311 0.786686062812805
  endloop
endfacet
facet normal -0.922880945790335 1.04059540225807e-018 0.385085392993733
  outer loop
    vertex -1.81138384342194 -2.66700005531311 0.711951494216919
    vertex -1.78019976615906 0.0 0.786686062812805
    vertex -1.81138384342194 0.0 0.711951494216919
  endloop
endfacet
facet normal -0.906063378157901 5.56891067041119e-019 0.42314200306882
  outer loop
    vertex -1.74593389034271 0.0 0.860058724880218
    vertex -1.78019976615906 -2.66700005531311 0.786686062812805
    vertex -1.74593389034271 -2.66700005531311 0.860058724880218
  endloop
endfacet
facet normal -0.906063378157901 5.56891067041119e-019 0.42314200306882
  outer loop
    vertex -1.78019976615906 -2.66700005531311 0.786686062812805
    vertex -1.74593389034271 0.0 0.860058724880218
    vertex -1.78019976615906 0.0 0.786686062812805
  endloop
endfacet
facet normal -0.887677674385489 5.45590716051354e-019 0.460465358520671
  outer loop
    vertex -1.7086455821991 0.0 0.931942522525787
    vertex -1.74593389034271 -2.66700005531311 0.860058724880218
    vertex -1.7086455821991 -2.66700005531311 0.931942522525787
  endloop
endfacet
facet normal -0.887677674385489 5.45590716051354e-019 0.460465358520671
  outer loop
    vertex -1.74593389034271 -2.66700005531311 0.860058724880218
    vertex -1.7086455821991 0.0 0.931942522525787
    vertex -1.74593389034271 0.0 0.860058724880218
  endloop
endfacet
facet normal -0.867753351916138 0.0 0.496995090758759
  outer loop
    vertex -1.66839909553528 0.0 1.00221288204193
    vertex -1.7086455821991 -2.66700005531311 0.931942522525787
    vertex -1.66839909553528 -2.66700005531311 1.00221288204193
  endloop
endfacet
facet normal -0.867753351916138 0.0 0.496995090758759
  outer loop
    vertex -1.7086455821991 -2.66700005531311 0.931942522525787
    vertex -1.66839909553528 0.0 1.00221288204193
    vertex -1.7086455821991 0.0 0.931942522525787
  endloop
endfacet
facet normal -0.846328921338779 6.54775281884303e-019 0.532660639530967
  outer loop
    vertex -1.62526440620422 0.0 1.0707483291626
    vertex -1.66839909553528 -2.66700005531311 1.00221288204193
    vertex -1.62526440620422 -2.66700005531311 1.0707483291626
  endloop
endfacet
facet normal -0.846328921338779 6.54775281884303e-019 0.532660639530967
  outer loop
    vertex -1.66839909553528 -2.66700005531311 1.00221288204193
    vertex -1.62526440620422 0.0 1.0707483291626
    vertex -1.66839909553528 0.0 1.00221288204193
  endloop
endfacet
facet normal -0.823438149176595 0.0 0.567406040222189
  outer loop
    vertex -1.57931613922119 0.0 1.13742995262146
    vertex -1.62526440620422 -2.66700005531311 1.0707483291626
    vertex -1.57931613922119 -2.66700005531311 1.13742995262146
  endloop
endfacet
facet normal -0.823438149176595 0.0 0.567406040222189
  outer loop
    vertex -1.62526440620422 -2.66700005531311 1.0707483291626
    vertex -1.57931613922119 0.0 1.13742995262146
    vertex -1.62526440620422 0.0 1.0707483291626
  endloop
endfacet
facet normal -0.799122074611573 7.38989203314939e-019 0.6011687865055
  outer loop
    vertex -1.53063368797302 0.0 1.20214259624481
    vertex -1.57931613922119 -2.66700005531311 1.13742995262146
    vertex -1.53063368797302 -2.66700005531311 1.20214259624481
  endloop
endfacet
facet normal -0.799122074611573 7.38989203314939e-019 0.6011687865055
  outer loop
    vertex -1.57931613922119 -2.66700005531311 1.13742995262146
    vertex -1.53063368797302 0.0 1.20214259624481
    vertex -1.57931613922119 0.0 1.13742995262146
  endloop
endfacet
facet normal -0.773422676957206 0.0 0.633890655214564
  outer loop
    vertex -1.47930145263672 0.0 1.26477408409119
    vertex -1.53063368797302 -2.66700005531311 1.20214259624481
    vertex -1.47930145263672 -2.66700005531311 1.26477408409119
  endloop
endfacet
facet normal -0.773422676957206 0.0 0.633890655214564
  outer loop
    vertex -1.53063368797302 -2.66700005531311 1.20214259624481
    vertex -1.47930145263672 0.0 1.26477408409119
    vertex -1.53063368797302 0.0 1.20214259624481
  endloop
endfacet
facet normal -0.746385075479159 4.58748461892609e-019 0.665514326744338
  outer loop
    vertex -1.42540836334229 0.0 1.32521605491638
    vertex -1.47930145263672 -2.66700005531311 1.26477408409119
    vertex -1.42540836334229 -2.66700005531311 1.32521605491638
  endloop
endfacet
facet normal -0.746385075479159 4.58748461892609e-019 0.665514326744338
  outer loop
    vertex -1.47930145263672 -2.66700005531311 1.26477408409119
    vertex -1.42540836334229 0.0 1.32521605491638
    vertex -1.47930145263672 0.0 1.26477408409119
  endloop
endfacet
facet normal -0.718053289604758 -4.27773133956893e-019 0.695988127260649
  outer loop
    vertex -1.36904752254486 0.0 1.38336372375488
    vertex -1.42540836334229 -2.66700005531311 1.32521605491638
    vertex -1.36904752254486 -2.66700005531311 1.38336372375488
  endloop
endfacet
facet normal -0.718053289604758 -4.27773133956893e-019 0.695988127260649
  outer loop
    vertex -1.42540836334229 -2.66700005531311 1.32521605491638
    vertex -1.36904752254486 0.0 1.38336372375488
    vertex -1.42540836334229 0.0 1.32521605491638
  endloop
endfacet
facet normal -0.688480569999419 -3.75260873914641e-032 0.725254786080916
  outer loop
    vertex -1.31031656265259 -2.66700005531311 1.43911671638489
    vertex -1.36904752254486 0.0 1.38336372375488
    vertex -1.36904752254486 -2.66700005531311 1.38336372375488
  endloop
endfacet
facet normal -0.688480569999419 -3.75260873914641e-032 0.725254786080916
  outer loop
    vertex -1.36904752254486 0.0 1.38336372375488
    vertex -1.31031656265259 -2.66700005531311 1.43911671638489
    vertex -1.31031656265259 0.0 1.43911671638489
  endloop
endfacet
facet normal -0.657714161900484 -2.83550509564826e-032 0.753267602672214
  outer loop
    vertex -1.24931728839874 -2.66700005531311 1.49237811565399
    vertex -1.31031656265259 0.0 1.43911671638489
    vertex -1.31031656265259 -2.66700005531311 1.43911671638489
  endloop
endfacet
facet normal -0.657714161900484 -2.83550509564826e-032 0.753267602672214
  outer loop
    vertex -1.31031656265259 0.0 1.43911671638489
    vertex -1.24931728839874 -2.66700005531311 1.49237811565399
    vertex -1.24931728839874 0.0 1.49237811565399
  endloop
endfacet
facet normal -0.625811400610324 2.01977657745338e-033 0.779974416802336
  outer loop
    vertex -1.18615520000458 -2.66700005531311 1.54305613040924
    vertex -1.24931728839874 0.0 1.49237811565399
    vertex -1.24931728839874 -2.66700005531311 1.49237811565399
  endloop
endfacet
facet normal -0.625811400610324 2.01977657745338e-033 0.779974416802336
  outer loop
    vertex -1.24931728839874 0.0 1.49237811565399
    vertex -1.18615520000458 -2.66700005531311 1.54305613040924
    vertex -1.18615520000458 0.0 1.54305613040924
  endloop
endfacet
facet normal -0.592823064088771 -4.94979288583652e-019 0.805332735386065
  outer loop
    vertex -1.1209397315979 -2.66700005531311 1.59106266498566
    vertex -1.18615520000458 0.0 1.54305613040924
    vertex -1.18615520000458 -2.66700005531311 1.54305613040924
  endloop
endfacet
facet normal -0.592823064088771 -4.94979288583652e-019 0.805332735386065
  outer loop
    vertex -1.18615520000458 0.0 1.54305613040924
    vertex -1.1209397315979 -2.66700005531311 1.59106266498566
    vertex -1.1209397315979 0.0 1.59106266498566
  endloop
endfacet
facet normal -0.558809710995676 7.3212810270706e-033 0.82929591033414
  outer loop
    vertex -1.05378365516663 -2.66700005531311 1.636314868927
    vertex -1.1209397315979 0.0 1.59106266498566
    vertex -1.1209397315979 -2.66700005531311 1.59106266498566
  endloop
endfacet
facet normal -0.558809710995676 7.3212810270706e-033 0.82929591033414
  outer loop
    vertex -1.1209397315979 0.0 1.59106266498566
    vertex -1.05378365516663 -2.66700005531311 1.636314868927
    vertex -1.05378365516663 0.0 1.636314868927
  endloop
endfacet
facet normal -0.523828329345334 -5.23553989096678e-019 0.851823855838328
  outer loop
    vertex -0.984803259372711 -2.66700005531311 1.67873430252075
    vertex -1.05378365516663 0.0 1.636314868927
    vertex -1.05378365516663 -2.66700005531311 1.636314868927
  endloop
endfacet
facet normal -0.523828329345334 -5.23553989096678e-019 0.851823855838328
  outer loop
    vertex -1.05378365516663 0.0 1.636314868927
    vertex -0.984803259372711 -2.66700005531311 1.67873430252075
    vertex -0.984803259372711 0.0 1.67873430252075
  endloop
endfacet
facet normal -0.487940294483883 0.0 0.8728770068108
  outer loop
    vertex -0.914117991924286 -2.66700005531311 1.71824753284454
    vertex -0.984803259372711 0.0 1.67873430252075
    vertex -0.984803259372711 -2.66700005531311 1.67873430252075
  endloop
endfacet
facet normal -0.487940294483883 0.0 0.8728770068108
  outer loop
    vertex -0.984803259372711 0.0 1.67873430252075
    vertex -0.914117991924286 -2.66700005531311 1.71824753284454
    vertex -0.914117991924286 0.0 1.71824753284454
  endloop
endfacet
facet normal -0.451207323475525 -5.91152149226381e-033 0.892419156698271
  outer loop
    vertex -0.841850221157074 -2.66700005531311 1.75478613376617
    vertex -0.914117991924286 0.0 1.71824753284454
    vertex -0.914117991924286 -2.66700005531311 1.71824753284454
  endloop
endfacet
facet normal -0.451207323475525 -5.91152149226381e-033 0.892419156698271
  outer loop
    vertex -0.914117991924286 0.0 1.71824753284454
    vertex -0.841850221157074 -2.66700005531311 1.75478613376617
    vertex -0.841850221157074 0.0 1.75478613376617
  endloop
endfacet
facet normal -0.413693971418731 1.06810132368256e-018 0.910416002721722
  outer loop
    vertex -0.768125057220459 -2.66700005531311 1.78828692436218
    vertex -0.841850221157074 0.0 1.75478613376617
    vertex -0.841850221157074 -2.66700005531311 1.75478613376617
  endloop
endfacet
facet normal -0.413693971418731 1.06810132368256e-018 0.910416002721722
  outer loop
    vertex -0.841850221157074 0.0 1.75478613376617
    vertex -0.768125057220459 -2.66700005531311 1.78828692436218
    vertex -0.768125057220459 0.0 1.78828692436218
  endloop
endfacet
facet normal -0.375464025058081 0.0 0.926836968342968
  outer loop
    vertex -0.69307017326355 -2.66700005531311 1.81869184970856
    vertex -0.768125057220459 0.0 1.78828692436218
    vertex -0.768125057220459 -2.66700005531311 1.78828692436218
  endloop
endfacet
facet normal -0.375464025058081 0.0 0.926836968342968
  outer loop
    vertex -0.768125057220459 0.0 1.78828692436218
    vertex -0.69307017326355 -2.66700005531311 1.81869184970856
    vertex -0.69307017326355 0.0 1.81869184970856
  endloop
endfacet
facet normal -0.336584302439008 -4.13747638086091e-019 0.941653337142521
  outer loop
    vertex -0.616815388202667 -2.66700005531311 1.84594833850861
    vertex -0.69307017326355 0.0 1.81869184970856
    vertex -0.69307017326355 -2.66700005531311 1.81869184970856
  endloop
endfacet
facet normal -0.336584302439008 -4.13747638086091e-019 0.941653337142521
  outer loop
    vertex -0.69307017326355 0.0 1.81869184970856
    vertex -0.616815388202667 -2.66700005531311 1.84594833850861
    vertex -0.616815388202667 0.0 1.84594833850861
  endloop
endfacet
facet normal -0.29712086573473 -3.6523704621111e-019 0.954839877228137
  outer loop
    vertex -0.539492845535278 -2.66700005531311 1.87000906467438
    vertex -0.616815388202667 0.0 1.84594833850861
    vertex -0.616815388202667 -2.66700005531311 1.84594833850861
  endloop
endfacet
facet normal -0.29712086573473 -3.6523704621111e-019 0.954839877228137
  outer loop
    vertex -0.616815388202667 0.0 1.84594833850861
    vertex -0.539492845535278 -2.66700005531311 1.87000906467438
    vertex -0.539492845535278 0.0 1.87000906467438
  endloop
endfacet
facet normal -0.257143197697758 -3.16094333355389e-019 0.9663733108265
  outer loop
    vertex -0.461236298084259 -2.66700005531311 1.89083242416382
    vertex -0.539492845535278 0.0 1.87000906467438
    vertex -0.539492845535278 -2.66700005531311 1.87000906467438
  endloop
endfacet
facet normal -0.257143197697758 -3.16094333355389e-019 0.9663733108265
  outer loop
    vertex -0.539492845535278 0.0 1.87000906467438
    vertex -0.461236298084259 -2.66700005531311 1.89083242416382
    vertex -0.461236298084259 0.0 1.89083242416382
  endloop
endfacet
facet normal -0.216722446687555 2.66406958932578e-019 0.976233261624372
  outer loop
    vertex -0.382181257009506 -2.66700005531311 1.90838253498077
    vertex -0.461236298084259 0.0 1.89083242416382
    vertex -0.461236298084259 -2.66700005531311 1.89083242416382
  endloop
endfacet
facet normal -0.216722446687555 2.66406958932578e-019 0.976233261624372
  outer loop
    vertex -0.461236298084259 0.0 1.89083242416382
    vertex -0.382181257009506 -2.66700005531311 1.90838253498077
    vertex -0.382181257009506 0.0 1.90838253498077
  endloop
endfacet
facet normal -0.1759235780643 -2.16254781878764e-019 0.984403827034949
  outer loop
    vertex -0.302464604377747 -2.66700005531311 1.92262876033783
    vertex -0.382181257009506 0.0 1.90838253498077
    vertex -0.382181257009506 -2.66700005531311 1.90838253498077
  endloop
endfacet
facet normal -0.1759235780643 -2.16254781878764e-019 0.984403827034949
  outer loop
    vertex -0.382181257009506 0.0 1.90838253498077
    vertex -0.302464604377747 -2.66700005531311 1.92262876033783
    vertex -0.302464604377747 0.0 1.92262876033783
  endloop
endfacet
facet normal -0.1348228172721 0.0 0.990869722992288
  outer loop
    vertex -0.222224339842796 -2.66700005531311 1.93354666233063
    vertex -0.302464604377747 0.0 1.92262876033783
    vertex -0.302464604377747 -2.66700005531311 1.92262876033783
  endloop
endfacet
facet normal -0.1348228172721 0.0 0.990869722992288
  outer loop
    vertex -0.302464604377747 0.0 1.92262876033783
    vertex -0.222224339842796 -2.66700005531311 1.93354666233063
    vertex -0.222224339842796 0.0 1.93354666233063
  endloop
endfacet
facet normal -0.0934865372148131 -2.60883719609991e-032 0.995620543861758
  outer loop
    vertex -0.141599357128143 -2.66700005531311 1.94111716747284
    vertex -0.222224339842796 0.0 1.93354666233063
    vertex -0.222224339842796 -2.66700005531311 1.93354666233063
  endloop
endfacet
facet normal -0.0934865372148131 -2.60883719609991e-032 0.995620543861758
  outer loop
    vertex -0.222224339842796 0.0 1.93354666233063
    vertex -0.141599357128143 -2.66700005531311 1.94111716747284
    vertex -0.141599357128143 0.0 1.94111716747284
  endloop
endfacet
facet normal -0.0519897989400689 1.27715186770468e-034 0.998647615931752
  outer loop
    vertex -0.0607292465865612 -2.66700005531311 1.9453272819519
    vertex -0.141599357128143 0.0 1.94111716747284
    vertex -0.141599357128143 -2.66700005531311 1.94111716747284
  endloop
endfacet
facet normal -0.0519897989400689 1.27715186770468e-034 0.998647615931752
  outer loop
    vertex -0.141599357128143 0.0 1.94111716747284
    vertex -0.0607292465865612 -2.66700005531311 1.9453272819519
    vertex -0.0607292465865612 0.0 1.9453272819519
  endloop
endfacet
facet normal -0.0104032585981705 -7.8599449126431e-032 0.999945884641034
  outer loop
    vertex 0.0202460028231144 -2.66700005531311 1.94616973400116
    vertex -0.0607292465865612 0.0 1.9453272819519
    vertex -0.0607292465865612 -2.66700005531311 1.9453272819519
  endloop
endfacet
facet normal -0.0104032585981705 -7.8599449126431e-032 0.999945884641034
  outer loop
    vertex -0.0607292465865612 0.0 1.9453272819519
    vertex 0.0202460028231144 -2.66700005531311 1.94616973400116
    vertex 0.0202460028231144 0.0 1.94616973400116
  endloop
endfacet
facet normal 0.0312038873075062 7.67529916657937e-020 0.999513040143499
  outer loop
    vertex 0.101186200976372 -2.66700005531311 1.94364285469055
    vertex 0.0202460028231144 0.0 1.94616973400116
    vertex 0.0202460028231144 -2.66700005531311 1.94616973400116
  endloop
endfacet
facet normal 0.0312038873075062 7.67529916657937e-020 0.999513040143499
  outer loop
    vertex 0.0202460028231144 0.0 1.94616973400116
    vertex 0.101186200976372 -2.66700005531311 1.94364285469055
    vertex 0.101186200976372 0.0 1.94364285469055
  endloop
endfacet
facet normal 0.0727536284655069 8.94326970142402e-020 0.997349943372487
  outer loop
    vertex 0.181951224803925 -2.66700005531311 1.93775129318237
    vertex 0.101186200976372 0.0 1.94364285469055
    vertex 0.101186200976372 -2.66700005531311 1.94364285469055
  endloop
endfacet
facet normal 0.0727536284655069 8.94326970142402e-020 0.997349943372487
  outer loop
    vertex 0.101186200976372 0.0 1.94364285469055
    vertex 0.181951224803925 -2.66700005531311 1.93775129318237
    vertex 0.181951224803925 0.0 1.93775129318237
  endloop
endfacet
facet normal 0.114179667362628 -2.65927365835993e-032 0.993460116743978
  outer loop
    vertex 0.262401282787323 -2.66700005531311 1.92850506305695
    vertex 0.181951224803925 0.0 1.93775129318237
    vertex 0.181951224803925 -2.66700005531311 1.93775129318237
  endloop
endfacet
facet normal 0.114179667362628 -2.65927365835993e-032 0.993460116743978
  outer loop
    vertex 0.181951224803925 0.0 1.93775129318237
    vertex 0.262401282787323 -2.66700005531311 1.92850506305695
    vertex 0.262401282787323 0.0 1.92850506305695
  endloop
endfacet
facet normal 0.155407085433031 -1.91034798930969e-019 0.987850513892264
  outer loop
    vertex 0.342397034168243 -2.66700005531311 1.91592025756836
    vertex 0.262401282787323 0.0 1.92850506305695
    vertex 0.262401282787323 -2.66700005531311 1.92850506305695
  endloop
endfacet
facet normal 0.155407085433031 -1.91034798930969e-019 0.987850513892264
  outer loop
    vertex 0.262401282787323 0.0 1.92850506305695
    vertex 0.342397034168243 -2.66700005531311 1.91592025756836
    vertex 0.342397034168243 0.0 1.91592025756836
  endloop
endfacet
facet normal 0.196365039435113 2.41382532341024e-019 0.980530861976127
  outer loop
    vertex 0.421800047159195 -2.66700005531311 1.9000186920166
    vertex 0.342397034168243 0.0 1.91592025756836
    vertex 0.342397034168243 -2.66700005531311 1.91592025756836
  endloop
endfacet
facet normal 0.196365039435113 2.41382532341024e-019 0.980530861976127
  outer loop
    vertex 0.342397034168243 0.0 1.91592025756836
    vertex 0.421800047159195 -2.66700005531311 1.9000186920166
    vertex 0.421800047159195 0.0 1.9000186920166
  endloop
endfacet
facet normal 0.236984392392321 2.91314039024007e-019 0.971513457324417
  outer loop
    vertex 0.500472843647003 -2.66700005531311 1.88082778453827
    vertex 0.421800047159195 0.0 1.9000186920166
    vertex 0.421800047159195 -2.66700005531311 1.9000186920166
  endloop
endfacet
facet normal 0.236984392392321 2.91314039024007e-019 0.971513457324417
  outer loop
    vertex 0.421800047159195 0.0 1.9000186920166
    vertex 0.500472843647003 -2.66700005531311 1.88082778453827
    vertex 0.500472843647003 0.0 1.88082778453827
  endloop
endfacet
facet normal 0.27719158163172 -5.39843415100611e-032 0.960814668431173
  outer loop
    vertex 0.578279256820679 -2.66700005531311 1.85838091373444
    vertex 0.500472843647003 0.0 1.88082778453827
    vertex 0.500472843647003 -2.66700005531311 1.88082778453827
  endloop
endfacet
facet normal 0.27719158163172 -5.39843415100611e-032 0.960814668431173
  outer loop
    vertex 0.500472843647003 0.0 1.88082778453827
    vertex 0.578279256820679 -2.66700005531311 1.85838091373444
    vertex 0.578279256820679 0.0 1.85838091373444
  endloop
endfacet
facet normal 0.316921697917706 3.89577300609292e-019 0.948451705354025
  outer loop
    vertex 0.655084550380707 -2.66700005531311 1.83271670341492
    vertex 0.578279256820679 0.0 1.85838091373444
    vertex 0.578279256820679 -2.66700005531311 1.85838091373444
  endloop
endfacet
facet normal 0.316921697917706 3.89577300609292e-019 0.948451705354025
  outer loop
    vertex 0.578279256820679 0.0 1.85838091373444
    vertex 0.655084550380707 -2.66700005531311 1.83271670341492
    vertex 0.655084550380707 0.0 1.83271670341492
  endloop
endfacet
facet normal 0.356100187756758 4.37737620378341e-019 0.934447781462186
  outer loop
    vertex 0.730755746364594 -2.66700005531311 1.80387985706329
    vertex 0.655084550380707 0.0 1.83271670341492
    vertex 0.655084550380707 -2.66700005531311 1.83271670341492
  endloop
endfacet
facet normal 0.356100187756758 4.37737620378341e-019 0.934447781462186
  outer loop
    vertex 0.655084550380707 0.0 1.83271670341492
    vertex 0.730755746364594 -2.66700005531311 1.80387985706329
    vertex 0.730755746364594 0.0 1.80387985706329
  endloop
endfacet
facet normal 0.39466430032641 -4.85142714362129e-019 0.918825386048875
  outer loop
    vertex 0.805161893367767 -2.66700005531311 1.77192008495331
    vertex 0.730755746364594 0.0 1.80387985706329
    vertex 0.730755746364594 -2.66700005531311 1.80387985706329
  endloop
endfacet
facet normal 0.39466430032641 -4.85142714362129e-019 0.918825386048875
  outer loop
    vertex 0.730755746364594 0.0 1.80387985706329
    vertex 0.805161893367767 -2.66700005531311 1.77192008495331
    vertex 0.805161893367767 0.0 1.77192008495331
  endloop
endfacet
facet normal 0.432544032088707 2.2449097402566e-020 0.90161281063683
  outer loop
    vertex 0.878174185752869 -2.66700005531311 1.7368928194046
    vertex 0.805161893367767 0.0 1.77192008495331
    vertex 0.805161893367767 -2.66700005531311 1.77192008495331
  endloop
endfacet
facet normal 0.432544032088707 2.2449097402566e-020 0.90161281063683
  outer loop
    vertex 0.805161893367767 0.0 1.77192008495331
    vertex 0.878174185752869 -2.66700005531311 1.7368928194046
    vertex 0.878174185752869 0.0 1.7368928194046
  endloop
endfacet
facet normal 0.469676154246035 -5.24197660818175e-032 0.882838779241519
  outer loop
    vertex 0.949666142463684 -2.66700005531311 1.69885861873627
    vertex 0.878174185752869 0.0 1.7368928194046
    vertex 0.878174185752869 -2.66700005531311 1.7368928194046
  endloop
endfacet
facet normal 0.469676154246035 -5.24197660818175e-032 0.882838779241519
  outer loop
    vertex 0.878174185752869 0.0 1.7368928194046
    vertex 0.949666142463684 -2.66700005531311 1.69885861873627
    vertex 0.949666142463684 0.0 1.69885861873627
  endloop
endfacet
facet normal 0.505993978426361 -5.30138583566811e-019 0.862537010102328
  outer loop
    vertex 1.0195140838623 -2.66700005531311 1.65788340568542
    vertex 0.949666142463684 0.0 1.69885861873627
    vertex 0.949666142463684 -2.66700005531311 1.69885861873627
  endloop
endfacet
facet normal 0.505993978426361 -5.30138583566811e-019 0.862537010102328
  outer loop
    vertex 0.949666142463684 0.0 1.69885861873627
    vertex 1.0195140838623 -2.66700005531311 1.65788340568542
    vertex 1.0195140838623 0.0 1.65788340568542
  endloop
endfacet
facet normal 0.541436330535404 -6.65562836144469e-019 0.840741755818252
  outer loop
    vertex 1.08759701251984 -2.66700005531311 1.61403810977936
    vertex 1.0195140838623 0.0 1.65788340568542
    vertex 1.0195140838623 -2.66700005531311 1.65788340568542
  endloop
endfacet
facet normal 0.541436330535404 -6.65562836144469e-019 0.840741755818252
  outer loop
    vertex 1.0195140838623 0.0 1.65788340568542
    vertex 1.08759701251984 -2.66700005531311 1.61403810977936
    vertex 1.08759701251984 0.0 1.61403810977936
  endloop
endfacet
facet normal 0.57594063162622 1.07104172554365e-032 0.817491522183558
  outer loop
    vertex 1.1537971496582 -2.66700005531311 1.56739866733551
    vertex 1.08759701251984 0.0 1.61403810977936
    vertex 1.08759701251984 -2.66700005531311 1.61403810977936
  endloop
endfacet
facet normal 0.57594063162622 1.07104172554365e-032 0.817491522183558
  outer loop
    vertex 1.08759701251984 0.0 1.61403810977936
    vertex 1.1537971496582 -2.66700005531311 1.56739866733551
    vertex 1.1537971496582 0.0 1.56739866733551
  endloop
endfacet
facet normal 0.609448854607163 -1.83719853016112e-032 0.792825386587751
  outer loop
    vertex 1.21799993515015 -2.66700005531311 1.51804566383362
    vertex 1.1537971496582 0.0 1.56739866733551
    vertex 1.1537971496582 -2.66700005531311 1.56739866733551
  endloop
endfacet
facet normal 0.609448854607163 -1.83719853016112e-032 0.792825386587751
  outer loop
    vertex 1.1537971496582 0.0 1.56739866733551
    vertex 1.21799993515015 -2.66700005531311 1.51804566383362
    vertex 1.21799993515015 0.0 1.51804566383362
  endloop
endfacet
facet normal 0.641901956601551 -8.40991937619136e-033 0.766786722701366
  outer loop
    vertex 1.28009402751923 -2.66700005531311 1.46606469154358
    vertex 1.21799993515015 0.0 1.51804566383362
    vertex 1.21799993515015 -2.66700005531311 1.51804566383362
  endloop
endfacet
facet normal 0.641901956601551 -8.40991937619136e-033 0.766786722701366
  outer loop
    vertex 1.21799993515015 0.0 1.51804566383362
    vertex 1.28009402751923 -2.66700005531311 1.46606469154358
    vertex 1.28009402751923 0.0 1.46606469154358
  endloop
endfacet
facet normal 0.673243232453789 4.54468208669269e-019 0.73942109109436
  outer loop
    vertex 1.33997201919556 -2.66700005531311 1.411545753479
    vertex 1.28009402751923 0.0 1.46606469154358
    vertex 1.28009402751923 -2.66700005531311 1.46606469154358
  endloop
endfacet
facet normal 0.673243232453789 4.54468208669269e-019 0.73942109109436
  outer loop
    vertex 1.28009402751923 0.0 1.46606469154358
    vertex 1.33997201919556 -2.66700005531311 1.411545753479
    vertex 1.33997201919556 0.0 1.411545753479
  endloop
endfacet
facet normal 0.703419941676832 4.32340928175285e-019 0.710774497046259
  outer loop
    vertex 1.39753031730652 -2.66700005531311 1.35458302497864
    vertex 1.33997201919556 0.0 1.411545753479
    vertex 1.33997201919556 -2.66700005531311 1.411545753479
  endloop
endfacet
facet normal 0.703419941676832 4.32340928175285e-019 0.710774497046259
  outer loop
    vertex 1.33997201919556 0.0 1.411545753479
    vertex 1.39753031730652 -2.66700005531311 1.35458302497864
    vertex 1.39753031730652 0.0 1.35458302497864
  endloop
endfacet
facet normal 0.73237695034207 -4.50138689173784e-019 0.680899407113598
  outer loop
    vertex 1.45266926288605 0.0 1.29527544975281
    vertex 1.39753031730652 -2.66700005531311 1.35458302497864
    vertex 1.45266926288605 -2.66700005531311 1.29527544975281
  endloop
endfacet
facet normal 0.73237695034207 -4.50138689173784e-019 0.680899407113598
  outer loop
    vertex 1.39753031730652 -2.66700005531311 1.35458302497864
    vertex 1.45266926288605 0.0 1.29527544975281
    vertex 1.39753031730652 0.0 1.35458302497864
  endloop
endfacet
facet normal 0.76006849934274 -2.6986003813281e-032 0.649842962804765
  outer loop
    vertex 1.50529336929321 0.0 1.23372530937195
    vertex 1.45266926288605 -2.66700005531311 1.29527544975281
    vertex 1.50529336929321 -2.66700005531311 1.23372530937195
  endloop
endfacet
facet normal 0.76006849934274 -2.6986003813281e-032 0.649842962804765
  outer loop
    vertex 1.45266926288605 -2.66700005531311 1.29527544975281
    vertex 1.50529336929321 0.0 1.23372530937195
    vertex 1.45266926288605 0.0 1.29527544975281
  endloop
endfacet
facet normal 0.78644209471338 -3.09108636103817e-032 0.617664011953773
  outer loop
    vertex 1.5553115606308 0.0 1.17003953456879
    vertex 1.50529336929321 -2.66700005531311 1.23372530937195
    vertex 1.5553115606308 -2.66700005531311 1.17003953456879
  endloop
endfacet
facet normal 0.78644209471338 -3.09108636103817e-032 0.617664011953773
  outer loop
    vertex 1.50529336929321 -2.66700005531311 1.23372530937195
    vertex 1.5553115606308 0.0 1.17003953456879
    vertex 1.50529336929321 0.0 1.23372530937195
  endloop
endfacet
facet normal 0.811455762667095 -4.9874266681772e-019 0.584413847572389
  outer loop
    vertex 1.6026371717453 0.0 1.10432815551758
    vertex 1.5553115606308 -2.66700005531311 1.17003953456879
    vertex 1.6026371717453 -2.66700005531311 1.10432815551758
  endloop
endfacet
facet normal 0.811455762667095 -4.9874266681772e-019 0.584413847572389
  outer loop
    vertex 1.5553115606308 -2.66700005531311 1.17003953456879
    vertex 1.6026371717453 0.0 1.10432815551758
    vertex 1.5553115606308 0.0 1.17003953456879
  endloop
endfacet
facet normal 0.835064523467549 -5.13253249974121e-019 0.55015201685163
  outer loop
    vertex 1.6471883058548 0.0 1.03670489788055
    vertex 1.6026371717453 -2.66700005531311 1.10432815551758
    vertex 1.6471883058548 -2.66700005531311 1.03670489788055
  endloop
endfacet
facet normal 0.835064523467549 -5.13253249974121e-019 0.55015201685163
  outer loop
    vertex 1.6026371717453 -2.66700005531311 1.10432815551758
    vertex 1.6471883058548 0.0 1.03670489788055
    vertex 1.6026371717453 0.0 1.10432815551758
  endloop
endfacet
facet normal 0.857226795518546 -2.92085296549162e-032 0.514939045951076
  outer loop
    vertex 1.68888783454895 0.0 0.967287063598633
    vertex 1.6471883058548 -2.66700005531311 1.03670489788055
    vertex 1.68888783454895 -2.66700005531311 0.967287063598633
  endloop
endfacet
facet normal 0.857226795518546 -2.92085296549162e-032 0.514939045951076
  outer loop
    vertex 1.6471883058548 -2.66700005531311 1.03670489788055
    vertex 1.68888783454895 0.0 0.967287063598633
    vertex 1.6471883058548 0.0 1.03670489788055
  endloop
endfacet
facet normal 0.877905530424744 5.39584491974006e-019 0.478833874793387
  outer loop
    vertex 1.72766363620758 0.0 0.896194577217102
    vertex 1.68888783454895 -2.66700005531311 0.967287063598633
    vertex 1.72766363620758 -2.66700005531311 0.896194577217102
  endloop
endfacet
facet normal 0.877905530424744 5.39584491974006e-019 0.478833874793387
  outer loop
    vertex 1.68888783454895 -2.66700005531311 0.967287063598633
    vertex 1.72766363620758 0.0 0.896194577217102
    vertex 1.68888783454895 0.0 0.967287063598633
  endloop
endfacet
facet normal 0.897064599099541 -5.43206690125497e-019 0.44189942865134
  outer loop
    vertex 1.76344847679138 0.0 0.823550641536713
    vertex 1.72766363620758 -2.66700005531311 0.896194577217102
    vertex 1.76344847679138 -2.66700005531311 0.823550641536713
  endloop
endfacet
facet normal 0.897064599099541 -5.43206690125497e-019 0.44189942865134
  outer loop
    vertex 1.72766363620758 -2.66700005531311 0.896194577217102
    vertex 1.76344847679138 0.0 0.823550641536713
    vertex 1.72766363620758 0.0 0.896194577217102
  endloop
endfacet
facet normal 0.91466986579393 5.62180847202904e-019 0.404201727616935
  outer loop
    vertex 1.79618060588837 0.0 0.749480962753296
    vertex 1.76344847679138 -2.66700005531311 0.823550641536713
    vertex 1.79618060588837 -2.66700005531311 0.749480962753296
  endloop
endfacet
facet normal 0.91466986579393 5.62180847202904e-019 0.404201727616935
  outer loop
    vertex 1.76344847679138 -2.66700005531311 0.823550641536713
    vertex 1.79618060588837 0.0 0.749480962753296
    vertex 1.76344847679138 0.0 0.823550641536713
  endloop
endfacet
facet normal 0.930693016785858 4.49662613756998e-019 0.365801187130439
  outer loop
    vertex 1.82580304145813 0.0 0.674113810062408
    vertex 1.79618060588837 -2.66700005531311 0.749480962753296
    vertex 1.82580304145813 -2.66700005531311 0.674113810062408
  endloop
endfacet
facet normal 0.930693016785858 4.49662613756998e-019 0.365801187130439
  outer loop
    vertex 1.79618060588837 -2.66700005531311 0.749480962753296
    vertex 1.82580304145813 0.0 0.674113810062408
    vertex 1.79618060588837 0.0 0.749480962753296
  endloop
endfacet
facet normal 0.945103851272912 4.01683512048424e-019 0.326770118445842
  outer loop
    vertex 1.85226476192474 0.0 0.597579658031464
    vertex 1.82580304145813 -2.66700005531311 0.674113810062408
    vertex 1.85226476192474 -2.66700005531311 0.597579658031464
  endloop
endfacet
facet normal 0.945103851272912 4.01683512048424e-019 0.326770118445842
  outer loop
    vertex 1.82580304145813 -2.66700005531311 0.674113810062408
    vertex 1.85226476192474 0.0 0.597579658031464
    vertex 1.82580304145813 0.0 0.674113810062408
  endloop
endfacet
facet normal 0.957878899761907 -3.53007909585414e-019 0.287172445389384
  outer loop
    vertex 1.87551987171173 0.0 0.520011007785797
    vertex 1.85226476192474 -2.66700005531311 0.597579658031464
    vertex 1.87551987171173 -2.66700005531311 0.520011007785797
  endloop
endfacet
facet normal 0.957878899761907 -3.53007909585414e-019 0.287172445389384
  outer loop
    vertex 1.85226476192474 -2.66700005531311 0.597579658031464
    vertex 1.87551987171173 0.0 0.520011007785797
    vertex 1.85226476192474 0.0 0.597579658031464
  endloop
endfacet
facet normal 0.968995507564079 3.03722066191368e-019 0.247078340452239
  outer loop
    vertex 1.89552819728851 0.0 0.441542059183121
    vertex 1.87551987171173 -2.66700005531311 0.520011007785797
    vertex 1.89552819728851 -2.66700005531311 0.441542059183121
  endloop
endfacet
facet normal 0.968995507564079 3.03722066191368e-019 0.247078340452239
  outer loop
    vertex 1.87551987171173 -2.66700005531311 0.520011007785797
    vertex 1.89552819728851 0.0 0.441542059183121
    vertex 1.87551987171173 0.0 0.520011007785797
  endloop
endfacet
facet normal 0.978435037074933 -2.70619064291022e-033 0.206554782622372
  outer loop
    vertex 1.91225492954254 0.0 0.362308740615845
    vertex 1.89552819728851 -2.66700005531311 0.441542059183121
    vertex 1.91225492954254 -2.66700005531311 0.362308740615845
  endloop
endfacet
facet normal 0.978435037074933 -2.70619064291022e-033 0.206554782622372
  outer loop
    vertex 1.89552819728851 -2.66700005531311 0.441542059183121
    vertex 1.91225492954254 0.0 0.362308740615845
    vertex 1.89552819728851 0.0 0.441542059183121
  endloop
endfacet
facet normal 0.986180661709794 0.0 0.165673481491859
  outer loop
    vertex 1.92567110061645 0.0 0.28244823217392
    vertex 1.91225492954254 -2.66700005531311 0.362308740615845
    vertex 1.92567110061645 -2.66700005531311 0.28244823217392
  endloop
endfacet
facet normal 0.986180661709794 0.0 0.165673481491859
  outer loop
    vertex 1.91225492954254 -2.66700005531311 0.362308740615845
    vertex 1.92567110061645 0.0 0.28244823217392
    vertex 1.91225492954254 0.0 0.362308740615845
  endloop
endfacet
facet normal 0.992218619872312 1.53051814666889e-019 0.124507872757846
  outer loop
    vertex 1.93575370311737 0.0 0.202098727226257
    vertex 1.92567110061645 -2.66700005531311 0.28244823217392
    vertex 1.93575370311737 -2.66700005531311 0.202098727226257
  endloop
endfacet
facet normal 0.992218619872312 1.53051814666889e-019 0.124507872757846
  outer loop
    vertex 1.92567110061645 -2.66700005531311 0.28244823217392
    vertex 1.93575370311737 0.0 0.202098727226257
    vertex 1.92567110061645 0.0 0.28244823217392
  endloop
endfacet
facet normal 0.996539048739149 -1.02182921648003e-019 0.0831259546596122
  outer loop
    vertex 1.94248521327972 0.0 0.121399350464344
    vertex 1.93575370311737 -2.66700005531311 0.202098727226257
    vertex 1.94248521327972 -2.66700005531311 0.121399350464344
  endloop
endfacet
facet normal 0.996539048739149 -1.02182921648003e-019 0.0831259546596122
  outer loop
    vertex 1.93575370311737 -2.66700005531311 0.202098727226257
    vertex 1.94248521327972 0.0 0.121399350464344
    vertex 1.93575370311737 0.0 0.202098727226257
  endloop
endfacet
facet normal 0.99913441550367 -2.62258633011065e-032 0.0415983143425339
  outer loop
    vertex 1.94585382938385 0.0 0.0404898151755333
    vertex 1.94248521327972 -2.66700005531311 0.121399350464344
    vertex 1.94585382938385 -2.66700005531311 0.0404898151755333
  endloop
endfacet
facet normal 0.99913441550367 -2.62258633011065e-032 0.0415983143425339
  outer loop
    vertex 1.94248521327972 -2.66700005531311 0.121399350464344
    vertex 1.94585382938385 0.0 0.0404898151755333
    vertex 1.94248521327972 0.0 0.121399350464344
  endloop
endfacet
facet normal 1.0 0.0 -0.0
  outer loop
    vertex 1.94585382938385 0.0 -0.0404898151755333
    vertex 1.94585382938385 -2.66700005531311 0.0404898151755333
    vertex 1.94585382938385 -2.66700005531311 -0.0404898151755333
  endloop
endfacet
facet normal 1.0 0.0 -0.0
  outer loop
    vertex 1.94585382938385 -2.66700005531311 0.0404898151755333
    vertex 1.94585382938385 0.0 -0.0404898151755333
    vertex 1.94585382938385 0.0 0.0404898151755333
  endloop
endfacet
facet normal 0.99913441550367 2.61463837019942e-032 -0.0415983143425339
  outer loop
    vertex 1.94248521327972 0.0 -0.121399350464344
    vertex 1.94585382938385 -2.66700005531311 -0.0404898151755333
    vertex 1.94248521327972 -2.66700005531311 -0.121399350464344
  endloop
endfacet
facet normal 0.99913441550367 2.61463837019942e-032 -0.0415983143425339
  outer loop
    vertex 1.94585382938385 -2.66700005531311 -0.0404898151755333
    vertex 1.94248521327972 0.0 -0.121399350464344
    vertex 1.94585382938385 0.0 -0.0404898151755333
  endloop
endfacet
facet normal 0.996539048739149 -1.02182921648003e-019 -0.0831259546596122
  outer loop
    vertex 1.93575370311737 0.0 -0.202098727226257
    vertex 1.94248521327972 -2.66700005531311 -0.121399350464344
    vertex 1.93575370311737 -2.66700005531311 -0.202098727226257
  endloop
endfacet
facet normal 0.996539048739149 -1.02182921648003e-019 -0.0831259546596122
  outer loop
    vertex 1.94248521327972 -2.66700005531311 -0.121399350464344
    vertex 1.93575370311737 0.0 -0.202098727226257
    vertex 1.94248521327972 0.0 -0.121399350464344
  endloop
endfacet
facet normal 0.992218619872312 -1.53051814666889e-019 -0.124507872757846
  outer loop
    vertex 1.92567110061645 0.0 -0.28244823217392
    vertex 1.93575370311737 -2.66700005531311 -0.202098727226257
    vertex 1.92567110061645 -2.66700005531311 -0.28244823217392
  endloop
endfacet
facet normal 0.992218619872312 -1.53051814666889e-019 -0.124507872757846
  outer loop
    vertex 1.93575370311737 -2.66700005531311 -0.202098727226257
    vertex 1.92567110061645 0.0 -0.28244823217392
    vertex 1.93575370311737 0.0 -0.202098727226257
  endloop
endfacet
facet normal 0.986180661709794 0.0 -0.165673481491859
  outer loop
    vertex 1.91225492954254 0.0 -0.362308740615845
    vertex 1.92567110061645 -2.66700005531311 -0.28244823217392
    vertex 1.91225492954254 -2.66700005531311 -0.362308740615845
  endloop
endfacet
facet normal 0.986180661709794 0.0 -0.165673481491859
  outer loop
    vertex 1.92567110061645 -2.66700005531311 -0.28244823217392
    vertex 1.91225492954254 0.0 -0.362308740615845
    vertex 1.92567110061645 0.0 -0.28244823217392
  endloop
endfacet
facet normal 0.978435037074933 0.0 -0.206554782622372
  outer loop
    vertex 1.89552819728851 0.0 -0.441542059183121
    vertex 1.91225492954254 -2.66700005531311 -0.362308740615845
    vertex 1.89552819728851 -2.66700005531311 -0.441542059183121
  endloop
endfacet
facet normal 0.978435037074933 0.0 -0.206554782622372
  outer loop
    vertex 1.91225492954254 -2.66700005531311 -0.362308740615845
    vertex 1.89552819728851 0.0 -0.441542059183121
    vertex 1.91225492954254 0.0 -0.362308740615845
  endloop
endfacet
facet normal 0.968995507564079 3.03722066191266e-019 -0.247078340452238
  outer loop
    vertex 1.87551987171173 0.0 -0.520011007785797
    vertex 1.89552819728851 -2.66700005531311 -0.441542059183121
    vertex 1.87551987171173 -2.66700005531311 -0.520011007785797
  endloop
endfacet
facet normal 0.968995507564079 3.03722066191266e-019 -0.247078340452238
  outer loop
    vertex 1.89552819728851 -2.66700005531311 -0.441542059183121
    vertex 1.87551987171173 0.0 -0.520011007785797
    vertex 1.89552819728851 0.0 -0.441542059183121
  endloop
endfacet
facet normal 0.957878899761907 -3.53007909585414e-019 -0.287172445389384
  outer loop
    vertex 1.85226476192474 0.0 -0.597579658031464
    vertex 1.87551987171173 -2.66700005531311 -0.520011007785797
    vertex 1.85226476192474 -2.66700005531311 -0.597579658031464
  endloop
endfacet
facet normal 0.957878899761907 -3.53007909585414e-019 -0.287172445389384
  outer loop
    vertex 1.87551987171173 -2.66700005531311 -0.520011007785797
    vertex 1.85226476192474 0.0 -0.597579658031464
    vertex 1.87551987171173 0.0 -0.520011007785797
  endloop
endfacet
facet normal 0.945103851272912 4.01683512048433e-019 -0.326770118445842
  outer loop
    vertex 1.82580304145813 0.0 -0.674113810062408
    vertex 1.85226476192474 -2.66700005531311 -0.597579658031464
    vertex 1.82580304145813 -2.66700005531311 -0.674113810062408
  endloop
endfacet
facet normal 0.945103851272912 4.01683512048433e-019 -0.326770118445842
  outer loop
    vertex 1.85226476192474 -2.66700005531311 -0.597579658031464
    vertex 1.82580304145813 0.0 -0.674113810062408
    vertex 1.85226476192474 0.0 -0.597579658031464
  endloop
endfacet
facet normal 0.930693016785858 -4.49662613756998e-019 -0.365801187130439
  outer loop
    vertex 1.79618060588837 0.0 -0.749480962753296
    vertex 1.82580304145813 -2.66700005531311 -0.674113810062408
    vertex 1.79618060588837 -2.66700005531311 -0.749480962753296
  endloop
endfacet
facet normal 0.930693016785858 -4.49662613756998e-019 -0.365801187130439
  outer loop
    vertex 1.82580304145813 -2.66700005531311 -0.674113810062408
    vertex 1.79618060588837 0.0 -0.749480962753296
    vertex 1.82580304145813 0.0 -0.674113810062408
  endloop
endfacet
facet normal 0.91466986579393 5.62180847202904e-019 -0.404201727616935
  outer loop
    vertex 1.76344847679138 0.0 -0.823550641536713
    vertex 1.79618060588837 -2.66700005531311 -0.749480962753296
    vertex 1.76344847679138 -2.66700005531311 -0.823550641536713
  endloop
endfacet
facet normal 0.91466986579393 5.62180847202904e-019 -0.404201727616935
  outer loop
    vertex 1.79618060588837 -2.66700005531311 -0.749480962753296
    vertex 1.76344847679138 0.0 -0.823550641536713
    vertex 1.79618060588837 0.0 -0.749480962753296
  endloop
endfacet
facet normal 0.897064599099541 -5.4320669012545e-019 -0.44189942865134
  outer loop
    vertex 1.72766363620758 0.0 -0.896194577217102
    vertex 1.76344847679138 -2.66700005531311 -0.823550641536713
    vertex 1.72766363620758 -2.66700005531311 -0.896194577217102
  endloop
endfacet
facet normal 0.897064599099541 -5.4320669012545e-019 -0.44189942865134
  outer loop
    vertex 1.76344847679138 -2.66700005531311 -0.823550641536713
    vertex 1.72766363620758 0.0 -0.896194577217102
    vertex 1.76344847679138 0.0 -0.823550641536713
  endloop
endfacet
facet normal 0.877905530424744 -5.39584491974006e-019 -0.478833874793387
  outer loop
    vertex 1.68888783454895 0.0 -0.967287063598633
    vertex 1.72766363620758 -2.66700005531311 -0.896194577217102
    vertex 1.68888783454895 -2.66700005531311 -0.967287063598633
  endloop
endfacet
facet normal 0.877905530424744 -5.39584491974006e-019 -0.478833874793387
  outer loop
    vertex 1.72766363620758 -2.66700005531311 -0.896194577217102
    vertex 1.68888783454895 0.0 -0.967287063598633
    vertex 1.72766363620758 0.0 -0.896194577217102
  endloop
endfacet
facet normal 0.857226795518546 -2.92085296549162e-032 -0.514939045951076
  outer loop
    vertex 1.6471883058548 0.0 -1.03670489788055
    vertex 1.68888783454895 -2.66700005531311 -0.967287063598633
    vertex 1.6471883058548 -2.66700005531311 -1.03670489788055
  endloop
endfacet
facet normal 0.857226795518546 -2.92085296549162e-032 -0.514939045951076
  outer loop
    vertex 1.68888783454895 -2.66700005531311 -0.967287063598633
    vertex 1.6471883058548 0.0 -1.03670489788055
    vertex 1.68888783454895 0.0 -0.967287063598633
  endloop
endfacet
facet normal 0.835064523467549 5.13253249974121e-019 -0.55015201685163
  outer loop
    vertex 1.6026371717453 0.0 -1.10432815551758
    vertex 1.6471883058548 -2.66700005531311 -1.03670489788055
    vertex 1.6026371717453 -2.66700005531311 -1.10432815551758
  endloop
endfacet
facet normal 0.835064523467549 5.13253249974121e-019 -0.55015201685163
  outer loop
    vertex 1.6471883058548 -2.66700005531311 -1.03670489788055
    vertex 1.6026371717453 0.0 -1.10432815551758
    vertex 1.6471883058548 0.0 -1.03670489788055
  endloop
endfacet
facet normal 0.811455762667095 2.19650458903521e-019 -0.584413847572389
  outer loop
    vertex 1.5553115606308 0.0 -1.17003953456879
    vertex 1.6026371717453 -2.66700005531311 -1.10432815551758
    vertex 1.5553115606308 -2.66700005531311 -1.17003953456879
  endloop
endfacet
facet normal 0.811455762667095 2.19650458903521e-019 -0.584413847572389
  outer loop
    vertex 1.6026371717453 -2.66700005531311 -1.10432815551758
    vertex 1.5553115606308 0.0 -1.17003953456879
    vertex 1.6026371717453 0.0 -1.10432815551758
  endloop
endfacet
facet normal 0.78644209471338 -3.09108636103817e-032 -0.617664011953773
  outer loop
    vertex 1.50529336929321 0.0 -1.23372530937195
    vertex 1.5553115606308 -2.66700005531311 -1.17003953456879
    vertex 1.50529336929321 -2.66700005531311 -1.23372530937195
  endloop
endfacet
facet normal 0.78644209471338 -3.09108636103817e-032 -0.617664011953773
  outer loop
    vertex 1.5553115606308 -2.66700005531311 -1.17003953456879
    vertex 1.50529336929321 0.0 -1.23372530937195
    vertex 1.5553115606308 0.0 -1.17003953456879
  endloop
endfacet
facet normal 0.76006849934274 4.67158664423507e-019 -0.649842962804765
  outer loop
    vertex 1.45266926288605 0.0 -1.29527544975281
    vertex 1.50529336929321 -2.66700005531311 -1.23372530937195
    vertex 1.45266926288605 -2.66700005531311 -1.29527544975281
  endloop
endfacet
facet normal 0.76006849934274 4.67158664423507e-019 -0.649842962804765
  outer loop
    vertex 1.50529336929321 -2.66700005531311 -1.23372530937195
    vertex 1.45266926288605 0.0 -1.29527544975281
    vertex 1.50529336929321 0.0 -1.23372530937195
  endloop
endfacet
facet normal 0.73237695034207 6.74436311937569e-034 -0.680899407113598
  outer loop
    vertex 1.39753031730652 0.0 -1.35458302497864
    vertex 1.45266926288605 -2.66700005531311 -1.29527544975281
    vertex 1.39753031730652 -2.66700005531311 -1.35458302497864
  endloop
endfacet
facet normal 0.73237695034207 6.74436311937569e-034 -0.680899407113598
  outer loop
    vertex 1.45266926288605 -2.66700005531311 -1.29527544975281
    vertex 1.39753031730652 0.0 -1.35458302497864
    vertex 1.45266926288605 0.0 -1.29527544975281
  endloop
endfacet
facet normal 0.703419941676832 4.32340928175285e-019 -0.710774497046259
  outer loop
    vertex 1.39753031730652 0.0 -1.35458302497864
    vertex 1.33997201919556 -2.66700005531311 -1.411545753479
    vertex 1.33997201919556 0.0 -1.411545753479
  endloop
endfacet
facet normal 0.703419941676832 4.32340928175285e-019 -0.710774497046259
  outer loop
    vertex 1.33997201919556 -2.66700005531311 -1.411545753479
    vertex 1.39753031730652 0.0 -1.35458302497864
    vertex 1.39753031730652 -2.66700005531311 -1.35458302497864
  endloop
endfacet
facet normal 0.673243232453788 4.54468208669269e-019 -0.73942109109436
  outer loop
    vertex 1.33997201919556 0.0 -1.411545753479
    vertex 1.28009402751923 -2.66700005531311 -1.46606469154358
    vertex 1.28009402751923 0.0 -1.46606469154358
  endloop
endfacet
facet normal 0.673243232453788 4.54468208669269e-019 -0.73942109109436
  outer loop
    vertex 1.28009402751923 -2.66700005531311 -1.46606469154358
    vertex 1.33997201919556 0.0 -1.411545753479
    vertex 1.33997201919556 -2.66700005531311 -1.411545753479
  endloop
endfacet
facet normal 0.641901956601551 8.40991937619136e-033 -0.766786722701366
  outer loop
    vertex 1.28009402751923 0.0 -1.46606469154358
    vertex 1.21799993515015 -2.66700005531311 -1.51804566383362
    vertex 1.21799993515015 0.0 -1.51804566383362
  endloop
endfacet
facet normal 0.641901956601551 8.40991937619136e-033 -0.766786722701366
  outer loop
    vertex 1.21799993515015 -2.66700005531311 -1.51804566383362
    vertex 1.28009402751923 0.0 -1.46606469154358
    vertex 1.28009402751923 -2.66700005531311 -1.46606469154358
  endloop
endfacet
facet normal 0.609448854607163 -1.83719853016112e-032 -0.792825386587751
  outer loop
    vertex 1.21799993515015 0.0 -1.51804566383362
    vertex 1.1537971496582 -2.66700005531311 -1.56739866733551
    vertex 1.1537971496582 0.0 -1.56739866733551
  endloop
endfacet
facet normal 0.609448854607163 -1.83719853016112e-032 -0.792825386587751
  outer loop
    vertex 1.1537971496582 -2.66700005531311 -1.56739866733551
    vertex 1.21799993515015 0.0 -1.51804566383362
    vertex 1.21799993515015 -2.66700005531311 -1.51804566383362
  endloop
endfacet
facet normal 0.57594063162622 7.07977390170555e-019 -0.817491522183558
  outer loop
    vertex 1.1537971496582 0.0 -1.56739866733551
    vertex 1.08759701251984 -2.66700005531311 -1.61403810977936
    vertex 1.08759701251984 0.0 -1.61403810977936
  endloop
endfacet
facet normal 0.57594063162622 7.07977390170555e-019 -0.817491522183558
  outer loop
    vertex 1.08759701251984 -2.66700005531311 -1.61403810977936
    vertex 1.1537971496582 0.0 -1.56739866733551
    vertex 1.1537971496582 -2.66700005531311 -1.56739866733551
  endloop
endfacet
facet normal 0.541436330535404 -6.65562836144469e-019 -0.840741755818252
  outer loop
    vertex 1.08759701251984 0.0 -1.61403810977936
    vertex 1.0195140838623 -2.66700005531311 -1.65788340568542
    vertex 1.0195140838623 0.0 -1.65788340568542
  endloop
endfacet
facet normal 0.541436330535404 -6.65562836144469e-019 -0.840741755818252
  outer loop
    vertex 1.0195140838623 -2.66700005531311 -1.65788340568542
    vertex 1.08759701251984 0.0 -1.61403810977936
    vertex 1.08759701251984 -2.66700005531311 -1.61403810977936
  endloop
endfacet
facet normal 0.505993978426361 -7.44328138521504e-032 -0.862537010102328
  outer loop
    vertex 1.0195140838623 0.0 -1.65788340568542
    vertex 0.949666142463684 -2.66700005531311 -1.69885861873627
    vertex 0.949666142463684 0.0 -1.69885861873627
  endloop
endfacet
facet normal 0.505993978426361 -7.44328138521504e-032 -0.862537010102328
  outer loop
    vertex 0.949666142463684 -2.66700005531311 -1.69885861873627
    vertex 1.0195140838623 0.0 -1.65788340568542
    vertex 1.0195140838623 -2.66700005531311 -1.65788340568542
  endloop
endfacet
facet normal 0.469676154246035 -6.15349205514359e-033 -0.882838779241519
  outer loop
    vertex 0.949666142463684 0.0 -1.69885861873627
    vertex 0.878174185752869 -2.66700005531311 -1.7368928194046
    vertex 0.878174185752869 0.0 -1.7368928194046
  endloop
endfacet
facet normal 0.469676154246035 -6.15349205514359e-033 -0.882838779241519
  outer loop
    vertex 0.878174185752869 -2.66700005531311 -1.7368928194046
    vertex 0.949666142463684 0.0 -1.69885861873627
    vertex 0.949666142463684 -2.66700005531311 -1.69885861873627
  endloop
endfacet
facet normal 0.432544032088707 -1.08586215824998e-018 -0.90161281063683
  outer loop
    vertex 0.878174185752869 0.0 -1.7368928194046
    vertex 0.805161893367767 -2.66700005531311 -1.77192008495331
    vertex 0.805161893367767 0.0 -1.77192008495331
  endloop
endfacet
facet normal 0.432544032088707 -1.08586215824998e-018 -0.90161281063683
  outer loop
    vertex 0.805161893367767 -2.66700005531311 -1.77192008495331
    vertex 0.878174185752869 0.0 -1.7368928194046
    vertex 0.878174185752869 -2.66700005531311 -1.7368928194046
  endloop
endfacet
facet normal 0.39466430032641 -4.85142714362177e-019 -0.918825386048875
  outer loop
    vertex 0.805161893367767 0.0 -1.77192008495331
    vertex 0.730755746364594 -2.66700005531311 -1.80387985706329
    vertex 0.730755746364594 0.0 -1.80387985706329
  endloop
endfacet
facet normal 0.39466430032641 -4.85142714362177e-019 -0.918825386048875
  outer loop
    vertex 0.730755746364594 -2.66700005531311 -1.80387985706329
    vertex 0.805161893367767 0.0 -1.77192008495331
    vertex 0.805161893367767 -2.66700005531311 -1.77192008495331
  endloop
endfacet
facet normal 0.356100187756758 4.37737620378292e-019 -0.934447781462186
  outer loop
    vertex 0.730755746364594 0.0 -1.80387985706329
    vertex 0.655084550380707 -2.66700005531311 -1.83271670341492
    vertex 0.655084550380707 0.0 -1.83271670341492
  endloop
endfacet
facet normal 0.356100187756758 4.37737620378292e-019 -0.934447781462186
  outer loop
    vertex 0.655084550380707 -2.66700005531311 -1.83271670341492
    vertex 0.730755746364594 0.0 -1.80387985706329
    vertex 0.730755746364594 -2.66700005531311 -1.80387985706329
  endloop
endfacet
facet normal 0.316921697917706 3.8957730060935e-019 -0.948451705354025
  outer loop
    vertex 0.655084550380707 0.0 -1.83271670341492
    vertex 0.578279256820679 -2.66700005531311 -1.85838091373444
    vertex 0.578279256820679 0.0 -1.85838091373444
  endloop
endfacet
facet normal 0.316921697917706 3.8957730060935e-019 -0.948451705354025
  outer loop
    vertex 0.578279256820679 -2.66700005531311 -1.85838091373444
    vertex 0.655084550380707 0.0 -1.83271670341492
    vertex 0.655084550380707 -2.66700005531311 -1.83271670341492
  endloop
endfacet
facet normal 0.27719158163172 0.0 -0.960814668431173
  outer loop
    vertex 0.578279256820679 0.0 -1.85838091373444
    vertex 0.500472843647003 -2.66700005531311 -1.88082778453827
    vertex 0.500472843647003 0.0 -1.88082778453827
  endloop
endfacet
facet normal 0.27719158163172 0.0 -0.960814668431173
  outer loop
    vertex 0.500472843647003 -2.66700005531311 -1.88082778453827
    vertex 0.578279256820679 0.0 -1.85838091373444
    vertex 0.578279256820679 -2.66700005531311 -1.85838091373444
  endloop
endfacet
facet normal 0.236984392392321 -2.91314039024007e-019 -0.971513457324417
  outer loop
    vertex 0.500472843647003 0.0 -1.88082778453827
    vertex 0.421800047159195 -2.66700005531311 -1.9000186920166
    vertex 0.421800047159195 0.0 -1.9000186920166
  endloop
endfacet
facet normal 0.236984392392321 -2.91314039024007e-019 -0.971513457324417
  outer loop
    vertex 0.421800047159195 -2.66700005531311 -1.9000186920166
    vertex 0.500472843647003 0.0 -1.88082778453827
    vertex 0.500472843647003 -2.66700005531311 -1.88082778453827
  endloop
endfacet
facet normal 0.196365039435113 -2.41382532341024e-019 -0.980530861976127
  outer loop
    vertex 0.421800047159195 0.0 -1.9000186920166
    vertex 0.342397034168243 -2.66700005531311 -1.91592025756836
    vertex 0.342397034168243 0.0 -1.91592025756836
  endloop
endfacet
facet normal 0.196365039435113 -2.41382532341024e-019 -0.980530861976127
  outer loop
    vertex 0.342397034168243 -2.66700005531311 -1.91592025756836
    vertex 0.421800047159195 0.0 -1.9000186920166
    vertex 0.421800047159195 -2.66700005531311 -1.9000186920166
  endloop
endfacet
facet normal 0.155407085433031 1.91034798930969e-019 -0.987850513892264
  outer loop
    vertex 0.342397034168243 0.0 -1.91592025756836
    vertex 0.262401282787323 -2.66700005531311 -1.92850506305695
    vertex 0.262401282787323 0.0 -1.92850506305695
  endloop
endfacet
facet normal 0.155407085433031 1.91034798930969e-019 -0.987850513892264
  outer loop
    vertex 0.262401282787323 -2.66700005531311 -1.92850506305695
    vertex 0.342397034168243 0.0 -1.91592025756836
    vertex 0.342397034168243 -2.66700005531311 -1.91592025756836
  endloop
endfacet
facet normal 0.114179667362628 -2.65927365835993e-032 -0.993460116743978
  outer loop
    vertex 0.262401282787323 0.0 -1.92850506305695
    vertex 0.181951224803925 -2.66700005531311 -1.93775129318237
    vertex 0.181951224803925 0.0 -1.93775129318237
  endloop
endfacet
facet normal 0.114179667362628 -2.65927365835993e-032 -0.993460116743978
  outer loop
    vertex 0.181951224803925 -2.66700005531311 -1.93775129318237
    vertex 0.262401282787323 0.0 -1.92850506305695
    vertex 0.262401282787323 -2.66700005531311 -1.92850506305695
  endloop
endfacet
facet normal 0.0727536284655069 8.94326970142401e-020 -0.997349943372487
  outer loop
    vertex 0.181951224803925 0.0 -1.93775129318237
    vertex 0.101186200976372 -2.66700005531311 -1.94364285469055
    vertex 0.101186200976372 0.0 -1.94364285469055
  endloop
endfacet
facet normal 0.0727536284655069 8.94326970142401e-020 -0.997349943372487
  outer loop
    vertex 0.101186200976372 -2.66700005531311 -1.94364285469055
    vertex 0.181951224803925 0.0 -1.93775129318237
    vertex 0.181951224803925 -2.66700005531311 -1.93775129318237
  endloop
endfacet
facet normal 0.0312038873075062 7.67529916657937e-020 -0.999513040143499
  outer loop
    vertex 0.101186200976372 0.0 -1.94364285469055
    vertex 0.0202460028231144 -2.66700005531311 -1.94616973400116
    vertex 0.0202460028231144 0.0 -1.94616973400116
  endloop
endfacet
facet normal 0.0312038873075062 7.67529916657937e-020 -0.999513040143499
  outer loop
    vertex 0.0202460028231144 -2.66700005531311 -1.94616973400116
    vertex 0.101186200976372 0.0 -1.94364285469055
    vertex 0.101186200976372 -2.66700005531311 -1.94364285469055
  endloop
endfacet
facet normal -0.0104032585981705 -2.62017094165222e-032 -0.999945884641034
  outer loop
    vertex 0.0202460028231144 0.0 -1.94616973400116
    vertex -0.0607292465865612 -2.66700005531311 -1.9453272819519
    vertex -0.0607292465865612 0.0 -1.9453272819519
  endloop
endfacet
facet normal -0.0104032585981705 -2.62017094165222e-032 -0.999945884641034
  outer loop
    vertex -0.0607292465865612 -2.66700005531311 -1.9453272819519
    vertex 0.0202460028231144 0.0 -1.94616973400116
    vertex 0.0202460028231144 -2.66700005531311 -1.94616973400116
  endloop
endfacet
facet normal -0.0519897989400689 1.28158063996279e-020 -0.998647615931752
  outer loop
    vertex -0.0607292465865612 0.0 -1.9453272819519
    vertex -0.141599357128143 -2.66700005531311 -1.94111716747284
    vertex -0.141599357128143 0.0 -1.94111716747284
  endloop
endfacet
facet normal -0.0519897989400689 1.28158063996279e-020 -0.998647615931752
  outer loop
    vertex -0.141599357128143 -2.66700005531311 -1.94111716747284
    vertex -0.0607292465865612 0.0 -1.9453272819519
    vertex -0.0607292465865612 -2.66700005531311 -1.9453272819519
  endloop
endfacet
facet normal -0.0934865372148131 2.60883719609991e-032 -0.995620543861758
  outer loop
    vertex -0.141599357128143 0.0 -1.94111716747284
    vertex -0.222224339842796 -2.66700005531311 -1.93354666233063
    vertex -0.222224339842796 0.0 -1.93354666233063
  endloop
endfacet
facet normal -0.0934865372148131 2.60883719609991e-032 -0.995620543861758
  outer loop
    vertex -0.222224339842796 -2.66700005531311 -1.93354666233063
    vertex -0.141599357128143 0.0 -1.94111716747284
    vertex -0.141599357128143 -2.66700005531311 -1.94111716747284
  endloop
endfacet
facet normal -0.1348228172721 -1.65731502634618e-019 -0.990869722992288
  outer loop
    vertex -0.222224339842796 0.0 -1.93354666233063
    vertex -0.302464604377747 -2.66700005531311 -1.92262876033783
    vertex -0.302464604377747 0.0 -1.92262876033783
  endloop
endfacet
facet normal -0.1348228172721 -1.65731502634618e-019 -0.990869722992288
  outer loop
    vertex -0.302464604377747 -2.66700005531311 -1.92262876033783
    vertex -0.222224339842796 0.0 -1.93354666233063
    vertex -0.222224339842796 -2.66700005531311 -1.93354666233063
  endloop
endfacet
facet normal -0.1759235780643 -2.1625478187876e-019 -0.984403827034949
  outer loop
    vertex -0.302464604377747 0.0 -1.92262876033783
    vertex -0.382181257009506 -2.66700005531311 -1.90838253498077
    vertex -0.382181257009506 0.0 -1.90838253498077
  endloop
endfacet
facet normal -0.1759235780643 -2.1625478187876e-019 -0.984403827034949
  outer loop
    vertex -0.382181257009506 -2.66700005531311 -1.90838253498077
    vertex -0.302464604377747 0.0 -1.92262876033783
    vertex -0.302464604377747 -2.66700005531311 -1.92262876033783
  endloop
endfacet
facet normal -0.216722446687555 -2.66406958932578e-019 -0.976233261624372
  outer loop
    vertex -0.382181257009506 0.0 -1.90838253498077
    vertex -0.461236298084259 -2.66700005531311 -1.89083242416382
    vertex -0.461236298084259 0.0 -1.89083242416382
  endloop
endfacet
facet normal -0.216722446687555 -2.66406958932578e-019 -0.976233261624372
  outer loop
    vertex -0.461236298084259 -2.66700005531311 -1.89083242416382
    vertex -0.382181257009506 0.0 -1.90838253498077
    vertex -0.382181257009506 -2.66700005531311 -1.90838253498077
  endloop
endfacet
facet normal -0.257143197697758 3.16094333355389e-019 -0.9663733108265
  outer loop
    vertex -0.461236298084259 0.0 -1.89083242416382
    vertex -0.539492845535278 -2.66700005531311 -1.87000906467438
    vertex -0.539492845535278 0.0 -1.87000906467438
  endloop
endfacet
facet normal -0.257143197697758 3.16094333355389e-019 -0.9663733108265
  outer loop
    vertex -0.539492845535278 -2.66700005531311 -1.87000906467438
    vertex -0.461236298084259 0.0 -1.89083242416382
    vertex -0.461236298084259 -2.66700005531311 -1.89083242416382
  endloop
endfacet
facet normal -0.29712086573473 -3.6523704621101e-019 -0.954839877228137
  outer loop
    vertex -0.539492845535278 0.0 -1.87000906467438
    vertex -0.616815388202667 -2.66700005531311 -1.84594833850861
    vertex -0.616815388202667 0.0 -1.84594833850861
  endloop
endfacet
facet normal -0.29712086573473 -3.6523704621101e-019 -0.954839877228137
  outer loop
    vertex -0.616815388202667 -2.66700005531311 -1.84594833850861
    vertex -0.539492845535278 0.0 -1.87000906467438
    vertex -0.539492845535278 -2.66700005531311 -1.87000906467438
  endloop
endfacet
facet normal -0.336584302439007 4.13747638086041e-019 -0.941653337142521
  outer loop
    vertex -0.616815388202667 0.0 -1.84594833850861
    vertex -0.69307017326355 -2.66700005531311 -1.81869184970856
    vertex -0.69307017326355 0.0 -1.81869184970856
  endloop
endfacet
facet normal -0.336584302439007 4.13747638086041e-019 -0.941653337142521
  outer loop
    vertex -0.69307017326355 -2.66700005531311 -1.81869184970856
    vertex -0.616815388202667 0.0 -1.84594833850861
    vertex -0.616815388202667 -2.66700005531311 -1.84594833850861
  endloop
endfacet
facet normal -0.375464025058081 -4.85720543361818e-032 -0.926836968342968
  outer loop
    vertex -0.69307017326355 0.0 -1.81869184970856
    vertex -0.768125057220459 -2.66700005531311 -1.78828692436218
    vertex -0.768125057220459 0.0 -1.78828692436218
  endloop
endfacet
facet normal -0.375464025058081 -4.85720543361818e-032 -0.926836968342968
  outer loop
    vertex -0.768125057220459 -2.66700005531311 -1.78828692436218
    vertex -0.69307017326355 0.0 -1.81869184970856
    vertex -0.69307017326355 -2.66700005531311 -1.81869184970856
  endloop
endfacet
facet normal -0.413693971418731 -5.10312920463593e-020 -0.910416002721722
  outer loop
    vertex -0.768125057220459 0.0 -1.78828692436218
    vertex -0.841850221157074 -2.66700005531311 -1.75478613376617
    vertex -0.841850221157074 0.0 -1.75478613376617
  endloop
endfacet
facet normal -0.413693971418731 -5.10312920463593e-020 -0.910416002721722
  outer loop
    vertex -0.841850221157074 -2.66700005531311 -1.75478613376617
    vertex -0.768125057220459 0.0 -1.78828692436218
    vertex -0.768125057220459 -2.66700005531311 -1.78828692436218
  endloop
endfacet
facet normal -0.451207323475525 -5.91152149226381e-033 -0.892419156698271
  outer loop
    vertex -0.841850221157074 0.0 -1.75478613376617
    vertex -0.914117991924286 -2.66700005531311 -1.71824753284454
    vertex -0.914117991924286 0.0 -1.71824753284454
  endloop
endfacet
facet normal -0.451207323475525 -5.91152149226381e-033 -0.892419156698271
  outer loop
    vertex -0.914117991924286 -2.66700005531311 -1.71824753284454
    vertex -0.841850221157074 0.0 -1.75478613376617
    vertex -0.841850221157074 -2.66700005531311 -1.75478613376617
  endloop
endfacet
facet normal -0.487940294483883 5.99802613808189e-019 -0.8728770068108
  outer loop
    vertex -0.914117991924286 0.0 -1.71824753284454
    vertex -0.984803259372711 -2.66700005531311 -1.67873430252075
    vertex -0.984803259372711 0.0 -1.67873430252075
  endloop
endfacet
facet normal -0.487940294483883 5.99802613808189e-019 -0.8728770068108
  outer loop
    vertex -0.984803259372711 -2.66700005531311 -1.67873430252075
    vertex -0.914117991924286 0.0 -1.71824753284454
    vertex -0.914117991924286 -2.66700005531311 -1.71824753284454
  endloop
endfacet
facet normal -0.523828329345334 5.23553989096575e-019 -0.851823855838328
  outer loop
    vertex -0.984803259372711 0.0 -1.67873430252075
    vertex -1.05378365516663 -2.66700005531311 -1.636314868927
    vertex -1.05378365516663 0.0 -1.636314868927
  endloop
endfacet
facet normal -0.523828329345334 5.23553989096575e-019 -0.851823855838328
  outer loop
    vertex -1.05378365516663 -2.66700005531311 -1.636314868927
    vertex -0.984803259372711 0.0 -1.67873430252075
    vertex -0.984803259372711 -2.66700005531311 -1.67873430252075
  endloop
endfacet
facet normal -0.558809710995676 7.32128102707059e-033 -0.82929591033414
  outer loop
    vertex -1.05378365516663 0.0 -1.636314868927
    vertex -1.1209397315979 -2.66700005531311 -1.59106266498566
    vertex -1.1209397315979 0.0 -1.59106266498566
  endloop
endfacet
facet normal -0.558809710995676 7.32128102707059e-033 -0.82929591033414
  outer loop
    vertex -1.1209397315979 -2.66700005531311 -1.59106266498566
    vertex -1.05378365516663 0.0 -1.636314868927
    vertex -1.05378365516663 -2.66700005531311 -1.636314868927
  endloop
endfacet
facet normal -0.592823064088771 4.94979288583652e-019 -0.805332735386065
  outer loop
    vertex -1.1209397315979 0.0 -1.59106266498566
    vertex -1.18615520000458 -2.66700005531311 -1.54305613040924
    vertex -1.18615520000458 0.0 -1.54305613040924
  endloop
endfacet
facet normal -0.592823064088771 4.94979288583652e-019 -0.805332735386065
  outer loop
    vertex -1.18615520000458 -2.66700005531311 -1.54305613040924
    vertex -1.1209397315979 0.0 -1.59106266498566
    vertex -1.1209397315979 -2.66700005531311 -1.59106266498566
  endloop
endfacet
facet normal -0.625811400610324 -2.24575455960365e-032 -0.779974416802336
  outer loop
    vertex -1.18615520000458 0.0 -1.54305613040924
    vertex -1.24931728839874 -2.66700005531311 -1.49237811565399
    vertex -1.24931728839874 0.0 -1.49237811565399
  endloop
endfacet
facet normal -0.625811400610324 -2.24575455960365e-032 -0.779974416802336
  outer loop
    vertex -1.24931728839874 -2.66700005531311 -1.49237811565399
    vertex -1.18615520000458 0.0 -1.54305613040924
    vertex -1.18615520000458 -2.66700005531311 -1.54305613040924
  endloop
endfacet
facet normal -0.657714161900484 -2.83550509564826e-032 -0.753267602672214
  outer loop
    vertex -1.24931728839874 0.0 -1.49237811565399
    vertex -1.31031656265259 -2.66700005531311 -1.43911671638489
    vertex -1.31031656265259 0.0 -1.43911671638489
  endloop
endfacet
facet normal -0.657714161900484 -2.83550509564826e-032 -0.753267602672214
  outer loop
    vertex -1.31031656265259 -2.66700005531311 -1.43911671638489
    vertex -1.24931728839874 0.0 -1.49237811565399
    vertex -1.24931728839874 -2.66700005531311 -1.49237811565399
  endloop
endfacet
facet normal -0.688480569999419 -4.45761214318639e-019 -0.725254786080916
  outer loop
    vertex -1.31031656265259 0.0 -1.43911671638489
    vertex -1.36904752254486 -2.66700005531311 -1.38336372375488
    vertex -1.36904752254486 0.0 -1.38336372375488
  endloop
endfacet
facet normal -0.688480569999419 -4.45761214318639e-019 -0.725254786080916
  outer loop
    vertex -1.36904752254486 -2.66700005531311 -1.38336372375488
    vertex -1.31031656265259 0.0 -1.43911671638489
    vertex -1.31031656265259 -2.66700005531311 -1.43911671638489
  endloop
endfacet
facet normal -0.718053289604758 4.27773133956874e-019 -0.695988127260649
  outer loop
    vertex -1.42540836334229 0.0 -1.32521605491638
    vertex -1.36904752254486 -2.66700005531311 -1.38336372375488
    vertex -1.42540836334229 -2.66700005531311 -1.32521605491638
  endloop
endfacet
facet normal -0.718053289604758 4.27773133956874e-019 -0.695988127260649
  outer loop
    vertex -1.36904752254486 -2.66700005531311 -1.38336372375488
    vertex -1.42540836334229 0.0 -1.32521605491638
    vertex -1.36904752254486 0.0 -1.38336372375488
  endloop
endfacet
facet normal -0.746385075479159 -4.58748461892644e-019 -0.665514326744339
  outer loop
    vertex -1.47930145263672 0.0 -1.26477408409119
    vertex -1.42540836334229 -2.66700005531311 -1.32521605491638
    vertex -1.47930145263672 -2.66700005531311 -1.26477408409119
  endloop
endfacet
facet normal -0.746385075479159 -4.58748461892644e-019 -0.665514326744339
  outer loop
    vertex -1.42540836334229 -2.66700005531311 -1.32521605491638
    vertex -1.47930145263672 0.0 -1.26477408409119
    vertex -1.42540836334229 0.0 -1.32521605491638
  endloop
endfacet
facet normal -0.773422676957206 0.0 -0.633890655214564
  outer loop
    vertex -1.53063368797302 0.0 -1.20214259624481
    vertex -1.47930145263672 -2.66700005531311 -1.26477408409119
    vertex -1.53063368797302 -2.66700005531311 -1.20214259624481
  endloop
endfacet
facet normal -0.773422676957206 0.0 -0.633890655214564
  outer loop
    vertex -1.47930145263672 -2.66700005531311 -1.26477408409119
    vertex -1.53063368797302 0.0 -1.20214259624481
    vertex -1.47930145263672 0.0 -1.26477408409119
  endloop
endfacet
facet normal -0.799122074611573 7.38989203314918e-019 -0.6011687865055
  outer loop
    vertex -1.57931613922119 0.0 -1.13742995262146
    vertex -1.53063368797302 -2.66700005531311 -1.20214259624481
    vertex -1.57931613922119 -2.66700005531311 -1.13742995262146
  endloop
endfacet
facet normal -0.799122074611573 7.38989203314918e-019 -0.6011687865055
  outer loop
    vertex -1.53063368797302 -2.66700005531311 -1.20214259624481
    vertex -1.57931613922119 0.0 -1.13742995262146
    vertex -1.53063368797302 0.0 -1.20214259624481
  endloop
endfacet
facet normal -0.823438149176595 -6.97486208585873e-019 -0.567406040222188
  outer loop
    vertex -1.62526440620422 0.0 -1.0707483291626
    vertex -1.57931613922119 -2.66700005531311 -1.13742995262146
    vertex -1.62526440620422 -2.66700005531311 -1.0707483291626
  endloop
endfacet
facet normal -0.823438149176595 -6.97486208585873e-019 -0.567406040222188
  outer loop
    vertex -1.57931613922119 -2.66700005531311 -1.13742995262146
    vertex -1.62526440620422 0.0 -1.0707483291626
    vertex -1.57931613922119 0.0 -1.13742995262146
  endloop
endfacet
facet normal -0.846328921338779 0.0 -0.532660639530967
  outer loop
    vertex -1.66839909553528 0.0 -1.00221288204193
    vertex -1.62526440620422 -2.66700005531311 -1.0707483291626
    vertex -1.66839909553528 -2.66700005531311 -1.00221288204193
  endloop
endfacet
facet normal -0.846328921338779 0.0 -0.532660639530967
  outer loop
    vertex -1.62526440620422 -2.66700005531311 -1.0707483291626
    vertex -1.66839909553528 0.0 -1.00221288204193
    vertex -1.62526440620422 0.0 -1.0707483291626
  endloop
endfacet
facet normal -0.867753351916138 -4.54757032782467e-032 -0.496995090758759
  outer loop
    vertex -1.7086455821991 0.0 -0.931942522525787
    vertex -1.66839909553528 -2.66700005531311 -1.00221288204193
    vertex -1.7086455821991 -2.66700005531311 -0.931942522525787
  endloop
endfacet
facet normal -0.867753351916138 -4.54757032782467e-032 -0.496995090758759
  outer loop
    vertex -1.66839909553528 -2.66700005531311 -1.00221288204193
    vertex -1.7086455821991 0.0 -0.931942522525787
    vertex -1.66839909553528 0.0 -1.00221288204193
  endloop
endfacet
facet normal -0.887677674385489 -5.45590716051446e-019 -0.460465358520672
  outer loop
    vertex -1.74593389034271 0.0 -0.860058724880218
    vertex -1.7086455821991 -2.66700005531311 -0.931942522525787
    vertex -1.74593389034271 -2.66700005531311 -0.860058724880218
  endloop
endfacet
facet normal -0.887677674385489 -5.45590716051446e-019 -0.460465358520672
  outer loop
    vertex -1.7086455821991 -2.66700005531311 -0.931942522525787
    vertex -1.74593389034271 0.0 -0.860058724880218
    vertex -1.7086455821991 0.0 -0.931942522525787
  endloop
endfacet
facet normal -0.906063378157901 -5.56891067041214e-019 -0.42314200306882
  outer loop
    vertex -1.78019976615906 0.0 -0.786686062812805
    vertex -1.74593389034271 -2.66700005531311 -0.860058724880218
    vertex -1.78019976615906 -2.66700005531311 -0.786686062812805
  endloop
endfacet
facet normal -0.906063378157901 -5.56891067041214e-019 -0.42314200306882
  outer loop
    vertex -1.74593389034271 -2.66700005531311 -0.860058724880218
    vertex -1.78019976615906 0.0 -0.786686062812805
    vertex -1.74593389034271 0.0 -0.860058724880218
  endloop
endfacet
facet normal -0.922880945790335 -9.38597960040789e-020 -0.385085392993733
  outer loop
    vertex -1.81138384342194 0.0 -0.711951494216919
    vertex -1.78019976615906 -2.66700005531311 -0.786686062812805
    vertex -1.81138384342194 -2.66700005531311 -0.711951494216919
  endloop
endfacet
facet normal -0.922880945790335 -9.38597960040789e-020 -0.385085392993733
  outer loop
    vertex -1.78019976615906 -2.66700005531311 -0.786686062812805
    vertex -1.81138384342194 0.0 -0.711951494216919
    vertex -1.78019976615906 0.0 -0.786686062812805
  endloop
endfacet
facet normal -0.938101470744247 4.25765130592779e-019 -0.346360549987266
  outer loop
    vertex -1.83943200111389 0.0 -0.635984361171722
    vertex -1.81138384342194 -2.66700005531311 -0.711951494216919
    vertex -1.83943200111389 -2.66700005531311 -0.635984361171722
  endloop
endfacet
facet normal -0.938101470744247 4.25765130592779e-019 -0.346360549987266
  outer loop
    vertex -1.81138384342194 -2.66700005531311 -0.711951494216919
    vertex -1.83943200111389 0.0 -0.635984361171722
    vertex -1.81138384342194 0.0 -0.711951494216919
  endloop
endfacet
facet normal -0.951697198347545 3.77427942916882e-019 -0.307038177849976
  outer loop
    vertex -1.86429584026337 0.0 -0.55891627073288
    vertex -1.83943200111389 -2.66700005531311 -0.635984361171722
    vertex -1.86429584026337 -2.66700005531311 -0.55891627073288
  endloop
endfacet
facet normal -0.951697198347545 3.77427942916882e-019 -0.307038177849976
  outer loop
    vertex -1.83943200111389 -2.66700005531311 -0.635984361171722
    vertex -1.86429584026337 0.0 -0.55891627073288
    vertex -1.83943200111389 0.0 -0.635984361171722
  endloop
endfacet
facet normal -0.963645853240924 -3.50051298764692e-033 -0.267182839141236
  outer loop
    vertex -1.88593220710754 0.0 -0.480880588293076
    vertex -1.86429584026337 -2.66700005531311 -0.55891627073288
    vertex -1.88593220710754 -2.66700005531311 -0.480880588293076
  endloop
endfacet
facet normal -0.963645853240924 -3.50051298764692e-033 -0.267182839141236
  outer loop
    vertex -1.86429584026337 -2.66700005531311 -0.55891627073288
    vertex -1.88593220710754 0.0 -0.480880588293076
    vertex -1.86429584026337 0.0 -0.55891627073288
  endloop
endfacet
facet normal -0.97392616019388 0.0 -0.226865234203049
  outer loop
    vertex -1.9043036699295 0.0 -0.402012407779694
    vertex -1.88593220710754 -2.66700005531311 -0.480880588293076
    vertex -1.9043036699295 -2.66700005531311 -0.402012407779694
  endloop
endfacet
facet normal -0.97392616019388 0.0 -0.226865234203049
  outer loop
    vertex -1.88593220710754 -2.66700005531311 -0.480880588293076
    vertex -1.9043036699295 0.0 -0.402012407779694
    vertex -1.88593220710754 0.0 -0.480880588293076
  endloop
endfacet
facet normal -0.982520458685469 2.33061919461408e-032 -0.186154635355919
  outer loop
    vertex -1.91937839984894 0.0 -0.322448283433914
    vertex -1.9043036699295 -2.66700005531311 -0.402012407779694
    vertex -1.91937839984894 -2.66700005531311 -0.322448283433914
  endloop
endfacet
facet normal -0.982520458685469 2.33061919461408e-032 -0.186154635355919
  outer loop
    vertex -1.9043036699295 -2.66700005531311 -0.402012407779694
    vertex -1.91937839984894 0.0 -0.322448283433914
    vertex -1.9043036699295 0.0 -0.402012407779694
  endloop
endfacet
facet normal -0.989413621778826 -2.59257311908475e-032 -0.145122999688218
  outer loop
    vertex -1.93113040924072 0.0 -0.24232591688633
    vertex -1.91937839984894 -2.66700005531311 -0.322448283433914
    vertex -1.93113040924072 -2.66700005531311 -0.24232591688633
  endloop
endfacet
facet normal -0.989413621778826 -2.59257311908475e-032 -0.145122999688218
  outer loop
    vertex -1.91937839984894 -2.66700005531311 -0.322448283433914
    vertex -1.93113040924072 0.0 -0.24232591688633
    vertex -1.91937839984894 0.0 -0.322448283433914
  endloop
endfacet
facet normal -0.994594194461211 1.27643632466996e-019 -0.103838279762594
  outer loop
    vertex -1.93953919410706 0.0 -0.161784052848816
    vertex -1.93113040924072 -2.66700005531311 -0.24232591688633
    vertex -1.93953919410706 -2.66700005531311 -0.161784052848816
  endloop
endfacet
facet normal -0.994594194461211 1.27643632466996e-019 -0.103838279762594
  outer loop
    vertex -1.93113040924072 -2.66700005531311 -0.24232591688633
    vertex -1.93953919410706 0.0 -0.161784052848816
    vertex -1.93113040924072 0.0 -0.24232591688633
  endloop
endfacet
facet normal -0.998052759625914 -5.2236105981368e-032 -0.0623753877991804
  outer loop
    vertex -1.9445903301239 0.0 -0.0809621065855026
    vertex -1.93953919410706 -2.66700005531311 -0.161784052848816
    vertex -1.9445903301239 -2.66700005531311 -0.0809621065855026
  endloop
endfacet
facet normal -0.998052759625914 -5.2236105981368e-032 -0.0623753877991804
  outer loop
    vertex -1.93953919410706 -2.66700005531311 -0.161784052848816
    vertex -1.9445903301239 0.0 -0.0809621065855026
    vertex -1.93953919410706 0.0 -0.161784052848816
  endloop
endfacet
facet normal 1.95214858547387e-031 -1.0 -3.58099199566331e-031
  outer loop
    vertex 1.79618060588837 -2.66700005531311 -0.749480962753296
    vertex 4.86031707212029e-017 -2.66700005531311 -0.793749988079071
    vertex 1.76344847679138 -2.66700005531311 -0.823550641536713
  endloop
endfacet
facet normal 1.95214858547387e-031 -1.0 -3.58099199566331e-031
  outer loop
    vertex 4.86031707212029e-017 -2.66700005531311 -0.793749988079071
    vertex 1.79618060588837 -2.66700005531311 -0.749480962753296
    vertex 0.0519137345254421 -2.66700005531311 -0.792050540447235
  endloop
endfacet
facet normal 1.95214858547387e-031 -1.0 -3.58099199566331e-031
  outer loop
    vertex 0.0519137345254421 -2.66700005531311 -0.792050540447235
    vertex 1.79618060588837 -2.66700005531311 -0.749480962753296
    vertex 0.103605166077614 -2.66700005531311 -0.7869593501091
  endloop
endfacet
facet normal 1.95214858547387e-031 -1.0 -3.58099199566331e-031
  outer loop
    vertex 0.103605166077614 -2.66700005531311 -0.7869593501091
    vertex 1.79618060588837 -2.66700005531311 -0.749480962753296
    vertex 0.154852941632271 -2.66700005531311 -0.778498291969299
  endloop
endfacet
facet normal 1.95214858547387e-031 -1.0 -3.58099199566331e-031
  outer loop
    vertex 0.154852941632271 -2.66700005531311 -0.778498291969299
    vertex 1.79618060588837 -2.66700005531311 -0.749480962753296
    vertex 0.205437615513802 -2.66700005531311 -0.766703605651855
  endloop
endfacet
facet normal 1.95214858547387e-031 -1.0 -3.58099199566331e-031
  outer loop
    vertex 0.205437615513802 -2.66700005531311 -0.766703605651855
    vertex 1.79618060588837 -2.66700005531311 -0.749480962753296
    vertex 0.255142569541931 -2.66700005531311 -0.751625776290894
  endloop
endfacet
facet normal 1.95214858547387e-031 -1.0 -3.58099199566331e-031
  outer loop
    vertex 0.255142569541931 -2.66700005531311 -0.751625776290894
    vertex 1.79618060588837 -2.66700005531311 -0.749480962753296
    vertex 0.303754985332489 -2.66700005531311 -0.733329355716705
  endloop
endfacet
facet normal 1.95214858547387e-031 -1.0 -3.58099199566331e-031
  outer loop
    vertex 0.303754985332489 -2.66700005531311 -0.733329355716705
    vertex 1.79618060588837 -2.66700005531311 -0.749480962753296
    vertex 1.82580304145813 -2.66700005531311 -0.674113810062408
  endloop
endfacet
facet normal 1.95214858547387e-031 -1.0 -3.58099199566331e-031
  outer loop
    vertex 0.303754985332489 -2.66700005531311 -0.733329355716705
    vertex 1.82580304145813 -2.66700005531311 -0.674113810062408
    vertex 0.351066648960114 -2.66700005531311 -0.71189272403717
  endloop
endfacet
facet normal 1.95214858547387e-031 -1.0 -3.58099199566331e-031
  outer loop
    vertex 0.351066648960114 -2.66700005531311 -0.71189272403717
    vertex 1.82580304145813 -2.66700005531311 -0.674113810062408
    vertex 0.396874994039535 -2.66700005531311 -0.687407672405243
  endloop
endfacet
facet normal 1.95214858547387e-031 -1.0 -3.58099199566331e-031
  outer loop
    vertex 0.396874994039535 -2.66700005531311 -0.687407672405243
    vertex 1.82580304145813 -2.66700005531311 -0.674113810062408
    vertex 0.440983861684799 -2.66700005531311 -0.659978985786438
  endloop
endfacet
facet normal 1.95214858547387e-031 -1.0 -3.58099199566331e-031
  outer loop
    vertex 0.440983861684799 -2.66700005531311 -0.659978985786438
    vertex 1.82580304145813 -2.66700005531311 -0.674113810062408
    vertex 1.85226476192474 -2.66700005531311 -0.597579658031464
  endloop
endfacet
facet normal 1.95214858547387e-031 -1.0 -3.58099199566331e-031
  outer loop
    vertex 0.440983861684799 -2.66700005531311 -0.659978985786438
    vertex 1.85226476192474 -2.66700005531311 -0.597579658031464
    vertex 0.483204394578934 -2.66700005531311 -0.629724204540253
  endloop
endfacet
facet normal 1.95214858547387e-031 -1.0 -3.58099199566331e-031
  outer loop
    vertex 0.483204394578934 -2.66700005531311 -0.629724204540253
    vertex 1.85226476192474 -2.66700005531311 -0.597579658031464
    vertex 0.523355722427368 -2.66700005531311 -0.596772849559784
  endloop
endfacet
facet normal 1.95214858547387e-031 -1.0 -3.58099199566331e-031
  outer loop
    vertex 0.523355722427368 -2.66700005531311 -0.596772849559784
    vertex 1.85226476192474 -2.66700005531311 -0.597579658031464
    vertex 1.87551987171173 -2.66700005531311 -0.520011007785797
  endloop
endfacet
facet normal 1.95214858547387e-031 -1.0 -3.58099199566331e-031
  outer loop
    vertex 0.523355722427368 -2.66700005531311 -0.596772849559784
    vertex 1.87551987171173 -2.66700005531311 -0.520011007785797
    vertex 0.561266005039215 -2.66700005531311 -0.561266005039215
  endloop
endfacet
facet normal 1.95214858547387e-031 -1.0 -3.58099199566331e-031
  outer loop
    vertex 0.561266005039215 -2.66700005531311 -0.561266005039215
    vertex 1.87551987171173 -2.66700005531311 -0.520011007785797
    vertex 0.596772849559784 -2.66700005531311 -0.523355722427368
  endloop
endfacet
facet normal 1.95214858547387e-031 -1.0 -3.58099199566331e-031
  outer loop
    vertex 0.596772849559784 -2.66700005531311 -0.523355722427368
    vertex 1.87551987171173 -2.66700005531311 -0.520011007785797
    vertex 0.629724204540253 -2.66700005531311 -0.483204394578934
  endloop
endfacet
facet normal 1.95214858547387e-031 -1.0 -3.58099199566331e-031
  outer loop
    vertex 0.629724204540253 -2.66700005531311 -0.483204394578934
    vertex 1.87551987171173 -2.66700005531311 -0.520011007785797
    vertex 1.89552819728851 -2.66700005531311 -0.441542059183121
  endloop
endfacet
facet normal 1.95214858547387e-031 -1.0 -3.58099199566331e-031
  outer loop
    vertex 0.629724204540253 -2.66700005531311 -0.483204394578934
    vertex 1.89552819728851 -2.66700005531311 -0.441542059183121
    vertex 0.659978985786438 -2.66700005531311 -0.440983861684799
  endloop
endfacet
facet normal 1.95214858547387e-031 -1.0 -3.58099199566331e-031
  outer loop
    vertex 0.659978985786438 -2.66700005531311 -0.440983861684799
    vertex 1.89552819728851 -2.66700005531311 -0.441542059183121
    vertex 1.91225492954254 -2.66700005531311 -0.362308740615845
  endloop
endfacet
facet normal 1.95214858547387e-031 -1.0 -3.58099199566331e-031
  outer loop
    vertex 0.659978985786438 -2.66700005531311 -0.440983861684799
    vertex 1.91225492954254 -2.66700005531311 -0.362308740615845
    vertex 0.687407672405243 -2.66700005531311 -0.396874994039535
  endloop
endfacet
facet normal 1.95214858547387e-031 -1.0 -3.58099199566331e-031
  outer loop
    vertex 0.687407672405243 -2.66700005531311 -0.396874994039535
    vertex 1.91225492954254 -2.66700005531311 -0.362308740615845
    vertex 0.71189272403717 -2.66700005531311 -0.351066648960114
  endloop
endfacet
facet normal 1.95214858547387e-031 -1.0 -3.58099199566331e-031
  outer loop
    vertex 0.71189272403717 -2.66700005531311 -0.351066648960114
    vertex 1.91225492954254 -2.66700005531311 -0.362308740615845
    vertex 1.92567110061645 -2.66700005531311 -0.28244823217392
  endloop
endfacet
facet normal 1.95214858547387e-031 -1.0 -3.58099199566331e-031
  outer loop
    vertex 0.71189272403717 -2.66700005531311 -0.351066648960114
    vertex 1.92567110061645 -2.66700005531311 -0.28244823217392
    vertex 0.733329355716705 -2.66700005531311 -0.303754985332489
  endloop
endfacet
facet normal 1.95214858547387e-031 -1.0 -3.58099199566331e-031
  outer loop
    vertex 0.733329355716705 -2.66700005531311 -0.303754985332489
    vertex 1.92567110061645 -2.66700005531311 -0.28244823217392
    vertex 0.751625776290894 -2.66700005531311 -0.255142569541931
  endloop
endfacet
facet normal 1.95214858547387e-031 -1.0 -3.58099199566331e-031
  outer loop
    vertex 0.751625776290894 -2.66700005531311 -0.255142569541931
    vertex 1.92567110061645 -2.66700005531311 -0.28244823217392
    vertex 1.93575370311737 -2.66700005531311 -0.202098727226257
  endloop
endfacet
facet normal 1.95214858547387e-031 -1.0 -3.58099199566331e-031
  outer loop
    vertex 0.751625776290894 -2.66700005531311 -0.255142569541931
    vertex 1.93575370311737 -2.66700005531311 -0.202098727226257
    vertex 0.766703605651855 -2.66700005531311 -0.205437615513802
  endloop
endfacet
facet normal 1.95214858547387e-031 -1.0 -3.58099199566331e-031
  outer loop
    vertex 0.766703605651855 -2.66700005531311 -0.205437615513802
    vertex 1.93575370311737 -2.66700005531311 -0.202098727226257
    vertex 0.778498291969299 -2.66700005531311 -0.154852941632271
  endloop
endfacet
facet normal 1.95214858547387e-031 -1.0 -3.58099199566331e-031
  outer loop
    vertex 0.778498291969299 -2.66700005531311 -0.154852941632271
    vertex 1.93575370311737 -2.66700005531311 -0.202098727226257
    vertex 1.94248521327972 -2.66700005531311 -0.121399350464344
  endloop
endfacet
facet normal 1.95214858547387e-031 -1.0 -3.58099199566331e-031
  outer loop
    vertex 0.778498291969299 -2.66700005531311 -0.154852941632271
    vertex 1.94248521327972 -2.66700005531311 -0.121399350464344
    vertex 0.7869593501091 -2.66700005531311 -0.103605166077614
  endloop
endfacet
facet normal 1.95214858547387e-031 -1.0 -3.58099199566331e-031
  outer loop
    vertex 0.7869593501091 -2.66700005531311 -0.103605166077614
    vertex 1.94248521327972 -2.66700005531311 -0.121399350464344
    vertex 1.94585382938385 -2.66700005531311 -0.0404898151755333
  endloop
endfacet
facet normal 1.95214858547387e-031 -1.0 -3.58099199566331e-031
  outer loop
    vertex 0.7869593501091 -2.66700005531311 -0.103605166077614
    vertex 1.94585382938385 -2.66700005531311 -0.0404898151755333
    vertex 0.792050540447235 -2.66700005531311 -0.0519137345254421
  endloop
endfacet
facet normal 1.95214858547387e-031 -1.0 -3.58099199566331e-031
  outer loop
    vertex 0.792050540447235 -2.66700005531311 -0.0519137345254421
    vertex 1.94585382938385 -2.66700005531311 -0.0404898151755333
    vertex 0.793749988079071 -2.66700005531311 0.0
  endloop
endfacet
facet normal 1.95214858547387e-031 -1.0 -3.58099199566331e-031
  outer loop
    vertex 0.793749988079071 -2.66700005531311 0.0
    vertex 1.94585382938385 -2.66700005531311 -0.0404898151755333
    vertex 1.94585382938385 -2.66700005531311 0.0404898151755333
  endloop
endfacet
facet normal 1.95214858547387e-031 -1.0 -3.58099199566331e-031
  outer loop
    vertex 0.793749988079071 -2.66700005531311 0.0
    vertex 1.94585382938385 -2.66700005531311 0.0404898151755333
    vertex 0.792050540447235 -2.66700005531311 0.0519137345254421
  endloop
endfacet
facet normal 1.95214858547387e-031 -1.0 -3.58099199566331e-031
  outer loop
    vertex 0.792050540447235 -2.66700005531311 0.0519137345254421
    vertex 1.94585382938385 -2.66700005531311 0.0404898151755333
    vertex 1.94248521327972 -2.66700005531311 0.121399350464344
  endloop
endfacet
facet normal 1.95214858547387e-031 -1.0 -3.58099199566331e-031
  outer loop
    vertex 0.792050540447235 -2.66700005531311 0.0519137345254421
    vertex 1.94248521327972 -2.66700005531311 0.121399350464344
    vertex 0.7869593501091 -2.66700005531311 0.103605166077614
  endloop
endfacet
facet normal 1.95214858547387e-031 -1.0 -3.58099199566331e-031
  outer loop
    vertex 0.7869593501091 -2.66700005531311 0.103605166077614
    vertex 1.94248521327972 -2.66700005531311 0.121399350464344
    vertex 0.778498291969299 -2.66700005531311 0.154852941632271
  endloop
endfacet
facet normal 1.95214858547387e-031 -1.0 -3.58099199566331e-031
  outer loop
    vertex 0.778498291969299 -2.66700005531311 0.154852941632271
    vertex 1.94248521327972 -2.66700005531311 0.121399350464344
    vertex 1.93575370311737 -2.66700005531311 0.202098727226257
  endloop
endfacet
facet normal 1.95214858547387e-031 -1.0 -3.58099199566331e-031
  outer loop
    vertex 0.778498291969299 -2.66700005531311 0.154852941632271
    vertex 1.93575370311737 -2.66700005531311 0.202098727226257
    vertex 0.766703605651855 -2.66700005531311 0.205437615513802
  endloop
endfacet
facet normal 1.95214858547387e-031 -1.0 -3.58099199566331e-031
  outer loop
    vertex 0.766703605651855 -2.66700005531311 0.205437615513802
    vertex 1.93575370311737 -2.66700005531311 0.202098727226257
    vertex 1.92567110061645 -2.66700005531311 0.28244823217392
  endloop
endfacet
facet normal 1.95214858547387e-031 -1.0 -3.58099199566331e-031
  outer loop
    vertex 0.766703605651855 -2.66700005531311 0.205437615513802
    vertex 1.92567110061645 -2.66700005531311 0.28244823217392
    vertex 0.751625776290894 -2.66700005531311 0.255142569541931
  endloop
endfacet
facet normal 1.95214858547387e-031 -1.0 -3.58099199566331e-031
  outer loop
    vertex 0.751625776290894 -2.66700005531311 0.255142569541931
    vertex 1.92567110061645 -2.66700005531311 0.28244823217392
    vertex 0.733329355716705 -2.66700005531311 0.303754985332489
  endloop
endfacet
facet normal 1.95214858547387e-031 -1.0 -3.58099199566331e-031
  outer loop
    vertex 0.733329355716705 -2.66700005531311 0.303754985332489
    vertex 1.92567110061645 -2.66700005531311 0.28244823217392
    vertex 1.91225492954254 -2.66700005531311 0.362308740615845
  endloop
endfacet
facet normal 1.95214858547387e-031 -1.0 -3.58099199566331e-031
  outer loop
    vertex 0.733329355716705 -2.66700005531311 0.303754985332489
    vertex 1.91225492954254 -2.66700005531311 0.362308740615845
    vertex 0.71189272403717 -2.66700005531311 0.351066648960114
  endloop
endfacet
facet normal 1.95214858547387e-031 -1.0 -3.58099199566331e-031
  outer loop
    vertex 0.71189272403717 -2.66700005531311 0.351066648960114
    vertex 1.91225492954254 -2.66700005531311 0.362308740615845
    vertex 0.687407672405243 -2.66700005531311 0.396874994039535
  endloop
endfacet
facet normal 1.95214858547387e-031 -1.0 -3.58099199566331e-031
  outer loop
    vertex 0.687407672405243 -2.66700005531311 0.396874994039535
    vertex 1.91225492954254 -2.66700005531311 0.362308740615845
    vertex 1.89552819728851 -2.66700005531311 0.441542059183121
  endloop
endfacet
facet normal 1.95214858547387e-031 -1.0 -3.58099199566331e-031
  outer loop
    vertex 0.687407672405243 -2.66700005531311 0.396874994039535
    vertex 1.89552819728851 -2.66700005531311 0.441542059183121
    vertex 0.659978985786438 -2.66700005531311 0.440983861684799
  endloop
endfacet
facet normal 1.95214858547387e-031 -1.0 -3.58099199566331e-031
  outer loop
    vertex 0.659978985786438 -2.66700005531311 0.440983861684799
    vertex 1.89552819728851 -2.66700005531311 0.441542059183121
    vertex 0.629724204540253 -2.66700005531311 0.483204394578934
  endloop
endfacet
facet normal 1.95214858547387e-031 -1.0 -3.58099199566331e-031
  outer loop
    vertex 0.629724204540253 -2.66700005531311 0.483204394578934
    vertex 1.89552819728851 -2.66700005531311 0.441542059183121
    vertex 1.87551987171173 -2.66700005531311 0.520011007785797
  endloop
endfacet
facet normal 1.95214858547387e-031 -1.0 -3.58099199566331e-031
  outer loop
    vertex 0.629724204540253 -2.66700005531311 0.483204394578934
    vertex 1.87551987171173 -2.66700005531311 0.520011007785797
    vertex 0.596772849559784 -2.66700005531311 0.523355722427368
  endloop
endfacet
facet normal 1.95214858547387e-031 -1.0 -3.58099199566331e-031
  outer loop
    vertex 0.596772849559784 -2.66700005531311 0.523355722427368
    vertex 1.87551987171173 -2.66700005531311 0.520011007785797
    vertex 1.85226476192474 -2.66700005531311 0.597579658031464
  endloop
endfacet
facet normal 1.95214858547387e-031 -1.0 -3.58099199566331e-031
  outer loop
    vertex 0.596772849559784 -2.66700005531311 0.523355722427368
    vertex 1.85226476192474 -2.66700005531311 0.597579658031464
    vertex 0.561266005039215 -2.66700005531311 0.561266005039215
  endloop
endfacet
facet normal 1.95214858547387e-031 -1.0 -3.58099199566331e-031
  outer loop
    vertex 0.561266005039215 -2.66700005531311 0.561266005039215
    vertex 1.85226476192474 -2.66700005531311 0.597579658031464
    vertex 0.523355722427368 -2.66700005531311 0.596772849559784
  endloop
endfacet
facet normal 1.95214858547387e-031 -1.0 -3.58099199566331e-031
  outer loop
    vertex 0.523355722427368 -2.66700005531311 0.596772849559784
    vertex 1.85226476192474 -2.66700005531311 0.597579658031464
    vertex 0.483204394578934 -2.66700005531311 0.629724204540253
  endloop
endfacet
facet normal 1.95214858547387e-031 -1.0 -3.58099199566331e-031
  outer loop
    vertex 0.483204394578934 -2.66700005531311 0.629724204540253
    vertex 1.85226476192474 -2.66700005531311 0.597579658031464
    vertex 1.82580304145813 -2.66700005531311 0.674113810062408
  endloop
endfacet
facet normal 1.95214858547387e-031 -1.0 -3.58099199566331e-031
  outer loop
    vertex 0.483204394578934 -2.66700005531311 0.629724204540253
    vertex 1.82580304145813 -2.66700005531311 0.674113810062408
    vertex 0.440983861684799 -2.66700005531311 0.659978985786438
  endloop
endfacet
facet normal 1.95214858547387e-031 -1.0 -3.58099199566331e-031
  outer loop
    vertex 0.440983861684799 -2.66700005531311 0.659978985786438
    vertex 1.82580304145813 -2.66700005531311 0.674113810062408
    vertex 0.396874994039535 -2.66700005531311 0.687407672405243
  endloop
endfacet
facet normal 1.95214858547387e-031 -1.0 -3.58099199566331e-031
  outer loop
    vertex 0.396874994039535 -2.66700005531311 0.687407672405243
    vertex 1.82580304145813 -2.66700005531311 0.674113810062408
    vertex 1.79618060588837 -2.66700005531311 0.749480962753296
  endloop
endfacet
facet normal 1.95214858547387e-031 -1.0 -3.58099199566331e-031
  outer loop
    vertex 0.396874994039535 -2.66700005531311 0.687407672405243
    vertex 1.79618060588837 -2.66700005531311 0.749480962753296
    vertex 0.351066648960114 -2.66700005531311 0.71189272403717
  endloop
endfacet
facet normal 1.95214858547387e-031 -1.0 -3.58099199566331e-031
  outer loop
    vertex 0.351066648960114 -2.66700005531311 0.71189272403717
    vertex 1.79618060588837 -2.66700005531311 0.749480962753296
    vertex 0.303754985332489 -2.66700005531311 0.733329355716705
  endloop
endfacet
facet normal 1.95214858547387e-031 -1.0 -3.58099199566331e-031
  outer loop
    vertex 0.303754985332489 -2.66700005531311 0.733329355716705
    vertex 1.79618060588837 -2.66700005531311 0.749480962753296
    vertex 0.255142569541931 -2.66700005531311 0.751625776290894
  endloop
endfacet
facet normal 1.95214858547387e-031 -1.0 -3.58099199566331e-031
  outer loop
    vertex 0.255142569541931 -2.66700005531311 0.751625776290894
    vertex 1.79618060588837 -2.66700005531311 0.749480962753296
    vertex 1.76344847679138 -2.66700005531311 0.823550641536713
  endloop
endfacet
facet normal 1.95214858547387e-031 -1.0 -3.58099199566331e-031
  outer loop
    vertex 0.255142569541931 -2.66700005531311 0.751625776290894
    vertex 1.76344847679138 -2.66700005531311 0.823550641536713
    vertex 0.205437615513802 -2.66700005531311 0.766703605651855
  endloop
endfacet
facet normal 1.95214858547387e-031 -1.0 -3.58099199566331e-031
  outer loop
    vertex 0.205437615513802 -2.66700005531311 0.766703605651855
    vertex 1.76344847679138 -2.66700005531311 0.823550641536713
    vertex 0.154852941632271 -2.66700005531311 0.778498291969299
  endloop
endfacet
facet normal 1.95214858547387e-031 -1.0 -3.58099199566331e-031
  outer loop
    vertex 0.154852941632271 -2.66700005531311 0.778498291969299
    vertex 1.76344847679138 -2.66700005531311 0.823550641536713
    vertex 0.103605166077614 -2.66700005531311 0.7869593501091
  endloop
endfacet
facet normal 1.95214858547387e-031 -1.0 -3.58099199566331e-031
  outer loop
    vertex 0.103605166077614 -2.66700005531311 0.7869593501091
    vertex 1.76344847679138 -2.66700005531311 0.823550641536713
    vertex 0.0519137345254421 -2.66700005531311 0.792050540447235
  endloop
endfacet
facet normal 1.95214858547387e-031 -1.0 -3.58099199566331e-031
  outer loop
    vertex 0.0519137345254421 -2.66700005531311 0.792050540447235
    vertex 1.76344847679138 -2.66700005531311 0.823550641536713
    vertex 4.86031707212029e-017 -2.66700005531311 0.793749988079071
  endloop
endfacet
facet normal 1.95214858547387e-031 -1.0 -3.58099199566331e-031
  outer loop
    vertex 0.101186200976372 -2.66700005531311 -1.94364285469055
    vertex -0.0607292465865612 -2.66700005531311 -1.9453272819519
    vertex 0.0202460028231144 -2.66700005531311 -1.94616973400116
  endloop
endfacet
facet normal 1.95214858547387e-031 -1.0 -3.58099199566331e-031
  outer loop
    vertex -0.0607292465865612 -2.66700005531311 -1.9453272819519
    vertex 0.101186200976372 -2.66700005531311 -1.94364285469055
    vertex -0.141599357128143 -2.66700005531311 -1.94111716747284
  endloop
endfacet
facet normal 1.95214858547387e-031 -1.0 -3.58099199566331e-031
  outer loop
    vertex -0.141599357128143 -2.66700005531311 -1.94111716747284
    vertex 0.101186200976372 -2.66700005531311 -1.94364285469055
    vertex 0.181951224803925 -2.66700005531311 -1.93775129318237
  endloop
endfacet
facet normal 1.95214858547387e-031 -1.0 -3.58099199566331e-031
  outer loop
    vertex -0.141599357128143 -2.66700005531311 -1.94111716747284
    vertex 0.181951224803925 -2.66700005531311 -1.93775129318237
    vertex -0.222224339842796 -2.66700005531311 -1.93354666233063
  endloop
endfacet
facet normal 1.95214858547387e-031 -1.0 -3.58099199566331e-031
  outer loop
    vertex -0.222224339842796 -2.66700005531311 -1.93354666233063
    vertex 0.181951224803925 -2.66700005531311 -1.93775129318237
    vertex 0.262401282787323 -2.66700005531311 -1.92850506305695
  endloop
endfacet
facet normal 1.95214858547387e-031 -1.0 -3.58099199566331e-031
  outer loop
    vertex -0.222224339842796 -2.66700005531311 -1.93354666233063
    vertex 0.262401282787323 -2.66700005531311 -1.92850506305695
    vertex -0.302464604377747 -2.66700005531311 -1.92262876033783
  endloop
endfacet
facet normal 1.95214858547387e-031 -1.0 -3.58099199566331e-031
  outer loop
    vertex -0.302464604377747 -2.66700005531311 -1.92262876033783
    vertex 0.262401282787323 -2.66700005531311 -1.92850506305695
    vertex 0.342397034168243 -2.66700005531311 -1.91592025756836
  endloop
endfacet
facet normal 1.95214858547387e-031 -1.0 -3.58099199566331e-031
  outer loop
    vertex -0.302464604377747 -2.66700005531311 -1.92262876033783
    vertex 0.342397034168243 -2.66700005531311 -1.91592025756836
    vertex -0.382181257009506 -2.66700005531311 -1.90838253498077
  endloop
endfacet
facet normal 1.95214858547387e-031 -1.0 -3.58099199566331e-031
  outer loop
    vertex -0.382181257009506 -2.66700005531311 -1.90838253498077
    vertex 0.342397034168243 -2.66700005531311 -1.91592025756836
    vertex 0.421800047159195 -2.66700005531311 -1.9000186920166
  endloop
endfacet
facet normal 1.95214858547387e-031 -1.0 -3.58099199566331e-031
  outer loop
    vertex -0.382181257009506 -2.66700005531311 -1.90838253498077
    vertex 0.421800047159195 -2.66700005531311 -1.9000186920166
    vertex -0.461236298084259 -2.66700005531311 -1.89083242416382
  endloop
endfacet
facet normal 1.95214858547387e-031 -1.0 -3.58099199566331e-031
  outer loop
    vertex -0.461236298084259 -2.66700005531311 -1.89083242416382
    vertex 0.421800047159195 -2.66700005531311 -1.9000186920166
    vertex 0.500472843647003 -2.66700005531311 -1.88082778453827
  endloop
endfacet
facet normal 1.95214858547387e-031 -1.0 -3.58099199566331e-031
  outer loop
    vertex -0.461236298084259 -2.66700005531311 -1.89083242416382
    vertex 0.500472843647003 -2.66700005531311 -1.88082778453827
    vertex -0.539492845535278 -2.66700005531311 -1.87000906467438
  endloop
endfacet
facet normal 1.95214858547387e-031 -1.0 -3.58099199566331e-031
  outer loop
    vertex -0.539492845535278 -2.66700005531311 -1.87000906467438
    vertex 0.500472843647003 -2.66700005531311 -1.88082778453827
    vertex 0.578279256820679 -2.66700005531311 -1.85838091373444
  endloop
endfacet
facet normal 1.95214858547387e-031 -1.0 -3.58099199566331e-031
  outer loop
    vertex -0.539492845535278 -2.66700005531311 -1.87000906467438
    vertex 0.578279256820679 -2.66700005531311 -1.85838091373444
    vertex -0.616815388202667 -2.66700005531311 -1.84594833850861
  endloop
endfacet
facet normal 1.95214858547387e-031 -1.0 -3.58099199566331e-031
  outer loop
    vertex -0.616815388202667 -2.66700005531311 -1.84594833850861
    vertex 0.578279256820679 -2.66700005531311 -1.85838091373444
    vertex 0.655084550380707 -2.66700005531311 -1.83271670341492
  endloop
endfacet
facet normal 1.95214858547387e-031 -1.0 -3.58099199566331e-031
  outer loop
    vertex -0.616815388202667 -2.66700005531311 -1.84594833850861
    vertex 0.655084550380707 -2.66700005531311 -1.83271670341492
    vertex -0.69307017326355 -2.66700005531311 -1.81869184970856
  endloop
endfacet
facet normal 1.95214858547387e-031 -1.0 -3.58099199566331e-031
  outer loop
    vertex -0.69307017326355 -2.66700005531311 -1.81869184970856
    vertex 0.655084550380707 -2.66700005531311 -1.83271670341492
    vertex 0.730755746364594 -2.66700005531311 -1.80387985706329
  endloop
endfacet
facet normal 1.95214858547387e-031 -1.0 -3.58099199566331e-031
  outer loop
    vertex -0.69307017326355 -2.66700005531311 -1.81869184970856
    vertex 0.730755746364594 -2.66700005531311 -1.80387985706329
    vertex -0.768125057220459 -2.66700005531311 -1.78828692436218
  endloop
endfacet
facet normal 1.95214858547387e-031 -1.0 -3.58099199566331e-031
  outer loop
    vertex -0.768125057220459 -2.66700005531311 -1.78828692436218
    vertex 0.730755746364594 -2.66700005531311 -1.80387985706329
    vertex 0.805161893367767 -2.66700005531311 -1.77192008495331
  endloop
endfacet
facet normal 1.95214858547387e-031 -1.0 -3.58099199566331e-031
  outer loop
    vertex -0.768125057220459 -2.66700005531311 -1.78828692436218
    vertex 0.805161893367767 -2.66700005531311 -1.77192008495331
    vertex -0.841850221157074 -2.66700005531311 -1.75478613376617
  endloop
endfacet
facet normal 1.95214858547387e-031 -1.0 -3.58099199566331e-031
  outer loop
    vertex -0.841850221157074 -2.66700005531311 -1.75478613376617
    vertex 0.805161893367767 -2.66700005531311 -1.77192008495331
    vertex 0.878174185752869 -2.66700005531311 -1.7368928194046
  endloop
endfacet
facet normal 1.95214858547387e-031 -1.0 -3.58099199566331e-031
  outer loop
    vertex -0.841850221157074 -2.66700005531311 -1.75478613376617
    vertex 0.878174185752869 -2.66700005531311 -1.7368928194046
    vertex -0.914117991924286 -2.66700005531311 -1.71824753284454
  endloop
endfacet
facet normal 1.95214858547387e-031 -1.0 -3.58099199566331e-031
  outer loop
    vertex -0.914117991924286 -2.66700005531311 -1.71824753284454
    vertex 0.878174185752869 -2.66700005531311 -1.7368928194046
    vertex 0.949666142463684 -2.66700005531311 -1.69885861873627
  endloop
endfacet
facet normal 1.95214858547387e-031 -1.0 -3.58099199566331e-031
  outer loop
    vertex -0.914117991924286 -2.66700005531311 -1.71824753284454
    vertex 0.949666142463684 -2.66700005531311 -1.69885861873627
    vertex -0.984803259372711 -2.66700005531311 -1.67873430252075
  endloop
endfacet
facet normal 1.95214858547387e-031 -1.0 -3.58099199566331e-031
  outer loop
    vertex -0.984803259372711 -2.66700005531311 -1.67873430252075
    vertex 0.949666142463684 -2.66700005531311 -1.69885861873627
    vertex 1.0195140838623 -2.66700005531311 -1.65788340568542
  endloop
endfacet
facet normal 1.95214858547387e-031 -1.0 -3.58099199566331e-031
  outer loop
    vertex -0.984803259372711 -2.66700005531311 -1.67873430252075
    vertex 1.0195140838623 -2.66700005531311 -1.65788340568542
    vertex -1.05378365516663 -2.66700005531311 -1.636314868927
  endloop
endfacet
facet normal 1.95214858547387e-031 -1.0 -3.58099199566331e-031
  outer loop
    vertex -1.05378365516663 -2.66700005531311 -1.636314868927
    vertex 1.0195140838623 -2.66700005531311 -1.65788340568542
    vertex 1.08759701251984 -2.66700005531311 -1.61403810977936
  endloop
endfacet
facet normal 1.95214858547387e-031 -1.0 -3.58099199566331e-031
  outer loop
    vertex -1.05378365516663 -2.66700005531311 -1.636314868927
    vertex 1.08759701251984 -2.66700005531311 -1.61403810977936
    vertex -1.1209397315979 -2.66700005531311 -1.59106266498566
  endloop
endfacet
facet normal 1.95214858547387e-031 -1.0 -3.58099199566331e-031
  outer loop
    vertex -1.1209397315979 -2.66700005531311 -1.59106266498566
    vertex 1.08759701251984 -2.66700005531311 -1.61403810977936
    vertex 1.1537971496582 -2.66700005531311 -1.56739866733551
  endloop
endfacet
facet normal 1.95214858547387e-031 -1.0 -3.58099199566331e-031
  outer loop
    vertex -1.1209397315979 -2.66700005531311 -1.59106266498566
    vertex 1.1537971496582 -2.66700005531311 -1.56739866733551
    vertex -1.18615520000458 -2.66700005531311 -1.54305613040924
  endloop
endfacet
facet normal 1.95214858547387e-031 -1.0 -3.58099199566331e-031
  outer loop
    vertex -1.18615520000458 -2.66700005531311 -1.54305613040924
    vertex 1.1537971496582 -2.66700005531311 -1.56739866733551
    vertex 1.21799993515015 -2.66700005531311 -1.51804566383362
  endloop
endfacet
facet normal 1.95214858547387e-031 -1.0 -3.58099199566331e-031
  outer loop
    vertex -1.18615520000458 -2.66700005531311 -1.54305613040924
    vertex 1.21799993515015 -2.66700005531311 -1.51804566383362
    vertex -1.24931728839874 -2.66700005531311 -1.49237811565399
  endloop
endfacet
facet normal 1.95214858547387e-031 -1.0 -3.58099199566331e-031
  outer loop
    vertex -1.24931728839874 -2.66700005531311 -1.49237811565399
    vertex 1.21799993515015 -2.66700005531311 -1.51804566383362
    vertex 1.28009402751923 -2.66700005531311 -1.46606469154358
  endloop
endfacet
facet normal 1.95214858547387e-031 -1.0 -3.58099199566331e-031
  outer loop
    vertex -1.24931728839874 -2.66700005531311 -1.49237811565399
    vertex 1.28009402751923 -2.66700005531311 -1.46606469154358
    vertex -1.31031656265259 -2.66700005531311 -1.43911671638489
  endloop
endfacet
facet normal 1.95214858547387e-031 -1.0 -3.58099199566331e-031
  outer loop
    vertex -1.31031656265259 -2.66700005531311 -1.43911671638489
    vertex 1.28009402751923 -2.66700005531311 -1.46606469154358
    vertex 1.33997201919556 -2.66700005531311 -1.411545753479
  endloop
endfacet
facet normal 1.95214858547387e-031 -1.0 -3.58099199566331e-031
  outer loop
    vertex -1.31031656265259 -2.66700005531311 -1.43911671638489
    vertex 1.33997201919556 -2.66700005531311 -1.411545753479
    vertex -1.36904752254486 -2.66700005531311 -1.38336372375488
  endloop
endfacet
facet normal 1.95214858547387e-031 -1.0 -3.58099199566331e-031
  outer loop
    vertex -1.36904752254486 -2.66700005531311 -1.38336372375488
    vertex 1.33997201919556 -2.66700005531311 -1.411545753479
    vertex 1.39753031730652 -2.66700005531311 -1.35458302497864
  endloop
endfacet
facet normal 1.95214858547387e-031 -1.0 -3.58099199566331e-031
  outer loop
    vertex -1.36904752254486 -2.66700005531311 -1.38336372375488
    vertex 1.39753031730652 -2.66700005531311 -1.35458302497864
    vertex -1.42540836334229 -2.66700005531311 -1.32521605491638
  endloop
endfacet
facet normal 1.95214858547387e-031 -1.0 -3.58099199566331e-031
  outer loop
    vertex -1.42540836334229 -2.66700005531311 -1.32521605491638
    vertex 1.39753031730652 -2.66700005531311 -1.35458302497864
    vertex 1.45266926288605 -2.66700005531311 -1.29527544975281
  endloop
endfacet
facet normal 1.95214858547387e-031 -1.0 -3.58099199566331e-031
  outer loop
    vertex -1.42540836334229 -2.66700005531311 -1.32521605491638
    vertex 1.45266926288605 -2.66700005531311 -1.29527544975281
    vertex -1.47930145263672 -2.66700005531311 -1.26477408409119
  endloop
endfacet
facet normal 1.95214858547387e-031 -1.0 -3.58099199566331e-031
  outer loop
    vertex -1.47930145263672 -2.66700005531311 -1.26477408409119
    vertex 1.45266926288605 -2.66700005531311 -1.29527544975281
    vertex 1.50529336929321 -2.66700005531311 -1.23372530937195
  endloop
endfacet
facet normal 1.95214858547387e-031 -1.0 -3.58099199566331e-031
  outer loop
    vertex -1.47930145263672 -2.66700005531311 -1.26477408409119
    vertex 1.50529336929321 -2.66700005531311 -1.23372530937195
    vertex -1.53063368797302 -2.66700005531311 -1.20214259624481
  endloop
endfacet
facet normal 1.95214858547387e-031 -1.0 -3.58099199566331e-031
  outer loop
    vertex -1.53063368797302 -2.66700005531311 -1.20214259624481
    vertex 1.50529336929321 -2.66700005531311 -1.23372530937195
    vertex 1.5553115606308 -2.66700005531311 -1.17003953456879
  endloop
endfacet
facet normal 1.95214858547387e-031 -1.0 -3.58099199566331e-031
  outer loop
    vertex -1.53063368797302 -2.66700005531311 -1.20214259624481
    vertex 1.5553115606308 -2.66700005531311 -1.17003953456879
    vertex -1.57931613922119 -2.66700005531311 -1.13742995262146
  endloop
endfacet
facet normal 1.95214858547387e-031 -1.0 -3.58099199566331e-031
  outer loop
    vertex -1.57931613922119 -2.66700005531311 -1.13742995262146
    vertex 1.5553115606308 -2.66700005531311 -1.17003953456879
    vertex 1.6026371717453 -2.66700005531311 -1.10432815551758
  endloop
endfacet
facet normal 1.95214858547387e-031 -1.0 -3.58099199566331e-031
  outer loop
    vertex -1.57931613922119 -2.66700005531311 -1.13742995262146
    vertex 1.6026371717453 -2.66700005531311 -1.10432815551758
    vertex -1.62526440620422 -2.66700005531311 -1.0707483291626
  endloop
endfacet
facet normal 1.95214858547387e-031 -1.0 -3.58099199566331e-031
  outer loop
    vertex -1.62526440620422 -2.66700005531311 -1.0707483291626
    vertex 1.6026371717453 -2.66700005531311 -1.10432815551758
    vertex 1.6471883058548 -2.66700005531311 -1.03670489788055
  endloop
endfacet
facet normal 1.95214858547387e-031 -1.0 -3.58099199566331e-031
  outer loop
    vertex -1.62526440620422 -2.66700005531311 -1.0707483291626
    vertex 1.6471883058548 -2.66700005531311 -1.03670489788055
    vertex -1.66839909553528 -2.66700005531311 -1.00221288204193
  endloop
endfacet
facet normal 1.95214858547387e-031 -1.0 -3.58099199566331e-031
  outer loop
    vertex -1.66839909553528 -2.66700005531311 -1.00221288204193
    vertex 1.6471883058548 -2.66700005531311 -1.03670489788055
    vertex 1.68888783454895 -2.66700005531311 -0.967287063598633
  endloop
endfacet
facet normal 1.95214858547387e-031 -1.0 -3.58099199566331e-031
  outer loop
    vertex -1.66839909553528 -2.66700005531311 -1.00221288204193
    vertex 1.68888783454895 -2.66700005531311 -0.967287063598633
    vertex -1.7086455821991 -2.66700005531311 -0.931942522525787
  endloop
endfacet
facet normal 1.95214858547387e-031 -1.0 -3.58099199566331e-031
  outer loop
    vertex -1.7086455821991 -2.66700005531311 -0.931942522525787
    vertex 1.68888783454895 -2.66700005531311 -0.967287063598633
    vertex 1.72766363620758 -2.66700005531311 -0.896194577217102
  endloop
endfacet
facet normal 1.95214858547387e-031 -1.0 -3.58099199566331e-031
  outer loop
    vertex -1.7086455821991 -2.66700005531311 -0.931942522525787
    vertex 1.72766363620758 -2.66700005531311 -0.896194577217102
    vertex -1.74593389034271 -2.66700005531311 -0.860058724880218
  endloop
endfacet
facet normal 1.95214858547387e-031 -1.0 -3.58099199566331e-031
  outer loop
    vertex -1.74593389034271 -2.66700005531311 -0.860058724880218
    vertex 1.72766363620758 -2.66700005531311 -0.896194577217102
    vertex 1.76344847679138 -2.66700005531311 -0.823550641536713
  endloop
endfacet
facet normal 1.95214858547387e-031 -1.0 -3.58099199566331e-031
  outer loop
    vertex -1.74593389034271 -2.66700005531311 -0.860058724880218
    vertex 1.76344847679138 -2.66700005531311 -0.823550641536713
    vertex -1.78019976615906 -2.66700005531311 -0.786686062812805
  endloop
endfacet
facet normal 1.95214858547387e-031 -1.0 -3.58099199566331e-031
  outer loop
    vertex -1.78019976615906 -2.66700005531311 -0.786686062812805
    vertex 1.76344847679138 -2.66700005531311 -0.823550641536713
    vertex 4.86031707212029e-017 -2.66700005531311 -0.793749988079071
  endloop
endfacet
facet normal 1.95214858547387e-031 -1.0 -3.58099199566331e-031
  outer loop
    vertex -1.78019976615906 -2.66700005531311 -0.786686062812805
    vertex 4.86031707212029e-017 -2.66700005531311 -0.793749988079071
    vertex -0.0519137345254421 -2.66700005531311 -0.792050540447235
  endloop
endfacet
facet normal 1.95214858547387e-031 -1.0 -3.58099199566331e-031
  outer loop
    vertex -1.78019976615906 -2.66700005531311 -0.786686062812805
    vertex -0.0519137345254421 -2.66700005531311 -0.792050540447235
    vertex -0.103605166077614 -2.66700005531311 -0.7869593501091
  endloop
endfacet
facet normal 1.95214858547387e-031 -1.0 -3.58099199566331e-031
  outer loop
    vertex -1.78019976615906 -2.66700005531311 -0.786686062812805
    vertex -0.103605166077614 -2.66700005531311 -0.7869593501091
    vertex -0.154852941632271 -2.66700005531311 -0.778498291969299
  endloop
endfacet
facet normal 1.95214858547387e-031 -1.0 -3.58099199566331e-031
  outer loop
    vertex -1.78019976615906 -2.66700005531311 -0.786686062812805
    vertex -0.154852941632271 -2.66700005531311 -0.778498291969299
    vertex -1.81138384342194 -2.66700005531311 -0.711951494216919
  endloop
endfacet
facet normal 1.95214858547387e-031 -1.0 -3.58099199566331e-031
  outer loop
    vertex -1.81138384342194 -2.66700005531311 -0.711951494216919
    vertex -0.154852941632271 -2.66700005531311 -0.778498291969299
    vertex -0.205437615513802 -2.66700005531311 -0.766703605651855
  endloop
endfacet
facet normal 1.95214858547387e-031 -1.0 -3.58099199566331e-031
  outer loop
    vertex -1.81138384342194 -2.66700005531311 -0.711951494216919
    vertex -0.205437615513802 -2.66700005531311 -0.766703605651855
    vertex -0.255142569541931 -2.66700005531311 -0.751625776290894
  endloop
endfacet
facet normal 1.95214858547387e-031 -1.0 -3.58099199566331e-031
  outer loop
    vertex -1.81138384342194 -2.66700005531311 -0.711951494216919
    vertex -0.255142569541931 -2.66700005531311 -0.751625776290894
    vertex -0.303754985332489 -2.66700005531311 -0.733329355716705
  endloop
endfacet
facet normal 1.95214858547387e-031 -1.0 -3.58099199566331e-031
  outer loop
    vertex -1.81138384342194 -2.66700005531311 -0.711951494216919
    vertex -0.303754985332489 -2.66700005531311 -0.733329355716705
    vertex -0.351066648960114 -2.66700005531311 -0.71189272403717
  endloop
endfacet
facet normal 1.95214858547387e-031 -1.0 -3.58099199566331e-031
  outer loop
    vertex -1.81138384342194 -2.66700005531311 -0.711951494216919
    vertex -0.351066648960114 -2.66700005531311 -0.71189272403717
    vertex -1.83943200111389 -2.66700005531311 -0.635984361171722
  endloop
endfacet
facet normal 1.95214858547387e-031 -1.0 -3.58099199566331e-031
  outer loop
    vertex -1.83943200111389 -2.66700005531311 -0.635984361171722
    vertex -0.351066648960114 -2.66700005531311 -0.71189272403717
    vertex -0.396874994039535 -2.66700005531311 -0.687407672405243
  endloop
endfacet
facet normal 1.95214858547387e-031 -1.0 -3.58099199566331e-031
  outer loop
    vertex -1.83943200111389 -2.66700005531311 -0.635984361171722
    vertex -0.396874994039535 -2.66700005531311 -0.687407672405243
    vertex -0.440983861684799 -2.66700005531311 -0.659978985786438
  endloop
endfacet
facet normal 1.95214858547387e-031 -1.0 -3.58099199566331e-031
  outer loop
    vertex -1.83943200111389 -2.66700005531311 -0.635984361171722
    vertex -0.440983861684799 -2.66700005531311 -0.659978985786438
    vertex -0.483204394578934 -2.66700005531311 -0.629724204540253
  endloop
endfacet
facet normal 1.95214858547387e-031 -1.0 -3.58099199566331e-031
  outer loop
    vertex -1.83943200111389 -2.66700005531311 -0.635984361171722
    vertex -0.483204394578934 -2.66700005531311 -0.629724204540253
    vertex -1.86429584026337 -2.66700005531311 -0.55891627073288
  endloop
endfacet
facet normal 1.95214858547387e-031 -1.0 -3.58099199566331e-031
  outer loop
    vertex -1.86429584026337 -2.66700005531311 -0.55891627073288
    vertex -0.483204394578934 -2.66700005531311 -0.629724204540253
    vertex -0.523355722427368 -2.66700005531311 -0.596772849559784
  endloop
endfacet
facet normal 1.95214858547387e-031 -1.0 -3.58099199566331e-031
  outer loop
    vertex -1.86429584026337 -2.66700005531311 -0.55891627073288
    vertex -0.523355722427368 -2.66700005531311 -0.596772849559784
    vertex -0.561266005039215 -2.66700005531311 -0.561266005039215
  endloop
endfacet
facet normal 1.95214858547387e-031 -1.0 -3.58099199566331e-031
  outer loop
    vertex -1.86429584026337 -2.66700005531311 -0.55891627073288
    vertex -0.561266005039215 -2.66700005531311 -0.561266005039215
    vertex -0.596772849559784 -2.66700005531311 -0.523355722427368
  endloop
endfacet
facet normal 1.95214858547387e-031 -1.0 -3.58099199566331e-031
  outer loop
    vertex -1.86429584026337 -2.66700005531311 -0.55891627073288
    vertex -0.596772849559784 -2.66700005531311 -0.523355722427368
    vertex -1.88593220710754 -2.66700005531311 -0.480880588293076
  endloop
endfacet
facet normal 1.95214858547387e-031 -1.0 -3.58099199566331e-031
  outer loop
    vertex -1.88593220710754 -2.66700005531311 -0.480880588293076
    vertex -0.596772849559784 -2.66700005531311 -0.523355722427368
    vertex -0.629724204540253 -2.66700005531311 -0.483204394578934
  endloop
endfacet
facet normal 1.95214858547387e-031 -1.0 -3.58099199566331e-031
  outer loop
    vertex -1.88593220710754 -2.66700005531311 -0.480880588293076
    vertex -0.629724204540253 -2.66700005531311 -0.483204394578934
    vertex -0.659978985786438 -2.66700005531311 -0.440983861684799
  endloop
endfacet
facet normal 1.95214858547387e-031 -1.0 -3.58099199566331e-031
  outer loop
    vertex -1.88593220710754 -2.66700005531311 -0.480880588293076
    vertex -0.659978985786438 -2.66700005531311 -0.440983861684799
    vertex -1.9043036699295 -2.66700005531311 -0.402012407779694
  endloop
endfacet
facet normal 1.95214858547387e-031 -1.0 -3.58099199566331e-031
  outer loop
    vertex -1.9043036699295 -2.66700005531311 -0.402012407779694
    vertex -0.659978985786438 -2.66700005531311 -0.440983861684799
    vertex -0.687407672405243 -2.66700005531311 -0.396874994039535
  endloop
endfacet
facet normal 1.95214858547387e-031 -1.0 -3.58099199566331e-031
  outer loop
    vertex -1.9043036699295 -2.66700005531311 -0.402012407779694
    vertex -0.687407672405243 -2.66700005531311 -0.396874994039535
    vertex -1.91937839984894 -2.66700005531311 -0.322448283433914
  endloop
endfacet
facet normal 1.95214858547387e-031 -1.0 -3.58099199566331e-031
  outer loop
    vertex -1.91937839984894 -2.66700005531311 -0.322448283433914
    vertex -0.687407672405243 -2.66700005531311 -0.396874994039535
    vertex -0.71189272403717 -2.66700005531311 -0.351066648960114
  endloop
endfacet
facet normal 1.95214858547387e-031 -1.0 -3.58099199566331e-031
  outer loop
    vertex -1.91937839984894 -2.66700005531311 -0.322448283433914
    vertex -0.71189272403717 -2.66700005531311 -0.351066648960114
    vertex -0.733329355716705 -2.66700005531311 -0.303754985332489
  endloop
endfacet
facet normal 1.95214858547387e-031 -1.0 -3.58099199566331e-031
  outer loop
    vertex -1.91937839984894 -2.66700005531311 -0.322448283433914
    vertex -0.733329355716705 -2.66700005531311 -0.303754985332489
    vertex -1.93113040924072 -2.66700005531311 -0.24232591688633
  endloop
endfacet
facet normal 1.95214858547387e-031 -1.0 -3.58099199566331e-031
  outer loop
    vertex -1.93113040924072 -2.66700005531311 -0.24232591688633
    vertex -0.733329355716705 -2.66700005531311 -0.303754985332489
    vertex -0.751625776290894 -2.66700005531311 -0.255142569541931
  endloop
endfacet
facet normal 1.95214858547387e-031 -1.0 -3.58099199566331e-031
  outer loop
    vertex -1.93113040924072 -2.66700005531311 -0.24232591688633
    vertex -0.751625776290894 -2.66700005531311 -0.255142569541931
    vertex -0.766703605651855 -2.66700005531311 -0.205437615513802
  endloop
endfacet
facet normal 1.95214858547387e-031 -1.0 -3.58099199566331e-031
  outer loop
    vertex -1.93113040924072 -2.66700005531311 -0.24232591688633
    vertex -0.766703605651855 -2.66700005531311 -0.205437615513802
    vertex -1.93953919410706 -2.66700005531311 -0.161784052848816
  endloop
endfacet
facet normal 1.95214858547387e-031 -1.0 -3.58099199566331e-031
  outer loop
    vertex -1.93953919410706 -2.66700005531311 -0.161784052848816
    vertex -0.766703605651855 -2.66700005531311 -0.205437615513802
    vertex -0.778498291969299 -2.66700005531311 -0.154852941632271
  endloop
endfacet
facet normal 1.95214858547387e-031 -1.0 -3.58099199566331e-031
  outer loop
    vertex -1.93953919410706 -2.66700005531311 -0.161784052848816
    vertex -0.778498291969299 -2.66700005531311 -0.154852941632271
    vertex -1.9445903301239 -2.66700005531311 -0.0809621065855026
  endloop
endfacet
facet normal 1.95214858547387e-031 -1.0 -3.58099199566331e-031
  outer loop
    vertex -1.9445903301239 -2.66700005531311 -0.0809621065855026
    vertex -0.778498291969299 -2.66700005531311 -0.154852941632271
    vertex -0.7869593501091 -2.66700005531311 -0.103605166077614
  endloop
endfacet
facet normal 1.95214858547387e-031 -1.0 -3.58099199566331e-031
  outer loop
    vertex -1.9445903301239 -2.66700005531311 -0.0809621065855026
    vertex -0.7869593501091 -2.66700005531311 -0.103605166077614
    vertex -0.792050540447235 -2.66700005531311 -0.0519137345254421
  endloop
endfacet
facet normal 1.95214858547387e-031 -1.0 -3.58099199566331e-031
  outer loop
    vertex -1.9445903301239 -2.66700005531311 -0.0809621065855026
    vertex -0.792050540447235 -2.66700005531311 -0.0519137345254421
    vertex -1.94627499580383 -2.66700005531311 2.38349936220117e-016
  endloop
endfacet
facet normal 1.95214858547387e-031 -1.0 -3.58099199566331e-031
  outer loop
    vertex -1.94627499580383 -2.66700005531311 2.38349936220117e-016
    vertex -0.792050540447235 -2.66700005531311 -0.0519137345254421
    vertex -0.793749988079071 -2.66700005531311 9.72063414424058e-017
  endloop
endfacet
facet normal 1.95214858547387e-031 -1.0 -3.58099199566331e-031
  outer loop
    vertex -1.94627499580383 -2.66700005531311 2.38349936220117e-016
    vertex -0.793749988079071 -2.66700005531311 9.72063414424058e-017
    vertex -0.792050540447235 -2.66700005531311 0.0519137345254421
  endloop
endfacet
facet normal 1.95214858547387e-031 -1.0 -3.58099199566331e-031
  outer loop
    vertex -1.94627499580383 -2.66700005531311 2.38349936220117e-016
    vertex -0.792050540447235 -2.66700005531311 0.0519137345254421
    vertex -1.9445903301239 -2.66700005531311 0.0809621065855026
  endloop
endfacet
facet normal 1.95214858547387e-031 -1.0 -3.58099199566331e-031
  outer loop
    vertex -1.9445903301239 -2.66700005531311 0.0809621065855026
    vertex -0.792050540447235 -2.66700005531311 0.0519137345254421
    vertex -0.7869593501091 -2.66700005531311 0.103605166077614
  endloop
endfacet
facet normal 1.95214858547387e-031 -1.0 -3.58099199566331e-031
  outer loop
    vertex -1.9445903301239 -2.66700005531311 0.0809621065855026
    vertex -0.7869593501091 -2.66700005531311 0.103605166077614
    vertex -1.93953919410706 -2.66700005531311 0.161784052848816
  endloop
endfacet
facet normal 1.95214858547387e-031 -1.0 -3.58099199566331e-031
  outer loop
    vertex -1.93953919410706 -2.66700005531311 0.161784052848816
    vertex -0.7869593501091 -2.66700005531311 0.103605166077614
    vertex -0.778498291969299 -2.66700005531311 0.154852941632271
  endloop
endfacet
facet normal 1.95214858547387e-031 -1.0 -3.58099199566331e-031
  outer loop
    vertex -1.93953919410706 -2.66700005531311 0.161784052848816
    vertex -0.778498291969299 -2.66700005531311 0.154852941632271
    vertex -0.766703605651855 -2.66700005531311 0.205437615513802
  endloop
endfacet
facet normal 1.95214858547387e-031 -1.0 -3.58099199566331e-031
  outer loop
    vertex -1.93953919410706 -2.66700005531311 0.161784052848816
    vertex -0.766703605651855 -2.66700005531311 0.205437615513802
    vertex -1.93113040924072 -2.66700005531311 0.24232591688633
  endloop
endfacet
facet normal 1.95214858547387e-031 -1.0 -3.58099199566331e-031
  outer loop
    vertex -1.93113040924072 -2.66700005531311 0.24232591688633
    vertex -0.766703605651855 -2.66700005531311 0.205437615513802
    vertex -0.751625776290894 -2.66700005531311 0.255142569541931
  endloop
endfacet
facet normal 1.95214858547387e-031 -1.0 -3.58099199566331e-031
  outer loop
    vertex -1.93113040924072 -2.66700005531311 0.24232591688633
    vertex -0.751625776290894 -2.66700005531311 0.255142569541931
    vertex -1.91937839984894 -2.66700005531311 0.322448283433914
  endloop
endfacet
facet normal 1.95214858547387e-031 -1.0 -3.58099199566331e-031
  outer loop
    vertex -1.91937839984894 -2.66700005531311 0.322448283433914
    vertex -0.751625776290894 -2.66700005531311 0.255142569541931
    vertex -0.733329355716705 -2.66700005531311 0.303754985332489
  endloop
endfacet
facet normal 1.95214858547387e-031 -1.0 -3.58099199566331e-031
  outer loop
    vertex -1.91937839984894 -2.66700005531311 0.322448283433914
    vertex -0.733329355716705 -2.66700005531311 0.303754985332489
    vertex -0.71189272403717 -2.66700005531311 0.351066648960114
  endloop
endfacet
facet normal 1.95214858547387e-031 -1.0 -3.58099199566331e-031
  outer loop
    vertex -1.91937839984894 -2.66700005531311 0.322448283433914
    vertex -0.71189272403717 -2.66700005531311 0.351066648960114
    vertex -1.9043036699295 -2.66700005531311 0.402012407779694
  endloop
endfacet
facet normal 1.95214858547387e-031 -1.0 -3.58099199566331e-031
  outer loop
    vertex -1.9043036699295 -2.66700005531311 0.402012407779694
    vertex -0.71189272403717 -2.66700005531311 0.351066648960114
    vertex -0.687407672405243 -2.66700005531311 0.396874994039535
  endloop
endfacet
facet normal 1.95214858547387e-031 -1.0 -3.58099199566331e-031
  outer loop
    vertex -1.9043036699295 -2.66700005531311 0.402012407779694
    vertex -0.687407672405243 -2.66700005531311 0.396874994039535
    vertex -0.659978985786438 -2.66700005531311 0.440983861684799
  endloop
endfacet
facet normal 1.95214858547387e-031 -1.0 -3.58099199566331e-031
  outer loop
    vertex -1.9043036699295 -2.66700005531311 0.402012407779694
    vertex -0.659978985786438 -2.66700005531311 0.440983861684799
    vertex -1.88593220710754 -2.66700005531311 0.480880588293076
  endloop
endfacet
facet normal 1.95214858547387e-031 -1.0 -3.58099199566331e-031
  outer loop
    vertex -1.88593220710754 -2.66700005531311 0.480880588293076
    vertex -0.659978985786438 -2.66700005531311 0.440983861684799
    vertex -0.629724204540253 -2.66700005531311 0.483204394578934
  endloop
endfacet
facet normal 1.95214858547387e-031 -1.0 -3.58099199566331e-031
  outer loop
    vertex -1.88593220710754 -2.66700005531311 0.480880588293076
    vertex -0.629724204540253 -2.66700005531311 0.483204394578934
    vertex -1.86429584026337 -2.66700005531311 0.55891627073288
  endloop
endfacet
facet normal 1.95214858547387e-031 -1.0 -3.58099199566331e-031
  outer loop
    vertex -1.86429584026337 -2.66700005531311 0.55891627073288
    vertex -0.629724204540253 -2.66700005531311 0.483204394578934
    vertex -0.596772849559784 -2.66700005531311 0.523355722427368
  endloop
endfacet
facet normal 1.95214858547387e-031 -1.0 -3.58099199566331e-031
  outer loop
    vertex -1.86429584026337 -2.66700005531311 0.55891627073288
    vertex -0.596772849559784 -2.66700005531311 0.523355722427368
    vertex -0.561266005039215 -2.66700005531311 0.561266005039215
  endloop
endfacet
facet normal 1.95214858547387e-031 -1.0 -3.58099199566331e-031
  outer loop
    vertex -1.86429584026337 -2.66700005531311 0.55891627073288
    vertex -0.561266005039215 -2.66700005531311 0.561266005039215
    vertex -1.83943200111389 -2.66700005531311 0.635984361171722
  endloop
endfacet
facet normal 1.95214858547387e-031 -1.0 -3.58099199566331e-031
  outer loop
    vertex -1.83943200111389 -2.66700005531311 0.635984361171722
    vertex -0.561266005039215 -2.66700005531311 0.561266005039215
    vertex -0.523355722427368 -2.66700005531311 0.596772849559784
  endloop
endfacet
facet normal 1.95214858547387e-031 -1.0 -3.58099199566331e-031
  outer loop
    vertex -1.83943200111389 -2.66700005531311 0.635984361171722
    vertex -0.523355722427368 -2.66700005531311 0.596772849559784
    vertex -0.483204394578934 -2.66700005531311 0.629724204540253
  endloop
endfacet
facet normal 1.95214858547387e-031 -1.0 -3.58099199566331e-031
  outer loop
    vertex -1.83943200111389 -2.66700005531311 0.635984361171722
    vertex -0.483204394578934 -2.66700005531311 0.629724204540253
    vertex -0.440983861684799 -2.66700005531311 0.659978985786438
  endloop
endfacet
facet normal 1.95214858547387e-031 -1.0 -3.58099199566331e-031
  outer loop
    vertex -1.83943200111389 -2.66700005531311 0.635984361171722
    vertex -0.440983861684799 -2.66700005531311 0.659978985786438
    vertex -1.81138384342194 -2.66700005531311 0.711951494216919
  endloop
endfacet
facet normal 1.95214858547387e-031 -1.0 -3.58099199566331e-031
  outer loop
    vertex -1.81138384342194 -2.66700005531311 0.711951494216919
    vertex -0.440983861684799 -2.66700005531311 0.659978985786438
    vertex -0.396874994039535 -2.66700005531311 0.687407672405243
  endloop
endfacet
facet normal 1.95214858547387e-031 -1.0 -3.58099199566331e-031
  outer loop
    vertex -1.81138384342194 -2.66700005531311 0.711951494216919
    vertex -0.396874994039535 -2.66700005531311 0.687407672405243
    vertex -0.351066648960114 -2.66700005531311 0.71189272403717
  endloop
endfacet
facet normal 1.95214858547387e-031 -1.0 -3.58099199566331e-031
  outer loop
    vertex -1.81138384342194 -2.66700005531311 0.711951494216919
    vertex -0.351066648960114 -2.66700005531311 0.71189272403717
    vertex -0.303754985332489 -2.66700005531311 0.733329355716705
  endloop
endfacet
facet normal 1.95214858547387e-031 -1.0 -3.58099199566331e-031
  outer loop
    vertex -1.81138384342194 -2.66700005531311 0.711951494216919
    vertex -0.303754985332489 -2.66700005531311 0.733329355716705
    vertex -1.78019976615906 -2.66700005531311 0.786686062812805
  endloop
endfacet
facet normal 1.95214858547387e-031 -1.0 -3.58099199566331e-031
  outer loop
    vertex -1.78019976615906 -2.66700005531311 0.786686062812805
    vertex -0.303754985332489 -2.66700005531311 0.733329355716705
    vertex -0.255142569541931 -2.66700005531311 0.751625776290894
  endloop
endfacet
facet normal 1.95214858547387e-031 -1.0 -3.58099199566331e-031
  outer loop
    vertex -1.78019976615906 -2.66700005531311 0.786686062812805
    vertex -0.255142569541931 -2.66700005531311 0.751625776290894
    vertex -0.205437615513802 -2.66700005531311 0.766703605651855
  endloop
endfacet
facet normal 1.95214858547387e-031 -1.0 -3.58099199566331e-031
  outer loop
    vertex -1.78019976615906 -2.66700005531311 0.786686062812805
    vertex -0.205437615513802 -2.66700005531311 0.766703605651855
    vertex -0.154852941632271 -2.66700005531311 0.778498291969299
  endloop
endfacet
facet normal 1.95214858547387e-031 -1.0 -3.58099199566331e-031
  outer loop
    vertex -1.78019976615906 -2.66700005531311 0.786686062812805
    vertex -0.154852941632271 -2.66700005531311 0.778498291969299
    vertex -0.103605166077614 -2.66700005531311 0.7869593501091
  endloop
endfacet
facet normal 1.95214858547387e-031 -1.0 -3.58099199566331e-031
  outer loop
    vertex -1.78019976615906 -2.66700005531311 0.786686062812805
    vertex -0.103605166077614 -2.66700005531311 0.7869593501091
    vertex -1.74593389034271 -2.66700005531311 0.860058724880218
  endloop
endfacet
facet normal 1.95214858547387e-031 -1.0 -3.58099199566331e-031
  outer loop
    vertex -1.74593389034271 -2.66700005531311 0.860058724880218
    vertex -0.103605166077614 -2.66700005531311 0.7869593501091
    vertex -0.0519137345254421 -2.66700005531311 0.792050540447235
  endloop
endfacet
facet normal 1.95214858547387e-031 -1.0 -3.58099199566331e-031
  outer loop
    vertex -1.74593389034271 -2.66700005531311 0.860058724880218
    vertex -0.0519137345254421 -2.66700005531311 0.792050540447235
    vertex 4.86031707212029e-017 -2.66700005531311 0.793749988079071
  endloop
endfacet
facet normal 1.95214858547387e-031 -1.0 -3.58099199566331e-031
  outer loop
    vertex -1.74593389034271 -2.66700005531311 0.860058724880218
    vertex 4.86031707212029e-017 -2.66700005531311 0.793749988079071
    vertex 1.76344847679138 -2.66700005531311 0.823550641536713
  endloop
endfacet
facet normal 1.95214858547387e-031 -1.0 -3.58099199566331e-031
  outer loop
    vertex -1.74593389034271 -2.66700005531311 0.860058724880218
    vertex 1.76344847679138 -2.66700005531311 0.823550641536713
    vertex 1.72766363620758 -2.66700005531311 0.896194577217102
  endloop
endfacet
facet normal 1.95214858547387e-031 -1.0 -3.58099199566331e-031
  outer loop
    vertex -1.74593389034271 -2.66700005531311 0.860058724880218
    vertex 1.72766363620758 -2.66700005531311 0.896194577217102
    vertex -1.7086455821991 -2.66700005531311 0.931942522525787
  endloop
endfacet
facet normal 1.95214858547387e-031 -1.0 -3.58099199566331e-031
  outer loop
    vertex -1.7086455821991 -2.66700005531311 0.931942522525787
    vertex 1.72766363620758 -2.66700005531311 0.896194577217102
    vertex 1.68888783454895 -2.66700005531311 0.967287063598633
  endloop
endfacet
facet normal 1.95214858547387e-031 -1.0 -3.58099199566331e-031
  outer loop
    vertex -1.7086455821991 -2.66700005531311 0.931942522525787
    vertex 1.68888783454895 -2.66700005531311 0.967287063598633
    vertex -1.66839909553528 -2.66700005531311 1.00221288204193
  endloop
endfacet
facet normal 1.95214858547387e-031 -1.0 -3.58099199566331e-031
  outer loop
    vertex -1.66839909553528 -2.66700005531311 1.00221288204193
    vertex 1.68888783454895 -2.66700005531311 0.967287063598633
    vertex 1.6471883058548 -2.66700005531311 1.03670489788055
  endloop
endfacet
facet normal 1.95214858547387e-031 -1.0 -3.58099199566331e-031
  outer loop
    vertex -1.66839909553528 -2.66700005531311 1.00221288204193
    vertex 1.6471883058548 -2.66700005531311 1.03670489788055
    vertex -1.62526440620422 -2.66700005531311 1.0707483291626
  endloop
endfacet
facet normal 1.95214858547387e-031 -1.0 -3.58099199566331e-031
  outer loop
    vertex -1.62526440620422 -2.66700005531311 1.0707483291626
    vertex 1.6471883058548 -2.66700005531311 1.03670489788055
    vertex 1.6026371717453 -2.66700005531311 1.10432815551758
  endloop
endfacet
facet normal 1.95214858547387e-031 -1.0 -3.58099199566331e-031
  outer loop
    vertex -1.62526440620422 -2.66700005531311 1.0707483291626
    vertex 1.6026371717453 -2.66700005531311 1.10432815551758
    vertex -1.57931613922119 -2.66700005531311 1.13742995262146
  endloop
endfacet
facet normal 1.95214858547387e-031 -1.0 -3.58099199566331e-031
  outer loop
    vertex -1.57931613922119 -2.66700005531311 1.13742995262146
    vertex 1.6026371717453 -2.66700005531311 1.10432815551758
    vertex 1.5553115606308 -2.66700005531311 1.17003953456879
  endloop
endfacet
facet normal 1.95214858547387e-031 -1.0 -3.58099199566331e-031
  outer loop
    vertex -1.57931613922119 -2.66700005531311 1.13742995262146
    vertex 1.5553115606308 -2.66700005531311 1.17003953456879
    vertex -1.53063368797302 -2.66700005531311 1.20214259624481
  endloop
endfacet
facet normal 1.95214858547387e-031 -1.0 -3.58099199566331e-031
  outer loop
    vertex -1.53063368797302 -2.66700005531311 1.20214259624481
    vertex 1.5553115606308 -2.66700005531311 1.17003953456879
    vertex 1.50529336929321 -2.66700005531311 1.23372530937195
  endloop
endfacet
facet normal 1.95214858547387e-031 -1.0 -3.58099199566331e-031
  outer loop
    vertex -1.53063368797302 -2.66700005531311 1.20214259624481
    vertex 1.50529336929321 -2.66700005531311 1.23372530937195
    vertex -1.47930145263672 -2.66700005531311 1.26477408409119
  endloop
endfacet
facet normal 1.95214858547387e-031 -1.0 -3.58099199566331e-031
  outer loop
    vertex -1.47930145263672 -2.66700005531311 1.26477408409119
    vertex 1.50529336929321 -2.66700005531311 1.23372530937195
    vertex 1.45266926288605 -2.66700005531311 1.29527544975281
  endloop
endfacet
facet normal 1.95214858547387e-031 -1.0 -3.58099199566331e-031
  outer loop
    vertex -1.47930145263672 -2.66700005531311 1.26477408409119
    vertex 1.45266926288605 -2.66700005531311 1.29527544975281
    vertex -1.42540836334229 -2.66700005531311 1.32521605491638
  endloop
endfacet
facet normal 1.95214858547387e-031 -1.0 -3.58099199566331e-031
  outer loop
    vertex -1.42540836334229 -2.66700005531311 1.32521605491638
    vertex 1.45266926288605 -2.66700005531311 1.29527544975281
    vertex 1.39753031730652 -2.66700005531311 1.35458302497864
  endloop
endfacet
facet normal 1.95214858547387e-031 -1.0 -3.58099199566331e-031
  outer loop
    vertex -1.42540836334229 -2.66700005531311 1.32521605491638
    vertex 1.39753031730652 -2.66700005531311 1.35458302497864
    vertex -1.36904752254486 -2.66700005531311 1.38336372375488
  endloop
endfacet
facet normal 1.95214858547387e-031 -1.0 -3.58099199566331e-031
  outer loop
    vertex -1.36904752254486 -2.66700005531311 1.38336372375488
    vertex 1.39753031730652 -2.66700005531311 1.35458302497864
    vertex 1.33997201919556 -2.66700005531311 1.411545753479
  endloop
endfacet
facet normal 1.95214858547387e-031 -1.0 -3.58099199566331e-031
  outer loop
    vertex -1.36904752254486 -2.66700005531311 1.38336372375488
    vertex 1.33997201919556 -2.66700005531311 1.411545753479
    vertex -1.31031656265259 -2.66700005531311 1.43911671638489
  endloop
endfacet
facet normal 1.95214858547387e-031 -1.0 -3.58099199566331e-031
  outer loop
    vertex -1.31031656265259 -2.66700005531311 1.43911671638489
    vertex 1.33997201919556 -2.66700005531311 1.411545753479
    vertex 1.28009402751923 -2.66700005531311 1.46606469154358
  endloop
endfacet
facet normal 1.95214858547387e-031 -1.0 -3.58099199566331e-031
  outer loop
    vertex -1.31031656265259 -2.66700005531311 1.43911671638489
    vertex 1.28009402751923 -2.66700005531311 1.46606469154358
    vertex -1.24931728839874 -2.66700005531311 1.49237811565399
  endloop
endfacet
facet normal 1.95214858547387e-031 -1.0 -3.58099199566331e-031
  outer loop
    vertex -1.24931728839874 -2.66700005531311 1.49237811565399
    vertex 1.28009402751923 -2.66700005531311 1.46606469154358
    vertex 1.21799993515015 -2.66700005531311 1.51804566383362
  endloop
endfacet
facet normal 1.95214858547387e-031 -1.0 -3.58099199566331e-031
  outer loop
    vertex -1.24931728839874 -2.66700005531311 1.49237811565399
    vertex 1.21799993515015 -2.66700005531311 1.51804566383362
    vertex -1.18615520000458 -2.66700005531311 1.54305613040924
  endloop
endfacet
facet normal 1.95214858547387e-031 -1.0 -3.58099199566331e-031
  outer loop
    vertex -1.18615520000458 -2.66700005531311 1.54305613040924
    vertex 1.21799993515015 -2.66700005531311 1.51804566383362
    vertex 1.1537971496582 -2.66700005531311 1.56739866733551
  endloop
endfacet
facet normal 1.95214858547387e-031 -1.0 -3.58099199566331e-031
  outer loop
    vertex -1.18615520000458 -2.66700005531311 1.54305613040924
    vertex 1.1537971496582 -2.66700005531311 1.56739866733551
    vertex -1.1209397315979 -2.66700005531311 1.59106266498566
  endloop
endfacet
facet normal 1.95214858547387e-031 -1.0 -3.58099199566331e-031
  outer loop
    vertex -1.1209397315979 -2.66700005531311 1.59106266498566
    vertex 1.1537971496582 -2.66700005531311 1.56739866733551
    vertex 1.08759701251984 -2.66700005531311 1.61403810977936
  endloop
endfacet
facet normal 1.95214858547387e-031 -1.0 -3.58099199566331e-031
  outer loop
    vertex -1.1209397315979 -2.66700005531311 1.59106266498566
    vertex 1.08759701251984 -2.66700005531311 1.61403810977936
    vertex -1.05378365516663 -2.66700005531311 1.636314868927
  endloop
endfacet
facet normal 1.95214858547387e-031 -1.0 -3.58099199566331e-031
  outer loop
    vertex -1.05378365516663 -2.66700005531311 1.636314868927
    vertex 1.08759701251984 -2.66700005531311 1.61403810977936
    vertex 1.0195140838623 -2.66700005531311 1.65788340568542
  endloop
endfacet
facet normal 1.95214858547387e-031 -1.0 -3.58099199566331e-031
  outer loop
    vertex -1.05378365516663 -2.66700005531311 1.636314868927
    vertex 1.0195140838623 -2.66700005531311 1.65788340568542
    vertex -0.984803259372711 -2.66700005531311 1.67873430252075
  endloop
endfacet
facet normal 1.95214858547387e-031 -1.0 -3.58099199566331e-031
  outer loop
    vertex -0.984803259372711 -2.66700005531311 1.67873430252075
    vertex 1.0195140838623 -2.66700005531311 1.65788340568542
    vertex 0.949666142463684 -2.66700005531311 1.69885861873627
  endloop
endfacet
facet normal 1.95214858547387e-031 -1.0 -3.58099199566331e-031
  outer loop
    vertex -0.984803259372711 -2.66700005531311 1.67873430252075
    vertex 0.949666142463684 -2.66700005531311 1.69885861873627
    vertex -0.914117991924286 -2.66700005531311 1.71824753284454
  endloop
endfacet
facet normal 1.95214858547387e-031 -1.0 -3.58099199566331e-031
  outer loop
    vertex -0.914117991924286 -2.66700005531311 1.71824753284454
    vertex 0.949666142463684 -2.66700005531311 1.69885861873627
    vertex 0.878174185752869 -2.66700005531311 1.7368928194046
  endloop
endfacet
facet normal 1.95214858547387e-031 -1.0 -3.58099199566331e-031
  outer loop
    vertex -0.914117991924286 -2.66700005531311 1.71824753284454
    vertex 0.878174185752869 -2.66700005531311 1.7368928194046
    vertex -0.841850221157074 -2.66700005531311 1.75478613376617
  endloop
endfacet
facet normal 1.95214858547387e-031 -1.0 -3.58099199566331e-031
  outer loop
    vertex -0.841850221157074 -2.66700005531311 1.75478613376617
    vertex 0.878174185752869 -2.66700005531311 1.7368928194046
    vertex 0.805161893367767 -2.66700005531311 1.77192008495331
  endloop
endfacet
facet normal 1.95214858547387e-031 -1.0 -3.58099199566331e-031
  outer loop
    vertex -0.841850221157074 -2.66700005531311 1.75478613376617
    vertex 0.805161893367767 -2.66700005531311 1.77192008495331
    vertex -0.768125057220459 -2.66700005531311 1.78828692436218
  endloop
endfacet
facet normal 1.95214858547387e-031 -1.0 -3.58099199566331e-031
  outer loop
    vertex -0.768125057220459 -2.66700005531311 1.78828692436218
    vertex 0.805161893367767 -2.66700005531311 1.77192008495331
    vertex 0.730755746364594 -2.66700005531311 1.80387985706329
  endloop
endfacet
facet normal 1.95214858547387e-031 -1.0 -3.58099199566331e-031
  outer loop
    vertex -0.768125057220459 -2.66700005531311 1.78828692436218
    vertex 0.730755746364594 -2.66700005531311 1.80387985706329
    vertex -0.69307017326355 -2.66700005531311 1.81869184970856
  endloop
endfacet
facet normal 1.95214858547387e-031 -1.0 -3.58099199566331e-031
  outer loop
    vertex -0.69307017326355 -2.66700005531311 1.81869184970856
    vertex 0.730755746364594 -2.66700005531311 1.80387985706329
    vertex 0.655084550380707 -2.66700005531311 1.83271670341492
  endloop
endfacet
facet normal 1.95214858547387e-031 -1.0 -3.58099199566331e-031
  outer loop
    vertex -0.69307017326355 -2.66700005531311 1.81869184970856
    vertex 0.655084550380707 -2.66700005531311 1.83271670341492
    vertex -0.616815388202667 -2.66700005531311 1.84594833850861
  endloop
endfacet
facet normal 1.95214858547387e-031 -1.0 -3.58099199566331e-031
  outer loop
    vertex -0.616815388202667 -2.66700005531311 1.84594833850861
    vertex 0.655084550380707 -2.66700005531311 1.83271670341492
    vertex 0.578279256820679 -2.66700005531311 1.85838091373444
  endloop
endfacet
facet normal 1.95214858547387e-031 -1.0 -3.58099199566331e-031
  outer loop
    vertex -0.616815388202667 -2.66700005531311 1.84594833850861
    vertex 0.578279256820679 -2.66700005531311 1.85838091373444
    vertex -0.539492845535278 -2.66700005531311 1.87000906467438
  endloop
endfacet
facet normal 1.95214858547387e-031 -1.0 -3.58099199566331e-031
  outer loop
    vertex -0.539492845535278 -2.66700005531311 1.87000906467438
    vertex 0.578279256820679 -2.66700005531311 1.85838091373444
    vertex 0.500472843647003 -2.66700005531311 1.88082778453827
  endloop
endfacet
facet normal 1.95214858547387e-031 -1.0 -3.58099199566331e-031
  outer loop
    vertex -0.539492845535278 -2.66700005531311 1.87000906467438
    vertex 0.500472843647003 -2.66700005531311 1.88082778453827
    vertex -0.461236298084259 -2.66700005531311 1.89083242416382
  endloop
endfacet
facet normal 1.95214858547387e-031 -1.0 -3.58099199566331e-031
  outer loop
    vertex -0.461236298084259 -2.66700005531311 1.89083242416382
    vertex 0.500472843647003 -2.66700005531311 1.88082778453827
    vertex 0.421800047159195 -2.66700005531311 1.9000186920166
  endloop
endfacet
facet normal 1.95214858547387e-031 -1.0 -3.58099199566331e-031
  outer loop
    vertex -0.461236298084259 -2.66700005531311 1.89083242416382
    vertex 0.421800047159195 -2.66700005531311 1.9000186920166
    vertex -0.382181257009506 -2.66700005531311 1.90838253498077
  endloop
endfacet
facet normal 1.95214858547387e-031 -1.0 -3.58099199566331e-031
  outer loop
    vertex -0.382181257009506 -2.66700005531311 1.90838253498077
    vertex 0.421800047159195 -2.66700005531311 1.9000186920166
    vertex 0.342397034168243 -2.66700005531311 1.91592025756836
  endloop
endfacet
facet normal 1.95214858547387e-031 -1.0 -3.58099199566331e-031
  outer loop
    vertex -0.382181257009506 -2.66700005531311 1.90838253498077
    vertex 0.342397034168243 -2.66700005531311 1.91592025756836
    vertex -0.302464604377747 -2.66700005531311 1.92262876033783
  endloop
endfacet
facet normal 1.95214858547387e-031 -1.0 -3.58099199566331e-031
  outer loop
    vertex -0.302464604377747 -2.66700005531311 1.92262876033783
    vertex 0.342397034168243 -2.66700005531311 1.91592025756836
    vertex 0.262401282787323 -2.66700005531311 1.92850506305695
  endloop
endfacet
facet normal 1.95214858547387e-031 -1.0 -3.58099199566331e-031
  outer loop
    vertex -0.302464604377747 -2.66700005531311 1.92262876033783
    vertex 0.262401282787323 -2.66700005531311 1.92850506305695
    vertex -0.222224339842796 -2.66700005531311 1.93354666233063
  endloop
endfacet
facet normal 1.95214858547387e-031 -1.0 -3.58099199566331e-031
  outer loop
    vertex -0.222224339842796 -2.66700005531311 1.93354666233063
    vertex 0.262401282787323 -2.66700005531311 1.92850506305695
    vertex 0.181951224803925 -2.66700005531311 1.93775129318237
  endloop
endfacet
facet normal 1.95214858547387e-031 -1.0 -3.58099199566331e-031
  outer loop
    vertex -0.222224339842796 -2.66700005531311 1.93354666233063
    vertex 0.181951224803925 -2.66700005531311 1.93775129318237
    vertex -0.141599357128143 -2.66700005531311 1.94111716747284
  endloop
endfacet
facet normal 1.95214858547387e-031 -1.0 -3.58099199566331e-031
  outer loop
    vertex -0.141599357128143 -2.66700005531311 1.94111716747284
    vertex 0.181951224803925 -2.66700005531311 1.93775129318237
    vertex 0.101186200976372 -2.66700005531311 1.94364285469055
  endloop
endfacet
facet normal 1.95214858547387e-031 -1.0 -3.58099199566331e-031
  outer loop
    vertex -0.141599357128143 -2.66700005531311 1.94111716747284
    vertex 0.101186200976372 -2.66700005531311 1.94364285469055
    vertex -0.0607292465865612 -2.66700005531311 1.9453272819519
  endloop
endfacet
facet normal 1.95214858547387e-031 -1.0 -3.58099199566331e-031
  outer loop
    vertex -0.0607292465865612 -2.66700005531311 1.9453272819519
    vertex 0.101186200976372 -2.66700005531311 1.94364285469055
    vertex 0.0202460028231144 -2.66700005531311 1.94616973400116
  endloop
endfacet
facet normal -0.127203420707961 -0.707106591550995 -0.695571389539081
  outer loop
    vertex 22.6012001037598 -6.90880012512207 -8.3223876953125
    vertex 3.20357489585876 -6.60879993438721 -5.07999992370605
    vertex 22.3012008666992 -6.60879993438721 -8.57250022888184
  endloop
endfacet
facet normal -0.127203420707961 -0.707106591550995 -0.695571389539081
  outer loop
    vertex 3.20357489585876 -6.60879993438721 -5.07999992370605
    vertex 22.6012001037598 -6.90880012512207 -8.3223876953125
    vertex 3.50357508659363 -6.90880012512207 -4.82988739013672
  endloop
endfacet
facet normal -0.707106781186548 -0.707106781186547 -1.05192673365729e-017
  outer loop
    vertex 3.35340809822082 -6.75863313674927 9.82976818084717
    vertex 3.50357508659363 -6.90880012512207 -4.82988739013672
    vertex 3.50357508659363 -6.90880012512207 9.9366226196289
  endloop
endfacet
facet normal -0.707106781186548 -0.707106781186547 -1.05192673365729e-017
  outer loop
    vertex 3.50357508659363 -6.90880012512207 -4.82988739013672
    vertex 3.35340809822082 -6.75863313674927 9.82976818084717
    vertex 3.20357489585876 -6.60879993438721 -5.07999992370605
  endloop
endfacet
facet normal -0.707106781186548 -0.707106781186547 -1.05192673365729e-017
  outer loop
    vertex 3.20357489585876 -6.60879993438721 -5.07999992370605
    vertex 3.35340809822082 -6.75863313674927 9.82976818084717
    vertex 3.20357489585876 -6.60879993438721 9.72198009490967
  endloop
endfacet
facet normal -1.71723329729208e-019 -0.707105657268621 0.707107905102687
  outer loop
    vertex 22.6012001037598 -6.90880012512207 -10.5361995697021
    vertex 0.0 -6.60879993438721 -10.2362003326416
    vertex 0.0 -6.90880012512207 -10.5361995697021
  endloop
endfacet
facet normal -1.71723329729208e-019 -0.707105657268621 0.707107905102687
  outer loop
    vertex 0.0 -6.60879993438721 -10.2362003326416
    vertex 22.6012001037598 -6.90880012512207 -10.5361995697021
    vertex 22.3012008666992 -6.60879993438721 -10.2362003326416
  endloop
endfacet
facet normal -0.229458473450922 -0.706124397751779 -0.669878454543256
  outer loop
    vertex 3.32474660873413 -6.90880012512207 9.99787807464599
    vertex 3.35340809822082 -6.75863313674927 9.82976818084717
    vertex 3.50357508659363 -6.90880012512207 9.9366226196289
  endloop
endfacet
facet normal -0.225153119431594 -0.707251010660151 -0.670150789546962
  outer loop
    vertex 3.32474660873413 -6.90880012512207 9.99787807464599
    vertex 3.20357489585876 -6.60879993438721 9.72198009490967
    vertex 3.35340809822082 -6.75863313674927 9.82976818084717
  endloop
endfacet
facet normal -0.217185608864124 -0.706841798665097 -0.673205082394815
  outer loop
    vertex 3.1448483467102 -6.90880012512207 10.0559158325195
    vertex 3.20357489585876 -6.60879993438721 9.72198009490967
    vertex 3.32474660873413 -6.90880012512207 9.99787807464599
  endloop
endfacet
facet normal -0.215092827614945 -0.707375446205432 -0.673316458743045
  outer loop
    vertex 3.1448483467102 -6.90880012512207 10.0559158325195
    vertex 3.02601599693298 -6.60879993438721 9.77870178222656
    vertex 3.20357489585876 -6.60879993438721 9.72198009490967
  endloop
endfacet
facet normal -0.205075110562523 -0.706822663256108 -0.677012497473504
  outer loop
    vertex 2.96393752098084 -6.90880012512207 10.1107158660889
    vertex 3.02601599693298 -6.60879993438721 9.77870178222656
    vertex 3.1448483467102 -6.90880012512207 10.0559158325195
  endloop
endfacet
facet normal -0.202794886911097 -0.70739411555969 -0.677102502664286
  outer loop
    vertex 2.96393752098084 -6.90880012512207 10.1107158660889
    vertex 2.84745359420776 -6.60879993438721 9.83218193054199
    vertex 3.02601599693298 -6.60879993438721 9.77870178222656
  endloop
endfacet
facet normal -0.192906836034386 -0.706802542409278 -0.680600557342545
  outer loop
    vertex 2.78207278251648 -6.90880012512207 10.1622629165649
    vertex 2.84745359420776 -6.60879993438721 9.83218193054199
    vertex 2.96393752098084 -6.90880012512207 10.1107158660889
  endloop
endfacet
facet normal -0.19042207635914 -0.70741445895935 -0.680664540056498
  outer loop
    vertex 2.78207278251648 -6.90880012512207 10.1622629165649
    vertex 2.6679470539093 -6.60879993438721 9.88240051269531
    vertex 2.84745359420776 -6.60879993438721 9.83218193054199
  endloop
endfacet
facet normal -0.180666206116907 -0.70678578017932 -0.68396899264779
  outer loop
    vertex 2.59931254386902 -6.90880012512207 10.2105379104614
    vertex 2.6679470539093 -6.60879993438721 9.88240051269531
    vertex 2.78207278251648 -6.90880012512207 10.1622629165649
  endloop
endfacet
facet normal -0.177995885400158 -0.707431887082272 -0.68400116222111
  outer loop
    vertex 2.59931254386902 -6.90880012512207 10.2105379104614
    vertex 2.48755598068237 -6.60879993438721 9.92934322357178
    vertex 2.6679470539093 -6.60879993438721 9.88240051269531
  endloop
endfacet
facet normal -0.168371511145429 -0.706767641605046 -0.687117555455139
  outer loop
    vertex 2.41571569442749 -6.90880012512207 10.2555265426636
    vertex 2.48755598068237 -6.60879993438721 9.92934322357178
    vertex 2.59931254386902 -6.90880012512207 10.2105379104614
  endloop
endfacet
facet normal -0.165505318277689 -0.70744888374297 -0.687112848455497
  outer loop
    vertex 2.41571569442749 -6.90880012512207 10.2555265426636
    vertex 2.30633974075317 -6.60879993438721 9.97299289703369
    vertex 2.48755598068237 -6.60879993438721 9.92934322357178
  endloop
endfacet
facet normal -0.156022255165796 -0.706751277711112 -0.690043250344999
  outer loop
    vertex 2.23134136199951 -6.90880012512207 10.2972145080566
    vertex 2.30633974075317 -6.60879993438721 9.97299289703369
    vertex 2.41571569442749 -6.90880012512207 10.2555265426636
  endloop
endfacet
facet normal -0.152961487442416 -0.707465769644406 -0.689996353715621
  outer loop
    vertex 2.23134136199951 -6.90880012512207 10.2972145080566
    vertex 2.1243588924408 -6.60879993438721 10.0133352279663
    vertex 2.30633974075317 -6.60879993438721 9.97299289703369
  endloop
endfacet
facet normal -0.143618597776355 -0.706736268800635 -0.692746378362608
  outer loop
    vertex 2.0462486743927 -6.90880012512207 10.3355875015259
    vertex 2.1243588924408 -6.60879993438721 10.0133352279663
    vertex 2.23134136199951 -6.90880012512207 10.2972145080566
  endloop
endfacet
facet normal -0.140371368493963 -0.707480592486341 -0.692652214435432
  outer loop
    vertex 2.0462486743927 -6.90880012512207 10.3355875015259
    vertex 1.94167363643646 -6.60879993438721 10.0503578186035
    vertex 2.1243588924408 -6.60879993438721 10.0133352279663
  endloop
endfacet
facet normal -0.131171687451627 -0.706720978292416 -0.695226184239707
  outer loop
    vertex 1.86049747467041 -6.90880012512207 10.3706340789795
    vertex 1.94167363643646 -6.60879993438721 10.0503578186035
    vertex 2.0462486743927 -6.90880012512207 10.3355875015259
  endloop
endfacet
facet normal -0.127731357327585 -0.707495143583306 -0.695079363929969
  outer loop
    vertex 1.86049747467041 -6.90880012512207 10.3706340789795
    vertex 1.75834453105926 -6.60879993438721 10.0840473175049
    vertex 1.94167363643646 -6.60879993438721 10.0503578186035
  endloop
endfacet
facet normal -0.118681016985523 -0.70670744104656 -0.697480758857694
  outer loop
    vertex 1.67414736747742 -6.90880012512207 10.4023427963257
    vertex 1.75834453105926 -6.60879993438721 10.0840473175049
    vertex 1.86049747467041 -6.90880012512207 10.3706340789795
  endloop
endfacet
facet normal -0.115052060079712 -0.707508929412561 -0.697276228099672
  outer loop
    vertex 1.67414736747742 -6.90880012512207 10.4023427963257
    vertex 1.57443225383759 -6.60879993438721 10.1143932342529
    vertex 1.75834453105926 -6.60879993438721 10.0840473175049
  endloop
endfacet
facet normal -0.106150525541527 -0.706694620360404 -0.699510385541861
  outer loop
    vertex 1.48725831508636 -6.90880012512207 10.430703163147
    vertex 1.57443225383759 -6.60879993438721 10.1143932342529
    vertex 1.67414736747742 -6.90880012512207 10.4023427963257
  endloop
endfacet
facet normal -0.10233377626515 -0.707521758013305 -0.699242990792954
  outer loop
    vertex 1.48725831508636 -6.90880012512207 10.430703163147
    vertex 1.38999795913696 -6.60879993438721 10.1413850784302
    vertex 1.57443225383759 -6.60879993438721 10.1143932342529
  endloop
endfacet
facet normal -0.0935873543963593 -0.706682943498277 -0.701313499417843
  outer loop
    vertex 1.29989063739777 -6.90880012512207 10.4557065963745
    vertex 1.38999795913696 -6.60879993438721 10.1413850784302
    vertex 1.48725831508636 -6.90880012512207 10.430703163147
  endloop
endfacet
facet normal -0.0895834346671258 -0.707534122858392 -0.700978083269546
  outer loop
    vertex 1.29989063739777 -6.90880012512207 10.4557065963745
    vertex 1.20510280132294 -6.60879993438721 10.1650142669678
    vertex 1.38999795913696 -6.60879993438721 10.1413850784302
  endloop
endfacet
facet normal -0.0809880307515654 -0.706671898142002 -0.702891006665588
  outer loop
    vertex 1.11210453510284 -6.90880012512207 10.4773435592651
    vertex 1.20510280132294 -6.60879993438721 10.1650142669678
    vertex 1.29989063739777 -6.90880012512207 10.4557065963745
  endloop
endfacet
facet normal -0.0768048117889928 -0.707544001448602 -0.702483100793292
  outer loop
    vertex 1.11210453510284 -6.90880012512207 10.4773435592651
    vertex 1.01980793476105 -6.60879993438721 10.1852731704712
    vertex 1.20510280132294 -6.60879993438721 10.1650142669678
  endloop
endfacet
facet normal -0.0683703781567037 -0.706660883847649 -0.704241355382065
  outer loop
    vertex 0.923960506916046 -6.90880012512207 10.4956092834473
    vertex 1.01980793476105 -6.60879993438721 10.1852731704712
    vertex 1.11210453510284 -6.90880012512207 10.4773435592651
  endloop
endfacet
facet normal -0.063997675137095 -0.707554590776321 -0.70375478587957
  outer loop
    vertex 0.923960506916046 -6.90880012512207 10.4956092834473
    vertex 0.834174990653992 -6.60879993438721 10.2021541595459
    vertex 1.01980793476105 -6.60879993438721 10.1852731704712
  endloop
endfacet
facet normal -0.0557236535129195 -0.706652014162463 -0.705363597954491
  outer loop
    vertex 0.735519051551819 -6.90880012512207 10.5104961395264
    vertex 0.834174990653992 -6.60879993438721 10.2021541595459
    vertex 0.923960506916046 -6.90880012512207 10.4956092834473
  endloop
endfacet
facet normal -0.0511692297605935 -0.707564266784759 -0.704793954496669
  outer loop
    vertex 0.735519051551819 -6.90880012512207 10.5104961395264
    vertex 0.648265361785889 -6.60879993438721 10.215651512146
    vertex 0.834174990653992 -6.60879993438721 10.2021541595459
  endloop
endfacet
facet normal -0.04305871659301 -0.706644068744521 -0.706257819095513
  outer loop
    vertex 0.546840906143188 -6.90880012512207 10.5219993591309
    vertex 0.648265361785889 -6.60879993438721 10.215651512146
    vertex 0.735519051551819 -6.90880012512207 10.5104961395264
  endloop
endfacet
facet normal -0.0383304090569748 -0.707571907537491 -0.70560100297922
  outer loop
    vertex 0.546840906143188 -6.90880012512207 10.5219993591309
    vertex 0.462140828371048 -6.60879993438721 10.2257623672485
    vertex 0.648265361785889 -6.60879993438721 10.215651512146
  endloop
endfacet
facet normal -0.030386317315399 -0.706635955049048 -0.706924535401006
  outer loop
    vertex 0.546840906143188 -6.90880012512207 10.5219993591309
    vertex 0.357986688613892 -6.90880012512207 10.5301170349121
    vertex 0.462140828371048 -6.60879993438721 10.2257623672485
  endloop
endfacet
facet normal -0.0254737741988827 -0.707580000253888 -0.706173937545682
  outer loop
    vertex 0.357986688613892 -6.90880012512207 10.5301170349121
    vertex 0.275863021612167 -6.60879993438721 10.2324819564819
    vertex 0.462140828371048 -6.60879993438721 10.2257623672485
  endloop
endfacet
facet normal -0.0176957620100131 -0.706629715821704 -0.707362216070821
  outer loop
    vertex 0.357986688613892 -6.90880012512207 10.5301170349121
    vertex 0.169017240405083 -6.90880012512207 10.5348443984985
    vertex 0.275863021612167 -6.60879993438721 10.2324819564819
  endloop
endfacet
facet normal -0.0126102365868668 -0.707586377062108 -0.706514331722537
  outer loop
    vertex 0.169017240405083 -6.90880012512207 10.5348443984985
    vertex 0.0894937515258789 -6.60879993438721 10.2358083724976
    vertex 0.275863021612167 -6.60879993438721 10.2324819564819
  endloop
endfacet
facet normal -0.00500497405259726 -0.706624095639507 -0.707571436461635
  outer loop
    vertex 0.169017240405083 -6.90880012512207 10.5348443984985
    vertex -0.0200065914541483 -6.90880012512207 10.5361814498901
    vertex 0.0894937515258789 -6.60879993438721 10.2358083724976
  endloop
endfacet
facet normal 0.000253070412671855 -0.707591926569209 -0.706621257399918
  outer loop
    vertex -0.0200065914541483 -6.90880012512207 10.5361814498901
    vertex -0.0969051942229271 -6.60879993438721 10.2357416152954
    vertex 0.0894937515258789 -6.60879993438721 10.2358083724976
  endloop
endfacet
facet normal 0.00769315919914737 -0.70661816539076 -0.70755323731952
  outer loop
    vertex -0.0200065914541483 -6.90880012512207 10.5361814498901
    vertex -0.209023982286453 -6.90880012512207 10.5341262817383
    vertex -0.0969051942229271 -6.60879993438721 10.2357416152954
  endloop
endfacet
facet normal 0.0131234384209134 -0.707595712244891 -0.706495635780334
  outer loop
    vertex -0.209023982286453 -6.90880012512207 10.5341262817383
    vertex -0.283271998167038 -6.60879993438721 10.2322797775269
    vertex -0.0969051942229271 -6.60879993438721 10.2357416152954
  endloop
endfacet
facet normal 0.0203843190835322 -0.706613794302537 -0.707305750886328
  outer loop
    vertex -0.209023982286453 -6.90880012512207 10.5341262817383
    vertex -0.397974103689194 -6.90880012512207 10.5286808013916
    vertex -0.283271998167038 -6.60879993438721 10.2322797775269
  endloop
endfacet
facet normal 0.0259864298952514 -0.707599605920251 -0.706135612444809
  outer loop
    vertex -0.397974103689194 -6.90880012512207 10.5286808013916
    vertex -0.469544887542725 -6.60879993438721 10.2254247665405
    vertex -0.283271998167038 -6.60879993438721 10.2322797775269
  endloop
endfacet
facet normal 0.0330684281908272 -0.706611035588632 -0.706829062391572
  outer loop
    vertex -0.397974103689194 -6.90880012512207 10.5286808013916
    vertex -0.58679610490799 -6.90880012512207 10.5198469161987
    vertex -0.469544887542725 -6.60879993438721 10.2254247665405
  endloop
endfacet
facet normal 0.0388384675131496 -0.707603044058786 -0.705541994129314
  outer loop
    vertex -0.58679610490799 -6.90880012512207 10.5198469161987
    vertex -0.655662059783936 -6.60879993438721 10.2151794433594
    vertex -0.469544887542725 -6.60879993438721 10.2254247665405
  endloop
endfacet
facet normal 0.0457454491719578 -0.70660878451145 -0.706124195543041
  outer loop
    vertex -0.58679610490799 -6.90880012512207 10.5198469161987
    vertex -0.775429248809814 -6.90880012512207 10.5076265335083
    vertex -0.655662059783936 -6.60879993438721 10.2151794433594
  endloop
endfacet
facet normal 0.0516796279240269 -0.707604963455195 -0.704715851780848
  outer loop
    vertex -0.775429248809814 -6.90880012512207 10.5076265335083
    vertex -0.841561853885651 -6.60879993438721 10.2015466690063
    vertex -0.655662059783936 -6.60879993438721 10.2151794433594
  endloop
endfacet
facet normal 0.0584046274940561 -0.706607526839393 -0.70519125242816
  outer loop
    vertex -0.775429248809814 -6.90880012512207 10.5076265335083
    vertex -0.963812828063965 -6.90880012512207 10.4920244216919
    vertex -0.841561853885651 -6.60879993438721 10.2015466690063
  endloop
endfacet
facet normal 0.0644991625896051 -0.707605905286222 -0.703657403023166
  outer loop
    vertex -0.963812828063965 -6.90880012512207 10.4920244216919
    vertex -1.02718257904053 -6.60879993438721 10.1845321655273
    vertex -0.841561853885651 -6.60879993438721 10.2015466690063
  endloop
endfacet
facet normal 0.0710496283582853 -0.706605680931536 -0.704031506386916
  outer loop
    vertex -0.963812828063965 -6.90880012512207 10.4920244216919
    vertex -1.15188610553741 -6.90880012512207 10.4730443954468
    vertex -1.02718257904053 -6.60879993438721 10.1845321655273
  endloop
endfacet
facet normal 0.0773078866035345 -0.707605417960769 -0.702366046404196
  outer loop
    vertex -1.15188610553741 -6.90880012512207 10.4730443954468
    vertex -1.21246266365051 -6.60879993438721 10.1641387939453
    vertex -1.02718257904053 -6.60879993438721 10.1845321655273
  endloop
endfacet
facet normal 0.0836657704854573 -0.706606685076139 -0.702642890417874
  outer loop
    vertex -1.15188610553741 -6.90880012512207 10.4730443954468
    vertex -1.33958876132965 -6.90880012512207 10.4506940841675
    vertex -1.21246266365051 -6.60879993438721 10.1641387939453
  endloop
endfacet
facet normal 0.0900805582772941 -0.707605292361845 -0.700842523853939
  outer loop
    vertex -1.33958876132965 -6.90880012512207 10.4506940841675
    vertex -1.39734065532684 -6.60879993438721 10.1403760910034
    vertex -1.21246266365051 -6.60879993438721 10.1641387939453
  endloop
endfacet
facet normal 0.0962569611031208 -0.706607884662191 -0.701027741799435
  outer loop
    vertex -1.33958876132965 -6.90880012512207 10.4506940841675
    vertex -1.52686011791229 -6.90880012512207 10.4249801635742
    vertex -1.39734065532684 -6.60879993438721 10.1403760910034
  endloop
endfacet
facet normal 0.102827970654692 -0.707603945391137 -0.699087308508697
  outer loop
    vertex -1.52686011791229 -6.90880012512207 10.4249801635742
    vertex -1.58175539970398 -6.60879993438721 10.1132507324219
    vertex -1.39734065532684 -6.60879993438721 10.1403760910034
  endloop
endfacet
facet normal 0.108819341106075 -0.706609936406069 -0.699185775580032
  outer loop
    vertex -1.52686011791229 -6.90880012512207 10.4249801635742
    vertex -1.71363997459412 -6.90880012512207 10.3959102630615
    vertex -1.58175539970398 -6.60879993438721 10.1132507324219
  endloop
endfacet
facet normal 0.115543080069806 -0.707601548950586 -0.697101028955426
  outer loop
    vertex -1.71363997459412 -6.90880012512207 10.3959102630615
    vertex -1.76564562320709 -6.60879993438721 10.0827713012695
    vertex -1.58175539970398 -6.60879993438721 10.1132507324219
  endloop
endfacet
facet normal 0.121345664977924 -0.706613105665745 -0.697117743636236
  outer loop
    vertex -1.71363997459412 -6.90880012512207 10.3959102630615
    vertex -1.89986836910248 -6.90880012512207 10.3634939193726
    vertex -1.76564562320709 -6.60879993438721 10.0827713012695
  endloop
endfacet
facet normal 0.128215296653035 -0.707597933701301 -0.694885603481482
  outer loop
    vertex -1.89986836910248 -6.90880012512207 10.3634939193726
    vertex -1.94895029067993 -6.60879993438721 10.0489492416382
    vertex -1.76564562320709 -6.60879993438721 10.0827713012695
  endloop
endfacet
facet normal 0.133829177337713 -0.706616621071988 -0.694825663111199
  outer loop
    vertex -1.89986836910248 -6.90880012512207 10.3634939193726
    vertex -2.08548521995544 -6.90880012512207 10.3277425765991
    vertex -1.94895029067993 -6.60879993438721 10.0489492416382
  endloop
endfacet
facet normal 0.140847846275156 -0.707593767947535 -0.692439848478884
  outer loop
    vertex -2.08548521995544 -6.90880012512207 10.3277425765991
    vertex -2.13160872459412 -6.60879993438721 10.0117950439453
    vertex -1.94895029067993 -6.60879993438721 10.0489492416382
  endloop
endfacet
facet normal 0.146272951162674 -0.706621144296344 -0.692308299958543
  outer loop
    vertex -2.08548521995544 -6.90880012512207 10.3277425765991
    vertex -2.27043080329895 -6.90880012512207 10.2886667251587
    vertex -2.13160872459412 -6.60879993438721 10.0117950439453
  endloop
endfacet
facet normal 0.153437091776794 -0.707588722243401 -0.689764640309309
  outer loop
    vertex -2.27043080329895 -6.90880012512207 10.2886667251587
    vertex -2.31356048583984 -6.60879993438721 9.97132015228271
    vertex -2.13160872459412 -6.60879993438721 10.0117950439453
  endloop
endfacet
facet normal 0.158669773446246 -0.706627010013111 -0.689566655019257
  outer loop
    vertex -2.27043080329895 -6.90880012512207 10.2886667251587
    vertex -2.45464563369751 -6.90880012512207 10.2462787628174
    vertex -2.31356048583984 -6.60879993438721 9.97132015228271
  endloop
endfacet
facet normal 0.165969693489404 -0.707582374995579 -0.686863336798995
  outer loop
    vertex -2.45464563369751 -6.90880012512207 10.2462787628174
    vertex -2.49474477767944 -6.60879993438721 9.92753982543945
    vertex -2.31356048583984 -6.60879993438721 9.97132015228271
  endloop
endfacet
facet normal 0.171013305228633 -0.706632556911898 -0.686603873384742
  outer loop
    vertex -2.45464563369751 -6.90880012512207 10.2462787628174
    vertex -2.63807010650635 -6.90880012512207 10.2005929946899
    vertex -2.49474477767944 -6.60879993438721 9.92753982543945
  endloop
endfacet
facet normal 0.178454901608468 -0.707575112073882 -0.683733360942367
  outer loop
    vertex -2.63807010650635 -6.90880012512207 10.2005929946899
    vertex -2.67510199546814 -6.60879993438721 9.88046646118164
    vertex -2.49474477767944 -6.60879993438721 9.92753982543945
  endloop
endfacet
facet normal 0.183301913366434 -0.706640191734238 -0.683417916052838
  outer loop
    vertex -2.63807010650635 -6.90880012512207 10.2005929946899
    vertex -2.82064580917358 -6.90880012512207 10.1516237258911
    vertex -2.67510199546814 -6.60879993438721 9.88046646118164
  endloop
endfacet
facet normal 0.190876014371782 -0.707567408496922 -0.680378357658805
  outer loop
    vertex -2.82064580917358 -6.90880012512207 10.1516237258911
    vertex -2.854572057724 -6.60879993438721 9.83011722564697
    vertex -2.67510199546814 -6.60879993438721 9.88046646118164
  endloop
endfacet
facet normal 0.195530105113662 -0.706648319255424 -0.680011860843415
  outer loop
    vertex -2.82064580917358 -6.90880012512207 10.1516237258911
    vertex -3.00231337547302 -6.90880012512207 10.0993871688843
    vertex -2.854572057724 -6.60879993438721 9.83011722564697
  endloop
endfacet
facet normal 0.203235714177024 -0.70755870934463 -0.67679828406514
  outer loop
    vertex -3.00231337547302 -6.90880012512207 10.0993871688843
    vertex -3.0330958366394 -6.60879993438721 9.77650833129883
    vertex -2.854572057724 -6.60879993438721 9.83011722564697
  endloop
endfacet
facet normal 0.207693206558677 -0.706657809032194 -0.676386186200749
  outer loop
    vertex -3.00231337547302 -6.90880012512207 10.0993871688843
    vertex -3.18301463127136 -6.90880012512207 10.0439004898071
    vertex -3.0330958366394 -6.60879993438721 9.77650833129883
  endloop
endfacet
facet normal 0.215527914927069 -0.707549702530946 -0.672994157727658
  outer loop
    vertex -3.18301463127136 -6.90880012512207 10.0439004898071
    vertex -3.210613489151 -6.60879993438721 9.71965789794922
    vertex -3.0330958366394 -6.60879993438721 9.77650833129883
  endloop
endfacet
facet normal 0.219794716566914 -0.706667425464367 -0.672541026523166
  outer loop
    vertex -3.18301463127136 -6.90880012512207 10.0439004898071
    vertex -3.3626914024353 -6.90880012512207 9.98517990112305
    vertex -3.210613489151 -6.60879993438721 9.71965789794922
  endloop
endfacet
facet normal 0.227751382367713 -0.707538623274679 -0.668968163969084
  outer loop
    vertex -3.3626914024353 -6.90880012512207 9.98517990112305
    vertex -3.38706684112549 -6.60879993438721 9.65958404541016
    vertex -3.210613489151 -6.60879993438721 9.71965789794922
  endloop
endfacet
facet normal 0.231821127206927 -0.706677934950484 -0.668479813632865
  outer loop
    vertex -3.3626914024353 -6.90880012512207 9.98517990112305
    vertex -3.54128575325012 -6.90880012512207 9.92324542999268
    vertex -3.38706684112549 -6.60879993438721 9.65958404541016
  endloop
endfacet
facet normal 0.239897086323664 -0.707526785198793 -0.66472192396496
  outer loop
    vertex -3.54128575325012 -6.90880012512207 9.92324542999268
    vertex -3.56239676475525 -6.60879993438721 9.5963077545166
    vertex -3.38706684112549 -6.60879993438721 9.65958404541016
  endloop
endfacet
facet normal 0.243771779699203 -0.706688950196636 -0.664203317586008
  outer loop
    vertex -3.54128575325012 -6.90880012512207 9.92324542999268
    vertex -3.71874046325684 -6.90880012512207 9.85811710357666
    vertex -3.56239676475525 -6.60879993438721 9.5963077545166
  endloop
endfacet
facet normal 0.251966668849019 -0.707514020860729 -0.660255032600746
  outer loop
    vertex -3.71874046325684 -6.90880012512207 9.85811710357666
    vertex -3.73654556274414 -6.60879993438721 9.5298490524292
    vertex -3.56239676475525 -6.60879993438721 9.5963077545166
  endloop
endfacet
facet normal 0.255643464561923 -0.70670135047173 -0.659711770600018
  outer loop
    vertex -3.71874046325684 -6.90880012512207 9.85811710357666
    vertex -3.89499807357788 -6.90880012512207 9.78981590270996
    vertex -3.73654556274414 -6.60879993438721 9.5298490524292
  endloop
endfacet
facet normal 0.263953822384515 -0.707500860830027 -0.655569150870734
  outer loop
    vertex -3.89499807357788 -6.90880012512207 9.78981590270996
    vertex -3.90945529937744 -6.60879993438721 9.46022987365723
    vertex -3.73654556274414 -6.60879993438721 9.5298490524292
  endloop
endfacet
facet normal 0.267432440569829 -0.706715147467889 -0.655006557272754
  outer loop
    vertex -3.89499807357788 -6.90880012512207 9.78981590270996
    vertex -4.07000160217285 -6.90880012512207 9.71836376190186
    vertex -3.90945529937744 -6.60879993438721 9.46022987365723
  endloop
endfacet
facet normal 0.275851846049001 -0.707487056707692 -0.650667214190516
  outer loop
    vertex -4.07000160217285 -6.90880012512207 9.71836376190186
    vertex -4.08106851577759 -6.60879993438721 9.38747406005859
    vertex -3.90945529937744 -6.60879993438721 9.46022987365723
  endloop
endfacet
facet normal 0.279133578950423 -0.706729758903648 -0.650090372934656
  outer loop
    vertex -4.07000160217285 -6.90880012512207 9.71836376190186
    vertex -4.2436957359314 -6.90880012512207 9.64378356933594
    vertex -4.08106851577759 -6.60879993438721 9.38747406005859
  endloop
endfacet
facet normal 0.287659250821657 -0.70747240703554 -0.645550113236813
  outer loop
    vertex -4.2436957359314 -6.90880012512207 9.64378356933594
    vertex -4.25132894515991 -6.60879993438721 9.31160545349121
    vertex -4.08106851577759 -6.60879993438721 9.38747406005859
  endloop
endfacet
facet normal 0.290745807464063 -0.70674488154583 -0.644963989576814
  outer loop
    vertex -4.2436957359314 -6.90880012512207 9.64378356933594
    vertex -4.41602373123169 -6.90880012512207 9.56609916687012
    vertex -4.25132894515991 -6.60879993438721 9.31160545349121
  endloop
endfacet
facet normal 0.299374479427267 -0.707456521538616 -0.640218861952797
  outer loop
    vertex -4.41602373123169 -6.90880012512207 9.56609916687012
    vertex -4.42017936706543 -6.60879993438721 9.2326488494873
    vertex -4.25132894515991 -6.60879993438721 9.31160545349121
  endloop
endfacet
facet normal 0.302263958970801 -0.706760989961568 -0.639629112983331
  outer loop
    vertex -4.41602373123169 -6.90880012512207 9.56609916687012
    vertex -4.58693027496338 -6.90880012512207 9.48533535003662
    vertex -4.42017936706543 -6.60879993438721 9.2326488494873
  endloop
endfacet
facet normal 0.31098948155543 -0.707439678704636 -0.634676802282994
  outer loop
    vertex -4.58693027496338 -6.90880012512207 9.48533535003662
    vertex -4.58756399154663 -6.60879993438721 9.15063095092773
    vertex -4.42017936706543 -6.60879993438721 9.2326488494873
  endloop
endfacet
facet normal 0.313682250060602 -0.706777867387547 -0.634088710014639
  outer loop
    vertex -4.58693027496338 -6.90880012512207 9.48533535003662
    vertex -4.75636005401611 -6.90880012512207 9.40151882171631
    vertex -4.58756399154663 -6.60879993438721 9.15063095092773
  endloop
endfacet
facet normal 0.32250348904799 -0.70742205225545 -0.628924112699267
  outer loop
    vertex -4.75636005401611 -6.90880012512207 9.40151882171631
    vertex -4.75342750549316 -6.60879993438721 9.06557846069336
    vertex -4.58756399154663 -6.60879993438721 9.15063095092773
  endloop
endfacet
facet normal 0.325001476126825 -0.706795305029424 -0.62834261140221
  outer loop
    vertex -4.75636005401611 -6.90880012512207 9.40151882171631
    vertex -4.92425918579102 -6.90880012512207 9.31467533111572
    vertex -4.75342750549316 -6.60879993438721 9.06557846069336
  endloop
endfacet
facet normal 0.333911067498282 -0.707402976721418 -0.62296422652335
  outer loop
    vertex -4.92425918579102 -6.90880012512207 9.31467533111572
    vertex -4.91771459579468 -6.60879993438721 8.97751998901367
    vertex -4.75342750549316 -6.60879993438721 9.06557846069336
  endloop
endfacet
facet normal 0.336210610277604 -0.706814084304275 -0.622395594269329
  outer loop
    vertex -4.92425918579102 -6.90880012512207 9.31467533111572
    vertex -5.09057331085205 -6.90880012512207 9.22483444213867
    vertex -4.91771459579468 -6.60879993438721 8.97751998901367
  endloop
endfacet
facet normal 0.34520667328073 -0.707383654958072 -0.616798765741802
  outer loop
    vertex -5.09057331085205 -6.90880012512207 9.22483444213867
    vertex -5.08037137985229 -6.60879993438721 8.88648509979248
    vertex -4.91771459579468 -6.60879993438721 8.97751998901367
  endloop
endfacet
facet normal 0.347311328405224 -0.706833601713379 -0.616247596871819
  outer loop
    vertex -5.09057331085205 -6.90880012512207 9.22483444213867
    vertex -5.2552490234375 -6.90880012512207 9.13202476501465
    vertex -5.08037137985229 -6.60879993438721 8.88648509979248
  endloop
endfacet
facet normal 0.356392161623916 -0.707363422818965 -0.610427403702414
  outer loop
    vertex -5.2552490234375 -6.90880012512207 9.13202476501465
    vertex -5.24134302139282 -6.60879993438721 8.79250335693359
    vertex -5.08037137985229 -6.60879993438721 8.88648509979248
  endloop
endfacet
facet normal 0.358303578024934 -0.706853674206807 -0.609898704077052
  outer loop
    vertex -5.2552490234375 -6.90880012512207 9.13202476501465
    vertex -5.41823291778564 -6.90880012512207 9.03627490997314
    vertex -5.24134302139282 -6.60879993438721 8.79250335693359
  endloop
endfacet
facet normal 0.367461114037993 -0.707341735445029 -0.603854286204521
  outer loop
    vertex -5.41823291778564 -6.90880012512207 9.03627490997314
    vertex -5.40057706832886 -6.60879993438721 8.69560527801514
    vertex -5.24134302139282 -6.60879993438721 8.79250335693359
  endloop
endfacet
facet normal 0.369176585947346 -0.706874958026815 -0.603354325502727
  outer loop
    vertex -5.41823291778564 -6.90880012512207 9.03627490997314
    vertex -5.57947301864624 -6.90880012512207 8.9376163482666
    vertex -5.40057706832886 -6.60879993438721 8.69560527801514
  endloop
endfacet
facet normal 0.37840671311563 -0.707319522048621 -0.597082450921091
  outer loop
    vertex -5.57947301864624 -6.90880012512207 8.9376163482666
    vertex -5.55802011489868 -6.60879993438721 8.59582424163818
    vertex -5.40057706832886 -6.60879993438721 8.69560527801514
  endloop
endfacet
facet normal 0.379927881087371 -0.7068972635716 -0.596616345675715
  outer loop
    vertex -5.57947301864624 -6.90880012512207 8.9376163482666
    vertex -5.73891735076904 -6.90880012512207 8.83608150482178
    vertex -5.55802011489868 -6.60879993438721 8.59582424163818
  endloop
endfacet
facet normal 0.389226795181648 -0.707296611835835 -0.590113552461025
  outer loop
    vertex -5.73891735076904 -6.90880012512207 8.83608150482178
    vertex -5.71362018585205 -6.60879993438721 8.49319362640381
    vertex -5.55802011489868 -6.60879993438721 8.59582424163818
  endloop
endfacet
facet normal 0.390557036669322 -0.706919937673658 -0.589685850964349
  outer loop
    vertex -5.73891735076904 -6.90880012512207 8.83608150482178
    vertex -5.89651441574097 -6.90880012512207 8.73170280456543
    vertex -5.71362018585205 -6.60879993438721 8.49319362640381
  endloop
endfacet
facet normal 0.39992331083136 -0.70727239831699 -0.582946910132147
  outer loop
    vertex -5.89651441574097 -6.90880012512207 8.73170280456543
    vertex -5.86732578277588 -6.60879993438721 8.38774585723877
    vertex -5.71362018585205 -6.60879993438721 8.49319362640381
  endloop
endfacet
facet normal 0.401062978875726 -0.706943228755014 -0.582563093829986
  outer loop
    vertex -5.89651441574097 -6.90880012512207 8.73170280456543
    vertex -6.05221319198608 -6.90880012512207 8.62451267242431
    vertex -5.86732578277588 -6.60879993438721 8.38774585723877
  endloop
endfacet
facet normal 0.41096511515435 -0.707106820540538 -0.575419515198454
  outer loop
    vertex -5.86732578277588 -6.60879993438721 8.38774585723877
    vertex -6.2059645652771 -6.90880012512207 8.51454734802246
    vertex -6.01908540725708 -6.60879993438721 8.27951717376709
  endloop
endfacet
facet normal 0.41096511515435 -0.707106820540538 -0.575419515198454
  outer loop
    vertex -6.2059645652771 -6.90880012512207 8.51454734802246
    vertex -5.86732578277588 -6.60879993438721 8.38774585723877
    vertex -6.05221319198608 -6.90880012512207 8.62451267242431
  endloop
endfacet
facet normal 0.421297868761402 -0.707106950083899 -0.567897760974762
  outer loop
    vertex -6.01908540725708 -6.60879993438721 8.27951717376709
    vertex -6.35771799087524 -6.90880012512207 8.40184116363525
    vertex -6.1688494682312 -6.60879993438721 8.16854286193848
  endloop
endfacet
facet normal 0.421297868761402 -0.707106950083899 -0.567897760974762
  outer loop
    vertex -6.35771799087524 -6.90880012512207 8.40184116363525
    vertex -6.01908540725708 -6.60879993438721 8.27951717376709
    vertex -6.2059645652771 -6.90880012512207 8.51454734802246
  endloop
endfacet
facet normal 0.431493922308876 -0.707106972483751 -0.560189900368942
  outer loop
    vertex -6.1688494682312 -6.60879993438721 8.16854286193848
    vertex -6.50742483139038 -6.90880012512207 8.28643035888672
    vertex -6.31656789779663 -6.60879993438721 8.05485916137695
  endloop
endfacet
facet normal 0.431493922308876 -0.707106972483751 -0.560189900368942
  outer loop
    vertex -6.50742483139038 -6.90880012512207 8.28643035888672
    vertex -6.1688494682312 -6.60879993438721 8.16854286193848
    vertex -6.35771799087524 -6.90880012512207 8.40184116363525
  endloop
endfacet
facet normal 0.44154534755977 -0.707107126659829 -0.552301744950351
  outer loop
    vertex -6.31656789779663 -6.60879993438721 8.05485916137695
    vertex -6.65503740310669 -6.90880012512207 8.16835308074951
    vertex -6.46219205856323 -6.60879993438721 7.93850517272949
  endloop
endfacet
facet normal 0.44154534755977 -0.707107126659829 -0.552301744950351
  outer loop
    vertex -6.65503740310669 -6.90880012512207 8.16835308074951
    vertex -6.31656789779663 -6.60879993438721 8.05485916137695
    vertex -6.50742483139038 -6.90880012512207 8.28643035888672
  endloop
endfacet
facet normal 0.451456728145669 -0.707106850420071 -0.544230396708062
  outer loop
    vertex -6.46219205856323 -6.60879993438721 7.93850517272949
    vertex -6.80050754547119 -6.90880012512207 8.04764556884765
    vertex -6.60567283630371 -6.60879993438721 7.81951904296875
  endloop
endfacet
facet normal 0.451456728145669 -0.707106850420071 -0.544230396708062
  outer loop
    vertex -6.80050754547119 -6.90880012512207 8.04764556884765
    vertex -6.46219205856323 -6.60879993438721 7.93850517272949
    vertex -6.65503740310669 -6.90880012512207 8.16835308074951
  endloop
endfacet
facet normal 0.461217681637969 -0.707106803022754 -0.53598341323537
  outer loop
    vertex -6.60567283630371 -6.60879993438721 7.81951904296875
    vertex -6.94378900527954 -6.90880012512207 7.92434883117676
    vertex -6.74696350097656 -6.60879993438721 7.69793939590454
  endloop
endfacet
facet normal 0.461217681637969 -0.707106803022754 -0.53598341323537
  outer loop
    vertex -6.94378900527954 -6.90880012512207 7.92434883117676
    vertex -6.60567283630371 -6.60879993438721 7.81951904296875
    vertex -6.80050754547119 -6.90880012512207 8.04764556884765
  endloop
endfacet
facet normal 0.470829283774584 -0.707106896962759 -0.527560064644785
  outer loop
    vertex -6.74696350097656 -6.60879993438721 7.69793939590454
    vertex -7.08483552932739 -6.90880012512207 7.79850053787231
    vertex -6.88601684570312 -6.60879993438721 7.57380771636963
  endloop
endfacet
facet normal 0.470829283774584 -0.707106896962759 -0.527560064644785
  outer loop
    vertex -7.08483552932739 -6.90880012512207 7.79850053787231
    vertex -6.74696350097656 -6.60879993438721 7.69793939590454
    vertex -6.94378900527954 -6.90880012512207 7.92434883117676
  endloop
endfacet
facet normal 0.480286380661154 -0.707106855046045 -0.518965208947865
  outer loop
    vertex -6.88601684570312 -6.60879993438721 7.57380771636963
    vertex -7.22360181808472 -6.90880012512207 7.67014265060425
    vertex -7.02278709411621 -6.60879993438721 7.4471640586853
  endloop
endfacet
facet normal 0.480286380661154 -0.707106855046045 -0.518965208947865
  outer loop
    vertex -7.22360181808472 -6.90880012512207 7.67014265060425
    vertex -6.88601684570312 -6.60879993438721 7.57380771636963
    vertex -7.08483552932739 -6.90880012512207 7.79850053787231
  endloop
endfacet
facet normal 0.489587754045317 -0.707107040718869 -0.510199435568745
  outer loop
    vertex -7.02278709411621 -6.60879993438721 7.4471640586853
    vertex -7.36004257202148 -6.90880012512207 7.53931570053101
    vertex -7.15722799301147 -6.60879993438721 7.3180513381958
  endloop
endfacet
facet normal 0.489587754045317 -0.707107040718869 -0.510199435568745
  outer loop
    vertex -7.36004257202148 -6.90880012512207 7.53931570053101
    vertex -7.02278709411621 -6.60879993438721 7.4471640586853
    vertex -7.22360181808472 -6.90880012512207 7.67014265060425
  endloop
endfacet
facet normal 0.498727864184668 -0.707106910178369 -0.50126872539966
  outer loop
    vertex -7.15722799301147 -6.60879993438721 7.3180513381958
    vertex -7.4941143989563 -6.90880012512207 7.40606212615967
    vertex -7.28929615020752 -6.60879993438721 7.1865119934082
  endloop
endfacet
facet normal 0.498727864184668 -0.707106910178369 -0.50126872539966
  outer loop
    vertex -7.4941143989563 -6.90880012512207 7.40606212615967
    vertex -7.15722799301147 -6.60879993438721 7.3180513381958
    vertex -7.36004257202148 -6.90880012512207 7.53931570053101
  endloop
endfacet
facet normal 0.507705784139965 -0.707107067708175 -0.492173172316381
  outer loop
    vertex -7.28929615020752 -6.60879993438721 7.1865119934082
    vertex -7.62577438354492 -6.90880012512207 7.27042484283447
    vertex -7.41894674301147 -6.60879993438721 7.05258941650391
  endloop
endfacet
facet normal 0.507705784139965 -0.707107067708175 -0.492173172316381
  outer loop
    vertex -7.62577438354492 -6.90880012512207 7.27042484283447
    vertex -7.28929615020752 -6.60879993438721 7.1865119934082
    vertex -7.4941143989563 -6.90880012512207 7.40606212615967
  endloop
endfacet
facet normal 0.516254617646925 -0.706947392807215 -0.483432056820095
  outer loop
    vertex -7.62577438354492 -6.90880012512207 7.27042484283447
    vertex -7.75497961044311 -6.90880012512207 7.13244724273682
    vertex -7.41894674301147 -6.60879993438721 7.05258941650391
  endloop
endfacet
facet normal 0.516789030080132 -0.707268626243055 -0.4823900794182
  outer loop
    vertex -7.75497961044311 -6.90880012512207 7.13244724273682
    vertex -7.54613780975342 -6.60879993438721 6.91632843017578
    vertex -7.41894674301147 -6.60879993438721 7.05258941650391
  endloop
endfacet
facet normal 0.524862171378367 -0.706923084378564 -0.474109115951891
  outer loop
    vertex -7.75497961044311 -6.90880012512207 7.13244724273682
    vertex -7.88168859481812 -6.90880012512207 6.99217414855957
    vertex -7.54613780975342 -6.60879993438721 6.91632843017578
  endloop
endfacet
facet normal 0.52547044610162 -0.707293154169204 -0.472881808001898
  outer loop
    vertex -7.88168859481812 -6.90880012512207 6.99217414855957
    vertex -7.67082595825195 -6.60879993438721 6.7777738571167
    vertex -7.54613780975342 -6.60879993438721 6.91632843017578
  endloop
endfacet
facet normal 0.533301931256223 -0.70690034641688 -0.464629906865752
  outer loop
    vertex -7.88168859481812 -6.90880012512207 6.99217414855957
    vertex -8.00586032867431 -6.90880012512207 6.84964990615845
    vertex -7.67082595825195 -6.60879993438721 6.7777738571167
  endloop
endfacet
facet normal 0.533975700935337 -0.707315509344676 -0.463222107688198
  outer loop
    vertex -8.00586032867431 -6.90880012512207 6.84964990615845
    vertex -7.79297113418579 -6.60879993438721 6.63697195053101
    vertex -7.67082595825195 -6.60879993438721 6.7777738571167
  endloop
endfacet
facet normal 0.541567847544656 -0.706877242973548 -0.455004208631045
  outer loop
    vertex -8.00586032867431 -6.90880012512207 6.84964990615845
    vertex -8.12745571136474 -6.90880012512207 6.70492124557495
    vertex -7.79297113418579 -6.60879993438721 6.63697195053101
  endloop
endfacet
facet normal 0.542305752041687 -0.707338061861128 -0.453406371310597
  outer loop
    vertex -8.12745571136474 -6.90880012512207 6.70492124557495
    vertex -7.91253185272217 -6.60879993438721 6.49396896362305
    vertex -7.79297113418579 -6.60879993438721 6.63697195053101
  endloop
endfacet
facet normal 0.549659750645942 -0.706856169357321 -0.445228609100242
  outer loop
    vertex -8.12745571136474 -6.90880012512207 6.70492124557495
    vertex -8.24643516540527 -6.90880012512207 6.55803442001343
    vertex -7.91253185272217 -6.60879993438721 6.49396896362305
  endloop
endfacet
facet normal 0.550455305073124 -0.707360068645022 -0.443441868121812
  outer loop
    vertex -8.24643516540527 -6.90880012512207 6.55803442001343
    vertex -8.02946853637695 -6.60879993438721 6.34881258010864
    vertex -7.91253185272217 -6.60879993438721 6.49396896362305
  endloop
endfacet
facet normal 0.557574073175137 -0.706836321044716 -0.435308589594622
  outer loop
    vertex -8.24643516540527 -6.90880012512207 6.55803442001343
    vertex -8.36276054382324 -6.90880012512207 6.40903663635254
    vertex -8.02946853637695 -6.60879993438721 6.34881258010864
  endloop
endfacet
facet normal 0.558420365557375 -0.707380429865371 -0.433335462170188
  outer loop
    vertex -8.36276054382324 -6.90880012512207 6.40903663635254
    vertex -8.14374351501465 -6.60879993438721 6.20155143737793
    vertex -8.02946853637695 -6.60879993438721 6.34881258010864
  endloop
endfacet
facet normal 0.565310495196777 -0.70681629670709 -0.425246712779358
  outer loop
    vertex -8.36276054382324 -6.90880012512207 6.40903663635254
    vertex -8.476393699646 -6.90880012512207 6.25797605514526
    vertex -8.14374351501465 -6.60879993438721 6.20155143737793
  endloop
endfacet
facet normal 0.566204948615562 -0.707400525044535 -0.423079724555509
  outer loop
    vertex -8.476393699646 -6.90880012512207 6.25797605514526
    vertex -8.25531673431396 -6.60879993438721 6.05223369598389
    vertex -8.14374351501465 -6.60879993438721 6.20155143737793
  endloop
endfacet
facet normal 0.572863178664609 -0.706798238084739 -0.415047020433335
  outer loop
    vertex -8.476393699646 -6.90880012512207 6.25797605514526
    vertex -8.58729839324951 -6.90880012512207 6.10490131378174
    vertex -8.25531673431396 -6.60879993438721 6.05223369598389
  endloop
endfacet
facet normal 0.573797727697286 -0.707418950990784 -0.412691889269136
  outer loop
    vertex -8.58729839324951 -6.90880012512207 6.10490131378174
    vertex -8.36415386199951 -6.60879993438721 5.90090894699097
    vertex -8.25531673431396 -6.60879993438721 6.05223369598389
  endloop
endfacet
facet normal 0.580231581971905 -0.706779872629332 -0.404714124943083
  outer loop
    vertex -8.58729839324951 -6.90880012512207 6.10490131378174
    vertex -8.69543933868408 -6.90880012512207 5.94986152648926
    vertex -8.36415386199951 -6.60879993438721 5.90090894699097
  endloop
endfacet
facet normal 0.581203842408873 -0.707437174975504 -0.402162575374487
  outer loop
    vertex -8.69543933868408 -6.90880012512207 5.94986152648926
    vertex -8.47021675109863 -6.60879993438721 5.74762725830078
    vertex -8.36415386199951 -6.60879993438721 5.90090894699097
  endloop
endfacet
facet normal 0.587413293463658 -0.706763322897325 -0.3942476735116
  outer loop
    vertex -8.69543933868408 -6.90880012512207 5.94986152648926
    vertex -8.80078125 -6.90880012512207 5.79290628433227
    vertex -8.47021675109863 -6.60879993438721 5.74762725830078
  endloop
endfacet
facet normal 0.588415775578519 -0.707453921447484 -0.391504564569695
  outer loop
    vertex -8.80078125 -6.90880012512207 5.79290628433227
    vertex -8.57347106933594 -6.60879993438721 5.59244012832642
    vertex -8.47021675109863 -6.60879993438721 5.74762725830078
  endloop
endfacet
facet normal 0.594405783434201 -0.706746861243517 -0.383654321938917
  outer loop
    vertex -8.80078125 -6.90880012512207 5.79290628433227
    vertex -8.90328979492188 -6.90880012512207 5.63408708572388
    vertex -8.57347106933594 -6.60879993438721 5.59244012832642
  endloop
endfacet
facet normal 0.595434304486212 -0.707469695457349 -0.380715929599101
  outer loop
    vertex -8.90328979492188 -6.90880012512207 5.63408708572388
    vertex -8.67388248443603 -6.60879993438721 5.43539810180664
    vertex -8.57347106933594 -6.60879993438721 5.59244012832642
  endloop
endfacet
facet normal 0.601204888223169 -0.7067315321961 -0.372938632721684
  outer loop
    vertex -8.90328979492188 -6.90880012512207 5.63408708572388
    vertex -9.00293350219727 -6.90880012512207 5.47345399856567
    vertex -8.67388248443603 -6.60879993438721 5.43539810180664
  endloop
endfacet
facet normal 0.60225458360303 -0.707485108234474 -0.369802972075124
  outer loop
    vertex -9.00293350219727 -6.90880012512207 5.47345399856567
    vertex -8.77141761779785 -6.60879993438721 5.27655410766601
    vertex -8.67388248443603 -6.60879993438721 5.43539810180664
  endloop
endfacet
facet normal 0.607811763894104 -0.706717243183879 -0.36209887856567
  outer loop
    vertex -9.00293350219727 -6.90880012512207 5.47345399856567
    vertex -9.0996789932251 -6.90880012512207 5.31105899810791
    vertex -8.77141761779785 -6.60879993438721 5.27655410766601
  endloop
endfacet
facet normal 0.608876746337005 -0.707499336771224 -0.358767050101233
  outer loop
    vertex -9.0996789932251 -6.90880012512207 5.31105899810791
    vertex -8.86604404449463 -6.60879993438721 5.11596012115479
    vertex -8.77141761779785 -6.60879993438721 5.27655410766601
  endloop
endfacet
facet normal 0.614221261243471 -0.706703861695944 -0.351143694376703
  outer loop
    vertex -9.0996789932251 -6.90880012512207 5.31105899810791
    vertex -9.19349575042725 -6.90880012512207 5.14695453643799
    vertex -8.86604404449463 -6.60879993438721 5.11596012115479
  endloop
endfacet
facet normal 0.615295796315637 -0.707512333508013 -0.347616715608372
  outer loop
    vertex -9.19349575042725 -6.90880012512207 5.14695453643799
    vertex -8.95773124694824 -6.60879993438721 4.95367002487183
    vertex -8.86604404449463 -6.60879993438721 5.11596012115479
  endloop
endfacet
facet normal 0.620433618331018 -0.706690602508881 -0.340074282430052
  outer loop
    vertex -9.19349575042725 -6.90880012512207 5.14695453643799
    vertex -9.28435325622559 -6.90880012512207 4.98119354248047
    vertex -8.95773124694824 -6.60879993438721 4.95367002487183
  endloop
endfacet
facet normal 0.621513490845334 -0.707524454796766 -0.336348222177235
  outer loop
    vertex -9.28435325622559 -6.90880012512207 4.98119354248047
    vertex -9.04644775390625 -6.60879993438721 4.78973722457886
    vertex -8.95773124694824 -6.60879993438721 4.95367002487183
  endloop
endfacet
facet normal 0.626444187986772 -0.706678817221473 -0.328896227749807
  outer loop
    vertex -9.28435325622559 -6.90880012512207 4.98119354248047
    vertex -9.37222290039062 -6.90880012512207 4.81382942199707
    vertex -9.04644775390625 -6.60879993438721 4.78973722457886
  endloop
endfacet
facet normal 0.627524835101068 -0.707536843828216 -0.324967992203822
  outer loop
    vertex -9.37222290039062 -6.90880012512207 4.81382942199707
    vertex -9.13216400146484 -6.60879993438721 4.62421607971191
    vertex -9.04644775390625 -6.60879993438721 4.78973722457886
  endloop
endfacet
facet normal 0.632254220257594 -0.706668638002793 -0.317606733287788
  outer loop
    vertex -9.37222290039062 -6.90880012512207 4.81382942199707
    vertex -9.45707511901855 -6.90880012512207 4.64491558074951
    vertex -9.13216400146484 -6.60879993438721 4.62421607971191
  endloop
endfacet
facet normal 0.633328330515636 -0.707547436488957 -0.313483414049585
  outer loop
    vertex -9.45707511901855 -6.90880012512207 4.64491558074951
    vertex -9.21485233306885 -6.60879993438721 4.45716142654419
    vertex -9.13216400146484 -6.60879993438721 4.62421607971191
  endloop
endfacet
facet normal 0.637859601069078 -0.706658461451905 -0.306217158536918
  outer loop
    vertex -9.45707511901855 -6.90880012512207 4.64491558074951
    vertex -9.53888320922851 -6.90880012512207 4.47450685501099
    vertex -9.21485233306885 -6.60879993438721 4.45716142654419
  endloop
endfacet
facet normal 0.638922746721545 -0.707556903237462 -0.301895598515132
  outer loop
    vertex -9.53888320922851 -6.90880012512207 4.47450685501099
    vertex -9.29448509216309 -6.60879993438721 4.28862905502319
    vertex -9.21485233306885 -6.60879993438721 4.45716142654419
  endloop
endfacet
facet normal 0.643258618129592 -0.706649068581394 -0.294729442158492
  outer loop
    vertex -9.53888320922851 -6.90880012512207 4.47450685501099
    vertex -9.61762142181396 -6.90880012512207 4.30265760421753
    vertex -9.29448509216309 -6.60879993438721 4.28862905502319
  endloop
endfacet
facet normal 0.644306284445484 -0.707566024054516 -0.290206363520409
  outer loop
    vertex -9.61762142181396 -6.90880012512207 4.30265760421753
    vertex -9.3710355758667 -6.60879993438721 4.11867427825928
    vertex -9.29448509216309 -6.60879993438721 4.28862905502319
  endloop
endfacet
facet normal 0.648449561923062 -0.706641254991885 -0.28314537323658
  outer loop
    vertex -9.61762142181396 -6.90880012512207 4.30265760421753
    vertex -9.69326400756836 -6.90880012512207 4.12942361831665
    vertex -9.3710355758667 -6.60879993438721 4.11867427825928
  endloop
endfacet
facet normal 0.649475657434287 -0.707574217246167 -0.278424311957083
  outer loop
    vertex -9.69326400756836 -6.90880012512207 4.12942361831665
    vertex -9.44447898864746 -6.60879993438721 3.94735407829285
    vertex -9.3710355758667 -6.60879993438721 4.11867427825928
  endloop
endfacet
facet normal 0.653432196914189 -0.70663376745478 -0.271468382557822
  outer loop
    vertex -9.69326400756836 -6.90880012512207 4.12942361831665
    vertex -9.76578617095947 -6.90880012512207 3.95486068725586
    vertex -9.44447898864746 -6.60879993438721 3.94735407829285
  endloop
endfacet
facet normal 0.654431608598609 -0.707581064799271 -0.266548881829519
  outer loop
    vertex -9.76578617095947 -6.90880012512207 3.95486068725586
    vertex -9.51479053497314 -6.60879993438721 3.77472496032715
    vertex -9.44447898864746 -6.60879993438721 3.94735407829285
  endloop
endfacet
facet normal 0.658201897555037 -0.706627458661437 -0.259707328969797
  outer loop
    vertex -9.76578617095947 -6.90880012512207 3.95486068725586
    vertex -9.83516597747803 -6.90880012512207 3.77902460098267
    vertex -9.51479053497314 -6.60879993438721 3.77472496032715
  endloop
endfacet
facet normal 0.65916995284241 -0.707587871992514 -0.254586678125234
  outer loop
    vertex -9.83516597747803 -6.90880012512207 3.77902460098267
    vertex -9.58194732666015 -6.60879993438721 3.60084414482117
    vertex -9.51479053497314 -6.60879993438721 3.77472496032715
  endloop
endfacet
facet normal 0.662762401028533 -0.706621644593841 -0.247854495973724
  outer loop
    vertex -9.83516597747803 -6.90880012512207 3.77902460098267
    vertex -9.9013786315918 -6.90880012512207 3.6019721031189
    vertex -9.58194732666015 -6.60879993438721 3.60084414482117
  endloop
endfacet
facet normal 0.663692762729865 -0.707592279970224 -0.242538825812568
  outer loop
    vertex -9.9013786315918 -6.90880012512207 3.6019721031189
    vertex -9.6459264755249 -6.60879993438721 3.42576909065247
    vertex -9.58194732666015 -6.60879993438721 3.60084414482117
  endloop
endfacet
facet normal 0.667106230012127 -0.70661650690818 -0.235928781720012
  outer loop
    vertex -9.9013786315918 -6.90880012512207 3.6019721031189
    vertex -9.96440505981445 -6.90880012512207 3.42376017570496
    vertex -9.6459264755249 -6.60879993438721 3.42576909065247
  endloop
endfacet
facet normal 0.667994854840729 -0.707596809576646 -0.230411868147595
  outer loop
    vertex -9.6459264755249 -6.60879993438721 3.42576909065247
    vertex -9.96440505981445 -6.90880012512207 3.42376017570496
    vertex -9.70670700073242 -6.60879993438721 3.24955821037292
  endloop
endfacet
facet normal 0.671234850637372 -0.706612811540801 -0.223924339579756
  outer loop
    vertex -9.96440505981445 -6.90880012512207 3.42376017570496
    vertex -10.024224281311 -6.90880012512207 3.24444627761841
    vertex -9.70670700073242 -6.60879993438721 3.24955821037292
  endloop
endfacet
facet normal 0.672076088658892 -0.707600557132036 -0.218209034183734
  outer loop
    vertex -9.70670700073242 -6.60879993438721 3.24955821037292
    vertex -10.024224281311 -6.90880012512207 3.24444627761841
    vertex -9.76426887512207 -6.60879993438721 3.07226967811584
  endloop
endfacet
facet normal 0.675146274611719 -0.706610177667028 -0.211847975433535
  outer loop
    vertex -10.024224281311 -6.90880012512207 3.24444627761841
    vertex -10.0808172225952 -6.90880012512207 3.0640881061554
    vertex -9.76426887512207 -6.60879993438721 3.07226967811584
  endloop
endfacet
facet normal 0.67593494803994 -0.707603623744403 -0.205934595641509
  outer loop
    vertex -9.76426887512207 -6.60879993438721 3.07226967811584
    vertex -10.0808172225952 -6.90880012512207 3.0640881061554
    vertex -9.81859302520752 -6.60879993438721 2.89396262168884
  endloop
endfacet
facet normal 0.678840812500544 -0.706608105336695 -0.199700117065782
  outer loop
    vertex -10.0808172225952 -6.90880012512207 3.0640881061554
    vertex -10.1341648101807 -6.90880012512207 2.88274359703064
    vertex -9.81859302520752 -6.60879993438721 2.89396262168884
  endloop
endfacet
facet normal 0.679571439284162 -0.707605096033297 -0.193591546760084
  outer loop
    vertex -9.81859302520752 -6.60879993438721 2.89396262168884
    vertex -10.1341648101807 -6.90880012512207 2.88274359703064
    vertex -9.86966133117676 -6.60879993438721 2.71469569206238
  endloop
endfacet
facet normal 0.682314985331849 -0.706606884782342 -0.187491256248909
  outer loop
    vertex -10.1341648101807 -6.90880012512207 2.88274359703064
    vertex -10.184250831604 -6.90880012512207 2.7004714012146
    vertex -9.86966133117676 -6.60879993438721 2.71469569206238
  endloop
endfacet
facet normal 0.682982897502353 -0.707606332390564 -0.181183995099085
  outer loop
    vertex -9.86966133117676 -6.60879993438721 2.71469569206238
    vertex -10.184250831604 -6.90880012512207 2.7004714012146
    vertex -9.91745662689209 -6.60879993438721 2.5345287322998
  endloop
endfacet
facet normal 0.685568353288073 -0.706607160170962 -0.175220872515258
  outer loop
    vertex -10.184250831604 -6.90880012512207 2.7004714012146
    vertex -10.2310590744019 -6.90880012512207 2.51732969284058
    vertex -9.91745662689209 -6.60879993438721 2.5345287322998
  endloop
endfacet
facet normal 0.686168084215881 -0.707606875649072 -0.168718314766555
  outer loop
    vertex -9.91745662689209 -6.60879993438721 2.5345287322998
    vertex -10.2310590744019 -6.90880012512207 2.51732969284058
    vertex -9.96196365356445 -6.60879993438721 2.35352110862732
  endloop
endfacet
facet normal 0.688601674982104 -0.706607663512123 -0.162890586215959
  outer loop
    vertex -10.2310590744019 -6.90880012512207 2.51732969284058
    vertex -10.2745733261108 -6.90880012512207 2.33337807655334
    vertex -9.96196365356445 -6.60879993438721 2.35352110862732
  endloop
endfacet
facet normal 0.689127643149274 -0.707605010509879 -0.156199361550681
  outer loop
    vertex -9.96196365356445 -6.60879993438721 2.35352110862732
    vertex -10.2745733261108 -6.90880012512207 2.33337807655334
    vertex -10.0031681060791 -6.60879993438721 2.17173337936401
  endloop
endfacet
facet normal 0.691412244907311 -0.706608026714424 -0.150513136220662
  outer loop
    vertex -10.2745733261108 -6.90880012512207 2.33337807655334
    vertex -10.3147811889648 -6.90880012512207 2.14867520332336
    vertex -10.0031681060791 -6.60879993438721 2.17173337936401
  endloop
endfacet
facet normal 0.691860245011745 -0.707602990171427 -0.143622455322085
  outer loop
    vertex -10.0031681060791 -6.60879993438721 2.17173337936401
    vertex -10.3147811889648 -6.90880012512207 2.14867520332336
    vertex -10.041054725647 -6.60879993438721 1.98922538757324
  endloop
endfacet
facet normal 0.693999497672641 -0.706610227857292 -0.13808216075072
  outer loop
    vertex -10.3147811889648 -6.90880012512207 2.14867520332336
    vertex -10.3516683578491 -6.90880012512207 1.96328067779541
    vertex -10.041054725647 -6.60879993438721 1.98922538757324
  endloop
endfacet
facet normal 0.694363971783006 -0.707600199231921 -0.13099859822408
  outer loop
    vertex -10.041054725647 -6.60879993438721 1.98922538757324
    vertex -10.3516683578491 -6.90880012512207 1.96328067779541
    vertex -10.075611114502 -6.60879993438721 1.8060576915741
  endloop
endfacet
facet normal 0.696360593590469 -0.706614230131806 -0.125611518060905
  outer loop
    vertex -10.3516683578491 -6.90880012512207 1.96328067779541
    vertex -10.3852243423462 -6.90880012512207 1.77725422382355
    vertex -10.075611114502 -6.60879993438721 1.8060576915741
  endloop
endfacet
facet normal 0.696636393839206 -0.707597169446575 -0.118338415444448
  outer loop
    vertex -10.075611114502 -6.60879993438721 1.8060576915741
    vertex -10.3852243423462 -6.90880012512207 1.77725422382355
    vertex -10.1068277359009 -6.60879993438721 1.62229120731354
  endloop
endfacet
facet normal 0.698499309370236 -0.706617465991827 -0.11309496701707
  outer loop
    vertex -10.3852243423462 -6.90880012512207 1.77725422382355
    vertex -10.4154367446899 -6.90880012512207 1.59065580368042
    vertex -10.1068277359009 -6.60879993438721 1.62229120731354
  endloop
endfacet
facet normal 0.698681436961767 -0.707591840592025 -0.10563160877612
  outer loop
    vertex -10.1068277359009 -6.60879993438721 1.62229120731354
    vertex -10.4154367446899 -6.90880012512207 1.59065580368042
    vertex -10.1346921920776 -6.60879993438721 1.43798673152924
  endloop
endfacet
facet normal 0.700410928077558 -0.706622271712122 -0.100545994201334
  outer loop
    vertex -10.4154367446899 -6.90880012512207 1.59065580368042
    vertex -10.4422969818115 -6.90880012512207 1.40354537963867
    vertex -10.1346921920776 -6.60879993438721 1.43798673152924
  endloop
endfacet
facet normal 0.700494370042774 -0.707586538988012 -0.0928920200089507
  outer loop
    vertex -10.1346921920776 -6.60879993438721 1.43798673152924
    vertex -10.4422969818115 -6.90880012512207 1.40354537963867
    vertex -10.1591958999634 -6.60879993438721 1.25320541858673
  endloop
endfacet
facet normal 0.702095680969322 -0.706628497797837 -0.0879648842675123
  outer loop
    vertex -10.4422969818115 -6.90880012512207 1.40354537963867
    vertex -10.4657964706421 -6.90880012512207 1.21598315238953
    vertex -10.1591958999634 -6.60879993438721 1.25320541858673
  endloop
endfacet
facet normal 0.702075375917956 -0.707580677149462 -0.0801233539885242
  outer loop
    vertex -10.1591958999634 -6.60879993438721 1.25320541858673
    vertex -10.4657964706421 -6.90880012512207 1.21598315238953
    vertex -10.1803312301636 -6.60879993438721 1.06800854206085
  endloop
endfacet
facet normal 0.70355472868928 -0.706634862631189 -0.0753519386157666
  outer loop
    vertex -10.4657964706421 -6.90880012512207 1.21598315238953
    vertex -10.4859266281128 -6.90880012512207 1.02802956104279
    vertex -10.1803312301636 -6.60879993438721 1.06800854206085
  endloop
endfacet
facet normal 0.70342568163158 -0.707572998062501 -0.0673257962001947
  outer loop
    vertex -10.1803312301636 -6.60879993438721 1.06800854206085
    vertex -10.4859266281128 -6.90880012512207 1.02802956104279
    vertex -10.1980905532837 -6.60879993438721 0.882457613945007
  endloop
endfacet
facet normal 0.704785023378756 -0.706642858918088 -0.0627211348835313
  outer loop
    vertex -10.4859266281128 -6.90880012512207 1.02802956104279
    vertex -10.5026826858521 -6.90880012512207 0.839745044708252
    vertex -10.1980905532837 -6.60879993438721 0.882457613945007
  endloop
endfacet
facet normal 0.704542256121131 -0.707565469990251 -0.0545097699244943
  outer loop
    vertex -10.1980905532837 -6.60879993438721 0.882457613945007
    vertex -10.5026826858521 -6.90880012512207 0.839745044708252
    vertex -10.2124691009521 -6.60879993438721 0.696613967418671
  endloop
endfacet
facet normal 0.705789733990975 -0.706650288626426 -0.0500621711189075
  outer loop
    vertex -10.5026826858521 -6.90880012512207 0.839745044708252
    vertex -10.5160570144653 -6.90880012512207 0.651190221309662
    vertex -10.2124691009521 -6.60879993438721 0.696613967418671
  endloop
endfacet
facet normal 0.705428278136872 -0.707555432019215 -0.0416683935969385
  outer loop
    vertex -10.2124691009521 -6.60879993438721 0.696613967418671
    vertex -10.5160570144653 -6.90880012512207 0.651190221309662
    vertex -10.2234601974487 -6.60879993438721 0.510539352893829
  endloop
endfacet
facet normal 0.706564095146654 -0.70666024783513 -0.0373961706486428
  outer loop
    vertex -10.5160570144653 -6.90880012512207 0.651190221309662
    vertex -10.526047706604 -6.90880012512207 0.462425857782364
    vertex -10.2234601974487 -6.60879993438721 0.510539352893829
  endloop
endfacet
facet normal 0.706078941699854 -0.707546446107803 -0.0288193457287246
  outer loop
    vertex -10.2234601974487 -6.60879993438721 0.510539352893829
    vertex -10.526047706604 -6.90880012512207 0.462425857782364
    vertex -10.2310619354248 -6.60879993438721 0.324295461177826
  endloop
endfacet
facet normal 0.707111978465213 -0.706669731089536 -0.0247091293423084
  outer loop
    vertex -10.2310619354248 -6.60879993438721 0.324295461177826
    vertex -10.526047706604 -6.90880012512207 0.462425857782364
    vertex -10.5326490402222 -6.90880012512207 0.273512601852417
  endloop
endfacet
facet normal 0.706498440683546 -0.707534714956635 -0.0159555771738426
  outer loop
    vertex -10.2310619354248 -6.60879993438721 0.324295461177826
    vertex -10.5326490402222 -6.90880012512207 0.273512601852417
    vertex -10.2352705001831 -6.60879993438721 0.137944042682648
  endloop
endfacet
facet normal 0.707430204369046 -0.706680951998659 -0.0120223969589327
  outer loop
    vertex -10.2352705001831 -6.60879993438721 0.137944042682648
    vertex -10.5326490402222 -6.90880012512207 0.273512601852417
    vertex -10.5358610153198 -6.90880012512207 0.0845113396644592
  endloop
endfacet
facet normal 0.706682977403903 -0.70752359338662 -0.00308775789859914
  outer loop
    vertex -10.2352705001831 -6.60879993438721 0.137944042682648
    vertex -10.5358610153198 -6.90880012512207 0.0845113396644592
    vertex -10.2360849380493 -6.60879993438721 -0.0484531410038471
  endloop
endfacet
facet normal 0.707519490069851 -0.706693512658564 0.000671071976982429
  outer loop
    vertex -10.2360849380493 -6.60879993438721 -0.0484531410038471
    vertex -10.5358610153198 -6.90880012512207 0.0845113396644592
    vertex -10.5356817245483 -6.90880012512207 -0.104517139494419
  endloop
endfacet
facet normal 0.706634398118638 -0.707511300470308 0.00977686566969246
  outer loop
    vertex -10.2360849380493 -6.60879993438721 -0.0484531410038471
    vertex -10.5356817245483 -6.90880012512207 -0.104517139494419
    vertex -10.2335062026978 -6.60879993438721 -0.234834253787994
  endloop
endfacet
facet normal 0.707381523054031 -0.706705583429933 0.0133641008196168
  outer loop
    vertex -10.2335062026978 -6.60879993438721 -0.234834253787994
    vertex -10.5356817245483 -6.90880012512207 -0.104517139494419
    vertex -10.5321111679077 -6.90880012512207 -0.293511956930161
  endloop
endfacet
facet normal 0.706353099036912 -0.707497332820319 0.0226456073684188
  outer loop
    vertex -10.2335062026978 -6.60879993438721 -0.234834253787994
    vertex -10.5321111679077 -6.90880012512207 -0.293511956930161
    vertex -10.2275333404541 -6.60879993438721 -0.421137481927872
  endloop
endfacet
facet normal 0.707014381912542 -0.706719110711555 0.0260530674565357
  outer loop
    vertex -10.2275333404541 -6.60879993438721 -0.421137481927872
    vertex -10.5321111679077 -6.90880012512207 -0.293511956930161
    vertex -10.5251502990723 -6.90880012512207 -0.482412338256836
  endloop
endfacet
facet normal 0.705838282310737 -0.707482708447855 0.0355040345864599
  outer loop
    vertex -10.2275333404541 -6.60879993438721 -0.421137481927872
    vertex -10.5251502990723 -6.90880012512207 -0.482412338256836
    vertex -10.2181692123413 -6.60879993438721 -0.607301115989685
  endloop
endfacet
facet normal 0.706418884670999 -0.706733531278393 0.0387308035929317
  outer loop
    vertex -10.5251502990723 -6.90880012512207 -0.482412338256836
    vertex -10.5148019790649 -6.90880012512207 -0.671157419681549
    vertex -10.2181692123413 -6.60879993438721 -0.607301115989685
  endloop
endfacet
facet normal 0.705089951984915 -0.707467471803077 0.0483522072967943
  outer loop
    vertex -10.2181692123413 -6.60879993438721 -0.607301115989685
    vertex -10.5148019790649 -6.90880012512207 -0.671157419681549
    vertex -10.2054166793823 -6.60879993438721 -0.79326331615448
  endloop
endfacet
facet normal 0.70559498701188 -0.706748922070171 0.051397231991196
  outer loop
    vertex -10.5148019790649 -6.90880012512207 -0.671157419681549
    vertex -10.5010690689087 -6.90880012512207 -0.859686493873596
    vertex -10.2054166793823 -6.60879993438721 -0.79326331615448
  endloop
endfacet
facet normal 0.704108466920544 -0.707451395511727 0.0611865164828952
  outer loop
    vertex -10.2054166793823 -6.60879993438721 -0.79326331615448
    vertex -10.5010690689087 -6.90880012512207 -0.859686493873596
    vertex -10.1892795562744 -6.60879993438721 -0.978962481021881
  endloop
endfacet
facet normal 0.704542499521397 -0.70676593461693 0.0640451405900561
  outer loop
    vertex -10.5010690689087 -6.90880012512207 -0.859686493873596
    vertex -10.4839563369751 -6.90880012512207 -1.04793882369995
    vertex -10.1892795562744 -6.60879993438721 -0.978962481021881
  endloop
endfacet
facet normal 0.702894293931881 -0.707434928036051 0.0739961766081858
  outer loop
    vertex -10.1892795562744 -6.60879993438721 -0.978962481021881
    vertex -10.4839563369751 -6.90880012512207 -1.04793882369995
    vertex -10.1697645187378 -6.60879993438721 -1.16433703899384
  endloop
endfacet
facet normal 0.703263537366398 -0.706782430546409 0.0766745908486687
  outer loop
    vertex -10.4839563369751 -6.90880012512207 -1.04793882369995
    vertex -10.4634685516357 -6.90880012512207 -1.23585391044617
    vertex -10.1697645187378 -6.60879993438721 -1.16433703899384
  endloop
endfacet
facet normal 0.701449001761615 -0.707416188562666 0.0867849876827989
  outer loop
    vertex -10.1697645187378 -6.60879993438721 -1.16433703899384
    vertex -10.4634685516357 -6.90880012512207 -1.23585391044617
    vertex -10.1468772888184 -6.60879993438721 -1.34932553768158
  endloop
endfacet
facet normal 0.70175757087386 -0.70680004691629 0.089274886728298
  outer loop
    vertex -10.4634685516357 -6.90880012512207 -1.23585391044617
    vertex -10.4396133422852 -6.90880012512207 -1.42337107658386
    vertex -10.1468772888184 -6.60879993438721 -1.34932553768158
  endloop
endfacet
facet normal 0.699770761646844 -0.707397230222044 0.0995491829116494
  outer loop
    vertex -10.1468772888184 -6.60879993438721 -1.34932553768158
    vertex -10.4396133422852 -6.90880012512207 -1.42337107658386
    vertex -10.1206245422363 -6.60879993438721 -1.53386652469635
  endloop
endfacet
facet normal 0.700023834752004 -0.706819198277004 0.101849161636961
  outer loop
    vertex -10.4396133422852 -6.90880012512207 -1.42337107658386
    vertex -10.4123973846436 -6.90880012512207 -1.6104302406311
    vertex -10.1206245422363 -6.60879993438721 -1.53386652469635
  endloop
endfacet
facet normal 0.697862146640618 -0.70737745838189 0.112274465749458
  outer loop
    vertex -10.1206245422363 -6.60879993438721 -1.53386652469635
    vertex -10.4123973846436 -6.90880012512207 -1.6104302406311
    vertex -10.0910167694092 -6.60879993438721 -1.7178989648819
  endloop
endfacet
facet normal 0.69806533860653 -0.706838269219835 0.114387255419728
  outer loop
    vertex -10.4123973846436 -6.90880012512207 -1.6104302406311
    vertex -10.3818302154541 -6.90880012512207 -1.79697096347809
    vertex -10.0910167694092 -6.60879993438721 -1.7178989648819
  endloop
endfacet
facet normal 0.695722731823807 -0.707356235924419 0.124968139629496
  outer loop
    vertex -10.0910167694092 -6.60879993438721 -1.7178989648819
    vertex -10.3818302154541 -6.90880012512207 -1.79697096347809
    vertex -10.0580625534058 -6.60879993438721 -1.90136170387268
  endloop
endfacet
facet normal 0.695880863217727 -0.706858602428984 0.126888692874877
  outer loop
    vertex -10.3818302154541 -6.90880012512207 -1.79697096347809
    vertex -10.34792137146 -6.90880012512207 -1.98293328285217
    vertex -10.0580625534058 -6.60879993438721 -1.90136170387268
  endloop
endfacet
facet normal 0.693352634661787 -0.707334496659035 0.137622795508842
  outer loop
    vertex -10.0580625534058 -6.60879993438721 -1.90136170387268
    vertex -10.34792137146 -6.90880012512207 -1.98293328285217
    vertex -10.0217723846436 -6.60879993438721 -2.08419394493103
  endloop
endfacet
facet normal 0.693470720356841 -0.706881190552931 0.139346124632998
  outer loop
    vertex -10.34792137146 -6.90880012512207 -1.98293328285217
    vertex -10.3106822967529 -6.90880012512207 -2.16825747489929
    vertex -10.0217723846436 -6.60879993438721 -2.08419394493103
  endloop
endfacet
facet normal 0.690753038587733 -0.707313130612805 0.150227743591277
  outer loop
    vertex -10.0217723846436 -6.60879993438721 -2.08419394493103
    vertex -10.3106822967529 -6.90880012512207 -2.16825747489929
    vertex -9.98215961456299 -6.60879993438721 -2.26633501052856
  endloop
endfacet
facet normal 0.690836892241319 -0.706904006911907 0.151760051826052
  outer loop
    vertex -10.3106822967529 -6.90880012512207 -2.16825747489929
    vertex -10.2701244354248 -6.90880012512207 -2.3528835773468
    vertex -9.98215961456299 -6.60879993438721 -2.26633501052856
  endloop
endfacet
facet normal 0.687925239268425 -0.707290214722158 0.162786416312182
  outer loop
    vertex -9.98215961456299 -6.60879993438721 -2.26633501052856
    vertex -10.2701244354248 -6.90880012512207 -2.3528835773468
    vertex -9.93923664093018 -6.60879993438721 -2.44772481918335
  endloop
endfacet
facet normal 0.687980089847411 -0.706927106562267 0.164126359799543
  outer loop
    vertex -10.2701244354248 -6.90880012512207 -2.3528835773468
    vertex -10.2262601852417 -6.90880012512207 -2.53675246238708
    vertex -9.93923664093018 -6.60879993438721 -2.44772481918335
  endloop
endfacet
facet normal 0.684871562879818 -0.707265653569915 0.175289011745963
  outer loop
    vertex -9.93923664093018 -6.60879993438721 -2.44772481918335
    vertex -10.2262601852417 -6.90880012512207 -2.53675246238708
    vertex -9.89301872253418 -6.60879993438721 -2.62830281257629
  endloop
endfacet
facet normal 0.68490268204171 -0.70695047965027 0.176435074331396
  outer loop
    vertex -10.2262601852417 -6.90880012512207 -2.53675246238708
    vertex -10.1791048049927 -6.90880012512207 -2.71980476379395
    vertex -9.89301872253418 -6.60879993438721 -2.62830281257629
  endloop
endfacet
facet normal 0.681595366192493 -0.707107077853111 0.188221511084559
  outer loop
    vertex -9.84351921081543 -6.60879993438721 -2.80800914764404
    vertex -10.1791048049927 -6.90880012512207 -2.71980476379395
    vertex -10.1286725997925 -6.90880012512207 -2.90198159217834
  endloop
endfacet
facet normal 0.681595366192493 -0.707107077853111 0.188221511084559
  outer loop
    vertex -10.1791048049927 -6.90880012512207 -2.71980476379395
    vertex -9.84351921081543 -6.60879993438721 -2.80800914764404
    vertex -9.89301872253418 -6.60879993438721 -2.62830281257629
  endloop
endfacet
facet normal 0.678083036629522 -0.70710706096338 0.200506857167073
  outer loop
    vertex -9.79075622558594 -6.60879993438721 -2.98678469657898
    vertex -10.1286725997925 -6.90880012512207 -2.90198159217834
    vertex -10.0749807357788 -6.90880012512207 -3.0832245349884
  endloop
endfacet
facet normal 0.678083036629522 -0.70710706096338 0.200506857167073
  outer loop
    vertex -10.1286725997925 -6.90880012512207 -2.90198159217834
    vertex -9.79075622558594 -6.60879993438721 -2.98678469657898
    vertex -9.84351921081543 -6.60879993438721 -2.80800914764404
  endloop
endfacet
facet normal 0.674348825393323 -0.707106582911741 0.212729739560616
  outer loop
    vertex -9.7347469329834 -6.60879993438721 -3.16456961631775
    vertex -10.0749807357788 -6.90880012512207 -3.0832245349884
    vertex -10.018045425415 -6.90880012512207 -3.26347494125366
  endloop
endfacet
facet normal 0.674348825393323 -0.707106582911741 0.212729739560616
  outer loop
    vertex -10.0749807357788 -6.90880012512207 -3.0832245349884
    vertex -9.7347469329834 -6.60879993438721 -3.16456961631775
    vertex -9.79075622558594 -6.60879993438721 -2.98678469657898
  endloop
endfacet
facet normal 0.670393707947423 -0.707106951129331 0.224882271442388
  outer loop
    vertex -9.67550849914551 -6.60879993438721 -3.34130501747131
    vertex -10.018045425415 -6.90880012512207 -3.26347494125366
    vertex -9.95788669586182 -6.90880012512207 -3.4426748752594
  endloop
endfacet
facet normal 0.670393707947423 -0.707106951129331 0.224882271442388
  outer loop
    vertex -10.018045425415 -6.90880012512207 -3.26347494125366
    vertex -9.67550849914551 -6.60879993438721 -3.34130501747131
    vertex -9.7347469329834 -6.60879993438721 -3.16456961631775
  endloop
endfacet
facet normal 0.666219728785329 -0.707107317194437 0.236960998789439
  outer loop
    vertex -9.61306285858154 -6.60879993438721 -3.51693272590637
    vertex -9.95788669586182 -6.90880012512207 -3.4426748752594
    vertex -9.89452171325683 -6.90880012512207 -3.62076663970947
  endloop
endfacet
facet normal 0.666219728785329 -0.707107317194437 0.236960998789439
  outer loop
    vertex -9.95788669586182 -6.90880012512207 -3.4426748752594
    vertex -9.61306285858154 -6.60879993438721 -3.51693272590637
    vertex -9.67550849914551 -6.60879993438721 -3.34130501747131
  endloop
endfacet
facet normal 0.66182871237836 -0.707107014387051 0.248962699367261
  outer loop
    vertex -9.54742908477783 -6.60879993438721 -3.69139409065247
    vertex -9.89452171325683 -6.90880012512207 -3.62076663970947
    vertex -9.82797241210938 -6.90880012512207 -3.79769325256348
  endloop
endfacet
facet normal 0.66182871237836 -0.707107014387051 0.248962699367261
  outer loop
    vertex -9.89452171325683 -6.90880012512207 -3.62076663970947
    vertex -9.54742908477783 -6.60879993438721 -3.69139409065247
    vertex -9.61306285858154 -6.60879993438721 -3.51693272590637
  endloop
endfacet
facet normal 0.657220531647091 -0.707107477579365 0.2608834757758
  outer loop
    vertex -9.47862911224365 -6.60879993438721 -3.86463141441345
    vertex -9.82797241210938 -6.90880012512207 -3.79769325256348
    vertex -9.75825977325439 -6.90880012512207 -3.97339725494385
  endloop
endfacet
facet normal 0.657220531647091 -0.707107477579365 0.2608834757758
  outer loop
    vertex -9.82797241210938 -6.90880012512207 -3.79769325256348
    vertex -9.47862911224365 -6.60879993438721 -3.86463141441345
    vertex -9.54742908477783 -6.60879993438721 -3.69139409065247
  endloop
endfacet
facet normal 0.652398520311792 -0.707107457701104 0.272718195136419
  outer loop
    vertex -9.40668678283691 -6.60879993438721 -4.03658723831177
    vertex -9.75825977325439 -6.90880012512207 -3.97339725494385
    vertex -9.68540573120117 -6.90880012512207 -4.14782238006592
  endloop
endfacet
facet normal 0.652398520311792 -0.707107457701104 0.272718195136419
  outer loop
    vertex -9.75825977325439 -6.90880012512207 -3.97339725494385
    vertex -9.40668678283691 -6.60879993438721 -4.03658723831177
    vertex -9.47862911224365 -6.60879993438721 -3.86463141441345
  endloop
endfacet
facet normal 0.647363627778621 -0.70710682961853 0.284464874696569
  outer loop
    vertex -9.33162498474121 -6.60879993438721 -4.20720481872559
    vertex -9.68540573120117 -6.90880012512207 -4.14782238006592
    vertex -9.60943412780762 -6.90880012512207 -4.32091236114502
  endloop
endfacet
facet normal 0.647363627778621 -0.70710682961853 0.284464874696569
  outer loop
    vertex -9.68540573120117 -6.90880012512207 -4.14782238006592
    vertex -9.33162498474121 -6.60879993438721 -4.20720481872559
    vertex -9.40668678283691 -6.60879993438721 -4.03658723831177
  endloop
endfacet
facet normal 0.642116710958404 -0.707106659488095 0.29611872891722
  outer loop
    vertex -9.25346851348877 -6.60879993438721 -4.37642669677734
    vertex -9.60943412780762 -6.90880012512207 -4.32091236114502
    vertex -9.53036975860596 -6.90880012512207 -4.49261140823364
  endloop
endfacet
facet normal 0.642116710958404 -0.707106659488095 0.29611872891722
  outer loop
    vertex -9.60943412780762 -6.90880012512207 -4.32091236114502
    vertex -9.25346851348877 -6.60879993438721 -4.37642669677734
    vertex -9.33162498474121 -6.60879993438721 -4.20720481872559
  endloop
endfacet
facet normal 0.636660964014775 -0.707106984159038 0.307672764237082
  outer loop
    vertex -9.17224407196045 -6.60879993438721 -4.54419803619385
    vertex -9.53036975860596 -6.90880012512207 -4.49261140823364
    vertex -9.44823837280273 -6.90880012512207 -4.66286468505859
  endloop
endfacet
facet normal 0.636660964014775 -0.707106984159038 0.307672764237082
  outer loop
    vertex -9.53036975860596 -6.90880012512207 -4.49261140823364
    vertex -9.17224407196045 -6.60879993438721 -4.54419803619385
    vertex -9.25346851348877 -6.60879993438721 -4.37642669677734
  endloop
endfacet
facet normal 0.630994913342282 -0.707107149059546 0.319131476174078
  outer loop
    vertex -9.08797740936279 -6.60879993438721 -4.71046209335327
    vertex -9.44823837280273 -6.90880012512207 -4.66286468505859
    vertex -9.36306476593018 -6.90880012512207 -4.83161735534668
  endloop
endfacet
facet normal 0.630994913342282 -0.707107149059546 0.319131476174078
  outer loop
    vertex -9.44823837280273 -6.90880012512207 -4.66286468505859
    vertex -9.08797740936279 -6.60879993438721 -4.71046209335327
    vertex -9.17224407196045 -6.60879993438721 -4.54419803619385
  endloop
endfacet
facet normal 0.625609746511874 -0.706916657579655 0.329971641669035
  outer loop
    vertex -9.08797740936279 -6.60879993438721 -4.71046209335327
    vertex -9.36306476593018 -6.90880012512207 -4.83161735534668
    vertex -9.27487850189209 -6.90880012512207 -4.99881410598755
  endloop
endfacet
facet normal 0.624630302480238 -0.707299608371371 0.33100490815266
  outer loop
    vertex -9.08797740936279 -6.60879993438721 -4.71046209335327
    vertex -9.27487850189209 -6.90880012512207 -4.99881410598755
    vertex -9.00069808959961 -6.60879993438721 -4.87516450881958
  endloop
endfacet
facet normal 0.619609061627616 -0.706893613183996 0.341153968742296
  outer loop
    vertex -9.00069808959961 -6.60879993438721 -4.87516450881958
    vertex -9.27487850189209 -6.90880012512207 -4.99881410598755
    vertex -9.18370628356933 -6.90880012512207 -5.1644024848938
  endloop
endfacet
facet normal 0.61847826329431 -0.707322706958452 0.34231451335493
  outer loop
    vertex -9.00069808959961 -6.60879993438721 -4.87516450881958
    vertex -9.18370628356933 -6.90880012512207 -5.1644024848938
    vertex -8.91043376922607 -6.60879993438721 -5.03824996948242
  endloop
endfacet
facet normal 0.613406928715462 -0.706871730562797 0.352227620062682
  outer loop
    vertex -8.91043376922607 -6.60879993438721 -5.03824996948242
    vertex -9.18370628356933 -6.90880012512207 -5.1644024848938
    vertex -9.08957767486572 -6.90880012512207 -5.32832813262939
  endloop
endfacet
facet normal 0.612124624219328 -0.707344015849811 0.353507973977686
  outer loop
    vertex -8.91043376922607 -6.60879993438721 -5.03824996948242
    vertex -9.08957767486572 -6.90880012512207 -5.32832813262939
    vertex -8.81721496582031 -6.60879993438721 -5.19966506958008
  endloop
endfacet
facet normal 0.607009514893458 -0.706849946857764 0.36318397742189
  outer loop
    vertex -8.81721496582031 -6.60879993438721 -5.19966506958008
    vertex -9.08957767486572 -6.90880012512207 -5.32832813262939
    vertex -8.99252414703369 -6.90880012512207 -5.49053907394409
  endloop
endfacet
facet normal 0.605567188136141 -0.707365598099329 0.364585094701451
  outer loop
    vertex -8.81721496582031 -6.60879993438721 -5.19966506958008
    vertex -8.99252414703369 -6.90880012512207 -5.49053907394409
    vertex -8.72107219696045 -6.60879993438721 -5.35935592651367
  endloop
endfacet
facet normal 0.600413246580246 -0.706830165930226 0.374025466862911
  outer loop
    vertex -8.72107219696045 -6.60879993438721 -5.35935592651367
    vertex -8.99252414703369 -6.90880012512207 -5.49053907394409
    vertex -8.89257621765137 -6.90880012512207 -5.65098285675049
  endloop
endfacet
facet normal 0.598808834960607 -0.707386973775379 0.375541806602183
  outer loop
    vertex -8.72107219696045 -6.60879993438721 -5.35935592651367
    vertex -8.89257621765137 -6.90880012512207 -5.65098285675049
    vertex -8.62203693389893 -6.60879993438721 -5.51726961135864
  endloop
endfacet
facet normal 0.593620565853793 -0.706811854497057 0.384748783153181
  outer loop
    vertex -8.62203693389893 -6.60879993438721 -5.51726961135864
    vertex -8.89257621765137 -6.90880012512207 -5.65098285675049
    vertex -8.78976535797119 -6.90880012512207 -5.80960750579834
  endloop
endfacet
facet normal 0.591856655117762 -0.707406115405782 0.386370660997074
  outer loop
    vertex -8.62203693389893 -6.60879993438721 -5.51726961135864
    vertex -8.78976535797119 -6.90880012512207 -5.80960750579834
    vertex -8.52014350891113 -6.60879993438721 -5.67335367202759
  endloop
endfacet
facet normal 0.586638971503835 -0.706793078208339 0.395345749578396
  outer loop
    vertex -8.52014350891113 -6.60879993438721 -5.67335367202759
    vertex -8.78976535797119 -6.90880012512207 -5.80960750579834
    vertex -8.68412590026855 -6.90880012512207 -5.96636199951172
  endloop
endfacet
facet normal 0.584709038701979 -0.707424268280972 0.397072090063428
  outer loop
    vertex -8.52014350891113 -6.60879993438721 -5.67335367202759
    vertex -8.68412590026855 -6.90880012512207 -5.96636199951172
    vertex -8.41542530059814 -6.60879993438721 -5.82755661010742
  endloop
endfacet
facet normal 0.579465443173442 -0.70677484127861 0.405819077796255
  outer loop
    vertex -8.41542530059814 -6.60879993438721 -5.82755661010742
    vertex -8.68412590026855 -6.90880012512207 -5.96636199951172
    vertex -8.57569026947021 -6.90880012512207 -6.12119626998901
  endloop
endfacet
facet normal 0.577365903264924 -0.707441415878172 0.407645994518976
  outer loop
    vertex -8.41542530059814 -6.60879993438721 -5.82755661010742
    vertex -8.57569026947021 -6.90880012512207 -6.12119626998901
    vertex -8.30791568756103 -6.60879993438721 -5.97982692718506
  endloop
endfacet
facet normal 0.572106022080242 -0.706757922480195 0.416158549727146
  outer loop
    vertex -8.30791568756103 -6.60879993438721 -5.97982692718506
    vertex -8.57569026947021 -6.90880012512207 -6.12119626998901
    vertex -8.4644947052002 -6.90880012512207 -6.27406024932861
  endloop
endfacet
facet normal 0.56983344104827 -0.707458308682523 0.41808203852731
  outer loop
    vertex -8.30791568756103 -6.60879993438721 -5.97982692718506
    vertex -8.4644947052002 -6.90880012512207 -6.27406024932861
    vertex -8.19765090942383 -6.60879993438721 -6.13011455535889
  endloop
endfacet
facet normal 0.564561865978987 -0.706742472364975 0.426362495111573
  outer loop
    vertex -8.19765090942383 -6.60879993438721 -6.13011455535889
    vertex -8.4644947052002 -6.90880012512207 -6.27406024932861
    vertex -8.35057544708252 -6.90880012512207 -6.42490482330322
  endloop
endfacet
facet normal 0.562113465162472 -0.707474906016547 0.428377998547912
  outer loop
    vertex -8.19765090942383 -6.60879993438721 -6.13011455535889
    vertex -8.35057544708252 -6.90880012512207 -6.42490482330322
    vertex -8.08466815948486 -6.60879993438721 -6.27836942672729
  endloop
endfacet
facet normal 0.556832240901781 -0.706728066961951 0.436432463114885
  outer loop
    vertex -8.08466815948486 -6.60879993438721 -6.27836942672729
    vertex -8.35057544708252 -6.90880012512207 -6.42490482330322
    vertex -8.23396778106689 -6.90880012512207 -6.5736813545227
  endloop
endfacet
facet normal 0.554209413153263 -0.707489596194353 0.438532094206417
  outer loop
    vertex -8.08466815948486 -6.60879993438721 -6.27836942672729
    vertex -8.23396778106689 -6.90880012512207 -6.5736813545227
    vertex -7.96900510787964 -6.60879993438721 -6.42454242706299
  endloop
endfacet
facet normal 0.548924481545799 -0.706713650387743 0.446360538035462
  outer loop
    vertex -7.96900510787964 -6.60879993438721 -6.42454242706299
    vertex -8.23396778106689 -6.90880012512207 -6.5736813545227
    vertex -8.11470985412598 -6.90880012512207 -6.72034215927124
  endloop
endfacet
facet normal 0.546121852648477 -0.707503364986274 0.448541983088422
  outer loop
    vertex -7.96900510787964 -6.60879993438721 -6.42454242706299
    vertex -8.11470985412598 -6.90880012512207 -6.72034215927124
    vertex -7.85069942474365 -6.60879993438721 -6.56858539581299
  endloop
endfacet
facet normal 0.540837956296789 -0.706700013283838 0.456146244370526
  outer loop
    vertex -7.85069942474365 -6.60879993438721 -6.56858539581299
    vertex -8.11470985412598 -6.90880012512207 -6.72034215927124
    vertex -7.99283981323242 -6.90880012512207 -6.86483955383301
  endloop
endfacet
facet normal 0.537852573989724 -0.707516279665148 0.458405194845584
  outer loop
    vertex -7.85069942474365 -6.60879993438721 -6.56858539581299
    vertex -7.99283981323242 -6.90880012512207 -6.86483955383301
    vertex -7.72979021072388 -6.60879993438721 -6.71044969558716
  endloop
endfacet
facet normal 0.532577097014715 -0.706687652221232 0.465783423849993
  outer loop
    vertex -7.72979021072388 -6.60879993438721 -6.71044969558716
    vertex -7.99283981323242 -6.90880012512207 -6.86483955383301
    vertex -7.86839723587036 -6.90880012512207 -7.00712728500366
  endloop
endfacet
facet normal 0.529407938044543 -0.707528350957911 0.468114160997299
  outer loop
    vertex -7.72979021072388 -6.60879993438721 -6.71044969558716
    vertex -7.86839723587036 -6.90880012512207 -7.00712728500366
    vertex -7.60631799697876 -6.60879993438721 -6.85008907318115
  endloop
endfacet
facet normal 0.524144790273907 -0.706676063323057 0.475269587029245
  outer loop
    vertex -7.60631799697876 -6.60879993438721 -6.85008907318115
    vertex -7.86839723587036 -6.90880012512207 -7.00712728500366
    vertex -7.74142217636108 -6.90880012512207 -7.14716005325317
  endloop
endfacet
facet normal 0.520786747033821 -0.707540172704393 0.477669413007959
  outer loop
    vertex -7.60631799697876 -6.60879993438721 -6.85008907318115
    vertex -7.74142217636108 -6.90880012512207 -7.14716005325317
    vertex -7.48032331466675 -6.60879993438721 -6.98745679855347
  endloop
endfacet
facet normal 0.515540620766653 -0.706665943382817 0.484604078400509
  outer loop
    vertex -7.48032331466675 -6.60879993438721 -6.98745679855347
    vertex -7.74142217636108 -6.90880012512207 -7.14716005325317
    vertex -7.61195516586304 -6.90880012512207 -7.28489208221436
  endloop
endfacet
facet normal 0.511995797151618 -0.707550597507497 0.487065145197091
  outer loop
    vertex -7.48032331466675 -6.60879993438721 -6.98745679855347
    vertex -7.61195516586304 -6.90880012512207 -7.28489208221436
    vertex -7.35184812545776 -6.60879993438721 -7.12250804901123
  endloop
endfacet
facet normal 0.506770604485298 -0.70665602066629 0.493782161368442
  outer loop
    vertex -7.35184812545776 -6.60879993438721 -7.12250804901123
    vertex -7.61195516586304 -6.90880012512207 -7.28489208221436
    vertex -7.48003816604614 -6.90880012512207 -7.42027902603149
  endloop
endfacet
facet normal 0.503034890984771 -0.707559973054194 0.496301101130643
  outer loop
    vertex -7.35184812545776 -6.60879993438721 -7.12250804901123
    vertex -7.48003816604614 -6.90880012512207 -7.42027902603149
    vertex -7.22093534469604 -6.60879993438721 -7.25519704818726
  endloop
endfacet
facet normal 0.497836843258764 -0.706647041062871 0.502800593527133
  outer loop
    vertex -7.22093534469604 -6.60879993438721 -7.25519704818726
    vertex -7.48003816604614 -6.90880012512207 -7.42027902603149
    vertex -7.34571313858032 -6.90880012512207 -7.55327796936035
  endloop
endfacet
facet normal 0.493908150203872 -0.707568558162728 0.505372609726436
  outer loop
    vertex -7.22093534469604 -6.60879993438721 -7.25519704818726
    vertex -7.34571313858032 -6.90880012512207 -7.55327796936035
    vertex -7.08762788772583 -6.60879993438721 -7.38548040390015
  endloop
endfacet
facet normal 0.488742827889482 -0.706639182187263 0.511655659974859
  outer loop
    vertex -7.08762788772583 -6.60879993438721 -7.38548040390015
    vertex -7.34571313858032 -6.90880012512207 -7.55327796936035
    vertex -7.20902442932129 -6.90880012512207 -7.68384552001953
  endloop
endfacet
facet normal 0.484619082102231 -0.707576535189156 0.514275988270986
  outer loop
    vertex -7.08762788772583 -6.60879993438721 -7.38548040390015
    vertex -7.20902442932129 -6.90880012512207 -7.68384552001953
    vertex -6.95197057723999 -6.60879993438721 -7.51331472396851
  endloop
endfacet
facet normal 0.479488893429231 -0.70663204060131 0.520347537972114
  outer loop
    vertex -6.95197057723999 -6.60879993438721 -7.51331472396851
    vertex -7.20902442932129 -6.90880012512207 -7.68384552001953
    vertex -7.07001495361328 -6.90880012512207 -7.81193971633911
  endloop
endfacet
facet normal 0.475169036338996 -0.707583290567261 0.523010777914448
  outer loop
    vertex -6.95197057723999 -6.60879993438721 -7.51331472396851
    vertex -7.07001495361328 -6.90880012512207 -7.81193971633911
    vertex -6.81400775909424 -6.60879993438721 -7.63865756988525
  endloop
endfacet
facet normal 0.470080467461838 -0.706625754696115 0.528870869788652
  outer loop
    vertex -6.81400775909424 -6.60879993438721 -7.63865756988525
    vertex -7.07001495361328 -6.90880012512207 -7.81193971633911
    vertex -6.92872953414917 -6.90880012512207 -7.93751955032349
  endloop
endfacet
facet normal 0.465563396527191 -0.70758901688542 0.531571732692014
  outer loop
    vertex -6.81400775909424 -6.60879993438721 -7.63865756988525
    vertex -6.92872953414917 -6.90880012512207 -7.93751955032349
    vertex -6.67378568649292 -6.60879993438721 -7.76146745681763
  endloop
endfacet
facet normal 0.460522193880927 -0.70662042182728 0.53722145191693
  outer loop
    vertex -6.67378568649292 -6.60879993438721 -7.76146745681763
    vertex -6.92872953414917 -6.90880012512207 -7.93751955032349
    vertex -6.7852144241333 -6.90880012512207 -8.06054496765137
  endloop
endfacet
facet normal 0.455802634283763 -0.707594701040617 0.539957125741685
  outer loop
    vertex -6.67378568649292 -6.60879993438721 -7.76146745681763
    vertex -6.7852144241333 -6.90880012512207 -8.06054496765137
    vertex -6.53135013580322 -6.60879993438721 -7.88170385360718
  endloop
endfacet
facet normal 0.450810145379432 -0.706616146628233 0.545402451541285
  outer loop
    vertex -6.53135013580322 -6.60879993438721 -7.88170385360718
    vertex -6.7852144241333 -6.90880012512207 -8.06054496765137
    vertex -6.6395149230957 -6.90880012512207 -8.18097496032715
  endloop
endfacet
facet normal 0.445893595243213 -0.707598222628941 0.548163896160122
  outer loop
    vertex -6.53135013580322 -6.60879993438721 -7.88170385360718
    vertex -6.6395149230957 -6.90880012512207 -8.18097496032715
    vertex -6.38674926757812 -6.60879993438721 -7.99932670593262
  endloop
endfacet
facet normal 0.44095667315573 -0.706611914120213 0.553404748102869
  outer loop
    vertex -6.38674926757812 -6.60879993438721 -7.99932670593262
    vertex -6.6395149230957 -6.90880012512207 -8.18097496032715
    vertex -6.4916787147522 -6.90880012512207 -8.29877185821533
  endloop
endfacet
facet normal 0.435835473959579 -0.707601286228913 0.55619048838111
  outer loop
    vertex -6.38674926757812 -6.60879993438721 -7.99932670593262
    vertex -6.4916787147522 -6.90880012512207 -8.29877185821533
    vertex -6.24003028869629 -6.60879993438721 -8.11429691314697
  endloop
endfacet
facet normal 0.430960322986032 -0.706609310753982 0.561227656096488
  outer loop
    vertex -6.24003028869629 -6.60879993438721 -8.11429691314697
    vertex -6.4916787147522 -6.90880012512207 -8.29877185821533
    vertex -6.34175252914429 -6.90880012512207 -8.41389846801758
  endloop
endfacet
facet normal 0.425632586499657 -0.707604291438393 0.564032860787013
  outer loop
    vertex -6.24003028869629 -6.60879993438721 -8.11429691314697
    vertex -6.34175252914429 -6.90880012512207 -8.41389846801758
    vertex -6.09124231338501 -6.60879993438721 -8.22657585144043
  endloop
endfacet
facet normal 0.420821189556628 -0.706607905913535 0.568871508972486
  outer loop
    vertex -6.09124231338501 -6.60879993438721 -8.22657585144043
    vertex -6.34175252914429 -6.90880012512207 -8.41389846801758
    vertex -6.18978548049927 -6.90880012512207 -8.52631568908691
  endloop
endfacet
facet normal 0.415294253114562 -0.707605145675152 0.571686663430296
  outer loop
    vertex -6.09124231338501 -6.60879993438721 -8.22657585144043
    vertex -6.18978548049927 -6.90880012512207 -8.52631568908691
    vertex -5.94043445587158 -6.60879993438721 -8.33612823486328
  endloop
endfacet
facet normal 0.410550029286961 -0.706605871447639 0.576330474544075
  outer loop
    vertex -5.94043445587158 -6.60879993438721 -8.33612823486328
    vertex -6.18978548049927 -6.90880012512207 -8.52631568908691
    vertex -6.03582572937012 -6.90880012512207 -8.63598918914795
  endloop
endfacet
facet normal 0.40481169254933 -0.707605590972131 0.579156128518319
  outer loop
    vertex -5.94043445587158 -6.60879993438721 -8.33612823486328
    vertex -6.03582572937012 -6.90880012512207 -8.63598918914795
    vertex -5.78765678405762 -6.60879993438721 -8.44291496276855
  endloop
endfacet
facet normal 0.40014609192766 -0.706606685113532 0.583600974697513
  outer loop
    vertex -5.78765678405762 -6.60879993438721 -8.44291496276855
    vertex -6.03582572937012 -6.90880012512207 -8.63598918914795
    vertex -5.87992334365845 -6.90880012512207 -8.74288368225098
  endloop
endfacet
facet normal 0.394199655679067 -0.707606343548776 0.586429786105751
  outer loop
    vertex -5.78765678405762 -6.60879993438721 -8.44291496276855
    vertex -5.87992334365845 -6.90880012512207 -8.74288368225098
    vertex -5.63295984268188 -6.60879993438721 -8.54690265655517
  endloop
endfacet
facet normal 0.389609102751115 -0.706607868865689 0.59068609828788
  outer loop
    vertex -5.63295984268188 -6.60879993438721 -8.54690265655517
    vertex -5.87992334365845 -6.90880012512207 -8.74288368225098
    vertex -5.72212886810303 -6.90880012512207 -8.84696292877197
  endloop
endfacet
facet normal 0.383459011133915 -0.707604789912309 0.593510444788765
  outer loop
    vertex -5.63295984268188 -6.60879993438721 -8.54690265655517
    vertex -5.72212886810303 -6.90880012512207 -8.84696292877197
    vertex -5.47639513015747 -6.60879993438721 -8.64805698394775
  endloop
endfacet
facet normal 0.378947742074233 -0.706608446336082 0.597581050856994
  outer loop
    vertex -5.47639513015747 -6.60879993438721 -8.64805698394775
    vertex -5.72212886810303 -6.90880012512207 -8.84696292877197
    vertex -5.56249189376831 -6.90880012512207 -8.94819450378418
  endloop
endfacet
facet normal 0.372587333976779 -0.707601812933475 0.600398495079173
  outer loop
    vertex -5.47639513015747 -6.60879993438721 -8.64805698394775
    vertex -5.56249189376831 -6.90880012512207 -8.94819450378418
    vertex -5.31801462173462 -6.60879993438721 -8.74634265899658
  endloop
endfacet
facet normal 0.368168115075652 -0.706611254746274 0.604278721872232
  outer loop
    vertex -5.31801462173462 -6.60879993438721 -8.74634265899658
    vertex -5.56249189376831 -6.90880012512207 -8.94819450378418
    vertex -5.4010648727417 -6.90880012512207 -9.04654693603516
  endloop
endfacet
facet normal 0.361593641061726 -0.707599755920115 0.60708535163148
  outer loop
    vertex -5.31801462173462 -6.60879993438721 -8.74634265899658
    vertex -5.4010648727417 -6.90880012512207 -9.04654693603516
    vertex -5.15787029266357 -6.60879993438721 -8.84172821044922
  endloop
endfacet
facet normal 0.357264020189075 -0.706615249828861 0.610784175128692
  outer loop
    vertex -5.15787029266357 -6.60879993438721 -8.84172821044922
    vertex -5.4010648727417 -6.90880012512207 -9.04654693603516
    vertex -5.23789930343628 -6.90880012512207 -9.14198684692383
  endloop
endfacet
facet normal 0.350482632556912 -0.707595916596729 0.61357146534989
  outer loop
    vertex -5.15787029266357 -6.60879993438721 -8.84172821044922
    vertex -5.23789930343628 -6.90880012512207 -9.14198684692383
    vertex -4.99601602554321 -6.60879993438721 -8.93418216705322
  endloop
endfacet
facet normal 0.346245601142835 -0.706618937058825 0.617092911545006
  outer loop
    vertex -4.99601602554321 -6.60879993438721 -8.93418216705322
    vertex -5.23789930343628 -6.90880012512207 -9.14198684692383
    vertex -5.07304763793945 -6.90880012512207 -9.23448371887207
  endloop
endfacet
facet normal 0.339255404920857 -0.707590224795441 0.619856309160376
  outer loop
    vertex -4.99601602554321 -6.60879993438721 -8.93418216705322
    vertex -5.07304763793945 -6.90880012512207 -9.23448371887207
    vertex -4.83250474929809 -6.60879993438721 -9.02367401123047
  endloop
endfacet
facet normal 0.33511930736006 -0.706623496042077 0.623200035843859
  outer loop
    vertex -4.83250474929809 -6.60879993438721 -9.02367401123047
    vertex -5.07304763793945 -6.90880012512207 -9.23448371887207
    vertex -4.90656328201294 -6.90880012512207 -9.32400894165039
  endloop
endfacet
facet normal 0.327914079254436 -0.707584426453432 0.625936607067588
  outer loop
    vertex -4.83250474929809 -6.60879993438721 -9.02367401123047
    vertex -4.90656328201294 -6.90880012512207 -9.32400894165039
    vertex -4.66739130020142 -6.60879993438721 -9.11017322540283
  endloop
endfacet
facet normal 0.323882191703031 -0.70662952729052 0.629106538718855
  outer loop
    vertex -4.66739130020142 -6.60879993438721 -9.11017322540283
    vertex -4.90656328201294 -6.90880012512207 -9.32400894165039
    vertex -4.73849964141846 -6.90880012512207 -9.41053295135498
  endloop
endfacet
facet normal 0.316463664102993 -0.707578013267847 0.63181018070496
  outer loop
    vertex -4.66739130020142 -6.60879993438721 -9.11017322540283
    vertex -4.73849964141846 -6.90880012512207 -9.41053295135498
    vertex -4.50073003768921 -6.60879993438721 -9.19365119934082
  endloop
endfacet
facet normal 0.312540699115273 -0.706636871972024 0.63480913869141
  outer loop
    vertex -4.50073003768921 -6.60879993438721 -9.19365119934082
    vertex -4.73849964141846 -6.90880012512207 -9.41053295135498
    vertex -4.56891059875488 -6.90880012512207 -9.49402809143066
  endloop
endfacet
facet normal 0.304909158234719 -0.707571061795509 0.637474389865327
  outer loop
    vertex -4.50073003768921 -6.60879993438721 -9.19365119934082
    vertex -4.56891059875488 -6.90880012512207 -9.49402809143066
    vertex -4.33257675170898 -6.60879993438721 -9.27408027648926
  endloop
endfacet
facet normal 0.301096574538274 -0.706644839531348 0.640307678827166
  outer loop
    vertex -4.33257675170898 -6.60879993438721 -9.27408027648926
    vertex -4.56891059875488 -6.90880012512207 -9.49402809143066
    vertex -4.39785099029541 -6.90880012512207 -9.57446670532227
  endloop
endfacet
facet normal 0.293255474707883 -0.707562527394341 0.642928064701788
  outer loop
    vertex -4.33257675170898 -6.60879993438721 -9.27408027648926
    vertex -4.39785099029541 -6.90880012512207 -9.57446670532227
    vertex -4.16298627853394 -6.60879993438721 -9.3514347076416
  endloop
endfacet
facet normal 0.28955921948627 -0.706653472689835 0.645597651750607
  outer loop
    vertex -4.16298627853394 -6.60879993438721 -9.3514347076416
    vertex -4.39785099029541 -6.90880012512207 -9.57446670532227
    vertex -4.22537612915039 -6.90880012512207 -9.65182399749756
  endloop
endfacet
facet normal 0.281505385276488 -0.707553264981257 0.648169032949507
  outer loop
    vertex -4.16298627853394 -6.60879993438721 -9.3514347076416
    vertex -4.22537612915039 -6.90880012512207 -9.65182399749756
    vertex -3.99201560020447 -6.60879993438721 -9.42568874359131
  endloop
endfacet
facet normal 0.277925338672092 -0.706662146140105 0.650681271696568
  outer loop
    vertex -3.99201560020447 -6.60879993438721 -9.42568874359131
    vertex -4.22537612915039 -6.90880012512207 -9.65182399749756
    vertex -4.05154085159302 -6.90880012512207 -9.72607421875
  endloop
endfacet
facet normal 0.269658091588143 -0.707542318745893 0.653198576869796
  outer loop
    vertex -3.99201560020447 -6.60879993438721 -9.42568874359131
    vertex -4.05154085159302 -6.90880012512207 -9.72607421875
    vertex -3.81972098350525 -6.60879993438721 -9.49681663513183
  endloop
endfacet
facet normal 0.266205523896936 -0.706672759887655 0.655551851099151
  outer loop
    vertex -3.81972098350525 -6.60879993438721 -9.49681663513183
    vertex -4.05154085159302 -6.90880012512207 -9.72607421875
    vertex -3.87640166282654 -6.90880012512207 -9.797194480896
  endloop
endfacet
facet normal 0.257723566851093 -0.70753169335186 0.658010232437308
  outer loop
    vertex -3.81972098350525 -6.60879993438721 -9.49681663513183
    vertex -3.87640166282654 -6.90880012512207 -9.797194480896
    vertex -3.64615988731384 -6.60879993438721 -9.56479549407959
  endloop
endfacet
facet normal 0.254396641509799 -0.70668405941975 0.660212078767541
  outer loop
    vertex -3.64615988731384 -6.60879993438721 -9.56479549407959
    vertex -3.87640166282654 -6.90880012512207 -9.797194480896
    vertex -3.70001459121704 -6.90880012512207 -9.86516094207764
  endloop
endfacet
facet normal 0.245702411012081 -0.707519728444215 0.662605583348854
  outer loop
    vertex -3.64615988731384 -6.60879993438721 -9.56479549407959
    vertex -3.70001459121704 -6.90880012512207 -9.86516094207764
    vertex -3.47138977050781 -6.60879993438721 -9.62960243225098
  endloop
endfacet
facet normal 0.242509206106333 -0.706696908454103 0.66465687729466
  outer loop
    vertex -3.47138977050781 -6.60879993438721 -9.62960243225098
    vertex -3.70001459121704 -6.90880012512207 -9.86516094207764
    vertex -3.52243685722351 -6.90880012512207 -9.92995262145996
  endloop
endfacet
facet normal 0.233601052436865 -0.707507734156435 0.666980775142145
  outer loop
    vertex -3.47138977050781 -6.60879993438721 -9.62960243225098
    vertex -3.52243685722351 -6.90880012512207 -9.92995262145996
    vertex -3.29546856880188 -6.60879993438721 -9.69121646881103
  endloop
endfacet
facet normal 0.230537011093316 -0.706709367833077 0.668890541070161
  outer loop
    vertex -3.29546856880188 -6.60879993438721 -9.69121646881103
    vertex -3.52243685722351 -6.90880012512207 -9.92995262145996
    vertex -3.34372520446777 -6.90880012512207 -9.99154663085938
  endloop
endfacet
facet normal 0.221420615429143 -0.707493067871265 0.671138189925953
  outer loop
    vertex -3.29546856880188 -6.60879993438721 -9.69121646881103
    vertex -3.34372520446777 -6.90880012512207 -9.99154663085938
    vertex -3.11845445632935 -6.60879993438721 -9.7496166229248
  endloop
endfacet
facet normal 0.218499335785741 -0.706723535294196 0.672904068142304
  outer loop
    vertex -3.11845445632935 -6.60879993438721 -9.7496166229248
    vertex -3.34372520446777 -6.90880012512207 -9.99154663085938
    vertex -3.16393709182739 -6.90880012512207 -10.0499258041382
  endloop
endfacet
facet normal 0.209170899733128 -0.707478772579234 0.675071345158876
  outer loop
    vertex -3.11845445632935 -6.60879993438721 -9.7496166229248
    vertex -3.16393709182739 -6.90880012512207 -10.0499258041382
    vertex -2.94040656089783 -6.60879993438721 -9.80478477478027
  endloop
endfacet
facet normal 0.206388225471352 -0.706737830689668 0.676701957333396
  outer loop
    vertex -2.94040656089783 -6.60879993438721 -9.80478477478027
    vertex -3.16393709182739 -6.90880012512207 -10.0499258041382
    vertex -2.98313093185425 -6.90880012512207 -10.1050701141357
  endloop
endfacet
facet normal 0.196845068047878 -0.707463032557824 0.678784263775549
  outer loop
    vertex -2.94040656089783 -6.60879993438721 -9.80478477478027
    vertex -2.98313093185425 -6.90880012512207 -10.1050701141357
    vertex -2.7613832950592 -6.60879993438721 -9.8567008972168
  endloop
endfacet
facet normal 0.194208943493839 -0.706753632294688 0.680280963650514
  outer loop
    vertex -2.7613832950592 -6.60879993438721 -9.8567008972168
    vertex -2.98313093185425 -6.90880012512207 -10.1050701141357
    vertex -2.80136442184448 -6.90880012512207 -10.15696144104
  endloop
endfacet
facet normal 0.184457813071727 -0.707446562558615 0.682271702711461
  outer loop
    vertex -2.7613832950592 -6.60879993438721 -9.8567008972168
    vertex -2.80136442184448 -6.90880012512207 -10.15696144104
    vertex -2.58144474029541 -6.60879993438721 -9.90534877777099
  endloop
endfacet
facet normal 0.181969414354324 -0.706769888438677 0.683639859162647
  outer loop
    vertex -2.58144474029541 -6.60879993438721 -9.90534877777099
    vertex -2.80136442184448 -6.90880012512207 -10.15696144104
    vertex -2.61869621276855 -6.90880012512207 -10.2055835723877
  endloop
endfacet
facet normal 0.172008061751387 -0.707429005713512 0.685534410928964
  outer loop
    vertex -2.58144474029541 -6.60879993438721 -9.90534877777099
    vertex -2.61869621276855 -6.90880012512207 -10.2055835723877
    vertex -2.40064978599548 -6.60879993438721 -9.95071220397949
  endloop
endfacet
facet normal 0.169672834674532 -0.706787407224401 0.686777030893228
  outer loop
    vertex -2.40064978599548 -6.60879993438721 -9.95071220397949
    vertex -2.61869621276855 -6.90880012512207 -10.2055835723877
    vertex -2.43518495559692 -6.90880012512207 -10.2509212493896
  endloop
endfacet
facet normal 0.15950053085772 -0.707411031145255 0.688570413008076
  outer loop
    vertex -2.40064978599548 -6.60879993438721 -9.95071220397949
    vertex -2.43518495559692 -6.90880012512207 -10.2509212493896
    vertex -2.21905899047852 -6.60879993438721 -9.99277591705322
  endloop
endfacet
facet normal 0.157319977187458 -0.706805803315178 0.689692671541262
  outer loop
    vertex -2.21905899047852 -6.60879993438721 -9.99277591705322
    vertex -2.43518495559692 -6.90880012512207 -10.2509212493896
    vertex -2.25089001655579 -6.90880012512207 -10.2929592132568
  endloop
endfacet
facet normal 0.146938242310414 -0.707392096630491 0.691379472194138
  outer loop
    vertex -2.21905899047852 -6.60879993438721 -9.99277591705322
    vertex -2.25089001655579 -6.90880012512207 -10.2929592132568
    vertex -2.03673243522644 -6.60879993438721 -10.0315256118774
  endloop
endfacet
facet normal 0.144917496337371 -0.706825557319154 0.692384684099652
  outer loop
    vertex -2.03673243522644 -6.60879993438721 -10.0315256118774
    vertex -2.25089001655579 -6.90880012512207 -10.2929592132568
    vertex -2.06587076187134 -6.90880012512207 -10.3316841125488
  endloop
endfacet
facet normal 0.134331678222974 -0.707372532645641 0.693959004757695
  outer loop
    vertex -2.03673243522644 -6.60879993438721 -10.0315256118774
    vertex -2.06587076187134 -6.90880012512207 -10.3316841125488
    vertex -1.85373044013977 -6.60879993438721 -10.0669498443604
  endloop
endfacet
facet normal 0.132465756701257 -0.706844170504105 0.69485548276309
  outer loop
    vertex -1.85373044013977 -6.60879993438721 -10.0669498443604
    vertex -2.06587076187134 -6.90880012512207 -10.3316841125488
    vertex -1.8801863193512 -6.90880012512207 -10.3670825958252
  endloop
endfacet
facet normal 0.121674577779348 -0.707350161450481 0.696312463063958
  outer loop
    vertex -1.85373044013977 -6.60879993438721 -10.0669498443604
    vertex -1.8801863193512 -6.90880012512207 -10.3670825958252
    vertex -1.67011380195618 -6.60879993438721 -10.0990352630615
  endloop
endfacet
facet normal 0.119978564910252 -0.706865160807666 0.697098836893614
  outer loop
    vertex -1.67011380195618 -6.60879993438721 -10.0990352630615
    vertex -1.8801863193512 -6.90880012512207 -10.3670825958252
    vertex -1.69389677047729 -6.90880012512207 -10.3991451263428
  endloop
endfacet
facet normal 0.108980199702622 -0.707328576604541 0.698433676730562
  outer loop
    vertex -1.67011380195618 -6.60879993438721 -10.0990352630615
    vertex -1.69389677047729 -6.90880012512207 -10.3991451263428
    vertex -1.48594331741333 -6.60879993438721 -10.1277723312378
  endloop
endfacet
facet normal 0.107449299612993 -0.706886503830511 0.699118100691832
  outer loop
    vertex -1.48594331741333 -6.60879993438721 -10.1277723312378
    vertex -1.69389677047729 -6.90880012512207 -10.3991451263428
    vertex -1.50706195831299 -6.90880012512207 -10.4278602600098
  endloop
endfacet
facet normal 0.0962455375171081 -0.707305502830865 0.700325440187075
  outer loop
    vertex -1.48594331741333 -6.60879993438721 -10.1277723312378
    vertex -1.50706195831299 -6.90880012512207 -10.4278602600098
    vertex -1.30128002166748 -6.60879993438721 -10.1531505584717
  endloop
endfacet
facet normal 0.0948883968168 -0.706909800495797 0.700909927246383
  outer loop
    vertex -1.30128002166748 -6.60879993438721 -10.1531505584717
    vertex -1.50706195831299 -6.90880012512207 -10.4278602600098
    vertex -1.3197420835495 -6.90880012512207 -10.4532194137573
  endloop
endfacet
facet normal 0.0834811086309588 -0.707282602815349 0.701984490039838
  outer loop
    vertex -1.30128002166748 -6.60879993438721 -10.1531505584717
    vertex -1.3197420835495 -6.90880012512207 -10.4532194137573
    vertex -1.11618530750275 -6.60879993438721 -10.1751623153687
  endloop
endfacet
facet normal 0.0822927186832111 -0.706932765229335 0.70247702730903
  outer loop
    vertex -1.11618530750275 -6.60879993438721 -10.1751623153687
    vertex -1.3197420835495 -6.90880012512207 -10.4532194137573
    vertex -1.13199734687805 -6.90880012512207 -10.4752130508423
  endloop
endfacet
facet normal 0.0706871116238091 -0.707257461956122 0.703413260294166
  outer loop
    vertex -1.11618530750275 -6.60879993438721 -10.1751623153687
    vertex -1.13199734687805 -6.90880012512207 -10.4752130508423
    vertex -0.930720448493957 -6.60879993438721 -10.1937999725342
  endloop
endfacet
facet normal 0.0696763195210498 -0.706957060960559 0.703815973430562
  outer loop
    vertex -0.930720448493957 -6.60879993438721 -10.1937999725342
    vertex -1.13199734687805 -6.90880012512207 -10.4752130508423
    vertex -0.943888366222381 -6.90880012512207 -10.4938354492188
  endloop
endfacet
facet normal 0.0574454686552193 -0.707106722699007 0.704769537398469
  outer loop
    vertex -0.744947016239166 -6.60879993438721 -10.209056854248
    vertex -0.943888366222381 -6.90880012512207 -10.4938354492188
    vertex -0.755475521087646 -6.90880012512207 -10.5090799331665
  endloop
endfacet
facet normal 0.0574454686552193 -0.707106722699007 0.704769537398469
  outer loop
    vertex -0.943888366222381 -6.90880012512207 -10.4938354492188
    vertex -0.744947016239166 -6.60879993438721 -10.209056854248
    vertex -0.930720448493957 -6.60879993438721 -10.1937999725342
  endloop
endfacet
facet normal 0.0447019224332516 -0.707107154486671 0.705692008035046
  outer loop
    vertex -0.558926522731781 -6.60879993438721 -10.220929145813
    vertex -0.755475521087646 -6.90880012512207 -10.5090799331665
    vertex -0.566819548606873 -6.90880012512207 -10.5209426879883
  endloop
endfacet
facet normal 0.0447019224332516 -0.707107154486671 0.705692008035046
  outer loop
    vertex -0.755475521087646 -6.90880012512207 -10.5090799331665
    vertex -0.558926522731781 -6.60879993438721 -10.220929145813
    vertex -0.744947016239166 -6.60879993438721 -10.209056854248
  endloop
endfacet
facet normal 0.0319386500986302 -0.707107273929719 0.706384616045366
  outer loop
    vertex -0.372720658779144 -6.60879993438721 -10.2294120788574
    vertex -0.566819548606873 -6.90880012512207 -10.5209426879883
    vertex -0.377981066703796 -6.90880012512207 -10.5294179916382
  endloop
endfacet
facet normal 0.0319386500986302 -0.707107273929719 0.706384616045366
  outer loop
    vertex -0.566819548606873 -6.90880012512207 -10.5209426879883
    vertex -0.372720658779144 -6.60879993438721 -10.2294120788574
    vertex -0.558926522731781 -6.60879993438721 -10.220929145813
  endloop
endfacet
facet normal 0.0191664363537841 -0.707106838004 0.706846919329413
  outer loop
    vertex -0.186391234397888 -6.60879993438721 -10.2345027923584
    vertex -0.377981066703796 -6.90880012512207 -10.5294179916382
    vertex -0.189020961523056 -6.90880012512207 -10.5345039367676
  endloop
endfacet
facet normal 0.0191664363537841 -0.707106838004 0.706846919329413
  outer loop
    vertex -0.377981066703796 -6.90880012512207 -10.5294179916382
    vertex -0.186391234397888 -6.60879993438721 -10.2345027923584
    vertex -0.372720658779144 -6.60879993438721 -10.2294120788574
  endloop
endfacet
facet normal 0.00639060781063819 -0.707106347093947 0.707078336559158
  outer loop
    vertex 0.0 -6.60879993438721 -10.2362003326416
    vertex -0.189020961523056 -6.90880012512207 -10.5345039367676
    vertex 0.0 -6.90880012512207 -10.5361995697021
  endloop
endfacet
facet normal 0.00639060781063819 -0.707106347093947 0.707078336559158
  outer loop
    vertex -0.189020961523056 -6.90880012512207 -10.5345039367676
    vertex 0.0 -6.60879993438721 -10.2362003326416
    vertex -0.186391234397888 -6.60879993438721 -10.2345027923584
  endloop
endfacet
facet normal -0.707107905102684 -0.707105657268625 -4.76190518266927e-018
  outer loop
    vertex 22.3012008666992 -6.60879993438721 -8.57250022888184
    vertex 22.6012001037598 -6.90880012512207 -10.5361995697021
    vertex 22.6012001037598 -6.90880012512207 -8.3223876953125
  endloop
endfacet
facet normal -0.707107905102684 -0.707105657268625 -4.76190518266927e-018
  outer loop
    vertex 22.6012001037598 -6.90880012512207 -10.5361995697021
    vertex 22.3012008666992 -6.60879993438721 -8.57250022888184
    vertex 22.3012008666992 -6.60879993438721 -10.2362003326416
  endloop
endfacet
facet normal -1.0 0.0 0.0
  outer loop
    vertex 3.20357489585876 0.0 9.72198009490967
    vertex 3.20357489585876 -6.60879993438721 -5.07999992370605
    vertex 3.20357489585876 -6.60879993438721 9.72198009490967
  endloop
endfacet
facet normal -1.0 0.0 0.0
  outer loop
    vertex 3.20357489585876 -6.60879993438721 -5.07999992370605
    vertex 3.20357489585876 0.0 9.72198009490967
    vertex 3.20357489585876 0.0 -5.07999992370605
  endloop
endfacet
facet normal -0.304302857712224 0.0 -0.952575336017144
  outer loop
    vertex 3.20357489585876 0.0 9.72198009490967
    vertex 3.02601599693298 -6.60879993438721 9.77870178222656
    vertex 3.02601599693298 0.0 9.77870178222656
  endloop
endfacet
facet normal -0.304302857712224 0.0 -0.952575336017144
  outer loop
    vertex 3.02601599693298 -6.60879993438721 9.77870178222656
    vertex 3.20357489585876 0.0 9.72198009490967
    vertex 3.20357489585876 -6.60879993438721 9.72198009490967
  endloop
endfacet
facet normal -0.286911914122514 0.0 -0.957956968519231
  outer loop
    vertex 3.02601599693298 0.0 9.77870178222656
    vertex 2.84745359420776 -6.60879993438721 9.83218193054199
    vertex 2.84745359420776 0.0 9.83218193054199
  endloop
endfacet
facet normal -0.286911914122514 0.0 -0.957956968519231
  outer loop
    vertex 2.84745359420776 -6.60879993438721 9.83218193054199
    vertex 3.02601599693298 0.0 9.77870178222656
    vertex 3.02601599693298 -6.60879993438721 9.77870178222656
  endloop
endfacet
facet normal -0.269414762304701 0.0 -0.963024239493639
  outer loop
    vertex 2.84745359420776 0.0 9.83218193054199
    vertex 2.6679470539093 -6.60879993438721 9.88240051269531
    vertex 2.6679470539093 0.0 9.88240051269531
  endloop
endfacet
facet normal -0.269414762304701 0.0 -0.963024239493639
  outer loop
    vertex 2.6679470539093 -6.60879993438721 9.88240051269531
    vertex 2.84745359420776 0.0 9.83218193054199
    vertex 2.84745359420776 -6.60879993438721 9.83218193054199
  endloop
endfacet
facet normal -0.251840036723774 0.0 -0.967768875250164
  outer loop
    vertex 2.6679470539093 0.0 9.88240051269531
    vertex 2.48755598068237 -6.60879993438721 9.92934322357178
    vertex 2.48755598068237 0.0 9.92934322357178
  endloop
endfacet
facet normal -0.251840036723774 0.0 -0.967768875250164
  outer loop
    vertex 2.48755598068237 -6.60879993438721 9.92934322357178
    vertex 2.6679470539093 0.0 9.88240051269531
    vertex 2.6679470539093 -6.60879993438721 9.88240051269531
  endloop
endfacet
facet normal -0.234173215016282 0.0 -0.972194890630957
  outer loop
    vertex 2.48755598068237 0.0 9.92934322357178
    vertex 2.30633974075317 -6.60879993438721 9.97299289703369
    vertex 2.30633974075317 0.0 9.97299289703369
  endloop
endfacet
facet normal -0.234173215016282 0.0 -0.972194890630957
  outer loop
    vertex 2.30633974075317 -6.60879993438721 9.97299289703369
    vertex 2.48755598068237 0.0 9.92934322357178
    vertex 2.48755598068237 -6.60879993438721 9.92934322357178
  endloop
endfacet
facet normal -0.216430144503241 0.0 -0.97629810639492
  outer loop
    vertex 2.30633974075317 0.0 9.97299289703369
    vertex 2.1243588924408 -6.60879993438721 10.0133352279663
    vertex 2.1243588924408 0.0 10.0133352279663
  endloop
endfacet
facet normal -0.216430144503241 0.0 -0.97629810639492
  outer loop
    vertex 2.1243588924408 -6.60879993438721 10.0133352279663
    vertex 2.30633974075317 0.0 9.97299289703369
    vertex 2.30633974075317 -6.60879993438721 9.97299289703369
  endloop
endfacet
facet normal -0.19862014897584 0.0 -0.980076546204844
  outer loop
    vertex 2.1243588924408 0.0 10.0133352279663
    vertex 1.94167363643646 -6.60879993438721 10.0503578186035
    vertex 1.94167363643646 0.0 10.0503578186035
  endloop
endfacet
facet normal -0.19862014897584 0.0 -0.980076546204844
  outer loop
    vertex 1.94167363643646 -6.60879993438721 10.0503578186035
    vertex 2.1243588924408 0.0 10.0133352279663
    vertex 2.1243588924408 -6.60879993438721 10.0133352279663
  endloop
endfacet
facet normal -0.180738739085005 0.0 -0.983531142462689
  outer loop
    vertex 1.94167363643646 0.0 10.0503578186035
    vertex 1.75834453105926 -6.60879993438721 10.0840473175049
    vertex 1.75834453105926 0.0 10.0840473175049
  endloop
endfacet
facet normal -0.180738739085005 0.0 -0.983531142462689
  outer loop
    vertex 1.75834453105926 -6.60879993438721 10.0840473175049
    vertex 1.94167363643646 0.0 10.0503578186035
    vertex 1.94167363643646 -6.60879993438721 10.0503578186035
  endloop
endfacet
facet normal -0.16280082508203 0.0 -0.986658953921065
  outer loop
    vertex 1.75834453105926 0.0 10.0840473175049
    vertex 1.57443225383759 -6.60879993438721 10.1143932342529
    vertex 1.57443225383759 0.0 10.1143932342529
  endloop
endfacet
facet normal -0.16280082508203 0.0 -0.986658953921065
  outer loop
    vertex 1.57443225383759 -6.60879993438721 10.1143932342529
    vertex 1.75834453105926 0.0 10.0840473175049
    vertex 1.75834453105926 -6.60879993438721 10.0840473175049
  endloop
endfacet
facet normal -0.144806846379396 0.0 -0.989459942211737
  outer loop
    vertex 1.57443225383759 0.0 10.1143932342529
    vertex 1.38999795913696 -6.60879993438721 10.1413850784302
    vertex 1.38999795913696 0.0 10.1413850784302
  endloop
endfacet
facet normal -0.144806846379396 0.0 -0.989459942211737
  outer loop
    vertex 1.38999795913696 -6.60879993438721 10.1413850784302
    vertex 1.57443225383759 0.0 10.1143932342529
    vertex 1.57443225383759 -6.60879993438721 10.1143932342529
  endloop
endfacet
facet normal -0.126766766396746 0.0 -0.991932551606868
  outer loop
    vertex 1.38999795913696 0.0 10.1413850784302
    vertex 1.20510280132294 -6.60879993438721 10.1650142669678
    vertex 1.20510280132294 0.0 10.1650142669678
  endloop
endfacet
facet normal -0.126766766396746 0.0 -0.991932551606868
  outer loop
    vertex 1.20510280132294 -6.60879993438721 10.1650142669678
    vertex 1.38999795913696 0.0 10.1413850784302
    vertex 1.38999795913696 -6.60879993438721 10.1413850784302
  endloop
endfacet
facet normal -0.108685650884881 0.0 -0.99407616875757
  outer loop
    vertex 1.20510280132294 0.0 10.1650142669678
    vertex 1.01980793476105 -6.60879993438721 10.1852731704712
    vertex 1.01980793476105 0.0 10.1852731704712
  endloop
endfacet
facet normal -0.108685650884881 0.0 -0.99407616875757
  outer loop
    vertex 1.01980793476105 -6.60879993438721 10.1852731704712
    vertex 1.20510280132294 0.0 10.1650142669678
    vertex 1.20510280132294 -6.60879993438721 10.1650142669678
  endloop
endfacet
facet normal -0.0905637703748219 0.0 -0.99589065840357
  outer loop
    vertex 1.01980793476105 0.0 10.1852731704712
    vertex 0.834174990653992 -6.60879993438721 10.2021541595459
    vertex 0.834174990653992 0.0 10.2021541595459
  endloop
endfacet
facet normal -0.0905637703748219 0.0 -0.99589065840357
  outer loop
    vertex 0.834174990653992 -6.60879993438721 10.2021541595459
    vertex 1.01980793476105 0.0 10.1852731704712
    vertex 1.01980793476105 -6.60879993438721 10.1852731704712
  endloop
endfacet
facet normal -0.0724110977348071 0.0 -0.99737487081079
  outer loop
    vertex 0.834174990653992 0.0 10.2021541595459
    vertex 0.648265361785889 -6.60879993438721 10.215651512146
    vertex 0.648265361785889 0.0 10.215651512146
  endloop
endfacet
facet normal -0.0724110977348071 0.0 -0.99737487081079
  outer loop
    vertex 0.648265361785889 -6.60879993438721 10.215651512146
    vertex 0.834174990653992 0.0 10.2021541595459
    vertex 0.834174990653992 -6.60879993438721 10.2021541595459
  endloop
endfacet
facet normal -0.0542430882775204 0.0 -0.998527759941664
  outer loop
    vertex 0.648265361785889 0.0 10.215651512146
    vertex 0.462140828371048 -6.60879993438721 10.2257623672485
    vertex 0.462140828371048 0.0 10.2257623672485
  endloop
endfacet
facet normal -0.0542430882775204 0.0 -0.998527759941664
  outer loop
    vertex 0.462140828371048 -6.60879993438721 10.2257623672485
    vertex 0.648265361785889 0.0 10.215651512146
    vertex 0.648265361785889 -6.60879993438721 10.215651512146
  endloop
endfacet
facet normal -0.0360494986210176 0.0 -0.999350005578212
  outer loop
    vertex 0.462140828371048 0.0 10.2257623672485
    vertex 0.275863021612167 -6.60879993438721 10.2324819564819
    vertex 0.275863021612167 0.0 10.2324819564819
  endloop
endfacet
facet normal -0.0360494986210176 0.0 -0.999350005578212
  outer loop
    vertex 0.275863021612167 -6.60879993438721 10.2324819564819
    vertex 0.462140828371048 0.0 10.2257623672485
    vertex 0.462140828371048 -6.60879993438721 10.2257623672485
  endloop
endfacet
facet normal -0.0178456796708363 0.0 -0.999840753178768
  outer loop
    vertex 0.275863021612167 0.0 10.2324819564819
    vertex 0.0894937515258789 -6.60879993438721 10.2358083724976
    vertex 0.0894937515258789 0.0 10.2358083724976
  endloop
endfacet
facet normal -0.0178456796708363 0.0 -0.999840753178768
  outer loop
    vertex 0.0894937515258789 -6.60879993438721 10.2358083724976
    vertex 0.275863021612167 0.0 10.2324819564819
    vertex 0.275863021612167 -6.60879993438721 10.2324819564819
  endloop
endfacet
facet normal 0.000358141499129239 0.0 -0.999999935867331
  outer loop
    vertex 0.0894937515258789 0.0 10.2358083724976
    vertex -0.0969051942229271 -6.60879993438721 10.2357416152954
    vertex -0.0969051942229271 0.0 10.2357416152954
  endloop
endfacet
facet normal 0.000358141499129239 0.0 -0.999999935867331
  outer loop
    vertex -0.0969051942229271 -6.60879993438721 10.2357416152954
    vertex 0.0894937515258789 0.0 10.2358083724976
    vertex 0.0894937515258789 -6.60879993438721 10.2358083724976
  endloop
endfacet
facet normal 0.0185721952843854 0.0 -0.999827521906813
  outer loop
    vertex -0.0969051942229271 0.0 10.2357416152954
    vertex -0.283271998167038 -6.60879993438721 10.2322797775269
    vertex -0.283271998167038 0.0 10.2322797775269
  endloop
endfacet
facet normal 0.0185721952843854 0.0 -0.999827521906813
  outer loop
    vertex -0.283271998167038 -6.60879993438721 10.2322797775269
    vertex -0.0969051942229271 0.0 10.2357416152954
    vertex -0.0969051942229271 -6.60879993438721 10.2357416152954
  endloop
endfacet
facet normal 0.0367760108593047 0.0 -0.999323533709317
  outer loop
    vertex -0.283271998167038 0.0 10.2322797775269
    vertex -0.469544887542725 -6.60879993438721 10.2254247665405
    vertex -0.469544887542725 0.0 10.2254247665405
  endloop
endfacet
facet normal 0.0367760108593047 0.0 -0.999323533709317
  outer loop
    vertex -0.469544887542725 -6.60879993438721 10.2254247665405
    vertex -0.283271998167038 0.0 10.2322797775269
    vertex -0.283271998167038 -6.60879993438721 10.2322797775269
  endloop
endfacet
facet normal 0.0549644898617232 0.0 -0.998488309823525
  outer loop
    vertex -0.469544887542725 0.0 10.2254247665405
    vertex -0.655662059783936 -6.60879993438721 10.2151794433594
    vertex -0.655662059783936 0.0 10.2151794433594
  endloop
endfacet
facet normal 0.0549644898617232 0.0 -0.998488309823525
  outer loop
    vertex -0.655662059783936 -6.60879993438721 10.2151794433594
    vertex -0.469544887542725 0.0 10.2254247665405
    vertex -0.469544887542725 -6.60879993438721 10.2254247665405
  endloop
endfacet
facet normal 0.0731375951151014 0.0 -0.99732185987312
  outer loop
    vertex -0.655662059783936 0.0 10.2151794433594
    vertex -0.841561853885651 -6.60879993438721 10.2015466690063
    vertex -0.841561853885651 0.0 10.2015466690063
  endloop
endfacet
facet normal 0.0731375951151014 0.0 -0.99732185987312
  outer loop
    vertex -0.841561853885651 -6.60879993438721 10.2015466690063
    vertex -0.655662059783936 0.0 10.2151794433594
    vertex -0.655662059783936 -6.60879993438721 10.2151794433594
  endloop
endfacet
facet normal 0.0912800676936432 0.0 -0.99582526039554
  outer loop
    vertex -0.841561853885651 0.0 10.2015466690063
    vertex -1.02718257904053 -6.60879993438721 10.1845321655273
    vertex -1.02718257904053 0.0 10.1845321655273
  endloop
endfacet
facet normal 0.0912800676936432 0.0 -0.99582526039554
  outer loop
    vertex -1.02718257904053 -6.60879993438721 10.1845321655273
    vertex -0.841561853885651 0.0 10.2015466690063
    vertex -0.841561853885651 -6.60879993438721 10.2015466690063
  endloop
endfacet
facet normal 0.10940706771161 0.0 -0.993997028936579
  outer loop
    vertex -1.02718257904053 0.0 10.1845321655273
    vertex -1.21246266365051 -6.60879993438721 10.1641387939453
    vertex -1.21246266365051 0.0 10.1641387939453
  endloop
endfacet
facet normal 0.10940706771161 0.0 -0.993997028936579
  outer loop
    vertex -1.21246266365051 -6.60879993438721 10.1641387939453
    vertex -1.02718257904053 0.0 10.1845321655273
    vertex -1.02718257904053 -6.60879993438721 10.1845321655273
  endloop
endfacet
facet normal 0.127483086366283 0.0 -0.991840744621094
  outer loop
    vertex -1.21246266365051 0.0 10.1641387939453
    vertex -1.39734065532684 -6.60879993438721 10.1403760910034
    vertex -1.39734065532684 0.0 10.1403760910034
  endloop
endfacet
facet normal 0.127483086366283 0.0 -0.991840744621094
  outer loop
    vertex -1.39734065532684 -6.60879993438721 10.1403760910034
    vertex -1.21246266365051 0.0 10.1641387939453
    vertex -1.21246266365051 -6.60879993438721 10.1641387939453
  endloop
endfacet
facet normal 0.145523099441983 0.0 -0.989354854199846
  outer loop
    vertex -1.39734065532684 0.0 10.1403760910034
    vertex -1.58175539970398 -6.60879993438721 10.1132507324219
    vertex -1.58175539970398 0.0 10.1132507324219
  endloop
endfacet
facet normal 0.145523099441983 0.0 -0.989354854199846
  outer loop
    vertex -1.58175539970398 -6.60879993438721 10.1132507324219
    vertex -1.39734065532684 0.0 10.1403760910034
    vertex -1.39734065532684 -6.60879993438721 10.1403760910034
  endloop
endfacet
facet normal 0.163517085080714 0.0 -0.986540502405607
  outer loop
    vertex -1.58175539970398 0.0 10.1132507324219
    vertex -1.76564562320709 -6.60879993438721 10.0827713012695
    vertex -1.76564562320709 0.0 10.0827713012695
  endloop
endfacet
facet normal 0.163517085080714 0.0 -0.986540502405607
  outer loop
    vertex -1.76564562320709 -6.60879993438721 10.0827713012695
    vertex -1.58175539970398 0.0 10.1132507324219
    vertex -1.58175539970398 -6.60879993438721 10.1132507324219
  endloop
endfacet
facet normal 0.181449933168138 0.0 -0.983400183929858
  outer loop
    vertex -1.76564562320709 0.0 10.0827713012695
    vertex -1.94895029067993 -6.60879993438721 10.0489492416382
    vertex -1.94895029067993 0.0 10.0489492416382
  endloop
endfacet
facet normal 0.181449933168138 0.0 -0.983400183929858
  outer loop
    vertex -1.94895029067993 -6.60879993438721 10.0489492416382
    vertex -1.76564562320709 0.0 10.0827713012695
    vertex -1.76564562320709 -6.60879993438721 10.0827713012695
  endloop
endfacet
facet normal 0.199326305722403 0.0 -0.97993317315369
  outer loop
    vertex -1.94895029067993 0.0 10.0489492416382
    vertex -2.13160872459412 -6.60879993438721 10.0117950439453
    vertex -2.13160872459412 0.0 10.0117950439453
  endloop
endfacet
facet normal 0.199326305722403 0.0 -0.97993317315369
  outer loop
    vertex -2.13160872459412 -6.60879993438721 10.0117950439453
    vertex -1.94895029067993 0.0 10.0489492416382
    vertex -1.94895029067993 -6.60879993438721 10.0489492416382
  endloop
endfacet
facet normal 0.217140913306619 0.0 -0.976140268490327
  outer loop
    vertex -2.13160872459412 0.0 10.0117950439453
    vertex -2.31356048583984 -6.60879993438721 9.97132015228271
    vertex -2.31356048583984 0.0 9.97132015228271
  endloop
endfacet
facet normal 0.217140913306619 0.0 -0.976140268490327
  outer loop
    vertex -2.31356048583984 -6.60879993438721 9.97132015228271
    vertex -2.13160872459412 0.0 10.0117950439453
    vertex -2.13160872459412 -6.60879993438721 10.0117950439453
  endloop
endfacet
facet normal 0.234874672440803 0.0 -0.972025662339131
  outer loop
    vertex -2.31356048583984 0.0 9.97132015228271
    vertex -2.49474477767944 -6.60879993438721 9.92753982543945
    vertex -2.49474477767944 0.0 9.92753982543945
  endloop
endfacet
facet normal 0.234874672440803 0.0 -0.972025662339131
  outer loop
    vertex -2.49474477767944 -6.60879993438721 9.92753982543945
    vertex -2.31356048583984 0.0 9.97132015228271
    vertex -2.31356048583984 -6.60879993438721 9.97132015228271
  endloop
endfacet
facet normal 0.252540715721237 0.0 -0.967586268455173
  outer loop
    vertex -2.49474477767944 0.0 9.92753982543945
    vertex -2.67510199546814 -6.60879993438721 9.88046646118164
    vertex -2.67510199546814 0.0 9.88046646118164
  endloop
endfacet
facet normal 0.252540715721237 0.0 -0.967586268455173
  outer loop
    vertex -2.67510199546814 -6.60879993438721 9.88046646118164
    vertex -2.49474477767944 0.0 9.92753982543945
    vertex -2.49474477767944 -6.60879993438721 9.92753982543945
  endloop
endfacet
facet normal 0.270115523065753 0.0 -0.962827920346577
  outer loop
    vertex -2.67510199546814 0.0 9.88046646118164
    vertex -2.854572057724 -6.60879993438721 9.83011722564697
    vertex -2.854572057724 0.0 9.83011722564697
  endloop
endfacet
facet normal 0.270115523065753 0.0 -0.962827920346577
  outer loop
    vertex -2.854572057724 -6.60879993438721 9.83011722564697
    vertex -2.67510199546814 0.0 9.88046646118164
    vertex -2.67510199546814 -6.60879993438721 9.88046646118164
  endloop
endfacet
facet normal 0.287602634340712 0.0 -0.95774982365975
  outer loop
    vertex -2.854572057724 0.0 9.83011722564697
    vertex -3.0330958366394 -6.60879993438721 9.77650833129883
    vertex -3.0330958366394 0.0 9.77650833129883
  endloop
endfacet
facet normal 0.287602634340712 0.0 -0.95774982365975
  outer loop
    vertex -3.0330958366394 -6.60879993438721 9.77650833129883
    vertex -2.854572057724 0.0 9.83011722564697
    vertex -2.854572057724 -6.60879993438721 9.83011722564697
  endloop
endfacet
facet normal 0.304993663671353 0.0 -0.952354380007949
  outer loop
    vertex -3.0330958366394 0.0 9.77650833129883
    vertex -3.210613489151 -6.60879993438721 9.71965789794922
    vertex -3.210613489151 0.0 9.71965789794922
  endloop
endfacet
facet normal 0.304993663671353 0.0 -0.952354380007949
  outer loop
    vertex -3.210613489151 -6.60879993438721 9.71965789794922
    vertex -3.0330958366394 0.0 9.77650833129883
    vertex -3.0330958366394 -6.60879993438721 9.77650833129883
  endloop
endfacet
facet normal 0.322286039615033 0.0 -0.946642334078324
  outer loop
    vertex -3.210613489151 0.0 9.71965789794922
    vertex -3.38706684112549 -6.60879993438721 9.65958404541016
    vertex -3.38706684112549 0.0 9.65958404541016
  endloop
endfacet
facet normal 0.322286039615033 0.0 -0.946642334078324
  outer loop
    vertex -3.38706684112549 -6.60879993438721 9.65958404541016
    vertex -3.210613489151 0.0 9.71965789794922
    vertex -3.210613489151 -6.60879993438721 9.71965789794922
  endloop
endfacet
facet normal 0.339467468205483 0.0 -0.940617795935288
  outer loop
    vertex -3.38706684112549 0.0 9.65958404541016
    vertex -3.56239676475525 -6.60879993438721 9.5963077545166
    vertex -3.56239676475525 0.0 9.5963077545166
  endloop
endfacet
facet normal 0.339467468205483 0.0 -0.940617795935288
  outer loop
    vertex -3.56239676475525 -6.60879993438721 9.5963077545166
    vertex -3.38706684112549 0.0 9.65958404541016
    vertex -3.38706684112549 -6.60879993438721 9.65958404541016
  endloop
endfacet
facet normal 0.35654013865721 0.0 -0.934280005954477
  outer loop
    vertex -3.56239676475525 0.0 9.5963077545166
    vertex -3.73654556274414 -6.60879993438721 9.5298490524292
    vertex -3.73654556274414 0.0 9.5298490524292
  endloop
endfacet
facet normal 0.35654013865721 0.0 -0.934280005954477
  outer loop
    vertex -3.73654556274414 -6.60879993438721 9.5298490524292
    vertex -3.56239676475525 0.0 9.5963077545166
    vertex -3.56239676475525 -6.60879993438721 9.5963077545166
  endloop
endfacet
facet normal 0.373495345255698 0.0 -0.927632053711129
  outer loop
    vertex -3.73654556274414 0.0 9.5298490524292
    vertex -3.90945529937744 -6.60879993438721 9.46022987365723
    vertex -3.90945529937744 0.0 9.46022987365723
  endloop
endfacet
facet normal 0.373495345255698 0.0 -0.927632053711129
  outer loop
    vertex -3.90945529937744 -6.60879993438721 9.46022987365723
    vertex -3.73654556274414 0.0 9.5298490524292
    vertex -3.73654556274414 -6.60879993438721 9.5298490524292
  endloop
endfacet
facet normal 0.390323447196555 0.0 -0.920677797369198
  outer loop
    vertex -3.90945529937744 0.0 9.46022987365723
    vertex -4.08106851577759 -6.60879993438721 9.38747406005859
    vertex -4.08106851577759 0.0 9.38747406005859
  endloop
endfacet
facet normal 0.390323447196555 0.0 -0.920677797369198
  outer loop
    vertex -4.08106851577759 -6.60879993438721 9.38747406005859
    vertex -3.90945529937744 0.0 9.46022987365723
    vertex -3.90945529937744 -6.60879993438721 9.46022987365723
  endloop
endfacet
facet normal 0.407022182928872 0.0 -0.913418273631427
  outer loop
    vertex -4.08106851577759 0.0 9.38747406005859
    vertex -4.25132894515991 -6.60879993438721 9.31160545349121
    vertex -4.25132894515991 0.0 9.31160545349121
  endloop
endfacet
facet normal 0.407022182928872 0.0 -0.913418273631427
  outer loop
    vertex -4.25132894515991 -6.60879993438721 9.31160545349121
    vertex -4.08106851577759 0.0 9.38747406005859
    vertex -4.08106851577759 -6.60879993438721 9.38747406005859
  endloop
endfacet
facet normal 0.423589063059468 0.0 -0.905854461630787
  outer loop
    vertex -4.25132894515991 0.0 9.31160545349121
    vertex -4.42017936706543 -6.60879993438721 9.2326488494873
    vertex -4.42017936706543 0.0 9.2326488494873
  endloop
endfacet
facet normal 0.423589063059468 0.0 -0.905854461630787
  outer loop
    vertex -4.42017936706543 -6.60879993438721 9.2326488494873
    vertex -4.25132894515991 0.0 9.31160545349121
    vertex -4.25132894515991 -6.60879993438721 9.31160545349121
  endloop
endfacet
facet normal 0.440012792966274 0.0 -0.897991504428644
  outer loop
    vertex -4.42017936706543 0.0 9.2326488494873
    vertex -4.58756399154663 -6.60879993438721 9.15063095092773
    vertex -4.58756399154663 0.0 9.15063095092773
  endloop
endfacet
facet normal 0.440012792966274 0.0 -0.897991504428644
  outer loop
    vertex -4.58756399154663 -6.60879993438721 9.15063095092773
    vertex -4.42017936706543 0.0 9.2326488494873
    vertex -4.42017936706543 -6.60879993438721 9.2326488494873
  endloop
endfacet
facet normal 0.456292341658931 0.0 -0.889829926976728
  outer loop
    vertex -4.58756399154663 0.0 9.15063095092773
    vertex -4.75342750549316 -6.60879993438721 9.06557846069336
    vertex -4.75342750549316 0.0 9.06557846069336
  endloop
endfacet
facet normal 0.456292341658931 0.0 -0.889829926976728
  outer loop
    vertex -4.75342750549316 -6.60879993438721 9.06557846069336
    vertex -4.58756399154663 0.0 9.15063095092773
    vertex -4.58756399154663 -6.60879993438721 9.15063095092773
  endloop
endfacet
facet normal 0.472419532071356 0.0 -0.881373805894798
  outer loop
    vertex -4.75342750549316 0.0 9.06557846069336
    vertex -4.91771459579468 -6.60879993438721 8.97751998901367
    vertex -4.91771459579468 0.0 8.97751998901367
  endloop
endfacet
facet normal 0.472419532071356 0.0 -0.881373805894798
  outer loop
    vertex -4.91771459579468 -6.60879993438721 8.97751998901367
    vertex -4.75342750549316 0.0 9.06557846069336
    vertex -4.75342750549316 -6.60879993438721 9.06557846069336
  endloop
endfacet
facet normal 0.488387266338431 0.0 -0.872626998252102
  outer loop
    vertex -4.91771459579468 0.0 8.97751998901367
    vertex -5.08037137985229 -6.60879993438721 8.88648509979248
    vertex -5.08037137985229 0.0 8.88648509979248
  endloop
endfacet
facet normal 0.488387266338431 0.0 -0.872626998252102
  outer loop
    vertex -5.08037137985229 -6.60879993438721 8.88648509979248
    vertex -4.91771459579468 0.0 8.97751998901367
    vertex -4.91771459579468 -6.60879993438721 8.97751998901367
  endloop
endfacet
facet normal 0.504197691508298 0.0 -0.863588262934197
  outer loop
    vertex -5.08037137985229 0.0 8.88648509979248
    vertex -5.24134302139282 -6.60879993438721 8.79250335693359
    vertex -5.24134302139282 0.0 8.79250335693359
  endloop
endfacet
facet normal 0.504197691508298 0.0 -0.863588262934197
  outer loop
    vertex -5.24134302139282 -6.60879993438721 8.79250335693359
    vertex -5.08037137985229 0.0 8.88648509979248
    vertex -5.08037137985229 -6.60879993438721 8.88648509979248
  endloop
endfacet
facet normal 0.519841279050793 0.0 -0.854262866215567
  outer loop
    vertex -5.24134302139282 0.0 8.79250335693359
    vertex -5.40057706832886 -6.60879993438721 8.69560527801514
    vertex -5.40057706832886 0.0 8.69560527801514
  endloop
endfacet
facet normal 0.519841279050793 0.0 -0.854262866215567
  outer loop
    vertex -5.40057706832886 -6.60879993438721 8.69560527801514
    vertex -5.24134302139282 0.0 8.79250335693359
    vertex -5.24134302139282 -6.60879993438721 8.79250335693359
  endloop
endfacet
facet normal 0.535309007860545 0.0 -0.84465630057637
  outer loop
    vertex -5.40057706832886 0.0 8.69560527801514
    vertex -5.55802011489868 -6.60879993438721 8.59582424163818
    vertex -5.55802011489868 0.0 8.59582424163818
  endloop
endfacet
facet normal 0.535309007860545 0.0 -0.84465630057637
  outer loop
    vertex -5.55802011489868 -6.60879993438721 8.59582424163818
    vertex -5.40057706832886 0.0 8.69560527801514
    vertex -5.40057706832886 -6.60879993438721 8.69560527801514
  endloop
endfacet
facet normal 0.55059766632135 0.0 -0.834770752866608
  outer loop
    vertex -5.55802011489868 0.0 8.59582424163818
    vertex -5.71362018585205 -6.60879993438721 8.49319362640381
    vertex -5.71362018585205 0.0 8.49319362640381
  endloop
endfacet
facet normal 0.55059766632135 0.0 -0.834770752866608
  outer loop
    vertex -5.71362018585205 -6.60879993438721 8.49319362640381
    vertex -5.55802011489868 0.0 8.59582424163818
    vertex -5.55802011489868 -6.60879993438721 8.59582424163818
  endloop
endfacet
facet normal 0.565709500471135 0.0 -0.824604608934912
  outer loop
    vertex -5.71362018585205 0.0 8.49319362640381
    vertex -5.86732578277588 -6.60879993438721 8.38774585723877
    vertex -5.86732578277588 0.0 8.38774585723877
  endloop
endfacet
facet normal 0.565709500471135 0.0 -0.824604608934912
  outer loop
    vertex -5.86732578277588 -6.60879993438721 8.38774585723877
    vertex -5.71362018585205 0.0 8.49319362640381
    vertex -5.71362018585205 -6.60879993438721 8.49319362640381
  endloop
endfacet
facet normal 0.580630399837925 0.0 -0.814167267079715
  outer loop
    vertex -5.86732578277588 0.0 8.38774585723877
    vertex -6.01908540725708 -6.60879993438721 8.27951717376709
    vertex -6.01908540725708 0.0 8.27951717376709
  endloop
endfacet
facet normal 0.580630399837925 0.0 -0.814167267079715
  outer loop
    vertex -6.01908540725708 -6.60879993438721 8.27951717376709
    vertex -5.86732578277588 0.0 8.38774585723877
    vertex -5.86732578277588 -6.60879993438721 8.38774585723877
  endloop
endfacet
facet normal 0.595359075701613 0.0 -0.80345975069055
  outer loop
    vertex -6.01908540725708 0.0 8.27951717376709
    vertex -6.1688494682312 -6.60879993438721 8.16854286193848
    vertex -6.1688494682312 0.0 8.16854286193848
  endloop
endfacet
facet normal 0.595359075701613 0.0 -0.80345975069055
  outer loop
    vertex -6.1688494682312 -6.60879993438721 8.16854286193848
    vertex -6.01908540725708 0.0 8.27951717376709
    vertex -6.01908540725708 -6.60879993438721 8.27951717376709
  endloop
endfacet
facet normal 0.609893219588166 0.0 -0.792483602795907
  outer loop
    vertex -6.1688494682312 0.0 8.16854286193848
    vertex -6.31656789779663 -6.60879993438721 8.05485916137695
    vertex -6.31656789779663 0.0 8.05485916137695
  endloop
endfacet
facet normal 0.609893219588166 0.0 -0.792483602795907
  outer loop
    vertex -6.31656789779663 -6.60879993438721 8.05485916137695
    vertex -6.1688494682312 0.0 8.16854286193848
    vertex -6.1688494682312 -6.60879993438721 8.16854286193848
  endloop
endfacet
facet normal 0.624219490079943 0.0 -0.781249018050158
  outer loop
    vertex -6.31656789779663 0.0 8.05485916137695
    vertex -6.46219205856323 -6.60879993438721 7.93850517272949
    vertex -6.46219205856323 0.0 7.93850517272949
  endloop
endfacet
facet normal 0.624219490079943 0.0 -0.781249018050158
  outer loop
    vertex -6.46219205856323 -6.60879993438721 7.93850517272949
    vertex -6.31656789779663 0.0 8.05485916137695
    vertex -6.31656789779663 -6.60879993438721 8.05485916137695
  endloop
endfacet
facet normal 0.638342450269824 0.0 -0.769752503200553
  outer loop
    vertex -6.46219205856323 0.0 7.93850517272949
    vertex -6.60567283630371 -6.60879993438721 7.81951904296875
    vertex -6.60567283630371 0.0 7.81951904296875
  endloop
endfacet
facet normal 0.638342450269824 0.0 -0.769752503200553
  outer loop
    vertex -6.60567283630371 -6.60879993438721 7.81951904296875
    vertex -6.46219205856323 0.0 7.93850517272949
    vertex -6.46219205856323 -6.60879993438721 7.93850517272949
  endloop
endfacet
facet normal 0.652254117848656 0.0 -0.758000373185575
  outer loop
    vertex -6.60567283630371 0.0 7.81951904296875
    vertex -6.74696350097656 -6.60879993438721 7.69793939590454
    vertex -6.74696350097656 0.0 7.69793939590454
  endloop
endfacet
facet normal 0.652254117848656 0.0 -0.758000373185575
  outer loop
    vertex -6.74696350097656 -6.60879993438721 7.69793939590454
    vertex -6.60567283630371 0.0 7.81951904296875
    vertex -6.60567283630371 -6.60879993438721 7.81951904296875
  endloop
endfacet
facet normal 0.665946832422876 0.0 -0.745999206692566
  outer loop
    vertex -6.74696350097656 0.0 7.69793939590454
    vertex -6.88601684570312 -6.60879993438721 7.57380771636963
    vertex -6.88601684570312 0.0 7.57380771636963
  endloop
endfacet
facet normal 0.665946832422876 0.0 -0.745999206692566
  outer loop
    vertex -6.88601684570312 -6.60879993438721 7.57380771636963
    vertex -6.74696350097656 0.0 7.69793939590454
    vertex -6.74696350097656 -6.60879993438721 7.69793939590454
  endloop
endfacet
facet normal 0.679421141427108 0.0 -0.733748534977676
  outer loop
    vertex -6.88601684570312 0.0 7.57380771636963
    vertex -7.02278709411621 -6.60879993438721 7.4471640586853
    vertex -7.02278709411621 0.0 7.4471640586853
  endloop
endfacet
facet normal 0.679421141427108 0.0 -0.733748534977676
  outer loop
    vertex -7.02278709411621 -6.60879993438721 7.4471640586853
    vertex -6.88601684570312 0.0 7.57380771636963
    vertex -6.88601684570312 -6.60879993438721 7.57380771636963
  endloop
endfacet
facet normal 0.692669894267133 0.0 -0.72125475220338
  outer loop
    vertex -7.02278709411621 0.0 7.4471640586853
    vertex -7.15722799301147 -6.60879993438721 7.3180513381958
    vertex -7.15722799301147 0.0 7.3180513381958
  endloop
endfacet
facet normal 0.692669894267133 0.0 -0.72125475220338
  outer loop
    vertex -7.15722799301147 -6.60879993438721 7.3180513381958
    vertex -7.02278709411621 0.0 7.4471640586853
    vertex -7.02278709411621 -6.60879993438721 7.4471640586853
  endloop
endfacet
facet normal 0.705686862772054 0.0 -0.708523854016882
  outer loop
    vertex -7.15722799301147 0.0 7.3180513381958
    vertex -7.28929615020752 -6.60879993438721 7.1865119934082
    vertex -7.28929615020752 0.0 7.1865119934082
  endloop
endfacet
facet normal 0.705686862772054 0.0 -0.708523854016882
  outer loop
    vertex -7.28929615020752 -6.60879993438721 7.1865119934082
    vertex -7.15722799301147 0.0 7.3180513381958
    vertex -7.15722799301147 -6.60879993438721 7.3180513381958
  endloop
endfacet
facet normal 0.7184731769569 0.0 -0.695554666430655
  outer loop
    vertex -7.41894674301147 0.0 7.05258941650391
    vertex -7.28929615020752 -6.60879993438721 7.1865119934082
    vertex -7.41894674301147 -6.60879993438721 7.05258941650391
  endloop
endfacet
facet normal 0.7184731769569 0.0 -0.695554666430655
  outer loop
    vertex -7.28929615020752 -6.60879993438721 7.1865119934082
    vertex -7.41894674301147 0.0 7.05258941650391
    vertex -7.28929615020752 0.0 7.1865119934082
  endloop
endfacet
facet normal 0.731017411334608 0.0 -0.682358809077488
  outer loop
    vertex -7.54613780975342 0.0 6.91632843017578
    vertex -7.41894674301147 -6.60879993438721 7.05258941650391
    vertex -7.54613780975342 -6.60879993438721 6.91632843017578
  endloop
endfacet
facet normal 0.731017411334608 0.0 -0.682358809077488
  outer loop
    vertex -7.41894674301147 -6.60879993438721 7.05258941650391
    vertex -7.54613780975342 0.0 6.91632843017578
    vertex -7.41894674301147 0.0 7.05258941650391
  endloop
endfacet
facet normal 0.743323401796079 0.0 -0.668932224027446
  outer loop
    vertex -7.67082595825195 0.0 6.7777738571167
    vertex -7.54613780975342 -6.60879993438721 6.91632843017578
    vertex -7.67082595825195 -6.60879993438721 6.7777738571167
  endloop
endfacet
facet normal 0.743323401796079 0.0 -0.668932224027446
  outer loop
    vertex -7.54613780975342 -6.60879993438721 6.91632843017578
    vertex -7.67082595825195 0.0 6.7777738571167
    vertex -7.54613780975342 0.0 6.91632843017578
  endloop
endfacet
facet normal 0.755378721448071 0.0 -0.655288476309082
  outer loop
    vertex -7.79297113418579 0.0 6.63697195053101
    vertex -7.67082595825195 -6.60879993438721 6.7777738571167
    vertex -7.79297113418579 -6.60879993438721 6.63697195053101
  endloop
endfacet
facet normal 0.755378721448071 0.0 -0.655288476309082
  outer loop
    vertex -7.67082595825195 -6.60879993438721 6.7777738571167
    vertex -7.79297113418579 0.0 6.63697195053101
    vertex -7.67082595825195 0.0 6.7777738571167
  endloop
endfacet
facet normal 0.767187163373997 0.0 -0.641423305122413
  outer loop
    vertex -7.91253185272217 0.0 6.49396896362305
    vertex -7.79297113418579 -6.60879993438721 6.63697195053101
    vertex -7.91253185272217 -6.60879993438721 6.49396896362305
  endloop
endfacet
facet normal 0.767187163373997 0.0 -0.641423305122413
  outer loop
    vertex -7.79297113418579 -6.60879993438721 6.63697195053101
    vertex -7.91253185272217 0.0 6.49396896362305
    vertex -7.79297113418579 0.0 6.63697195053101
  endloop
endfacet
facet normal 0.778740404675618 0.0 -0.627346301595582
  outer loop
    vertex -8.02946853637695 0.0 6.34881258010864
    vertex -7.91253185272217 -6.60879993438721 6.49396896362305
    vertex -8.02946853637695 -6.60879993438721 6.34881258010864
  endloop
endfacet
facet normal 0.778740404675618 0.0 -0.627346301595582
  outer loop
    vertex -7.91253185272217 -6.60879993438721 6.49396896362305
    vertex -8.02946853637695 0.0 6.34881258010864
    vertex -7.91253185272217 0.0 6.49396896362305
  endloop
endfacet
facet normal 0.790031513200345 0.0 -0.613066234717239
  outer loop
    vertex -8.14374351501465 0.0 6.20155143737793
    vertex -8.02946853637695 -6.60879993438721 6.34881258010864
    vertex -8.14374351501465 -6.60879993438721 6.20155143737793
  endloop
endfacet
facet normal 0.790031513200345 0.0 -0.613066234717239
  outer loop
    vertex -8.02946853637695 -6.60879993438721 6.34881258010864
    vertex -8.14374351501465 0.0 6.20155143737793
    vertex -8.02946853637695 0.0 6.34881258010864
  endloop
endfacet
facet normal 0.801067632463777 0.0 -0.598573845251259
  outer loop
    vertex -8.25531673431396 0.0 6.05223369598389
    vertex -8.14374351501465 -6.60879993438721 6.20155143737793
    vertex -8.25531673431396 -6.60879993438721 6.05223369598389
  endloop
endfacet
facet normal 0.801067632463777 0.0 -0.598573845251259
  outer loop
    vertex -8.14374351501465 -6.60879993438721 6.20155143737793
    vertex -8.25531673431396 0.0 6.05223369598389
    vertex -8.14374351501465 0.0 6.20155143737793
  endloop
endfacet
facet normal 0.811831089808518 0.0 -0.583892354480099
  outer loop
    vertex -8.36415386199951 0.0 5.90090894699097
    vertex -8.25531673431396 -6.60879993438721 6.05223369598389
    vertex -8.36415386199951 -6.60879993438721 5.90090894699097
  endloop
endfacet
facet normal 0.811831089808518 0.0 -0.583892354480099
  outer loop
    vertex -8.25531673431396 -6.60879993438721 6.05223369598389
    vertex -8.36415386199951 0.0 5.90090894699097
    vertex -8.25531673431396 0.0 6.05223369598389
  endloop
endfacet
facet normal 0.822330767947842 0.0 -0.569009760976306
  outer loop
    vertex -8.47021675109863 0.0 5.74762725830078
    vertex -8.36415386199951 -6.60879993438721 5.90090894699097
    vertex -8.47021675109863 -6.60879993438721 5.74762725830078
  endloop
endfacet
facet normal 0.822330767947842 0.0 -0.569009760976306
  outer loop
    vertex -8.36415386199951 -6.60879993438721 5.90090894699097
    vertex -8.47021675109863 0.0 5.74762725830078
    vertex -8.36415386199951 0.0 5.90090894699097
  endloop
endfacet
facet normal 0.83255449725876 0.0 -0.553943146084698
  outer loop
    vertex -8.57347106933594 0.0 5.59244012832642
    vertex -8.47021675109863 -6.60879993438721 5.74762725830078
    vertex -8.57347106933594 -6.60879993438721 5.59244012832642
  endloop
endfacet
facet normal 0.83255449725876 0.0 -0.553943146084698
  outer loop
    vertex -8.47021675109863 -6.60879993438721 5.74762725830078
    vertex -8.57347106933594 0.0 5.59244012832642
    vertex -8.47021675109863 0.0 5.74762725830078
  endloop
endfacet
facet normal 0.842503896201246 0.0 -0.538690249480831
  outer loop
    vertex -8.67388248443603 0.0 5.43539810180664
    vertex -8.57347106933594 -6.60879993438721 5.59244012832642
    vertex -8.67388248443603 -6.60879993438721 5.43539810180664
  endloop
endfacet
facet normal 0.842503896201246 0.0 -0.538690249480831
  outer loop
    vertex -8.57347106933594 -6.60879993438721 5.59244012832642
    vertex -8.67388248443603 0.0 5.43539810180664
    vertex -8.57347106933594 0.0 5.59244012832642
  endloop
endfacet
facet normal 0.852172786681992 0.0 -0.523260491188326
  outer loop
    vertex -8.77141761779785 0.0 5.27655410766601
    vertex -8.67388248443603 -6.60879993438721 5.43539810180664
    vertex -8.77141761779785 -6.60879993438721 5.27655410766601
  endloop
endfacet
facet normal 0.852172786681992 0.0 -0.523260491188326
  outer loop
    vertex -8.67388248443603 -6.60879993438721 5.43539810180664
    vertex -8.77141761779785 0.0 5.27655410766601
    vertex -8.67388248443603 0.0 5.43539810180664
  endloop
endfacet
facet normal 0.861560319778125 0.0 -0.507655213096265
  outer loop
    vertex -8.86604404449463 0.0 5.11596012115479
    vertex -8.77141761779785 -6.60879993438721 5.27655410766601
    vertex -8.86604404449463 -6.60879993438721 5.11596012115479
  endloop
endfacet
facet normal 0.861560319778125 0.0 -0.507655213096265
  outer loop
    vertex -8.77141761779785 -6.60879993438721 5.27655410766601
    vertex -8.86604404449463 0.0 5.11596012115479
    vertex -8.77141761779785 0.0 5.27655410766601
  endloop
endfacet
facet normal 0.870659302425347 0.0 -0.491886551046284
  outer loop
    vertex -8.95773124694824 0.0 4.95367002487183
    vertex -8.86604404449463 -6.60879993438721 5.11596012115479
    vertex -8.95773124694824 -6.60879993438721 4.95367002487183
  endloop
endfacet
facet normal 0.870659302425347 0.0 -0.491886551046284
  outer loop
    vertex -8.86604404449463 -6.60879993438721 5.11596012115479
    vertex -8.95773124694824 0.0 4.95367002487183
    vertex -8.86604404449463 0.0 5.11596012115479
  endloop
endfacet
facet normal 0.879472601581487 0.0 -0.475949517351883
  outer loop
    vertex -9.04644775390625 0.0 4.78973722457886
    vertex -8.95773124694824 -6.60879993438721 4.95367002487183
    vertex -9.04644775390625 -6.60879993438721 4.78973722457886
  endloop
endfacet
facet normal 0.879472601581487 0.0 -0.475949517351883
  outer loop
    vertex -8.95773124694824 -6.60879993438721 4.95367002487183
    vertex -9.04644775390625 0.0 4.78973722457886
    vertex -8.95773124694824 0.0 4.95367002487183
  endloop
endfacet
facet normal 0.887994539854453 0.0 -0.459853995512356
  outer loop
    vertex -9.13216400146484 0.0 4.62421607971191
    vertex -9.04644775390625 -6.60879993438721 4.78973722457886
    vertex -9.13216400146484 -6.60879993438721 4.62421607971191
  endloop
endfacet
facet normal 0.887994539854453 0.0 -0.459853995512356
  outer loop
    vertex -9.04644775390625 -6.60879993438721 4.78973722457886
    vertex -9.13216400146484 0.0 4.62421607971191
    vertex -9.04644775390625 0.0 4.78973722457886
  endloop
endfacet
facet normal 0.896220369960346 0.0 -0.443609116754987
  outer loop
    vertex -9.21485233306885 0.0 4.45716142654419
    vertex -9.13216400146484 -6.60879993438721 4.62421607971191
    vertex -9.21485233306885 -6.60879993438721 4.45716142654419
  endloop
endfacet
facet normal 0.896220369960346 0.0 -0.443609116754987
  outer loop
    vertex -9.13216400146484 -6.60879993438721 4.62421607971191
    vertex -9.21485233306885 0.0 4.45716142654419
    vertex -9.13216400146484 0.0 4.62421607971191
  endloop
endfacet
facet normal 0.904149133381481 0.0 -0.427216976026839
  outer loop
    vertex -9.29448509216309 0.0 4.28862905502319
    vertex -9.21485233306885 -6.60879993438721 4.45716142654419
    vertex -9.29448509216309 -6.60879993438721 4.28862905502319
  endloop
endfacet
facet normal 0.904149133381481 0.0 -0.427216976026839
  outer loop
    vertex -9.21485233306885 -6.60879993438721 4.45716142654419
    vertex -9.29448509216309 0.0 4.28862905502319
    vertex -9.21485233306885 0.0 4.45716142654419
  endloop
endfacet
facet normal 0.911779241608428 0.0 -0.410680672264911
  outer loop
    vertex -9.3710355758667 0.0 4.11867427825928
    vertex -9.29448509216309 -6.60879993438721 4.28862905502319
    vertex -9.3710355758667 -6.60879993438721 4.11867427825928
  endloop
endfacet
facet normal 0.911779241608428 0.0 -0.410680672264911
  outer loop
    vertex -9.29448509216309 -6.60879993438721 4.28862905502319
    vertex -9.3710355758667 0.0 4.11867427825928
    vertex -9.29448509216309 0.0 4.28862905502319
  endloop
endfacet
facet normal 0.919105263675487 0.0 -0.39401207377949
  outer loop
    vertex -9.44447898864746 0.0 3.94735407829285
    vertex -9.3710355758667 -6.60879993438721 4.11867427825928
    vertex -9.44447898864746 -6.60879993438721 3.94735407829285
  endloop
endfacet
facet normal 0.919105263675487 0.0 -0.39401207377949
  outer loop
    vertex -9.3710355758667 -6.60879993438721 4.11867427825928
    vertex -9.44447898864746 0.0 3.94735407829285
    vertex -9.3710355758667 0.0 4.11867427825928
  endloop
endfacet
facet normal 0.926127662771356 0.0 -0.377210222885948
  outer loop
    vertex -9.51479053497314 0.0 3.77472496032715
    vertex -9.44447898864746 -6.60879993438721 3.94735407829285
    vertex -9.51479053497314 -6.60879993438721 3.77472496032715
  endloop
endfacet
facet normal 0.926127662771356 0.0 -0.377210222885948
  outer loop
    vertex -9.44447898864746 -6.60879993438721 3.94735407829285
    vertex -9.51479053497314 0.0 3.77472496032715
    vertex -9.44447898864746 0.0 3.94735407829285
  endloop
endfacet
facet normal 0.932842192633605 0.0 -0.360285225401387
  outer loop
    vertex -9.58194732666015 0.0 3.60084414482117
    vertex -9.51479053497314 -6.60879993438721 3.77472496032715
    vertex -9.58194732666015 -6.60879993438721 3.60084414482117
  endloop
endfacet
facet normal 0.932842192633605 0.0 -0.360285225401387
  outer loop
    vertex -9.51479053497314 -6.60879993438721 3.77472496032715
    vertex -9.58194732666015 0.0 3.60084414482117
    vertex -9.51479053497314 0.0 3.77472496032715
  endloop
endfacet
facet normal 0.939248636525756 0.0 -0.343237525315208
  outer loop
    vertex -9.6459264755249 0.0 3.42576909065247
    vertex -9.58194732666015 -6.60879993438721 3.60084414482117
    vertex -9.6459264755249 -6.60879993438721 3.42576909065247
  endloop
endfacet
facet normal 0.939248636525756 0.0 -0.343237525315208
  outer loop
    vertex -9.58194732666015 -6.60879993438721 3.60084414482117
    vertex -9.6459264755249 0.0 3.42576909065247
    vertex -9.58194732666015 0.0 3.60084414482117
  endloop
endfacet
facet normal 0.945342964840226 0.0 -0.326077718998235
  outer loop
    vertex -9.70670700073242 0.0 3.24955821037292
    vertex -9.6459264755249 -6.60879993438721 3.42576909065247
    vertex -9.70670700073242 -6.60879993438721 3.24955821037292
  endloop
endfacet
facet normal 0.945342964840226 0.0 -0.326077718998235
  outer loop
    vertex -9.6459264755249 -6.60879993438721 3.42576909065247
    vertex -9.70670700073242 0.0 3.24955821037292
    vertex -9.6459264755249 0.0 3.42576909065247
  endloop
endfacet
facet normal 0.951123757780366 0.0 -0.30880996969942
  outer loop
    vertex -9.76426887512207 0.0 3.07226967811584
    vertex -9.70670700073242 -6.60879993438721 3.24955821037292
    vertex -9.76426887512207 -6.60879993438721 3.07226967811584
  endloop
endfacet
facet normal 0.951123757780366 0.0 -0.30880996969942
  outer loop
    vertex -9.70670700073242 -6.60879993438721 3.24955821037292
    vertex -9.76426887512207 0.0 3.07226967811584
    vertex -9.70670700073242 0.0 3.24955821037292
  endloop
endfacet
facet normal 0.956588982506986 0.0 -0.291440420234135
  outer loop
    vertex -9.81859302520752 0.0 2.89396262168884
    vertex -9.76426887512207 -6.60879993438721 3.07226967811584
    vertex -9.81859302520752 -6.60879993438721 2.89396262168884
  endloop
endfacet
facet normal 0.956588982506986 0.0 -0.291440420234135
  outer loop
    vertex -9.76426887512207 -6.60879993438721 3.07226967811584
    vertex -9.81859302520752 0.0 2.89396262168884
    vertex -9.76426887512207 0.0 3.07226967811584
  endloop
endfacet
facet normal 0.96173738305171 0.0 -0.273973002394122
  outer loop
    vertex -9.86966133117676 0.0 2.71469569206238
    vertex -9.81859302520752 -6.60879993438721 2.89396262168884
    vertex -9.86966133117676 -6.60879993438721 2.71469569206238
  endloop
endfacet
facet normal 0.96173738305171 0.0 -0.273973002394122
  outer loop
    vertex -9.81859302520752 -6.60879993438721 2.89396262168884
    vertex -9.86966133117676 0.0 2.71469569206238
    vertex -9.81859302520752 0.0 2.89396262168884
  endloop
endfacet
facet normal 0.966567011889096 0.0 -0.256414140654889
  outer loop
    vertex -9.91745662689209 0.0 2.5345287322998
    vertex -9.86966133117676 -6.60879993438721 2.71469569206238
    vertex -9.91745662689209 -6.60879993438721 2.5345287322998
  endloop
endfacet
facet normal 0.966567011889096 0.0 -0.256414140654889
  outer loop
    vertex -9.86966133117676 -6.60879993438721 2.71469569206238
    vertex -9.91745662689209 0.0 2.5345287322998
    vertex -9.86966133117676 0.0 2.71469569206238
  endloop
endfacet
facet normal 0.971075480614305 0.0 -0.238772718185507
  outer loop
    vertex -9.96196365356445 0.0 2.35352110862732
    vertex -9.91745662689209 -6.60879993438721 2.5345287322998
    vertex -9.96196365356445 -6.60879993438721 2.35352110862732
  endloop
endfacet
facet normal 0.971075480614305 0.0 -0.238772718185507
  outer loop
    vertex -9.91745662689209 -6.60879993438721 2.5345287322998
    vertex -9.96196365356445 0.0 2.35352110862732
    vertex -9.91745662689209 0.0 2.5345287322998
  endloop
endfacet
facet normal 0.975261315395552 0.0 -0.221055121390428
  outer loop
    vertex -10.0031681060791 0.0 2.17173337936401
    vertex -9.96196365356445 -6.60879993438721 2.35352110862732
    vertex -10.0031681060791 -6.60879993438721 2.17173337936401
  endloop
endfacet
facet normal 0.975261315395552 0.0 -0.221055121390428
  outer loop
    vertex -9.96196365356445 -6.60879993438721 2.35352110862732
    vertex -10.0031681060791 0.0 2.17173337936401
    vertex -9.96196365356445 0.0 2.35352110862732
  endloop
endfacet
facet normal 0.979125721313892 0.0 -0.203255558009004
  outer loop
    vertex -10.041054725647 0.0 1.98922538757324
    vertex -10.0031681060791 -6.60879993438721 2.17173337936401
    vertex -10.041054725647 -6.60879993438721 1.98922538757324
  endloop
endfacet
facet normal 0.979125721313892 0.0 -0.203255558009004
  outer loop
    vertex -10.0031681060791 -6.60879993438721 2.17173337936401
    vertex -10.041054725647 0.0 1.98922538757324
    vertex -10.0031681060791 0.0 2.17173337936401
  endloop
endfacet
facet normal 0.98266512717858 0.0 -0.185389449071689
  outer loop
    vertex -10.075611114502 0.0 1.8060576915741
    vertex -10.041054725647 -6.60879993438721 1.98922538757324
    vertex -10.075611114502 -6.60879993438721 1.8060576915741
  endloop
endfacet
facet normal 0.98266512717858 0.0 -0.185389449071689
  outer loop
    vertex -10.041054725647 -6.60879993438721 1.98922538757324
    vertex -10.075611114502 0.0 1.8060576915741
    vertex -10.041054725647 0.0 1.98922538757324
  endloop
endfacet
facet normal 0.985876829823624 0.0 -0.167472016817501
  outer loop
    vertex -10.1068277359009 0.0 1.62229120731354
    vertex -10.075611114502 -6.60879993438721 1.8060576915741
    vertex -10.1068277359009 -6.60879993438721 1.62229120731354
  endloop
endfacet
facet normal 0.985876829823624 0.0 -0.167472016817501
  outer loop
    vertex -10.075611114502 -6.60879993438721 1.8060576915741
    vertex -10.1068277359009 0.0 1.62229120731354
    vertex -10.075611114502 0.0 1.8060576915741
  endloop
endfacet
facet normal 0.988763499128897 0.0 -0.149488269741745
  outer loop
    vertex -10.1346921920776 0.0 1.43798673152924
    vertex -10.1068277359009 -6.60879993438721 1.62229120731354
    vertex -10.1346921920776 -6.60879993438721 1.43798673152924
  endloop
endfacet
facet normal 0.988763499128897 0.0 -0.149488269741745
  outer loop
    vertex -10.1068277359009 -6.60879993438721 1.62229120731354
    vertex -10.1346921920776 0.0 1.43798673152924
    vertex -10.1068277359009 0.0 1.62229120731354
  endloop
endfacet
facet normal 0.991321687058398 0.0 -0.1314584069875
  outer loop
    vertex -10.1591958999634 0.0 1.25320541858673
    vertex -10.1346921920776 -6.60879993438721 1.43798673152924
    vertex -10.1591958999634 -6.60879993438721 1.25320541858673
  endloop
endfacet
facet normal 0.991321687058398 0.0 -0.1314584069875
  outer loop
    vertex -10.1346921920776 -6.60879993438721 1.43798673152924
    vertex -10.1591958999634 0.0 1.25320541858673
    vertex -10.1346921920776 0.0 1.43798673152924
  endloop
endfacet
facet normal 0.993550832918824 0.0 -0.113387576066834
  outer loop
    vertex -10.1803312301636 0.0 1.06800854206085
    vertex -10.1591958999634 -6.60879993438721 1.25320541858673
    vertex -10.1803312301636 -6.60879993438721 1.06800854206085
  endloop
endfacet
facet normal 0.993550832918824 0.0 -0.113387576066834
  outer loop
    vertex -10.1591958999634 -6.60879993438721 1.25320541858673
    vertex -10.1803312301636 0.0 1.06800854206085
    vertex -10.1591958999634 0.0 1.25320541858673
  endloop
endfacet
facet normal 0.995450902981106 0.0 -0.0952759138192899
  outer loop
    vertex -10.1980905532837 0.0 0.882457613945007
    vertex -10.1803312301636 -6.60879993438721 1.06800854206085
    vertex -10.1980905532837 -6.60879993438721 0.882457613945007
  endloop
endfacet
facet normal 0.995450902981106 0.0 -0.0952759138192899
  outer loop
    vertex -10.1803312301636 -6.60879993438721 1.06800854206085
    vertex -10.1980905532837 0.0 0.882457613945007
    vertex -10.1803312301636 0.0 1.06800854206085
  endloop
endfacet
facet normal 0.997020384779501 0.0 -0.0771385269118869
  outer loop
    vertex -10.2124691009521 0.0 0.696613967418671
    vertex -10.1980905532837 -6.60879993438721 0.882457613945007
    vertex -10.2124691009521 -6.60879993438721 0.696613967418671
  endloop
endfacet
facet normal 0.997020384779501 0.0 -0.0771385269118869
  outer loop
    vertex -10.1980905532837 -6.60879993438721 0.882457613945007
    vertex -10.2124691009521 0.0 0.696613967418671
    vertex -10.1980905532837 0.0 0.882457613945007
  endloop
endfacet
facet normal 0.998260024451123 0.0 -0.0589654439722476
  outer loop
    vertex -10.2234601974487 0.0 0.510539352893829
    vertex -10.2124691009521 -6.60879993438721 0.696613967418671
    vertex -10.2234601974487 -6.60879993438721 0.510539352893829
  endloop
endfacet
facet normal 0.998260024451123 0.0 -0.0589654439722476
  outer loop
    vertex -10.2124691009521 -6.60879993438721 0.696613967418671
    vertex -10.2234601974487 0.0 0.510539352893829
    vertex -10.2124691009521 0.0 0.696613967418671
  endloop
endfacet
facet normal 0.99916806480103 0.0 -0.0407820828522064
  outer loop
    vertex -10.2310619354248 0.0 0.324295461177826
    vertex -10.2234601974487 -6.60879993438721 0.510539352893829
    vertex -10.2310619354248 -6.60879993438721 0.324295461177826
  endloop
endfacet
facet normal 0.99916806480103 0.0 -0.0407820828522064
  outer loop
    vertex -10.2234601974487 -6.60879993438721 0.510539352893829
    vertex -10.2310619354248 0.0 0.324295461177826
    vertex -10.2234601974487 0.0 0.510539352893829
  endloop
endfacet
facet normal 0.999745078458724 0.0 -0.022578266044132
  outer loop
    vertex -10.2352705001831 0.0 0.137944042682648
    vertex -10.2310619354248 -6.60879993438721 0.324295461177826
    vertex -10.2352705001831 -6.60879993438721 0.137944042682648
  endloop
endfacet
facet normal 0.999745078458724 0.0 -0.022578266044132
  outer loop
    vertex -10.2310619354248 -6.60879993438721 0.324295461177826
    vertex -10.2352705001831 0.0 0.137944042682648
    vertex -10.2310619354248 0.0 0.324295461177826
  endloop
endfacet
facet normal 0.999990454448869 0.0 -0.00436932616601501
  outer loop
    vertex -10.2360849380493 0.0 -0.0484531410038471
    vertex -10.2352705001831 -6.60879993438721 0.137944042682648
    vertex -10.2360849380493 -6.60879993438721 -0.0484531410038471
  endloop
endfacet
facet normal 0.999990454448869 0.0 -0.00436932616601501
  outer loop
    vertex -10.2352705001831 -6.60879993438721 0.137944042682648
    vertex -10.2360849380493 0.0 -0.0484531410038471
    vertex -10.2352705001831 0.0 0.137944042682648
  endloop
endfacet
facet normal 0.999904298795387 0.0 0.0138344949494366
  outer loop
    vertex -10.2335062026978 0.0 -0.234834253787994
    vertex -10.2360849380493 -6.60879993438721 -0.0484531410038471
    vertex -10.2335062026978 -6.60879993438721 -0.234834253787994
  endloop
endfacet
facet normal 0.999904298795387 0.0 0.0138344949494366
  outer loop
    vertex -10.2360849380493 -6.60879993438721 -0.0484531410038471
    vertex -10.2335062026978 0.0 -0.234834253787994
    vertex -10.2360849380493 0.0 -0.0484531410038471
  endloop
endfacet
facet normal 0.999486477342012 0.0 0.0320434331877241
  outer loop
    vertex -10.2275333404541 0.0 -0.421137481927872
    vertex -10.2335062026978 -6.60879993438721 -0.234834253787994
    vertex -10.2275333404541 -6.60879993438721 -0.421137481927872
  endloop
endfacet
facet normal 0.999486477342012 0.0 0.0320434331877241
  outer loop
    vertex -10.2335062026978 -6.60879993438721 -0.234834253787994
    vertex -10.2275333404541 0.0 -0.421137481927872
    vertex -10.2335062026978 0.0 -0.234834253787994
  endloop
endfacet
facet normal 0.998737324262564 0.0 0.0502370095134567
  outer loop
    vertex -10.2181692123413 0.0 -0.607301115989685
    vertex -10.2275333404541 -6.60879993438721 -0.421137481927872
    vertex -10.2181692123413 -6.60879993438721 -0.607301115989685
  endloop
endfacet
facet normal 0.998737324262564 0.0 0.0502370095134567
  outer loop
    vertex -10.2275333404541 -6.60879993438721 -0.421137481927872
    vertex -10.2181692123413 0.0 -0.607301115989685
    vertex -10.2275333404541 0.0 -0.421137481927872
  endloop
endfacet
facet normal 0.997656930885609 0.0 0.0684152633255743
  outer loop
    vertex -10.2054166793823 0.0 -0.79326331615448
    vertex -10.2181692123413 -6.60879993438721 -0.607301115989685
    vertex -10.2054166793823 -6.60879993438721 -0.79326331615448
  endloop
endfacet
facet normal 0.997656930885609 0.0 0.0684152633255743
  outer loop
    vertex -10.2181692123413 -6.60879993438721 -0.607301115989685
    vertex -10.2054166793823 0.0 -0.79326331615448
    vertex -10.2181692123413 0.0 -0.607301115989685
  endloop
endfacet
facet normal 0.99624550851252 0.0 0.0865730140900157
  outer loop
    vertex -10.1892795562744 0.0 -0.978962481021881
    vertex -10.2054166793823 -6.60879993438721 -0.79326331615448
    vertex -10.1892795562744 -6.60879993438721 -0.978962481021881
  endloop
endfacet
facet normal 0.99624550851252 0.0 0.0865730140900157
  outer loop
    vertex -10.2054166793823 -6.60879993438721 -0.79326331615448
    vertex -10.1892795562744 0.0 -0.978962481021881
    vertex -10.2054166793823 0.0 -0.79326331615448
  endloop
endfacet
facet normal 0.994504377042541 0.0 0.10469500486283
  outer loop
    vertex -10.1697645187378 0.0 -1.16433703899384
    vertex -10.1892795562744 -6.60879993438721 -0.978962481021881
    vertex -10.1697645187378 -6.60879993438721 -1.16433703899384
  endloop
endfacet
facet normal 0.994504377042541 0.0 0.10469500486283
  outer loop
    vertex -10.1892795562744 -6.60879993438721 -0.978962481021881
    vertex -10.1697645187378 0.0 -1.16433703899384
    vertex -10.1892795562744 0.0 -0.978962481021881
  endloop
endfacet
facet normal 0.992433138795066 0.0 0.122786257461382
  outer loop
    vertex -10.1468772888184 0.0 -1.34932553768158
    vertex -10.1697645187378 -6.60879993438721 -1.16433703899384
    vertex -10.1468772888184 -6.60879993438721 -1.34932553768158
  endloop
endfacet
facet normal 0.992433138795066 0.0 0.122786257461382
  outer loop
    vertex -10.1697645187378 -6.60879993438721 -1.16433703899384
    vertex -10.1468772888184 0.0 -1.34932553768158
    vertex -10.1697645187378 0.0 -1.16433703899384
  endloop
endfacet
facet normal 0.990032131374976 0.0 0.140841680070647
  outer loop
    vertex -10.1206245422363 0.0 -1.53386652469635
    vertex -10.1468772888184 -6.60879993438721 -1.34932553768158
    vertex -10.1206245422363 -6.60879993438721 -1.53386652469635
  endloop
endfacet
facet normal 0.990032131374976 0.0 0.140841680070647
  outer loop
    vertex -10.1468772888184 -6.60879993438721 -1.34932553768158
    vertex -10.1206245422363 0.0 -1.53386652469635
    vertex -10.1468772888184 0.0 -1.34932553768158
  endloop
endfacet
facet normal 0.987304192637838 0.0 0.158840899014541
  outer loop
    vertex -10.0910167694092 0.0 -1.7178989648819
    vertex -10.1206245422363 -6.60879993438721 -1.53386652469635
    vertex -10.0910167694092 -6.60879993438721 -1.7178989648819
  endloop
endfacet
facet normal 0.987304192637838 0.0 0.158840899014541
  outer loop
    vertex -10.1206245422363 -6.60879993438721 -1.53386652469635
    vertex -10.0910167694092 0.0 -1.7178989648819
    vertex -10.1206245422363 0.0 -1.53386652469635
  endloop
endfacet
facet normal 0.984247870736142 0.0 0.176794029739046
  outer loop
    vertex -10.0580625534058 0.0 -1.90136170387268
    vertex -10.0910167694092 -6.60879993438721 -1.7178989648819
    vertex -10.0580625534058 -6.60879993438721 -1.90136170387268
  endloop
endfacet
facet normal 0.984247870736142 0.0 0.176794029739046
  outer loop
    vertex -10.0910167694092 -6.60879993438721 -1.7178989648819
    vertex -10.0580625534058 0.0 -1.90136170387268
    vertex -10.0910167694092 0.0 -1.7178989648819
  endloop
endfacet
facet normal 0.980864677205314 0.0 0.194690741975359
  outer loop
    vertex -10.0217723846436 0.0 -2.08419394493103
    vertex -10.0580625534058 -6.60879993438721 -1.90136170387268
    vertex -10.0217723846436 -6.60879993438721 -2.08419394493103
  endloop
endfacet
facet normal 0.980864677205314 0.0 0.194690741975359
  outer loop
    vertex -10.0580625534058 -6.60879993438721 -1.90136170387268
    vertex -10.0217723846436 0.0 -2.08419394493103
    vertex -10.0580625534058 0.0 -1.90136170387268
  endloop
endfacet
facet normal 0.97715755488599 0.0 0.212516147455278
  outer loop
    vertex -9.98215961456299 0.0 -2.26633501052856
    vertex -10.0217723846436 -6.60879993438721 -2.08419394493103
    vertex -9.98215961456299 -6.60879993438721 -2.26633501052856
  endloop
endfacet
facet normal 0.97715755488599 0.0 0.212516147455278
  outer loop
    vertex -10.0217723846436 -6.60879993438721 -2.08419394493103
    vertex -9.98215961456299 0.0 -2.26633501052856
    vertex -10.0217723846436 0.0 -2.08419394493103
  endloop
endfacet
facet normal 0.9731257113983 0.0 0.23027450969561
  outer loop
    vertex -9.93923664093018 0.0 -2.44772481918335
    vertex -9.98215961456299 -6.60879993438721 -2.26633501052856
    vertex -9.93923664093018 -6.60879993438721 -2.44772481918335
  endloop
endfacet
facet normal 0.9731257113983 0.0 0.23027450969561
  outer loop
    vertex -9.98215961456299 -6.60879993438721 -2.26633501052856
    vertex -9.93923664093018 0.0 -2.44772481918335
    vertex -9.98215961456299 0.0 -2.26633501052856
  endloop
endfacet
facet normal 0.96877236489421 0.0 0.247951819951538
  outer loop
    vertex -9.89301872253418 0.0 -2.62830281257629
    vertex -9.93923664093018 -6.60879993438721 -2.44772481918335
    vertex -9.89301872253418 -6.60879993438721 -2.62830281257629
  endloop
endfacet
facet normal 0.96877236489421 0.0 0.247951819951538
  outer loop
    vertex -9.93923664093018 -6.60879993438721 -2.44772481918335
    vertex -9.89301872253418 0.0 -2.62830281257629
    vertex -9.93923664093018 0.0 -2.44772481918335
  endloop
endfacet
facet normal 0.964095211716692 0.0 0.265556816415898
  outer loop
    vertex -9.84351921081543 0.0 -2.80800914764404
    vertex -9.89301872253418 -6.60879993438721 -2.62830281257629
    vertex -9.84351921081543 -6.60879993438721 -2.80800914764404
  endloop
endfacet
facet normal 0.964095211716692 0.0 0.265556816415898
  outer loop
    vertex -9.89301872253418 -6.60879993438721 -2.62830281257629
    vertex -9.84351921081543 0.0 -2.80800914764404
    vertex -9.89301872253418 0.0 -2.62830281257629
  endloop
endfacet
facet normal 0.959100854044931 0.0 0.283064571732818
  outer loop
    vertex -9.79075622558594 0.0 -2.98678469657898
    vertex -9.84351921081543 -6.60879993438721 -2.80800914764404
    vertex -9.79075622558594 -6.60879993438721 -2.98678469657898
  endloop
endfacet
facet normal 0.959100854044931 0.0 0.283064571732818
  outer loop
    vertex -9.84351921081543 -6.60879993438721 -2.80800914764404
    vertex -9.79075622558594 0.0 -2.98678469657898
    vertex -9.84351921081543 0.0 -2.80800914764404
  endloop
endfacet
facet normal 0.953787817498775 0.0 0.300480946469029
  outer loop
    vertex -9.7347469329834 0.0 -3.16456961631775
    vertex -9.79075622558594 -6.60879993438721 -2.98678469657898
    vertex -9.7347469329834 -6.60879993438721 -3.16456961631775
  endloop
endfacet
facet normal 0.953787817498775 0.0 0.300480946469029
  outer loop
    vertex -9.79075622558594 -6.60879993438721 -2.98678469657898
    vertex -9.7347469329834 0.0 -3.16456961631775
    vertex -9.79075622558594 0.0 -2.98678469657898
  endloop
endfacet
facet normal 0.948156286768336 0.0 0.317804430210909
  outer loop
    vertex -9.67550849914551 0.0 -3.34130501747131
    vertex -9.7347469329834 -6.60879993438721 -3.16456961631775
    vertex -9.67550849914551 -6.60879993438721 -3.34130501747131
  endloop
endfacet
facet normal 0.948156286768336 0.0 0.317804430210909
  outer loop
    vertex -9.7347469329834 -6.60879993438721 -3.16456961631775
    vertex -9.67550849914551 0.0 -3.34130501747131
    vertex -9.7347469329834 0.0 -3.16456961631775
  endloop
endfacet
facet normal 0.942214295508501 0.0 0.335010777945156
  outer loop
    vertex -9.61306285858154 0.0 -3.51693272590637
    vertex -9.67550849914551 -6.60879993438721 -3.34130501747131
    vertex -9.61306285858154 -6.60879993438721 -3.51693272590637
  endloop
endfacet
facet normal 0.942214295508501 0.0 0.335010777945156
  outer loop
    vertex -9.67550849914551 -6.60879993438721 -3.34130501747131
    vertex -9.61306285858154 0.0 -3.51693272590637
    vertex -9.67550849914551 0.0 -3.34130501747131
  endloop
endfacet
facet normal 0.935956914496104 0.0 0.352114546997044
  outer loop
    vertex -9.54742908477783 0.0 -3.69139409065247
    vertex -9.61306285858154 -6.60879993438721 -3.51693272590637
    vertex -9.54742908477783 -6.60879993438721 -3.69139409065247
  endloop
endfacet
facet normal 0.935956914496104 0.0 0.352114546997044
  outer loop
    vertex -9.61306285858154 -6.60879993438721 -3.51693272590637
    vertex -9.54742908477783 0.0 -3.69139409065247
    vertex -9.61306285858154 0.0 -3.51693272590637
  endloop
endfacet
facet normal 0.929389511142193 0.0 0.369100442398646
  outer loop
    vertex -9.47862911224365 0.0 -3.86463141441345
    vertex -9.54742908477783 -6.60879993438721 -3.69139409065247
    vertex -9.47862911224365 -6.60879993438721 -3.86463141441345
  endloop
endfacet
facet normal 0.929389511142193 0.0 0.369100442398646
  outer loop
    vertex -9.54742908477783 -6.60879993438721 -3.69139409065247
    vertex -9.47862911224365 0.0 -3.86463141441345
    vertex -9.54742908477783 0.0 -3.69139409065247
  endloop
endfacet
facet normal 0.922515836759974 0.0 0.385959234799539
  outer loop
    vertex -9.40668678283691 0.0 -4.03658723831177
    vertex -9.47862911224365 -6.60879993438721 -3.86463141441345
    vertex -9.40668678283691 -6.60879993438721 -4.03658723831177
  endloop
endfacet
facet normal 0.922515836759974 0.0 0.385959234799539
  outer loop
    vertex -9.47862911224365 -6.60879993438721 -3.86463141441345
    vertex -9.40668678283691 0.0 -4.03658723831177
    vertex -9.47862911224365 0.0 -3.86463141441345
  endloop
endfacet
facet normal 0.915334683833335 0.0 0.402693949013054
  outer loop
    vertex -9.33162498474121 0.0 -4.20720481872559
    vertex -9.40668678283691 -6.60879993438721 -4.03658723831177
    vertex -9.33162498474121 -6.60879993438721 -4.20720481872559
  endloop
endfacet
facet normal 0.915334683833335 0.0 0.402693949013054
  outer loop
    vertex -9.40668678283691 -6.60879993438721 -4.03658723831177
    vertex -9.33162498474121 0.0 -4.20720481872559
    vertex -9.40668678283691 0.0 -4.03658723831177
  endloop
endfacet
facet normal 0.90784899037659 0.0 0.419297281975697
  outer loop
    vertex -9.25346851348877 0.0 -4.37642669677734
    vertex -9.33162498474121 -6.60879993438721 -4.20720481872559
    vertex -9.25346851348877 -6.60879993438721 -4.37642669677734
  endloop
endfacet
facet normal 0.90784899037659 0.0 0.419297281975697
  outer loop
    vertex -9.33162498474121 -6.60879993438721 -4.20720481872559
    vertex -9.25346851348877 0.0 -4.37642669677734
    vertex -9.33162498474121 0.0 -4.20720481872559
  endloop
endfacet
facet normal 0.900065079200314 0.0 0.435755497044079
  outer loop
    vertex -9.17224407196045 0.0 -4.54419803619385
    vertex -9.25346851348877 -6.60879993438721 -4.37642669677734
    vertex -9.17224407196045 -6.60879993438721 -4.54419803619385
  endloop
endfacet
facet normal 0.900065079200314 0.0 0.435755497044079
  outer loop
    vertex -9.25346851348877 -6.60879993438721 -4.37642669677734
    vertex -9.17224407196045 0.0 -4.54419803619385
    vertex -9.25346851348877 0.0 -4.37642669677734
  endloop
endfacet
facet normal 0.89197908507977 0.0 0.45207666582147
  outer loop
    vertex -9.08797740936279 0.0 -4.71046209335327
    vertex -9.17224407196045 -6.60879993438721 -4.54419803619385
    vertex -9.08797740936279 -6.60879993438721 -4.71046209335327
  endloop
endfacet
facet normal 0.89197908507977 0.0 0.45207666582147
  outer loop
    vertex -9.17224407196045 -6.60879993438721 -4.54419803619385
    vertex -9.08797740936279 0.0 -4.71046209335327
    vertex -9.17224407196045 0.0 -4.54419803619385
  endloop
endfacet
facet normal 0.883601668095628 0.0 0.468239353470662
  outer loop
    vertex -9.00069808959961 0.0 -4.87516450881958
    vertex -9.08797740936279 -6.60879993438721 -4.71046209335327
    vertex -9.00069808959961 -6.60879993438721 -4.87516450881958
  endloop
endfacet
facet normal 0.883601668095628 0.0 0.468239353470662
  outer loop
    vertex -9.08797740936279 -6.60879993438721 -4.71046209335327
    vertex -9.00069808959961 0.0 -4.87516450881958
    vertex -9.08797740936279 0.0 -4.71046209335327
  endloop
endfacet
facet normal 0.874927601996717 0.0 0.484253746773605
  outer loop
    vertex -8.91043376922607 0.0 -5.03824996948242
    vertex -9.00069808959961 -6.60879993438721 -4.87516450881958
    vertex -8.91043376922607 -6.60879993438721 -5.03824996948242
  endloop
endfacet
facet normal 0.874927601996717 0.0 0.484253746773605
  outer loop
    vertex -9.00069808959961 -6.60879993438721 -4.87516450881958
    vertex -8.91043376922607 0.0 -5.03824996948242
    vertex -9.00069808959961 0.0 -4.87516450881958
  endloop
endfacet
facet normal 0.865965574804304 0.0 0.500103612518298
  outer loop
    vertex -8.81721496582031 0.0 -5.19966506958008
    vertex -8.91043376922607 -6.60879993438721 -5.03824996948242
    vertex -8.81721496582031 -6.60879993438721 -5.19966506958008
  endloop
endfacet
facet normal 0.865965574804304 0.0 0.500103612518298
  outer loop
    vertex -8.91043376922607 -6.60879993438721 -5.03824996948242
    vertex -8.81721496582031 0.0 -5.19966506958008
    vertex -8.91043376922607 0.0 -5.03824996948242
  endloop
endfacet
facet normal 0.856715022086876 0.0 0.515790045397043
  outer loop
    vertex -8.72107219696045 0.0 -5.35935592651367
    vertex -8.81721496582031 -6.60879993438721 -5.19966506958008
    vertex -8.72107219696045 -6.60879993438721 -5.35935592651367
  endloop
endfacet
facet normal 0.856715022086876 0.0 0.515790045397043
  outer loop
    vertex -8.81721496582031 -6.60879993438721 -5.19966506958008
    vertex -8.72107219696045 0.0 -5.35935592651367
    vertex -8.81721496582031 0.0 -5.19966506958008
  endloop
endfacet
facet normal 0.84717940541202 0.0 0.531306931110198
  outer loop
    vertex -8.62203693389893 0.0 -5.51726961135864
    vertex -8.72107219696045 -6.60879993438721 -5.35935592651367
    vertex -8.62203693389893 -6.60879993438721 -5.51726961135864
  endloop
endfacet
facet normal 0.84717940541202 0.0 0.531306931110198
  outer loop
    vertex -8.72107219696045 -6.60879993438721 -5.35935592651367
    vertex -8.62203693389893 0.0 -5.51726961135864
    vertex -8.72107219696045 0.0 -5.35935592651367
  endloop
endfacet
facet normal 0.837366334790303 0.0 0.546642132807062
  outer loop
    vertex -8.52014350891113 0.0 -5.67335367202759
    vertex -8.62203693389893 -6.60879993438721 -5.51726961135864
    vertex -8.52014350891113 -6.60879993438721 -5.67335367202759
  endloop
endfacet
facet normal 0.837366334790303 0.0 0.546642132807062
  outer loop
    vertex -8.62203693389893 -6.60879993438721 -5.51726961135864
    vertex -8.52014350891113 0.0 -5.67335367202759
    vertex -8.62203693389893 0.0 -5.51726961135864
  endloop
endfacet
facet normal 0.827275061422752 0.0 0.56179709214981
  outer loop
    vertex -8.41542530059814 0.0 -5.82755661010742
    vertex -8.52014350891113 -6.60879993438721 -5.67335367202759
    vertex -8.41542530059814 -6.60879993438721 -5.82755661010742
  endloop
endfacet
facet normal 0.827275061422752 0.0 0.56179709214981
  outer loop
    vertex -8.52014350891113 -6.60879993438721 -5.67335367202759
    vertex -8.41542530059814 0.0 -5.82755661010742
    vertex -8.52014350891113 0.0 -5.67335367202759
  endloop
endfacet
facet normal 0.816905470253833 0.0 0.576771577549869
  outer loop
    vertex -8.30791568756103 0.0 -5.97982692718506
    vertex -8.41542530059814 -6.60879993438721 -5.82755661010742
    vertex -8.30791568756103 -6.60879993438721 -5.97982692718506
  endloop
endfacet
facet normal 0.816905470253833 0.0 0.576771577549869
  outer loop
    vertex -8.41542530059814 -6.60879993438721 -5.82755661010742
    vertex -8.30791568756103 0.0 -5.97982692718506
    vertex -8.41542530059814 0.0 -5.82755661010742
  endloop
endfacet
facet normal 0.806267203594599 0.0 0.591551516275418
  outer loop
    vertex -8.19765090942383 0.0 -6.13011455535889
    vertex -8.30791568756103 -6.60879993438721 -5.97982692718506
    vertex -8.19765090942383 -6.60879993438721 -6.13011455535889
  endloop
endfacet
facet normal 0.806267203594599 0.0 0.591551516275418
  outer loop
    vertex -8.30791568756103 -6.60879993438721 -5.97982692718506
    vertex -8.19765090942383 0.0 -6.13011455535889
    vertex -8.30791568756103 0.0 -5.97982692718506
  endloop
endfacet
facet normal 0.795362773234689 0.0 0.606133697258637
  outer loop
    vertex -8.08466815948486 0.0 -6.27836942672729
    vertex -8.19765090942383 -6.60879993438721 -6.13011455535889
    vertex -8.08466815948486 -6.60879993438721 -6.27836942672729
  endloop
endfacet
facet normal 0.795362773234689 0.0 0.606133697258637
  outer loop
    vertex -8.19765090942383 -6.60879993438721 -6.13011455535889
    vertex -8.08466815948486 0.0 -6.27836942672729
    vertex -8.19765090942383 0.0 -6.13011455535889
  endloop
endfacet
facet normal 0.784195247773738 0.0 0.620514152432549
  outer loop
    vertex -7.96900510787964 0.0 -6.42454242706299
    vertex -8.08466815948486 -6.60879993438721 -6.27836942672729
    vertex -7.96900510787964 -6.60879993438721 -6.42454242706299
  endloop
endfacet
facet normal 0.784195247773738 0.0 0.620514152432549
  outer loop
    vertex -8.08466815948486 -6.60879993438721 -6.27836942672729
    vertex -7.96900510787964 0.0 -6.42454242706299
    vertex -8.08466815948486 0.0 -6.27836942672729
  endloop
endfacet
facet normal 0.772766583314453 0.0 0.634690324262554
  outer loop
    vertex -7.85069942474365 0.0 -6.56858539581299
    vertex -7.96900510787964 -6.60879993438721 -6.42454242706299
    vertex -7.85069942474365 -6.60879993438721 -6.56858539581299
  endloop
endfacet
facet normal 0.772766583314453 0.0 0.634690324262554
  outer loop
    vertex -7.96900510787964 -6.60879993438721 -6.42454242706299
    vertex -7.85069942474365 0.0 -6.56858539581299
    vertex -7.96900510787964 0.0 -6.42454242706299
  endloop
endfacet
facet normal 0.761079415109515 0.0 0.648658711416534
  outer loop
    vertex -7.72979021072388 0.0 -6.71044969558716
    vertex -7.85069942474365 -6.60879993438721 -6.56858539581299
    vertex -7.72979021072388 -6.60879993438721 -6.71044969558716
  endloop
endfacet
facet normal 0.761079415109515 0.0 0.648658711416534
  outer loop
    vertex -7.85069942474365 -6.60879993438721 -6.56858539581299
    vertex -7.72979021072388 0.0 -6.71044969558716
    vertex -7.85069942474365 0.0 -6.56858539581299
  endloop
endfacet
facet normal 0.749142783648941 0.0 0.662408551957714
  outer loop
    vertex -7.60631799697876 0.0 -6.85008907318115
    vertex -7.72979021072388 -6.60879993438721 -6.71044969558716
    vertex -7.60631799697876 -6.60879993438721 -6.85008907318115
  endloop
endfacet
facet normal 0.749142783648941 0.0 0.662408551957714
  outer loop
    vertex -7.72979021072388 -6.60879993438721 -6.71044969558716
    vertex -7.60631799697876 0.0 -6.85008907318115
    vertex -7.72979021072388 0.0 -6.71044969558716
  endloop
endfacet
facet normal 0.736955643900787 0.0 0.675941106105241
  outer loop
    vertex -7.48032331466675 0.0 -6.98745679855347
    vertex -7.60631799697876 -6.60879993438721 -6.85008907318115
    vertex -7.48032331466675 -6.60879993438721 -6.98745679855347
  endloop
endfacet
facet normal 0.736955643900787 0.0 0.675941106105241
  outer loop
    vertex -7.60631799697876 -6.60879993438721 -6.85008907318115
    vertex -7.48032331466675 0.0 -6.98745679855347
    vertex -7.60631799697876 0.0 -6.85008907318115
  endloop
endfacet
facet normal 0.724526435598855 0.0 0.689247012411674
  outer loop
    vertex -7.35184812545776 0.0 -7.12250804901123
    vertex -7.48032331466675 -6.60879993438721 -6.98745679855347
    vertex -7.35184812545776 -6.60879993438721 -7.12250804901123
  endloop
endfacet
facet normal 0.724526435598855 0.0 0.689247012411674
  outer loop
    vertex -7.48032331466675 -6.60879993438721 -6.98745679855347
    vertex -7.35184812545776 0.0 -7.12250804901123
    vertex -7.48032331466675 0.0 -6.98745679855347
  endloop
endfacet
facet normal 0.711855293007649 0.0 0.70232616483867
  outer loop
    vertex -7.22093534469604 0.0 -7.25519704818726
    vertex -7.35184812545776 -6.60879993438721 -7.12250804901123
    vertex -7.22093534469604 -6.60879993438721 -7.25519704818726
  endloop
endfacet
facet normal 0.711855293007649 0.0 0.70232616483867
  outer loop
    vertex -7.35184812545776 -6.60879993438721 -7.12250804901123
    vertex -7.22093534469604 0.0 -7.25519704818726
    vertex -7.35184812545776 0.0 -7.12250804901123
  endloop
endfacet
facet normal 0.698948351968121 0.0 0.715172148004274
  outer loop
    vertex -7.08762788772583 -6.60879993438721 -7.38548040390015
    vertex -7.22093534469604 0.0 -7.25519704818726
    vertex -7.22093534469604 -6.60879993438721 -7.25519704818726
  endloop
endfacet
facet normal 0.698948351968121 0.0 0.715172148004274
  outer loop
    vertex -7.22093534469604 0.0 -7.25519704818726
    vertex -7.08762788772583 -6.60879993438721 -7.38548040390015
    vertex -7.08762788772583 0.0 -7.38548040390015
  endloop
endfacet
facet normal 0.685810787751616 0.0 0.727779886643969
  outer loop
    vertex -6.95197057723999 -6.60879993438721 -7.51331472396851
    vertex -7.08762788772583 0.0 -7.38548040390015
    vertex -7.08762788772583 -6.60879993438721 -7.38548040390015
  endloop
endfacet
facet normal 0.685810787751616 0.0 0.727779886643969
  outer loop
    vertex -7.08762788772583 0.0 -7.38548040390015
    vertex -6.95197057723999 -6.60879993438721 -7.51331472396851
    vertex -6.95197057723999 0.0 -7.51331472396851
  endloop
endfacet
facet normal 0.672443951772458 0.0 0.740148047166674
  outer loop
    vertex -6.81400775909424 -6.60879993438721 -7.63865756988525
    vertex -6.95197057723999 0.0 -7.51331472396851
    vertex -6.95197057723999 -6.60879993438721 -7.51331472396851
  endloop
endfacet
facet normal 0.672443951772458 0.0 0.740148047166674
  outer loop
    vertex -6.95197057723999 0.0 -7.51331472396851
    vertex -6.81400775909424 -6.60879993438721 -7.63865756988525
    vertex -6.81400775909424 0.0 -7.63865756988525
  endloop
endfacet
facet normal 0.658855705382272 0.0 0.752269339721638
  outer loop
    vertex -6.67378568649292 -6.60879993438721 -7.76146745681763
    vertex -6.81400775909424 0.0 -7.63865756988525
    vertex -6.81400775909424 -6.60879993438721 -7.63865756988525
  endloop
endfacet
facet normal 0.658855705382272 0.0 0.752269339721638
  outer loop
    vertex -6.81400775909424 0.0 -7.63865756988525
    vertex -6.67378568649292 -6.60879993438721 -7.76146745681763
    vertex -6.67378568649292 0.0 -7.76146745681763
  endloop
endfacet
facet normal 0.645047672158426 0.0 0.764142330094987
  outer loop
    vertex -6.53135013580322 -6.60879993438721 -7.88170385360718
    vertex -6.67378568649292 0.0 -7.76146745681763
    vertex -6.67378568649292 -6.60879993438721 -7.76146745681763
  endloop
endfacet
facet normal 0.645047672158426 0.0 0.764142330094987
  outer loop
    vertex -6.67378568649292 0.0 -7.76146745681763
    vertex -6.53135013580322 -6.60879993438721 -7.88170385360718
    vertex -6.53135013580322 0.0 -7.88170385360718
  endloop
endfacet
facet normal 0.631027640985286 0.0 0.775760347215908
  outer loop
    vertex -6.38674926757812 -6.60879993438721 -7.99932670593262
    vertex -6.53135013580322 0.0 -7.88170385360718
    vertex -6.53135013580322 -6.60879993438721 -7.88170385360718
  endloop
endfacet
facet normal 0.631027640985286 0.0 0.775760347215908
  outer loop
    vertex -6.53135013580322 0.0 -7.88170385360718
    vertex -6.38674926757812 -6.60879993438721 -7.99932670593262
    vertex -6.38674926757812 0.0 -7.99932670593262
  endloop
endfacet
facet normal 0.616796087651769 0.0 0.787122980389641
  outer loop
    vertex -6.24003028869629 -6.60879993438721 -8.11429691314697
    vertex -6.38674926757812 0.0 -7.99932670593262
    vertex -6.38674926757812 -6.60879993438721 -7.99932670593262
  endloop
endfacet
facet normal 0.616796087651769 0.0 0.787122980389641
  outer loop
    vertex -6.38674926757812 0.0 -7.99932670593262
    vertex -6.24003028869629 -6.60879993438721 -8.11429691314697
    vertex -6.24003028869629 0.0 -8.11429691314697
  endloop
endfacet
facet normal 0.60235948636186 0.0 0.79822493646207
  outer loop
    vertex -6.09124231338501 -6.60879993438721 -8.22657585144043
    vertex -6.24003028869629 0.0 -8.11429691314697
    vertex -6.24003028869629 -6.60879993438721 -8.11429691314697
  endloop
endfacet
facet normal 0.60235948636186 0.0 0.79822493646207
  outer loop
    vertex -6.24003028869629 0.0 -8.11429691314697
    vertex -6.09124231338501 -6.60879993438721 -8.22657585144043
    vertex -6.09124231338501 0.0 -8.22657585144043
  endloop
endfacet
facet normal 0.587729285248874 0.0 0.809057653854685
  outer loop
    vertex -5.94043445587158 -6.60879993438721 -8.33612823486328
    vertex -6.09124231338501 0.0 -8.22657585144043
    vertex -6.09124231338501 -6.60879993438721 -8.22657585144043
  endloop
endfacet
facet normal 0.587729285248874 0.0 0.809057653854685
  outer loop
    vertex -6.09124231338501 0.0 -8.22657585144043
    vertex -5.94043445587158 -6.60879993438721 -8.33612823486328
    vertex -5.94043445587158 0.0 -8.33612823486328
  endloop
endfacet
facet normal 0.572894604450542 0.0 0.81962904547817
  outer loop
    vertex -5.78765678405762 -6.60879993438721 -8.44291496276855
    vertex -5.94043445587158 0.0 -8.33612823486328
    vertex -5.94043445587158 -6.60879993438721 -8.33612823486328
  endloop
endfacet
facet normal 0.572894604450542 0.0 0.81962904547817
  outer loop
    vertex -5.94043445587158 0.0 -8.33612823486328
    vertex -5.78765678405762 -6.60879993438721 -8.44291496276855
    vertex -5.78765678405762 0.0 -8.44291496276855
  endloop
endfacet
facet normal 0.55787691126104 0.0 0.829923702446099
  outer loop
    vertex -5.63295984268188 -6.60879993438721 -8.54690265655517
    vertex -5.78765678405762 0.0 -8.44291496276855
    vertex -5.78765678405762 -6.60879993438721 -8.44291496276855
  endloop
endfacet
facet normal 0.55787691126104 0.0 0.829923702446099
  outer loop
    vertex -5.78765678405762 0.0 -8.44291496276855
    vertex -5.63295984268188 -6.60879993438721 -8.54690265655517
    vertex -5.63295984268188 0.0 -8.54690265655517
  endloop
endfacet
facet normal 0.542675404767838 0.0 0.839942501044008
  outer loop
    vertex -5.47639513015747 -6.60879993438721 -8.64805698394775
    vertex -5.63295984268188 0.0 -8.54690265655517
    vertex -5.63295984268188 -6.60879993438721 -8.54690265655517
  endloop
endfacet
facet normal 0.542675404767838 0.0 0.839942501044008
  outer loop
    vertex -5.63295984268188 0.0 -8.54690265655517
    vertex -5.47639513015747 -6.60879993438721 -8.64805698394775
    vertex -5.47639513015747 0.0 -8.64805698394775
  endloop
endfacet
facet normal 0.527287463218933 0.0 0.849686960669717
  outer loop
    vertex -5.31801462173462 -6.60879993438721 -8.74634265899658
    vertex -5.47639513015747 0.0 -8.64805698394775
    vertex -5.47639513015747 -6.60879993438721 -8.64805698394775
  endloop
endfacet
facet normal 0.527287463218933 0.0 0.849686960669717
  outer loop
    vertex -5.47639513015747 0.0 -8.64805698394775
    vertex -5.31801462173462 -6.60879993438721 -8.74634265899658
    vertex -5.31801462173462 0.0 -8.74634265899658
  endloop
endfacet
facet normal 0.51172764211077 0.0 0.859147729031365
  outer loop
    vertex -5.15787029266357 -6.60879993438721 -8.84172821044922
    vertex -5.31801462173462 0.0 -8.74634265899658
    vertex -5.31801462173462 -6.60879993438721 -8.74634265899658
  endloop
endfacet
facet normal 0.51172764211077 0.0 0.859147729031365
  outer loop
    vertex -5.31801462173462 0.0 -8.74634265899658
    vertex -5.15787029266357 -6.60879993438721 -8.84172821044922
    vertex -5.15787029266357 0.0 -8.84172821044922
  endloop
endfacet
facet normal 0.496000634278777 0.0 0.868322158415326
  outer loop
    vertex -4.99601602554321 -6.60879993438721 -8.93418216705322
    vertex -5.15787029266357 0.0 -8.84172821044922
    vertex -5.15787029266357 -6.60879993438721 -8.84172821044922
  endloop
endfacet
facet normal 0.496000634278777 0.0 0.868322158415326
  outer loop
    vertex -5.15787029266357 0.0 -8.84172821044922
    vertex -4.99601602554321 -6.60879993438721 -8.93418216705322
    vertex -4.99601602554321 0.0 -8.93418216705322
  endloop
endfacet
facet normal 0.48010806560822 0.0 0.877209350917974
  outer loop
    vertex -4.83250474929809 -6.60879993438721 -9.02367401123047
    vertex -4.99601602554321 0.0 -8.93418216705322
    vertex -4.99601602554321 -6.60879993438721 -8.93418216705322
  endloop
endfacet
facet normal 0.48010806560822 0.0 0.877209350917974
  outer loop
    vertex -4.99601602554321 0.0 -8.93418216705322
    vertex -4.83250474929809 -6.60879993438721 -9.02367401123047
    vertex -4.83250474929809 0.0 -9.02367401123047
  endloop
endfacet
facet normal 0.464054215163411 0.0 0.885806799132334
  outer loop
    vertex -4.66739130020142 -6.60879993438721 -9.11017322540283
    vertex -4.83250474929809 0.0 -9.02367401123047
    vertex -4.83250474929809 -6.60879993438721 -9.02367401123047
  endloop
endfacet
facet normal 0.464054215163411 0.0 0.885806799132334
  outer loop
    vertex -4.83250474929809 0.0 -9.02367401123047
    vertex -4.66739130020142 -6.60879993438721 -9.11017322540283
    vertex -4.66739130020142 0.0 -9.11017322540283
  endloop
endfacet
facet normal 0.447845859494261 0.0 0.894110779564728
  outer loop
    vertex -4.50073003768921 -6.60879993438721 -9.19365119934082
    vertex -4.66739130020142 0.0 -9.11017322540283
    vertex -4.66739130020142 -6.60879993438721 -9.11017322540283
  endloop
endfacet
facet normal 0.447845859494261 0.0 0.894110779564728
  outer loop
    vertex -4.66739130020142 0.0 -9.11017322540283
    vertex -4.50073003768921 -6.60879993438721 -9.19365119934082
    vertex -4.50073003768921 0.0 -9.19365119934082
  endloop
endfacet
facet normal 0.431490165973123 0.0 0.902117640149269
  outer loop
    vertex -4.33257675170898 -6.60879993438721 -9.27408027648926
    vertex -4.50073003768921 0.0 -9.19365119934082
    vertex -4.50073003768921 -6.60879993438721 -9.19365119934082
  endloop
endfacet
facet normal 0.431490165973123 0.0 0.902117640149269
  outer loop
    vertex -4.50073003768921 0.0 -9.19365119934082
    vertex -4.33257675170898 -6.60879993438721 -9.27408027648926
    vertex -4.33257675170898 0.0 -9.27408027648926
  endloop
endfacet
facet normal 0.414993514719732 0.0 0.909824369172734
  outer loop
    vertex -4.16298627853394 -6.60879993438721 -9.3514347076416
    vertex -4.33257675170898 0.0 -9.27408027648926
    vertex -4.33257675170898 -6.60879993438721 -9.27408027648926
  endloop
endfacet
facet normal 0.414993514719732 0.0 0.909824369172734
  outer loop
    vertex -4.33257675170898 0.0 -9.27408027648926
    vertex -4.16298627853394 -6.60879993438721 -9.3514347076416
    vertex -4.16298627853394 0.0 -9.3514347076416
  endloop
endfacet
facet normal 0.398360426774166 0.0 0.917228962898743
  outer loop
    vertex -3.99201560020447 -6.60879993438721 -9.42568874359131
    vertex -4.16298627853394 0.0 -9.3514347076416
    vertex -4.16298627853394 -6.60879993438721 -9.3514347076416
  endloop
endfacet
facet normal 0.398360426774166 0.0 0.917228962898743
  outer loop
    vertex -4.16298627853394 0.0 -9.3514347076416
    vertex -3.99201560020447 -6.60879993438721 -9.42568874359131
    vertex -3.99201560020447 0.0 -9.42568874359131
  endloop
endfacet
facet normal 0.381589312499444 0.0 0.924331973149367
  outer loop
    vertex -3.81972098350525 -6.60879993438721 -9.49681663513183
    vertex -3.99201560020447 0.0 -9.42568874359131
    vertex -3.99201560020447 -6.60879993438721 -9.42568874359131
  endloop
endfacet
facet normal 0.381589312499444 0.0 0.924331973149367
  outer loop
    vertex -3.99201560020447 0.0 -9.42568874359131
    vertex -3.81972098350525 -6.60879993438721 -9.49681663513183
    vertex -3.81972098350525 0.0 -9.49681663513183
  endloop
endfacet
facet normal 0.36469544688362 0.0 0.931126860863952
  outer loop
    vertex -3.64615988731384 -6.60879993438721 -9.56479549407959
    vertex -3.81972098350525 0.0 -9.49681663513183
    vertex -3.81972098350525 -6.60879993438721 -9.49681663513183
  endloop
endfacet
facet normal 0.36469544688362 0.0 0.931126860863952
  outer loop
    vertex -3.81972098350525 0.0 -9.49681663513183
    vertex -3.64615988731384 -6.60879993438721 -9.56479549407959
    vertex -3.64615988731384 0.0 -9.56479549407959
  endloop
endfacet
facet normal 0.347678843525658 0.0 0.937613684714905
  outer loop
    vertex -3.47138977050781 -6.60879993438721 -9.62960243225098
    vertex -3.64615988731384 0.0 -9.56479549407959
    vertex -3.64615988731384 -6.60879993438721 -9.56479549407959
  endloop
endfacet
facet normal 0.347678843525658 0.0 0.937613684714905
  outer loop
    vertex -3.64615988731384 0.0 -9.56479549407959
    vertex -3.47138977050781 -6.60879993438721 -9.62960243225098
    vertex -3.47138977050781 0.0 -9.62960243225098
  endloop
endfacet
facet normal 0.330549315293719 0.0 0.94378872114412
  outer loop
    vertex -3.29546856880188 -6.60879993438721 -9.69121646881103
    vertex -3.47138977050781 0.0 -9.62960243225098
    vertex -3.47138977050781 -6.60879993438721 -9.62960243225098
  endloop
endfacet
facet normal 0.330549315293719 0.0 0.94378872114412
  outer loop
    vertex -3.47138977050781 0.0 -9.62960243225098
    vertex -3.29546856880188 -6.60879993438721 -9.69121646881103
    vertex -3.29546856880188 0.0 -9.69121646881103
  endloop
endfacet
facet normal 0.313307288105644 0.0 0.949651801040722
  outer loop
    vertex -3.11845445632935 -6.60879993438721 -9.7496166229248
    vertex -3.29546856880188 0.0 -9.69121646881103
    vertex -3.29546856880188 -6.60879993438721 -9.69121646881103
  endloop
endfacet
facet normal 0.313307288105644 0.0 0.949651801040722
  outer loop
    vertex -3.29546856880188 0.0 -9.69121646881103
    vertex -3.11845445632935 -6.60879993438721 -9.7496166229248
    vertex -3.11845445632935 0.0 -9.7496166229248
  endloop
endfacet
facet normal 0.295968106712635 0.0 0.955197822343067
  outer loop
    vertex -2.94040656089783 -6.60879993438721 -9.80478477478027
    vertex -3.11845445632935 0.0 -9.7496166229248
    vertex -3.11845445632935 -6.60879993438721 -9.7496166229248
  endloop
endfacet
facet normal 0.295968106712635 0.0 0.955197822343067
  outer loop
    vertex -3.11845445632935 0.0 -9.7496166229248
    vertex -2.94040656089783 -6.60879993438721 -9.80478477478027
    vertex -2.94040656089783 0.0 -9.80478477478027
  endloop
endfacet
facet normal 0.278521359035885 0.0 0.960430035224224
  outer loop
    vertex -2.7613832950592 -6.60879993438721 -9.8567008972168
    vertex -2.94040656089783 0.0 -9.80478477478027
    vertex -2.94040656089783 -6.60879993438721 -9.80478477478027
  endloop
endfacet
facet normal 0.278521359035885 0.0 0.960430035224224
  outer loop
    vertex -2.94040656089783 0.0 -9.80478477478027
    vertex -2.7613832950592 -6.60879993438721 -9.8567008972168
    vertex -2.7613832950592 0.0 -9.8567008972168
  endloop
endfacet
facet normal 0.260988212173094 0.0 0.96534198764308
  outer loop
    vertex -2.58144474029541 -6.60879993438721 -9.90534877777099
    vertex -2.7613832950592 0.0 -9.8567008972168
    vertex -2.7613832950592 -6.60879993438721 -9.8567008972168
  endloop
endfacet
facet normal 0.260988212173094 0.0 0.96534198764308
  outer loop
    vertex -2.7613832950592 0.0 -9.8567008972168
    vertex -2.58144474029541 -6.60879993438721 -9.90534877777099
    vertex -2.58144474029541 0.0 -9.90534877777099
  endloop
endfacet
facet normal 0.243367085318969 0.0 0.969934256423264
  outer loop
    vertex -2.40064978599548 -6.60879993438721 -9.95071220397949
    vertex -2.58144474029541 0.0 -9.90534877777099
    vertex -2.58144474029541 -6.60879993438721 -9.90534877777099
  endloop
endfacet
facet normal 0.243367085318969 0.0 0.969934256423264
  outer loop
    vertex -2.58144474029541 0.0 -9.90534877777099
    vertex -2.40064978599548 -6.60879993438721 -9.95071220397949
    vertex -2.40064978599548 0.0 -9.95071220397949
  endloop
endfacet
facet normal 0.22566495359797 0.0 0.974204972640576
  outer loop
    vertex -2.21905899047852 -6.60879993438721 -9.99277591705322
    vertex -2.40064978599548 0.0 -9.95071220397949
    vertex -2.40064978599548 -6.60879993438721 -9.95071220397949
  endloop
endfacet
facet normal 0.22566495359797 0.0 0.974204972640576
  outer loop
    vertex -2.40064978599548 0.0 -9.95071220397949
    vertex -2.21905899047852 -6.60879993438721 -9.99277591705322
    vertex -2.21905899047852 0.0 -9.99277591705322
  endloop
endfacet
facet normal 0.207885970325401 0.0 0.978153067439788
  outer loop
    vertex -2.03673243522644 -6.60879993438721 -10.0315256118774
    vertex -2.21905899047852 0.0 -9.99277591705322
    vertex -2.21905899047852 -6.60879993438721 -9.99277591705322
  endloop
endfacet
facet normal 0.207885970325401 0.0 0.978153067439788
  outer loop
    vertex -2.21905899047852 0.0 -9.99277591705322
    vertex -2.03673243522644 -6.60879993438721 -10.0315256118774
    vertex -2.03673243522644 0.0 -10.0315256118774
  endloop
endfacet
facet normal 0.190045132585303 0.0 0.981775354946657
  outer loop
    vertex -1.85373044013977 -6.60879993438721 -10.0669498443604
    vertex -2.03673243522644 0.0 -10.0315256118774
    vertex -2.03673243522644 -6.60879993438721 -10.0315256118774
  endloop
endfacet
facet normal 0.190045132585303 0.0 0.981775354946657
  outer loop
    vertex -2.03673243522644 0.0 -10.0315256118774
    vertex -1.85373044013977 -6.60879993438721 -10.0669498443604
    vertex -1.85373044013977 0.0 -10.0669498443604
  endloop
endfacet
facet normal 0.172133105271822 0.0 0.985073699816151
  outer loop
    vertex -1.67011380195618 -6.60879993438721 -10.0990352630615
    vertex -1.85373044013977 0.0 -10.0669498443604
    vertex -1.85373044013977 -6.60879993438721 -10.0669498443604
  endloop
endfacet
facet normal 0.172133105271822 0.0 0.985073699816151
  outer loop
    vertex -1.85373044013977 0.0 -10.0669498443604
    vertex -1.67011380195618 -6.60879993438721 -10.0990352630615
    vertex -1.67011380195618 0.0 -10.0990352630615
  endloop
endfacet
facet normal 0.154169649413386 0.0 0.988044391310306
  outer loop
    vertex -1.48594331741333 -6.60879993438721 -10.1277723312378
    vertex -1.67011380195618 0.0 -10.0990352630615
    vertex -1.67011380195618 -6.60879993438721 -10.0990352630615
  endloop
endfacet
facet normal 0.154169649413386 0.0 0.988044391310306
  outer loop
    vertex -1.67011380195618 0.0 -10.0990352630615
    vertex -1.48594331741333 -6.60879993438721 -10.1277723312378
    vertex -1.48594331741333 0.0 -10.1277723312378
  endloop
endfacet
facet normal 0.136150018129992 0.0 0.990688231767796
  outer loop
    vertex -1.30128002166748 -6.60879993438721 -10.1531505584717
    vertex -1.48594331741333 0.0 -10.1277723312378
    vertex -1.48594331741333 -6.60879993438721 -10.1277723312378
  endloop
endfacet
facet normal 0.136150018129992 0.0 0.990688231767796
  outer loop
    vertex -1.48594331741333 0.0 -10.1277723312378
    vertex -1.30128002166748 -6.60879993438721 -10.1531505584717
    vertex -1.30128002166748 0.0 -10.1531505584717
  endloop
endfacet
facet normal 0.11808948620258 0.0 0.99300295732108
  outer loop
    vertex -1.11618530750275 -6.60879993438721 -10.1751623153687
    vertex -1.30128002166748 0.0 -10.1531505584717
    vertex -1.30128002166748 -6.60879993438721 -10.1531505584717
  endloop
endfacet
facet normal 0.11808948620258 0.0 0.99300295732108
  outer loop
    vertex -1.30128002166748 0.0 -10.1531505584717
    vertex -1.11618530750275 -6.60879993438721 -10.1751623153687
    vertex -1.11618530750275 0.0 -10.1751623153687
  endloop
endfacet
facet normal 0.0999879834028507 0.0 0.994988644746779
  outer loop
    vertex -0.930720448493957 -6.60879993438721 -10.1937999725342
    vertex -1.11618530750275 0.0 -10.1751623153687
    vertex -1.11618530750275 -6.60879993438721 -10.1751623153687
  endloop
endfacet
facet normal 0.0999879834028507 0.0 0.994988644746779
  outer loop
    vertex -1.11618530750275 0.0 -10.1751623153687
    vertex -0.930720448493957 -6.60879993438721 -10.1937999725342
    vertex -0.930720448493957 0.0 -10.1937999725342
  endloop
endfacet
facet normal 0.0818507178245261 0.0 0.996644600643384
  outer loop
    vertex -0.744947016239166 -6.60879993438721 -10.209056854248
    vertex -0.930720448493957 0.0 -10.1937999725342
    vertex -0.930720448493957 -6.60879993438721 -10.1937999725342
  endloop
endfacet
facet normal 0.0818507178245261 0.0 0.996644600643384
  outer loop
    vertex -0.930720448493957 0.0 -10.1937999725342
    vertex -0.744947016239166 -6.60879993438721 -10.209056854248
    vertex -0.744947016239166 0.0 -10.209056854248
  endloop
endfacet
facet normal 0.0636929039116815 0.0 0.997969545623161
  outer loop
    vertex -0.558926522731781 -6.60879993438721 -10.220929145813
    vertex -0.744947016239166 0.0 -10.209056854248
    vertex -0.744947016239166 -6.60879993438721 -10.209056854248
  endloop
endfacet
facet normal 0.0636929039116815 0.0 0.997969545623161
  outer loop
    vertex -0.744947016239166 0.0 -10.209056854248
    vertex -0.558926522731781 -6.60879993438721 -10.220929145813
    vertex -0.558926522731781 0.0 -10.220929145813
  endloop
endfacet
facet normal 0.0455095437451441 0.0 0.998963903966559
  outer loop
    vertex -0.372720658779144 -6.60879993438721 -10.2294120788574
    vertex -0.558926522731781 0.0 -10.220929145813
    vertex -0.558926522731781 -6.60879993438721 -10.220929145813
  endloop
endfacet
facet normal 0.0455095437451441 0.0 0.998963903966559
  outer loop
    vertex -0.558926522731781 0.0 -10.220929145813
    vertex -0.372720658779144 -6.60879993438721 -10.2294120788574
    vertex -0.372720658779144 0.0 -10.2294120788574
  endloop
endfacet
facet normal 0.0273108481221124 0.0 0.999626989218904
  outer loop
    vertex -0.186391234397888 -6.60879993438721 -10.2345027923584
    vertex -0.372720658779144 0.0 -10.2294120788574
    vertex -0.372720658779144 -6.60879993438721 -10.2294120788574
  endloop
endfacet
facet normal 0.0273108481221124 0.0 0.999626989218904
  outer loop
    vertex -0.372720658779144 0.0 -10.2294120788574
    vertex -0.186391234397888 -6.60879993438721 -10.2345027923584
    vertex -0.186391234397888 0.0 -10.2345027923584
  endloop
endfacet
facet normal 0.00910702636842807 0.0 0.999958530175489
  outer loop
    vertex 0.0 -6.60879993438721 -10.2362003326416
    vertex -0.186391234397888 0.0 -10.2345027923584
    vertex -0.186391234397888 -6.60879993438721 -10.2345027923584
  endloop
endfacet
facet normal 0.00910702636842807 0.0 0.999958530175489
  outer loop
    vertex -0.186391234397888 0.0 -10.2345027923584
    vertex 0.0 -6.60879993438721 -10.2362003326416
    vertex 0.0 0.0 -10.2362003326416
  endloop
endfacet
facet normal 0.0 0.0 1.0
  outer loop
    vertex 22.3012008666992 -6.60879993438721 -10.2362003326416
    vertex 0.0 0.0 -10.2362003326416
    vertex 0.0 -6.60879993438721 -10.2362003326416
  endloop
endfacet
facet normal 0.0 0.0 1.0
  outer loop
    vertex 0.0 0.0 -10.2362003326416
    vertex 22.3012008666992 -6.60879993438721 -10.2362003326416
    vertex 22.3012008666992 0.0 -10.2362003326416
  endloop
endfacet
facet normal 3.81888308919801e-031 -1.0 4.25065222109759e-031
  outer loop
    vertex 23.50119972229 -6.90880012512207 -11.4362001419067
    vertex 22.6012001037598 -6.90880012512207 -10.5361995697021
    vertex 0.0 -6.90880012512207 -11.4362001419067
  endloop
endfacet
facet normal 3.81888308919801e-031 -1.0 4.25065222109759e-031
  outer loop
    vertex 22.6012001037598 -6.90880012512207 -10.5361995697021
    vertex 23.50119972229 -6.90880012512207 -11.4362001419067
    vertex 23.50119972229 -6.90880012512207 -7.57205009460449
  endloop
endfacet
facet normal 3.81888308919801e-031 -1.0 4.25065222109759e-031
  outer loop
    vertex 0.0 -6.90880012512207 -11.4362001419067
    vertex 22.6012001037598 -6.90880012512207 -10.5361995697021
    vertex -0.196341082453728 -6.90880012512207 -11.4345140457153
  endloop
endfacet
facet normal 3.81888308919801e-031 -1.0 4.25065222109759e-031
  outer loop
    vertex -0.196341082453728 -6.90880012512207 -11.4345140457153
    vertex 22.6012001037598 -6.90880012512207 -10.5361995697021
    vertex -0.392624288797379 -6.90880012512207 -11.4294586181641
  endloop
endfacet
facet normal 3.81888308919801e-031 -1.0 4.25065222109759e-031
  outer loop
    vertex -0.392624288797379 -6.90880012512207 -11.4294586181641
    vertex 22.6012001037598 -6.90880012512207 -10.5361995697021
    vertex -0.588791728019714 -6.90880012512207 -11.4210329055786
  endloop
endfacet
facet normal 3.81888308919801e-031 -1.0 4.25065222109759e-031
  outer loop
    vertex -0.588791728019714 -6.90880012512207 -11.4210329055786
    vertex 22.6012001037598 -6.90880012512207 -10.5361995697021
    vertex -0.784785628318787 -6.90880012512207 -11.4092407226563
  endloop
endfacet
facet normal 3.81888308919801e-031 -1.0 4.25065222109759e-031
  outer loop
    vertex -0.784785628318787 -6.90880012512207 -11.4092407226563
    vertex 22.6012001037598 -6.90880012512207 -10.5361995697021
    vertex -0.980548202991485 -6.90880012512207 -11.3940858840942
  endloop
endfacet
facet normal 3.81888308919801e-031 -1.0 4.25065222109759e-031
  outer loop
    vertex -0.980548202991485 -6.90880012512207 -11.3940858840942
    vertex 22.6012001037598 -6.90880012512207 -10.5361995697021
    vertex -1.17602169513702 -6.90880012512207 -11.3755722045898
  endloop
endfacet
facet normal 3.81888308919801e-031 -1.0 4.25065222109759e-031
  outer loop
    vertex -1.17602169513702 -6.90880012512207 -11.3755722045898
    vertex 22.6012001037598 -6.90880012512207 -10.5361995697021
    vertex -1.37114858627319 -6.90880012512207 -11.353705406189
  endloop
endfacet
facet normal 3.81888308919801e-031 -1.0 4.25065222109759e-031
  outer loop
    vertex -1.37114858627319 -6.90880012512207 -11.353705406189
    vertex 22.6012001037598 -6.90880012512207 -10.5361995697021
    vertex -1.5658712387085 -6.90880012512207 -11.3284912109375
  endloop
endfacet
facet normal 3.81888308919801e-031 -1.0 4.25065222109759e-031
  outer loop
    vertex -1.5658712387085 -6.90880012512207 -11.3284912109375
    vertex 22.6012001037598 -6.90880012512207 -10.5361995697021
    vertex -1.76013243198395 -6.90880012512207 -11.2999382019043
  endloop
endfacet
facet normal 3.81888308919801e-031 -1.0 4.25065222109759e-031
  outer loop
    vertex -1.76013243198395 -6.90880012512207 -11.2999382019043
    vertex 22.6012001037598 -6.90880012512207 -10.5361995697021
    vertex -1.95387470722198 -6.90880012512207 -11.2680540084839
  endloop
endfacet
facet normal 3.81888308919801e-031 -1.0 4.25065222109759e-031
  outer loop
    vertex -1.95387470722198 -6.90880012512207 -11.2680540084839
    vertex 22.6012001037598 -6.90880012512207 -10.5361995697021
    vertex -2.14704084396362 -6.90880012512207 -11.2328481674194
  endloop
endfacet
facet normal 3.81888308919801e-031 -1.0 4.25065222109759e-031
  outer loop
    vertex -2.14704084396362 -6.90880012512207 -11.2328481674194
    vertex 22.6012001037598 -6.90880012512207 -10.5361995697021
    vertex -2.33957433700562 -6.90880012512207 -11.1943321228027
  endloop
endfacet
facet normal 3.81888308919801e-031 -1.0 4.25065222109759e-031
  outer loop
    vertex -2.33957433700562 -6.90880012512207 -11.1943321228027
    vertex 22.6012001037598 -6.90880012512207 -10.5361995697021
    vertex -2.53141808509827 -6.90880012512207 -11.152515411377
  endloop
endfacet
facet normal 3.81888308919801e-031 -1.0 4.25065222109759e-031
  outer loop
    vertex -2.53141808509827 -6.90880012512207 -11.152515411377
    vertex 22.6012001037598 -6.90880012512207 -10.5361995697021
    vertex -2.72251558303833 -6.90880012512207 -11.1074113845825
  endloop
endfacet
facet normal 3.81888308919801e-031 -1.0 4.25065222109759e-031
  outer loop
    vertex -2.72251558303833 -6.90880012512207 -11.1074113845825
    vertex 22.6012001037598 -6.90880012512207 -10.5361995697021
    vertex -2.91281080245972 -6.90880012512207 -11.0590324401855
  endloop
endfacet
facet normal 3.81888308919801e-031 -1.0 4.25065222109759e-031
  outer loop
    vertex -2.91281080245972 -6.90880012512207 -11.0590324401855
    vertex 22.6012001037598 -6.90880012512207 -10.5361995697021
    vertex -3.10224723815918 -6.90880012512207 -11.0073947906494
  endloop
endfacet
facet normal 3.81888308919801e-031 -1.0 4.25065222109759e-031
  outer loop
    vertex -3.10224723815918 -6.90880012512207 -11.0073947906494
    vertex 22.6012001037598 -6.90880012512207 -10.5361995697021
    vertex -3.29076910018921 -6.90880012512207 -10.9525117874146
  endloop
endfacet
facet normal 3.81888308919801e-031 -1.0 4.25065222109759e-031
  outer loop
    vertex -3.29076910018921 -6.90880012512207 -10.9525117874146
    vertex 22.6012001037598 -6.90880012512207 -10.5361995697021
    vertex -3.47832107543945 -6.90880012512207 -10.8943996429443
  endloop
endfacet
facet normal 3.81888308919801e-031 -1.0 4.25065222109759e-031
  outer loop
    vertex -3.47832107543945 -6.90880012512207 -10.8943996429443
    vertex 22.6012001037598 -6.90880012512207 -10.5361995697021
    vertex -3.66484761238098 -6.90880012512207 -10.8330774307251
  endloop
endfacet
facet normal 3.81888308919801e-031 -1.0 4.25065222109759e-031
  outer loop
    vertex -3.66484761238098 -6.90880012512207 -10.8330774307251
    vertex 22.6012001037598 -6.90880012512207 -10.5361995697021
    vertex -3.8502938747406 -6.90880012512207 -10.7685613632202
  endloop
endfacet
facet normal 3.81888308919801e-031 -1.0 4.25065222109759e-031
  outer loop
    vertex -3.8502938747406 -6.90880012512207 -10.7685613632202
    vertex 22.6012001037598 -6.90880012512207 -10.5361995697021
    vertex -4.03460502624512 -6.90880012512207 -10.700870513916
  endloop
endfacet
facet normal 3.81888308919801e-031 -1.0 4.25065222109759e-031
  outer loop
    vertex -4.03460502624512 -6.90880012512207 -10.700870513916
    vertex 22.6012001037598 -6.90880012512207 -10.5361995697021
    vertex -4.21772718429565 -6.90880012512207 -10.6300258636475
  endloop
endfacet
facet normal 3.81888308919801e-031 -1.0 4.25065222109759e-031
  outer loop
    vertex -4.21772718429565 -6.90880012512207 -10.6300258636475
    vertex 22.6012001037598 -6.90880012512207 -10.5361995697021
    vertex -4.3996057510376 -6.90880012512207 -10.5560474395752
  endloop
endfacet
facet normal 3.81888308919801e-031 -1.0 4.25065222109759e-031
  outer loop
    vertex 22.6012001037598 -6.90880012512207 -10.5361995697021
    vertex 23.50119972229 -6.90880012512207 -7.57205009460449
    vertex 22.6012001037598 -6.90880012512207 -8.3223876953125
  endloop
endfacet
facet normal 3.81888308919801e-031 -1.0 4.25065222109759e-031
  outer loop
    vertex 22.6012001037598 -6.90880012512207 -8.3223876953125
    vertex 23.50119972229 -6.90880012512207 -7.57205009460449
    vertex 3.50357508659363 -6.90880012512207 -4.82988739013672
  endloop
endfacet
facet normal 3.81888308919801e-031 -1.0 4.25065222109759e-031
  outer loop
    vertex 3.50357508659363 -6.90880012512207 -4.82988739013672
    vertex 23.50119972229 -6.90880012512207 -7.57205009460449
    vertex 4.40357494354248 -6.90880012512207 -4.07955026626587
  endloop
endfacet
facet normal 3.81888308919801e-031 -1.0 4.25065222109759e-031
  outer loop
    vertex 3.50357508659363 -6.90880012512207 -4.82988739013672
    vertex 4.40357494354248 -6.90880012512207 -4.07955026626587
    vertex 3.50357508659363 -6.90880012512207 9.9366226196289
  endloop
endfacet
facet normal 3.81888308919801e-031 -1.0 4.25065222109759e-031
  outer loop
    vertex 3.50357508659363 -6.90880012512207 9.9366226196289
    vertex 4.40357494354248 -6.90880012512207 -4.07955026626587
    vertex 4.40357494354248 -6.90880012512207 10.5543928146362
  endloop
endfacet
facet normal 3.81888308919801e-031 -1.0 4.25065222109759e-031
  outer loop
    vertex 3.50357508659363 -6.90880012512207 9.9366226196289
    vertex 4.40357494354248 -6.90880012512207 10.5543928146362
    vertex 3.32474660873413 -6.90880012512207 9.99787807464599
  endloop
endfacet
facet normal 3.81888308919801e-031 -1.0 4.25065222109759e-031
  outer loop
    vertex 3.32474660873413 -6.90880012512207 9.99787807464599
    vertex 4.40357494354248 -6.90880012512207 10.5543928146362
    vertex 3.1448483467102 -6.90880012512207 10.0559158325195
  endloop
endfacet
facet normal 3.81888308919801e-031 -1.0 4.25065222109759e-031
  outer loop
    vertex 3.1448483467102 -6.90880012512207 10.0559158325195
    vertex 4.40357494354248 -6.90880012512207 10.5543928146362
    vertex 2.96393752098084 -6.90880012512207 10.1107158660889
  endloop
endfacet
facet normal 3.81888308919801e-031 -1.0 4.25065222109759e-031
  outer loop
    vertex 2.96393752098084 -6.90880012512207 10.1107158660889
    vertex 4.40357494354248 -6.90880012512207 10.5543928146362
    vertex 2.78207278251648 -6.90880012512207 10.1622629165649
  endloop
endfacet
facet normal 3.81888308919801e-031 -1.0 4.25065222109759e-031
  outer loop
    vertex 2.78207278251648 -6.90880012512207 10.1622629165649
    vertex 4.40357494354248 -6.90880012512207 10.5543928146362
    vertex 2.59931254386902 -6.90880012512207 10.2105379104614
  endloop
endfacet
facet normal 3.81888308919801e-031 -1.0 4.25065222109759e-031
  outer loop
    vertex 2.59931254386902 -6.90880012512207 10.2105379104614
    vertex 4.40357494354248 -6.90880012512207 10.5543928146362
    vertex 2.41571569442749 -6.90880012512207 10.2555265426636
  endloop
endfacet
facet normal 3.81888308919801e-031 -1.0 4.25065222109759e-031
  outer loop
    vertex 2.41571569442749 -6.90880012512207 10.2555265426636
    vertex 4.40357494354248 -6.90880012512207 10.5543928146362
    vertex 2.23134136199951 -6.90880012512207 10.2972145080566
  endloop
endfacet
facet normal 3.81888308919801e-031 -1.0 4.25065222109759e-031
  outer loop
    vertex 2.23134136199951 -6.90880012512207 10.2972145080566
    vertex 4.40357494354248 -6.90880012512207 10.5543928146362
    vertex 2.0462486743927 -6.90880012512207 10.3355875015259
  endloop
endfacet
facet normal 3.81888308919801e-031 -1.0 4.25065222109759e-031
  outer loop
    vertex 2.0462486743927 -6.90880012512207 10.3355875015259
    vertex 4.40357494354248 -6.90880012512207 10.5543928146362
    vertex 1.86049747467041 -6.90880012512207 10.3706340789795
  endloop
endfacet
facet normal 3.81888308919801e-031 -1.0 4.25065222109759e-031
  outer loop
    vertex 1.86049747467041 -6.90880012512207 10.3706340789795
    vertex 4.40357494354248 -6.90880012512207 10.5543928146362
    vertex 1.67414736747742 -6.90880012512207 10.4023427963257
  endloop
endfacet
facet normal 3.81888308919801e-031 -1.0 4.25065222109759e-031
  outer loop
    vertex 1.67414736747742 -6.90880012512207 10.4023427963257
    vertex 4.40357494354248 -6.90880012512207 10.5543928146362
    vertex 1.48725831508636 -6.90880012512207 10.430703163147
  endloop
endfacet
facet normal 3.81888308919801e-031 -1.0 4.25065222109759e-031
  outer loop
    vertex 1.48725831508636 -6.90880012512207 10.430703163147
    vertex 4.40357494354248 -6.90880012512207 10.5543928146362
    vertex 1.29989063739777 -6.90880012512207 10.4557065963745
  endloop
endfacet
facet normal 3.81888308919801e-031 -1.0 4.25065222109759e-031
  outer loop
    vertex 1.29989063739777 -6.90880012512207 10.4557065963745
    vertex 4.40357494354248 -6.90880012512207 10.5543928146362
    vertex 1.11210453510284 -6.90880012512207 10.4773435592651
  endloop
endfacet
facet normal 3.81888308919801e-031 -1.0 4.25065222109759e-031
  outer loop
    vertex 1.11210453510284 -6.90880012512207 10.4773435592651
    vertex 4.40357494354248 -6.90880012512207 10.5543928146362
    vertex 0.923960506916046 -6.90880012512207 10.4956092834473
  endloop
endfacet
facet normal 3.81888308919801e-031 -1.0 4.25065222109759e-031
  outer loop
    vertex 0.923960506916046 -6.90880012512207 10.4956092834473
    vertex 4.40357494354248 -6.90880012512207 10.5543928146362
    vertex 0.735519051551819 -6.90880012512207 10.5104961395264
  endloop
endfacet
facet normal 3.81888308919801e-031 -1.0 4.25065222109759e-031
  outer loop
    vertex 0.735519051551819 -6.90880012512207 10.5104961395264
    vertex 4.40357494354248 -6.90880012512207 10.5543928146362
    vertex 0.546840906143188 -6.90880012512207 10.5219993591309
  endloop
endfacet
facet normal 3.81888308919801e-031 -1.0 4.25065222109759e-031
  outer loop
    vertex 0.546840906143188 -6.90880012512207 10.5219993591309
    vertex 4.40357494354248 -6.90880012512207 10.5543928146362
    vertex 0.357986688613892 -6.90880012512207 10.5301170349121
  endloop
endfacet
facet normal 3.81888308919801e-031 -1.0 4.25065222109759e-031
  outer loop
    vertex 0.357986688613892 -6.90880012512207 10.5301170349121
    vertex 4.40357494354248 -6.90880012512207 10.5543928146362
    vertex 0.169017240405083 -6.90880012512207 10.5348443984985
  endloop
endfacet
facet normal 3.81888308919801e-031 -1.0 4.25065222109759e-031
  outer loop
    vertex 0.169017240405083 -6.90880012512207 10.5348443984985
    vertex 4.40357494354248 -6.90880012512207 10.5543928146362
    vertex -0.0200065914541483 -6.90880012512207 10.5361814498901
  endloop
endfacet
facet normal 3.81888308919801e-031 -1.0 4.25065222109759e-031
  outer loop
    vertex -4.3996057510376 -6.90880012512207 -10.5560474395752
    vertex -0.189020961523056 -6.90880012512207 -10.5345039367676
    vertex -4.58018779754639 -6.90880012512207 -10.4789571762085
  endloop
endfacet
facet normal 3.81888308919801e-031 -1.0 4.25065222109759e-031
  outer loop
    vertex -0.189020961523056 -6.90880012512207 -10.5345039367676
    vertex -4.3996057510376 -6.90880012512207 -10.5560474395752
    vertex 0.0 -6.90880012512207 -10.5361995697021
  endloop
endfacet
facet normal 3.81888308919801e-031 -1.0 4.25065222109759e-031
  outer loop
    vertex 0.0 -6.90880012512207 -10.5361995697021
    vertex -4.3996057510376 -6.90880012512207 -10.5560474395752
    vertex 22.6012001037598 -6.90880012512207 -10.5361995697021
  endloop
endfacet
facet normal 3.81888308919801e-031 -1.0 4.25065222109759e-031
  outer loop
    vertex -4.58018779754639 -6.90880012512207 -10.4789571762085
    vertex -0.189020961523056 -6.90880012512207 -10.5345039367676
    vertex -0.377981066703796 -6.90880012512207 -10.5294179916382
  endloop
endfacet
facet normal 3.81888308919801e-031 -1.0 4.25065222109759e-031
  outer loop
    vertex -4.58018779754639 -6.90880012512207 -10.4789571762085
    vertex -0.377981066703796 -6.90880012512207 -10.5294179916382
    vertex -0.566819548606873 -6.90880012512207 -10.5209426879883
  endloop
endfacet
facet normal 3.81888308919801e-031 -1.0 4.25065222109759e-031
  outer loop
    vertex -4.58018779754639 -6.90880012512207 -10.4789571762085
    vertex -0.566819548606873 -6.90880012512207 -10.5209426879883
    vertex -0.755475521087646 -6.90880012512207 -10.5090799331665
  endloop
endfacet
facet normal 3.81888308919801e-031 -1.0 4.25065222109759e-031
  outer loop
    vertex -4.58018779754639 -6.90880012512207 -10.4789571762085
    vertex -0.755475521087646 -6.90880012512207 -10.5090799331665
    vertex -0.943888366222381 -6.90880012512207 -10.4938354492188
  endloop
endfacet
facet normal 3.81888308919801e-031 -1.0 4.25065222109759e-031
  outer loop
    vertex -4.58018779754639 -6.90880012512207 -10.4789571762085
    vertex -0.943888366222381 -6.90880012512207 -10.4938354492188
    vertex -1.13199734687805 -6.90880012512207 -10.4752130508423
  endloop
endfacet
facet normal 3.81888308919801e-031 -1.0 4.25065222109759e-031
  outer loop
    vertex -4.58018779754639 -6.90880012512207 -10.4789571762085
    vertex -1.13199734687805 -6.90880012512207 -10.4752130508423
    vertex -4.75941944122314 -6.90880012512207 -10.3987789154053
  endloop
endfacet
facet normal 3.81888308919801e-031 -1.0 4.25065222109759e-031
  outer loop
    vertex -4.75941944122314 -6.90880012512207 -10.3987789154053
    vertex -1.13199734687805 -6.90880012512207 -10.4752130508423
    vertex -1.3197420835495 -6.90880012512207 -10.4532194137573
  endloop
endfacet
facet normal 3.81888308919801e-031 -1.0 4.25065222109759e-031
  outer loop
    vertex -4.75941944122314 -6.90880012512207 -10.3987789154053
    vertex -1.3197420835495 -6.90880012512207 -10.4532194137573
    vertex -1.50706195831299 -6.90880012512207 -10.4278602600098
  endloop
endfacet
facet normal 3.81888308919801e-031 -1.0 4.25065222109759e-031
  outer loop
    vertex -4.75941944122314 -6.90880012512207 -10.3987789154053
    vertex -1.50706195831299 -6.90880012512207 -10.4278602600098
    vertex -1.69389677047729 -6.90880012512207 -10.3991451263428
  endloop
endfacet
facet normal 3.81888308919801e-031 -1.0 4.25065222109759e-031
  outer loop
    vertex -4.75941944122314 -6.90880012512207 -10.3987789154053
    vertex -1.69389677047729 -6.90880012512207 -10.3991451263428
    vertex -1.8801863193512 -6.90880012512207 -10.3670825958252
  endloop
endfacet
facet normal 3.81888308919801e-031 -1.0 4.25065222109759e-031
  outer loop
    vertex -4.75941944122314 -6.90880012512207 -10.3987789154053
    vertex -1.8801863193512 -6.90880012512207 -10.3670825958252
    vertex -4.93724822998047 -6.90880012512207 -10.3155345916748
  endloop
endfacet
facet normal 3.81888308919801e-031 -1.0 4.25065222109759e-031
  outer loop
    vertex -4.93724822998047 -6.90880012512207 -10.3155345916748
    vertex -1.8801863193512 -6.90880012512207 -10.3670825958252
    vertex -2.06587076187134 -6.90880012512207 -10.3316841125488
  endloop
endfacet
facet normal 3.81888308919801e-031 -1.0 4.25065222109759e-031
  outer loop
    vertex -4.93724822998047 -6.90880012512207 -10.3155345916748
    vertex -2.06587076187134 -6.90880012512207 -10.3316841125488
    vertex -2.25089001655579 -6.90880012512207 -10.2929592132568
  endloop
endfacet
facet normal 3.81888308919801e-031 -1.0 4.25065222109759e-031
  outer loop
    vertex -4.93724822998047 -6.90880012512207 -10.3155345916748
    vertex -2.25089001655579 -6.90880012512207 -10.2929592132568
    vertex -5.11362171173096 -6.90880012512207 -10.2292499542236
  endloop
endfacet
facet normal 3.81888308919801e-031 -1.0 4.25065222109759e-031
  outer loop
    vertex -5.11362171173096 -6.90880012512207 -10.2292499542236
    vertex -2.25089001655579 -6.90880012512207 -10.2929592132568
    vertex -2.43518495559692 -6.90880012512207 -10.2509212493896
  endloop
endfacet
facet normal 3.81888308919801e-031 -1.0 4.25065222109759e-031
  outer loop
    vertex -5.11362171173096 -6.90880012512207 -10.2292499542236
    vertex -2.43518495559692 -6.90880012512207 -10.2509212493896
    vertex -2.61869621276855 -6.90880012512207 -10.2055835723877
  endloop
endfacet
facet normal 3.81888308919801e-031 -1.0 4.25065222109759e-031
  outer loop
    vertex -5.11362171173096 -6.90880012512207 -10.2292499542236
    vertex -2.61869621276855 -6.90880012512207 -10.2055835723877
    vertex -5.28848743438721 -6.90880012512207 -10.1399488449097
  endloop
endfacet
facet normal 3.81888308919801e-031 -1.0 4.25065222109759e-031
  outer loop
    vertex -5.28848743438721 -6.90880012512207 -10.1399488449097
    vertex -2.61869621276855 -6.90880012512207 -10.2055835723877
    vertex -2.80136442184448 -6.90880012512207 -10.15696144104
  endloop
endfacet
facet normal 3.81888308919801e-031 -1.0 4.25065222109759e-031
  outer loop
    vertex -5.28848743438721 -6.90880012512207 -10.1399488449097
    vertex -2.80136442184448 -6.90880012512207 -10.15696144104
    vertex -2.98313093185425 -6.90880012512207 -10.1050701141357
  endloop
endfacet
facet normal 3.81888308919801e-031 -1.0 4.25065222109759e-031
  outer loop
    vertex -5.28848743438721 -6.90880012512207 -10.1399488449097
    vertex -2.98313093185425 -6.90880012512207 -10.1050701141357
    vertex -5.46179485321045 -6.90880012512207 -10.0476598739624
  endloop
endfacet
facet normal 3.81888308919801e-031 -1.0 4.25065222109759e-031
  outer loop
    vertex -5.46179485321045 -6.90880012512207 -10.0476598739624
    vertex -2.98313093185425 -6.90880012512207 -10.1050701141357
    vertex -3.16393709182739 -6.90880012512207 -10.0499258041382
  endloop
endfacet
facet normal 3.81888308919801e-031 -1.0 4.25065222109759e-031
  outer loop
    vertex -5.46179485321045 -6.90880012512207 -10.0476598739624
    vertex -3.16393709182739 -6.90880012512207 -10.0499258041382
    vertex -3.34372520446777 -6.90880012512207 -9.99154663085938
  endloop
endfacet
facet normal 3.81888308919801e-031 -1.0 4.25065222109759e-031
  outer loop
    vertex -5.46179485321045 -6.90880012512207 -10.0476598739624
    vertex -3.34372520446777 -6.90880012512207 -9.99154663085938
    vertex -5.63349151611328 -6.90880012512207 -9.95240879058838
  endloop
endfacet
facet normal 3.81888308919801e-031 -1.0 4.25065222109759e-031
  outer loop
    vertex -5.63349151611328 -6.90880012512207 -9.95240879058838
    vertex -3.34372520446777 -6.90880012512207 -9.99154663085938
    vertex -3.52243685722351 -6.90880012512207 -9.92995262145996
  endloop
endfacet
facet normal 3.81888308919801e-031 -1.0 4.25065222109759e-031
  outer loop
    vertex -5.63349151611328 -6.90880012512207 -9.95240879058838
    vertex -3.52243685722351 -6.90880012512207 -9.92995262145996
    vertex -5.80352830886841 -6.90880012512207 -9.85422420501709
  endloop
endfacet
facet normal 3.81888308919801e-031 -1.0 4.25065222109759e-031
  outer loop
    vertex -5.80352830886841 -6.90880012512207 -9.85422420501709
    vertex -3.52243685722351 -6.90880012512207 -9.92995262145996
    vertex -3.70001459121704 -6.90880012512207 -9.86516094207764
  endloop
endfacet
facet normal 3.81888308919801e-031 -1.0 4.25065222109759e-031
  outer loop
    vertex -5.80352830886841 -6.90880012512207 -9.85422420501709
    vertex -3.70001459121704 -6.90880012512207 -9.86516094207764
    vertex -3.87640166282654 -6.90880012512207 -9.797194480896
  endloop
endfacet
facet normal 3.81888308919801e-031 -1.0 4.25065222109759e-031
  outer loop
    vertex -5.80352830886841 -6.90880012512207 -9.85422420501709
    vertex -3.87640166282654 -6.90880012512207 -9.797194480896
    vertex -5.97185373306274 -6.90880012512207 -9.75313472747803
  endloop
endfacet
facet normal 3.81888308919801e-031 -1.0 4.25065222109759e-031
  outer loop
    vertex -5.97185373306274 -6.90880012512207 -9.75313472747803
    vertex -3.87640166282654 -6.90880012512207 -9.797194480896
    vertex -4.05154085159302 -6.90880012512207 -9.72607421875
  endloop
endfacet
facet normal 3.81888308919801e-031 -1.0 4.25065222109759e-031
  outer loop
    vertex -5.97185373306274 -6.90880012512207 -9.75313472747803
    vertex -4.05154085159302 -6.90880012512207 -9.72607421875
    vertex -6.13841915130615 -6.90880012512207 -9.649169921875
  endloop
endfacet
facet normal 3.81888308919801e-031 -1.0 4.25065222109759e-031
  outer loop
    vertex -6.13841915130615 -6.90880012512207 -9.649169921875
    vertex -4.05154085159302 -6.90880012512207 -9.72607421875
    vertex -4.22537612915039 -6.90880012512207 -9.65182399749756
  endloop
endfacet
facet normal 3.81888308919801e-031 -1.0 4.25065222109759e-031
  outer loop
    vertex -6.13841915130615 -6.90880012512207 -9.649169921875
    vertex -4.22537612915039 -6.90880012512207 -9.65182399749756
    vertex -4.39785099029541 -6.90880012512207 -9.57446670532227
  endloop
endfacet
facet normal 3.81888308919801e-031 -1.0 4.25065222109759e-031
  outer loop
    vertex -6.13841915130615 -6.90880012512207 -9.649169921875
    vertex -4.39785099029541 -6.90880012512207 -9.57446670532227
    vertex -6.30317544937134 -6.90880012512207 -9.54236125946045
  endloop
endfacet
facet normal 3.81888308919801e-031 -1.0 4.25065222109759e-031
  outer loop
    vertex -6.30317544937134 -6.90880012512207 -9.54236125946045
    vertex -4.39785099029541 -6.90880012512207 -9.57446670532227
    vertex -4.56891059875488 -6.90880012512207 -9.49402809143066
  endloop
endfacet
facet normal 3.81888308919801e-031 -1.0 4.25065222109759e-031
  outer loop
    vertex -6.30317544937134 -6.90880012512207 -9.54236125946045
    vertex -4.56891059875488 -6.90880012512207 -9.49402809143066
    vertex -6.46607303619385 -6.90880012512207 -9.4327392578125
  endloop
endfacet
facet normal 3.81888308919801e-031 -1.0 4.25065222109759e-031
  outer loop
    vertex -6.46607303619385 -6.90880012512207 -9.4327392578125
    vertex -4.56891059875488 -6.90880012512207 -9.49402809143066
    vertex -4.73849964141846 -6.90880012512207 -9.41053295135498
  endloop
endfacet
facet normal 3.81888308919801e-031 -1.0 4.25065222109759e-031
  outer loop
    vertex -6.46607303619385 -6.90880012512207 -9.4327392578125
    vertex -4.73849964141846 -6.90880012512207 -9.41053295135498
    vertex -6.62706518173218 -6.90880012512207 -9.32033729553222
  endloop
endfacet
facet normal 3.81888308919801e-031 -1.0 4.25065222109759e-031
  outer loop
    vertex -6.62706518173218 -6.90880012512207 -9.32033729553222
    vertex -4.73849964141846 -6.90880012512207 -9.41053295135498
    vertex -4.90656328201294 -6.90880012512207 -9.32400894165039
  endloop
endfacet
facet normal 3.81888308919801e-031 -1.0 4.25065222109759e-031
  outer loop
    vertex -6.62706518173218 -6.90880012512207 -9.32033729553222
    vertex -4.90656328201294 -6.90880012512207 -9.32400894165039
    vertex -5.07304763793945 -6.90880012512207 -9.23448371887207
  endloop
endfacet
facet normal 3.81888308919801e-031 -1.0 4.25065222109759e-031
  outer loop
    vertex -6.62706518173218 -6.90880012512207 -9.32033729553222
    vertex -5.07304763793945 -6.90880012512207 -9.23448371887207
    vertex -6.78610324859619 -6.90880012512207 -9.20518684387207
  endloop
endfacet
facet normal 3.81888308919801e-031 -1.0 4.25065222109759e-031
  outer loop
    vertex -6.78610324859619 -6.90880012512207 -9.20518684387207
    vertex -5.07304763793945 -6.90880012512207 -9.23448371887207
    vertex -5.23789930343628 -6.90880012512207 -9.14198684692383
  endloop
endfacet
facet normal 3.81888308919801e-031 -1.0 4.25065222109759e-031
  outer loop
    vertex -6.78610324859619 -6.90880012512207 -9.20518684387207
    vertex -5.23789930343628 -6.90880012512207 -9.14198684692383
    vertex -6.9431414604187 -6.90880012512207 -9.08732414245605
  endloop
endfacet
facet normal 3.81888308919801e-031 -1.0 4.25065222109759e-031
  outer loop
    vertex -6.9431414604187 -6.90880012512207 -9.08732414245605
    vertex -5.23789930343628 -6.90880012512207 -9.14198684692383
    vertex -5.4010648727417 -6.90880012512207 -9.04654693603516
  endloop
endfacet
facet normal 3.81888308919801e-031 -1.0 4.25065222109759e-031
  outer loop
    vertex -6.9431414604187 -6.90880012512207 -9.08732414245605
    vertex -5.4010648727417 -6.90880012512207 -9.04654693603516
    vertex -7.09813261032104 -6.90880012512207 -8.96678256988525
  endloop
endfacet
facet normal 3.81888308919801e-031 -1.0 4.25065222109759e-031
  outer loop
    vertex -7.09813261032104 -6.90880012512207 -8.96678256988525
    vertex -5.4010648727417 -6.90880012512207 -9.04654693603516
    vertex -5.56249189376831 -6.90880012512207 -8.94819450378418
  endloop
endfacet
facet normal 3.81888308919801e-031 -1.0 4.25065222109759e-031
  outer loop
    vertex -7.09813261032104 -6.90880012512207 -8.96678256988525
    vertex -5.56249189376831 -6.90880012512207 -8.94819450378418
    vertex -7.25103187561035 -6.90880012512207 -8.84359741210938
  endloop
endfacet
facet normal 3.81888308919801e-031 -1.0 4.25065222109759e-031
  outer loop
    vertex -7.25103187561035 -6.90880012512207 -8.84359741210938
    vertex -5.56249189376831 -6.90880012512207 -8.94819450378418
    vertex -5.72212886810303 -6.90880012512207 -8.84696292877197
  endloop
endfacet
facet normal 3.81888308919801e-031 -1.0 4.25065222109759e-031
  outer loop
    vertex -7.25103187561035 -6.90880012512207 -8.84359741210938
    vertex -5.72212886810303 -6.90880012512207 -8.84696292877197
    vertex -5.87992334365845 -6.90880012512207 -8.74288368225098
  endloop
endfacet
facet normal 3.81888308919801e-031 -1.0 4.25065222109759e-031
  outer loop
    vertex -7.25103187561035 -6.90880012512207 -8.84359741210938
    vertex -5.87992334365845 -6.90880012512207 -8.74288368225098
    vertex -7.40179347991943 -6.90880012512207 -8.71780490875244
  endloop
endfacet
facet normal 3.81888308919801e-031 -1.0 4.25065222109759e-031
  outer loop
    vertex -7.40179347991943 -6.90880012512207 -8.71780490875244
    vertex -5.87992334365845 -6.90880012512207 -8.74288368225098
    vertex -6.03582572937012 -6.90880012512207 -8.63598918914795
  endloop
endfacet
facet normal 3.81888308919801e-031 -1.0 4.25065222109759e-031
  outer loop
    vertex -7.40179347991943 -6.90880012512207 -8.71780490875244
    vertex -6.03582572937012 -6.90880012512207 -8.63598918914795
    vertex -7.55037307739258 -6.90880012512207 -8.58944320678711
  endloop
endfacet
facet normal 3.81888308919801e-031 -1.0 4.25065222109759e-031
  outer loop
    vertex -7.55037307739258 -6.90880012512207 -8.58944320678711
    vertex -6.03582572937012 -6.90880012512207 -8.63598918914795
    vertex -6.18978548049927 -6.90880012512207 -8.52631568908691
  endloop
endfacet
facet normal 3.81888308919801e-031 -1.0 4.25065222109759e-031
  outer loop
    vertex -7.55037307739258 -6.90880012512207 -8.58944320678711
    vertex -6.18978548049927 -6.90880012512207 -8.52631568908691
    vertex -7.69672679901123 -6.90880012512207 -8.45854949951172
  endloop
endfacet
facet normal 3.81888308919801e-031 -1.0 4.25065222109759e-031
  outer loop
    vertex -7.69672679901123 -6.90880012512207 -8.45854949951172
    vertex -6.18978548049927 -6.90880012512207 -8.52631568908691
    vertex -6.34175252914429 -6.90880012512207 -8.41389846801758
  endloop
endfacet
facet normal 3.81888308919801e-031 -1.0 4.25065222109759e-031
  outer loop
    vertex -7.69672679901123 -6.90880012512207 -8.45854949951172
    vertex -6.34175252914429 -6.90880012512207 -8.41389846801758
    vertex -7.84081220626831 -6.90880012512207 -8.32516288757324
  endloop
endfacet
facet normal 3.81888308919801e-031 -1.0 4.25065222109759e-031
  outer loop
    vertex -7.84081220626831 -6.90880012512207 -8.32516288757324
    vertex -6.34175252914429 -6.90880012512207 -8.41389846801758
    vertex -6.4916787147522 -6.90880012512207 -8.29877185821533
  endloop
endfacet
facet normal 3.81888308919801e-031 -1.0 4.25065222109759e-031
  outer loop
    vertex -7.84081220626831 -6.90880012512207 -8.32516288757324
    vertex -6.4916787147522 -6.90880012512207 -8.29877185821533
    vertex -7.98258638381958 -6.90880012512207 -8.18932151794434
  endloop
endfacet
facet normal 3.81888308919801e-031 -1.0 4.25065222109759e-031
  outer loop
    vertex -7.98258638381958 -6.90880012512207 -8.18932151794434
    vertex -6.4916787147522 -6.90880012512207 -8.29877185821533
    vertex -6.6395149230957 -6.90880012512207 -8.18097496032715
  endloop
endfacet
facet normal 3.81888308919801e-031 -1.0 4.25065222109759e-031
  outer loop
    vertex -7.98258638381958 -6.90880012512207 -8.18932151794434
    vertex -6.6395149230957 -6.90880012512207 -8.18097496032715
    vertex -8.12200736999512 -6.90880012512207 -8.05106639862061
  endloop
endfacet
facet normal 3.81888308919801e-031 -1.0 4.25065222109759e-031
  outer loop
    vertex -8.12200736999512 -6.90880012512207 -8.05106639862061
    vertex -6.6395149230957 -6.90880012512207 -8.18097496032715
    vertex -6.7852144241333 -6.90880012512207 -8.06054496765137
  endloop
endfacet
facet normal 3.81888308919801e-031 -1.0 4.25065222109759e-031
  outer loop
    vertex -8.12200736999512 -6.90880012512207 -8.05106639862061
    vertex -6.7852144241333 -6.90880012512207 -8.06054496765137
    vertex -6.92872953414917 -6.90880012512207 -7.93751955032349
  endloop
endfacet
facet normal 3.81888308919801e-031 -1.0 4.25065222109759e-031
  outer loop
    vertex -8.12200736999512 -6.90880012512207 -8.05106639862061
    vertex -6.92872953414917 -6.90880012512207 -7.93751955032349
    vertex -8.25903415679931 -6.90880012512207 -7.9104380607605
  endloop
endfacet
facet normal 3.81888308919801e-031 -1.0 4.25065222109759e-031
  outer loop
    vertex -8.25903415679931 -6.90880012512207 -7.9104380607605
    vertex -6.92872953414917 -6.90880012512207 -7.93751955032349
    vertex -7.07001495361328 -6.90880012512207 -7.81193971633911
  endloop
endfacet
facet normal 3.81888308919801e-031 -1.0 4.25065222109759e-031
  outer loop
    vertex -8.25903415679931 -6.90880012512207 -7.9104380607605
    vertex -7.07001495361328 -6.90880012512207 -7.81193971633911
    vertex -8.39362621307373 -6.90880012512207 -7.76747798919678
  endloop
endfacet
facet normal 3.81888308919801e-031 -1.0 4.25065222109759e-031
  outer loop
    vertex -8.39362621307373 -6.90880012512207 -7.76747798919678
    vertex -7.07001495361328 -6.90880012512207 -7.81193971633911
    vertex -7.20902442932129 -6.90880012512207 -7.68384552001953
  endloop
endfacet
facet normal 3.81888308919801e-031 -1.0 4.25065222109759e-031
  outer loop
    vertex -8.39362621307373 -6.90880012512207 -7.76747798919678
    vertex -7.20902442932129 -6.90880012512207 -7.68384552001953
    vertex -8.52574348449707 -6.90880012512207 -7.62222814559936
  endloop
endfacet
facet normal 3.81888308919801e-031 -1.0 4.25065222109759e-031
  outer loop
    vertex -8.52574348449707 -6.90880012512207 -7.62222814559936
    vertex -7.20902442932129 -6.90880012512207 -7.68384552001953
    vertex -7.34571313858032 -6.90880012512207 -7.55327796936035
  endloop
endfacet
facet normal 3.81888308919801e-031 -1.0 4.25065222109759e-031
  outer loop
    vertex -8.52574348449707 -6.90880012512207 -7.62222814559936
    vertex -7.34571313858032 -6.90880012512207 -7.55327796936035
    vertex -8.655348777771 -6.90880012512207 -7.4747314453125
  endloop
endfacet
facet normal 3.81888308919801e-031 -1.0 4.25065222109759e-031
  outer loop
    vertex -8.655348777771 -6.90880012512207 -7.4747314453125
    vertex -7.34571313858032 -6.90880012512207 -7.55327796936035
    vertex -7.48003816604614 -6.90880012512207 -7.42027902603149
  endloop
endfacet
facet normal 3.81888308919801e-031 -1.0 4.25065222109759e-031
  outer loop
    vertex -8.655348777771 -6.90880012512207 -7.4747314453125
    vertex -7.48003816604614 -6.90880012512207 -7.42027902603149
    vertex -8.78240203857422 -6.90880012512207 -7.32503128051758
  endloop
endfacet
facet normal 3.81888308919801e-031 -1.0 4.25065222109759e-031
  outer loop
    vertex -8.78240203857422 -6.90880012512207 -7.32503128051758
    vertex -7.48003816604614 -6.90880012512207 -7.42027902603149
    vertex -7.61195516586304 -6.90880012512207 -7.28489208221436
  endloop
endfacet
facet normal 3.81888308919801e-031 -1.0 4.25065222109759e-031
  outer loop
    vertex -8.78240203857422 -6.90880012512207 -7.32503128051758
    vertex -7.61195516586304 -6.90880012512207 -7.28489208221436
    vertex -8.90686702728271 -6.90880012512207 -7.17317199707031
  endloop
endfacet
facet normal 3.81888308919801e-031 -1.0 4.25065222109759e-031
  outer loop
    vertex -8.90686702728271 -6.90880012512207 -7.17317199707031
    vertex -7.61195516586304 -6.90880012512207 -7.28489208221436
    vertex -7.74142217636108 -6.90880012512207 -7.14716005325317
  endloop
endfacet
facet normal 3.81888308919801e-031 -1.0 4.25065222109759e-031
  outer loop
    vertex -8.90686702728271 -6.90880012512207 -7.17317199707031
    vertex -7.74142217636108 -6.90880012512207 -7.14716005325317
    vertex -9.02870559692383 -6.90880012512207 -7.01919841766357
  endloop
endfacet
facet normal 3.81888308919801e-031 -1.0 4.25065222109759e-031
  outer loop
    vertex -9.02870559692383 -6.90880012512207 -7.01919841766357
    vertex -7.74142217636108 -6.90880012512207 -7.14716005325317
    vertex -7.86839723587036 -6.90880012512207 -7.00712728500366
  endloop
endfacet
facet normal 3.81888308919801e-031 -1.0 4.25065222109759e-031
  outer loop
    vertex -9.02870559692383 -6.90880012512207 -7.01919841766357
    vertex -7.86839723587036 -6.90880012512207 -7.00712728500366
    vertex -9.14788341522217 -6.90880012512207 -6.86315536499023
  endloop
endfacet
facet normal 3.81888308919801e-031 -1.0 4.25065222109759e-031
  outer loop
    vertex -9.14788341522217 -6.90880012512207 -6.86315536499023
    vertex -7.86839723587036 -6.90880012512207 -7.00712728500366
    vertex -7.99283981323242 -6.90880012512207 -6.86483955383301
  endloop
endfacet
facet normal 3.81888308919801e-031 -1.0 4.25065222109759e-031
  outer loop
    vertex -9.14788341522217 -6.90880012512207 -6.86315536499023
    vertex -7.99283981323242 -6.90880012512207 -6.86483955383301
    vertex -8.11470985412598 -6.90880012512207 -6.72034215927124
  endloop
endfacet
facet normal 3.81888308919801e-031 -1.0 4.25065222109759e-031
  outer loop
    vertex -9.14788341522217 -6.90880012512207 -6.86315536499023
    vertex -8.11470985412598 -6.90880012512207 -6.72034215927124
    vertex -9.26436424255371 -6.90880012512207 -6.7050895690918
  endloop
endfacet
facet normal 3.81888308919801e-031 -1.0 4.25065222109759e-031
  outer loop
    vertex -9.26436424255371 -6.90880012512207 -6.7050895690918
    vertex -8.11470985412598 -6.90880012512207 -6.72034215927124
    vertex -8.23396778106689 -6.90880012512207 -6.5736813545227
  endloop
endfacet
facet normal 3.81888308919801e-031 -1.0 4.25065222109759e-031
  outer loop
    vertex -9.26436424255371 -6.90880012512207 -6.7050895690918
    vertex -8.23396778106689 -6.90880012512207 -6.5736813545227
    vertex -9.37811470031738 -6.90880012512207 -6.54504728317261
  endloop
endfacet
facet normal 3.81888308919801e-031 -1.0 4.25065222109759e-031
  outer loop
    vertex -9.37811470031738 -6.90880012512207 -6.54504728317261
    vertex -8.23396778106689 -6.90880012512207 -6.5736813545227
    vertex -8.35057544708252 -6.90880012512207 -6.42490482330322
  endloop
endfacet
facet normal 3.81888308919801e-031 -1.0 4.25065222109759e-031
  outer loop
    vertex -9.37811470031738 -6.90880012512207 -6.54504728317261
    vertex -8.35057544708252 -6.90880012512207 -6.42490482330322
    vertex -9.48909950256348 -6.90880012512207 -6.38307571411133
  endloop
endfacet
facet normal 3.81888308919801e-031 -1.0 4.25065222109759e-031
  outer loop
    vertex -9.48909950256348 -6.90880012512207 -6.38307571411133
    vertex -8.35057544708252 -6.90880012512207 -6.42490482330322
    vertex -8.4644947052002 -6.90880012512207 -6.27406024932861
  endloop
endfacet
facet normal 3.81888308919801e-031 -1.0 4.25065222109759e-031
  outer loop
    vertex -9.48909950256348 -6.90880012512207 -6.38307571411133
    vertex -8.4644947052002 -6.90880012512207 -6.27406024932861
    vertex -9.59728813171387 -6.90880012512207 -6.21922206878662
  endloop
endfacet
facet normal 3.81888308919801e-031 -1.0 4.25065222109759e-031
  outer loop
    vertex -9.59728813171387 -6.90880012512207 -6.21922206878662
    vertex -8.4644947052002 -6.90880012512207 -6.27406024932861
    vertex -8.57569026947021 -6.90880012512207 -6.12119626998901
  endloop
endfacet
facet normal 3.81888308919801e-031 -1.0 4.25065222109759e-031
  outer loop
    vertex -9.59728813171387 -6.90880012512207 -6.21922206878662
    vertex -8.57569026947021 -6.90880012512207 -6.12119626998901
    vertex -9.7026481628418 -6.90880012512207 -6.05353546142578
  endloop
endfacet
facet normal 3.81888308919801e-031 -1.0 4.25065222109759e-031
  outer loop
    vertex -9.7026481628418 -6.90880012512207 -6.05353546142578
    vertex -8.57569026947021 -6.90880012512207 -6.12119626998901
    vertex -8.68412590026855 -6.90880012512207 -5.96636199951172
  endloop
endfacet
facet normal 3.81888308919801e-031 -1.0 4.25065222109759e-031
  outer loop
    vertex -9.7026481628418 -6.90880012512207 -6.05353546142578
    vertex -8.68412590026855 -6.90880012512207 -5.96636199951172
    vertex -9.80514717102051 -6.90880012512207 -5.88606452941894
  endloop
endfacet
facet normal 3.81888308919801e-031 -1.0 4.25065222109759e-031
  outer loop
    vertex -9.80514717102051 -6.90880012512207 -5.88606452941894
    vertex -8.68412590026855 -6.90880012512207 -5.96636199951172
    vertex -8.78976535797119 -6.90880012512207 -5.80960750579834
  endloop
endfacet
facet normal 3.81888308919801e-031 -1.0 4.25065222109759e-031
  outer loop
    vertex -9.80514717102051 -6.90880012512207 -5.88606452941894
    vertex -8.78976535797119 -6.90880012512207 -5.80960750579834
    vertex -9.90475654602051 -6.90880012512207 -5.71685838699341
  endloop
endfacet
facet normal 3.81888308919801e-031 -1.0 4.25065222109759e-031
  outer loop
    vertex -9.90475654602051 -6.90880012512207 -5.71685838699341
    vertex -8.78976535797119 -6.90880012512207 -5.80960750579834
    vertex -8.89257621765137 -6.90880012512207 -5.65098285675049
  endloop
endfacet
facet normal 3.81888308919801e-031 -1.0 4.25065222109759e-031
  outer loop
    vertex -9.90475654602051 -6.90880012512207 -5.71685838699341
    vertex -8.89257621765137 -6.90880012512207 -5.65098285675049
    vertex -10.0014457702637 -6.90880012512207 -5.54596710205078
  endloop
endfacet
facet normal 3.81888308919801e-031 -1.0 4.25065222109759e-031
  outer loop
    vertex -10.0014457702637 -6.90880012512207 -5.54596710205078
    vertex -8.89257621765137 -6.90880012512207 -5.65098285675049
    vertex -8.99252414703369 -6.90880012512207 -5.49053907394409
  endloop
endfacet
facet normal 3.81888308919801e-031 -1.0 4.25065222109759e-031
  outer loop
    vertex -10.0014457702637 -6.90880012512207 -5.54596710205078
    vertex -8.99252414703369 -6.90880012512207 -5.49053907394409
    vertex -10.0951871871948 -6.90880012512207 -5.37344121932983
  endloop
endfacet
facet normal 3.81888308919801e-031 -1.0 4.25065222109759e-031
  outer loop
    vertex -10.0951871871948 -6.90880012512207 -5.37344121932983
    vertex -8.99252414703369 -6.90880012512207 -5.49053907394409
    vertex -9.08957767486572 -6.90880012512207 -5.32832813262939
  endloop
endfacet
facet normal 3.81888308919801e-031 -1.0 4.25065222109759e-031
  outer loop
    vertex -10.0951871871948 -6.90880012512207 -5.37344121932983
    vertex -9.08957767486572 -6.90880012512207 -5.32832813262939
    vertex -10.1859521865845 -6.90880012512207 -5.19933128356934
  endloop
endfacet
facet normal 3.81888308919801e-031 -1.0 4.25065222109759e-031
  outer loop
    vertex -10.1859521865845 -6.90880012512207 -5.19933128356934
    vertex -9.08957767486572 -6.90880012512207 -5.32832813262939
    vertex -9.18370628356933 -6.90880012512207 -5.1644024848938
  endloop
endfacet
facet normal 3.81888308919801e-031 -1.0 4.25065222109759e-031
  outer loop
    vertex -10.1859521865845 -6.90880012512207 -5.19933128356934
    vertex -9.18370628356933 -6.90880012512207 -5.1644024848938
    vertex -10.2737150192261 -6.90880012512207 -5.02368831634521
  endloop
endfacet
facet normal 3.81888308919801e-031 -1.0 4.25065222109759e-031
  outer loop
    vertex -10.2737150192261 -6.90880012512207 -5.02368831634521
    vertex -9.18370628356933 -6.90880012512207 -5.1644024848938
    vertex -9.27487850189209 -6.90880012512207 -4.99881410598755
  endloop
endfacet
facet normal 3.81888308919801e-031 -1.0 4.25065222109759e-031
  outer loop
    vertex -10.2737150192261 -6.90880012512207 -5.02368831634521
    vertex -9.27487850189209 -6.90880012512207 -4.99881410598755
    vertex -10.3584499359131 -6.90880012512207 -4.84656524658203
  endloop
endfacet
facet normal 3.81888308919801e-031 -1.0 4.25065222109759e-031
  outer loop
    vertex -10.3584499359131 -6.90880012512207 -4.84656524658203
    vertex -9.27487850189209 -6.90880012512207 -4.99881410598755
    vertex -9.36306476593018 -6.90880012512207 -4.83161735534668
  endloop
endfacet
facet normal 3.81888308919801e-031 -1.0 4.25065222109759e-031
  outer loop
    vertex -10.3584499359131 -6.90880012512207 -4.84656524658203
    vertex -9.36306476593018 -6.90880012512207 -4.83161735534668
    vertex -10.4401302337646 -6.90880012512207 -4.66801261901855
  endloop
endfacet
facet normal 3.81888308919801e-031 -1.0 4.25065222109759e-031
  outer loop
    vertex -10.4401302337646 -6.90880012512207 -4.66801261901855
    vertex -9.36306476593018 -6.90880012512207 -4.83161735534668
    vertex -9.44823837280273 -6.90880012512207 -4.66286468505859
  endloop
endfacet
facet normal 3.81888308919801e-031 -1.0 4.25065222109759e-031
  outer loop
    vertex -10.4401302337646 -6.90880012512207 -4.66801261901855
    vertex -9.44823837280273 -6.90880012512207 -4.66286468505859
    vertex -10.5187339782715 -6.90880012512207 -4.48808479309082
  endloop
endfacet
facet normal 3.81888308919801e-031 -1.0 4.25065222109759e-031
  outer loop
    vertex -10.5187339782715 -6.90880012512207 -4.48808479309082
    vertex -9.44823837280273 -6.90880012512207 -4.66286468505859
    vertex -9.53036975860596 -6.90880012512207 -4.49261140823364
  endloop
endfacet
facet normal 3.81888308919801e-031 -1.0 4.25065222109759e-031
  outer loop
    vertex -10.5187339782715 -6.90880012512207 -4.48808479309082
    vertex -9.53036975860596 -6.90880012512207 -4.49261140823364
    vertex -9.60943412780762 -6.90880012512207 -4.32091236114502
  endloop
endfacet
facet normal 3.81888308919801e-031 -1.0 4.25065222109759e-031
  outer loop
    vertex -10.5187339782715 -6.90880012512207 -4.48808479309082
    vertex -9.60943412780762 -6.90880012512207 -4.32091236114502
    vertex -10.5942373275757 -6.90880012512207 -4.30683326721191
  endloop
endfacet
facet normal 3.81888308919801e-031 -1.0 4.25065222109759e-031
  outer loop
    vertex -10.5942373275757 -6.90880012512207 -4.30683326721191
    vertex -9.60943412780762 -6.90880012512207 -4.32091236114502
    vertex -9.68540573120117 -6.90880012512207 -4.14782238006592
  endloop
endfacet
facet normal 3.81888308919801e-031 -1.0 4.25065222109759e-031
  outer loop
    vertex -10.5942373275757 -6.90880012512207 -4.30683326721191
    vertex -9.68540573120117 -6.90880012512207 -4.14782238006592
    vertex -10.6666164398193 -6.90880012512207 -4.12431287765503
  endloop
endfacet
facet normal 3.81888308919801e-031 -1.0 4.25065222109759e-031
  outer loop
    vertex -10.6666164398193 -6.90880012512207 -4.12431287765503
    vertex -9.68540573120117 -6.90880012512207 -4.14782238006592
    vertex -9.75825977325439 -6.90880012512207 -3.97339725494385
  endloop
endfacet
facet normal 3.81888308919801e-031 -1.0 4.25065222109759e-031
  outer loop
    vertex -10.6666164398193 -6.90880012512207 -4.12431287765503
    vertex -9.75825977325439 -6.90880012512207 -3.97339725494385
    vertex -10.7358522415161 -6.90880012512207 -3.94057631492615
  endloop
endfacet
facet normal 3.81888308919801e-031 -1.0 4.25065222109759e-031
  outer loop
    vertex -10.7358522415161 -6.90880012512207 -3.94057631492615
    vertex -9.75825977325439 -6.90880012512207 -3.97339725494385
    vertex -9.82797241210938 -6.90880012512207 -3.79769325256348
  endloop
endfacet
facet normal 3.81888308919801e-031 -1.0 4.25065222109759e-031
  outer loop
    vertex -10.7358522415161 -6.90880012512207 -3.94057631492615
    vertex -9.82797241210938 -6.90880012512207 -3.79769325256348
    vertex -10.8019237518311 -6.90880012512207 -3.75567841529846
  endloop
endfacet
facet normal 3.81888308919801e-031 -1.0 4.25065222109759e-031
  outer loop
    vertex -10.8019237518311 -6.90880012512207 -3.75567841529846
    vertex -9.82797241210938 -6.90880012512207 -3.79769325256348
    vertex -9.89452171325683 -6.90880012512207 -3.62076663970947
  endloop
endfacet
facet normal 3.81888308919801e-031 -1.0 4.25065222109759e-031
  outer loop
    vertex -10.8019237518311 -6.90880012512207 -3.75567841529846
    vertex -9.89452171325683 -6.90880012512207 -3.62076663970947
    vertex -10.8648099899292 -6.90880012512207 -3.56967329978943
  endloop
endfacet
facet normal 3.81888308919801e-031 -1.0 4.25065222109759e-031
  outer loop
    vertex -10.8648099899292 -6.90880012512207 -3.56967329978943
    vertex -9.89452171325683 -6.90880012512207 -3.62076663970947
    vertex -9.95788669586182 -6.90880012512207 -3.4426748752594
  endloop
endfacet
facet normal 3.81888308919801e-031 -1.0 4.25065222109759e-031
  outer loop
    vertex -10.8648099899292 -6.90880012512207 -3.56967329978943
    vertex -9.95788669586182 -6.90880012512207 -3.4426748752594
    vertex -10.9244947433472 -6.90880012512207 -3.38261580467224
  endloop
endfacet
facet normal 3.81888308919801e-031 -1.0 4.25065222109759e-031
  outer loop
    vertex -10.9244947433472 -6.90880012512207 -3.38261580467224
    vertex -9.95788669586182 -6.90880012512207 -3.4426748752594
    vertex -10.018045425415 -6.90880012512207 -3.26347494125366
  endloop
endfacet
facet normal 3.81888308919801e-031 -1.0 4.25065222109759e-031
  outer loop
    vertex -10.9244947433472 -6.90880012512207 -3.38261580467224
    vertex -10.018045425415 -6.90880012512207 -3.26347494125366
    vertex -10.9809579849243 -6.90880012512207 -3.19456148147583
  endloop
endfacet
facet normal 3.81888308919801e-031 -1.0 4.25065222109759e-031
  outer loop
    vertex -10.9809579849243 -6.90880012512207 -3.19456148147583
    vertex -10.018045425415 -6.90880012512207 -3.26347494125366
    vertex -10.0749807357788 -6.90880012512207 -3.0832245349884
  endloop
endfacet
facet normal 3.81888308919801e-031 -1.0 4.25065222109759e-031
  outer loop
    vertex -10.9809579849243 -6.90880012512207 -3.19456148147583
    vertex -10.0749807357788 -6.90880012512207 -3.0832245349884
    vertex -11.0341854095459 -6.90880012512207 -3.00556516647339
  endloop
endfacet
facet normal 3.81888308919801e-031 -1.0 4.25065222109759e-031
  outer loop
    vertex -11.0341854095459 -6.90880012512207 -3.00556516647339
    vertex -10.0749807357788 -6.90880012512207 -3.0832245349884
    vertex -10.1286725997925 -6.90880012512207 -2.90198159217834
  endloop
endfacet
facet normal 3.81888308919801e-031 -1.0 4.25065222109759e-031
  outer loop
    vertex -11.0341854095459 -6.90880012512207 -3.00556516647339
    vertex -10.1286725997925 -6.90880012512207 -2.90198159217834
    vertex -11.0841598510742 -6.90880012512207 -2.81568312644958
  endloop
endfacet
facet normal 3.81888308919801e-031 -1.0 4.25065222109759e-031
  outer loop
    vertex -11.0841598510742 -6.90880012512207 -2.81568312644958
    vertex -10.1286725997925 -6.90880012512207 -2.90198159217834
    vertex -10.1791048049927 -6.90880012512207 -2.71980476379395
  endloop
endfacet
facet normal 3.81888308919801e-031 -1.0 4.25065222109759e-031
  outer loop
    vertex -11.0841598510742 -6.90880012512207 -2.81568312644958
    vertex -10.1791048049927 -6.90880012512207 -2.71980476379395
    vertex -11.1308670043945 -6.90880012512207 -2.62497091293335
  endloop
endfacet
facet normal 3.81888308919801e-031 -1.0 4.25065222109759e-031
  outer loop
    vertex -11.1308670043945 -6.90880012512207 -2.62497091293335
    vertex -10.1791048049927 -6.90880012512207 -2.71980476379395
    vertex -10.2262601852417 -6.90880012512207 -2.53675246238708
  endloop
endfacet
facet normal 3.81888308919801e-031 -1.0 4.25065222109759e-031
  outer loop
    vertex -11.1308670043945 -6.90880012512207 -2.62497091293335
    vertex -10.2262601852417 -6.90880012512207 -2.53675246238708
    vertex -11.1742925643921 -6.90880012512207 -2.43348503112793
  endloop
endfacet
facet normal 3.81888308919801e-031 -1.0 4.25065222109759e-031
  outer loop
    vertex -11.1742925643921 -6.90880012512207 -2.43348503112793
    vertex -10.2262601852417 -6.90880012512207 -2.53675246238708
    vertex -10.2701244354248 -6.90880012512207 -2.3528835773468
  endloop
endfacet
facet normal 3.81888308919801e-031 -1.0 4.25065222109759e-031
  outer loop
    vertex -11.1742925643921 -6.90880012512207 -2.43348503112793
    vertex -10.2701244354248 -6.90880012512207 -2.3528835773468
    vertex -11.2144250869751 -6.90880012512207 -2.24128198623657
  endloop
endfacet
facet normal 3.81888308919801e-031 -1.0 4.25065222109759e-031
  outer loop
    vertex -11.2144250869751 -6.90880012512207 -2.24128198623657
    vertex -10.2701244354248 -6.90880012512207 -2.3528835773468
    vertex -10.3106822967529 -6.90880012512207 -2.16825747489929
  endloop
endfacet
facet normal 3.81888308919801e-031 -1.0 4.25065222109759e-031
  outer loop
    vertex -11.2144250869751 -6.90880012512207 -2.24128198623657
    vertex -10.3106822967529 -6.90880012512207 -2.16825747489929
    vertex -11.2512512207031 -6.90880012512207 -2.04841804504395
  endloop
endfacet
facet normal 3.81888308919801e-031 -1.0 4.25065222109759e-031
  outer loop
    vertex -11.2512512207031 -6.90880012512207 -2.04841804504395
    vertex -10.3106822967529 -6.90880012512207 -2.16825747489929
    vertex -10.34792137146 -6.90880012512207 -1.98293328285217
  endloop
endfacet
facet normal 3.81888308919801e-031 -1.0 4.25065222109759e-031
  outer loop
    vertex -11.2512512207031 -6.90880012512207 -2.04841804504395
    vertex -10.34792137146 -6.90880012512207 -1.98293328285217
    vertex -11.284761428833 -6.90880012512207 -1.85495030879974
  endloop
endfacet
facet normal 3.81888308919801e-031 -1.0 4.25065222109759e-031
  outer loop
    vertex -11.284761428833 -6.90880012512207 -1.85495030879974
    vertex -10.34792137146 -6.90880012512207 -1.98293328285217
    vertex -10.3818302154541 -6.90880012512207 -1.79697096347809
  endloop
endfacet
facet normal 3.81888308919801e-031 -1.0 4.25065222109759e-031
  outer loop
    vertex -11.284761428833 -6.90880012512207 -1.85495030879974
    vertex -10.3818302154541 -6.90880012512207 -1.79697096347809
    vertex -11.3149442672729 -6.90880012512207 -1.66093575954437
  endloop
endfacet
facet normal 3.81888308919801e-031 -1.0 4.25065222109759e-031
  outer loop
    vertex -11.3149442672729 -6.90880012512207 -1.66093575954437
    vertex -10.3818302154541 -6.90880012512207 -1.79697096347809
    vertex -10.4123973846436 -6.90880012512207 -1.6104302406311
  endloop
endfacet
facet normal 3.81888308919801e-031 -1.0 4.25065222109759e-031
  outer loop
    vertex -11.3149442672729 -6.90880012512207 -1.66093575954437
    vertex -10.4123973846436 -6.90880012512207 -1.6104302406311
    vertex -11.3417921066284 -6.90880012512207 -1.46643161773682
  endloop
endfacet
facet normal 3.81888308919801e-031 -1.0 4.25065222109759e-031
  outer loop
    vertex -11.3417921066284 -6.90880012512207 -1.46643161773682
    vertex -10.4123973846436 -6.90880012512207 -1.6104302406311
    vertex -10.4396133422852 -6.90880012512207 -1.42337107658386
  endloop
endfacet
facet normal 3.81888308919801e-031 -1.0 4.25065222109759e-031
  outer loop
    vertex -11.3417921066284 -6.90880012512207 -1.46643161773682
    vertex -10.4396133422852 -6.90880012512207 -1.42337107658386
    vertex -11.3652963638306 -6.90880012512207 -1.27149522304535
  endloop
endfacet
facet normal 3.81888308919801e-031 -1.0 4.25065222109759e-031
  outer loop
    vertex -11.3652963638306 -6.90880012512207 -1.27149522304535
    vertex -10.4396133422852 -6.90880012512207 -1.42337107658386
    vertex -10.4634685516357 -6.90880012512207 -1.23585391044617
  endloop
endfacet
facet normal 3.81888308919801e-031 -1.0 4.25065222109759e-031
  outer loop
    vertex -11.3652963638306 -6.90880012512207 -1.27149522304535
    vertex -10.4634685516357 -6.90880012512207 -1.23585391044617
    vertex -11.3854513168335 -6.90880012512207 -1.07618403434753
  endloop
endfacet
facet normal 3.81888308919801e-031 -1.0 4.25065222109759e-031
  outer loop
    vertex -11.3854513168335 -6.90880012512207 -1.07618403434753
    vertex -10.4634685516357 -6.90880012512207 -1.23585391044617
    vertex -10.4839563369751 -6.90880012512207 -1.04793882369995
  endloop
endfacet
facet normal 3.81888308919801e-031 -1.0 4.25065222109759e-031
  outer loop
    vertex -11.3854513168335 -6.90880012512207 -1.07618403434753
    vertex -10.4839563369751 -6.90880012512207 -1.04793882369995
    vertex -11.4022493362427 -6.90880012512207 -0.880555689334869
  endloop
endfacet
facet normal 3.81888308919801e-031 -1.0 4.25065222109759e-031
  outer loop
    vertex -11.4022493362427 -6.90880012512207 -0.880555689334869
    vertex -10.4839563369751 -6.90880012512207 -1.04793882369995
    vertex -10.5010690689087 -6.90880012512207 -0.859686493873596
  endloop
endfacet
facet normal 3.81888308919801e-031 -1.0 4.25065222109759e-031
  outer loop
    vertex -11.4022493362427 -6.90880012512207 -0.880555689334869
    vertex -10.5010690689087 -6.90880012512207 -0.859686493873596
    vertex -11.4156866073608 -6.90880012512207 -0.684667706489563
  endloop
endfacet
facet normal 3.81888308919801e-031 -1.0 4.25065222109759e-031
  outer loop
    vertex -11.4156866073608 -6.90880012512207 -0.684667706489563
    vertex -10.5010690689087 -6.90880012512207 -0.859686493873596
    vertex -10.5148019790649 -6.90880012512207 -0.671157419681549
  endloop
endfacet
facet normal 3.81888308919801e-031 -1.0 4.25065222109759e-031
  outer loop
    vertex -11.4156866073608 -6.90880012512207 -0.684667706489563
    vertex -10.5148019790649 -6.90880012512207 -0.671157419681549
    vertex -11.4257583618164 -6.90880012512207 -0.488577872514725
  endloop
endfacet
facet normal 3.81888308919801e-031 -1.0 4.25065222109759e-031
  outer loop
    vertex -11.4257583618164 -6.90880012512207 -0.488577872514725
    vertex -10.5148019790649 -6.90880012512207 -0.671157419681549
    vertex -10.5251502990723 -6.90880012512207 -0.482412338256836
  endloop
endfacet
facet normal 3.81888308919801e-031 -1.0 4.25065222109759e-031
  outer loop
    vertex -11.4257583618164 -6.90880012512207 -0.488577872514725
    vertex -10.5251502990723 -6.90880012512207 -0.482412338256836
    vertex -11.4324626922607 -6.90880012512207 -0.292344063520432
  endloop
endfacet
facet normal 3.81888308919801e-031 -1.0 4.25065222109759e-031
  outer loop
    vertex -11.4324626922607 -6.90880012512207 -0.292344063520432
    vertex -10.5251502990723 -6.90880012512207 -0.482412338256836
    vertex -10.5321111679077 -6.90880012512207 -0.293511956930161
  endloop
endfacet
facet normal 3.81888308919801e-031 -1.0 4.25065222109759e-031
  outer loop
    vertex -11.4324626922607 -6.90880012512207 -0.292344063520432
    vertex -10.5321111679077 -6.90880012512207 -0.293511956930161
    vertex -10.5356817245483 -6.90880012512207 -0.104517139494419
  endloop
endfacet
facet normal 3.81888308919801e-031 -1.0 4.25065222109759e-031
  outer loop
    vertex -11.4324626922607 -6.90880012512207 -0.292344063520432
    vertex -10.5356817245483 -6.90880012512207 -0.104517139494419
    vertex -11.4357967376709 -6.90880012512207 -0.0960240513086319
  endloop
endfacet
facet normal 3.81888308919801e-031 -1.0 4.25065222109759e-031
  outer loop
    vertex -11.4357967376709 -6.90880012512207 -0.0960240513086319
    vertex -10.5356817245483 -6.90880012512207 -0.104517139494419
    vertex -10.5358610153198 -6.90880012512207 0.0845113396644592
  endloop
endfacet
facet normal 3.81888308919801e-031 -1.0 4.25065222109759e-031
  outer loop
    vertex -11.4357967376709 -6.90880012512207 -0.0960240513086319
    vertex -10.5358610153198 -6.90880012512207 0.0845113396644592
    vertex -11.4357595443726 -6.90880012512207 0.100324258208275
  endloop
endfacet
facet normal 3.81888308919801e-031 -1.0 4.25065222109759e-031
  outer loop
    vertex -11.4357595443726 -6.90880012512207 0.100324258208275
    vertex -10.5358610153198 -6.90880012512207 0.0845113396644592
    vertex -10.5326490402222 -6.90880012512207 0.273512601852417
  endloop
endfacet
facet normal 3.81888308919801e-031 -1.0 4.25065222109759e-031
  outer loop
    vertex -11.4357595443726 -6.90880012512207 0.100324258208275
    vertex -10.5326490402222 -6.90880012512207 0.273512601852417
    vertex -11.43235206604 -6.90880012512207 0.296642988920212
  endloop
endfacet
facet normal 3.81888308919801e-031 -1.0 4.25065222109759e-031
  outer loop
    vertex -11.43235206604 -6.90880012512207 0.296642988920212
    vertex -10.5326490402222 -6.90880012512207 0.273512601852417
    vertex -10.526047706604 -6.90880012512207 0.462425857782364
  endloop
endfacet
facet normal 3.81888308919801e-031 -1.0 4.25065222109759e-031
  outer loop
    vertex -11.43235206604 -6.90880012512207 0.296642988920212
    vertex -10.526047706604 -6.90880012512207 0.462425857782364
    vertex -11.4255743026733 -6.90880012512207 0.492874294519424
  endloop
endfacet
facet normal 3.81888308919801e-031 -1.0 4.25065222109759e-031
  outer loop
    vertex -11.4255743026733 -6.90880012512207 0.492874294519424
    vertex -10.526047706604 -6.90880012512207 0.462425857782364
    vertex -10.5160570144653 -6.90880012512207 0.651190221309662
  endloop
endfacet
facet normal 3.81888308919801e-031 -1.0 4.25065222109759e-031
  outer loop
    vertex -11.4255743026733 -6.90880012512207 0.492874294519424
    vertex -10.5160570144653 -6.90880012512207 0.651190221309662
    vertex -11.4154281616211 -6.90880012512207 0.688960313796997
  endloop
endfacet
facet normal 3.81888308919801e-031 -1.0 4.25065222109759e-031
  outer loop
    vertex -11.4154281616211 -6.90880012512207 0.688960313796997
    vertex -10.5160570144653 -6.90880012512207 0.651190221309662
    vertex -10.5026826858521 -6.90880012512207 0.839745044708252
  endloop
endfacet
facet normal 3.81888308919801e-031 -1.0 4.25065222109759e-031
  outer loop
    vertex -11.4154281616211 -6.90880012512207 0.688960313796997
    vertex -10.5026826858521 -6.90880012512207 0.839745044708252
    vertex -11.4019174575806 -6.90880012512207 0.884843230247498
  endloop
endfacet
facet normal 3.81888308919801e-031 -1.0 4.25065222109759e-031
  outer loop
    vertex -11.4019174575806 -6.90880012512207 0.884843230247498
    vertex -10.5026826858521 -6.90880012512207 0.839745044708252
    vertex -10.4859266281128 -6.90880012512207 1.02802956104279
  endloop
endfacet
facet normal 3.81888308919801e-031 -1.0 4.25065222109759e-031
  outer loop
    vertex -11.4019174575806 -6.90880012512207 0.884843230247498
    vertex -10.4859266281128 -6.90880012512207 1.02802956104279
    vertex -11.385046005249 -6.90880012512207 1.08046531677246
  endloop
endfacet
facet normal 3.81888308919801e-031 -1.0 4.25065222109759e-031
  outer loop
    vertex -11.385046005249 -6.90880012512207 1.08046531677246
    vertex -10.4859266281128 -6.90880012512207 1.02802956104279
    vertex -10.4657964706421 -6.90880012512207 1.21598315238953
  endloop
endfacet
facet normal 3.81888308919801e-031 -1.0 4.25065222109759e-031
  outer loop
    vertex -11.385046005249 -6.90880012512207 1.08046531677246
    vertex -10.4657964706421 -6.90880012512207 1.21598315238953
    vertex -11.3648176193237 -6.90880012512207 1.27576887607574
  endloop
endfacet
facet normal 3.81888308919801e-031 -1.0 4.25065222109759e-031
  outer loop
    vertex -11.3648176193237 -6.90880012512207 1.27576887607574
    vertex -10.4657964706421 -6.90880012512207 1.21598315238953
    vertex -10.4422969818115 -6.90880012512207 1.40354537963867
  endloop
endfacet
facet normal 3.81888308919801e-031 -1.0 4.25065222109759e-031
  outer loop
    vertex -11.3648176193237 -6.90880012512207 1.27576887607574
    vertex -10.4422969818115 -6.90880012512207 1.40354537963867
    vertex -11.3412399291992 -6.90880012512207 1.47069644927978
  endloop
endfacet
facet normal 3.81888308919801e-031 -1.0 4.25065222109759e-031
  outer loop
    vertex -11.3412399291992 -6.90880012512207 1.47069644927978
    vertex -10.4422969818115 -6.90880012512207 1.40354537963867
    vertex -10.4154367446899 -6.90880012512207 1.59065580368042
  endloop
endfacet
facet normal 3.81888308919801e-031 -1.0 4.25065222109759e-031
  outer loop
    vertex -11.3412399291992 -6.90880012512207 1.47069644927978
    vertex -10.4154367446899 -6.90880012512207 1.59065580368042
    vertex -11.3143186569214 -6.90880012512207 1.66519045829773
  endloop
endfacet
facet normal 3.81888308919801e-031 -1.0 4.25065222109759e-031
  outer loop
    vertex -11.3143186569214 -6.90880012512207 1.66519045829773
    vertex -10.4154367446899 -6.90880012512207 1.59065580368042
    vertex -10.3852243423462 -6.90880012512207 1.77725422382355
  endloop
endfacet
facet normal 3.81888308919801e-031 -1.0 4.25065222109759e-031
  outer loop
    vertex -11.3143186569214 -6.90880012512207 1.66519045829773
    vertex -10.3852243423462 -6.90880012512207 1.77725422382355
    vertex -11.2840623855591 -6.90880012512207 1.8591935634613
  endloop
endfacet
facet normal 3.81888308919801e-031 -1.0 4.25065222109759e-031
  outer loop
    vertex -11.2840623855591 -6.90880012512207 1.8591935634613
    vertex -10.3852243423462 -6.90880012512207 1.77725422382355
    vertex -10.3516683578491 -6.90880012512207 1.96328067779541
  endloop
endfacet
facet normal 3.81888308919801e-031 -1.0 4.25065222109759e-031
  outer loop
    vertex -11.2840623855591 -6.90880012512207 1.8591935634613
    vertex -10.3516683578491 -6.90880012512207 1.96328067779541
    vertex -11.2504796981812 -6.90880012512207 2.05264854431152
  endloop
endfacet
facet normal 3.81888308919801e-031 -1.0 4.25065222109759e-031
  outer loop
    vertex -11.2504796981812 -6.90880012512207 2.05264854431152
    vertex -10.3516683578491 -6.90880012512207 1.96328067779541
    vertex -10.3147811889648 -6.90880012512207 2.14867520332336
  endloop
endfacet
facet normal 3.81888308919801e-031 -1.0 4.25065222109759e-031
  outer loop
    vertex -11.2504796981812 -6.90880012512207 2.05264854431152
    vertex -10.3147811889648 -6.90880012512207 2.14867520332336
    vertex -11.2135810852051 -6.90880012512207 2.24549865722656
  endloop
endfacet
facet normal 3.81888308919801e-031 -1.0 4.25065222109759e-031
  outer loop
    vertex -11.2135810852051 -6.90880012512207 2.24549865722656
    vertex -10.3147811889648 -6.90880012512207 2.14867520332336
    vertex -10.2745733261108 -6.90880012512207 2.33337807655334
  endloop
endfacet
facet normal 3.81888308919801e-031 -1.0 4.25065222109759e-031
  outer loop
    vertex -11.2135810852051 -6.90880012512207 2.24549865722656
    vertex -10.2745733261108 -6.90880012512207 2.33337807655334
    vertex -11.1733770370483 -6.90880012512207 2.43768692016602
  endloop
endfacet
facet normal 3.81888308919801e-031 -1.0 4.25065222109759e-031
  outer loop
    vertex -11.1733770370483 -6.90880012512207 2.43768692016602
    vertex -10.2745733261108 -6.90880012512207 2.33337807655334
    vertex -10.2310590744019 -6.90880012512207 2.51732969284058
  endloop
endfacet
facet normal 3.81888308919801e-031 -1.0 4.25065222109759e-031
  outer loop
    vertex -11.1733770370483 -6.90880012512207 2.43768692016602
    vertex -10.2310590744019 -6.90880012512207 2.51732969284058
    vertex -11.1298789978027 -6.90880012512207 2.62915635108948
  endloop
endfacet
facet normal 3.81888308919801e-031 -1.0 4.25065222109759e-031
  outer loop
    vertex -11.1298789978027 -6.90880012512207 2.62915635108948
    vertex -10.2310590744019 -6.90880012512207 2.51732969284058
    vertex -10.184250831604 -6.90880012512207 2.7004714012146
  endloop
endfacet
facet normal 3.81888308919801e-031 -1.0 4.25065222109759e-031
  outer loop
    vertex -11.1298789978027 -6.90880012512207 2.62915635108948
    vertex -10.184250831604 -6.90880012512207 2.7004714012146
    vertex -11.0831003189087 -6.90880012512207 2.81985092163086
  endloop
endfacet
facet normal 3.81888308919801e-031 -1.0 4.25065222109759e-031
  outer loop
    vertex -11.0831003189087 -6.90880012512207 2.81985092163086
    vertex -10.184250831604 -6.90880012512207 2.7004714012146
    vertex -10.1341648101807 -6.90880012512207 2.88274359703064
  endloop
endfacet
facet normal 3.81888308919801e-031 -1.0 4.25065222109759e-031
  outer loop
    vertex -11.0831003189087 -6.90880012512207 2.81985092163086
    vertex -10.1341648101807 -6.90880012512207 2.88274359703064
    vertex -11.0330543518066 -6.90880012512207 3.00971412658691
  endloop
endfacet
facet normal 3.81888308919801e-031 -1.0 4.25065222109759e-031
  outer loop
    vertex -11.0330543518066 -6.90880012512207 3.00971412658691
    vertex -10.1341648101807 -6.90880012512207 2.88274359703064
    vertex -10.0808172225952 -6.90880012512207 3.0640881061554
  endloop
endfacet
facet normal 3.81888308919801e-031 -1.0 4.25065222109759e-031
  outer loop
    vertex -11.0330543518066 -6.90880012512207 3.00971412658691
    vertex -10.0808172225952 -6.90880012512207 3.0640881061554
    vertex -10.9797563552856 -6.90880012512207 3.19869041442871
  endloop
endfacet
facet normal 3.81888308919801e-031 -1.0 4.25065222109759e-031
  outer loop
    vertex -10.9797563552856 -6.90880012512207 3.19869041442871
    vertex -10.0808172225952 -6.90880012512207 3.0640881061554
    vertex -10.024224281311 -6.90880012512207 3.24444627761841
  endloop
endfacet
facet normal 3.81888308919801e-031 -1.0 4.25065222109759e-031
  outer loop
    vertex -10.9797563552856 -6.90880012512207 3.19869041442871
    vertex -10.024224281311 -6.90880012512207 3.24444627761841
    vertex -10.9232215881348 -6.90880012512207 3.38672351837158
  endloop
endfacet
facet normal 3.81888308919801e-031 -1.0 4.25065222109759e-031
  outer loop
    vertex -10.9232215881348 -6.90880012512207 3.38672351837158
    vertex -10.024224281311 -6.90880012512207 3.24444627761841
    vertex -9.96440505981445 -6.90880012512207 3.42376017570496
  endloop
endfacet
facet normal 3.81888308919801e-031 -1.0 4.25065222109759e-031
  outer loop
    vertex -10.9232215881348 -6.90880012512207 3.38672351837158
    vertex -9.96440505981445 -6.90880012512207 3.42376017570496
    vertex -10.8634672164917 -6.90880012512207 3.57375836372375
  endloop
endfacet
facet normal 3.81888308919801e-031 -1.0 4.25065222109759e-031
  outer loop
    vertex -10.8634672164917 -6.90880012512207 3.57375836372375
    vertex -9.96440505981445 -6.90880012512207 3.42376017570496
    vertex -9.9013786315918 -6.90880012512207 3.6019721031189
  endloop
endfacet
facet normal 3.81888308919801e-031 -1.0 4.25065222109759e-031
  outer loop
    vertex -10.8634672164917 -6.90880012512207 3.57375836372375
    vertex -9.9013786315918 -6.90880012512207 3.6019721031189
    vertex -10.8005104064941 -6.90880012512207 3.75973987579346
  endloop
endfacet
facet normal 3.81888308919801e-031 -1.0 4.25065222109759e-031
  outer loop
    vertex -10.8005104064941 -6.90880012512207 3.75973987579346
    vertex -9.9013786315918 -6.90880012512207 3.6019721031189
    vertex -9.83516597747803 -6.90880012512207 3.77902460098267
  endloop
endfacet
facet normal 3.81888308919801e-031 -1.0 4.25065222109759e-031
  outer loop
    vertex -10.8005104064941 -6.90880012512207 3.75973987579346
    vertex -9.83516597747803 -6.90880012512207 3.77902460098267
    vertex -10.7343702316284 -6.90880012512207 3.94461297988892
  endloop
endfacet
facet normal 3.81888308919801e-031 -1.0 4.25065222109759e-031
  outer loop
    vertex -10.7343702316284 -6.90880012512207 3.94461297988892
    vertex -9.83516597747803 -6.90880012512207 3.77902460098267
    vertex -9.76578617095947 -6.90880012512207 3.95486068725586
  endloop
endfacet
facet normal 3.81888308919801e-031 -1.0 4.25065222109759e-031
  outer loop
    vertex -10.7343702316284 -6.90880012512207 3.94461297988892
    vertex -9.76578617095947 -6.90880012512207 3.95486068725586
    vertex -10.6650648117065 -6.90880012512207 4.12832355499268
  endloop
endfacet
facet normal 3.81888308919801e-031 -1.0 4.25065222109759e-031
  outer loop
    vertex -10.6650648117065 -6.90880012512207 4.12832355499268
    vertex -9.76578617095947 -6.90880012512207 3.95486068725586
    vertex -9.69326400756836 -6.90880012512207 4.12942361831665
  endloop
endfacet
facet normal 3.81888308919801e-031 -1.0 4.25065222109759e-031
  outer loop
    vertex -10.6650648117065 -6.90880012512207 4.12832355499268
    vertex -9.69326400756836 -6.90880012512207 4.12942361831665
    vertex -10.5926170349121 -6.90880012512207 4.31081676483154
  endloop
endfacet
facet normal 3.81888308919801e-031 -1.0 4.25065222109759e-031
  outer loop
    vertex -10.5926170349121 -6.90880012512207 4.31081676483154
    vertex -9.69326400756836 -6.90880012512207 4.12942361831665
    vertex -9.61762142181396 -6.90880012512207 4.30265760421753
  endloop
endfacet
facet normal 3.81888308919801e-031 -1.0 4.25065222109759e-031
  outer loop
    vertex -10.5926170349121 -6.90880012512207 4.31081676483154
    vertex -9.61762142181396 -6.90880012512207 4.30265760421753
    vertex -9.53888320922851 -6.90880012512207 4.47450685501099
  endloop
endfacet
facet normal 3.81888308919801e-031 -1.0 4.25065222109759e-031
  outer loop
    vertex -10.5926170349121 -6.90880012512207 4.31081676483154
    vertex -9.53888320922851 -6.90880012512207 4.47450685501099
    vertex -10.5170459747314 -6.90880012512207 4.49203968048096
  endloop
endfacet
facet normal 3.81888308919801e-031 -1.0 4.25065222109759e-031
  outer loop
    vertex -10.5170459747314 -6.90880012512207 4.49203968048096
    vertex -9.53888320922851 -6.90880012512207 4.47450685501099
    vertex -9.45707511901855 -6.90880012512207 4.64491558074951
  endloop
endfacet
facet normal 3.81888308919801e-031 -1.0 4.25065222109759e-031
  outer loop
    vertex -10.5170459747314 -6.90880012512207 4.49203968048096
    vertex -9.45707511901855 -6.90880012512207 4.64491558074951
    vertex -10.4383745193481 -6.90880012512207 4.67193841934204
  endloop
endfacet
facet normal 3.81888308919801e-031 -1.0 4.25065222109759e-031
  outer loop
    vertex -10.4383745193481 -6.90880012512207 4.67193841934204
    vertex -9.45707511901855 -6.90880012512207 4.64491558074951
    vertex -9.37222290039062 -6.90880012512207 4.81382942199707
  endloop
endfacet
facet normal 3.81888308919801e-031 -1.0 4.25065222109759e-031
  outer loop
    vertex -10.4383745193481 -6.90880012512207 4.67193841934204
    vertex -9.37222290039062 -6.90880012512207 4.81382942199707
    vertex -10.3566265106201 -6.90880012512207 4.85045957565308
  endloop
endfacet
facet normal 3.81888308919801e-031 -1.0 4.25065222109759e-031
  outer loop
    vertex -10.3566265106201 -6.90880012512207 4.85045957565308
    vertex -9.37222290039062 -6.90880012512207 4.81382942199707
    vertex -9.28435325622559 -6.90880012512207 4.98119354248047
  endloop
endfacet
facet normal 3.81888308919801e-031 -1.0 4.25065222109759e-031
  outer loop
    vertex -10.3566265106201 -6.90880012512207 4.85045957565308
    vertex -9.28435325622559 -6.90880012512207 4.98119354248047
    vertex -10.2718257904053 -6.90880012512207 5.02755165100098
  endloop
endfacet
facet normal 3.81888308919801e-031 -1.0 4.25065222109759e-031
  outer loop
    vertex -10.2718257904053 -6.90880012512207 5.02755165100098
    vertex -9.28435325622559 -6.90880012512207 4.98119354248047
    vertex -9.19349575042725 -6.90880012512207 5.14695453643799
  endloop
endfacet
facet normal 3.81888308919801e-031 -1.0 4.25065222109759e-031
  outer loop
    vertex -10.2718257904053 -6.90880012512207 5.02755165100098
    vertex -9.19349575042725 -6.90880012512207 5.14695453643799
    vertex -10.1839962005615 -6.90880012512207 5.20316123962402
  endloop
endfacet
facet normal 3.81888308919801e-031 -1.0 4.25065222109759e-031
  outer loop
    vertex -10.1839962005615 -6.90880012512207 5.20316123962402
    vertex -9.19349575042725 -6.90880012512207 5.14695453643799
    vertex -9.0996789932251 -6.90880012512207 5.31105899810791
  endloop
endfacet
facet normal 3.81888308919801e-031 -1.0 4.25065222109759e-031
  outer loop
    vertex -10.1839962005615 -6.90880012512207 5.20316123962402
    vertex -9.0996789932251 -6.90880012512207 5.31105899810791
    vertex -10.093165397644 -6.90880012512207 5.37723684310913
  endloop
endfacet
facet normal 3.81888308919801e-031 -1.0 4.25065222109759e-031
  outer loop
    vertex -10.093165397644 -6.90880012512207 5.37723684310913
    vertex -9.0996789932251 -6.90880012512207 5.31105899810791
    vertex -9.00293350219727 -6.90880012512207 5.47345399856567
  endloop
endfacet
facet normal 3.81888308919801e-031 -1.0 4.25065222109759e-031
  outer loop
    vertex -10.093165397644 -6.90880012512207 5.37723684310913
    vertex -9.00293350219727 -6.90880012512207 5.47345399856567
    vertex -9.99935913085937 -6.90880012512207 5.54972791671753
  endloop
endfacet
facet normal 3.81888308919801e-031 -1.0 4.25065222109759e-031
  outer loop
    vertex -9.99935913085937 -6.90880012512207 5.54972791671753
    vertex -9.00293350219727 -6.90880012512207 5.47345399856567
    vertex -8.90328979492188 -6.90880012512207 5.63408708572388
  endloop
endfacet
facet normal 3.81888308919801e-031 -1.0 4.25065222109759e-031
  outer loop
    vertex -9.99935913085937 -6.90880012512207 5.54972791671753
    vertex -8.90328979492188 -6.90880012512207 5.63408708572388
    vertex -9.90260601043701 -6.90880012512207 5.72058248519897
  endloop
endfacet
facet normal 3.81888308919801e-031 -1.0 4.25065222109759e-031
  outer loop
    vertex -9.90260601043701 -6.90880012512207 5.72058248519897
    vertex -8.90328979492188 -6.90880012512207 5.63408708572388
    vertex -8.80078125 -6.90880012512207 5.79290628433227
  endloop
endfacet
facet normal 3.81888308919801e-031 -1.0 4.25065222109759e-031
  outer loop
    vertex -9.90260601043701 -6.90880012512207 5.72058248519897
    vertex -8.80078125 -6.90880012512207 5.79290628433227
    vertex -9.80293369293213 -6.90880012512207 5.88975143432617
  endloop
endfacet
facet normal 3.81888308919801e-031 -1.0 4.25065222109759e-031
  outer loop
    vertex -9.80293369293213 -6.90880012512207 5.88975143432617
    vertex -8.80078125 -6.90880012512207 5.79290628433227
    vertex -8.69543933868408 -6.90880012512207 5.94986152648926
  endloop
endfacet
facet normal 3.81888308919801e-031 -1.0 4.25065222109759e-031
  outer loop
    vertex -9.80293369293213 -6.90880012512207 5.88975143432617
    vertex -8.69543933868408 -6.90880012512207 5.94986152648926
    vertex -9.70037078857422 -6.90880012512207 6.05718374252319
  endloop
endfacet
facet normal 3.81888308919801e-031 -1.0 4.25065222109759e-031
  outer loop
    vertex -9.70037078857422 -6.90880012512207 6.05718374252319
    vertex -8.69543933868408 -6.90880012512207 5.94986152648926
    vertex -8.58729839324951 -6.90880012512207 6.10490131378174
  endloop
endfacet
facet normal 3.81888308919801e-031 -1.0 4.25065222109759e-031
  outer loop
    vertex -9.70037078857422 -6.90880012512207 6.05718374252319
    vertex -8.58729839324951 -6.90880012512207 6.10490131378174
    vertex -9.59494876861572 -6.90880012512207 6.2228307723999
  endloop
endfacet
facet normal 3.81888308919801e-031 -1.0 4.25065222109759e-031
  outer loop
    vertex -9.59494876861572 -6.90880012512207 6.2228307723999
    vertex -8.58729839324951 -6.90880012512207 6.10490131378174
    vertex -8.476393699646 -6.90880012512207 6.25797605514526
  endloop
endfacet
facet normal 3.81888308919801e-031 -1.0 4.25065222109759e-031
  outer loop
    vertex -9.59494876861572 -6.90880012512207 6.2228307723999
    vertex -8.476393699646 -6.90880012512207 6.25797605514526
    vertex -9.48669910430908 -6.90880012512207 6.386643409729
  endloop
endfacet
facet normal 3.81888308919801e-031 -1.0 4.25065222109759e-031
  outer loop
    vertex -9.48669910430908 -6.90880012512207 6.386643409729
    vertex -8.476393699646 -6.90880012512207 6.25797605514526
    vertex -8.36276054382324 -6.90880012512207 6.40903663635254
  endloop
endfacet
facet normal 3.81888308919801e-031 -1.0 4.25065222109759e-031
  outer loop
    vertex -9.48669910430908 -6.90880012512207 6.386643409729
    vertex -8.36276054382324 -6.90880012512207 6.40903663635254
    vertex -9.37565231323242 -6.90880012512207 6.54857301712036
  endloop
endfacet
facet normal 3.81888308919801e-031 -1.0 4.25065222109759e-031
  outer loop
    vertex -9.37565231323242 -6.90880012512207 6.54857301712036
    vertex -8.36276054382324 -6.90880012512207 6.40903663635254
    vertex -8.24643516540527 -6.90880012512207 6.55803442001343
  endloop
endfacet
facet normal 3.81888308919801e-031 -1.0 4.25065222109759e-031
  outer loop
    vertex -9.37565231323242 -6.90880012512207 6.54857301712036
    vertex -8.24643516540527 -6.90880012512207 6.55803442001343
    vertex -9.26184177398681 -6.90880012512207 6.70857286453247
  endloop
endfacet
facet normal 3.81888308919801e-031 -1.0 4.25065222109759e-031
  outer loop
    vertex -9.26184177398681 -6.90880012512207 6.70857286453247
    vertex -8.24643516540527 -6.90880012512207 6.55803442001343
    vertex -8.12745571136474 -6.90880012512207 6.70492124557495
  endloop
endfacet
facet normal 3.81888308919801e-031 -1.0 4.25065222109759e-031
  outer loop
    vertex -9.26184177398681 -6.90880012512207 6.70857286453247
    vertex -8.12745571136474 -6.90880012512207 6.70492124557495
    vertex -8.00586032867431 -6.90880012512207 6.84964990615845
  endloop
endfacet
facet normal 3.81888308919801e-031 -1.0 4.25065222109759e-031
  outer loop
    vertex -9.26184177398681 -6.90880012512207 6.70857286453247
    vertex -8.00586032867431 -6.90880012512207 6.84964990615845
    vertex -9.14530181884765 -6.90880012512207 6.86659479141235
  endloop
endfacet
facet normal 3.81888308919801e-031 -1.0 4.25065222109759e-031
  outer loop
    vertex -9.14530181884765 -6.90880012512207 6.86659479141235
    vertex -8.00586032867431 -6.90880012512207 6.84964990615845
    vertex -7.88168859481812 -6.90880012512207 6.99217414855957
  endloop
endfacet
facet normal 3.81888308919801e-031 -1.0 4.25065222109759e-031
  outer loop
    vertex -9.14530181884765 -6.90880012512207 6.86659479141235
    vertex -7.88168859481812 -6.90880012512207 6.99217414855957
    vertex -9.02606582641601 -6.90880012512207 7.02259302139282
  endloop
endfacet
facet normal 3.81888308919801e-031 -1.0 4.25065222109759e-031
  outer loop
    vertex -9.02606582641601 -6.90880012512207 7.02259302139282
    vertex -7.88168859481812 -6.90880012512207 6.99217414855957
    vertex -7.75497961044311 -6.90880012512207 7.13244724273682
  endloop
endfacet
facet normal 3.81888308919801e-031 -1.0 4.25065222109759e-031
  outer loop
    vertex -9.02606582641601 -6.90880012512207 7.02259302139282
    vertex -7.75497961044311 -6.90880012512207 7.13244724273682
    vertex -8.90416812896729 -6.90880012512207 7.17652082443237
  endloop
endfacet
facet normal 3.81888308919801e-031 -1.0 4.25065222109759e-031
  outer loop
    vertex -8.90416812896729 -6.90880012512207 7.17652082443237
    vertex -7.75497961044311 -6.90880012512207 7.13244724273682
    vertex -7.62577438354492 -6.90880012512207 7.27042484283447
  endloop
endfacet
facet normal 3.81888308919801e-031 -1.0 4.25065222109759e-031
  outer loop
    vertex -8.90416812896729 -6.90880012512207 7.17652082443237
    vertex -7.62577438354492 -6.90880012512207 7.27042484283447
    vertex -8.77964687347412 -6.90880012512207 7.32833337783813
  endloop
endfacet
facet normal 3.81888308919801e-031 -1.0 4.25065222109759e-031
  outer loop
    vertex -8.77964687347412 -6.90880012512207 7.32833337783813
    vertex -7.62577438354492 -6.90880012512207 7.27042484283447
    vertex -7.4941143989563 -6.90880012512207 7.40606212615967
  endloop
endfacet
facet normal 3.81888308919801e-031 -1.0 4.25065222109759e-031
  outer loop
    vertex -8.77964687347412 -6.90880012512207 7.32833337783813
    vertex -7.4941143989563 -6.90880012512207 7.40606212615967
    vertex -8.65253734588623 -6.90880012512207 7.47798538208008
  endloop
endfacet
facet normal 3.81888308919801e-031 -1.0 4.25065222109759e-031
  outer loop
    vertex -8.65253734588623 -6.90880012512207 7.47798538208008
    vertex -7.4941143989563 -6.90880012512207 7.40606212615967
    vertex -7.36004257202148 -6.90880012512207 7.53931570053101
  endloop
endfacet
facet normal 3.81888308919801e-031 -1.0 4.25065222109759e-031
  outer loop
    vertex -8.65253734588623 -6.90880012512207 7.47798538208008
    vertex -7.36004257202148 -6.90880012512207 7.53931570053101
    vertex -8.52287673950195 -6.90880012512207 7.62543344497681
  endloop
endfacet
facet normal 3.81888308919801e-031 -1.0 4.25065222109759e-031
  outer loop
    vertex -8.52287673950195 -6.90880012512207 7.62543344497681
    vertex -7.36004257202148 -6.90880012512207 7.53931570053101
    vertex -7.22360181808472 -6.90880012512207 7.67014265060425
  endloop
endfacet
facet normal 3.81888308919801e-031 -1.0 4.25065222109759e-031
  outer loop
    vertex -8.52287673950195 -6.90880012512207 7.62543344497681
    vertex -7.22360181808472 -6.90880012512207 7.67014265060425
    vertex -8.39070415496826 -6.90880012512207 7.77063369750977
  endloop
endfacet
facet normal 3.81888308919801e-031 -1.0 4.25065222109759e-031
  outer loop
    vertex -8.39070415496826 -6.90880012512207 7.77063369750977
    vertex -7.22360181808472 -6.90880012512207 7.67014265060425
    vertex -7.08483552932739 -6.90880012512207 7.79850053787231
  endloop
endfacet
facet normal 3.81888308919801e-031 -1.0 4.25065222109759e-031
  outer loop
    vertex -8.39070415496826 -6.90880012512207 7.77063369750977
    vertex -7.08483552932739 -6.90880012512207 7.79850053787231
    vertex -8.25605869293213 -6.90880012512207 7.91354322433472
  endloop
endfacet
facet normal 3.81888308919801e-031 -1.0 4.25065222109759e-031
  outer loop
    vertex -8.25605869293213 -6.90880012512207 7.91354322433472
    vertex -7.08483552932739 -6.90880012512207 7.79850053787231
    vertex -6.94378900527954 -6.90880012512207 7.92434883117676
  endloop
endfacet
facet normal 3.81888308919801e-031 -1.0 4.25065222109759e-031
  outer loop
    vertex -8.25605869293213 -6.90880012512207 7.91354322433472
    vertex -6.94378900527954 -6.90880012512207 7.92434883117676
    vertex -8.11897945404053 -6.90880012512207 8.05412006378174
  endloop
endfacet
facet normal 3.81888308919801e-031 -1.0 4.25065222109759e-031
  outer loop
    vertex -8.11897945404053 -6.90880012512207 8.05412006378174
    vertex -6.94378900527954 -6.90880012512207 7.92434883117676
    vertex -6.80050754547119 -6.90880012512207 8.04764556884765
  endloop
endfacet
facet normal 3.81888308919801e-031 -1.0 4.25065222109759e-031
  outer loop
    vertex -8.11897945404053 -6.90880012512207 8.05412006378174
    vertex -6.80050754547119 -6.90880012512207 8.04764556884765
    vertex -6.65503740310669 -6.90880012512207 8.16835308074951
  endloop
endfacet
facet normal 3.81888308919801e-031 -1.0 4.25065222109759e-031
  outer loop
    vertex -8.11897945404053 -6.90880012512207 8.05412006378174
    vertex -6.65503740310669 -6.90880012512207 8.16835308074951
    vertex -7.97950601577759 -6.90880012512207 8.19232273101806
  endloop
endfacet
facet normal 3.81888308919801e-031 -1.0 4.25065222109759e-031
  outer loop
    vertex -7.97950601577759 -6.90880012512207 8.19232273101806
    vertex -6.65503740310669 -6.90880012512207 8.16835308074951
    vertex -6.50742483139038 -6.90880012512207 8.28643035888672
  endloop
endfacet
facet normal 3.81888308919801e-031 -1.0 4.25065222109759e-031
  outer loop
    vertex -7.97950601577759 -6.90880012512207 8.19232273101806
    vertex -6.50742483139038 -6.90880012512207 8.28643035888672
    vertex -7.83768129348755 -6.90880012512207 8.32811069488525
  endloop
endfacet
facet normal 3.81888308919801e-031 -1.0 4.25065222109759e-031
  outer loop
    vertex -7.83768129348755 -6.90880012512207 8.32811069488525
    vertex -6.50742483139038 -6.90880012512207 8.28643035888672
    vertex -6.35771799087524 -6.90880012512207 8.40184116363525
  endloop
endfacet
facet normal 3.81888308919801e-031 -1.0 4.25065222109759e-031
  outer loop
    vertex -7.83768129348755 -6.90880012512207 8.32811069488525
    vertex -6.35771799087524 -6.90880012512207 8.40184116363525
    vertex -7.69354581832886 -6.90880012512207 8.4614429473877
  endloop
endfacet
facet normal 3.81888308919801e-031 -1.0 4.25065222109759e-031
  outer loop
    vertex -7.69354581832886 -6.90880012512207 8.4614429473877
    vertex -6.35771799087524 -6.90880012512207 8.40184116363525
    vertex -6.2059645652771 -6.90880012512207 8.51454734802246
  endloop
endfacet
facet normal 3.81888308919801e-031 -1.0 4.25065222109759e-031
  outer loop
    vertex -7.69354581832886 -6.90880012512207 8.4614429473877
    vertex -6.2059645652771 -6.90880012512207 8.51454734802246
    vertex -7.54714250564575 -6.90880012512207 8.59228229522705
  endloop
endfacet
facet normal 3.81888308919801e-031 -1.0 4.25065222109759e-031
  outer loop
    vertex -7.54714250564575 -6.90880012512207 8.59228229522705
    vertex -6.2059645652771 -6.90880012512207 8.51454734802246
    vertex -6.05221319198608 -6.90880012512207 8.62451267242431
  endloop
endfacet
facet normal 3.81888308919801e-031 -1.0 4.25065222109759e-031
  outer loop
    vertex -7.54714250564575 -6.90880012512207 8.59228229522705
    vertex -6.05221319198608 -6.90880012512207 8.62451267242431
    vertex -7.39851474761963 -6.90880012512207 8.72058773040771
  endloop
endfacet
facet normal 3.81888308919801e-031 -1.0 4.25065222109759e-031
  outer loop
    vertex -7.39851474761963 -6.90880012512207 8.72058773040771
    vertex -6.05221319198608 -6.90880012512207 8.62451267242431
    vertex -5.89651441574097 -6.90880012512207 8.73170280456543
  endloop
endfacet
facet normal 3.81888308919801e-031 -1.0 4.25065222109759e-031
  outer loop
    vertex -7.39851474761963 -6.90880012512207 8.72058773040771
    vertex -5.89651441574097 -6.90880012512207 8.73170280456543
    vertex -7.24770593643188 -6.90880012512207 8.84632301330566
  endloop
endfacet
facet normal 3.81888308919801e-031 -1.0 4.25065222109759e-031
  outer loop
    vertex -7.24770593643188 -6.90880012512207 8.84632301330566
    vertex -5.89651441574097 -6.90880012512207 8.73170280456543
    vertex -5.73891735076904 -6.90880012512207 8.83608150482178
  endloop
endfacet
facet normal 3.81888308919801e-031 -1.0 4.25065222109759e-031
  outer loop
    vertex -7.24770593643188 -6.90880012512207 8.84632301330566
    vertex -5.73891735076904 -6.90880012512207 8.83608150482178
    vertex -5.57947301864624 -6.90880012512207 8.9376163482666
  endloop
endfacet
facet normal 3.81888308919801e-031 -1.0 4.25065222109759e-031
  outer loop
    vertex -7.24770593643188 -6.90880012512207 8.84632301330566
    vertex -5.57947301864624 -6.90880012512207 8.9376163482666
    vertex -7.09476041793823 -6.90880012512207 8.96945095062256
  endloop
endfacet
facet normal 3.81888308919801e-031 -1.0 4.25065222109759e-031
  outer loop
    vertex -7.09476041793823 -6.90880012512207 8.96945095062256
    vertex -5.57947301864624 -6.90880012512207 8.9376163482666
    vertex -5.41823291778564 -6.90880012512207 9.03627490997314
  endloop
endfacet
facet normal 3.81888308919801e-031 -1.0 4.25065222109759e-031
  outer loop
    vertex -7.09476041793823 -6.90880012512207 8.96945095062256
    vertex -5.41823291778564 -6.90880012512207 9.03627490997314
    vertex -6.93972396850586 -6.90880012512207 9.08993434906006
  endloop
endfacet
facet normal 3.81888308919801e-031 -1.0 4.25065222109759e-031
  outer loop
    vertex -6.93972396850586 -6.90880012512207 9.08993434906006
    vertex -5.41823291778564 -6.90880012512207 9.03627490997314
    vertex -5.2552490234375 -6.90880012512207 9.13202476501465
  endloop
endfacet
facet normal 3.81888308919801e-031 -1.0 4.25065222109759e-031
  outer loop
    vertex -6.93972396850586 -6.90880012512207 9.08993434906006
    vertex -5.2552490234375 -6.90880012512207 9.13202476501465
    vertex -6.78264141082764 -6.90880012512207 9.20773792266846
  endloop
endfacet
facet normal 3.81888308919801e-031 -1.0 4.25065222109759e-031
  outer loop
    vertex -6.78264141082764 -6.90880012512207 9.20773792266846
    vertex -5.2552490234375 -6.90880012512207 9.13202476501465
    vertex -5.09057331085205 -6.90880012512207 9.22483444213867
  endloop
endfacet
facet normal 3.81888308919801e-031 -1.0 4.25065222109759e-031
  outer loop
    vertex -6.78264141082764 -6.90880012512207 9.20773792266846
    vertex -5.09057331085205 -6.90880012512207 9.22483444213867
    vertex -6.62355995178223 -6.90880012512207 9.32282829284668
  endloop
endfacet
facet normal 3.81888308919801e-031 -1.0 4.25065222109759e-031
  outer loop
    vertex -6.62355995178223 -6.90880012512207 9.32282829284668
    vertex -5.09057331085205 -6.90880012512207 9.22483444213867
    vertex -4.92425918579102 -6.90880012512207 9.31467533111572
  endloop
endfacet
facet normal 3.81888308919801e-031 -1.0 4.25065222109759e-031
  outer loop
    vertex -6.62355995178223 -6.90880012512207 9.32282829284668
    vertex -4.92425918579102 -6.90880012512207 9.31467533111572
    vertex -4.75636005401611 -6.90880012512207 9.40151882171631
  endloop
endfacet
facet normal 3.81888308919801e-031 -1.0 4.25065222109759e-031
  outer loop
    vertex -6.62355995178223 -6.90880012512207 9.32282829284668
    vertex -4.75636005401611 -6.90880012512207 9.40151882171631
    vertex -6.46252584457397 -6.90880012512207 9.43517017364502
  endloop
endfacet
facet normal 3.81888308919801e-031 -1.0 4.25065222109759e-031
  outer loop
    vertex -6.46252584457397 -6.90880012512207 9.43517017364502
    vertex -4.75636005401611 -6.90880012512207 9.40151882171631
    vertex -4.58693027496338 -6.90880012512207 9.48533535003662
  endloop
endfacet
facet normal 3.81888308919801e-031 -1.0 4.25065222109759e-031
  outer loop
    vertex -6.46252584457397 -6.90880012512207 9.43517017364502
    vertex -4.58693027496338 -6.90880012512207 9.48533535003662
    vertex -6.2995867729187 -6.90880012512207 9.5447301864624
  endloop
endfacet
facet normal 3.81888308919801e-031 -1.0 4.25065222109759e-031
  outer loop
    vertex -6.2995867729187 -6.90880012512207 9.5447301864624
    vertex -4.58693027496338 -6.90880012512207 9.48533535003662
    vertex -4.41602373123169 -6.90880012512207 9.56609916687012
  endloop
endfacet
facet normal 3.81888308919801e-031 -1.0 4.25065222109759e-031
  outer loop
    vertex -6.2995867729187 -6.90880012512207 9.5447301864624
    vertex -4.41602373123169 -6.90880012512207 9.56609916687012
    vertex -6.13479042053223 -6.90880012512207 9.6514778137207
  endloop
endfacet
facet normal 3.81888308919801e-031 -1.0 4.25065222109759e-031
  outer loop
    vertex -6.13479042053223 -6.90880012512207 9.6514778137207
    vertex -4.41602373123169 -6.90880012512207 9.56609916687012
    vertex -4.2436957359314 -6.90880012512207 9.64378356933594
  endloop
endfacet
facet normal 3.81888308919801e-031 -1.0 4.25065222109759e-031
  outer loop
    vertex -6.13479042053223 -6.90880012512207 9.6514778137207
    vertex -4.2436957359314 -6.90880012512207 9.64378356933594
    vertex -4.07000160217285 -6.90880012512207 9.71836376190186
  endloop
endfacet
facet normal 3.81888308919801e-031 -1.0 4.25065222109759e-031
  outer loop
    vertex -6.13479042053223 -6.90880012512207 9.6514778137207
    vertex -4.07000160217285 -6.90880012512207 9.71836376190186
    vertex -5.96818590164184 -6.90880012512207 9.75537967681885
  endloop
endfacet
facet normal 3.81888308919801e-031 -1.0 4.25065222109759e-031
  outer loop
    vertex -5.96818590164184 -6.90880012512207 9.75537967681885
    vertex -4.07000160217285 -6.90880012512207 9.71836376190186
    vertex -3.89499807357788 -6.90880012512207 9.78981590270996
  endloop
endfacet
facet normal 3.81888308919801e-031 -1.0 4.25065222109759e-031
  outer loop
    vertex -5.96818590164184 -6.90880012512207 9.75537967681885
    vertex -3.89499807357788 -6.90880012512207 9.78981590270996
    vertex -5.79982233047485 -6.90880012512207 9.85640525817871
  endloop
endfacet
facet normal 3.81888308919801e-031 -1.0 4.25065222109759e-031
  outer loop
    vertex -5.79982233047485 -6.90880012512207 9.85640525817871
    vertex -3.89499807357788 -6.90880012512207 9.78981590270996
    vertex -3.71874046325684 -6.90880012512207 9.85811710357666
  endloop
endfacet
facet normal 3.81888308919801e-031 -1.0 4.25065222109759e-031
  outer loop
    vertex -5.79982233047485 -6.90880012512207 9.85640525817871
    vertex -3.71874046325684 -6.90880012512207 9.85811710357666
    vertex -5.62974882125854 -6.90880012512207 9.95452690124512
  endloop
endfacet
facet normal 3.81888308919801e-031 -1.0 4.25065222109759e-031
  outer loop
    vertex -5.62974882125854 -6.90880012512207 9.95452690124512
    vertex -3.71874046325684 -6.90880012512207 9.85811710357666
    vertex -3.54128575325012 -6.90880012512207 9.92324542999268
  endloop
endfacet
facet normal 3.81888308919801e-031 -1.0 4.25065222109759e-031
  outer loop
    vertex -5.62974882125854 -6.90880012512207 9.95452690124512
    vertex -3.54128575325012 -6.90880012512207 9.92324542999268
    vertex -3.3626914024353 -6.90880012512207 9.98517990112305
  endloop
endfacet
facet normal 3.81888308919801e-031 -1.0 4.25065222109759e-031
  outer loop
    vertex -5.62974882125854 -6.90880012512207 9.95452690124512
    vertex -3.3626914024353 -6.90880012512207 9.98517990112305
    vertex -5.45801591873169 -6.90880012512207 10.0497131347656
  endloop
endfacet
facet normal 3.81888308919801e-031 -1.0 4.25065222109759e-031
  outer loop
    vertex -5.45801591873169 -6.90880012512207 10.0497131347656
    vertex -3.3626914024353 -6.90880012512207 9.98517990112305
    vertex -3.18301463127136 -6.90880012512207 10.0439004898071
  endloop
endfacet
facet normal 3.81888308919801e-031 -1.0 4.25065222109759e-031
  outer loop
    vertex -5.45801591873169 -6.90880012512207 10.0497131347656
    vertex -3.18301463127136 -6.90880012512207 10.0439004898071
    vertex -3.00231337547302 -6.90880012512207 10.0993871688843
  endloop
endfacet
facet normal 3.81888308919801e-031 -1.0 4.25065222109759e-031
  outer loop
    vertex -5.45801591873169 -6.90880012512207 10.0497131347656
    vertex -3.00231337547302 -6.90880012512207 10.0993871688843
    vertex -5.28467416763306 -6.90880012512207 10.1419372558594
  endloop
endfacet
facet normal 3.81888308919801e-031 -1.0 4.25065222109759e-031
  outer loop
    vertex -5.28467416763306 -6.90880012512207 10.1419372558594
    vertex -3.00231337547302 -6.90880012512207 10.0993871688843
    vertex -2.82064580917358 -6.90880012512207 10.1516237258911
  endloop
endfacet
facet normal 3.81888308919801e-031 -1.0 4.25065222109759e-031
  outer loop
    vertex -5.28467416763306 -6.90880012512207 10.1419372558594
    vertex -2.82064580917358 -6.90880012512207 10.1516237258911
    vertex -5.10977458953857 -6.90880012512207 10.2311716079712
  endloop
endfacet
facet normal 3.81888308919801e-031 -1.0 4.25065222109759e-031
  outer loop
    vertex -5.10977458953857 -6.90880012512207 10.2311716079712
    vertex -2.82064580917358 -6.90880012512207 10.1516237258911
    vertex -2.63807010650635 -6.90880012512207 10.2005929946899
  endloop
endfacet
facet normal 3.81888308919801e-031 -1.0 4.25065222109759e-031
  outer loop
    vertex -5.10977458953857 -6.90880012512207 10.2311716079712
    vertex -2.63807010650635 -6.90880012512207 10.2005929946899
    vertex -2.45464563369751 -6.90880012512207 10.2462787628174
  endloop
endfacet
facet normal 3.81888308919801e-031 -1.0 4.25065222109759e-031
  outer loop
    vertex -5.10977458953857 -6.90880012512207 10.2311716079712
    vertex -2.45464563369751 -6.90880012512207 10.2462787628174
    vertex -4.93336868286133 -6.90880012512207 10.3173904418945
  endloop
endfacet
facet normal 3.81888308919801e-031 -1.0 4.25065222109759e-031
  outer loop
    vertex -4.93336868286133 -6.90880012512207 10.3173904418945
    vertex -2.45464563369751 -6.90880012512207 10.2462787628174
    vertex -2.27043080329895 -6.90880012512207 10.2886667251587
  endloop
endfacet
facet normal 3.81888308919801e-031 -1.0 4.25065222109759e-031
  outer loop
    vertex -4.93336868286133 -6.90880012512207 10.3173904418945
    vertex -2.27043080329895 -6.90880012512207 10.2886667251587
    vertex -2.08548521995544 -6.90880012512207 10.3277425765991
  endloop
endfacet
facet normal 3.81888308919801e-031 -1.0 4.25065222109759e-031
  outer loop
    vertex -4.93336868286133 -6.90880012512207 10.3173904418945
    vertex -2.08548521995544 -6.90880012512207 10.3277425765991
    vertex -4.75550889968872 -6.90880012512207 10.4005680084229
  endloop
endfacet
facet normal 3.81888308919801e-031 -1.0 4.25065222109759e-031
  outer loop
    vertex -4.75550889968872 -6.90880012512207 10.4005680084229
    vertex -2.08548521995544 -6.90880012512207 10.3277425765991
    vertex -1.89986836910248 -6.90880012512207 10.3634939193726
  endloop
endfacet
facet normal 3.81888308919801e-031 -1.0 4.25065222109759e-031
  outer loop
    vertex -4.75550889968872 -6.90880012512207 10.4005680084229
    vertex -1.89986836910248 -6.90880012512207 10.3634939193726
    vertex -1.71363997459412 -6.90880012512207 10.3959102630615
  endloop
endfacet
facet normal 3.81888308919801e-031 -1.0 4.25065222109759e-031
  outer loop
    vertex -4.75550889968872 -6.90880012512207 10.4005680084229
    vertex -1.71363997459412 -6.90880012512207 10.3959102630615
    vertex -1.52686011791229 -6.90880012512207 10.4249801635742
  endloop
endfacet
facet normal 3.81888308919801e-031 -1.0 4.25065222109759e-031
  outer loop
    vertex -4.75550889968872 -6.90880012512207 10.4005680084229
    vertex -1.52686011791229 -6.90880012512207 10.4249801635742
    vertex -4.576247215271 -6.90880012512207 10.4806795120239
  endloop
endfacet
facet normal 3.81888308919801e-031 -1.0 4.25065222109759e-031
  outer loop
    vertex -4.576247215271 -6.90880012512207 10.4806795120239
    vertex -1.52686011791229 -6.90880012512207 10.4249801635742
    vertex -1.33958876132965 -6.90880012512207 10.4506940841675
  endloop
endfacet
facet normal 3.81888308919801e-031 -1.0 4.25065222109759e-031
  outer loop
    vertex -4.576247215271 -6.90880012512207 10.4806795120239
    vertex -1.33958876132965 -6.90880012512207 10.4506940841675
    vertex -1.15188610553741 -6.90880012512207 10.4730443954468
  endloop
endfacet
facet normal 3.81888308919801e-031 -1.0 4.25065222109759e-031
  outer loop
    vertex -4.576247215271 -6.90880012512207 10.4806795120239
    vertex -1.15188610553741 -6.90880012512207 10.4730443954468
    vertex -0.963812828063965 -6.90880012512207 10.4920244216919
  endloop
endfacet
facet normal 3.81888308919801e-031 -1.0 4.25065222109759e-031
  outer loop
    vertex -4.576247215271 -6.90880012512207 10.4806795120239
    vertex -0.963812828063965 -6.90880012512207 10.4920244216919
    vertex -4.39563608169556 -6.90880012512207 10.5577011108398
  endloop
endfacet
facet normal 3.81888308919801e-031 -1.0 4.25065222109759e-031
  outer loop
    vertex -4.39563608169556 -6.90880012512207 10.5577011108398
    vertex -0.963812828063965 -6.90880012512207 10.4920244216919
    vertex -0.775429248809814 -6.90880012512207 10.5076265335083
  endloop
endfacet
facet normal 3.81888308919801e-031 -1.0 4.25065222109759e-031
  outer loop
    vertex -4.39563608169556 -6.90880012512207 10.5577011108398
    vertex -0.775429248809814 -6.90880012512207 10.5076265335083
    vertex -0.58679610490799 -6.90880012512207 10.5198469161987
  endloop
endfacet
facet normal 3.81888308919801e-031 -1.0 4.25065222109759e-031
  outer loop
    vertex -4.39563608169556 -6.90880012512207 10.5577011108398
    vertex -0.58679610490799 -6.90880012512207 10.5198469161987
    vertex -0.397974103689194 -6.90880012512207 10.5286808013916
  endloop
endfacet
facet normal 3.81888308919801e-031 -1.0 4.25065222109759e-031
  outer loop
    vertex -4.39563608169556 -6.90880012512207 10.5577011108398
    vertex -0.397974103689194 -6.90880012512207 10.5286808013916
    vertex -0.209023982286453 -6.90880012512207 10.5341262817383
  endloop
endfacet
facet normal 3.81888308919801e-031 -1.0 4.25065222109759e-031
  outer loop
    vertex -4.39563608169556 -6.90880012512207 10.5577011108398
    vertex -0.209023982286453 -6.90880012512207 10.5341262817383
    vertex -0.0200065914541483 -6.90880012512207 10.5361814498901
  endloop
endfacet
facet normal 3.81888308919801e-031 -1.0 4.25065222109759e-031
  outer loop
    vertex -4.39563608169556 -6.90880012512207 10.5577011108398
    vertex -0.0200065914541483 -6.90880012512207 10.5361814498901
    vertex 4.40357494354248 -6.90880012512207 10.5543928146362
  endloop
endfacet
facet normal 3.81888308919801e-031 -1.0 4.25065222109759e-031
  outer loop
    vertex -4.39563608169556 -6.90880012512207 10.5577011108398
    vertex 4.40357494354248 -6.90880012512207 10.5543928146362
    vertex 4.22172403335571 -6.90880012512207 10.628438949585
  endloop
endfacet
facet normal 3.81888308919801e-031 -1.0 4.25065222109759e-031
  outer loop
    vertex -4.39563608169556 -6.90880012512207 10.5577011108398
    vertex 4.22172403335571 -6.90880012512207 10.628438949585
    vertex -4.21372985839844 -6.90880012512207 10.6316108703613
  endloop
endfacet
facet normal 3.81888308919801e-031 -1.0 4.25065222109759e-031
  outer loop
    vertex -4.21372985839844 -6.90880012512207 10.6316108703613
    vertex 4.22172403335571 -6.90880012512207 10.628438949585
    vertex 4.03862857818604 -6.90880012512207 10.6993522644043
  endloop
endfacet
facet normal 3.81888308919801e-031 -1.0 4.25065222109759e-031
  outer loop
    vertex -4.21372985839844 -6.90880012512207 10.6316108703613
    vertex 4.03862857818604 -6.90880012512207 10.6993522644043
    vertex -4.03058099746704 -6.90880012512207 10.7023868560791
  endloop
endfacet
facet normal 3.81888308919801e-031 -1.0 4.25065222109759e-031
  outer loop
    vertex -4.03058099746704 -6.90880012512207 10.7023868560791
    vertex 4.03862857818604 -6.90880012512207 10.6993522644043
    vertex 3.85434293746948 -6.90880012512207 10.7671127319336
  endloop
endfacet
facet normal 3.81888308919801e-031 -1.0 4.25065222109759e-031
  outer loop
    vertex -4.03058099746704 -6.90880012512207 10.7023868560791
    vertex 3.85434293746948 -6.90880012512207 10.7671127319336
    vertex -3.84624433517456 -6.90880012512207 10.7700080871582
  endloop
endfacet
facet normal 3.81888308919801e-031 -1.0 4.25065222109759e-031
  outer loop
    vertex -3.84624433517456 -6.90880012512207 10.7700080871582
    vertex 3.85434293746948 -6.90880012512207 10.7671127319336
    vertex 3.66892099380493 -6.90880012512207 10.8316984176636
  endloop
endfacet
facet normal 3.81888308919801e-031 -1.0 4.25065222109759e-031
  outer loop
    vertex -3.84624433517456 -6.90880012512207 10.7700080871582
    vertex 3.66892099380493 -6.90880012512207 10.8316984176636
    vertex -3.66077375411987 -6.90880012512207 10.834454536438
  endloop
endfacet
facet normal 3.81888308919801e-031 -1.0 4.25065222109759e-031
  outer loop
    vertex -3.66077375411987 -6.90880012512207 10.834454536438
    vertex 3.66892099380493 -6.90880012512207 10.8316984176636
    vertex 3.482417345047 -6.90880012512207 10.8930912017822
  endloop
endfacet
facet normal 3.81888308919801e-031 -1.0 4.25065222109759e-031
  outer loop
    vertex -3.66077375411987 -6.90880012512207 10.834454536438
    vertex 3.482417345047 -6.90880012512207 10.8930912017822
    vertex -3.47422409057617 -6.90880012512207 10.8957071304321
  endloop
endfacet
facet normal 3.81888308919801e-031 -1.0 4.25065222109759e-031
  outer loop
    vertex -3.47422409057617 -6.90880012512207 10.8957071304321
    vertex 3.482417345047 -6.90880012512207 10.8930912017822
    vertex 3.29488730430603 -6.90880012512207 10.9512729644775
  endloop
endfacet
facet normal 3.81888308919801e-031 -1.0 4.25065222109759e-031
  outer loop
    vertex -3.47422409057617 -6.90880012512207 10.8957071304321
    vertex 3.29488730430603 -6.90880012512207 10.9512729644775
    vertex -3.28665041923523 -6.90880012512207 10.9537477493286
  endloop
endfacet
facet normal 3.81888308919801e-031 -1.0 4.25065222109759e-031
  outer loop
    vertex -3.28665041923523 -6.90880012512207 10.9537477493286
    vertex 3.29488730430603 -6.90880012512207 10.9512729644775
    vertex 3.1063859462738 -6.90880012512207 11.0062274932861
  endloop
endfacet
facet normal 3.81888308919801e-031 -1.0 4.25065222109759e-031
  outer loop
    vertex -3.28665041923523 -6.90880012512207 10.9537477493286
    vertex 3.1063859462738 -6.90880012512207 11.0062274932861
    vertex -3.09810781478882 -6.90880012512207 11.0085601806641
  endloop
endfacet
facet normal 3.81888308919801e-031 -1.0 4.25065222109759e-031
  outer loop
    vertex -3.09810781478882 -6.90880012512207 11.0085601806641
    vertex 3.1063859462738 -6.90880012512207 11.0062274932861
    vertex 2.91696906089783 -6.90880012512207 11.057936668396
  endloop
endfacet
facet normal 3.81888308919801e-031 -1.0 4.25065222109759e-031
  outer loop
    vertex -3.09810781478882 -6.90880012512207 11.0085601806641
    vertex 2.91696906089783 -6.90880012512207 11.057936668396
    vertex -2.90865206718445 -6.90880012512207 11.0601272583008
  endloop
endfacet
facet normal 3.81888308919801e-031 -1.0 4.25065222109759e-031
  outer loop
    vertex -2.90865206718445 -6.90880012512207 11.0601272583008
    vertex 2.91696906089783 -6.90880012512207 11.057936668396
    vertex 2.72669219970703 -6.90880012512207 11.1063861846924
  endloop
endfacet
facet normal 3.81888308919801e-031 -1.0 4.25065222109759e-031
  outer loop
    vertex -2.90865206718445 -6.90880012512207 11.0601272583008
    vertex 2.72669219970703 -6.90880012512207 11.1063861846924
    vertex -2.71833872795105 -6.90880012512207 11.1084337234497
  endloop
endfacet
facet normal 3.81888308919801e-031 -1.0 4.25065222109759e-031
  outer loop
    vertex -2.71833872795105 -6.90880012512207 11.1084337234497
    vertex 2.72669219970703 -6.90880012512207 11.1063861846924
    vertex 2.53561162948608 -6.90880012512207 11.1515626907349
  endloop
endfacet
facet normal 3.81888308919801e-031 -1.0 4.25065222109759e-031
  outer loop
    vertex -2.71833872795105 -6.90880012512207 11.1084337234497
    vertex 2.53561162948608 -6.90880012512207 11.1515626907349
    vertex -2.52722430229187 -6.90880012512207 11.1534662246704
  endloop
endfacet
facet normal 3.81888308919801e-031 -1.0 4.25065222109759e-031
  outer loop
    vertex -2.52722430229187 -6.90880012512207 11.1534662246704
    vertex 2.53561162948608 -6.90880012512207 11.1515626907349
    vertex 2.34378361701965 -6.90880012512207 11.1934509277344
  endloop
endfacet
facet normal 3.81888308919801e-031 -1.0 4.25065222109759e-031
  outer loop
    vertex -2.52722430229187 -6.90880012512207 11.1534662246704
    vertex 2.34378361701965 -6.90880012512207 11.1934509277344
    vertex -2.335364818573 -6.90880012512207 11.1952104568481
  endloop
endfacet
facet normal 3.81888308919801e-031 -1.0 4.25065222109759e-031
  outer loop
    vertex -2.335364818573 -6.90880012512207 11.1952104568481
    vertex 2.34378361701965 -6.90880012512207 11.1934509277344
    vertex 2.15126466751099 -6.90880012512207 11.2320404052734
  endloop
endfacet
facet normal 3.81888308919801e-031 -1.0 4.25065222109759e-031
  outer loop
    vertex -2.335364818573 -6.90880012512207 11.1952104568481
    vertex 2.15126466751099 -6.90880012512207 11.2320404052734
    vertex -2.14281678199768 -6.90880012512207 11.2336549758911
  endloop
endfacet
facet normal 3.81888308919801e-031 -1.0 4.25065222109759e-031
  outer loop
    vertex -2.14281678199768 -6.90880012512207 11.2336549758911
    vertex 2.15126466751099 -6.90880012512207 11.2320404052734
    vertex 1.9581116437912 -6.90880012512207 11.2673187255859
  endloop
endfacet
facet normal 3.81888308919801e-031 -1.0 4.25065222109759e-031
  outer loop
    vertex -2.14281678199768 -6.90880012512207 11.2336549758911
    vertex 1.9581116437912 -6.90880012512207 11.2673187255859
    vertex -1.9496374130249 -6.90880012512207 11.2687883377075
  endloop
endfacet
facet normal 3.81888308919801e-031 -1.0 4.25065222109759e-031
  outer loop
    vertex -1.9496374130249 -6.90880012512207 11.2687883377075
    vertex 1.9581116437912 -6.90880012512207 11.2673187255859
    vertex 1.76438140869141 -6.90880012512207 11.2992753982544
  endloop
endfacet
facet normal 3.81888308919801e-031 -1.0 4.25065222109759e-031
  outer loop
    vertex -1.9496374130249 -6.90880012512207 11.2687883377075
    vertex 1.76438140869141 -6.90880012512207 11.2992753982544
    vertex -1.75588309764862 -6.90880012512207 11.3005990982056
  endloop
endfacet
facet normal 3.81888308919801e-031 -1.0 4.25065222109759e-031
  outer loop
    vertex -1.75588309764862 -6.90880012512207 11.3005990982056
    vertex 1.76438140869141 -6.90880012512207 11.2992753982544
    vertex 1.5701310634613 -6.90880012512207 11.32790184021
  endloop
endfacet
facet normal 3.81888308919801e-031 -1.0 4.25065222109759e-031
  outer loop
    vertex -1.75588309764862 -6.90880012512207 11.3005990982056
    vertex 1.5701310634613 -6.90880012512207 11.32790184021
    vertex -1.5616112947464 -6.90880012512207 11.3290796279907
  endloop
endfacet
facet normal 3.81888308919801e-031 -1.0 4.25065222109759e-031
  outer loop
    vertex -1.5616112947464 -6.90880012512207 11.3290796279907
    vertex 1.5701310634613 -6.90880012512207 11.32790184021
    vertex 1.37541782855988 -6.90880012512207 11.3531885147095
  endloop
endfacet
facet normal 3.81888308919801e-031 -1.0 4.25065222109759e-031
  outer loop
    vertex -1.5616112947464 -6.90880012512207 11.3290796279907
    vertex 1.37541782855988 -6.90880012512207 11.3531885147095
    vertex -1.36687910556793 -6.90880012512207 11.3542203903198
  endloop
endfacet
facet normal 3.81888308919801e-031 -1.0 4.25065222109759e-031
  outer loop
    vertex -1.36687910556793 -6.90880012512207 11.3542203903198
    vertex 1.37541782855988 -6.90880012512207 11.3531885147095
    vertex 1.18029928207397 -6.90880012512207 11.3751287460327
  endloop
endfacet
facet normal 3.81888308919801e-031 -1.0 4.25065222109759e-031
  outer loop
    vertex -1.36687910556793 -6.90880012512207 11.3542203903198
    vertex 1.18029928207397 -6.90880012512207 11.3751287460327
    vertex -1.17174410820007 -6.90880012512207 11.3760137557983
  endloop
endfacet
facet normal 3.81888308919801e-031 -1.0 4.25065222109759e-031
  outer loop
    vertex -1.17174410820007 -6.90880012512207 11.3760137557983
    vertex 1.18029928207397 -6.90880012512207 11.3751287460327
    vertex 0.98483270406723 -6.90880012512207 11.3937168121338
  endloop
endfacet
facet normal 3.81888308919801e-031 -1.0 4.25065222109759e-031
  outer loop
    vertex -1.17174410820007 -6.90880012512207 11.3760137557983
    vertex 0.98483270406723 -6.90880012512207 11.3937168121338
    vertex -0.976263582706451 -6.90880012512207 11.3944540023804
  endloop
endfacet
facet normal 3.81888308919801e-031 -1.0 4.25065222109759e-031
  outer loop
    vertex -0.976263582706451 -6.90880012512207 11.3944540023804
    vertex 0.98483270406723 -6.90880012512207 11.3937168121338
    vertex 0.789075791835785 -6.90880012512207 11.4089450836182
  endloop
endfacet
facet normal 3.81888308919801e-031 -1.0 4.25065222109759e-031
  outer loop
    vertex -0.976263582706451 -6.90880012512207 11.3944540023804
    vertex 0.789075791835785 -6.90880012512207 11.4089450836182
    vertex -0.780495345592499 -6.90880012512207 11.40953540802
  endloop
endfacet
facet normal 3.81888308919801e-031 -1.0 4.25065222109759e-031
  outer loop
    vertex -0.780495345592499 -6.90880012512207 11.40953540802
    vertex 0.789075791835785 -6.90880012512207 11.4089450836182
    vertex 0.593086361885071 -6.90880012512207 11.4208106994629
  endloop
endfacet
facet normal 3.81888308919801e-031 -1.0 4.25065222109759e-031
  outer loop
    vertex -0.780495345592499 -6.90880012512207 11.40953540802
    vertex 0.593086361885071 -6.90880012512207 11.4208106994629
    vertex -0.584497034549713 -6.90880012512207 11.4212532043457
  endloop
endfacet
facet normal 3.81888308919801e-031 -1.0 4.25065222109759e-031
  outer loop
    vertex -0.584497034549713 -6.90880012512207 11.4212532043457
    vertex 0.593086361885071 -6.90880012512207 11.4208106994629
    vertex 0.396922081708908 -6.90880012512207 11.4293098449707
  endloop
endfacet
facet normal 3.81888308919801e-031 -1.0 4.25065222109759e-031
  outer loop
    vertex -0.584497034549713 -6.90880012512207 11.4212532043457
    vertex 0.396922081708908 -6.90880012512207 11.4293098449707
    vertex -0.388326406478882 -6.90880012512207 11.4296054840088
  endloop
endfacet
facet normal 3.81888308919801e-031 -1.0 4.25065222109759e-031
  outer loop
    vertex -0.388326406478882 -6.90880012512207 11.4296054840088
    vertex 0.396922081708908 -6.90880012512207 11.4293098449707
    vertex 0.200640797615051 -6.90880012512207 11.4344396591187
  endloop
endfacet
facet normal 3.81888308919801e-031 -1.0 4.25065222109759e-031
  outer loop
    vertex -0.388326406478882 -6.90880012512207 11.4296054840088
    vertex 0.200640797615051 -6.90880012512207 11.4344396591187
    vertex -0.192041322588921 -6.90880012512207 11.4345874786377
  endloop
endfacet
facet normal 3.81888308919801e-031 -1.0 4.25065222109759e-031
  outer loop
    vertex -0.192041322588921 -6.90880012512207 11.4345874786377
    vertex 0.200640797615051 -6.90880012512207 11.4344396591187
    vertex 0.00430037081241608 -6.90880012512207 11.4361991882324
  endloop
endfacet
facet normal 0.0 -1.0 0.0
  outer loop
    vertex 22.3012008666992 0.0 -8.57250022888184
    vertex 0.0 0.0 -10.2362003326416
    vertex 22.3012008666992 0.0 -10.2362003326416
  endloop
endfacet
facet normal 0.0 -1.0 0.0
  outer loop
    vertex 0.0 0.0 -10.2362003326416
    vertex 22.3012008666992 0.0 -8.57250022888184
    vertex -0.186391234397888 0.0 -10.2345027923584
  endloop
endfacet
facet normal 0.0 -1.0 0.0
  outer loop
    vertex -0.186391234397888 0.0 -10.2345027923584
    vertex 22.3012008666992 0.0 -8.57250022888184
    vertex -0.372720658779144 0.0 -10.2294120788574
  endloop
endfacet
facet normal 0.0 -1.0 0.0
  outer loop
    vertex -0.372720658779144 0.0 -10.2294120788574
    vertex 22.3012008666992 0.0 -8.57250022888184
    vertex -0.558926522731781 0.0 -10.220929145813
  endloop
endfacet
facet normal 0.0 -1.0 0.0
  outer loop
    vertex -0.558926522731781 0.0 -10.220929145813
    vertex 22.3012008666992 0.0 -8.57250022888184
    vertex -0.744947016239166 0.0 -10.209056854248
  endloop
endfacet
facet normal 0.0 -1.0 0.0
  outer loop
    vertex -0.744947016239166 0.0 -10.209056854248
    vertex 22.3012008666992 0.0 -8.57250022888184
    vertex -0.930720448493957 0.0 -10.1937999725342
  endloop
endfacet
facet normal 0.0 -1.0 0.0
  outer loop
    vertex -0.930720448493957 0.0 -10.1937999725342
    vertex 22.3012008666992 0.0 -8.57250022888184
    vertex -1.11618530750275 0.0 -10.1751623153687
  endloop
endfacet
facet normal 0.0 -1.0 0.0
  outer loop
    vertex -1.11618530750275 0.0 -10.1751623153687
    vertex 22.3012008666992 0.0 -8.57250022888184
    vertex -1.30128002166748 0.0 -10.1531505584717
  endloop
endfacet
facet normal 0.0 -1.0 0.0
  outer loop
    vertex -1.30128002166748 0.0 -10.1531505584717
    vertex 22.3012008666992 0.0 -8.57250022888184
    vertex -1.48594331741333 0.0 -10.1277723312378
  endloop
endfacet
facet normal 0.0 -1.0 0.0
  outer loop
    vertex -1.48594331741333 0.0 -10.1277723312378
    vertex 22.3012008666992 0.0 -8.57250022888184
    vertex -1.67011380195618 0.0 -10.0990352630615
  endloop
endfacet
facet normal 0.0 -1.0 0.0
  outer loop
    vertex -1.67011380195618 0.0 -10.0990352630615
    vertex 22.3012008666992 0.0 -8.57250022888184
    vertex -1.85373044013977 0.0 -10.0669498443604
  endloop
endfacet
facet normal 0.0 -1.0 0.0
  outer loop
    vertex -1.85373044013977 0.0 -10.0669498443604
    vertex 22.3012008666992 0.0 -8.57250022888184
    vertex -2.03673243522644 0.0 -10.0315256118774
  endloop
endfacet
facet normal 0.0 -1.0 0.0
  outer loop
    vertex -2.03673243522644 0.0 -10.0315256118774
    vertex 22.3012008666992 0.0 -8.57250022888184
    vertex -2.21905899047852 0.0 -9.99277591705322
  endloop
endfacet
facet normal 0.0 -1.0 0.0
  outer loop
    vertex -2.21905899047852 0.0 -9.99277591705322
    vertex 22.3012008666992 0.0 -8.57250022888184
    vertex -2.40064978599548 0.0 -9.95071220397949
  endloop
endfacet
facet normal 0.0 -1.0 0.0
  outer loop
    vertex -2.40064978599548 0.0 -9.95071220397949
    vertex 22.3012008666992 0.0 -8.57250022888184
    vertex -2.58144474029541 0.0 -9.90534877777099
  endloop
endfacet
facet normal 0.0 -1.0 0.0
  outer loop
    vertex -2.58144474029541 0.0 -9.90534877777099
    vertex 22.3012008666992 0.0 -8.57250022888184
    vertex -2.7613832950592 0.0 -9.8567008972168
  endloop
endfacet
facet normal 0.0 -1.0 0.0
  outer loop
    vertex -2.7613832950592 0.0 -9.8567008972168
    vertex 22.3012008666992 0.0 -8.57250022888184
    vertex -2.94040656089783 0.0 -9.80478477478027
  endloop
endfacet
facet normal 0.0 -1.0 0.0
  outer loop
    vertex -2.94040656089783 0.0 -9.80478477478027
    vertex 22.3012008666992 0.0 -8.57250022888184
    vertex -3.11845445632935 0.0 -9.7496166229248
  endloop
endfacet
facet normal 0.0 -1.0 0.0
  outer loop
    vertex -3.11845445632935 0.0 -9.7496166229248
    vertex 22.3012008666992 0.0 -8.57250022888184
    vertex -3.29546856880188 0.0 -9.69121646881103
  endloop
endfacet
facet normal 0.0 -1.0 0.0
  outer loop
    vertex -3.29546856880188 0.0 -9.69121646881103
    vertex 22.3012008666992 0.0 -8.57250022888184
    vertex -3.47138977050781 0.0 -9.62960243225098
  endloop
endfacet
facet normal 0.0 -1.0 0.0
  outer loop
    vertex -3.47138977050781 0.0 -9.62960243225098
    vertex 22.3012008666992 0.0 -8.57250022888184
    vertex -3.64615988731384 0.0 -9.56479549407959
  endloop
endfacet
facet normal 0.0 -1.0 0.0
  outer loop
    vertex -3.64615988731384 0.0 -9.56479549407959
    vertex 22.3012008666992 0.0 -8.57250022888184
    vertex -3.81972098350525 0.0 -9.49681663513183
  endloop
endfacet
facet normal 0.0 -1.0 0.0
  outer loop
    vertex -3.81972098350525 0.0 -9.49681663513183
    vertex 22.3012008666992 0.0 -8.57250022888184
    vertex -3.99201560020447 0.0 -9.42568874359131
  endloop
endfacet
facet normal 0.0 -1.0 0.0
  outer loop
    vertex -3.99201560020447 0.0 -9.42568874359131
    vertex 22.3012008666992 0.0 -8.57250022888184
    vertex -4.16298627853394 0.0 -9.3514347076416
  endloop
endfacet
facet normal 0.0 -1.0 0.0
  outer loop
    vertex -4.16298627853394 0.0 -9.3514347076416
    vertex 22.3012008666992 0.0 -8.57250022888184
    vertex -4.33257675170898 0.0 -9.27408027648926
  endloop
endfacet
facet normal 0.0 -1.0 0.0
  outer loop
    vertex -4.33257675170898 0.0 -9.27408027648926
    vertex 22.3012008666992 0.0 -8.57250022888184
    vertex -4.50073003768921 0.0 -9.19365119934082
  endloop
endfacet
facet normal 0.0 -1.0 0.0
  outer loop
    vertex -4.50073003768921 0.0 -9.19365119934082
    vertex 22.3012008666992 0.0 -8.57250022888184
    vertex -4.66739130020142 0.0 -9.11017322540283
  endloop
endfacet
facet normal 0.0 -1.0 0.0
  outer loop
    vertex -4.66739130020142 0.0 -9.11017322540283
    vertex 22.3012008666992 0.0 -8.57250022888184
    vertex -4.83250474929809 0.0 -9.02367401123047
  endloop
endfacet
facet normal 0.0 -1.0 0.0
  outer loop
    vertex -4.83250474929809 0.0 -9.02367401123047
    vertex 22.3012008666992 0.0 -8.57250022888184
    vertex -4.99601602554321 0.0 -8.93418216705322
  endloop
endfacet
facet normal 0.0 -1.0 0.0
  outer loop
    vertex -4.99601602554321 0.0 -8.93418216705322
    vertex 22.3012008666992 0.0 -8.57250022888184
    vertex -5.15787029266357 0.0 -8.84172821044922
  endloop
endfacet
facet normal 0.0 -1.0 0.0
  outer loop
    vertex -5.15787029266357 0.0 -8.84172821044922
    vertex 22.3012008666992 0.0 -8.57250022888184
    vertex -5.31801462173462 0.0 -8.74634265899658
  endloop
endfacet
facet normal 0.0 -1.0 0.0
  outer loop
    vertex -5.31801462173462 0.0 -8.74634265899658
    vertex 22.3012008666992 0.0 -8.57250022888184
    vertex -5.47639513015747 0.0 -8.64805698394775
  endloop
endfacet
facet normal 0.0 -1.0 0.0
  outer loop
    vertex -5.47639513015747 0.0 -8.64805698394775
    vertex 22.3012008666992 0.0 -8.57250022888184
    vertex -5.63295984268188 0.0 -8.54690265655517
  endloop
endfacet
facet normal 0.0 -1.0 0.0
  outer loop
    vertex -5.63295984268188 0.0 -8.54690265655517
    vertex 22.3012008666992 0.0 -8.57250022888184
    vertex 3.20357489585876 0.0 -5.07999992370605
  endloop
endfacet
facet normal 0.0 -1.0 0.0
  outer loop
    vertex -5.63295984268188 0.0 -8.54690265655517
    vertex 3.20357489585876 0.0 -5.07999992370605
    vertex -5.78765678405762 0.0 -8.44291496276855
  endloop
endfacet
facet normal 0.0 -1.0 0.0
  outer loop
    vertex -5.78765678405762 0.0 -8.44291496276855
    vertex 3.20357489585876 0.0 -5.07999992370605
    vertex -5.94043445587158 0.0 -8.33612823486328
  endloop
endfacet
facet normal 0.0 -1.0 0.0
  outer loop
    vertex -5.94043445587158 0.0 -8.33612823486328
    vertex 3.20357489585876 0.0 -5.07999992370605
    vertex -6.09124231338501 0.0 -8.22657585144043
  endloop
endfacet
facet normal 0.0 -1.0 0.0
  outer loop
    vertex -6.09124231338501 0.0 -8.22657585144043
    vertex 3.20357489585876 0.0 -5.07999992370605
    vertex -6.24003028869629 0.0 -8.11429691314697
  endloop
endfacet
facet normal 0.0 -1.0 0.0
  outer loop
    vertex -6.24003028869629 0.0 -8.11429691314697
    vertex 3.20357489585876 0.0 -5.07999992370605
    vertex -6.38674926757812 0.0 -7.99932670593262
  endloop
endfacet
facet normal 0.0 -1.0 0.0
  outer loop
    vertex -6.38674926757812 0.0 -7.99932670593262
    vertex 3.20357489585876 0.0 -5.07999992370605
    vertex -6.53135013580322 0.0 -7.88170385360718
  endloop
endfacet
facet normal 0.0 -1.0 0.0
  outer loop
    vertex -6.53135013580322 0.0 -7.88170385360718
    vertex 3.20357489585876 0.0 -5.07999992370605
    vertex -6.67378568649292 0.0 -7.76146745681763
  endloop
endfacet
facet normal 0.0 -1.0 0.0
  outer loop
    vertex -6.67378568649292 0.0 -7.76146745681763
    vertex 3.20357489585876 0.0 -5.07999992370605
    vertex -6.81400775909424 0.0 -7.63865756988525
  endloop
endfacet
facet normal 0.0 -1.0 0.0
  outer loop
    vertex -6.81400775909424 0.0 -7.63865756988525
    vertex 3.20357489585876 0.0 -5.07999992370605
    vertex -6.95197057723999 0.0 -7.51331472396851
  endloop
endfacet
facet normal 0.0 -1.0 0.0
  outer loop
    vertex -6.95197057723999 0.0 -7.51331472396851
    vertex 3.20357489585876 0.0 -5.07999992370605
    vertex -7.08762788772583 0.0 -7.38548040390015
  endloop
endfacet
facet normal 0.0 -1.0 0.0
  outer loop
    vertex -7.08762788772583 0.0 -7.38548040390015
    vertex 3.20357489585876 0.0 -5.07999992370605
    vertex -7.22093534469604 0.0 -7.25519704818726
  endloop
endfacet
facet normal 0.0 -1.0 0.0
  outer loop
    vertex -7.22093534469604 0.0 -7.25519704818726
    vertex 3.20357489585876 0.0 -5.07999992370605
    vertex -7.35184812545776 0.0 -7.12250804901123
  endloop
endfacet
facet normal 0.0 -1.0 0.0
  outer loop
    vertex -7.35184812545776 0.0 -7.12250804901123
    vertex 3.20357489585876 0.0 -5.07999992370605
    vertex -7.48032331466675 0.0 -6.98745679855347
  endloop
endfacet
facet normal 0.0 -1.0 0.0
  outer loop
    vertex -7.48032331466675 0.0 -6.98745679855347
    vertex 3.20357489585876 0.0 -5.07999992370605
    vertex -7.60631799697876 0.0 -6.85008907318115
  endloop
endfacet
facet normal 0.0 -1.0 0.0
  outer loop
    vertex -7.60631799697876 0.0 -6.85008907318115
    vertex 3.20357489585876 0.0 -5.07999992370605
    vertex -7.72979021072388 0.0 -6.71044969558716
  endloop
endfacet
facet normal 0.0 -1.0 0.0
  outer loop
    vertex -7.72979021072388 0.0 -6.71044969558716
    vertex 3.20357489585876 0.0 -5.07999992370605
    vertex -7.85069942474365 0.0 -6.56858539581299
  endloop
endfacet
facet normal 0.0 -1.0 0.0
  outer loop
    vertex -7.85069942474365 0.0 -6.56858539581299
    vertex 3.20357489585876 0.0 -5.07999992370605
    vertex -7.96900510787964 0.0 -6.42454242706299
  endloop
endfacet
facet normal 0.0 -1.0 0.0
  outer loop
    vertex -7.96900510787964 0.0 -6.42454242706299
    vertex 3.20357489585876 0.0 -5.07999992370605
    vertex -8.08466815948486 0.0 -6.27836942672729
  endloop
endfacet
facet normal 0.0 -1.0 0.0
  outer loop
    vertex -8.08466815948486 0.0 -6.27836942672729
    vertex 3.20357489585876 0.0 -5.07999992370605
    vertex -8.19765090942383 0.0 -6.13011455535889
  endloop
endfacet
facet normal 0.0 -1.0 0.0
  outer loop
    vertex -8.19765090942383 0.0 -6.13011455535889
    vertex 3.20357489585876 0.0 -5.07999992370605
    vertex -8.30791568756103 0.0 -5.97982692718506
  endloop
endfacet
facet normal 0.0 -1.0 0.0
  outer loop
    vertex -8.30791568756103 0.0 -5.97982692718506
    vertex 3.20357489585876 0.0 -5.07999992370605
    vertex -8.41542530059814 0.0 -5.82755661010742
  endloop
endfacet
facet normal 0.0 -1.0 0.0
  outer loop
    vertex -8.41542530059814 0.0 -5.82755661010742
    vertex 3.20357489585876 0.0 -5.07999992370605
    vertex -8.52014350891113 0.0 -5.67335367202759
  endloop
endfacet
facet normal 0.0 -1.0 0.0
  outer loop
    vertex -8.52014350891113 0.0 -5.67335367202759
    vertex 3.20357489585876 0.0 -5.07999992370605
    vertex -8.62203693389893 0.0 -5.51726961135864
  endloop
endfacet
facet normal 0.0 -1.0 0.0
  outer loop
    vertex -8.62203693389893 0.0 -5.51726961135864
    vertex 3.20357489585876 0.0 -5.07999992370605
    vertex -8.72107219696045 0.0 -5.35935592651367
  endloop
endfacet
facet normal 0.0 -1.0 0.0
  outer loop
    vertex -8.72107219696045 0.0 -5.35935592651367
    vertex 3.20357489585876 0.0 -5.07999992370605
    vertex -8.81721496582031 0.0 -5.19966506958008
  endloop
endfacet
facet normal 0.0 -1.0 0.0
  outer loop
    vertex -8.81721496582031 0.0 -5.19966506958008
    vertex 3.20357489585876 0.0 -5.07999992370605
    vertex -8.91043376922607 0.0 -5.03824996948242
  endloop
endfacet
facet normal 0.0 -1.0 0.0
  outer loop
    vertex -8.91043376922607 0.0 -5.03824996948242
    vertex 3.20357489585876 0.0 -5.07999992370605
    vertex 0.655084550380707 0.0 -1.83271670341492
  endloop
endfacet
facet normal 0.0 -1.0 0.0
  outer loop
    vertex 0.655084550380707 0.0 -1.83271670341492
    vertex 3.20357489585876 0.0 -5.07999992370605
    vertex 0.730755746364594 0.0 -1.80387985706329
  endloop
endfacet
facet normal 0.0 -1.0 0.0
  outer loop
    vertex 0.730755746364594 0.0 -1.80387985706329
    vertex 3.20357489585876 0.0 -5.07999992370605
    vertex 0.805161893367767 0.0 -1.77192008495331
  endloop
endfacet
facet normal 0.0 -1.0 0.0
  outer loop
    vertex 0.805161893367767 0.0 -1.77192008495331
    vertex 3.20357489585876 0.0 -5.07999992370605
    vertex 0.878174185752869 0.0 -1.7368928194046
  endloop
endfacet
facet normal 0.0 -1.0 0.0
  outer loop
    vertex 0.878174185752869 0.0 -1.7368928194046
    vertex 3.20357489585876 0.0 -5.07999992370605
    vertex 0.949666142463684 0.0 -1.69885861873627
  endloop
endfacet
facet normal 0.0 -1.0 0.0
  outer loop
    vertex 0.949666142463684 0.0 -1.69885861873627
    vertex 3.20357489585876 0.0 -5.07999992370605
    vertex 1.0195140838623 0.0 -1.65788340568542
  endloop
endfacet
facet normal 0.0 -1.0 0.0
  outer loop
    vertex 1.0195140838623 0.0 -1.65788340568542
    vertex 3.20357489585876 0.0 -5.07999992370605
    vertex 1.08759701251984 0.0 -1.61403810977936
  endloop
endfacet
facet normal 0.0 -1.0 0.0
  outer loop
    vertex 1.08759701251984 0.0 -1.61403810977936
    vertex 3.20357489585876 0.0 -5.07999992370605
    vertex 1.1537971496582 0.0 -1.56739866733551
  endloop
endfacet
facet normal 0.0 -1.0 0.0
  outer loop
    vertex 1.1537971496582 0.0 -1.56739866733551
    vertex 3.20357489585876 0.0 -5.07999992370605
    vertex 1.21799993515015 0.0 -1.51804566383362
  endloop
endfacet
facet normal 0.0 -1.0 0.0
  outer loop
    vertex 1.21799993515015 0.0 -1.51804566383362
    vertex 3.20357489585876 0.0 -5.07999992370605
    vertex 1.28009402751923 0.0 -1.46606469154358
  endloop
endfacet
facet normal 0.0 -1.0 0.0
  outer loop
    vertex 1.28009402751923 0.0 -1.46606469154358
    vertex 3.20357489585876 0.0 -5.07999992370605
    vertex 1.33997201919556 0.0 -1.411545753479
  endloop
endfacet
facet normal 0.0 -1.0 0.0
  outer loop
    vertex 1.33997201919556 0.0 -1.411545753479
    vertex 3.20357489585876 0.0 -5.07999992370605
    vertex 1.39753031730652 0.0 -1.35458302497864
  endloop
endfacet
facet normal 0.0 -1.0 0.0
  outer loop
    vertex 1.39753031730652 0.0 -1.35458302497864
    vertex 3.20357489585876 0.0 -5.07999992370605
    vertex 1.45266926288605 0.0 -1.29527544975281
  endloop
endfacet
facet normal 0.0 -1.0 0.0
  outer loop
    vertex 1.45266926288605 0.0 -1.29527544975281
    vertex 3.20357489585876 0.0 -5.07999992370605
    vertex 1.50529336929321 0.0 -1.23372530937195
  endloop
endfacet
facet normal 0.0 -1.0 0.0
  outer loop
    vertex 1.50529336929321 0.0 -1.23372530937195
    vertex 3.20357489585876 0.0 -5.07999992370605
    vertex 1.5553115606308 0.0 -1.17003953456879
  endloop
endfacet
facet normal 0.0 -1.0 0.0
  outer loop
    vertex 1.5553115606308 0.0 -1.17003953456879
    vertex 3.20357489585876 0.0 -5.07999992370605
    vertex 1.6026371717453 0.0 -1.10432815551758
  endloop
endfacet
facet normal 0.0 -1.0 0.0
  outer loop
    vertex 1.6026371717453 0.0 -1.10432815551758
    vertex 3.20357489585876 0.0 -5.07999992370605
    vertex 1.6471883058548 0.0 -1.03670489788055
  endloop
endfacet
facet normal 0.0 -1.0 0.0
  outer loop
    vertex 1.6471883058548 0.0 -1.03670489788055
    vertex 3.20357489585876 0.0 -5.07999992370605
    vertex 1.68888783454895 0.0 -0.967287063598633
  endloop
endfacet
facet normal 0.0 -1.0 0.0
  outer loop
    vertex 1.68888783454895 0.0 -0.967287063598633
    vertex 3.20357489585876 0.0 -5.07999992370605
    vertex 1.72766363620758 0.0 -0.896194577217102
  endloop
endfacet
facet normal 0.0 -1.0 0.0
  outer loop
    vertex 1.72766363620758 0.0 -0.896194577217102
    vertex 3.20357489585876 0.0 -5.07999992370605
    vertex 1.76344847679138 0.0 -0.823550641536713
  endloop
endfacet
facet normal 0.0 -1.0 0.0
  outer loop
    vertex 1.76344847679138 0.0 -0.823550641536713
    vertex 3.20357489585876 0.0 -5.07999992370605
    vertex 1.79618060588837 0.0 -0.749480962753296
  endloop
endfacet
facet normal 0.0 -1.0 0.0
  outer loop
    vertex 1.79618060588837 0.0 -0.749480962753296
    vertex 3.20357489585876 0.0 -5.07999992370605
    vertex 1.82580304145813 0.0 -0.674113810062408
  endloop
endfacet
facet normal 0.0 -1.0 0.0
  outer loop
    vertex 1.82580304145813 0.0 -0.674113810062408
    vertex 3.20357489585876 0.0 -5.07999992370605
    vertex 1.85226476192474 0.0 -0.597579658031464
  endloop
endfacet
facet normal 0.0 -1.0 0.0
  outer loop
    vertex 1.85226476192474 0.0 -0.597579658031464
    vertex 3.20357489585876 0.0 -5.07999992370605
    vertex 1.87551987171173 0.0 -0.520011007785797
  endloop
endfacet
facet normal 0.0 -1.0 0.0
  outer loop
    vertex 1.87551987171173 0.0 -0.520011007785797
    vertex 3.20357489585876 0.0 -5.07999992370605
    vertex 1.89552819728851 0.0 -0.441542059183121
  endloop
endfacet
facet normal 0.0 -1.0 0.0
  outer loop
    vertex 1.89552819728851 0.0 -0.441542059183121
    vertex 3.20357489585876 0.0 -5.07999992370605
    vertex 1.91225492954254 0.0 -0.362308740615845
  endloop
endfacet
facet normal 0.0 -1.0 0.0
  outer loop
    vertex 1.91225492954254 0.0 -0.362308740615845
    vertex 3.20357489585876 0.0 -5.07999992370605
    vertex 1.92567110061645 0.0 -0.28244823217392
  endloop
endfacet
facet normal 0.0 -1.0 0.0
  outer loop
    vertex 1.92567110061645 0.0 -0.28244823217392
    vertex 3.20357489585876 0.0 -5.07999992370605
    vertex 3.20357489585876 0.0 9.72198009490967
  endloop
endfacet
facet normal 0.0 -1.0 0.0
  outer loop
    vertex -8.91043376922607 0.0 -5.03824996948242
    vertex 0.655084550380707 0.0 -1.83271670341492
    vertex 0.578279256820679 0.0 -1.85838091373444
  endloop
endfacet
facet normal 0.0 -1.0 0.0
  outer loop
    vertex -8.91043376922607 0.0 -5.03824996948242
    vertex 0.578279256820679 0.0 -1.85838091373444
    vertex -9.00069808959961 0.0 -4.87516450881958
  endloop
endfacet
facet normal 0.0 -1.0 0.0
  outer loop
    vertex -9.00069808959961 0.0 -4.87516450881958
    vertex 0.578279256820679 0.0 -1.85838091373444
    vertex -9.08797740936279 0.0 -4.71046209335327
  endloop
endfacet
facet normal 0.0 -1.0 0.0
  outer loop
    vertex -9.08797740936279 0.0 -4.71046209335327
    vertex 0.578279256820679 0.0 -1.85838091373444
    vertex 0.500472843647003 0.0 -1.88082778453827
  endloop
endfacet
facet normal 0.0 -1.0 0.0
  outer loop
    vertex -9.08797740936279 0.0 -4.71046209335327
    vertex 0.500472843647003 0.0 -1.88082778453827
    vertex -9.17224407196045 0.0 -4.54419803619385
  endloop
endfacet
facet normal 0.0 -1.0 0.0
  outer loop
    vertex -9.17224407196045 0.0 -4.54419803619385
    vertex 0.500472843647003 0.0 -1.88082778453827
    vertex -9.25346851348877 0.0 -4.37642669677734
  endloop
endfacet
facet normal 0.0 -1.0 0.0
  outer loop
    vertex -9.25346851348877 0.0 -4.37642669677734
    vertex 0.500472843647003 0.0 -1.88082778453827
    vertex 0.421800047159195 0.0 -1.9000186920166
  endloop
endfacet
facet normal 0.0 -1.0 0.0
  outer loop
    vertex -9.25346851348877 0.0 -4.37642669677734
    vertex 0.421800047159195 0.0 -1.9000186920166
    vertex -9.33162498474121 0.0 -4.20720481872559
  endloop
endfacet
facet normal 0.0 -1.0 0.0
  outer loop
    vertex -9.33162498474121 0.0 -4.20720481872559
    vertex 0.421800047159195 0.0 -1.9000186920166
    vertex -9.40668678283691 0.0 -4.03658723831177
  endloop
endfacet
facet normal 0.0 -1.0 0.0
  outer loop
    vertex -9.40668678283691 0.0 -4.03658723831177
    vertex 0.421800047159195 0.0 -1.9000186920166
    vertex 0.342397034168243 0.0 -1.91592025756836
  endloop
endfacet
facet normal 0.0 -1.0 0.0
  outer loop
    vertex -9.40668678283691 0.0 -4.03658723831177
    vertex 0.342397034168243 0.0 -1.91592025756836
    vertex -9.47862911224365 0.0 -3.86463141441345
  endloop
endfacet
facet normal 0.0 -1.0 0.0
  outer loop
    vertex -9.47862911224365 0.0 -3.86463141441345
    vertex 0.342397034168243 0.0 -1.91592025756836
    vertex -9.54742908477783 0.0 -3.69139409065247
  endloop
endfacet
facet normal 0.0 -1.0 0.0
  outer loop
    vertex -9.54742908477783 0.0 -3.69139409065247
    vertex 0.342397034168243 0.0 -1.91592025756836
    vertex -9.61306285858154 0.0 -3.51693272590637
  endloop
endfacet
facet normal 0.0 -1.0 0.0
  outer loop
    vertex -9.61306285858154 0.0 -3.51693272590637
    vertex 0.342397034168243 0.0 -1.91592025756836
    vertex 0.262401282787323 0.0 -1.92850506305695
  endloop
endfacet
facet normal 0.0 -1.0 0.0
  outer loop
    vertex -9.61306285858154 0.0 -3.51693272590637
    vertex 0.262401282787323 0.0 -1.92850506305695
    vertex -9.67550849914551 0.0 -3.34130501747131
  endloop
endfacet
facet normal 0.0 -1.0 0.0
  outer loop
    vertex -9.67550849914551 0.0 -3.34130501747131
    vertex 0.262401282787323 0.0 -1.92850506305695
    vertex -9.7347469329834 0.0 -3.16456961631775
  endloop
endfacet
facet normal 0.0 -1.0 0.0
  outer loop
    vertex -9.7347469329834 0.0 -3.16456961631775
    vertex 0.262401282787323 0.0 -1.92850506305695
    vertex 0.181951224803925 0.0 -1.93775129318237
  endloop
endfacet
facet normal 0.0 -1.0 0.0
  outer loop
    vertex -9.7347469329834 0.0 -3.16456961631775
    vertex 0.181951224803925 0.0 -1.93775129318237
    vertex -9.79075622558594 0.0 -2.98678469657898
  endloop
endfacet
facet normal 0.0 -1.0 0.0
  outer loop
    vertex -9.79075622558594 0.0 -2.98678469657898
    vertex 0.181951224803925 0.0 -1.93775129318237
    vertex -9.84351921081543 0.0 -2.80800914764404
  endloop
endfacet
facet normal 0.0 -1.0 0.0
  outer loop
    vertex -9.84351921081543 0.0 -2.80800914764404
    vertex 0.181951224803925 0.0 -1.93775129318237
    vertex 0.101186200976372 0.0 -1.94364285469055
  endloop
endfacet
facet normal 0.0 -1.0 0.0
  outer loop
    vertex -9.84351921081543 0.0 -2.80800914764404
    vertex 0.101186200976372 0.0 -1.94364285469055
    vertex -9.89301872253418 0.0 -2.62830281257629
  endloop
endfacet
facet normal 0.0 -1.0 0.0
  outer loop
    vertex -9.89301872253418 0.0 -2.62830281257629
    vertex 0.101186200976372 0.0 -1.94364285469055
    vertex -9.93923664093018 0.0 -2.44772481918335
  endloop
endfacet
facet normal 0.0 -1.0 0.0
  outer loop
    vertex -9.93923664093018 0.0 -2.44772481918335
    vertex 0.101186200976372 0.0 -1.94364285469055
    vertex -9.98215961456299 0.0 -2.26633501052856
  endloop
endfacet
facet normal 0.0 -1.0 0.0
  outer loop
    vertex -9.98215961456299 0.0 -2.26633501052856
    vertex 0.101186200976372 0.0 -1.94364285469055
    vertex 0.0202460028231144 0.0 -1.94616973400116
  endloop
endfacet
facet normal 0.0 -1.0 0.0
  outer loop
    vertex -9.98215961456299 0.0 -2.26633501052856
    vertex 0.0202460028231144 0.0 -1.94616973400116
    vertex -10.0217723846436 0.0 -2.08419394493103
  endloop
endfacet
facet normal 0.0 -1.0 0.0
  outer loop
    vertex 1.92567110061645 0.0 -0.28244823217392
    vertex 3.20357489585876 0.0 9.72198009490967
    vertex 1.93575370311737 0.0 -0.202098727226257
  endloop
endfacet
facet normal 0.0 -1.0 0.0
  outer loop
    vertex 1.93575370311737 0.0 -0.202098727226257
    vertex 3.20357489585876 0.0 9.72198009490967
    vertex 1.94248521327972 0.0 -0.121399350464344
  endloop
endfacet
facet normal 0.0 -1.0 0.0
  outer loop
    vertex 1.94248521327972 0.0 -0.121399350464344
    vertex 3.20357489585876 0.0 9.72198009490967
    vertex 1.94585382938385 0.0 -0.0404898151755333
  endloop
endfacet
facet normal 0.0 -1.0 0.0
  outer loop
    vertex 1.94585382938385 0.0 -0.0404898151755333
    vertex 3.20357489585876 0.0 9.72198009490967
    vertex 1.94585382938385 0.0 0.0404898151755333
  endloop
endfacet
facet normal 0.0 -1.0 0.0
  outer loop
    vertex 1.94585382938385 0.0 0.0404898151755333
    vertex 3.20357489585876 0.0 9.72198009490967
    vertex 1.94248521327972 0.0 0.121399350464344
  endloop
endfacet
facet normal 0.0 -1.0 0.0
  outer loop
    vertex 1.94248521327972 0.0 0.121399350464344
    vertex 3.20357489585876 0.0 9.72198009490967
    vertex 1.93575370311737 0.0 0.202098727226257
  endloop
endfacet
facet normal 0.0 -1.0 0.0
  outer loop
    vertex 1.93575370311737 0.0 0.202098727226257
    vertex 3.20357489585876 0.0 9.72198009490967
    vertex 1.92567110061645 0.0 0.28244823217392
  endloop
endfacet
facet normal 0.0 -1.0 0.0
  outer loop
    vertex 1.92567110061645 0.0 0.28244823217392
    vertex 3.20357489585876 0.0 9.72198009490967
    vertex 1.91225492954254 0.0 0.362308740615845
  endloop
endfacet
facet normal 0.0 -1.0 0.0
  outer loop
    vertex 1.91225492954254 0.0 0.362308740615845
    vertex 3.20357489585876 0.0 9.72198009490967
    vertex 1.89552819728851 0.0 0.441542059183121
  endloop
endfacet
facet normal 0.0 -1.0 0.0
  outer loop
    vertex 1.89552819728851 0.0 0.441542059183121
    vertex 3.20357489585876 0.0 9.72198009490967
    vertex 1.87551987171173 0.0 0.520011007785797
  endloop
endfacet
facet normal 0.0 -1.0 0.0
  outer loop
    vertex 1.87551987171173 0.0 0.520011007785797
    vertex 3.20357489585876 0.0 9.72198009490967
    vertex 1.85226476192474 0.0 0.597579658031464
  endloop
endfacet
facet normal 0.0 -1.0 0.0
  outer loop
    vertex 1.85226476192474 0.0 0.597579658031464
    vertex 3.20357489585876 0.0 9.72198009490967
    vertex 1.82580304145813 0.0 0.674113810062408
  endloop
endfacet
facet normal 0.0 -1.0 0.0
  outer loop
    vertex 1.82580304145813 0.0 0.674113810062408
    vertex 3.20357489585876 0.0 9.72198009490967
    vertex 1.79618060588837 0.0 0.749480962753296
  endloop
endfacet
facet normal 0.0 -1.0 0.0
  outer loop
    vertex 1.79618060588837 0.0 0.749480962753296
    vertex 3.20357489585876 0.0 9.72198009490967
    vertex 1.76344847679138 0.0 0.823550641536713
  endloop
endfacet
facet normal 0.0 -1.0 0.0
  outer loop
    vertex 1.76344847679138 0.0 0.823550641536713
    vertex 3.20357489585876 0.0 9.72198009490967
    vertex 1.72766363620758 0.0 0.896194577217102
  endloop
endfacet
facet normal 0.0 -1.0 0.0
  outer loop
    vertex 1.72766363620758 0.0 0.896194577217102
    vertex 3.20357489585876 0.0 9.72198009490967
    vertex 1.68888783454895 0.0 0.967287063598633
  endloop
endfacet
facet normal 0.0 -1.0 0.0
  outer loop
    vertex 1.68888783454895 0.0 0.967287063598633
    vertex 3.20357489585876 0.0 9.72198009490967
    vertex 1.6471883058548 0.0 1.03670489788055
  endloop
endfacet
facet normal 0.0 -1.0 0.0
  outer loop
    vertex 1.6471883058548 0.0 1.03670489788055
    vertex 3.20357489585876 0.0 9.72198009490967
    vertex 1.6026371717453 0.0 1.10432815551758
  endloop
endfacet
facet normal 0.0 -1.0 0.0
  outer loop
    vertex 1.6026371717453 0.0 1.10432815551758
    vertex 3.20357489585876 0.0 9.72198009490967
    vertex 1.5553115606308 0.0 1.17003953456879
  endloop
endfacet
facet normal 0.0 -1.0 0.0
  outer loop
    vertex 1.5553115606308 0.0 1.17003953456879
    vertex 3.20357489585876 0.0 9.72198009490967
    vertex 1.50529336929321 0.0 1.23372530937195
  endloop
endfacet
facet normal 0.0 -1.0 0.0
  outer loop
    vertex 1.50529336929321 0.0 1.23372530937195
    vertex 3.20357489585876 0.0 9.72198009490967
    vertex 1.45266926288605 0.0 1.29527544975281
  endloop
endfacet
facet normal 0.0 -1.0 0.0
  outer loop
    vertex 1.45266926288605 0.0 1.29527544975281
    vertex 3.20357489585876 0.0 9.72198009490967
    vertex 1.39753031730652 0.0 1.35458302497864
  endloop
endfacet
facet normal 0.0 -1.0 0.0
  outer loop
    vertex 1.39753031730652 0.0 1.35458302497864
    vertex 3.20357489585876 0.0 9.72198009490967
    vertex 1.33997201919556 0.0 1.411545753479
  endloop
endfacet
facet normal 0.0 -1.0 0.0
  outer loop
    vertex 1.33997201919556 0.0 1.411545753479
    vertex 3.20357489585876 0.0 9.72198009490967
    vertex 1.28009402751923 0.0 1.46606469154358
  endloop
endfacet
facet normal 0.0 -1.0 0.0
  outer loop
    vertex 1.28009402751923 0.0 1.46606469154358
    vertex 3.20357489585876 0.0 9.72198009490967
    vertex 1.21799993515015 0.0 1.51804566383362
  endloop
endfacet
facet normal 0.0 -1.0 0.0
  outer loop
    vertex 1.21799993515015 0.0 1.51804566383362
    vertex 3.20357489585876 0.0 9.72198009490967
    vertex 1.1537971496582 0.0 1.56739866733551
  endloop
endfacet
facet normal 0.0 -1.0 0.0
  outer loop
    vertex 1.1537971496582 0.0 1.56739866733551
    vertex 3.20357489585876 0.0 9.72198009490967
    vertex 1.08759701251984 0.0 1.61403810977936
  endloop
endfacet
facet normal 0.0 -1.0 0.0
  outer loop
    vertex 1.08759701251984 0.0 1.61403810977936
    vertex 3.20357489585876 0.0 9.72198009490967
    vertex 1.0195140838623 0.0 1.65788340568542
  endloop
endfacet
facet normal 0.0 -1.0 0.0
  outer loop
    vertex 1.0195140838623 0.0 1.65788340568542
    vertex 3.20357489585876 0.0 9.72198009490967
    vertex 0.949666142463684 0.0 1.69885861873627
  endloop
endfacet
facet normal 0.0 -1.0 0.0
  outer loop
    vertex 0.949666142463684 0.0 1.69885861873627
    vertex 3.20357489585876 0.0 9.72198009490967
    vertex 0.878174185752869 0.0 1.7368928194046
  endloop
endfacet
facet normal 0.0 -1.0 0.0
  outer loop
    vertex 0.878174185752869 0.0 1.7368928194046
    vertex 3.20357489585876 0.0 9.72198009490967
    vertex 0.805161893367767 0.0 1.77192008495331
  endloop
endfacet
facet normal 0.0 -1.0 0.0
  outer loop
    vertex 0.805161893367767 0.0 1.77192008495331
    vertex 3.20357489585876 0.0 9.72198009490967
    vertex 0.730755746364594 0.0 1.80387985706329
  endloop
endfacet
facet normal 0.0 -1.0 0.0
  outer loop
    vertex 0.730755746364594 0.0 1.80387985706329
    vertex 3.20357489585876 0.0 9.72198009490967
    vertex 0.655084550380707 0.0 1.83271670341492
  endloop
endfacet
facet normal 0.0 -1.0 0.0
  outer loop
    vertex 0.655084550380707 0.0 1.83271670341492
    vertex 3.20357489585876 0.0 9.72198009490967
    vertex 0.578279256820679 0.0 1.85838091373444
  endloop
endfacet
facet normal 0.0 -1.0 0.0
  outer loop
    vertex 0.578279256820679 0.0 1.85838091373444
    vertex 3.20357489585876 0.0 9.72198009490967
    vertex 0.500472843647003 0.0 1.88082778453827
  endloop
endfacet
facet normal 0.0 -1.0 0.0
  outer loop
    vertex 0.500472843647003 0.0 1.88082778453827
    vertex 3.20357489585876 0.0 9.72198009490967
    vertex 0.421800047159195 0.0 1.9000186920166
  endloop
endfacet
facet normal 0.0 -1.0 0.0
  outer loop
    vertex 0.421800047159195 0.0 1.9000186920166
    vertex 3.20357489585876 0.0 9.72198009490967
    vertex 0.342397034168243 0.0 1.91592025756836
  endloop
endfacet
facet normal 0.0 -1.0 0.0
  outer loop
    vertex 0.342397034168243 0.0 1.91592025756836
    vertex 3.20357489585876 0.0 9.72198009490967
    vertex 0.262401282787323 0.0 1.92850506305695
  endloop
endfacet
facet normal 0.0 -1.0 0.0
  outer loop
    vertex 0.262401282787323 0.0 1.92850506305695
    vertex 3.20357489585876 0.0 9.72198009490967
    vertex 0.181951224803925 0.0 1.93775129318237
  endloop
endfacet
facet normal 0.0 -1.0 0.0
  outer loop
    vertex 0.181951224803925 0.0 1.93775129318237
    vertex 3.20357489585876 0.0 9.72198009490967
    vertex 0.101186200976372 0.0 1.94364285469055
  endloop
endfacet
facet normal 0.0 -1.0 0.0
  outer loop
    vertex 0.101186200976372 0.0 1.94364285469055
    vertex 3.20357489585876 0.0 9.72198009490967
    vertex 0.0202460028231144 0.0 1.94616973400116
  endloop
endfacet
facet normal 0.0 -1.0 0.0
  outer loop
    vertex 0.0202460028231144 0.0 1.94616973400116
    vertex 3.20357489585876 0.0 9.72198009490967
    vertex -10.041054725647 0.0 1.98922538757324
  endloop
endfacet
facet normal 0.0 -1.0 0.0
  outer loop
    vertex -10.041054725647 0.0 1.98922538757324
    vertex 3.20357489585876 0.0 9.72198009490967
    vertex -10.0031681060791 0.0 2.17173337936401
  endloop
endfacet
facet normal 0.0 -1.0 0.0
  outer loop
    vertex -10.0031681060791 0.0 2.17173337936401
    vertex 3.20357489585876 0.0 9.72198009490967
    vertex -9.96196365356445 0.0 2.35352110862732
  endloop
endfacet
facet normal 0.0 -1.0 0.0
  outer loop
    vertex -9.96196365356445 0.0 2.35352110862732
    vertex 3.20357489585876 0.0 9.72198009490967
    vertex -9.91745662689209 0.0 2.5345287322998
  endloop
endfacet
facet normal 0.0 -1.0 0.0
  outer loop
    vertex -9.91745662689209 0.0 2.5345287322998
    vertex 3.20357489585876 0.0 9.72198009490967
    vertex -9.86966133117676 0.0 2.71469569206238
  endloop
endfacet
facet normal 0.0 -1.0 0.0
  outer loop
    vertex -9.86966133117676 0.0 2.71469569206238
    vertex 3.20357489585876 0.0 9.72198009490967
    vertex -9.81859302520752 0.0 2.89396262168884
  endloop
endfacet
facet normal 0.0 -1.0 0.0
  outer loop
    vertex -9.81859302520752 0.0 2.89396262168884
    vertex 3.20357489585876 0.0 9.72198009490967
    vertex -9.76426887512207 0.0 3.07226967811584
  endloop
endfacet
facet normal 0.0 -1.0 0.0
  outer loop
    vertex -9.76426887512207 0.0 3.07226967811584
    vertex 3.20357489585876 0.0 9.72198009490967
    vertex -9.70670700073242 0.0 3.24955821037292
  endloop
endfacet
facet normal 0.0 -1.0 0.0
  outer loop
    vertex -9.70670700073242 0.0 3.24955821037292
    vertex 3.20357489585876 0.0 9.72198009490967
    vertex -9.6459264755249 0.0 3.42576909065247
  endloop
endfacet
facet normal 0.0 -1.0 0.0
  outer loop
    vertex -9.6459264755249 0.0 3.42576909065247
    vertex 3.20357489585876 0.0 9.72198009490967
    vertex -9.58194732666015 0.0 3.60084414482117
  endloop
endfacet
facet normal 0.0 -1.0 0.0
  outer loop
    vertex -9.58194732666015 0.0 3.60084414482117
    vertex 3.20357489585876 0.0 9.72198009490967
    vertex -9.51479053497314 0.0 3.77472496032715
  endloop
endfacet
facet normal 0.0 -1.0 0.0
  outer loop
    vertex -9.51479053497314 0.0 3.77472496032715
    vertex 3.20357489585876 0.0 9.72198009490967
    vertex -9.44447898864746 0.0 3.94735407829285
  endloop
endfacet
facet normal 0.0 -1.0 0.0
  outer loop
    vertex -9.44447898864746 0.0 3.94735407829285
    vertex 3.20357489585876 0.0 9.72198009490967
    vertex -9.3710355758667 0.0 4.11867427825928
  endloop
endfacet
facet normal 0.0 -1.0 0.0
  outer loop
    vertex -9.3710355758667 0.0 4.11867427825928
    vertex 3.20357489585876 0.0 9.72198009490967
    vertex -9.29448509216309 0.0 4.28862905502319
  endloop
endfacet
facet normal 0.0 -1.0 0.0
  outer loop
    vertex -9.29448509216309 0.0 4.28862905502319
    vertex 3.20357489585876 0.0 9.72198009490967
    vertex -9.21485233306885 0.0 4.45716142654419
  endloop
endfacet
facet normal 0.0 -1.0 0.0
  outer loop
    vertex -9.21485233306885 0.0 4.45716142654419
    vertex 3.20357489585876 0.0 9.72198009490967
    vertex -9.13216400146484 0.0 4.62421607971191
  endloop
endfacet
facet normal 0.0 -1.0 0.0
  outer loop
    vertex -9.13216400146484 0.0 4.62421607971191
    vertex 3.20357489585876 0.0 9.72198009490967
    vertex -9.04644775390625 0.0 4.78973722457886
  endloop
endfacet
facet normal 0.0 -1.0 0.0
  outer loop
    vertex -9.04644775390625 0.0 4.78973722457886
    vertex 3.20357489585876 0.0 9.72198009490967
    vertex -8.95773124694824 0.0 4.95367002487183
  endloop
endfacet
facet normal 0.0 -1.0 0.0
  outer loop
    vertex -8.95773124694824 0.0 4.95367002487183
    vertex 3.20357489585876 0.0 9.72198009490967
    vertex -8.86604404449463 0.0 5.11596012115479
  endloop
endfacet
facet normal 0.0 -1.0 0.0
  outer loop
    vertex -8.86604404449463 0.0 5.11596012115479
    vertex 3.20357489585876 0.0 9.72198009490967
    vertex -8.77141761779785 0.0 5.27655410766601
  endloop
endfacet
facet normal 0.0 -1.0 0.0
  outer loop
    vertex -8.77141761779785 0.0 5.27655410766601
    vertex 3.20357489585876 0.0 9.72198009490967
    vertex -8.67388248443603 0.0 5.43539810180664
  endloop
endfacet
facet normal 0.0 -1.0 0.0
  outer loop
    vertex -8.67388248443603 0.0 5.43539810180664
    vertex 3.20357489585876 0.0 9.72198009490967
    vertex -8.57347106933594 0.0 5.59244012832642
  endloop
endfacet
facet normal 0.0 -1.0 0.0
  outer loop
    vertex -8.57347106933594 0.0 5.59244012832642
    vertex 3.20357489585876 0.0 9.72198009490967
    vertex -8.47021675109863 0.0 5.74762725830078
  endloop
endfacet
facet normal 0.0 -1.0 0.0
  outer loop
    vertex -8.47021675109863 0.0 5.74762725830078
    vertex 3.20357489585876 0.0 9.72198009490967
    vertex -8.36415386199951 0.0 5.90090894699097
  endloop
endfacet
facet normal 0.0 -1.0 0.0
  outer loop
    vertex -8.36415386199951 0.0 5.90090894699097
    vertex 3.20357489585876 0.0 9.72198009490967
    vertex -8.25531673431396 0.0 6.05223369598389
  endloop
endfacet
facet normal 0.0 -1.0 0.0
  outer loop
    vertex -8.25531673431396 0.0 6.05223369598389
    vertex 3.20357489585876 0.0 9.72198009490967
    vertex -8.14374351501465 0.0 6.20155143737793
  endloop
endfacet
facet normal 0.0 -1.0 0.0
  outer loop
    vertex -8.14374351501465 0.0 6.20155143737793
    vertex 3.20357489585876 0.0 9.72198009490967
    vertex -8.02946853637695 0.0 6.34881258010864
  endloop
endfacet
facet normal 0.0 -1.0 0.0
  outer loop
    vertex -8.02946853637695 0.0 6.34881258010864
    vertex 3.20357489585876 0.0 9.72198009490967
    vertex -7.91253185272217 0.0 6.49396896362305
  endloop
endfacet
facet normal 0.0 -1.0 0.0
  outer loop
    vertex -7.91253185272217 0.0 6.49396896362305
    vertex 3.20357489585876 0.0 9.72198009490967
    vertex -7.79297113418579 0.0 6.63697195053101
  endloop
endfacet
facet normal 0.0 -1.0 0.0
  outer loop
    vertex -7.79297113418579 0.0 6.63697195053101
    vertex 3.20357489585876 0.0 9.72198009490967
    vertex -7.67082595825195 0.0 6.7777738571167
  endloop
endfacet
facet normal 0.0 -1.0 0.0
  outer loop
    vertex -7.67082595825195 0.0 6.7777738571167
    vertex 3.20357489585876 0.0 9.72198009490967
    vertex -7.54613780975342 0.0 6.91632843017578
  endloop
endfacet
facet normal 0.0 -1.0 0.0
  outer loop
    vertex -7.54613780975342 0.0 6.91632843017578
    vertex 3.20357489585876 0.0 9.72198009490967
    vertex -7.41894674301147 0.0 7.05258941650391
  endloop
endfacet
facet normal 0.0 -1.0 0.0
  outer loop
    vertex -7.41894674301147 0.0 7.05258941650391
    vertex 3.20357489585876 0.0 9.72198009490967
    vertex -7.28929615020752 0.0 7.1865119934082
  endloop
endfacet
facet normal 0.0 -1.0 0.0
  outer loop
    vertex -7.28929615020752 0.0 7.1865119934082
    vertex 3.20357489585876 0.0 9.72198009490967
    vertex -7.15722799301147 0.0 7.3180513381958
  endloop
endfacet
facet normal 0.0 -1.0 0.0
  outer loop
    vertex -7.15722799301147 0.0 7.3180513381958
    vertex 3.20357489585876 0.0 9.72198009490967
    vertex -7.02278709411621 0.0 7.4471640586853
  endloop
endfacet
facet normal 0.0 -1.0 0.0
  outer loop
    vertex -7.02278709411621 0.0 7.4471640586853
    vertex 3.20357489585876 0.0 9.72198009490967
    vertex -6.88601684570312 0.0 7.57380771636963
  endloop
endfacet
facet normal 0.0 -1.0 0.0
  outer loop
    vertex -6.88601684570312 0.0 7.57380771636963
    vertex 3.20357489585876 0.0 9.72198009490967
    vertex -6.74696350097656 0.0 7.69793939590454
  endloop
endfacet
facet normal 0.0 -1.0 0.0
  outer loop
    vertex -6.74696350097656 0.0 7.69793939590454
    vertex 3.20357489585876 0.0 9.72198009490967
    vertex -6.60567283630371 0.0 7.81951904296875
  endloop
endfacet
facet normal 0.0 -1.0 0.0
  outer loop
    vertex -6.60567283630371 0.0 7.81951904296875
    vertex 3.20357489585876 0.0 9.72198009490967
    vertex -6.46219205856323 0.0 7.93850517272949
  endloop
endfacet
facet normal 0.0 -1.0 0.0
  outer loop
    vertex -6.46219205856323 0.0 7.93850517272949
    vertex 3.20357489585876 0.0 9.72198009490967
    vertex -6.31656789779663 0.0 8.05485916137695
  endloop
endfacet
facet normal 0.0 -1.0 0.0
  outer loop
    vertex -6.31656789779663 0.0 8.05485916137695
    vertex 3.20357489585876 0.0 9.72198009490967
    vertex -6.1688494682312 0.0 8.16854286193848
  endloop
endfacet
facet normal 0.0 -1.0 0.0
  outer loop
    vertex -6.1688494682312 0.0 8.16854286193848
    vertex 3.20357489585876 0.0 9.72198009490967
    vertex -6.01908540725708 0.0 8.27951717376709
  endloop
endfacet
facet normal 0.0 -1.0 0.0
  outer loop
    vertex -6.01908540725708 0.0 8.27951717376709
    vertex 3.20357489585876 0.0 9.72198009490967
    vertex -5.86732578277588 0.0 8.38774585723877
  endloop
endfacet
facet normal 0.0 -1.0 0.0
  outer loop
    vertex -5.86732578277588 0.0 8.38774585723877
    vertex 3.20357489585876 0.0 9.72198009490967
    vertex -5.71362018585205 0.0 8.49319362640381
  endloop
endfacet
facet normal 0.0 -1.0 0.0
  outer loop
    vertex -5.71362018585205 0.0 8.49319362640381
    vertex 3.20357489585876 0.0 9.72198009490967
    vertex -5.55802011489868 0.0 8.59582424163818
  endloop
endfacet
facet normal 0.0 -1.0 0.0
  outer loop
    vertex -5.55802011489868 0.0 8.59582424163818
    vertex 3.20357489585876 0.0 9.72198009490967
    vertex -5.40057706832886 0.0 8.69560527801514
  endloop
endfacet
facet normal 0.0 -1.0 0.0
  outer loop
    vertex -5.40057706832886 0.0 8.69560527801514
    vertex 3.20357489585876 0.0 9.72198009490967
    vertex -5.24134302139282 0.0 8.79250335693359
  endloop
endfacet
facet normal 0.0 -1.0 0.0
  outer loop
    vertex -5.24134302139282 0.0 8.79250335693359
    vertex 3.20357489585876 0.0 9.72198009490967
    vertex -5.08037137985229 0.0 8.88648509979248
  endloop
endfacet
facet normal 0.0 -1.0 0.0
  outer loop
    vertex -5.08037137985229 0.0 8.88648509979248
    vertex 3.20357489585876 0.0 9.72198009490967
    vertex -4.91771459579468 0.0 8.97751998901367
  endloop
endfacet
facet normal 0.0 -1.0 0.0
  outer loop
    vertex -4.91771459579468 0.0 8.97751998901367
    vertex 3.20357489585876 0.0 9.72198009490967
    vertex -4.75342750549316 0.0 9.06557846069336
  endloop
endfacet
facet normal 0.0 -1.0 0.0
  outer loop
    vertex -4.75342750549316 0.0 9.06557846069336
    vertex 3.20357489585876 0.0 9.72198009490967
    vertex -4.58756399154663 0.0 9.15063095092773
  endloop
endfacet
facet normal 0.0 -1.0 0.0
  outer loop
    vertex -4.58756399154663 0.0 9.15063095092773
    vertex 3.20357489585876 0.0 9.72198009490967
    vertex -4.42017936706543 0.0 9.2326488494873
  endloop
endfacet
facet normal 0.0 -1.0 0.0
  outer loop
    vertex -4.42017936706543 0.0 9.2326488494873
    vertex 3.20357489585876 0.0 9.72198009490967
    vertex -4.25132894515991 0.0 9.31160545349121
  endloop
endfacet
facet normal 0.0 -1.0 0.0
  outer loop
    vertex -4.25132894515991 0.0 9.31160545349121
    vertex 3.20357489585876 0.0 9.72198009490967
    vertex -4.08106851577759 0.0 9.38747406005859
  endloop
endfacet
facet normal 0.0 -1.0 0.0
  outer loop
    vertex -4.08106851577759 0.0 9.38747406005859
    vertex 3.20357489585876 0.0 9.72198009490967
    vertex -3.90945529937744 0.0 9.46022987365723
  endloop
endfacet
facet normal 0.0 -1.0 0.0
  outer loop
    vertex -3.90945529937744 0.0 9.46022987365723
    vertex 3.20357489585876 0.0 9.72198009490967
    vertex -3.73654556274414 0.0 9.5298490524292
  endloop
endfacet
facet normal 0.0 -1.0 0.0
  outer loop
    vertex -3.73654556274414 0.0 9.5298490524292
    vertex 3.20357489585876 0.0 9.72198009490967
    vertex -3.56239676475525 0.0 9.5963077545166
  endloop
endfacet
facet normal 0.0 -1.0 0.0
  outer loop
    vertex -3.56239676475525 0.0 9.5963077545166
    vertex 3.20357489585876 0.0 9.72198009490967
    vertex -3.38706684112549 0.0 9.65958404541016
  endloop
endfacet
facet normal 0.0 -1.0 0.0
  outer loop
    vertex -3.38706684112549 0.0 9.65958404541016
    vertex 3.20357489585876 0.0 9.72198009490967
    vertex -3.210613489151 0.0 9.71965789794922
  endloop
endfacet
facet normal 0.0 -1.0 0.0
  outer loop
    vertex -3.210613489151 0.0 9.71965789794922
    vertex 3.20357489585876 0.0 9.72198009490967
    vertex -3.0330958366394 0.0 9.77650833129883
  endloop
endfacet
facet normal 0.0 -1.0 0.0
  outer loop
    vertex -3.0330958366394 0.0 9.77650833129883
    vertex 3.20357489585876 0.0 9.72198009490967
    vertex 3.02601599693298 0.0 9.77870178222656
  endloop
endfacet
facet normal 0.0 -1.0 0.0
  outer loop
    vertex -3.0330958366394 0.0 9.77650833129883
    vertex 3.02601599693298 0.0 9.77870178222656
    vertex -2.854572057724 0.0 9.83011722564697
  endloop
endfacet
facet normal 0.0 -1.0 0.0
  outer loop
    vertex -2.854572057724 0.0 9.83011722564697
    vertex 3.02601599693298 0.0 9.77870178222656
    vertex 2.84745359420776 0.0 9.83218193054199
  endloop
endfacet
facet normal 0.0 -1.0 0.0
  outer loop
    vertex -2.854572057724 0.0 9.83011722564697
    vertex 2.84745359420776 0.0 9.83218193054199
    vertex -2.67510199546814 0.0 9.88046646118164
  endloop
endfacet
facet normal 0.0 -1.0 0.0
  outer loop
    vertex -2.67510199546814 0.0 9.88046646118164
    vertex 2.84745359420776 0.0 9.83218193054199
    vertex 2.6679470539093 0.0 9.88240051269531
  endloop
endfacet
facet normal 0.0 -1.0 0.0
  outer loop
    vertex -2.67510199546814 0.0 9.88046646118164
    vertex 2.6679470539093 0.0 9.88240051269531
    vertex -2.49474477767944 0.0 9.92753982543945
  endloop
endfacet
facet normal 0.0 -1.0 0.0
  outer loop
    vertex -2.49474477767944 0.0 9.92753982543945
    vertex 2.6679470539093 0.0 9.88240051269531
    vertex 2.48755598068237 0.0 9.92934322357178
  endloop
endfacet
facet normal 0.0 -1.0 0.0
  outer loop
    vertex -2.49474477767944 0.0 9.92753982543945
    vertex 2.48755598068237 0.0 9.92934322357178
    vertex -2.31356048583984 0.0 9.97132015228271
  endloop
endfacet
facet normal 0.0 -1.0 0.0
  outer loop
    vertex -2.31356048583984 0.0 9.97132015228271
    vertex 2.48755598068237 0.0 9.92934322357178
    vertex 2.30633974075317 0.0 9.97299289703369
  endloop
endfacet
facet normal 0.0 -1.0 0.0
  outer loop
    vertex -2.31356048583984 0.0 9.97132015228271
    vertex 2.30633974075317 0.0 9.97299289703369
    vertex -2.13160872459412 0.0 10.0117950439453
  endloop
endfacet
facet normal 0.0 -1.0 0.0
  outer loop
    vertex -2.13160872459412 0.0 10.0117950439453
    vertex 2.30633974075317 0.0 9.97299289703369
    vertex 2.1243588924408 0.0 10.0133352279663
  endloop
endfacet
facet normal 0.0 -1.0 0.0
  outer loop
    vertex -2.13160872459412 0.0 10.0117950439453
    vertex 2.1243588924408 0.0 10.0133352279663
    vertex -1.94895029067993 0.0 10.0489492416382
  endloop
endfacet
facet normal 0.0 -1.0 0.0
  outer loop
    vertex -1.94895029067993 0.0 10.0489492416382
    vertex 2.1243588924408 0.0 10.0133352279663
    vertex 1.94167363643646 0.0 10.0503578186035
  endloop
endfacet
facet normal 0.0 -1.0 0.0
  outer loop
    vertex -1.94895029067993 0.0 10.0489492416382
    vertex 1.94167363643646 0.0 10.0503578186035
    vertex -1.76564562320709 0.0 10.0827713012695
  endloop
endfacet
facet normal 0.0 -1.0 0.0
  outer loop
    vertex -1.76564562320709 0.0 10.0827713012695
    vertex 1.94167363643646 0.0 10.0503578186035
    vertex 1.75834453105926 0.0 10.0840473175049
  endloop
endfacet
facet normal 0.0 -1.0 0.0
  outer loop
    vertex -1.76564562320709 0.0 10.0827713012695
    vertex 1.75834453105926 0.0 10.0840473175049
    vertex -1.58175539970398 0.0 10.1132507324219
  endloop
endfacet
facet normal 0.0 -1.0 0.0
  outer loop
    vertex -1.58175539970398 0.0 10.1132507324219
    vertex 1.75834453105926 0.0 10.0840473175049
    vertex 1.57443225383759 0.0 10.1143932342529
  endloop
endfacet
facet normal 0.0 -1.0 0.0
  outer loop
    vertex -1.58175539970398 0.0 10.1132507324219
    vertex 1.57443225383759 0.0 10.1143932342529
    vertex -1.39734065532684 0.0 10.1403760910034
  endloop
endfacet
facet normal 0.0 -1.0 0.0
  outer loop
    vertex -1.39734065532684 0.0 10.1403760910034
    vertex 1.57443225383759 0.0 10.1143932342529
    vertex 1.38999795913696 0.0 10.1413850784302
  endloop
endfacet
facet normal 0.0 -1.0 0.0
  outer loop
    vertex -1.39734065532684 0.0 10.1403760910034
    vertex 1.38999795913696 0.0 10.1413850784302
    vertex -1.21246266365051 0.0 10.1641387939453
  endloop
endfacet
facet normal 0.0 -1.0 0.0
  outer loop
    vertex -1.21246266365051 0.0 10.1641387939453
    vertex 1.38999795913696 0.0 10.1413850784302
    vertex 1.20510280132294 0.0 10.1650142669678
  endloop
endfacet
facet normal 0.0 -1.0 0.0
  outer loop
    vertex -1.21246266365051 0.0 10.1641387939453
    vertex 1.20510280132294 0.0 10.1650142669678
    vertex -1.02718257904053 0.0 10.1845321655273
  endloop
endfacet
facet normal 0.0 -1.0 0.0
  outer loop
    vertex -1.02718257904053 0.0 10.1845321655273
    vertex 1.20510280132294 0.0 10.1650142669678
    vertex 1.01980793476105 0.0 10.1852731704712
  endloop
endfacet
facet normal 0.0 -1.0 0.0
  outer loop
    vertex -1.02718257904053 0.0 10.1845321655273
    vertex 1.01980793476105 0.0 10.1852731704712
    vertex -0.841561853885651 0.0 10.2015466690063
  endloop
endfacet
facet normal 0.0 -1.0 0.0
  outer loop
    vertex -0.841561853885651 0.0 10.2015466690063
    vertex 1.01980793476105 0.0 10.1852731704712
    vertex 0.834174990653992 0.0 10.2021541595459
  endloop
endfacet
facet normal 0.0 -1.0 0.0
  outer loop
    vertex -0.841561853885651 0.0 10.2015466690063
    vertex 0.834174990653992 0.0 10.2021541595459
    vertex -0.655662059783936 0.0 10.2151794433594
  endloop
endfacet
facet normal 0.0 -1.0 0.0
  outer loop
    vertex -0.655662059783936 0.0 10.2151794433594
    vertex 0.834174990653992 0.0 10.2021541595459
    vertex 0.648265361785889 0.0 10.215651512146
  endloop
endfacet
facet normal 0.0 -1.0 0.0
  outer loop
    vertex -0.655662059783936 0.0 10.2151794433594
    vertex 0.648265361785889 0.0 10.215651512146
    vertex -0.469544887542725 0.0 10.2254247665405
  endloop
endfacet
facet normal 0.0 -1.0 0.0
  outer loop
    vertex -0.469544887542725 0.0 10.2254247665405
    vertex 0.648265361785889 0.0 10.215651512146
    vertex 0.462140828371048 0.0 10.2257623672485
  endloop
endfacet
facet normal 0.0 -1.0 0.0
  outer loop
    vertex -0.469544887542725 0.0 10.2254247665405
    vertex 0.462140828371048 0.0 10.2257623672485
    vertex -0.283271998167038 0.0 10.2322797775269
  endloop
endfacet
facet normal 0.0 -1.0 0.0
  outer loop
    vertex -0.283271998167038 0.0 10.2322797775269
    vertex 0.462140828371048 0.0 10.2257623672485
    vertex 0.275863021612167 0.0 10.2324819564819
  endloop
endfacet
facet normal 0.0 -1.0 0.0
  outer loop
    vertex -0.283271998167038 0.0 10.2322797775269
    vertex 0.275863021612167 0.0 10.2324819564819
    vertex -0.0969051942229271 0.0 10.2357416152954
  endloop
endfacet
facet normal 0.0 -1.0 0.0
  outer loop
    vertex -0.0969051942229271 0.0 10.2357416152954
    vertex 0.275863021612167 0.0 10.2324819564819
    vertex 0.0894937515258789 0.0 10.2358083724976
  endloop
endfacet
facet normal 0.0 -1.0 0.0
  outer loop
    vertex 0.0202460028231144 0.0 -1.94616973400116
    vertex -10.0580625534058 0.0 -1.90136170387268
    vertex -10.0217723846436 0.0 -2.08419394493103
  endloop
endfacet
facet normal 0.0 -1.0 0.0
  outer loop
    vertex -10.0580625534058 0.0 -1.90136170387268
    vertex 0.0202460028231144 0.0 -1.94616973400116
    vertex -0.0607292465865612 0.0 -1.9453272819519
  endloop
endfacet
facet normal 0.0 -1.0 0.0
  outer loop
    vertex -10.0580625534058 0.0 -1.90136170387268
    vertex -0.0607292465865612 0.0 -1.9453272819519
    vertex -0.141599357128143 0.0 -1.94111716747284
  endloop
endfacet
facet normal 0.0 -1.0 0.0
  outer loop
    vertex -10.0580625534058 0.0 -1.90136170387268
    vertex -0.141599357128143 0.0 -1.94111716747284
    vertex -0.222224339842796 0.0 -1.93354666233063
  endloop
endfacet
facet normal 0.0 -1.0 0.0
  outer loop
    vertex -10.0580625534058 0.0 -1.90136170387268
    vertex -0.222224339842796 0.0 -1.93354666233063
    vertex -0.302464604377747 0.0 -1.92262876033783
  endloop
endfacet
facet normal 0.0 -1.0 0.0
  outer loop
    vertex -10.0580625534058 0.0 -1.90136170387268
    vertex -0.302464604377747 0.0 -1.92262876033783
    vertex -0.382181257009506 0.0 -1.90838253498077
  endloop
endfacet
facet normal 0.0 -1.0 0.0
  outer loop
    vertex -10.0580625534058 0.0 -1.90136170387268
    vertex -0.382181257009506 0.0 -1.90838253498077
    vertex -0.461236298084259 0.0 -1.89083242416382
  endloop
endfacet
facet normal 0.0 -1.0 0.0
  outer loop
    vertex -10.0580625534058 0.0 -1.90136170387268
    vertex -0.461236298084259 0.0 -1.89083242416382
    vertex -10.0910167694092 0.0 -1.7178989648819
  endloop
endfacet
facet normal 0.0 -1.0 0.0
  outer loop
    vertex -10.0910167694092 0.0 -1.7178989648819
    vertex -0.461236298084259 0.0 -1.89083242416382
    vertex -0.539492845535278 0.0 -1.87000906467438
  endloop
endfacet
facet normal 0.0 -1.0 0.0
  outer loop
    vertex -10.0910167694092 0.0 -1.7178989648819
    vertex -0.539492845535278 0.0 -1.87000906467438
    vertex -0.616815388202667 0.0 -1.84594833850861
  endloop
endfacet
facet normal 0.0 -1.0 0.0
  outer loop
    vertex -10.0910167694092 0.0 -1.7178989648819
    vertex -0.616815388202667 0.0 -1.84594833850861
    vertex -0.69307017326355 0.0 -1.81869184970856
  endloop
endfacet
facet normal 0.0 -1.0 0.0
  outer loop
    vertex -10.0910167694092 0.0 -1.7178989648819
    vertex -0.69307017326355 0.0 -1.81869184970856
    vertex -0.768125057220459 0.0 -1.78828692436218
  endloop
endfacet
facet normal 0.0 -1.0 0.0
  outer loop
    vertex -10.0910167694092 0.0 -1.7178989648819
    vertex -0.768125057220459 0.0 -1.78828692436218
    vertex -0.841850221157074 0.0 -1.75478613376617
  endloop
endfacet
facet normal 0.0 -1.0 0.0
  outer loop
    vertex -10.0910167694092 0.0 -1.7178989648819
    vertex -0.841850221157074 0.0 -1.75478613376617
    vertex -0.914117991924286 0.0 -1.71824753284454
  endloop
endfacet
facet normal 0.0 -1.0 0.0
  outer loop
    vertex -10.0910167694092 0.0 -1.7178989648819
    vertex -0.914117991924286 0.0 -1.71824753284454
    vertex -0.984803259372711 0.0 -1.67873430252075
  endloop
endfacet
facet normal 0.0 -1.0 0.0
  outer loop
    vertex -10.0910167694092 0.0 -1.7178989648819
    vertex -0.984803259372711 0.0 -1.67873430252075
    vertex -10.1206245422363 0.0 -1.53386652469635
  endloop
endfacet
facet normal 0.0 -1.0 0.0
  outer loop
    vertex -10.1206245422363 0.0 -1.53386652469635
    vertex -0.984803259372711 0.0 -1.67873430252075
    vertex -1.05378365516663 0.0 -1.636314868927
  endloop
endfacet
facet normal 0.0 -1.0 0.0
  outer loop
    vertex -10.1206245422363 0.0 -1.53386652469635
    vertex -1.05378365516663 0.0 -1.636314868927
    vertex -1.1209397315979 0.0 -1.59106266498566
  endloop
endfacet
facet normal 0.0 -1.0 0.0
  outer loop
    vertex -10.1206245422363 0.0 -1.53386652469635
    vertex -1.1209397315979 0.0 -1.59106266498566
    vertex -1.18615520000458 0.0 -1.54305613040924
  endloop
endfacet
facet normal 0.0 -1.0 0.0
  outer loop
    vertex -10.1206245422363 0.0 -1.53386652469635
    vertex -1.18615520000458 0.0 -1.54305613040924
    vertex -1.24931728839874 0.0 -1.49237811565399
  endloop
endfacet
facet normal 0.0 -1.0 0.0
  outer loop
    vertex -10.1206245422363 0.0 -1.53386652469635
    vertex -1.24931728839874 0.0 -1.49237811565399
    vertex -10.1468772888184 0.0 -1.34932553768158
  endloop
endfacet
facet normal 0.0 -1.0 0.0
  outer loop
    vertex -10.1468772888184 0.0 -1.34932553768158
    vertex -1.24931728839874 0.0 -1.49237811565399
    vertex -1.31031656265259 0.0 -1.43911671638489
  endloop
endfacet
facet normal 0.0 -1.0 0.0
  outer loop
    vertex -10.1468772888184 0.0 -1.34932553768158
    vertex -1.31031656265259 0.0 -1.43911671638489
    vertex -1.36904752254486 0.0 -1.38336372375488
  endloop
endfacet
facet normal 0.0 -1.0 0.0
  outer loop
    vertex -10.1468772888184 0.0 -1.34932553768158
    vertex -1.36904752254486 0.0 -1.38336372375488
    vertex -1.42540836334229 0.0 -1.32521605491638
  endloop
endfacet
facet normal 0.0 -1.0 0.0
  outer loop
    vertex -10.1468772888184 0.0 -1.34932553768158
    vertex -1.42540836334229 0.0 -1.32521605491638
    vertex -10.1697645187378 0.0 -1.16433703899384
  endloop
endfacet
facet normal 0.0 -1.0 0.0
  outer loop
    vertex -10.1697645187378 0.0 -1.16433703899384
    vertex -1.42540836334229 0.0 -1.32521605491638
    vertex -1.47930145263672 0.0 -1.26477408409119
  endloop
endfacet
facet normal 0.0 -1.0 0.0
  outer loop
    vertex -10.1697645187378 0.0 -1.16433703899384
    vertex -1.47930145263672 0.0 -1.26477408409119
    vertex -1.53063368797302 0.0 -1.20214259624481
  endloop
endfacet
facet normal 0.0 -1.0 0.0
  outer loop
    vertex -10.1697645187378 0.0 -1.16433703899384
    vertex -1.53063368797302 0.0 -1.20214259624481
    vertex -1.57931613922119 0.0 -1.13742995262146
  endloop
endfacet
facet normal 0.0 -1.0 0.0
  outer loop
    vertex -10.1697645187378 0.0 -1.16433703899384
    vertex -1.57931613922119 0.0 -1.13742995262146
    vertex -10.1892795562744 0.0 -0.978962481021881
  endloop
endfacet
facet normal 0.0 -1.0 0.0
  outer loop
    vertex -10.1892795562744 0.0 -0.978962481021881
    vertex -1.57931613922119 0.0 -1.13742995262146
    vertex -1.62526440620422 0.0 -1.0707483291626
  endloop
endfacet
facet normal 0.0 -1.0 0.0
  outer loop
    vertex -10.1892795562744 0.0 -0.978962481021881
    vertex -1.62526440620422 0.0 -1.0707483291626
    vertex -1.66839909553528 0.0 -1.00221288204193
  endloop
endfacet
facet normal 0.0 -1.0 0.0
  outer loop
    vertex -10.1892795562744 0.0 -0.978962481021881
    vertex -1.66839909553528 0.0 -1.00221288204193
    vertex -1.7086455821991 0.0 -0.931942522525787
  endloop
endfacet
facet normal 0.0 -1.0 0.0
  outer loop
    vertex -10.1892795562744 0.0 -0.978962481021881
    vertex -1.7086455821991 0.0 -0.931942522525787
    vertex -10.2054166793823 0.0 -0.79326331615448
  endloop
endfacet
facet normal 0.0 -1.0 0.0
  outer loop
    vertex -10.2054166793823 0.0 -0.79326331615448
    vertex -1.7086455821991 0.0 -0.931942522525787
    vertex -1.74593389034271 0.0 -0.860058724880218
  endloop
endfacet
facet normal 0.0 -1.0 0.0
  outer loop
    vertex -10.2054166793823 0.0 -0.79326331615448
    vertex -1.74593389034271 0.0 -0.860058724880218
    vertex -1.78019976615906 0.0 -0.786686062812805
  endloop
endfacet
facet normal 0.0 -1.0 0.0
  outer loop
    vertex -10.2054166793823 0.0 -0.79326331615448
    vertex -1.78019976615906 0.0 -0.786686062812805
    vertex -10.2181692123413 0.0 -0.607301115989685
  endloop
endfacet
facet normal 0.0 -1.0 0.0
  outer loop
    vertex -10.2181692123413 0.0 -0.607301115989685
    vertex -1.78019976615906 0.0 -0.786686062812805
    vertex -1.81138384342194 0.0 -0.711951494216919
  endloop
endfacet
facet normal 0.0 -1.0 0.0
  outer loop
    vertex -10.2181692123413 0.0 -0.607301115989685
    vertex -1.81138384342194 0.0 -0.711951494216919
    vertex -1.83943200111389 0.0 -0.635984361171722
  endloop
endfacet
facet normal 0.0 -1.0 0.0
  outer loop
    vertex -10.2181692123413 0.0 -0.607301115989685
    vertex -1.83943200111389 0.0 -0.635984361171722
    vertex -1.86429584026337 0.0 -0.55891627073288
  endloop
endfacet
facet normal 0.0 -1.0 0.0
  outer loop
    vertex -10.2181692123413 0.0 -0.607301115989685
    vertex -1.86429584026337 0.0 -0.55891627073288
    vertex -10.2275333404541 0.0 -0.421137481927872
  endloop
endfacet
facet normal 0.0 -1.0 0.0
  outer loop
    vertex -10.2275333404541 0.0 -0.421137481927872
    vertex -1.86429584026337 0.0 -0.55891627073288
    vertex -1.88593220710754 0.0 -0.480880588293076
  endloop
endfacet
facet normal 0.0 -1.0 0.0
  outer loop
    vertex -10.2275333404541 0.0 -0.421137481927872
    vertex -1.88593220710754 0.0 -0.480880588293076
    vertex -1.9043036699295 0.0 -0.402012407779694
  endloop
endfacet
facet normal 0.0 -1.0 0.0
  outer loop
    vertex -10.2275333404541 0.0 -0.421137481927872
    vertex -1.9043036699295 0.0 -0.402012407779694
    vertex -10.2335062026978 0.0 -0.234834253787994
  endloop
endfacet
facet normal 0.0 -1.0 0.0
  outer loop
    vertex -10.2335062026978 0.0 -0.234834253787994
    vertex -1.9043036699295 0.0 -0.402012407779694
    vertex -1.91937839984894 0.0 -0.322448283433914
  endloop
endfacet
facet normal 0.0 -1.0 0.0
  outer loop
    vertex -10.2335062026978 0.0 -0.234834253787994
    vertex -1.91937839984894 0.0 -0.322448283433914
    vertex -1.93113040924072 0.0 -0.24232591688633
  endloop
endfacet
facet normal 0.0 -1.0 0.0
  outer loop
    vertex -10.2335062026978 0.0 -0.234834253787994
    vertex -1.93113040924072 0.0 -0.24232591688633
    vertex -1.93953919410706 0.0 -0.161784052848816
  endloop
endfacet
facet normal 0.0 -1.0 0.0
  outer loop
    vertex -10.2335062026978 0.0 -0.234834253787994
    vertex -1.93953919410706 0.0 -0.161784052848816
    vertex -10.2360849380493 0.0 -0.0484531410038471
  endloop
endfacet
facet normal 0.0 -1.0 0.0
  outer loop
    vertex -10.2360849380493 0.0 -0.0484531410038471
    vertex -1.93953919410706 0.0 -0.161784052848816
    vertex -1.9445903301239 0.0 -0.0809621065855026
  endloop
endfacet
facet normal 0.0 -1.0 0.0
  outer loop
    vertex -10.2360849380493 0.0 -0.0484531410038471
    vertex -1.9445903301239 0.0 -0.0809621065855026
    vertex -1.94627499580383 0.0 2.38349936220117e-016
  endloop
endfacet
facet normal 0.0 -1.0 0.0
  outer loop
    vertex -10.2360849380493 0.0 -0.0484531410038471
    vertex -1.94627499580383 0.0 2.38349936220117e-016
    vertex -10.2352705001831 0.0 0.137944042682648
  endloop
endfacet
facet normal 0.0 -1.0 0.0
  outer loop
    vertex -10.2352705001831 0.0 0.137944042682648
    vertex -1.94627499580383 0.0 2.38349936220117e-016
    vertex -1.9445903301239 0.0 0.0809621065855026
  endloop
endfacet
facet normal 0.0 -1.0 0.0
  outer loop
    vertex -10.2352705001831 0.0 0.137944042682648
    vertex -1.9445903301239 0.0 0.0809621065855026
    vertex -1.93953919410706 0.0 0.161784052848816
  endloop
endfacet
facet normal 0.0 -1.0 0.0
  outer loop
    vertex -10.2352705001831 0.0 0.137944042682648
    vertex -1.93953919410706 0.0 0.161784052848816
    vertex -10.2310619354248 0.0 0.324295461177826
  endloop
endfacet
facet normal 0.0 -1.0 0.0
  outer loop
    vertex -10.2310619354248 0.0 0.324295461177826
    vertex -1.93953919410706 0.0 0.161784052848816
    vertex -1.93113040924072 0.0 0.24232591688633
  endloop
endfacet
facet normal 0.0 -1.0 0.0
  outer loop
    vertex -10.2310619354248 0.0 0.324295461177826
    vertex -1.93113040924072 0.0 0.24232591688633
    vertex -1.91937839984894 0.0 0.322448283433914
  endloop
endfacet
facet normal 0.0 -1.0 0.0
  outer loop
    vertex -10.2310619354248 0.0 0.324295461177826
    vertex -1.91937839984894 0.0 0.322448283433914
    vertex -1.9043036699295 0.0 0.402012407779694
  endloop
endfacet
facet normal 0.0 -1.0 0.0
  outer loop
    vertex -10.2310619354248 0.0 0.324295461177826
    vertex -1.9043036699295 0.0 0.402012407779694
    vertex -10.2234601974487 0.0 0.510539352893829
  endloop
endfacet
facet normal 0.0 -1.0 0.0
  outer loop
    vertex -10.2234601974487 0.0 0.510539352893829
    vertex -1.9043036699295 0.0 0.402012407779694
    vertex -1.88593220710754 0.0 0.480880588293076
  endloop
endfacet
facet normal 0.0 -1.0 0.0
  outer loop
    vertex -10.2234601974487 0.0 0.510539352893829
    vertex -1.88593220710754 0.0 0.480880588293076
    vertex -1.86429584026337 0.0 0.55891627073288
  endloop
endfacet
facet normal 0.0 -1.0 0.0
  outer loop
    vertex -10.2234601974487 0.0 0.510539352893829
    vertex -1.86429584026337 0.0 0.55891627073288
    vertex -10.2124691009521 0.0 0.696613967418671
  endloop
endfacet
facet normal 0.0 -1.0 0.0
  outer loop
    vertex -10.2124691009521 0.0 0.696613967418671
    vertex -1.86429584026337 0.0 0.55891627073288
    vertex -1.83943200111389 0.0 0.635984361171722
  endloop
endfacet
facet normal 0.0 -1.0 0.0
  outer loop
    vertex -10.2124691009521 0.0 0.696613967418671
    vertex -1.83943200111389 0.0 0.635984361171722
    vertex -1.81138384342194 0.0 0.711951494216919
  endloop
endfacet
facet normal 0.0 -1.0 0.0
  outer loop
    vertex -10.2124691009521 0.0 0.696613967418671
    vertex -1.81138384342194 0.0 0.711951494216919
    vertex -10.1980905532837 0.0 0.882457613945007
  endloop
endfacet
facet normal 0.0 -1.0 0.0
  outer loop
    vertex -10.1980905532837 0.0 0.882457613945007
    vertex -1.81138384342194 0.0 0.711951494216919
    vertex -1.78019976615906 0.0 0.786686062812805
  endloop
endfacet
facet normal 0.0 -1.0 0.0
  outer loop
    vertex -10.1980905532837 0.0 0.882457613945007
    vertex -1.78019976615906 0.0 0.786686062812805
    vertex -1.74593389034271 0.0 0.860058724880218
  endloop
endfacet
facet normal 0.0 -1.0 0.0
  outer loop
    vertex -10.1980905532837 0.0 0.882457613945007
    vertex -1.74593389034271 0.0 0.860058724880218
    vertex -1.7086455821991 0.0 0.931942522525787
  endloop
endfacet
facet normal 0.0 -1.0 0.0
  outer loop
    vertex -10.1980905532837 0.0 0.882457613945007
    vertex -1.7086455821991 0.0 0.931942522525787
    vertex -10.1803312301636 0.0 1.06800854206085
  endloop
endfacet
facet normal 0.0 -1.0 0.0
  outer loop
    vertex -10.1803312301636 0.0 1.06800854206085
    vertex -1.7086455821991 0.0 0.931942522525787
    vertex -1.66839909553528 0.0 1.00221288204193
  endloop
endfacet
facet normal 0.0 -1.0 0.0
  outer loop
    vertex -10.1803312301636 0.0 1.06800854206085
    vertex -1.66839909553528 0.0 1.00221288204193
    vertex -1.62526440620422 0.0 1.0707483291626
  endloop
endfacet
facet normal 0.0 -1.0 0.0
  outer loop
    vertex -10.1803312301636 0.0 1.06800854206085
    vertex -1.62526440620422 0.0 1.0707483291626
    vertex -10.1591958999634 0.0 1.25320541858673
  endloop
endfacet
facet normal 0.0 -1.0 0.0
  outer loop
    vertex -10.1591958999634 0.0 1.25320541858673
    vertex -1.62526440620422 0.0 1.0707483291626
    vertex -1.57931613922119 0.0 1.13742995262146
  endloop
endfacet
facet normal 0.0 -1.0 0.0
  outer loop
    vertex -10.1591958999634 0.0 1.25320541858673
    vertex -1.57931613922119 0.0 1.13742995262146
    vertex -1.53063368797302 0.0 1.20214259624481
  endloop
endfacet
facet normal 0.0 -1.0 0.0
  outer loop
    vertex -10.1591958999634 0.0 1.25320541858673
    vertex -1.53063368797302 0.0 1.20214259624481
    vertex -1.47930145263672 0.0 1.26477408409119
  endloop
endfacet
facet normal 0.0 -1.0 0.0
  outer loop
    vertex -10.1591958999634 0.0 1.25320541858673
    vertex -1.47930145263672 0.0 1.26477408409119
    vertex -10.1346921920776 0.0 1.43798673152924
  endloop
endfacet
facet normal 0.0 -1.0 0.0
  outer loop
    vertex -10.1346921920776 0.0 1.43798673152924
    vertex -1.47930145263672 0.0 1.26477408409119
    vertex -1.42540836334229 0.0 1.32521605491638
  endloop
endfacet
facet normal 0.0 -1.0 0.0
  outer loop
    vertex -10.1346921920776 0.0 1.43798673152924
    vertex -1.42540836334229 0.0 1.32521605491638
    vertex -1.36904752254486 0.0 1.38336372375488
  endloop
endfacet
facet normal 0.0 -1.0 0.0
  outer loop
    vertex -10.1346921920776 0.0 1.43798673152924
    vertex -1.36904752254486 0.0 1.38336372375488
    vertex -1.31031656265259 0.0 1.43911671638489
  endloop
endfacet
facet normal 0.0 -1.0 0.0
  outer loop
    vertex -10.1346921920776 0.0 1.43798673152924
    vertex -1.31031656265259 0.0 1.43911671638489
    vertex -10.1068277359009 0.0 1.62229120731354
  endloop
endfacet
facet normal 0.0 -1.0 0.0
  outer loop
    vertex -10.1068277359009 0.0 1.62229120731354
    vertex -1.31031656265259 0.0 1.43911671638489
    vertex -1.24931728839874 0.0 1.49237811565399
  endloop
endfacet
facet normal 0.0 -1.0 0.0
  outer loop
    vertex -10.1068277359009 0.0 1.62229120731354
    vertex -1.24931728839874 0.0 1.49237811565399
    vertex -1.18615520000458 0.0 1.54305613040924
  endloop
endfacet
facet normal 0.0 -1.0 0.0
  outer loop
    vertex -10.1068277359009 0.0 1.62229120731354
    vertex -1.18615520000458 0.0 1.54305613040924
    vertex -1.1209397315979 0.0 1.59106266498566
  endloop
endfacet
facet normal 0.0 -1.0 0.0
  outer loop
    vertex -10.1068277359009 0.0 1.62229120731354
    vertex -1.1209397315979 0.0 1.59106266498566
    vertex -1.05378365516663 0.0 1.636314868927
  endloop
endfacet
facet normal 0.0 -1.0 0.0
  outer loop
    vertex -10.1068277359009 0.0 1.62229120731354
    vertex -1.05378365516663 0.0 1.636314868927
    vertex -10.075611114502 0.0 1.8060576915741
  endloop
endfacet
facet normal 0.0 -1.0 0.0
  outer loop
    vertex -10.075611114502 0.0 1.8060576915741
    vertex -1.05378365516663 0.0 1.636314868927
    vertex -0.984803259372711 0.0 1.67873430252075
  endloop
endfacet
facet normal 0.0 -1.0 0.0
  outer loop
    vertex -10.075611114502 0.0 1.8060576915741
    vertex -0.984803259372711 0.0 1.67873430252075
    vertex -0.914117991924286 0.0 1.71824753284454
  endloop
endfacet
facet normal 0.0 -1.0 0.0
  outer loop
    vertex -10.075611114502 0.0 1.8060576915741
    vertex -0.914117991924286 0.0 1.71824753284454
    vertex -0.841850221157074 0.0 1.75478613376617
  endloop
endfacet
facet normal 0.0 -1.0 0.0
  outer loop
    vertex -10.075611114502 0.0 1.8060576915741
    vertex -0.841850221157074 0.0 1.75478613376617
    vertex -0.768125057220459 0.0 1.78828692436218
  endloop
endfacet
facet normal 0.0 -1.0 0.0
  outer loop
    vertex -10.075611114502 0.0 1.8060576915741
    vertex -0.768125057220459 0.0 1.78828692436218
    vertex -0.69307017326355 0.0 1.81869184970856
  endloop
endfacet
facet normal 0.0 -1.0 0.0
  outer loop
    vertex -10.075611114502 0.0 1.8060576915741
    vertex -0.69307017326355 0.0 1.81869184970856
    vertex -10.041054725647 0.0 1.98922538757324
  endloop
endfacet
facet normal 0.0 -1.0 0.0
  outer loop
    vertex -10.041054725647 0.0 1.98922538757324
    vertex -0.69307017326355 0.0 1.81869184970856
    vertex -0.616815388202667 0.0 1.84594833850861
  endloop
endfacet
facet normal 0.0 -1.0 0.0
  outer loop
    vertex -10.041054725647 0.0 1.98922538757324
    vertex -0.616815388202667 0.0 1.84594833850861
    vertex -0.539492845535278 0.0 1.87000906467438
  endloop
endfacet
facet normal 0.0 -1.0 0.0
  outer loop
    vertex -10.041054725647 0.0 1.98922538757324
    vertex -0.539492845535278 0.0 1.87000906467438
    vertex -0.461236298084259 0.0 1.89083242416382
  endloop
endfacet
facet normal 0.0 -1.0 0.0
  outer loop
    vertex -10.041054725647 0.0 1.98922538757324
    vertex -0.461236298084259 0.0 1.89083242416382
    vertex -0.382181257009506 0.0 1.90838253498077
  endloop
endfacet
facet normal 0.0 -1.0 0.0
  outer loop
    vertex -10.041054725647 0.0 1.98922538757324
    vertex -0.382181257009506 0.0 1.90838253498077
    vertex -0.302464604377747 0.0 1.92262876033783
  endloop
endfacet
facet normal 0.0 -1.0 0.0
  outer loop
    vertex -10.041054725647 0.0 1.98922538757324
    vertex -0.302464604377747 0.0 1.92262876033783
    vertex -0.222224339842796 0.0 1.93354666233063
  endloop
endfacet
facet normal 0.0 -1.0 0.0
  outer loop
    vertex -10.041054725647 0.0 1.98922538757324
    vertex -0.222224339842796 0.0 1.93354666233063
    vertex -0.141599357128143 0.0 1.94111716747284
  endloop
endfacet
facet normal 0.0 -1.0 0.0
  outer loop
    vertex -10.041054725647 0.0 1.98922538757324
    vertex -0.141599357128143 0.0 1.94111716747284
    vertex -0.0607292465865612 0.0 1.9453272819519
  endloop
endfacet
facet normal 0.0 -1.0 0.0
  outer loop
    vertex -10.041054725647 0.0 1.98922538757324
    vertex -0.0607292465865612 0.0 1.9453272819519
    vertex 0.0202460028231144 0.0 1.94616973400116
  endloop
endfacet
facet normal 0.99946460766719 2.13466500899624e-020 0.0327184660500852
  outer loop
    vertex -0.792050540447235 1.20000004768372 -0.0519137345254421
    vertex -0.793749988079071 -2.66700005531311 9.72063414424058e-017
    vertex -0.792050540447235 -2.66700005531311 -0.0519137345254421
  endloop
endfacet
facet normal 0.99946460766719 2.13466500899624e-020 0.0327184660500852
  outer loop
    vertex -0.793749988079071 -2.66700005531311 9.72063414424058e-017
    vertex -0.792050540447235 1.20000004768372 -0.0519137345254421
    vertex -0.793749988079071 1.20000004768372 9.72063414424058e-017
  endloop
endfacet
facet normal 0.99946460766719 1.66970108251236e-020 -0.0327184660500853
  outer loop
    vertex -0.793749988079071 1.20000004768372 9.72063414424058e-017
    vertex -0.792050540447235 -2.66700005531311 0.0519137345254421
    vertex -0.793749988079071 -2.66700005531311 9.72063414424058e-017
  endloop
endfacet
facet normal 0.99946460766719 1.66970108251236e-020 -0.0327184660500853
  outer loop
    vertex -0.792050540447235 -2.66700005531311 0.0519137345254421
    vertex -0.793749988079071 1.20000004768372 9.72063414424058e-017
    vertex -0.792050540447235 1.20000004768372 0.0519137345254421
  endloop
endfacet
facet normal 0.995184672768362 -4.48771414957733e-020 -0.0980176876228376
  outer loop
    vertex -0.792050540447235 1.20000004768372 0.0519137345254421
    vertex -0.7869593501091 -2.66700005531311 0.103605166077614
    vertex -0.792050540447235 -2.66700005531311 0.0519137345254421
  endloop
endfacet
facet normal 0.995184672768362 -4.48771414957733e-020 -0.0980176876228376
  outer loop
    vertex -0.7869593501091 -2.66700005531311 0.103605166077614
    vertex -0.792050540447235 1.20000004768372 0.0519137345254421
    vertex -0.7869593501091 1.20000004768372 0.103605166077614
  endloop
endfacet
facet normal 0.986643282105503 -2.71593894143698e-020 -0.162895776114914
  outer loop
    vertex -0.7869593501091 1.20000004768372 0.103605166077614
    vertex -0.778498291969299 -2.66700005531311 0.154852941632271
    vertex -0.7869593501091 -2.66700005531311 0.103605166077614
  endloop
endfacet
facet normal 0.986643282105503 -2.71593894143698e-020 -0.162895776114914
  outer loop
    vertex -0.778498291969299 -2.66700005531311 0.154852941632271
    vertex -0.7869593501091 1.20000004768372 0.103605166077614
    vertex -0.778498291969299 1.20000004768372 0.154852941632271
  endloop
endfacet
facet normal 0.973877002139367 9.17180523965236e-020 -0.227076164984437
  outer loop
    vertex -0.778498291969299 1.20000004768372 0.154852941632271
    vertex -0.766703605651855 -2.66700005531311 0.205437615513802
    vertex -0.778498291969299 -2.66700005531311 0.154852941632271
  endloop
endfacet
facet normal 0.973877002139367 9.17180523965236e-020 -0.227076164984437
  outer loop
    vertex -0.766703605651855 -2.66700005531311 0.205437615513802
    vertex -0.778498291969299 1.20000004768372 0.154852941632271
    vertex -0.766703605651855 1.20000004768372 0.205437615513802
  endloop
endfacet
facet normal 0.956940354997572 2.98692362341897e-019 -0.290284613745064
  outer loop
    vertex -0.766703605651855 1.20000004768372 0.205437615513802
    vertex -0.751625776290894 -2.66700005531311 0.255142569541931
    vertex -0.766703605651855 -2.66700005531311 0.205437615513802
  endloop
endfacet
facet normal 0.956940354997572 2.98692362341897e-019 -0.290284613745064
  outer loop
    vertex -0.751625776290894 -2.66700005531311 0.255142569541931
    vertex -0.766703605651855 1.20000004768372 0.205437615513802
    vertex -0.751625776290894 1.20000004768372 0.255142569541931
  endloop
endfacet
facet normal 0.935905908704297 3.62668637587556e-019 -0.352250095886978
  outer loop
    vertex -0.751625776290894 1.20000004768372 0.255142569541931
    vertex -0.733329355716705 -2.66700005531311 0.303754985332489
    vertex -0.751625776290894 -2.66700005531311 0.255142569541931
  endloop
endfacet
facet normal 0.935905908704297 3.62668637587556e-019 -0.352250095886978
  outer loop
    vertex -0.733329355716705 -2.66700005531311 0.303754985332489
    vertex -0.751625776290894 1.20000004768372 0.255142569541931
    vertex -0.733329355716705 1.20000004768372 0.303754985332489
  endloop
endfacet
facet normal 0.910863855478502 1.96126215595911e-019 -0.412706962362932
  outer loop
    vertex -0.733329355716705 1.20000004768372 0.303754985332489
    vertex -0.71189272403717 -2.66700005531311 0.351066648960114
    vertex -0.733329355716705 -2.66700005531311 0.303754985332489
  endloop
endfacet
facet normal 0.910863855478502 1.96126215595911e-019 -0.412706962362932
  outer loop
    vertex -0.71189272403717 -2.66700005531311 0.351066648960114
    vertex -0.733329355716705 1.20000004768372 0.303754985332489
    vertex -0.71189272403717 1.20000004768372 0.351066648960114
  endloop
endfacet
facet normal 0.881921415882154 -4.05125237198556e-019 -0.47139645332609
  outer loop
    vertex -0.71189272403717 1.20000004768372 0.351066648960114
    vertex -0.687407672405243 -2.66700005531311 0.396874994039535
    vertex -0.71189272403717 -2.66700005531311 0.351066648960114
  endloop
endfacet
facet normal 0.881921415882154 -4.05125237198556e-019 -0.47139645332609
  outer loop
    vertex -0.687407672405243 -2.66700005531311 0.396874994039535
    vertex -0.71189272403717 1.20000004768372 0.351066648960114
    vertex -0.687407672405243 1.20000004768372 0.396874994039535
  endloop
endfacet
facet normal 0.849201921454822 -1.68293660209829e-019 -0.528068268879544
  outer loop
    vertex -0.687407672405243 1.20000004768372 0.396874994039535
    vertex -0.659978985786438 -2.66700005531311 0.440983861684799
    vertex -0.687407672405243 -2.66700005531311 0.396874994039535
  endloop
endfacet
facet normal 0.849201921454822 -1.68293660209829e-019 -0.528068268879544
  outer loop
    vertex -0.659978985786438 -2.66700005531311 0.440983861684799
    vertex -0.687407672405243 1.20000004768372 0.396874994039535
    vertex -0.659978985786438 1.20000004768372 0.440983861684799
  endloop
endfacet
facet normal 0.812846910350417 4.39551688119557e-020 -0.582477381821631
  outer loop
    vertex -0.659978985786438 1.20000004768372 0.440983861684799
    vertex -0.629724204540253 -2.66700005531311 0.483204394578934
    vertex -0.659978985786438 -2.66700005531311 0.440983861684799
  endloop
endfacet
facet normal 0.812846910350417 4.39551688119557e-020 -0.582477381821631
  outer loop
    vertex -0.629724204540253 -2.66700005531311 0.483204394578934
    vertex -0.659978985786438 1.20000004768372 0.440983861684799
    vertex -0.629724204540253 1.20000004768372 0.483204394578934
  endloop
endfacet
facet normal 0.773010342034847 -2.31102209609663e-019 -0.634393419817047
  outer loop
    vertex -0.629724204540253 1.20000004768372 0.483204394578934
    vertex -0.596772849559784 -2.66700005531311 0.523355722427368
    vertex -0.629724204540253 -2.66700005531311 0.483204394578934
  endloop
endfacet
facet normal 0.773010342034847 -2.31102209609663e-019 -0.634393419817047
  outer loop
    vertex -0.596772849559784 -2.66700005531311 0.523355722427368
    vertex -0.629724204540253 1.20000004768372 0.483204394578934
    vertex -0.596772849559784 1.20000004768372 0.523355722427368
  endloop
endfacet
facet normal 0.729864167594265 -2.4476347875375e-019 -0.683592200702971
  outer loop
    vertex -0.596772849559784 1.20000004768372 0.523355722427368
    vertex -0.561266005039215 -2.66700005531311 0.561266005039215
    vertex -0.596772849559784 -2.66700005531311 0.523355722427368
  endloop
endfacet
facet normal 0.729864167594265 -2.4476347875375e-019 -0.683592200702971
  outer loop
    vertex -0.561266005039215 -2.66700005531311 0.561266005039215
    vertex -0.596772849559784 1.20000004768372 0.523355722427368
    vertex -0.561266005039215 1.20000004768372 0.561266005039215
  endloop
endfacet
facet normal 0.683592200702971 -4.89526957507499e-020 -0.729864167594265
  outer loop
    vertex -0.523355722427368 1.20000004768372 0.596772849559784
    vertex -0.561266005039215 -2.66700005531311 0.561266005039215
    vertex -0.561266005039215 1.20000004768372 0.561266005039215
  endloop
endfacet
facet normal 0.683592200702971 -4.89526957507499e-020 -0.729864167594265
  outer loop
    vertex -0.561266005039215 -2.66700005531311 0.561266005039215
    vertex -0.523355722427368 1.20000004768372 0.596772849559784
    vertex -0.523355722427368 -2.66700005531311 0.596772849559784
  endloop
endfacet
facet normal 0.634393419817047 2.31102209609663e-019 -0.773010342034847
  outer loop
    vertex -0.483204394578934 1.20000004768372 0.629724204540253
    vertex -0.523355722427368 -2.66700005531311 0.596772849559784
    vertex -0.523355722427368 1.20000004768372 0.596772849559784
  endloop
endfacet
facet normal 0.634393419817047 2.31102209609663e-019 -0.773010342034847
  outer loop
    vertex -0.523355722427368 -2.66700005531311 0.596772849559784
    vertex -0.483204394578934 1.20000004768372 0.629724204540253
    vertex -0.483204394578934 -2.66700005531311 0.629724204540253
  endloop
endfacet
facet normal 0.582477381821631 1.75820675247823e-019 -0.812846910350417
  outer loop
    vertex -0.440983861684799 1.20000004768372 0.659978985786438
    vertex -0.483204394578934 -2.66700005531311 0.629724204540253
    vertex -0.483204394578934 1.20000004768372 0.629724204540253
  endloop
endfacet
facet normal 0.582477381821631 1.75820675247823e-019 -0.812846910350417
  outer loop
    vertex -0.483204394578934 -2.66700005531311 0.629724204540253
    vertex -0.440983861684799 1.20000004768372 0.659978985786438
    vertex -0.440983861684799 -2.66700005531311 0.659978985786438
  endloop
endfacet
facet normal 0.528068268879544 -4.20734150524573e-020 -0.849201921454822
  outer loop
    vertex -0.396874994039535 1.20000004768372 0.687407672405243
    vertex -0.440983861684799 -2.66700005531311 0.659978985786438
    vertex -0.440983861684799 1.20000004768372 0.659978985786438
  endloop
endfacet
facet normal 0.528068268879544 -4.20734150524573e-020 -0.849201921454822
  outer loop
    vertex -0.440983861684799 -2.66700005531311 0.659978985786438
    vertex -0.396874994039535 1.20000004768372 0.687407672405243
    vertex -0.396874994039535 -2.66700005531311 0.687407672405243
  endloop
endfacet
facet normal 0.47139645332609 1.21537571159567e-019 -0.881921415882154
  outer loop
    vertex -0.351066648960114 1.20000004768372 0.71189272403717
    vertex -0.396874994039535 -2.66700005531311 0.687407672405243
    vertex -0.396874994039535 1.20000004768372 0.687407672405243
  endloop
endfacet
facet normal 0.47139645332609 1.21537571159567e-019 -0.881921415882154
  outer loop
    vertex -0.396874994039535 -2.66700005531311 0.687407672405243
    vertex -0.351066648960114 1.20000004768372 0.71189272403717
    vertex -0.351066648960114 -2.66700005531311 0.71189272403717
  endloop
endfacet
facet normal 0.412706962362932 1.37288350917138e-019 -0.910863855478502
  outer loop
    vertex -0.303754985332489 1.20000004768372 0.733329355716705
    vertex -0.351066648960114 -2.66700005531311 0.71189272403717
    vertex -0.351066648960114 1.20000004768372 0.71189272403717
  endloop
endfacet
facet normal 0.412706962362932 1.37288350917138e-019 -0.910863855478502
  outer loop
    vertex -0.351066648960114 -2.66700005531311 0.71189272403717
    vertex -0.303754985332489 1.20000004768372 0.733329355716705
    vertex -0.303754985332489 -2.66700005531311 0.733329355716705
  endloop
endfacet
facet normal 0.352250095886978 -3.62668637587556e-019 -0.935905908704297
  outer loop
    vertex -0.255142569541931 1.20000004768372 0.751625776290894
    vertex -0.303754985332489 -2.66700005531311 0.733329355716705
    vertex -0.303754985332489 1.20000004768372 0.733329355716705
  endloop
endfacet
facet normal 0.352250095886978 -3.62668637587556e-019 -0.935905908704297
  outer loop
    vertex -0.303754985332489 -2.66700005531311 0.733329355716705
    vertex -0.255142569541931 1.20000004768372 0.751625776290894
    vertex -0.255142569541931 -2.66700005531311 0.751625776290894
  endloop
endfacet
facet normal 0.290284613745064 -1.68014453817317e-019 -0.956940354997572
  outer loop
    vertex -0.205437615513802 1.20000004768372 0.766703605651855
    vertex -0.255142569541931 -2.66700005531311 0.751625776290894
    vertex -0.255142569541931 1.20000004768372 0.751625776290894
  endloop
endfacet
facet normal 0.290284613745064 -1.68014453817317e-019 -0.956940354997572
  outer loop
    vertex -0.255142569541931 -2.66700005531311 0.751625776290894
    vertex -0.205437615513802 1.20000004768372 0.766703605651855
    vertex -0.205437615513802 -2.66700005531311 0.766703605651855
  endloop
endfacet
facet normal 0.227076164984437 3.66872209586094e-020 -0.973877002139367
  outer loop
    vertex -0.154852941632271 1.20000004768372 0.778498291969299
    vertex -0.205437615513802 -2.66700005531311 0.766703605651855
    vertex -0.205437615513802 1.20000004768372 0.766703605651855
  endloop
endfacet
facet normal 0.227076164984437 3.66872209586094e-020 -0.973877002139367
  outer loop
    vertex -0.205437615513802 -2.66700005531311 0.766703605651855
    vertex -0.154852941632271 1.20000004768372 0.778498291969299
    vertex -0.154852941632271 -2.66700005531311 0.778498291969299
  endloop
endfacet
facet normal 0.162895776114914 -6.33719086335296e-020 -0.986643282105503
  outer loop
    vertex -0.103605166077614 1.20000004768372 0.7869593501091
    vertex -0.154852941632271 -2.66700005531311 0.778498291969299
    vertex -0.154852941632271 1.20000004768372 0.778498291969299
  endloop
endfacet
facet normal 0.162895776114914 -6.33719086335296e-020 -0.986643282105503
  outer loop
    vertex -0.154852941632271 -2.66700005531311 0.778498291969299
    vertex -0.103605166077614 1.20000004768372 0.7869593501091
    vertex -0.103605166077614 -2.66700005531311 0.7869593501091
  endloop
endfacet
facet normal 0.0980176876228376 -5.3852569794928e-020 -0.995184672768362
  outer loop
    vertex -0.0519137345254421 1.20000004768372 0.792050540447235
    vertex -0.103605166077614 -2.66700005531311 0.7869593501091
    vertex -0.103605166077614 1.20000004768372 0.7869593501091
  endloop
endfacet
facet normal 0.0980176876228376 -5.3852569794928e-020 -0.995184672768362
  outer loop
    vertex -0.103605166077614 -2.66700005531311 0.7869593501091
    vertex -0.0519137345254421 1.20000004768372 0.792050540447235
    vertex -0.0519137345254421 -2.66700005531311 0.792050540447235
  endloop
endfacet
facet normal 0.0327184660500852 -2.68109839988335e-020 -0.99946460766719
  outer loop
    vertex 4.86031707212029e-017 1.20000004768372 0.793749988079071
    vertex -0.0519137345254421 -2.66700005531311 0.792050540447235
    vertex -0.0519137345254421 1.20000004768372 0.792050540447235
  endloop
endfacet
facet normal 0.0327184660500852 -2.68109839988335e-020 -0.99946460766719
  outer loop
    vertex -0.0519137345254421 -2.66700005531311 0.792050540447235
    vertex 4.86031707212029e-017 1.20000004768372 0.793749988079071
    vertex 4.86031707212029e-017 -2.66700005531311 0.793749988079071
  endloop
endfacet
facet normal -0.0327184660500853 1.56397406659863e-020 -0.99946460766719
  outer loop
    vertex 0.0519137345254421 1.20000004768372 0.792050540447235
    vertex 4.86031707212029e-017 -2.66700005531311 0.793749988079071
    vertex 4.86031707212029e-017 1.20000004768372 0.793749988079071
  endloop
endfacet
facet normal -0.0327184660500853 1.56397406659863e-020 -0.99946460766719
  outer loop
    vertex 4.86031707212029e-017 -2.66700005531311 0.793749988079071
    vertex 0.0519137345254421 1.20000004768372 0.792050540447235
    vertex 0.0519137345254421 -2.66700005531311 0.792050540447235
  endloop
endfacet
facet normal -0.0980176876228376 -4.48771414957733e-020 -0.995184672768362
  outer loop
    vertex 0.103605166077614 1.20000004768372 0.7869593501091
    vertex 0.0519137345254421 -2.66700005531311 0.792050540447235
    vertex 0.0519137345254421 1.20000004768372 0.792050540447235
  endloop
endfacet
facet normal -0.0980176876228376 -4.48771414957733e-020 -0.995184672768362
  outer loop
    vertex 0.0519137345254421 -2.66700005531311 0.792050540447235
    vertex 0.103605166077614 1.20000004768372 0.7869593501091
    vertex 0.103605166077614 -2.66700005531311 0.7869593501091
  endloop
endfacet
facet normal -0.162895776114914 -2.71593894143698e-020 -0.986643282105503
  outer loop
    vertex 0.154852941632271 1.20000004768372 0.778498291969299
    vertex 0.103605166077614 -2.66700005531311 0.7869593501091
    vertex 0.103605166077614 1.20000004768372 0.7869593501091
  endloop
endfacet
facet normal -0.162895776114914 -2.71593894143698e-020 -0.986643282105503
  outer loop
    vertex 0.103605166077614 -2.66700005531311 0.7869593501091
    vertex 0.154852941632271 1.20000004768372 0.778498291969299
    vertex 0.154852941632271 -2.66700005531311 0.778498291969299
  endloop
endfacet
facet normal -0.227076164984437 9.17180523965236e-020 -0.973877002139367
  outer loop
    vertex 0.205437615513802 1.20000004768372 0.766703605651855
    vertex 0.154852941632271 -2.66700005531311 0.778498291969299
    vertex 0.154852941632271 1.20000004768372 0.778498291969299
  endloop
endfacet
facet normal -0.227076164984437 9.17180523965236e-020 -0.973877002139367
  outer loop
    vertex 0.154852941632271 -2.66700005531311 0.778498291969299
    vertex 0.205437615513802 1.20000004768372 0.766703605651855
    vertex 0.205437615513802 -2.66700005531311 0.766703605651855
  endloop
endfacet
facet normal -0.290284613745064 2.98692362341897e-019 -0.956940354997572
  outer loop
    vertex 0.255142569541931 1.20000004768372 0.751625776290894
    vertex 0.205437615513802 -2.66700005531311 0.766703605651855
    vertex 0.205437615513802 1.20000004768372 0.766703605651855
  endloop
endfacet
facet normal -0.290284613745064 2.98692362341897e-019 -0.956940354997572
  outer loop
    vertex 0.205437615513802 -2.66700005531311 0.766703605651855
    vertex 0.255142569541931 1.20000004768372 0.751625776290894
    vertex 0.255142569541931 -2.66700005531311 0.751625776290894
  endloop
endfacet
facet normal -0.352250095886978 3.62668637587556e-019 -0.935905908704297
  outer loop
    vertex 0.303754985332489 1.20000004768372 0.733329355716705
    vertex 0.255142569541931 -2.66700005531311 0.751625776290894
    vertex 0.255142569541931 1.20000004768372 0.751625776290894
  endloop
endfacet
facet normal -0.352250095886978 3.62668637587556e-019 -0.935905908704297
  outer loop
    vertex 0.255142569541931 -2.66700005531311 0.751625776290894
    vertex 0.303754985332489 1.20000004768372 0.733329355716705
    vertex 0.303754985332489 -2.66700005531311 0.733329355716705
  endloop
endfacet
facet normal -0.412706962362932 1.96126215595911e-019 -0.910863855478502
  outer loop
    vertex 0.351066648960114 1.20000004768372 0.71189272403717
    vertex 0.303754985332489 -2.66700005531311 0.733329355716705
    vertex 0.303754985332489 1.20000004768372 0.733329355716705
  endloop
endfacet
facet normal -0.412706962362932 1.96126215595911e-019 -0.910863855478502
  outer loop
    vertex 0.303754985332489 -2.66700005531311 0.733329355716705
    vertex 0.351066648960114 1.20000004768372 0.71189272403717
    vertex 0.351066648960114 -2.66700005531311 0.71189272403717
  endloop
endfacet
facet normal -0.47139645332609 -4.05125237198556e-019 -0.881921415882154
  outer loop
    vertex 0.396874994039535 1.20000004768372 0.687407672405243
    vertex 0.351066648960114 -2.66700005531311 0.71189272403717
    vertex 0.351066648960114 1.20000004768372 0.71189272403717
  endloop
endfacet
facet normal -0.47139645332609 -4.05125237198556e-019 -0.881921415882154
  outer loop
    vertex 0.351066648960114 -2.66700005531311 0.71189272403717
    vertex 0.396874994039535 1.20000004768372 0.687407672405243
    vertex 0.396874994039535 -2.66700005531311 0.687407672405243
  endloop
endfacet
facet normal -0.528068268879544 -1.68293660209829e-019 -0.849201921454822
  outer loop
    vertex 0.440983861684799 1.20000004768372 0.659978985786438
    vertex 0.396874994039535 -2.66700005531311 0.687407672405243
    vertex 0.396874994039535 1.20000004768372 0.687407672405243
  endloop
endfacet
facet normal -0.528068268879544 -1.68293660209829e-019 -0.849201921454822
  outer loop
    vertex 0.396874994039535 -2.66700005531311 0.687407672405243
    vertex 0.440983861684799 1.20000004768372 0.659978985786438
    vertex 0.440983861684799 -2.66700005531311 0.659978985786438
  endloop
endfacet
facet normal -0.582477381821631 4.39551688119557e-020 -0.812846910350417
  outer loop
    vertex 0.483204394578934 1.20000004768372 0.629724204540253
    vertex 0.440983861684799 -2.66700005531311 0.659978985786438
    vertex 0.440983861684799 1.20000004768372 0.659978985786438
  endloop
endfacet
facet normal -0.582477381821631 4.39551688119557e-020 -0.812846910350417
  outer loop
    vertex 0.440983861684799 -2.66700005531311 0.659978985786438
    vertex 0.483204394578934 1.20000004768372 0.629724204540253
    vertex 0.483204394578934 -2.66700005531311 0.629724204540253
  endloop
endfacet
facet normal -0.634393419817047 -2.31102209609663e-019 -0.773010342034847
  outer loop
    vertex 0.523355722427368 1.20000004768372 0.596772849559784
    vertex 0.483204394578934 -2.66700005531311 0.629724204540253
    vertex 0.483204394578934 1.20000004768372 0.629724204540253
  endloop
endfacet
facet normal -0.634393419817047 -2.31102209609663e-019 -0.773010342034847
  outer loop
    vertex 0.483204394578934 -2.66700005531311 0.629724204540253
    vertex 0.523355722427368 1.20000004768372 0.596772849559784
    vertex 0.523355722427368 -2.66700005531311 0.596772849559784
  endloop
endfacet
facet normal -0.683592200702971 -2.4476347875375e-019 -0.729864167594265
  outer loop
    vertex 0.561266005039215 1.20000004768372 0.561266005039215
    vertex 0.523355722427368 -2.66700005531311 0.596772849559784
    vertex 0.523355722427368 1.20000004768372 0.596772849559784
  endloop
endfacet
facet normal -0.683592200702971 -2.4476347875375e-019 -0.729864167594265
  outer loop
    vertex 0.523355722427368 -2.66700005531311 0.596772849559784
    vertex 0.561266005039215 1.20000004768372 0.561266005039215
    vertex 0.561266005039215 -2.66700005531311 0.561266005039215
  endloop
endfacet
facet normal -0.729864167594265 -4.89526957507499e-020 -0.683592200702971
  outer loop
    vertex 0.561266005039215 1.20000004768372 0.561266005039215
    vertex 0.596772849559784 -2.66700005531311 0.523355722427368
    vertex 0.561266005039215 -2.66700005531311 0.561266005039215
  endloop
endfacet
facet normal -0.729864167594265 -4.89526957507499e-020 -0.683592200702971
  outer loop
    vertex 0.596772849559784 -2.66700005531311 0.523355722427368
    vertex 0.561266005039215 1.20000004768372 0.561266005039215
    vertex 0.596772849559784 1.20000004768372 0.523355722427368
  endloop
endfacet
facet normal -0.773010342034847 2.31102209609663e-019 -0.634393419817047
  outer loop
    vertex 0.596772849559784 1.20000004768372 0.523355722427368
    vertex 0.629724204540253 -2.66700005531311 0.483204394578934
    vertex 0.596772849559784 -2.66700005531311 0.523355722427368
  endloop
endfacet
facet normal -0.773010342034847 2.31102209609663e-019 -0.634393419817047
  outer loop
    vertex 0.629724204540253 -2.66700005531311 0.483204394578934
    vertex 0.596772849559784 1.20000004768372 0.523355722427368
    vertex 0.629724204540253 1.20000004768372 0.483204394578934
  endloop
endfacet
facet normal -0.812846910350417 1.75820675247823e-019 -0.582477381821631
  outer loop
    vertex 0.629724204540253 1.20000004768372 0.483204394578934
    vertex 0.659978985786438 -2.66700005531311 0.440983861684799
    vertex 0.629724204540253 -2.66700005531311 0.483204394578934
  endloop
endfacet
facet normal -0.812846910350417 1.75820675247823e-019 -0.582477381821631
  outer loop
    vertex 0.659978985786438 -2.66700005531311 0.440983861684799
    vertex 0.629724204540253 1.20000004768372 0.483204394578934
    vertex 0.659978985786438 1.20000004768372 0.440983861684799
  endloop
endfacet
facet normal -0.849201921454822 -4.20734150524573e-020 -0.528068268879544
  outer loop
    vertex 0.659978985786438 1.20000004768372 0.440983861684799
    vertex 0.687407672405243 -2.66700005531311 0.396874994039535
    vertex 0.659978985786438 -2.66700005531311 0.440983861684799
  endloop
endfacet
facet normal -0.849201921454822 -4.20734150524573e-020 -0.528068268879544
  outer loop
    vertex 0.687407672405243 -2.66700005531311 0.396874994039535
    vertex 0.659978985786438 1.20000004768372 0.440983861684799
    vertex 0.687407672405243 1.20000004768372 0.396874994039535
  endloop
endfacet
facet normal -0.881921415882154 1.21537571159567e-019 -0.47139645332609
  outer loop
    vertex 0.687407672405243 1.20000004768372 0.396874994039535
    vertex 0.71189272403717 -2.66700005531311 0.351066648960114
    vertex 0.687407672405243 -2.66700005531311 0.396874994039535
  endloop
endfacet
facet normal -0.881921415882154 1.21537571159567e-019 -0.47139645332609
  outer loop
    vertex 0.71189272403717 -2.66700005531311 0.351066648960114
    vertex 0.687407672405243 1.20000004768372 0.396874994039535
    vertex 0.71189272403717 1.20000004768372 0.351066648960114
  endloop
endfacet
facet normal -0.910863855478502 1.37288350917138e-019 -0.412706962362932
  outer loop
    vertex 0.71189272403717 1.20000004768372 0.351066648960114
    vertex 0.733329355716705 -2.66700005531311 0.303754985332489
    vertex 0.71189272403717 -2.66700005531311 0.351066648960114
  endloop
endfacet
facet normal -0.910863855478502 1.37288350917138e-019 -0.412706962362932
  outer loop
    vertex 0.733329355716705 -2.66700005531311 0.303754985332489
    vertex 0.71189272403717 1.20000004768372 0.351066648960114
    vertex 0.733329355716705 1.20000004768372 0.303754985332489
  endloop
endfacet
facet normal -0.935905908704297 -3.62668637587556e-019 -0.352250095886978
  outer loop
    vertex 0.733329355716705 1.20000004768372 0.303754985332489
    vertex 0.751625776290894 -2.66700005531311 0.255142569541931
    vertex 0.733329355716705 -2.66700005531311 0.303754985332489
  endloop
endfacet
facet normal -0.935905908704297 -3.62668637587556e-019 -0.352250095886978
  outer loop
    vertex 0.751625776290894 -2.66700005531311 0.255142569541931
    vertex 0.733329355716705 1.20000004768372 0.303754985332489
    vertex 0.751625776290894 1.20000004768372 0.255142569541931
  endloop
endfacet
facet normal -0.956940354997572 -1.68014453817317e-019 -0.290284613745064
  outer loop
    vertex 0.751625776290894 1.20000004768372 0.255142569541931
    vertex 0.766703605651855 -2.66700005531311 0.205437615513802
    vertex 0.751625776290894 -2.66700005531311 0.255142569541931
  endloop
endfacet
facet normal -0.956940354997572 -1.68014453817317e-019 -0.290284613745064
  outer loop
    vertex 0.766703605651855 -2.66700005531311 0.205437615513802
    vertex 0.751625776290894 1.20000004768372 0.255142569541931
    vertex 0.766703605651855 1.20000004768372 0.205437615513802
  endloop
endfacet
facet normal -0.973877002139367 3.66872209586094e-020 -0.227076164984437
  outer loop
    vertex 0.766703605651855 1.20000004768372 0.205437615513802
    vertex 0.778498291969299 -2.66700005531311 0.154852941632271
    vertex 0.766703605651855 -2.66700005531311 0.205437615513802
  endloop
endfacet
facet normal -0.973877002139367 3.66872209586094e-020 -0.227076164984437
  outer loop
    vertex 0.778498291969299 -2.66700005531311 0.154852941632271
    vertex 0.766703605651855 1.20000004768372 0.205437615513802
    vertex 0.778498291969299 1.20000004768372 0.154852941632271
  endloop
endfacet
facet normal -0.986643282105503 -6.33719086335296e-020 -0.162895776114914
  outer loop
    vertex 0.778498291969299 1.20000004768372 0.154852941632271
    vertex 0.7869593501091 -2.66700005531311 0.103605166077614
    vertex 0.778498291969299 -2.66700005531311 0.154852941632271
  endloop
endfacet
facet normal -0.986643282105503 -6.33719086335296e-020 -0.162895776114914
  outer loop
    vertex 0.7869593501091 -2.66700005531311 0.103605166077614
    vertex 0.778498291969299 1.20000004768372 0.154852941632271
    vertex 0.7869593501091 1.20000004768372 0.103605166077614
  endloop
endfacet
facet normal -0.995184672768362 -5.3852569794928e-020 -0.0980176876228376
  outer loop
    vertex 0.7869593501091 1.20000004768372 0.103605166077614
    vertex 0.792050540447235 -2.66700005531311 0.0519137345254421
    vertex 0.7869593501091 -2.66700005531311 0.103605166077614
  endloop
endfacet
facet normal -0.995184672768362 -5.3852569794928e-020 -0.0980176876228376
  outer loop
    vertex 0.792050540447235 -2.66700005531311 0.0519137345254421
    vertex 0.7869593501091 1.20000004768372 0.103605166077614
    vertex 0.792050540447235 1.20000004768372 0.0519137345254421
  endloop
endfacet
facet normal -0.99946460766719 -2.9045232665403e-020 -0.0327184660500853
  outer loop
    vertex 0.792050540447235 1.20000004768372 0.0519137345254421
    vertex 0.793749988079071 -2.66700005531311 0.0
    vertex 0.792050540447235 -2.66700005531311 0.0519137345254421
  endloop
endfacet
facet normal -0.99946460766719 -2.9045232665403e-020 -0.0327184660500853
  outer loop
    vertex 0.793749988079071 -2.66700005531311 0.0
    vertex 0.792050540447235 1.20000004768372 0.0519137345254421
    vertex 0.793749988079071 1.20000004768372 0.0
  endloop
endfacet
facet normal -0.99946460766719 1.11712433328473e-020 0.0327184660500853
  outer loop
    vertex 0.793749988079071 1.20000004768372 0.0
    vertex 0.792050540447235 -2.66700005531311 -0.0519137345254421
    vertex 0.793749988079071 -2.66700005531311 0.0
  endloop
endfacet
facet normal -0.99946460766719 1.11712433328473e-020 0.0327184660500853
  outer loop
    vertex 0.792050540447235 -2.66700005531311 -0.0519137345254421
    vertex 0.793749988079071 1.20000004768372 0.0
    vertex 0.792050540447235 1.20000004768372 -0.0519137345254421
  endloop
endfacet
facet normal -0.995184672768362 -4.48771414957733e-020 0.0980176876228376
  outer loop
    vertex 0.792050540447235 1.20000004768372 -0.0519137345254421
    vertex 0.7869593501091 -2.66700005531311 -0.103605166077614
    vertex 0.792050540447235 -2.66700005531311 -0.0519137345254421
  endloop
endfacet
facet normal -0.995184672768362 -4.48771414957733e-020 0.0980176876228376
  outer loop
    vertex 0.7869593501091 -2.66700005531311 -0.103605166077614
    vertex 0.792050540447235 1.20000004768372 -0.0519137345254421
    vertex 0.7869593501091 1.20000004768372 -0.103605166077614
  endloop
endfacet
facet normal -0.986643282105503 -2.71593894143698e-020 0.162895776114914
  outer loop
    vertex 0.7869593501091 1.20000004768372 -0.103605166077614
    vertex 0.778498291969299 -2.66700005531311 -0.154852941632271
    vertex 0.7869593501091 -2.66700005531311 -0.103605166077614
  endloop
endfacet
facet normal -0.986643282105503 -2.71593894143698e-020 0.162895776114914
  outer loop
    vertex 0.778498291969299 -2.66700005531311 -0.154852941632271
    vertex 0.7869593501091 1.20000004768372 -0.103605166077614
    vertex 0.778498291969299 1.20000004768372 -0.154852941632271
  endloop
endfacet
facet normal -0.973877002139367 9.17180523965236e-020 0.227076164984437
  outer loop
    vertex 0.778498291969299 1.20000004768372 -0.154852941632271
    vertex 0.766703605651855 -2.66700005531311 -0.205437615513802
    vertex 0.778498291969299 -2.66700005531311 -0.154852941632271
  endloop
endfacet
facet normal -0.973877002139367 9.17180523965236e-020 0.227076164984437
  outer loop
    vertex 0.766703605651855 -2.66700005531311 -0.205437615513802
    vertex 0.778498291969299 1.20000004768372 -0.154852941632271
    vertex 0.766703605651855 1.20000004768372 -0.205437615513802
  endloop
endfacet
facet normal -0.956940354997572 2.98692362341897e-019 0.290284613745064
  outer loop
    vertex 0.766703605651855 1.20000004768372 -0.205437615513802
    vertex 0.751625776290894 -2.66700005531311 -0.255142569541931
    vertex 0.766703605651855 -2.66700005531311 -0.205437615513802
  endloop
endfacet
facet normal -0.956940354997572 2.98692362341897e-019 0.290284613745064
  outer loop
    vertex 0.751625776290894 -2.66700005531311 -0.255142569541931
    vertex 0.766703605651855 1.20000004768372 -0.205437615513802
    vertex 0.751625776290894 1.20000004768372 -0.255142569541931
  endloop
endfacet
facet normal -0.935905908704297 3.62668637587556e-019 0.352250095886978
  outer loop
    vertex 0.751625776290894 1.20000004768372 -0.255142569541931
    vertex 0.733329355716705 -2.66700005531311 -0.303754985332489
    vertex 0.751625776290894 -2.66700005531311 -0.255142569541931
  endloop
endfacet
facet normal -0.935905908704297 3.62668637587556e-019 0.352250095886978
  outer loop
    vertex 0.733329355716705 -2.66700005531311 -0.303754985332489
    vertex 0.751625776290894 1.20000004768372 -0.255142569541931
    vertex 0.733329355716705 1.20000004768372 -0.303754985332489
  endloop
endfacet
facet normal -0.910863855478502 1.96126215595911e-019 0.412706962362932
  outer loop
    vertex 0.733329355716705 1.20000004768372 -0.303754985332489
    vertex 0.71189272403717 -2.66700005531311 -0.351066648960114
    vertex 0.733329355716705 -2.66700005531311 -0.303754985332489
  endloop
endfacet
facet normal -0.910863855478502 1.96126215595911e-019 0.412706962362932
  outer loop
    vertex 0.71189272403717 -2.66700005531311 -0.351066648960114
    vertex 0.733329355716705 1.20000004768372 -0.303754985332489
    vertex 0.71189272403717 1.20000004768372 -0.351066648960114
  endloop
endfacet
facet normal -0.881921415882154 -4.05125237198556e-019 0.47139645332609
  outer loop
    vertex 0.71189272403717 1.20000004768372 -0.351066648960114
    vertex 0.687407672405243 -2.66700005531311 -0.396874994039535
    vertex 0.71189272403717 -2.66700005531311 -0.351066648960114
  endloop
endfacet
facet normal -0.881921415882154 -4.05125237198556e-019 0.47139645332609
  outer loop
    vertex 0.687407672405243 -2.66700005531311 -0.396874994039535
    vertex 0.71189272403717 1.20000004768372 -0.351066648960114
    vertex 0.687407672405243 1.20000004768372 -0.396874994039535
  endloop
endfacet
facet normal -0.849201921454822 -1.68293660209829e-019 0.528068268879544
  outer loop
    vertex 0.687407672405243 1.20000004768372 -0.396874994039535
    vertex 0.659978985786438 -2.66700005531311 -0.440983861684799
    vertex 0.687407672405243 -2.66700005531311 -0.396874994039535
  endloop
endfacet
facet normal -0.849201921454822 -1.68293660209829e-019 0.528068268879544
  outer loop
    vertex 0.659978985786438 -2.66700005531311 -0.440983861684799
    vertex 0.687407672405243 1.20000004768372 -0.396874994039535
    vertex 0.659978985786438 1.20000004768372 -0.440983861684799
  endloop
endfacet
facet normal -0.812846910350417 4.39551688119557e-020 0.582477381821631
  outer loop
    vertex 0.659978985786438 1.20000004768372 -0.440983861684799
    vertex 0.629724204540253 -2.66700005531311 -0.483204394578934
    vertex 0.659978985786438 -2.66700005531311 -0.440983861684799
  endloop
endfacet
facet normal -0.812846910350417 4.39551688119557e-020 0.582477381821631
  outer loop
    vertex 0.629724204540253 -2.66700005531311 -0.483204394578934
    vertex 0.659978985786438 1.20000004768372 -0.440983861684799
    vertex 0.629724204540253 1.20000004768372 -0.483204394578934
  endloop
endfacet
facet normal -0.773010342034847 -2.31102209609663e-019 0.634393419817047
  outer loop
    vertex 0.629724204540253 1.20000004768372 -0.483204394578934
    vertex 0.596772849559784 -2.66700005531311 -0.523355722427368
    vertex 0.629724204540253 -2.66700005531311 -0.483204394578934
  endloop
endfacet
facet normal -0.773010342034847 -2.31102209609663e-019 0.634393419817047
  outer loop
    vertex 0.596772849559784 -2.66700005531311 -0.523355722427368
    vertex 0.629724204540253 1.20000004768372 -0.483204394578934
    vertex 0.596772849559784 1.20000004768372 -0.523355722427368
  endloop
endfacet
facet normal -0.729864167594265 -2.4476347875375e-019 0.683592200702971
  outer loop
    vertex 0.596772849559784 1.20000004768372 -0.523355722427368
    vertex 0.561266005039215 -2.66700005531311 -0.561266005039215
    vertex 0.596772849559784 -2.66700005531311 -0.523355722427368
  endloop
endfacet
facet normal -0.729864167594265 -2.4476347875375e-019 0.683592200702971
  outer loop
    vertex 0.561266005039215 -2.66700005531311 -0.561266005039215
    vertex 0.596772849559784 1.20000004768372 -0.523355722427368
    vertex 0.561266005039215 1.20000004768372 -0.561266005039215
  endloop
endfacet
facet normal -0.683592200702971 -4.89526957507499e-020 0.729864167594265
  outer loop
    vertex 0.561266005039215 -2.66700005531311 -0.561266005039215
    vertex 0.523355722427368 1.20000004768372 -0.596772849559784
    vertex 0.523355722427368 -2.66700005531311 -0.596772849559784
  endloop
endfacet
facet normal -0.683592200702971 -4.89526957507499e-020 0.729864167594265
  outer loop
    vertex 0.523355722427368 1.20000004768372 -0.596772849559784
    vertex 0.561266005039215 -2.66700005531311 -0.561266005039215
    vertex 0.561266005039215 1.20000004768372 -0.561266005039215
  endloop
endfacet
facet normal -0.634393419817047 2.31102209609663e-019 0.773010342034847
  outer loop
    vertex 0.523355722427368 -2.66700005531311 -0.596772849559784
    vertex 0.483204394578934 1.20000004768372 -0.629724204540253
    vertex 0.483204394578934 -2.66700005531311 -0.629724204540253
  endloop
endfacet
facet normal -0.634393419817047 2.31102209609663e-019 0.773010342034847
  outer loop
    vertex 0.483204394578934 1.20000004768372 -0.629724204540253
    vertex 0.523355722427368 -2.66700005531311 -0.596772849559784
    vertex 0.523355722427368 1.20000004768372 -0.596772849559784
  endloop
endfacet
facet normal -0.582477381821631 1.75820675247823e-019 0.812846910350417
  outer loop
    vertex 0.483204394578934 -2.66700005531311 -0.629724204540253
    vertex 0.440983861684799 1.20000004768372 -0.659978985786438
    vertex 0.440983861684799 -2.66700005531311 -0.659978985786438
  endloop
endfacet
facet normal -0.582477381821631 1.75820675247823e-019 0.812846910350417
  outer loop
    vertex 0.440983861684799 1.20000004768372 -0.659978985786438
    vertex 0.483204394578934 -2.66700005531311 -0.629724204540253
    vertex 0.483204394578934 1.20000004768372 -0.629724204540253
  endloop
endfacet
facet normal -0.528068268879544 -4.20734150524573e-020 0.849201921454822
  outer loop
    vertex 0.440983861684799 -2.66700005531311 -0.659978985786438
    vertex 0.396874994039535 1.20000004768372 -0.687407672405243
    vertex 0.396874994039535 -2.66700005531311 -0.687407672405243
  endloop
endfacet
facet normal -0.528068268879544 -4.20734150524573e-020 0.849201921454822
  outer loop
    vertex 0.396874994039535 1.20000004768372 -0.687407672405243
    vertex 0.440983861684799 -2.66700005531311 -0.659978985786438
    vertex 0.440983861684799 1.20000004768372 -0.659978985786438
  endloop
endfacet
facet normal -0.47139645332609 1.21537571159567e-019 0.881921415882154
  outer loop
    vertex 0.396874994039535 -2.66700005531311 -0.687407672405243
    vertex 0.351066648960114 1.20000004768372 -0.71189272403717
    vertex 0.351066648960114 -2.66700005531311 -0.71189272403717
  endloop
endfacet
facet normal -0.47139645332609 1.21537571159567e-019 0.881921415882154
  outer loop
    vertex 0.351066648960114 1.20000004768372 -0.71189272403717
    vertex 0.396874994039535 -2.66700005531311 -0.687407672405243
    vertex 0.396874994039535 1.20000004768372 -0.687407672405243
  endloop
endfacet
facet normal -0.412706962362932 1.37288350917138e-019 0.910863855478502
  outer loop
    vertex 0.351066648960114 -2.66700005531311 -0.71189272403717
    vertex 0.303754985332489 1.20000004768372 -0.733329355716705
    vertex 0.303754985332489 -2.66700005531311 -0.733329355716705
  endloop
endfacet
facet normal -0.412706962362932 1.37288350917138e-019 0.910863855478502
  outer loop
    vertex 0.303754985332489 1.20000004768372 -0.733329355716705
    vertex 0.351066648960114 -2.66700005531311 -0.71189272403717
    vertex 0.351066648960114 1.20000004768372 -0.71189272403717
  endloop
endfacet
facet normal -0.352250095886978 -3.62668637587556e-019 0.935905908704297
  outer loop
    vertex 0.303754985332489 -2.66700005531311 -0.733329355716705
    vertex 0.255142569541931 1.20000004768372 -0.751625776290894
    vertex 0.255142569541931 -2.66700005531311 -0.751625776290894
  endloop
endfacet
facet normal -0.352250095886978 -3.62668637587556e-019 0.935905908704297
  outer loop
    vertex 0.255142569541931 1.20000004768372 -0.751625776290894
    vertex 0.303754985332489 -2.66700005531311 -0.733329355716705
    vertex 0.303754985332489 1.20000004768372 -0.733329355716705
  endloop
endfacet
facet normal -0.290284613745064 -1.68014453817317e-019 0.956940354997572
  outer loop
    vertex 0.255142569541931 -2.66700005531311 -0.751625776290894
    vertex 0.205437615513802 1.20000004768372 -0.766703605651855
    vertex 0.205437615513802 -2.66700005531311 -0.766703605651855
  endloop
endfacet
facet normal -0.290284613745064 -1.68014453817317e-019 0.956940354997572
  outer loop
    vertex 0.205437615513802 1.20000004768372 -0.766703605651855
    vertex 0.255142569541931 -2.66700005531311 -0.751625776290894
    vertex 0.255142569541931 1.20000004768372 -0.751625776290894
  endloop
endfacet
facet normal -0.227076164984437 3.66872209586094e-020 0.973877002139367
  outer loop
    vertex 0.205437615513802 -2.66700005531311 -0.766703605651855
    vertex 0.154852941632271 1.20000004768372 -0.778498291969299
    vertex 0.154852941632271 -2.66700005531311 -0.778498291969299
  endloop
endfacet
facet normal -0.227076164984437 3.66872209586094e-020 0.973877002139367
  outer loop
    vertex 0.154852941632271 1.20000004768372 -0.778498291969299
    vertex 0.205437615513802 -2.66700005531311 -0.766703605651855
    vertex 0.205437615513802 1.20000004768372 -0.766703605651855
  endloop
endfacet
facet normal -0.162895776114914 -6.33719086335296e-020 0.986643282105503
  outer loop
    vertex 0.154852941632271 -2.66700005531311 -0.778498291969299
    vertex 0.103605166077614 1.20000004768372 -0.7869593501091
    vertex 0.103605166077614 -2.66700005531311 -0.7869593501091
  endloop
endfacet
facet normal -0.162895776114914 -6.33719086335296e-020 0.986643282105503
  outer loop
    vertex 0.103605166077614 1.20000004768372 -0.7869593501091
    vertex 0.154852941632271 -2.66700005531311 -0.778498291969299
    vertex 0.154852941632271 1.20000004768372 -0.778498291969299
  endloop
endfacet
facet normal -0.0980176876228376 -5.3852569794928e-020 0.995184672768362
  outer loop
    vertex 0.103605166077614 -2.66700005531311 -0.7869593501091
    vertex 0.0519137345254421 1.20000004768372 -0.792050540447235
    vertex 0.0519137345254421 -2.66700005531311 -0.792050540447235
  endloop
endfacet
facet normal -0.0980176876228376 -5.3852569794928e-020 0.995184672768362
  outer loop
    vertex 0.0519137345254421 1.20000004768372 -0.792050540447235
    vertex 0.103605166077614 -2.66700005531311 -0.7869593501091
    vertex 0.103605166077614 1.20000004768372 -0.7869593501091
  endloop
endfacet
facet normal -0.0327184660500853 -1.56397406659863e-020 0.99946460766719
  outer loop
    vertex 0.0519137345254421 -2.66700005531311 -0.792050540447235
    vertex 4.86031707212029e-017 1.20000004768372 -0.793749988079071
    vertex 4.86031707212029e-017 -2.66700005531311 -0.793749988079071
  endloop
endfacet
facet normal -0.0327184660500853 -1.56397406659863e-020 0.99946460766719
  outer loop
    vertex 4.86031707212029e-017 1.20000004768372 -0.793749988079071
    vertex 0.0519137345254421 -2.66700005531311 -0.792050540447235
    vertex 0.0519137345254421 1.20000004768372 -0.792050540447235
  endloop
endfacet
facet normal 0.0327184660500852 8.93699466627783e-021 0.99946460766719
  outer loop
    vertex 4.86031707212029e-017 -2.66700005531311 -0.793749988079071
    vertex -0.0519137345254421 1.20000004768372 -0.792050540447235
    vertex -0.0519137345254421 -2.66700005531311 -0.792050540447235
  endloop
endfacet
facet normal 0.0327184660500852 8.93699466627783e-021 0.99946460766719
  outer loop
    vertex -0.0519137345254421 1.20000004768372 -0.792050540447235
    vertex 4.86031707212029e-017 -2.66700005531311 -0.793749988079071
    vertex 4.86031707212029e-017 1.20000004768372 -0.793749988079071
  endloop
endfacet
facet normal 0.0980176876228376 -4.48771414957733e-020 0.995184672768362
  outer loop
    vertex -0.0519137345254421 -2.66700005531311 -0.792050540447235
    vertex -0.103605166077614 1.20000004768372 -0.7869593501091
    vertex -0.103605166077614 -2.66700005531311 -0.7869593501091
  endloop
endfacet
facet normal 0.0980176876228376 -4.48771414957733e-020 0.995184672768362
  outer loop
    vertex -0.103605166077614 1.20000004768372 -0.7869593501091
    vertex -0.0519137345254421 -2.66700005531311 -0.792050540447235
    vertex -0.0519137345254421 1.20000004768372 -0.792050540447235
  endloop
endfacet
facet normal 0.162895776114914 -2.71593894143698e-020 0.986643282105503
  outer loop
    vertex -0.103605166077614 -2.66700005531311 -0.7869593501091
    vertex -0.154852941632271 1.20000004768372 -0.778498291969299
    vertex -0.154852941632271 -2.66700005531311 -0.778498291969299
  endloop
endfacet
facet normal 0.162895776114914 -2.71593894143698e-020 0.986643282105503
  outer loop
    vertex -0.154852941632271 1.20000004768372 -0.778498291969299
    vertex -0.103605166077614 -2.66700005531311 -0.7869593501091
    vertex -0.103605166077614 1.20000004768372 -0.7869593501091
  endloop
endfacet
facet normal 0.227076164984437 9.17180523965236e-020 0.973877002139367
  outer loop
    vertex -0.154852941632271 -2.66700005531311 -0.778498291969299
    vertex -0.205437615513802 1.20000004768372 -0.766703605651855
    vertex -0.205437615513802 -2.66700005531311 -0.766703605651855
  endloop
endfacet
facet normal 0.227076164984437 9.17180523965236e-020 0.973877002139367
  outer loop
    vertex -0.205437615513802 1.20000004768372 -0.766703605651855
    vertex -0.154852941632271 -2.66700005531311 -0.778498291969299
    vertex -0.154852941632271 1.20000004768372 -0.778498291969299
  endloop
endfacet
facet normal 0.290284613745064 2.98692362341897e-019 0.956940354997572
  outer loop
    vertex -0.205437615513802 -2.66700005531311 -0.766703605651855
    vertex -0.255142569541931 1.20000004768372 -0.751625776290894
    vertex -0.255142569541931 -2.66700005531311 -0.751625776290894
  endloop
endfacet
facet normal 0.290284613745064 2.98692362341897e-019 0.956940354997572
  outer loop
    vertex -0.255142569541931 1.20000004768372 -0.751625776290894
    vertex -0.205437615513802 -2.66700005531311 -0.766703605651855
    vertex -0.205437615513802 1.20000004768372 -0.766703605651855
  endloop
endfacet
facet normal 0.352250095886978 3.62668637587556e-019 0.935905908704297
  outer loop
    vertex -0.255142569541931 -2.66700005531311 -0.751625776290894
    vertex -0.303754985332489 1.20000004768372 -0.733329355716705
    vertex -0.303754985332489 -2.66700005531311 -0.733329355716705
  endloop
endfacet
facet normal 0.352250095886978 3.62668637587556e-019 0.935905908704297
  outer loop
    vertex -0.303754985332489 1.20000004768372 -0.733329355716705
    vertex -0.255142569541931 -2.66700005531311 -0.751625776290894
    vertex -0.255142569541931 1.20000004768372 -0.751625776290894
  endloop
endfacet
facet normal 0.412706962362932 1.96126215595911e-019 0.910863855478502
  outer loop
    vertex -0.303754985332489 -2.66700005531311 -0.733329355716705
    vertex -0.351066648960114 1.20000004768372 -0.71189272403717
    vertex -0.351066648960114 -2.66700005531311 -0.71189272403717
  endloop
endfacet
facet normal 0.412706962362932 1.96126215595911e-019 0.910863855478502
  outer loop
    vertex -0.351066648960114 1.20000004768372 -0.71189272403717
    vertex -0.303754985332489 -2.66700005531311 -0.733329355716705
    vertex -0.303754985332489 1.20000004768372 -0.733329355716705
  endloop
endfacet
facet normal 0.47139645332609 -4.05125237198556e-019 0.881921415882154
  outer loop
    vertex -0.351066648960114 -2.66700005531311 -0.71189272403717
    vertex -0.396874994039535 1.20000004768372 -0.687407672405243
    vertex -0.396874994039535 -2.66700005531311 -0.687407672405243
  endloop
endfacet
facet normal 0.47139645332609 -4.05125237198556e-019 0.881921415882154
  outer loop
    vertex -0.396874994039535 1.20000004768372 -0.687407672405243
    vertex -0.351066648960114 -2.66700005531311 -0.71189272403717
    vertex -0.351066648960114 1.20000004768372 -0.71189272403717
  endloop
endfacet
facet normal 0.528068268879544 -1.68293660209829e-019 0.849201921454822
  outer loop
    vertex -0.396874994039535 -2.66700005531311 -0.687407672405243
    vertex -0.440983861684799 1.20000004768372 -0.659978985786438
    vertex -0.440983861684799 -2.66700005531311 -0.659978985786438
  endloop
endfacet
facet normal 0.528068268879544 -1.68293660209829e-019 0.849201921454822
  outer loop
    vertex -0.440983861684799 1.20000004768372 -0.659978985786438
    vertex -0.396874994039535 -2.66700005531311 -0.687407672405243
    vertex -0.396874994039535 1.20000004768372 -0.687407672405243
  endloop
endfacet
facet normal 0.582477381821631 4.39551688119557e-020 0.812846910350417
  outer loop
    vertex -0.440983861684799 -2.66700005531311 -0.659978985786438
    vertex -0.483204394578934 1.20000004768372 -0.629724204540253
    vertex -0.483204394578934 -2.66700005531311 -0.629724204540253
  endloop
endfacet
facet normal 0.582477381821631 4.39551688119557e-020 0.812846910350417
  outer loop
    vertex -0.483204394578934 1.20000004768372 -0.629724204540253
    vertex -0.440983861684799 -2.66700005531311 -0.659978985786438
    vertex -0.440983861684799 1.20000004768372 -0.659978985786438
  endloop
endfacet
facet normal 0.634393419817047 -2.31102209609663e-019 0.773010342034847
  outer loop
    vertex -0.483204394578934 -2.66700005531311 -0.629724204540253
    vertex -0.523355722427368 1.20000004768372 -0.596772849559784
    vertex -0.523355722427368 -2.66700005531311 -0.596772849559784
  endloop
endfacet
facet normal 0.634393419817047 -2.31102209609663e-019 0.773010342034847
  outer loop
    vertex -0.523355722427368 1.20000004768372 -0.596772849559784
    vertex -0.483204394578934 -2.66700005531311 -0.629724204540253
    vertex -0.483204394578934 1.20000004768372 -0.629724204540253
  endloop
endfacet
facet normal 0.683592200702971 -2.4476347875375e-019 0.729864167594265
  outer loop
    vertex -0.523355722427368 -2.66700005531311 -0.596772849559784
    vertex -0.561266005039215 1.20000004768372 -0.561266005039215
    vertex -0.561266005039215 -2.66700005531311 -0.561266005039215
  endloop
endfacet
facet normal 0.683592200702971 -2.4476347875375e-019 0.729864167594265
  outer loop
    vertex -0.561266005039215 1.20000004768372 -0.561266005039215
    vertex -0.523355722427368 -2.66700005531311 -0.596772849559784
    vertex -0.523355722427368 1.20000004768372 -0.596772849559784
  endloop
endfacet
facet normal 0.729864167594265 -4.89526957507499e-020 0.683592200702971
  outer loop
    vertex -0.561266005039215 1.20000004768372 -0.561266005039215
    vertex -0.596772849559784 -2.66700005531311 -0.523355722427368
    vertex -0.561266005039215 -2.66700005531311 -0.561266005039215
  endloop
endfacet
facet normal 0.729864167594265 -4.89526957507499e-020 0.683592200702971
  outer loop
    vertex -0.596772849559784 -2.66700005531311 -0.523355722427368
    vertex -0.561266005039215 1.20000004768372 -0.561266005039215
    vertex -0.596772849559784 1.20000004768372 -0.523355722427368
  endloop
endfacet
facet normal 0.773010342034847 2.31102209609663e-019 0.634393419817047
  outer loop
    vertex -0.596772849559784 1.20000004768372 -0.523355722427368
    vertex -0.629724204540253 -2.66700005531311 -0.483204394578934
    vertex -0.596772849559784 -2.66700005531311 -0.523355722427368
  endloop
endfacet
facet normal 0.773010342034847 2.31102209609663e-019 0.634393419817047
  outer loop
    vertex -0.629724204540253 -2.66700005531311 -0.483204394578934
    vertex -0.596772849559784 1.20000004768372 -0.523355722427368
    vertex -0.629724204540253 1.20000004768372 -0.483204394578934
  endloop
endfacet
facet normal 0.812846910350417 1.75820675247823e-019 0.582477381821631
  outer loop
    vertex -0.629724204540253 1.20000004768372 -0.483204394578934
    vertex -0.659978985786438 -2.66700005531311 -0.440983861684799
    vertex -0.629724204540253 -2.66700005531311 -0.483204394578934
  endloop
endfacet
facet normal 0.812846910350417 1.75820675247823e-019 0.582477381821631
  outer loop
    vertex -0.659978985786438 -2.66700005531311 -0.440983861684799
    vertex -0.629724204540253 1.20000004768372 -0.483204394578934
    vertex -0.659978985786438 1.20000004768372 -0.440983861684799
  endloop
endfacet
facet normal 0.849201921454822 -4.20734150524573e-020 0.528068268879544
  outer loop
    vertex -0.659978985786438 1.20000004768372 -0.440983861684799
    vertex -0.687407672405243 -2.66700005531311 -0.396874994039535
    vertex -0.659978985786438 -2.66700005531311 -0.440983861684799
  endloop
endfacet
facet normal 0.849201921454822 -4.20734150524573e-020 0.528068268879544
  outer loop
    vertex -0.687407672405243 -2.66700005531311 -0.396874994039535
    vertex -0.659978985786438 1.20000004768372 -0.440983861684799
    vertex -0.687407672405243 1.20000004768372 -0.396874994039535
  endloop
endfacet
facet normal 0.881921415882154 1.21537571159567e-019 0.47139645332609
  outer loop
    vertex -0.687407672405243 1.20000004768372 -0.396874994039535
    vertex -0.71189272403717 -2.66700005531311 -0.351066648960114
    vertex -0.687407672405243 -2.66700005531311 -0.396874994039535
  endloop
endfacet
facet normal 0.881921415882154 1.21537571159567e-019 0.47139645332609
  outer loop
    vertex -0.71189272403717 -2.66700005531311 -0.351066648960114
    vertex -0.687407672405243 1.20000004768372 -0.396874994039535
    vertex -0.71189272403717 1.20000004768372 -0.351066648960114
  endloop
endfacet
facet normal 0.910863855478502 1.37288350917138e-019 0.412706962362932
  outer loop
    vertex -0.71189272403717 1.20000004768372 -0.351066648960114
    vertex -0.733329355716705 -2.66700005531311 -0.303754985332489
    vertex -0.71189272403717 -2.66700005531311 -0.351066648960114
  endloop
endfacet
facet normal 0.910863855478502 1.37288350917138e-019 0.412706962362932
  outer loop
    vertex -0.733329355716705 -2.66700005531311 -0.303754985332489
    vertex -0.71189272403717 1.20000004768372 -0.351066648960114
    vertex -0.733329355716705 1.20000004768372 -0.303754985332489
  endloop
endfacet
facet normal 0.935905908704297 -3.62668637587556e-019 0.352250095886978
  outer loop
    vertex -0.733329355716705 1.20000004768372 -0.303754985332489
    vertex -0.751625776290894 -2.66700005531311 -0.255142569541931
    vertex -0.733329355716705 -2.66700005531311 -0.303754985332489
  endloop
endfacet
facet normal 0.935905908704297 -3.62668637587556e-019 0.352250095886978
  outer loop
    vertex -0.751625776290894 -2.66700005531311 -0.255142569541931
    vertex -0.733329355716705 1.20000004768372 -0.303754985332489
    vertex -0.751625776290894 1.20000004768372 -0.255142569541931
  endloop
endfacet
facet normal 0.956940354997572 -1.68014453817317e-019 0.290284613745064
  outer loop
    vertex -0.751625776290894 1.20000004768372 -0.255142569541931
    vertex -0.766703605651855 -2.66700005531311 -0.205437615513802
    vertex -0.751625776290894 -2.66700005531311 -0.255142569541931
  endloop
endfacet
facet normal 0.956940354997572 -1.68014453817317e-019 0.290284613745064
  outer loop
    vertex -0.766703605651855 -2.66700005531311 -0.205437615513802
    vertex -0.751625776290894 1.20000004768372 -0.255142569541931
    vertex -0.766703605651855 1.20000004768372 -0.205437615513802
  endloop
endfacet
facet normal 0.973877002139367 3.66872209586094e-020 0.227076164984437
  outer loop
    vertex -0.766703605651855 1.20000004768372 -0.205437615513802
    vertex -0.778498291969299 -2.66700005531311 -0.154852941632271
    vertex -0.766703605651855 -2.66700005531311 -0.205437615513802
  endloop
endfacet
facet normal 0.973877002139367 3.66872209586094e-020 0.227076164984437
  outer loop
    vertex -0.778498291969299 -2.66700005531311 -0.154852941632271
    vertex -0.766703605651855 1.20000004768372 -0.205437615513802
    vertex -0.778498291969299 1.20000004768372 -0.154852941632271
  endloop
endfacet
facet normal 0.986643282105503 -6.33719086335296e-020 0.162895776114914
  outer loop
    vertex -0.778498291969299 1.20000004768372 -0.154852941632271
    vertex -0.7869593501091 -2.66700005531311 -0.103605166077614
    vertex -0.778498291969299 -2.66700005531311 -0.154852941632271
  endloop
endfacet
facet normal 0.986643282105503 -6.33719086335296e-020 0.162895776114914
  outer loop
    vertex -0.7869593501091 -2.66700005531311 -0.103605166077614
    vertex -0.778498291969299 1.20000004768372 -0.154852941632271
    vertex -0.7869593501091 1.20000004768372 -0.103605166077614
  endloop
endfacet
facet normal 0.995184672768362 -5.3852569794928e-020 0.0980176876228376
  outer loop
    vertex -0.7869593501091 1.20000004768372 -0.103605166077614
    vertex -0.792050540447235 -2.66700005531311 -0.0519137345254421
    vertex -0.7869593501091 -2.66700005531311 -0.103605166077614
  endloop
endfacet
facet normal 0.995184672768362 -5.3852569794928e-020 0.0980176876228376
  outer loop
    vertex -0.792050540447235 -2.66700005531311 -0.0519137345254421
    vertex -0.7869593501091 1.20000004768372 -0.103605166077614
    vertex -0.792050540447235 1.20000004768372 -0.0519137345254421
  endloop
endfacet
facet normal -2.03672983875304e-031 1.0 -1.3938497597293e-031
  outer loop
    vertex -11.4156866073608 1.20000004768372 -0.684667706489563
    vertex 4.86031707212029e-017 1.20000004768372 -0.793749988079071
    vertex -11.4022493362427 1.20000004768372 -0.880555689334869
  endloop
endfacet
facet normal -2.03672983875304e-031 1.0 -1.3938497597293e-031
  outer loop
    vertex 4.86031707212029e-017 1.20000004768372 -0.793749988079071
    vertex -11.4156866073608 1.20000004768372 -0.684667706489563
    vertex -0.0519137345254421 1.20000004768372 -0.792050540447235
  endloop
endfacet
facet normal -2.03672983875304e-031 1.0 -1.3938497597293e-031
  outer loop
    vertex -0.0519137345254421 1.20000004768372 -0.792050540447235
    vertex -11.4156866073608 1.20000004768372 -0.684667706489563
    vertex -0.103605166077614 1.20000004768372 -0.7869593501091
  endloop
endfacet
facet normal -2.03672983875304e-031 1.0 -1.3938497597293e-031
  outer loop
    vertex -0.103605166077614 1.20000004768372 -0.7869593501091
    vertex -11.4156866073608 1.20000004768372 -0.684667706489563
    vertex -0.154852941632271 1.20000004768372 -0.778498291969299
  endloop
endfacet
facet normal -2.03672983875304e-031 1.0 -1.3938497597293e-031
  outer loop
    vertex -0.154852941632271 1.20000004768372 -0.778498291969299
    vertex -11.4156866073608 1.20000004768372 -0.684667706489563
    vertex -0.205437615513802 1.20000004768372 -0.766703605651855
  endloop
endfacet
facet normal -2.03672983875304e-031 1.0 -1.3938497597293e-031
  outer loop
    vertex -0.205437615513802 1.20000004768372 -0.766703605651855
    vertex -11.4156866073608 1.20000004768372 -0.684667706489563
    vertex -0.255142569541931 1.20000004768372 -0.751625776290894
  endloop
endfacet
facet normal -2.03672983875304e-031 1.0 -1.3938497597293e-031
  outer loop
    vertex -0.255142569541931 1.20000004768372 -0.751625776290894
    vertex -11.4156866073608 1.20000004768372 -0.684667706489563
    vertex -0.303754985332489 1.20000004768372 -0.733329355716705
  endloop
endfacet
facet normal -2.03672983875304e-031 1.0 -1.3938497597293e-031
  outer loop
    vertex -0.303754985332489 1.20000004768372 -0.733329355716705
    vertex -11.4156866073608 1.20000004768372 -0.684667706489563
    vertex -0.351066648960114 1.20000004768372 -0.71189272403717
  endloop
endfacet
facet normal -2.03672983875304e-031 1.0 -1.3938497597293e-031
  outer loop
    vertex -0.351066648960114 1.20000004768372 -0.71189272403717
    vertex -11.4156866073608 1.20000004768372 -0.684667706489563
    vertex -0.396874994039535 1.20000004768372 -0.687407672405243
  endloop
endfacet
facet normal -2.03672983875304e-031 1.0 -1.3938497597293e-031
  outer loop
    vertex -0.396874994039535 1.20000004768372 -0.687407672405243
    vertex -11.4156866073608 1.20000004768372 -0.684667706489563
    vertex -0.440983861684799 1.20000004768372 -0.659978985786438
  endloop
endfacet
facet normal -2.03672983875304e-031 1.0 -1.3938497597293e-031
  outer loop
    vertex -0.440983861684799 1.20000004768372 -0.659978985786438
    vertex -11.4156866073608 1.20000004768372 -0.684667706489563
    vertex -11.4257583618164 1.20000004768372 -0.488577872514725
  endloop
endfacet
facet normal -2.03672983875304e-031 1.0 -1.3938497597293e-031
  outer loop
    vertex -0.440983861684799 1.20000004768372 -0.659978985786438
    vertex -11.4257583618164 1.20000004768372 -0.488577872514725
    vertex -0.483204394578934 1.20000004768372 -0.629724204540253
  endloop
endfacet
facet normal -2.03672983875304e-031 1.0 -1.3938497597293e-031
  outer loop
    vertex -0.483204394578934 1.20000004768372 -0.629724204540253
    vertex -11.4257583618164 1.20000004768372 -0.488577872514725
    vertex -0.523355722427368 1.20000004768372 -0.596772849559784
  endloop
endfacet
facet normal -2.03672983875304e-031 1.0 -1.3938497597293e-031
  outer loop
    vertex -0.523355722427368 1.20000004768372 -0.596772849559784
    vertex -11.4257583618164 1.20000004768372 -0.488577872514725
    vertex -0.561266005039215 1.20000004768372 -0.561266005039215
  endloop
endfacet
facet normal -2.03672983875304e-031 1.0 -1.3938497597293e-031
  outer loop
    vertex -0.561266005039215 1.20000004768372 -0.561266005039215
    vertex -11.4257583618164 1.20000004768372 -0.488577872514725
    vertex -0.596772849559784 1.20000004768372 -0.523355722427368
  endloop
endfacet
facet normal -2.03672983875304e-031 1.0 -1.3938497597293e-031
  outer loop
    vertex -0.596772849559784 1.20000004768372 -0.523355722427368
    vertex -11.4257583618164 1.20000004768372 -0.488577872514725
    vertex -0.629724204540253 1.20000004768372 -0.483204394578934
  endloop
endfacet
facet normal -2.03672983875304e-031 1.0 -1.3938497597293e-031
  outer loop
    vertex -0.629724204540253 1.20000004768372 -0.483204394578934
    vertex -11.4257583618164 1.20000004768372 -0.488577872514725
    vertex -11.4324626922607 1.20000004768372 -0.292344063520432
  endloop
endfacet
facet normal -2.03672983875304e-031 1.0 -1.3938497597293e-031
  outer loop
    vertex -0.629724204540253 1.20000004768372 -0.483204394578934
    vertex -11.4324626922607 1.20000004768372 -0.292344063520432
    vertex -0.659978985786438 1.20000004768372 -0.440983861684799
  endloop
endfacet
facet normal -2.03672983875304e-031 1.0 -1.3938497597293e-031
  outer loop
    vertex -0.659978985786438 1.20000004768372 -0.440983861684799
    vertex -11.4324626922607 1.20000004768372 -0.292344063520432
    vertex -0.687407672405243 1.20000004768372 -0.396874994039535
  endloop
endfacet
facet normal -2.03672983875304e-031 1.0 -1.3938497597293e-031
  outer loop
    vertex -0.687407672405243 1.20000004768372 -0.396874994039535
    vertex -11.4324626922607 1.20000004768372 -0.292344063520432
    vertex -0.71189272403717 1.20000004768372 -0.351066648960114
  endloop
endfacet
facet normal -2.03672983875304e-031 1.0 -1.3938497597293e-031
  outer loop
    vertex -0.71189272403717 1.20000004768372 -0.351066648960114
    vertex -11.4324626922607 1.20000004768372 -0.292344063520432
    vertex -0.733329355716705 1.20000004768372 -0.303754985332489
  endloop
endfacet
facet normal -2.03672983875304e-031 1.0 -1.3938497597293e-031
  outer loop
    vertex -0.733329355716705 1.20000004768372 -0.303754985332489
    vertex -11.4324626922607 1.20000004768372 -0.292344063520432
    vertex -0.751625776290894 1.20000004768372 -0.255142569541931
  endloop
endfacet
facet normal -2.03672983875304e-031 1.0 -1.3938497597293e-031
  outer loop
    vertex -0.751625776290894 1.20000004768372 -0.255142569541931
    vertex -11.4324626922607 1.20000004768372 -0.292344063520432
    vertex -11.4357967376709 1.20000004768372 -0.0960240513086319
  endloop
endfacet
facet normal -2.03672983875304e-031 1.0 -1.3938497597293e-031
  outer loop
    vertex -0.751625776290894 1.20000004768372 -0.255142569541931
    vertex -11.4357967376709 1.20000004768372 -0.0960240513086319
    vertex -0.766703605651855 1.20000004768372 -0.205437615513802
  endloop
endfacet
facet normal -2.03672983875304e-031 1.0 -1.3938497597293e-031
  outer loop
    vertex -0.766703605651855 1.20000004768372 -0.205437615513802
    vertex -11.4357967376709 1.20000004768372 -0.0960240513086319
    vertex -0.778498291969299 1.20000004768372 -0.154852941632271
  endloop
endfacet
facet normal -2.03672983875304e-031 1.0 -1.3938497597293e-031
  outer loop
    vertex -0.778498291969299 1.20000004768372 -0.154852941632271
    vertex -11.4357967376709 1.20000004768372 -0.0960240513086319
    vertex -0.7869593501091 1.20000004768372 -0.103605166077614
  endloop
endfacet
facet normal -2.03672983875304e-031 1.0 -1.3938497597293e-031
  outer loop
    vertex -0.7869593501091 1.20000004768372 -0.103605166077614
    vertex -11.4357967376709 1.20000004768372 -0.0960240513086319
    vertex -0.792050540447235 1.20000004768372 -0.0519137345254421
  endloop
endfacet
facet normal -2.03672983875304e-031 1.0 -1.3938497597293e-031
  outer loop
    vertex -0.792050540447235 1.20000004768372 -0.0519137345254421
    vertex -11.4357967376709 1.20000004768372 -0.0960240513086319
    vertex -11.4357595443726 1.20000004768372 0.100324258208275
  endloop
endfacet
facet normal -2.03672983875304e-031 1.0 -1.3938497597293e-031
  outer loop
    vertex -0.792050540447235 1.20000004768372 -0.0519137345254421
    vertex -11.4357595443726 1.20000004768372 0.100324258208275
    vertex -0.793749988079071 1.20000004768372 9.72063414424058e-017
  endloop
endfacet
facet normal -2.03672983875304e-031 1.0 -1.3938497597293e-031
  outer loop
    vertex -0.793749988079071 1.20000004768372 9.72063414424058e-017
    vertex -11.4357595443726 1.20000004768372 0.100324258208275
    vertex -0.792050540447235 1.20000004768372 0.0519137345254421
  endloop
endfacet
facet normal -2.03672983875304e-031 1.0 -1.3938497597293e-031
  outer loop
    vertex -0.792050540447235 1.20000004768372 0.0519137345254421
    vertex -11.4357595443726 1.20000004768372 0.100324258208275
    vertex -0.7869593501091 1.20000004768372 0.103605166077614
  endloop
endfacet
facet normal -2.03672983875304e-031 1.0 -1.3938497597293e-031
  outer loop
    vertex -0.7869593501091 1.20000004768372 0.103605166077614
    vertex -11.4357595443726 1.20000004768372 0.100324258208275
    vertex -11.43235206604 1.20000004768372 0.296642988920212
  endloop
endfacet
facet normal -2.03672983875304e-031 1.0 -1.3938497597293e-031
  outer loop
    vertex -0.7869593501091 1.20000004768372 0.103605166077614
    vertex -11.43235206604 1.20000004768372 0.296642988920212
    vertex -0.778498291969299 1.20000004768372 0.154852941632271
  endloop
endfacet
facet normal -2.03672983875304e-031 1.0 -1.3938497597293e-031
  outer loop
    vertex -0.778498291969299 1.20000004768372 0.154852941632271
    vertex -11.43235206604 1.20000004768372 0.296642988920212
    vertex -0.766703605651855 1.20000004768372 0.205437615513802
  endloop
endfacet
facet normal -2.03672983875304e-031 1.0 -1.3938497597293e-031
  outer loop
    vertex -0.766703605651855 1.20000004768372 0.205437615513802
    vertex -11.43235206604 1.20000004768372 0.296642988920212
    vertex -0.751625776290894 1.20000004768372 0.255142569541931
  endloop
endfacet
facet normal -2.03672983875304e-031 1.0 -1.3938497597293e-031
  outer loop
    vertex -0.751625776290894 1.20000004768372 0.255142569541931
    vertex -11.43235206604 1.20000004768372 0.296642988920212
    vertex -0.733329355716705 1.20000004768372 0.303754985332489
  endloop
endfacet
facet normal -2.03672983875304e-031 1.0 -1.3938497597293e-031
  outer loop
    vertex -0.733329355716705 1.20000004768372 0.303754985332489
    vertex -11.43235206604 1.20000004768372 0.296642988920212
    vertex -11.4255743026733 1.20000004768372 0.492874294519424
  endloop
endfacet
facet normal -2.03672983875304e-031 1.0 -1.3938497597293e-031
  outer loop
    vertex -0.733329355716705 1.20000004768372 0.303754985332489
    vertex -11.4255743026733 1.20000004768372 0.492874294519424
    vertex -0.71189272403717 1.20000004768372 0.351066648960114
  endloop
endfacet
facet normal -2.03672983875304e-031 1.0 -1.3938497597293e-031
  outer loop
    vertex -0.71189272403717 1.20000004768372 0.351066648960114
    vertex -11.4255743026733 1.20000004768372 0.492874294519424
    vertex -0.687407672405243 1.20000004768372 0.396874994039535
  endloop
endfacet
facet normal -2.03672983875304e-031 1.0 -1.3938497597293e-031
  outer loop
    vertex -0.687407672405243 1.20000004768372 0.396874994039535
    vertex -11.4255743026733 1.20000004768372 0.492874294519424
    vertex -0.659978985786438 1.20000004768372 0.440983861684799
  endloop
endfacet
facet normal -2.03672983875304e-031 1.0 -1.3938497597293e-031
  outer loop
    vertex -0.659978985786438 1.20000004768372 0.440983861684799
    vertex -11.4255743026733 1.20000004768372 0.492874294519424
    vertex -0.629724204540253 1.20000004768372 0.483204394578934
  endloop
endfacet
facet normal -2.03672983875304e-031 1.0 -1.3938497597293e-031
  outer loop
    vertex -0.629724204540253 1.20000004768372 0.483204394578934
    vertex -11.4255743026733 1.20000004768372 0.492874294519424
    vertex -0.596772849559784 1.20000004768372 0.523355722427368
  endloop
endfacet
facet normal -2.03672983875304e-031 1.0 -1.3938497597293e-031
  outer loop
    vertex -0.596772849559784 1.20000004768372 0.523355722427368
    vertex -11.4255743026733 1.20000004768372 0.492874294519424
    vertex -11.4154281616211 1.20000004768372 0.688960313796997
  endloop
endfacet
facet normal -2.03672983875304e-031 1.0 -1.3938497597293e-031
  outer loop
    vertex -0.596772849559784 1.20000004768372 0.523355722427368
    vertex -11.4154281616211 1.20000004768372 0.688960313796997
    vertex -0.561266005039215 1.20000004768372 0.561266005039215
  endloop
endfacet
facet normal -2.03672983875304e-031 1.0 -1.3938497597293e-031
  outer loop
    vertex -0.561266005039215 1.20000004768372 0.561266005039215
    vertex -11.4154281616211 1.20000004768372 0.688960313796997
    vertex -0.523355722427368 1.20000004768372 0.596772849559784
  endloop
endfacet
facet normal -2.03672983875304e-031 1.0 -1.3938497597293e-031
  outer loop
    vertex -0.523355722427368 1.20000004768372 0.596772849559784
    vertex -11.4154281616211 1.20000004768372 0.688960313796997
    vertex -0.483204394578934 1.20000004768372 0.629724204540253
  endloop
endfacet
facet normal -2.03672983875304e-031 1.0 -1.3938497597293e-031
  outer loop
    vertex -0.483204394578934 1.20000004768372 0.629724204540253
    vertex -11.4154281616211 1.20000004768372 0.688960313796997
    vertex -0.440983861684799 1.20000004768372 0.659978985786438
  endloop
endfacet
facet normal -2.03672983875304e-031 1.0 -1.3938497597293e-031
  outer loop
    vertex -0.440983861684799 1.20000004768372 0.659978985786438
    vertex -11.4154281616211 1.20000004768372 0.688960313796997
    vertex -0.396874994039535 1.20000004768372 0.687407672405243
  endloop
endfacet
facet normal -2.03672983875304e-031 1.0 -1.3938497597293e-031
  outer loop
    vertex -0.396874994039535 1.20000004768372 0.687407672405243
    vertex -11.4154281616211 1.20000004768372 0.688960313796997
    vertex -0.351066648960114 1.20000004768372 0.71189272403717
  endloop
endfacet
facet normal -2.03672983875304e-031 1.0 -1.3938497597293e-031
  outer loop
    vertex -0.351066648960114 1.20000004768372 0.71189272403717
    vertex -11.4154281616211 1.20000004768372 0.688960313796997
    vertex -11.4019174575806 1.20000004768372 0.884843230247498
  endloop
endfacet
facet normal -2.03672983875304e-031 1.0 -1.3938497597293e-031
  outer loop
    vertex -0.351066648960114 1.20000004768372 0.71189272403717
    vertex -11.4019174575806 1.20000004768372 0.884843230247498
    vertex -0.303754985332489 1.20000004768372 0.733329355716705
  endloop
endfacet
facet normal -2.03672983875304e-031 1.0 -1.3938497597293e-031
  outer loop
    vertex -0.303754985332489 1.20000004768372 0.733329355716705
    vertex -11.4019174575806 1.20000004768372 0.884843230247498
    vertex -0.255142569541931 1.20000004768372 0.751625776290894
  endloop
endfacet
facet normal -2.03672983875304e-031 1.0 -1.3938497597293e-031
  outer loop
    vertex -0.255142569541931 1.20000004768372 0.751625776290894
    vertex -11.4019174575806 1.20000004768372 0.884843230247498
    vertex -0.205437615513802 1.20000004768372 0.766703605651855
  endloop
endfacet
facet normal -2.03672983875304e-031 1.0 -1.3938497597293e-031
  outer loop
    vertex -0.205437615513802 1.20000004768372 0.766703605651855
    vertex -11.4019174575806 1.20000004768372 0.884843230247498
    vertex -0.154852941632271 1.20000004768372 0.778498291969299
  endloop
endfacet
facet normal -2.03672983875304e-031 1.0 -1.3938497597293e-031
  outer loop
    vertex -0.154852941632271 1.20000004768372 0.778498291969299
    vertex -11.4019174575806 1.20000004768372 0.884843230247498
    vertex -0.103605166077614 1.20000004768372 0.7869593501091
  endloop
endfacet
facet normal -2.03672983875304e-031 1.0 -1.3938497597293e-031
  outer loop
    vertex -0.103605166077614 1.20000004768372 0.7869593501091
    vertex -11.4019174575806 1.20000004768372 0.884843230247498
    vertex -0.0519137345254421 1.20000004768372 0.792050540447235
  endloop
endfacet
facet normal -2.03672983875304e-031 1.0 -1.3938497597293e-031
  outer loop
    vertex -0.0519137345254421 1.20000004768372 0.792050540447235
    vertex -11.4019174575806 1.20000004768372 0.884843230247498
    vertex 4.86031707212029e-017 1.20000004768372 0.793749988079071
  endloop
endfacet
facet normal -2.03672983875304e-031 1.0 -1.3938497597293e-031
  outer loop
    vertex -0.196341082453728 1.20000004768372 -11.4345140457153
    vertex 23.50119972229 1.20000004768372 -11.4362001419067
    vertex 0.0 1.20000004768372 -11.4362001419067
  endloop
endfacet
facet normal -2.03672983875304e-031 1.0 -1.3938497597293e-031
  outer loop
    vertex 23.50119972229 1.20000004768372 -11.4362001419067
    vertex -0.196341082453728 1.20000004768372 -11.4345140457153
    vertex 23.50119972229 1.20000004768372 -7.57205009460449
  endloop
endfacet
facet normal -2.03672983875304e-031 1.0 -1.3938497597293e-031
  outer loop
    vertex 23.50119972229 1.20000004768372 -7.57205009460449
    vertex -0.196341082453728 1.20000004768372 -11.4345140457153
    vertex -0.392624288797379 1.20000004768372 -11.4294586181641
  endloop
endfacet
facet normal -2.03672983875304e-031 1.0 -1.3938497597293e-031
  outer loop
    vertex 23.50119972229 1.20000004768372 -7.57205009460449
    vertex -0.392624288797379 1.20000004768372 -11.4294586181641
    vertex -0.588791728019714 1.20000004768372 -11.4210329055786
  endloop
endfacet
facet normal -2.03672983875304e-031 1.0 -1.3938497597293e-031
  outer loop
    vertex 23.50119972229 1.20000004768372 -7.57205009460449
    vertex -0.588791728019714 1.20000004768372 -11.4210329055786
    vertex -0.784785628318787 1.20000004768372 -11.4092407226563
  endloop
endfacet
facet normal -2.03672983875304e-031 1.0 -1.3938497597293e-031
  outer loop
    vertex 23.50119972229 1.20000004768372 -7.57205009460449
    vertex -0.784785628318787 1.20000004768372 -11.4092407226563
    vertex -0.980548202991485 1.20000004768372 -11.3940858840942
  endloop
endfacet
facet normal -2.03672983875304e-031 1.0 -1.3938497597293e-031
  outer loop
    vertex 23.50119972229 1.20000004768372 -7.57205009460449
    vertex -0.980548202991485 1.20000004768372 -11.3940858840942
    vertex -1.17602169513702 1.20000004768372 -11.3755722045898
  endloop
endfacet
facet normal -2.03672983875304e-031 1.0 -1.3938497597293e-031
  outer loop
    vertex 23.50119972229 1.20000004768372 -7.57205009460449
    vertex -1.17602169513702 1.20000004768372 -11.3755722045898
    vertex -1.37114858627319 1.20000004768372 -11.353705406189
  endloop
endfacet
facet normal -2.03672983875304e-031 1.0 -1.3938497597293e-031
  outer loop
    vertex 23.50119972229 1.20000004768372 -7.57205009460449
    vertex -1.37114858627319 1.20000004768372 -11.353705406189
    vertex -1.5658712387085 1.20000004768372 -11.3284912109375
  endloop
endfacet
facet normal -2.03672983875304e-031 1.0 -1.3938497597293e-031
  outer loop
    vertex 23.50119972229 1.20000004768372 -7.57205009460449
    vertex -1.5658712387085 1.20000004768372 -11.3284912109375
    vertex -1.76013243198395 1.20000004768372 -11.2999382019043
  endloop
endfacet
facet normal -2.03672983875304e-031 1.0 -1.3938497597293e-031
  outer loop
    vertex 23.50119972229 1.20000004768372 -7.57205009460449
    vertex -1.76013243198395 1.20000004768372 -11.2999382019043
    vertex -1.95387470722198 1.20000004768372 -11.2680540084839
  endloop
endfacet
facet normal -2.03672983875304e-031 1.0 -1.3938497597293e-031
  outer loop
    vertex 23.50119972229 1.20000004768372 -7.57205009460449
    vertex -1.95387470722198 1.20000004768372 -11.2680540084839
    vertex -2.14704084396362 1.20000004768372 -11.2328481674194
  endloop
endfacet
facet normal -2.03672983875304e-031 1.0 -1.3938497597293e-031
  outer loop
    vertex 23.50119972229 1.20000004768372 -7.57205009460449
    vertex -2.14704084396362 1.20000004768372 -11.2328481674194
    vertex -2.33957433700562 1.20000004768372 -11.1943321228027
  endloop
endfacet
facet normal -2.03672983875304e-031 1.0 -1.3938497597293e-031
  outer loop
    vertex 23.50119972229 1.20000004768372 -7.57205009460449
    vertex -2.33957433700562 1.20000004768372 -11.1943321228027
    vertex -2.53141808509827 1.20000004768372 -11.152515411377
  endloop
endfacet
facet normal -2.03672983875304e-031 1.0 -1.3938497597293e-031
  outer loop
    vertex 23.50119972229 1.20000004768372 -7.57205009460449
    vertex -2.53141808509827 1.20000004768372 -11.152515411377
    vertex -2.72251558303833 1.20000004768372 -11.1074113845825
  endloop
endfacet
facet normal -2.03672983875304e-031 1.0 -1.3938497597293e-031
  outer loop
    vertex 23.50119972229 1.20000004768372 -7.57205009460449
    vertex -2.72251558303833 1.20000004768372 -11.1074113845825
    vertex -2.91281080245972 1.20000004768372 -11.0590324401855
  endloop
endfacet
facet normal -2.03672983875304e-031 1.0 -1.3938497597293e-031
  outer loop
    vertex 23.50119972229 1.20000004768372 -7.57205009460449
    vertex -2.91281080245972 1.20000004768372 -11.0590324401855
    vertex -3.10224723815918 1.20000004768372 -11.0073947906494
  endloop
endfacet
facet normal -2.03672983875304e-031 1.0 -1.3938497597293e-031
  outer loop
    vertex 23.50119972229 1.20000004768372 -7.57205009460449
    vertex -3.10224723815918 1.20000004768372 -11.0073947906494
    vertex -3.29076910018921 1.20000004768372 -10.9525117874146
  endloop
endfacet
facet normal -2.03672983875304e-031 1.0 -1.3938497597293e-031
  outer loop
    vertex 23.50119972229 1.20000004768372 -7.57205009460449
    vertex -3.29076910018921 1.20000004768372 -10.9525117874146
    vertex -3.47832107543945 1.20000004768372 -10.8943996429443
  endloop
endfacet
facet normal -2.03672983875304e-031 1.0 -1.3938497597293e-031
  outer loop
    vertex 23.50119972229 1.20000004768372 -7.57205009460449
    vertex -3.47832107543945 1.20000004768372 -10.8943996429443
    vertex -3.66484761238098 1.20000004768372 -10.8330774307251
  endloop
endfacet
facet normal -2.03672983875304e-031 1.0 -1.3938497597293e-031
  outer loop
    vertex 23.50119972229 1.20000004768372 -7.57205009460449
    vertex -3.66484761238098 1.20000004768372 -10.8330774307251
    vertex -3.8502938747406 1.20000004768372 -10.7685613632202
  endloop
endfacet
facet normal -2.03672983875304e-031 1.0 -1.3938497597293e-031
  outer loop
    vertex 23.50119972229 1.20000004768372 -7.57205009460449
    vertex -3.8502938747406 1.20000004768372 -10.7685613632202
    vertex -4.03460502624512 1.20000004768372 -10.700870513916
  endloop
endfacet
facet normal -2.03672983875304e-031 1.0 -1.3938497597293e-031
  outer loop
    vertex 23.50119972229 1.20000004768372 -7.57205009460449
    vertex -4.03460502624512 1.20000004768372 -10.700870513916
    vertex -4.21772718429565 1.20000004768372 -10.6300258636475
  endloop
endfacet
facet normal -2.03672983875304e-031 1.0 -1.3938497597293e-031
  outer loop
    vertex 23.50119972229 1.20000004768372 -7.57205009460449
    vertex -4.21772718429565 1.20000004768372 -10.6300258636475
    vertex -4.3996057510376 1.20000004768372 -10.5560474395752
  endloop
endfacet
facet normal -2.03672983875304e-031 1.0 -1.3938497597293e-031
  outer loop
    vertex 23.50119972229 1.20000004768372 -7.57205009460449
    vertex -4.3996057510376 1.20000004768372 -10.5560474395752
    vertex -4.58018779754639 1.20000004768372 -10.4789571762085
  endloop
endfacet
facet normal -2.03672983875304e-031 1.0 -1.3938497597293e-031
  outer loop
    vertex 23.50119972229 1.20000004768372 -7.57205009460449
    vertex -4.58018779754639 1.20000004768372 -10.4789571762085
    vertex -4.75941944122314 1.20000004768372 -10.3987789154053
  endloop
endfacet
facet normal -2.03672983875304e-031 1.0 -1.3938497597293e-031
  outer loop
    vertex 23.50119972229 1.20000004768372 -7.57205009460449
    vertex -4.75941944122314 1.20000004768372 -10.3987789154053
    vertex -4.93724822998047 1.20000004768372 -10.3155345916748
  endloop
endfacet
facet normal -2.03672983875304e-031 1.0 -1.3938497597293e-031
  outer loop
    vertex 23.50119972229 1.20000004768372 -7.57205009460449
    vertex -4.93724822998047 1.20000004768372 -10.3155345916748
    vertex -5.11362171173096 1.20000004768372 -10.2292499542236
  endloop
endfacet
facet normal -2.03672983875304e-031 1.0 -1.3938497597293e-031
  outer loop
    vertex 23.50119972229 1.20000004768372 -7.57205009460449
    vertex -5.11362171173096 1.20000004768372 -10.2292499542236
    vertex -5.28848743438721 1.20000004768372 -10.1399488449097
  endloop
endfacet
facet normal -2.03672983875304e-031 1.0 -1.3938497597293e-031
  outer loop
    vertex 23.50119972229 1.20000004768372 -7.57205009460449
    vertex -5.28848743438721 1.20000004768372 -10.1399488449097
    vertex -5.46179485321045 1.20000004768372 -10.0476598739624
  endloop
endfacet
facet normal -2.03672983875304e-031 1.0 -1.3938497597293e-031
  outer loop
    vertex 23.50119972229 1.20000004768372 -7.57205009460449
    vertex -5.46179485321045 1.20000004768372 -10.0476598739624
    vertex -5.63349151611328 1.20000004768372 -9.95240879058838
  endloop
endfacet
facet normal -2.03672983875304e-031 1.0 -1.3938497597293e-031
  outer loop
    vertex 23.50119972229 1.20000004768372 -7.57205009460449
    vertex -5.63349151611328 1.20000004768372 -9.95240879058838
    vertex -5.80352830886841 1.20000004768372 -9.85422420501709
  endloop
endfacet
facet normal -2.03672983875304e-031 1.0 -1.3938497597293e-031
  outer loop
    vertex 23.50119972229 1.20000004768372 -7.57205009460449
    vertex -5.80352830886841 1.20000004768372 -9.85422420501709
    vertex -5.97185373306274 1.20000004768372 -9.75313472747803
  endloop
endfacet
facet normal -2.03672983875304e-031 1.0 -1.3938497597293e-031
  outer loop
    vertex 23.50119972229 1.20000004768372 -7.57205009460449
    vertex -5.97185373306274 1.20000004768372 -9.75313472747803
    vertex -6.13841915130615 1.20000004768372 -9.649169921875
  endloop
endfacet
facet normal -2.03672983875304e-031 1.0 -1.3938497597293e-031
  outer loop
    vertex 23.50119972229 1.20000004768372 -7.57205009460449
    vertex -6.13841915130615 1.20000004768372 -9.649169921875
    vertex -6.30317544937134 1.20000004768372 -9.54236125946045
  endloop
endfacet
facet normal -2.03672983875304e-031 1.0 -1.3938497597293e-031
  outer loop
    vertex 23.50119972229 1.20000004768372 -7.57205009460449
    vertex -6.30317544937134 1.20000004768372 -9.54236125946045
    vertex -6.46607303619385 1.20000004768372 -9.4327392578125
  endloop
endfacet
facet normal -2.03672983875304e-031 1.0 -1.3938497597293e-031
  outer loop
    vertex 23.50119972229 1.20000004768372 -7.57205009460449
    vertex -6.46607303619385 1.20000004768372 -9.4327392578125
    vertex -6.62706518173218 1.20000004768372 -9.32033729553222
  endloop
endfacet
facet normal -2.03672983875304e-031 1.0 -1.3938497597293e-031
  outer loop
    vertex 23.50119972229 1.20000004768372 -7.57205009460449
    vertex -6.62706518173218 1.20000004768372 -9.32033729553222
    vertex -6.78610324859619 1.20000004768372 -9.20518684387207
  endloop
endfacet
facet normal -2.03672983875304e-031 1.0 -1.3938497597293e-031
  outer loop
    vertex 23.50119972229 1.20000004768372 -7.57205009460449
    vertex -6.78610324859619 1.20000004768372 -9.20518684387207
    vertex -6.9431414604187 1.20000004768372 -9.08732414245605
  endloop
endfacet
facet normal -2.03672983875304e-031 1.0 -1.3938497597293e-031
  outer loop
    vertex 23.50119972229 1.20000004768372 -7.57205009460449
    vertex -6.9431414604187 1.20000004768372 -9.08732414245605
    vertex -7.09813261032104 1.20000004768372 -8.96678256988525
  endloop
endfacet
facet normal -2.03672983875304e-031 1.0 -1.3938497597293e-031
  outer loop
    vertex 23.50119972229 1.20000004768372 -7.57205009460449
    vertex -7.09813261032104 1.20000004768372 -8.96678256988525
    vertex -7.25103187561035 1.20000004768372 -8.84359741210938
  endloop
endfacet
facet normal -2.03672983875304e-031 1.0 -1.3938497597293e-031
  outer loop
    vertex 23.50119972229 1.20000004768372 -7.57205009460449
    vertex -7.25103187561035 1.20000004768372 -8.84359741210938
    vertex -7.40179347991943 1.20000004768372 -8.71780490875244
  endloop
endfacet
facet normal -2.03672983875304e-031 1.0 -1.3938497597293e-031
  outer loop
    vertex 23.50119972229 1.20000004768372 -7.57205009460449
    vertex -7.40179347991943 1.20000004768372 -8.71780490875244
    vertex -7.55037307739258 1.20000004768372 -8.58944320678711
  endloop
endfacet
facet normal -2.03672983875304e-031 1.0 -1.3938497597293e-031
  outer loop
    vertex 23.50119972229 1.20000004768372 -7.57205009460449
    vertex -7.55037307739258 1.20000004768372 -8.58944320678711
    vertex -7.69672679901123 1.20000004768372 -8.45854949951172
  endloop
endfacet
facet normal -2.03672983875304e-031 1.0 -1.3938497597293e-031
  outer loop
    vertex 23.50119972229 1.20000004768372 -7.57205009460449
    vertex -7.69672679901123 1.20000004768372 -8.45854949951172
    vertex -7.84081220626831 1.20000004768372 -8.32516288757324
  endloop
endfacet
facet normal -2.03672983875304e-031 1.0 -1.3938497597293e-031
  outer loop
    vertex 23.50119972229 1.20000004768372 -7.57205009460449
    vertex -7.84081220626831 1.20000004768372 -8.32516288757324
    vertex -7.98258638381958 1.20000004768372 -8.18932151794434
  endloop
endfacet
facet normal -2.03672983875304e-031 1.0 -1.3938497597293e-031
  outer loop
    vertex 23.50119972229 1.20000004768372 -7.57205009460449
    vertex -7.98258638381958 1.20000004768372 -8.18932151794434
    vertex -8.12200736999512 1.20000004768372 -8.05106639862061
  endloop
endfacet
facet normal -2.03672983875304e-031 1.0 -1.3938497597293e-031
  outer loop
    vertex 23.50119972229 1.20000004768372 -7.57205009460449
    vertex -8.12200736999512 1.20000004768372 -8.05106639862061
    vertex -8.25903415679931 1.20000004768372 -7.9104380607605
  endloop
endfacet
facet normal -2.03672983875304e-031 1.0 -1.3938497597293e-031
  outer loop
    vertex 23.50119972229 1.20000004768372 -7.57205009460449
    vertex -8.25903415679931 1.20000004768372 -7.9104380607605
    vertex -8.39362621307373 1.20000004768372 -7.76747798919678
  endloop
endfacet
facet normal -2.03672983875304e-031 1.0 -1.3938497597293e-031
  outer loop
    vertex 23.50119972229 1.20000004768372 -7.57205009460449
    vertex -8.39362621307373 1.20000004768372 -7.76747798919678
    vertex -8.52574348449707 1.20000004768372 -7.62222814559936
  endloop
endfacet
facet normal -2.03672983875304e-031 1.0 -1.3938497597293e-031
  outer loop
    vertex 23.50119972229 1.20000004768372 -7.57205009460449
    vertex -8.52574348449707 1.20000004768372 -7.62222814559936
    vertex -8.655348777771 1.20000004768372 -7.4747314453125
  endloop
endfacet
facet normal -2.03672983875304e-031 1.0 -1.3938497597293e-031
  outer loop
    vertex 23.50119972229 1.20000004768372 -7.57205009460449
    vertex -8.655348777771 1.20000004768372 -7.4747314453125
    vertex 4.40357494354248 1.20000004768372 -4.07955026626587
  endloop
endfacet
facet normal -2.03672983875304e-031 1.0 -1.3938497597293e-031
  outer loop
    vertex 4.40357494354248 1.20000004768372 -4.07955026626587
    vertex -8.655348777771 1.20000004768372 -7.4747314453125
    vertex -8.78240203857422 1.20000004768372 -7.32503128051758
  endloop
endfacet
facet normal -2.03672983875304e-031 1.0 -1.3938497597293e-031
  outer loop
    vertex 4.40357494354248 1.20000004768372 -4.07955026626587
    vertex -8.78240203857422 1.20000004768372 -7.32503128051758
    vertex -8.90686702728271 1.20000004768372 -7.17317199707031
  endloop
endfacet
facet normal -2.03672983875304e-031 1.0 -1.3938497597293e-031
  outer loop
    vertex 4.40357494354248 1.20000004768372 -4.07955026626587
    vertex -8.90686702728271 1.20000004768372 -7.17317199707031
    vertex -9.02870559692383 1.20000004768372 -7.01919841766357
  endloop
endfacet
facet normal -2.03672983875304e-031 1.0 -1.3938497597293e-031
  outer loop
    vertex 4.40357494354248 1.20000004768372 -4.07955026626587
    vertex -9.02870559692383 1.20000004768372 -7.01919841766357
    vertex -9.14788341522217 1.20000004768372 -6.86315536499023
  endloop
endfacet
facet normal -2.03672983875304e-031 1.0 -1.3938497597293e-031
  outer loop
    vertex 4.40357494354248 1.20000004768372 -4.07955026626587
    vertex -9.14788341522217 1.20000004768372 -6.86315536499023
    vertex -9.26436424255371 1.20000004768372 -6.7050895690918
  endloop
endfacet
facet normal -2.03672983875304e-031 1.0 -1.3938497597293e-031
  outer loop
    vertex 4.40357494354248 1.20000004768372 -4.07955026626587
    vertex -9.26436424255371 1.20000004768372 -6.7050895690918
    vertex -9.37811470031738 1.20000004768372 -6.54504728317261
  endloop
endfacet
facet normal -2.03672983875304e-031 1.0 -1.3938497597293e-031
  outer loop
    vertex 4.40357494354248 1.20000004768372 -4.07955026626587
    vertex -9.37811470031738 1.20000004768372 -6.54504728317261
    vertex -9.48909950256348 1.20000004768372 -6.38307571411133
  endloop
endfacet
facet normal -2.03672983875304e-031 1.0 -1.3938497597293e-031
  outer loop
    vertex 4.40357494354248 1.20000004768372 -4.07955026626587
    vertex -9.48909950256348 1.20000004768372 -6.38307571411133
    vertex -9.59728813171387 1.20000004768372 -6.21922206878662
  endloop
endfacet
facet normal -2.03672983875304e-031 1.0 -1.3938497597293e-031
  outer loop
    vertex 4.40357494354248 1.20000004768372 -4.07955026626587
    vertex -9.59728813171387 1.20000004768372 -6.21922206878662
    vertex -9.7026481628418 1.20000004768372 -6.05353546142578
  endloop
endfacet
facet normal -2.03672983875304e-031 1.0 -1.3938497597293e-031
  outer loop
    vertex 4.40357494354248 1.20000004768372 -4.07955026626587
    vertex -9.7026481628418 1.20000004768372 -6.05353546142578
    vertex -9.80514717102051 1.20000004768372 -5.88606452941894
  endloop
endfacet
facet normal -2.03672983875304e-031 1.0 -1.3938497597293e-031
  outer loop
    vertex 4.40357494354248 1.20000004768372 -4.07955026626587
    vertex -9.80514717102051 1.20000004768372 -5.88606452941894
    vertex -9.90475654602051 1.20000004768372 -5.71685838699341
  endloop
endfacet
facet normal -2.03672983875304e-031 1.0 -1.3938497597293e-031
  outer loop
    vertex 4.40357494354248 1.20000004768372 -4.07955026626587
    vertex -9.90475654602051 1.20000004768372 -5.71685838699341
    vertex -10.0014457702637 1.20000004768372 -5.54596710205078
  endloop
endfacet
facet normal -2.03672983875304e-031 1.0 -1.3938497597293e-031
  outer loop
    vertex 4.40357494354248 1.20000004768372 -4.07955026626587
    vertex -10.0014457702637 1.20000004768372 -5.54596710205078
    vertex -10.0951871871948 1.20000004768372 -5.37344121932983
  endloop
endfacet
facet normal -2.03672983875304e-031 1.0 -1.3938497597293e-031
  outer loop
    vertex 4.40357494354248 1.20000004768372 -4.07955026626587
    vertex -10.0951871871948 1.20000004768372 -5.37344121932983
    vertex -10.1859521865845 1.20000004768372 -5.19933128356934
  endloop
endfacet
facet normal -2.03672983875304e-031 1.0 -1.3938497597293e-031
  outer loop
    vertex 4.40357494354248 1.20000004768372 -4.07955026626587
    vertex -10.1859521865845 1.20000004768372 -5.19933128356934
    vertex -10.2737150192261 1.20000004768372 -5.02368831634521
  endloop
endfacet
facet normal -2.03672983875304e-031 1.0 -1.3938497597293e-031
  outer loop
    vertex 4.40357494354248 1.20000004768372 -4.07955026626587
    vertex -10.2737150192261 1.20000004768372 -5.02368831634521
    vertex -10.3584499359131 1.20000004768372 -4.84656524658203
  endloop
endfacet
facet normal -2.03672983875304e-031 1.0 -1.3938497597293e-031
  outer loop
    vertex 4.40357494354248 1.20000004768372 -4.07955026626587
    vertex -10.3584499359131 1.20000004768372 -4.84656524658203
    vertex -10.4401302337646 1.20000004768372 -4.66801261901855
  endloop
endfacet
facet normal -2.03672983875304e-031 1.0 -1.3938497597293e-031
  outer loop
    vertex 4.40357494354248 1.20000004768372 -4.07955026626587
    vertex -10.4401302337646 1.20000004768372 -4.66801261901855
    vertex -10.5187339782715 1.20000004768372 -4.48808479309082
  endloop
endfacet
facet normal -2.03672983875304e-031 1.0 -1.3938497597293e-031
  outer loop
    vertex 4.40357494354248 1.20000004768372 -4.07955026626587
    vertex -10.5187339782715 1.20000004768372 -4.48808479309082
    vertex -10.5942373275757 1.20000004768372 -4.30683326721191
  endloop
endfacet
facet normal -2.03672983875304e-031 1.0 -1.3938497597293e-031
  outer loop
    vertex 4.40357494354248 1.20000004768372 -4.07955026626587
    vertex -10.5942373275757 1.20000004768372 -4.30683326721191
    vertex -10.6666164398193 1.20000004768372 -4.12431287765503
  endloop
endfacet
facet normal -2.03672983875304e-031 1.0 -1.3938497597293e-031
  outer loop
    vertex 4.40357494354248 1.20000004768372 -4.07955026626587
    vertex -10.6666164398193 1.20000004768372 -4.12431287765503
    vertex -10.7358522415161 1.20000004768372 -3.94057631492615
  endloop
endfacet
facet normal -2.03672983875304e-031 1.0 -1.3938497597293e-031
  outer loop
    vertex 4.40357494354248 1.20000004768372 -4.07955026626587
    vertex -10.7358522415161 1.20000004768372 -3.94057631492615
    vertex 0.205437615513802 1.20000004768372 -0.766703605651855
  endloop
endfacet
facet normal -2.03672983875304e-031 1.0 -1.3938497597293e-031
  outer loop
    vertex 4.40357494354248 1.20000004768372 -4.07955026626587
    vertex 0.205437615513802 1.20000004768372 -0.766703605651855
    vertex 0.255142569541931 1.20000004768372 -0.751625776290894
  endloop
endfacet
facet normal -2.03672983875304e-031 1.0 -1.3938497597293e-031
  outer loop
    vertex 4.40357494354248 1.20000004768372 -4.07955026626587
    vertex 0.255142569541931 1.20000004768372 -0.751625776290894
    vertex 0.303754985332489 1.20000004768372 -0.733329355716705
  endloop
endfacet
facet normal -2.03672983875304e-031 1.0 -1.3938497597293e-031
  outer loop
    vertex 4.40357494354248 1.20000004768372 -4.07955026626587
    vertex 0.303754985332489 1.20000004768372 -0.733329355716705
    vertex 0.351066648960114 1.20000004768372 -0.71189272403717
  endloop
endfacet
facet normal -2.03672983875304e-031 1.0 -1.3938497597293e-031
  outer loop
    vertex 4.40357494354248 1.20000004768372 -4.07955026626587
    vertex 0.351066648960114 1.20000004768372 -0.71189272403717
    vertex 0.396874994039535 1.20000004768372 -0.687407672405243
  endloop
endfacet
facet normal -2.03672983875304e-031 1.0 -1.3938497597293e-031
  outer loop
    vertex 4.40357494354248 1.20000004768372 -4.07955026626587
    vertex 0.396874994039535 1.20000004768372 -0.687407672405243
    vertex 0.440983861684799 1.20000004768372 -0.659978985786438
  endloop
endfacet
facet normal -2.03672983875304e-031 1.0 -1.3938497597293e-031
  outer loop
    vertex 4.40357494354248 1.20000004768372 -4.07955026626587
    vertex 0.440983861684799 1.20000004768372 -0.659978985786438
    vertex 0.483204394578934 1.20000004768372 -0.629724204540253
  endloop
endfacet
facet normal -2.03672983875304e-031 1.0 -1.3938497597293e-031
  outer loop
    vertex 4.40357494354248 1.20000004768372 -4.07955026626587
    vertex 0.483204394578934 1.20000004768372 -0.629724204540253
    vertex 0.523355722427368 1.20000004768372 -0.596772849559784
  endloop
endfacet
facet normal -2.03672983875304e-031 1.0 -1.3938497597293e-031
  outer loop
    vertex 4.40357494354248 1.20000004768372 -4.07955026626587
    vertex 0.523355722427368 1.20000004768372 -0.596772849559784
    vertex 0.561266005039215 1.20000004768372 -0.561266005039215
  endloop
endfacet
facet normal -2.03672983875304e-031 1.0 -1.3938497597293e-031
  outer loop
    vertex 4.40357494354248 1.20000004768372 -4.07955026626587
    vertex 0.561266005039215 1.20000004768372 -0.561266005039215
    vertex 0.596772849559784 1.20000004768372 -0.523355722427368
  endloop
endfacet
facet normal -2.03672983875304e-031 1.0 -1.3938497597293e-031
  outer loop
    vertex 4.40357494354248 1.20000004768372 -4.07955026626587
    vertex 0.596772849559784 1.20000004768372 -0.523355722427368
    vertex 0.629724204540253 1.20000004768372 -0.483204394578934
  endloop
endfacet
facet normal -2.03672983875304e-031 1.0 -1.3938497597293e-031
  outer loop
    vertex 4.40357494354248 1.20000004768372 -4.07955026626587
    vertex 0.629724204540253 1.20000004768372 -0.483204394578934
    vertex 0.659978985786438 1.20000004768372 -0.440983861684799
  endloop
endfacet
facet normal -2.03672983875304e-031 1.0 -1.3938497597293e-031
  outer loop
    vertex 4.40357494354248 1.20000004768372 -4.07955026626587
    vertex 0.659978985786438 1.20000004768372 -0.440983861684799
    vertex 0.687407672405243 1.20000004768372 -0.396874994039535
  endloop
endfacet
facet normal -2.03672983875304e-031 1.0 -1.3938497597293e-031
  outer loop
    vertex 4.40357494354248 1.20000004768372 -4.07955026626587
    vertex 0.687407672405243 1.20000004768372 -0.396874994039535
    vertex 0.71189272403717 1.20000004768372 -0.351066648960114
  endloop
endfacet
facet normal -2.03672983875304e-031 1.0 -1.3938497597293e-031
  outer loop
    vertex 4.40357494354248 1.20000004768372 -4.07955026626587
    vertex 0.71189272403717 1.20000004768372 -0.351066648960114
    vertex 0.733329355716705 1.20000004768372 -0.303754985332489
  endloop
endfacet
facet normal -2.03672983875304e-031 1.0 -1.3938497597293e-031
  outer loop
    vertex 4.40357494354248 1.20000004768372 -4.07955026626587
    vertex 0.733329355716705 1.20000004768372 -0.303754985332489
    vertex 0.751625776290894 1.20000004768372 -0.255142569541931
  endloop
endfacet
facet normal -2.03672983875304e-031 1.0 -1.3938497597293e-031
  outer loop
    vertex 4.40357494354248 1.20000004768372 -4.07955026626587
    vertex 0.751625776290894 1.20000004768372 -0.255142569541931
    vertex 4.40357494354248 1.20000004768372 10.5543928146362
  endloop
endfacet
facet normal -2.03672983875304e-031 1.0 -1.3938497597293e-031
  outer loop
    vertex 0.205437615513802 1.20000004768372 -0.766703605651855
    vertex -10.7358522415161 1.20000004768372 -3.94057631492615
    vertex -10.8019237518311 1.20000004768372 -3.75567841529846
  endloop
endfacet
facet normal -2.03672983875304e-031 1.0 -1.3938497597293e-031
  outer loop
    vertex 0.205437615513802 1.20000004768372 -0.766703605651855
    vertex -10.8019237518311 1.20000004768372 -3.75567841529846
    vertex -10.8648099899292 1.20000004768372 -3.56967329978943
  endloop
endfacet
facet normal -2.03672983875304e-031 1.0 -1.3938497597293e-031
  outer loop
    vertex 0.205437615513802 1.20000004768372 -0.766703605651855
    vertex -10.8648099899292 1.20000004768372 -3.56967329978943
    vertex -10.9244947433472 1.20000004768372 -3.38261580467224
  endloop
endfacet
facet normal -2.03672983875304e-031 1.0 -1.3938497597293e-031
  outer loop
    vertex 0.205437615513802 1.20000004768372 -0.766703605651855
    vertex -10.9244947433472 1.20000004768372 -3.38261580467224
    vertex 0.154852941632271 1.20000004768372 -0.778498291969299
  endloop
endfacet
facet normal -2.03672983875304e-031 1.0 -1.3938497597293e-031
  outer loop
    vertex 0.154852941632271 1.20000004768372 -0.778498291969299
    vertex -10.9244947433472 1.20000004768372 -3.38261580467224
    vertex -10.9809579849243 1.20000004768372 -3.19456148147583
  endloop
endfacet
facet normal -2.03672983875304e-031 1.0 -1.3938497597293e-031
  outer loop
    vertex 0.154852941632271 1.20000004768372 -0.778498291969299
    vertex -10.9809579849243 1.20000004768372 -3.19456148147583
    vertex -11.0341854095459 1.20000004768372 -3.00556516647339
  endloop
endfacet
facet normal -2.03672983875304e-031 1.0 -1.3938497597293e-031
  outer loop
    vertex 0.154852941632271 1.20000004768372 -0.778498291969299
    vertex -11.0341854095459 1.20000004768372 -3.00556516647339
    vertex -11.0841598510742 1.20000004768372 -2.81568312644958
  endloop
endfacet
facet normal -2.03672983875304e-031 1.0 -1.3938497597293e-031
  outer loop
    vertex 0.154852941632271 1.20000004768372 -0.778498291969299
    vertex -11.0841598510742 1.20000004768372 -2.81568312644958
    vertex 0.103605166077614 1.20000004768372 -0.7869593501091
  endloop
endfacet
facet normal -2.03672983875304e-031 1.0 -1.3938497597293e-031
  outer loop
    vertex 0.103605166077614 1.20000004768372 -0.7869593501091
    vertex -11.0841598510742 1.20000004768372 -2.81568312644958
    vertex -11.1308670043945 1.20000004768372 -2.62497091293335
  endloop
endfacet
facet normal -2.03672983875304e-031 1.0 -1.3938497597293e-031
  outer loop
    vertex 0.103605166077614 1.20000004768372 -0.7869593501091
    vertex -11.1308670043945 1.20000004768372 -2.62497091293335
    vertex -11.1742925643921 1.20000004768372 -2.43348503112793
  endloop
endfacet
facet normal -2.03672983875304e-031 1.0 -1.3938497597293e-031
  outer loop
    vertex 0.103605166077614 1.20000004768372 -0.7869593501091
    vertex -11.1742925643921 1.20000004768372 -2.43348503112793
    vertex -11.2144250869751 1.20000004768372 -2.24128198623657
  endloop
endfacet
facet normal -2.03672983875304e-031 1.0 -1.3938497597293e-031
  outer loop
    vertex 0.103605166077614 1.20000004768372 -0.7869593501091
    vertex -11.2144250869751 1.20000004768372 -2.24128198623657
    vertex -11.2512512207031 1.20000004768372 -2.04841804504395
  endloop
endfacet
facet normal -2.03672983875304e-031 1.0 -1.3938497597293e-031
  outer loop
    vertex 0.103605166077614 1.20000004768372 -0.7869593501091
    vertex -11.2512512207031 1.20000004768372 -2.04841804504395
    vertex 0.0519137345254421 1.20000004768372 -0.792050540447235
  endloop
endfacet
facet normal -2.03672983875304e-031 1.0 -1.3938497597293e-031
  outer loop
    vertex 0.0519137345254421 1.20000004768372 -0.792050540447235
    vertex -11.2512512207031 1.20000004768372 -2.04841804504395
    vertex -11.284761428833 1.20000004768372 -1.85495030879974
  endloop
endfacet
facet normal -2.03672983875304e-031 1.0 -1.3938497597293e-031
  outer loop
    vertex 0.0519137345254421 1.20000004768372 -0.792050540447235
    vertex -11.284761428833 1.20000004768372 -1.85495030879974
    vertex -11.3149442672729 1.20000004768372 -1.66093575954437
  endloop
endfacet
facet normal -2.03672983875304e-031 1.0 -1.3938497597293e-031
  outer loop
    vertex 0.0519137345254421 1.20000004768372 -0.792050540447235
    vertex -11.3149442672729 1.20000004768372 -1.66093575954437
    vertex -11.3417921066284 1.20000004768372 -1.46643161773682
  endloop
endfacet
facet normal -2.03672983875304e-031 1.0 -1.3938497597293e-031
  outer loop
    vertex 0.0519137345254421 1.20000004768372 -0.792050540447235
    vertex -11.3417921066284 1.20000004768372 -1.46643161773682
    vertex -11.3652963638306 1.20000004768372 -1.27149522304535
  endloop
endfacet
facet normal -2.03672983875304e-031 1.0 -1.3938497597293e-031
  outer loop
    vertex 0.0519137345254421 1.20000004768372 -0.792050540447235
    vertex -11.3652963638306 1.20000004768372 -1.27149522304535
    vertex 4.86031707212029e-017 1.20000004768372 -0.793749988079071
  endloop
endfacet
facet normal -2.03672983875304e-031 1.0 -1.3938497597293e-031
  outer loop
    vertex 4.86031707212029e-017 1.20000004768372 -0.793749988079071
    vertex -11.3652963638306 1.20000004768372 -1.27149522304535
    vertex -11.3854513168335 1.20000004768372 -1.07618403434753
  endloop
endfacet
facet normal -2.03672983875304e-031 1.0 -1.3938497597293e-031
  outer loop
    vertex 4.86031707212029e-017 1.20000004768372 -0.793749988079071
    vertex -11.3854513168335 1.20000004768372 -1.07618403434753
    vertex -11.4022493362427 1.20000004768372 -0.880555689334869
  endloop
endfacet
facet normal -2.03672983875304e-031 1.0 -1.3938497597293e-031
  outer loop
    vertex 4.40357494354248 1.20000004768372 10.5543928146362
    vertex 0.751625776290894 1.20000004768372 -0.255142569541931
    vertex 0.766703605651855 1.20000004768372 -0.205437615513802
  endloop
endfacet
facet normal -2.03672983875304e-031 1.0 -1.3938497597293e-031
  outer loop
    vertex 4.40357494354248 1.20000004768372 10.5543928146362
    vertex 0.766703605651855 1.20000004768372 -0.205437615513802
    vertex 0.778498291969299 1.20000004768372 -0.154852941632271
  endloop
endfacet
facet normal -2.03672983875304e-031 1.0 -1.3938497597293e-031
  outer loop
    vertex 4.40357494354248 1.20000004768372 10.5543928146362
    vertex 0.778498291969299 1.20000004768372 -0.154852941632271
    vertex 0.7869593501091 1.20000004768372 -0.103605166077614
  endloop
endfacet
facet normal -2.03672983875304e-031 1.0 -1.3938497597293e-031
  outer loop
    vertex 4.40357494354248 1.20000004768372 10.5543928146362
    vertex 0.7869593501091 1.20000004768372 -0.103605166077614
    vertex 0.792050540447235 1.20000004768372 -0.0519137345254421
  endloop
endfacet
facet normal -2.03672983875304e-031 1.0 -1.3938497597293e-031
  outer loop
    vertex 4.40357494354248 1.20000004768372 10.5543928146362
    vertex 0.792050540447235 1.20000004768372 -0.0519137345254421
    vertex 0.793749988079071 1.20000004768372 0.0
  endloop
endfacet
facet normal -2.03672983875304e-031 1.0 -1.3938497597293e-031
  outer loop
    vertex 4.40357494354248 1.20000004768372 10.5543928146362
    vertex 0.793749988079071 1.20000004768372 0.0
    vertex 0.792050540447235 1.20000004768372 0.0519137345254421
  endloop
endfacet
facet normal -2.03672983875304e-031 1.0 -1.3938497597293e-031
  outer loop
    vertex 4.40357494354248 1.20000004768372 10.5543928146362
    vertex 0.792050540447235 1.20000004768372 0.0519137345254421
    vertex 0.7869593501091 1.20000004768372 0.103605166077614
  endloop
endfacet
facet normal -2.03672983875304e-031 1.0 -1.3938497597293e-031
  outer loop
    vertex 4.40357494354248 1.20000004768372 10.5543928146362
    vertex 0.7869593501091 1.20000004768372 0.103605166077614
    vertex 0.778498291969299 1.20000004768372 0.154852941632271
  endloop
endfacet
facet normal -2.03672983875304e-031 1.0 -1.3938497597293e-031
  outer loop
    vertex 4.40357494354248 1.20000004768372 10.5543928146362
    vertex 0.778498291969299 1.20000004768372 0.154852941632271
    vertex 0.766703605651855 1.20000004768372 0.205437615513802
  endloop
endfacet
facet normal -2.03672983875304e-031 1.0 -1.3938497597293e-031
  outer loop
    vertex 4.40357494354248 1.20000004768372 10.5543928146362
    vertex 0.766703605651855 1.20000004768372 0.205437615513802
    vertex 0.751625776290894 1.20000004768372 0.255142569541931
  endloop
endfacet
facet normal -2.03672983875304e-031 1.0 -1.3938497597293e-031
  outer loop
    vertex 4.40357494354248 1.20000004768372 10.5543928146362
    vertex 0.751625776290894 1.20000004768372 0.255142569541931
    vertex 0.733329355716705 1.20000004768372 0.303754985332489
  endloop
endfacet
facet normal -2.03672983875304e-031 1.0 -1.3938497597293e-031
  outer loop
    vertex 4.40357494354248 1.20000004768372 10.5543928146362
    vertex 0.733329355716705 1.20000004768372 0.303754985332489
    vertex 0.71189272403717 1.20000004768372 0.351066648960114
  endloop
endfacet
facet normal -2.03672983875304e-031 1.0 -1.3938497597293e-031
  outer loop
    vertex 4.40357494354248 1.20000004768372 10.5543928146362
    vertex 0.71189272403717 1.20000004768372 0.351066648960114
    vertex 0.687407672405243 1.20000004768372 0.396874994039535
  endloop
endfacet
facet normal -2.03672983875304e-031 1.0 -1.3938497597293e-031
  outer loop
    vertex 4.40357494354248 1.20000004768372 10.5543928146362
    vertex 0.687407672405243 1.20000004768372 0.396874994039535
    vertex 0.659978985786438 1.20000004768372 0.440983861684799
  endloop
endfacet
facet normal -2.03672983875304e-031 1.0 -1.3938497597293e-031
  outer loop
    vertex 4.40357494354248 1.20000004768372 10.5543928146362
    vertex 0.659978985786438 1.20000004768372 0.440983861684799
    vertex 0.629724204540253 1.20000004768372 0.483204394578934
  endloop
endfacet
facet normal -2.03672983875304e-031 1.0 -1.3938497597293e-031
  outer loop
    vertex 4.40357494354248 1.20000004768372 10.5543928146362
    vertex 0.629724204540253 1.20000004768372 0.483204394578934
    vertex 0.596772849559784 1.20000004768372 0.523355722427368
  endloop
endfacet
facet normal -2.03672983875304e-031 1.0 -1.3938497597293e-031
  outer loop
    vertex 4.40357494354248 1.20000004768372 10.5543928146362
    vertex 0.596772849559784 1.20000004768372 0.523355722427368
    vertex 0.561266005039215 1.20000004768372 0.561266005039215
  endloop
endfacet
facet normal -2.03672983875304e-031 1.0 -1.3938497597293e-031
  outer loop
    vertex 4.40357494354248 1.20000004768372 10.5543928146362
    vertex 0.561266005039215 1.20000004768372 0.561266005039215
    vertex 0.523355722427368 1.20000004768372 0.596772849559784
  endloop
endfacet
facet normal -2.03672983875304e-031 1.0 -1.3938497597293e-031
  outer loop
    vertex 4.40357494354248 1.20000004768372 10.5543928146362
    vertex 0.523355722427368 1.20000004768372 0.596772849559784
    vertex 0.483204394578934 1.20000004768372 0.629724204540253
  endloop
endfacet
facet normal -2.03672983875304e-031 1.0 -1.3938497597293e-031
  outer loop
    vertex 4.40357494354248 1.20000004768372 10.5543928146362
    vertex 0.483204394578934 1.20000004768372 0.629724204540253
    vertex 0.440983861684799 1.20000004768372 0.659978985786438
  endloop
endfacet
facet normal -2.03672983875304e-031 1.0 -1.3938497597293e-031
  outer loop
    vertex 4.40357494354248 1.20000004768372 10.5543928146362
    vertex 0.440983861684799 1.20000004768372 0.659978985786438
    vertex 0.396874994039535 1.20000004768372 0.687407672405243
  endloop
endfacet
facet normal -2.03672983875304e-031 1.0 -1.3938497597293e-031
  outer loop
    vertex 4.40357494354248 1.20000004768372 10.5543928146362
    vertex 0.396874994039535 1.20000004768372 0.687407672405243
    vertex 0.351066648960114 1.20000004768372 0.71189272403717
  endloop
endfacet
facet normal -2.03672983875304e-031 1.0 -1.3938497597293e-031
  outer loop
    vertex 4.40357494354248 1.20000004768372 10.5543928146362
    vertex 0.351066648960114 1.20000004768372 0.71189272403717
    vertex 0.303754985332489 1.20000004768372 0.733329355716705
  endloop
endfacet
facet normal -2.03672983875304e-031 1.0 -1.3938497597293e-031
  outer loop
    vertex 4.40357494354248 1.20000004768372 10.5543928146362
    vertex 0.303754985332489 1.20000004768372 0.733329355716705
    vertex 0.255142569541931 1.20000004768372 0.751625776290894
  endloop
endfacet
facet normal -2.03672983875304e-031 1.0 -1.3938497597293e-031
  outer loop
    vertex 4.40357494354248 1.20000004768372 10.5543928146362
    vertex 0.255142569541931 1.20000004768372 0.751625776290894
    vertex 0.205437615513802 1.20000004768372 0.766703605651855
  endloop
endfacet
facet normal -2.03672983875304e-031 1.0 -1.3938497597293e-031
  outer loop
    vertex 4.40357494354248 1.20000004768372 10.5543928146362
    vertex 0.205437615513802 1.20000004768372 0.766703605651855
    vertex 0.154852941632271 1.20000004768372 0.778498291969299
  endloop
endfacet
facet normal -2.03672983875304e-031 1.0 -1.3938497597293e-031
  outer loop
    vertex 4.40357494354248 1.20000004768372 10.5543928146362
    vertex 0.154852941632271 1.20000004768372 0.778498291969299
    vertex 0.103605166077614 1.20000004768372 0.7869593501091
  endloop
endfacet
facet normal -2.03672983875304e-031 1.0 -1.3938497597293e-031
  outer loop
    vertex 4.40357494354248 1.20000004768372 10.5543928146362
    vertex 0.103605166077614 1.20000004768372 0.7869593501091
    vertex 0.0519137345254421 1.20000004768372 0.792050540447235
  endloop
endfacet
facet normal -2.03672983875304e-031 1.0 -1.3938497597293e-031
  outer loop
    vertex 4.40357494354248 1.20000004768372 10.5543928146362
    vertex 0.0519137345254421 1.20000004768372 0.792050540447235
    vertex 4.86031707212029e-017 1.20000004768372 0.793749988079071
  endloop
endfacet
facet normal -2.03672983875304e-031 1.0 -1.3938497597293e-031
  outer loop
    vertex 4.40357494354248 1.20000004768372 10.5543928146362
    vertex 4.86031707212029e-017 1.20000004768372 0.793749988079071
    vertex -11.4019174575806 1.20000004768372 0.884843230247498
  endloop
endfacet
facet normal -2.03672983875304e-031 1.0 -1.3938497597293e-031
  outer loop
    vertex 4.40357494354248 1.20000004768372 10.5543928146362
    vertex -11.4019174575806 1.20000004768372 0.884843230247498
    vertex -11.385046005249 1.20000004768372 1.08046531677246
  endloop
endfacet
facet normal -2.03672983875304e-031 1.0 -1.3938497597293e-031
  outer loop
    vertex 4.40357494354248 1.20000004768372 10.5543928146362
    vertex -11.385046005249 1.20000004768372 1.08046531677246
    vertex -11.3648176193237 1.20000004768372 1.27576887607574
  endloop
endfacet
facet normal -2.03672983875304e-031 1.0 -1.3938497597293e-031
  outer loop
    vertex 4.40357494354248 1.20000004768372 10.5543928146362
    vertex -11.3648176193237 1.20000004768372 1.27576887607574
    vertex -11.3412399291992 1.20000004768372 1.47069644927978
  endloop
endfacet
facet normal -2.03672983875304e-031 1.0 -1.3938497597293e-031
  outer loop
    vertex 4.40357494354248 1.20000004768372 10.5543928146362
    vertex -11.3412399291992 1.20000004768372 1.47069644927978
    vertex -11.3143186569214 1.20000004768372 1.66519045829773
  endloop
endfacet
facet normal -2.03672983875304e-031 1.0 -1.3938497597293e-031
  outer loop
    vertex 4.40357494354248 1.20000004768372 10.5543928146362
    vertex -11.3143186569214 1.20000004768372 1.66519045829773
    vertex -11.2840623855591 1.20000004768372 1.8591935634613
  endloop
endfacet
facet normal -2.03672983875304e-031 1.0 -1.3938497597293e-031
  outer loop
    vertex 4.40357494354248 1.20000004768372 10.5543928146362
    vertex -11.2840623855591 1.20000004768372 1.8591935634613
    vertex -11.2504796981812 1.20000004768372 2.05264854431152
  endloop
endfacet
facet normal -2.03672983875304e-031 1.0 -1.3938497597293e-031
  outer loop
    vertex 4.40357494354248 1.20000004768372 10.5543928146362
    vertex -11.2504796981812 1.20000004768372 2.05264854431152
    vertex -11.2135810852051 1.20000004768372 2.24549865722656
  endloop
endfacet
facet normal -2.03672983875304e-031 1.0 -1.3938497597293e-031
  outer loop
    vertex 4.40357494354248 1.20000004768372 10.5543928146362
    vertex -11.2135810852051 1.20000004768372 2.24549865722656
    vertex -11.1733770370483 1.20000004768372 2.43768692016602
  endloop
endfacet
facet normal -2.03672983875304e-031 1.0 -1.3938497597293e-031
  outer loop
    vertex 4.40357494354248 1.20000004768372 10.5543928146362
    vertex -11.1733770370483 1.20000004768372 2.43768692016602
    vertex -11.1298789978027 1.20000004768372 2.62915635108948
  endloop
endfacet
facet normal -2.03672983875304e-031 1.0 -1.3938497597293e-031
  outer loop
    vertex 4.40357494354248 1.20000004768372 10.5543928146362
    vertex -11.1298789978027 1.20000004768372 2.62915635108948
    vertex -11.0831003189087 1.20000004768372 2.81985092163086
  endloop
endfacet
facet normal -2.03672983875304e-031 1.0 -1.3938497597293e-031
  outer loop
    vertex 4.40357494354248 1.20000004768372 10.5543928146362
    vertex -11.0831003189087 1.20000004768372 2.81985092163086
    vertex -11.0330543518066 1.20000004768372 3.00971412658691
  endloop
endfacet
facet normal -2.03672983875304e-031 1.0 -1.3938497597293e-031
  outer loop
    vertex 4.40357494354248 1.20000004768372 10.5543928146362
    vertex -11.0330543518066 1.20000004768372 3.00971412658691
    vertex -10.9797563552856 1.20000004768372 3.19869041442871
  endloop
endfacet
facet normal -2.03672983875304e-031 1.0 -1.3938497597293e-031
  outer loop
    vertex 4.40357494354248 1.20000004768372 10.5543928146362
    vertex -10.9797563552856 1.20000004768372 3.19869041442871
    vertex -10.9232215881348 1.20000004768372 3.38672351837158
  endloop
endfacet
facet normal -2.03672983875304e-031 1.0 -1.3938497597293e-031
  outer loop
    vertex 4.40357494354248 1.20000004768372 10.5543928146362
    vertex -10.9232215881348 1.20000004768372 3.38672351837158
    vertex -10.8634672164917 1.20000004768372 3.57375836372375
  endloop
endfacet
facet normal -2.03672983875304e-031 1.0 -1.3938497597293e-031
  outer loop
    vertex 4.40357494354248 1.20000004768372 10.5543928146362
    vertex -10.8634672164917 1.20000004768372 3.57375836372375
    vertex -10.8005104064941 1.20000004768372 3.75973987579346
  endloop
endfacet
facet normal -2.03672983875304e-031 1.0 -1.3938497597293e-031
  outer loop
    vertex 4.40357494354248 1.20000004768372 10.5543928146362
    vertex -10.8005104064941 1.20000004768372 3.75973987579346
    vertex -10.7343702316284 1.20000004768372 3.94461297988892
  endloop
endfacet
facet normal -2.03672983875304e-031 1.0 -1.3938497597293e-031
  outer loop
    vertex 4.40357494354248 1.20000004768372 10.5543928146362
    vertex -10.7343702316284 1.20000004768372 3.94461297988892
    vertex -10.6650648117065 1.20000004768372 4.12832355499268
  endloop
endfacet
facet normal -2.03672983875304e-031 1.0 -1.3938497597293e-031
  outer loop
    vertex 4.40357494354248 1.20000004768372 10.5543928146362
    vertex -10.6650648117065 1.20000004768372 4.12832355499268
    vertex -10.5926170349121 1.20000004768372 4.31081676483154
  endloop
endfacet
facet normal -2.03672983875304e-031 1.0 -1.3938497597293e-031
  outer loop
    vertex 4.40357494354248 1.20000004768372 10.5543928146362
    vertex -10.5926170349121 1.20000004768372 4.31081676483154
    vertex -10.5170459747314 1.20000004768372 4.49203968048096
  endloop
endfacet
facet normal -2.03672983875304e-031 1.0 -1.3938497597293e-031
  outer loop
    vertex 4.40357494354248 1.20000004768372 10.5543928146362
    vertex -10.5170459747314 1.20000004768372 4.49203968048096
    vertex -10.4383745193481 1.20000004768372 4.67193841934204
  endloop
endfacet
facet normal -2.03672983875304e-031 1.0 -1.3938497597293e-031
  outer loop
    vertex 4.40357494354248 1.20000004768372 10.5543928146362
    vertex -10.4383745193481 1.20000004768372 4.67193841934204
    vertex -10.3566265106201 1.20000004768372 4.85045957565308
  endloop
endfacet
facet normal -2.03672983875304e-031 1.0 -1.3938497597293e-031
  outer loop
    vertex 4.40357494354248 1.20000004768372 10.5543928146362
    vertex -10.3566265106201 1.20000004768372 4.85045957565308
    vertex -10.2718257904053 1.20000004768372 5.02755165100098
  endloop
endfacet
facet normal -2.03672983875304e-031 1.0 -1.3938497597293e-031
  outer loop
    vertex 4.40357494354248 1.20000004768372 10.5543928146362
    vertex -10.2718257904053 1.20000004768372 5.02755165100098
    vertex -10.1839962005615 1.20000004768372 5.20316123962402
  endloop
endfacet
facet normal -2.03672983875304e-031 1.0 -1.3938497597293e-031
  outer loop
    vertex 4.40357494354248 1.20000004768372 10.5543928146362
    vertex -10.1839962005615 1.20000004768372 5.20316123962402
    vertex -10.093165397644 1.20000004768372 5.37723684310913
  endloop
endfacet
facet normal -2.03672983875304e-031 1.0 -1.3938497597293e-031
  outer loop
    vertex 4.40357494354248 1.20000004768372 10.5543928146362
    vertex -10.093165397644 1.20000004768372 5.37723684310913
    vertex -9.99935913085937 1.20000004768372 5.54972791671753
  endloop
endfacet
facet normal -2.03672983875304e-031 1.0 -1.3938497597293e-031
  outer loop
    vertex 4.40357494354248 1.20000004768372 10.5543928146362
    vertex -9.99935913085937 1.20000004768372 5.54972791671753
    vertex -9.90260601043701 1.20000004768372 5.72058248519897
  endloop
endfacet
facet normal -2.03672983875304e-031 1.0 -1.3938497597293e-031
  outer loop
    vertex 4.40357494354248 1.20000004768372 10.5543928146362
    vertex -9.90260601043701 1.20000004768372 5.72058248519897
    vertex -9.80293369293213 1.20000004768372 5.88975143432617
  endloop
endfacet
facet normal -2.03672983875304e-031 1.0 -1.3938497597293e-031
  outer loop
    vertex 4.40357494354248 1.20000004768372 10.5543928146362
    vertex -9.80293369293213 1.20000004768372 5.88975143432617
    vertex -9.70037078857422 1.20000004768372 6.05718374252319
  endloop
endfacet
facet normal -2.03672983875304e-031 1.0 -1.3938497597293e-031
  outer loop
    vertex 4.40357494354248 1.20000004768372 10.5543928146362
    vertex -9.70037078857422 1.20000004768372 6.05718374252319
    vertex -9.59494876861572 1.20000004768372 6.2228307723999
  endloop
endfacet
facet normal -2.03672983875304e-031 1.0 -1.3938497597293e-031
  outer loop
    vertex 4.40357494354248 1.20000004768372 10.5543928146362
    vertex -9.59494876861572 1.20000004768372 6.2228307723999
    vertex -9.48669910430908 1.20000004768372 6.386643409729
  endloop
endfacet
facet normal -2.03672983875304e-031 1.0 -1.3938497597293e-031
  outer loop
    vertex 4.40357494354248 1.20000004768372 10.5543928146362
    vertex -9.48669910430908 1.20000004768372 6.386643409729
    vertex -9.37565231323242 1.20000004768372 6.54857301712036
  endloop
endfacet
facet normal -2.03672983875304e-031 1.0 -1.3938497597293e-031
  outer loop
    vertex 4.40357494354248 1.20000004768372 10.5543928146362
    vertex -9.37565231323242 1.20000004768372 6.54857301712036
    vertex -9.26184177398681 1.20000004768372 6.70857286453247
  endloop
endfacet
facet normal -2.03672983875304e-031 1.0 -1.3938497597293e-031
  outer loop
    vertex 4.40357494354248 1.20000004768372 10.5543928146362
    vertex -9.26184177398681 1.20000004768372 6.70857286453247
    vertex -9.14530181884765 1.20000004768372 6.86659479141235
  endloop
endfacet
facet normal -2.03672983875304e-031 1.0 -1.3938497597293e-031
  outer loop
    vertex 4.40357494354248 1.20000004768372 10.5543928146362
    vertex -9.14530181884765 1.20000004768372 6.86659479141235
    vertex -9.02606582641601 1.20000004768372 7.02259302139282
  endloop
endfacet
facet normal -2.03672983875304e-031 1.0 -1.3938497597293e-031
  outer loop
    vertex 4.40357494354248 1.20000004768372 10.5543928146362
    vertex -9.02606582641601 1.20000004768372 7.02259302139282
    vertex -8.90416812896729 1.20000004768372 7.17652082443237
  endloop
endfacet
facet normal -2.03672983875304e-031 1.0 -1.3938497597293e-031
  outer loop
    vertex 4.40357494354248 1.20000004768372 10.5543928146362
    vertex -8.90416812896729 1.20000004768372 7.17652082443237
    vertex -8.77964687347412 1.20000004768372 7.32833337783813
  endloop
endfacet
facet normal -2.03672983875304e-031 1.0 -1.3938497597293e-031
  outer loop
    vertex 4.40357494354248 1.20000004768372 10.5543928146362
    vertex -8.77964687347412 1.20000004768372 7.32833337783813
    vertex -8.65253734588623 1.20000004768372 7.47798538208008
  endloop
endfacet
facet normal -2.03672983875304e-031 1.0 -1.3938497597293e-031
  outer loop
    vertex 4.40357494354248 1.20000004768372 10.5543928146362
    vertex -8.65253734588623 1.20000004768372 7.47798538208008
    vertex -8.52287673950195 1.20000004768372 7.62543344497681
  endloop
endfacet
facet normal -2.03672983875304e-031 1.0 -1.3938497597293e-031
  outer loop
    vertex 4.40357494354248 1.20000004768372 10.5543928146362
    vertex -8.52287673950195 1.20000004768372 7.62543344497681
    vertex -8.39070415496826 1.20000004768372 7.77063369750977
  endloop
endfacet
facet normal -2.03672983875304e-031 1.0 -1.3938497597293e-031
  outer loop
    vertex 4.40357494354248 1.20000004768372 10.5543928146362
    vertex -8.39070415496826 1.20000004768372 7.77063369750977
    vertex -8.25605869293213 1.20000004768372 7.91354322433472
  endloop
endfacet
facet normal -2.03672983875304e-031 1.0 -1.3938497597293e-031
  outer loop
    vertex 4.40357494354248 1.20000004768372 10.5543928146362
    vertex -8.25605869293213 1.20000004768372 7.91354322433472
    vertex -8.11897945404053 1.20000004768372 8.05412006378174
  endloop
endfacet
facet normal -2.03672983875304e-031 1.0 -1.3938497597293e-031
  outer loop
    vertex 4.40357494354248 1.20000004768372 10.5543928146362
    vertex -8.11897945404053 1.20000004768372 8.05412006378174
    vertex -7.97950601577759 1.20000004768372 8.19232273101806
  endloop
endfacet
facet normal -2.03672983875304e-031 1.0 -1.3938497597293e-031
  outer loop
    vertex 4.40357494354248 1.20000004768372 10.5543928146362
    vertex -7.97950601577759 1.20000004768372 8.19232273101806
    vertex -7.83768129348755 1.20000004768372 8.32811069488525
  endloop
endfacet
facet normal -2.03672983875304e-031 1.0 -1.3938497597293e-031
  outer loop
    vertex 4.40357494354248 1.20000004768372 10.5543928146362
    vertex -7.83768129348755 1.20000004768372 8.32811069488525
    vertex -7.69354581832886 1.20000004768372 8.4614429473877
  endloop
endfacet
facet normal -2.03672983875304e-031 1.0 -1.3938497597293e-031
  outer loop
    vertex 4.40357494354248 1.20000004768372 10.5543928146362
    vertex -7.69354581832886 1.20000004768372 8.4614429473877
    vertex -7.54714250564575 1.20000004768372 8.59228229522705
  endloop
endfacet
facet normal -2.03672983875304e-031 1.0 -1.3938497597293e-031
  outer loop
    vertex 4.40357494354248 1.20000004768372 10.5543928146362
    vertex -7.54714250564575 1.20000004768372 8.59228229522705
    vertex -7.39851474761963 1.20000004768372 8.72058773040771
  endloop
endfacet
facet normal -2.03672983875304e-031 1.0 -1.3938497597293e-031
  outer loop
    vertex 4.40357494354248 1.20000004768372 10.5543928146362
    vertex -7.39851474761963 1.20000004768372 8.72058773040771
    vertex -7.24770593643188 1.20000004768372 8.84632301330566
  endloop
endfacet
facet normal -2.03672983875304e-031 1.0 -1.3938497597293e-031
  outer loop
    vertex 4.40357494354248 1.20000004768372 10.5543928146362
    vertex -7.24770593643188 1.20000004768372 8.84632301330566
    vertex -7.09476041793823 1.20000004768372 8.96945095062256
  endloop
endfacet
facet normal -2.03672983875304e-031 1.0 -1.3938497597293e-031
  outer loop
    vertex 4.40357494354248 1.20000004768372 10.5543928146362
    vertex -7.09476041793823 1.20000004768372 8.96945095062256
    vertex -6.93972396850586 1.20000004768372 9.08993434906006
  endloop
endfacet
facet normal -2.03672983875304e-031 1.0 -1.3938497597293e-031
  outer loop
    vertex 4.40357494354248 1.20000004768372 10.5543928146362
    vertex -6.93972396850586 1.20000004768372 9.08993434906006
    vertex -6.78264141082764 1.20000004768372 9.20773792266846
  endloop
endfacet
facet normal -2.03672983875304e-031 1.0 -1.3938497597293e-031
  outer loop
    vertex 4.40357494354248 1.20000004768372 10.5543928146362
    vertex -6.78264141082764 1.20000004768372 9.20773792266846
    vertex -6.62355995178223 1.20000004768372 9.32282829284668
  endloop
endfacet
facet normal -2.03672983875304e-031 1.0 -1.3938497597293e-031
  outer loop
    vertex 4.40357494354248 1.20000004768372 10.5543928146362
    vertex -6.62355995178223 1.20000004768372 9.32282829284668
    vertex -6.46252584457397 1.20000004768372 9.43517017364502
  endloop
endfacet
facet normal -2.03672983875304e-031 1.0 -1.3938497597293e-031
  outer loop
    vertex 4.40357494354248 1.20000004768372 10.5543928146362
    vertex -6.46252584457397 1.20000004768372 9.43517017364502
    vertex -6.2995867729187 1.20000004768372 9.5447301864624
  endloop
endfacet
facet normal -2.03672983875304e-031 1.0 -1.3938497597293e-031
  outer loop
    vertex 4.40357494354248 1.20000004768372 10.5543928146362
    vertex -6.2995867729187 1.20000004768372 9.5447301864624
    vertex -6.13479042053223 1.20000004768372 9.6514778137207
  endloop
endfacet
facet normal -2.03672983875304e-031 1.0 -1.3938497597293e-031
  outer loop
    vertex 4.40357494354248 1.20000004768372 10.5543928146362
    vertex -6.13479042053223 1.20000004768372 9.6514778137207
    vertex -5.96818590164184 1.20000004768372 9.75537967681885
  endloop
endfacet
facet normal -2.03672983875304e-031 1.0 -1.3938497597293e-031
  outer loop
    vertex 4.40357494354248 1.20000004768372 10.5543928146362
    vertex -5.96818590164184 1.20000004768372 9.75537967681885
    vertex -5.79982233047485 1.20000004768372 9.85640525817871
  endloop
endfacet
facet normal -2.03672983875304e-031 1.0 -1.3938497597293e-031
  outer loop
    vertex 4.40357494354248 1.20000004768372 10.5543928146362
    vertex -5.79982233047485 1.20000004768372 9.85640525817871
    vertex -5.62974882125854 1.20000004768372 9.95452690124512
  endloop
endfacet
facet normal -2.03672983875304e-031 1.0 -1.3938497597293e-031
  outer loop
    vertex 4.40357494354248 1.20000004768372 10.5543928146362
    vertex -5.62974882125854 1.20000004768372 9.95452690124512
    vertex -5.45801591873169 1.20000004768372 10.0497131347656
  endloop
endfacet
facet normal -2.03672983875304e-031 1.0 -1.3938497597293e-031
  outer loop
    vertex 4.40357494354248 1.20000004768372 10.5543928146362
    vertex -5.45801591873169 1.20000004768372 10.0497131347656
    vertex -5.28467416763306 1.20000004768372 10.1419372558594
  endloop
endfacet
facet normal -2.03672983875304e-031 1.0 -1.3938497597293e-031
  outer loop
    vertex 4.40357494354248 1.20000004768372 10.5543928146362
    vertex -5.28467416763306 1.20000004768372 10.1419372558594
    vertex -5.10977458953857 1.20000004768372 10.2311716079712
  endloop
endfacet
facet normal -2.03672983875304e-031 1.0 -1.3938497597293e-031
  outer loop
    vertex 4.40357494354248 1.20000004768372 10.5543928146362
    vertex -5.10977458953857 1.20000004768372 10.2311716079712
    vertex -4.93336868286133 1.20000004768372 10.3173904418945
  endloop
endfacet
facet normal -2.03672983875304e-031 1.0 -1.3938497597293e-031
  outer loop
    vertex 4.40357494354248 1.20000004768372 10.5543928146362
    vertex -4.93336868286133 1.20000004768372 10.3173904418945
    vertex -4.75550889968872 1.20000004768372 10.4005680084229
  endloop
endfacet
facet normal -2.03672983875304e-031 1.0 -1.3938497597293e-031
  outer loop
    vertex 4.40357494354248 1.20000004768372 10.5543928146362
    vertex -4.75550889968872 1.20000004768372 10.4005680084229
    vertex -4.576247215271 1.20000004768372 10.4806795120239
  endloop
endfacet
facet normal -2.03672983875304e-031 1.0 -1.3938497597293e-031
  outer loop
    vertex 4.40357494354248 1.20000004768372 10.5543928146362
    vertex -4.576247215271 1.20000004768372 10.4806795120239
    vertex -4.39563608169556 1.20000004768372 10.5577011108398
  endloop
endfacet
facet normal -2.03672983875304e-031 1.0 -1.3938497597293e-031
  outer loop
    vertex 4.40357494354248 1.20000004768372 10.5543928146362
    vertex -4.39563608169556 1.20000004768372 10.5577011108398
    vertex 4.22172403335571 1.20000004768372 10.628438949585
  endloop
endfacet
facet normal -2.03672983875304e-031 1.0 -1.3938497597293e-031
  outer loop
    vertex 4.22172403335571 1.20000004768372 10.628438949585
    vertex -4.39563608169556 1.20000004768372 10.5577011108398
    vertex -4.21372985839844 1.20000004768372 10.6316108703613
  endloop
endfacet
facet normal -2.03672983875304e-031 1.0 -1.3938497597293e-031
  outer loop
    vertex 4.22172403335571 1.20000004768372 10.628438949585
    vertex -4.21372985839844 1.20000004768372 10.6316108703613
    vertex 4.03862857818604 1.20000004768372 10.6993522644043
  endloop
endfacet
facet normal -2.03672983875304e-031 1.0 -1.3938497597293e-031
  outer loop
    vertex 4.03862857818604 1.20000004768372 10.6993522644043
    vertex -4.21372985839844 1.20000004768372 10.6316108703613
    vertex -4.03058099746704 1.20000004768372 10.7023868560791
  endloop
endfacet
facet normal -2.03672983875304e-031 1.0 -1.3938497597293e-031
  outer loop
    vertex 4.03862857818604 1.20000004768372 10.6993522644043
    vertex -4.03058099746704 1.20000004768372 10.7023868560791
    vertex 3.85434293746948 1.20000004768372 10.7671127319336
  endloop
endfacet
facet normal -2.03672983875304e-031 1.0 -1.3938497597293e-031
  outer loop
    vertex 3.85434293746948 1.20000004768372 10.7671127319336
    vertex -4.03058099746704 1.20000004768372 10.7023868560791
    vertex -3.84624433517456 1.20000004768372 10.7700080871582
  endloop
endfacet
facet normal -2.03672983875304e-031 1.0 -1.3938497597293e-031
  outer loop
    vertex 3.85434293746948 1.20000004768372 10.7671127319336
    vertex -3.84624433517456 1.20000004768372 10.7700080871582
    vertex 3.66892099380493 1.20000004768372 10.8316984176636
  endloop
endfacet
facet normal -2.03672983875304e-031 1.0 -1.3938497597293e-031
  outer loop
    vertex 3.66892099380493 1.20000004768372 10.8316984176636
    vertex -3.84624433517456 1.20000004768372 10.7700080871582
    vertex -3.66077375411987 1.20000004768372 10.834454536438
  endloop
endfacet
facet normal -2.03672983875304e-031 1.0 -1.3938497597293e-031
  outer loop
    vertex 3.66892099380493 1.20000004768372 10.8316984176636
    vertex -3.66077375411987 1.20000004768372 10.834454536438
    vertex 3.482417345047 1.20000004768372 10.8930912017822
  endloop
endfacet
facet normal -2.03672983875304e-031 1.0 -1.3938497597293e-031
  outer loop
    vertex 3.482417345047 1.20000004768372 10.8930912017822
    vertex -3.66077375411987 1.20000004768372 10.834454536438
    vertex -3.47422409057617 1.20000004768372 10.8957071304321
  endloop
endfacet
facet normal -2.03672983875304e-031 1.0 -1.3938497597293e-031
  outer loop
    vertex 3.482417345047 1.20000004768372 10.8930912017822
    vertex -3.47422409057617 1.20000004768372 10.8957071304321
    vertex 3.29488730430603 1.20000004768372 10.9512729644775
  endloop
endfacet
facet normal -2.03672983875304e-031 1.0 -1.3938497597293e-031
  outer loop
    vertex 3.29488730430603 1.20000004768372 10.9512729644775
    vertex -3.47422409057617 1.20000004768372 10.8957071304321
    vertex -3.28665041923523 1.20000004768372 10.9537477493286
  endloop
endfacet
facet normal -2.03672983875304e-031 1.0 -1.3938497597293e-031
  outer loop
    vertex 3.29488730430603 1.20000004768372 10.9512729644775
    vertex -3.28665041923523 1.20000004768372 10.9537477493286
    vertex 3.1063859462738 1.20000004768372 11.0062274932861
  endloop
endfacet
facet normal -2.03672983875304e-031 1.0 -1.3938497597293e-031
  outer loop
    vertex 3.1063859462738 1.20000004768372 11.0062274932861
    vertex -3.28665041923523 1.20000004768372 10.9537477493286
    vertex -3.09810781478882 1.20000004768372 11.0085601806641
  endloop
endfacet
facet normal -2.03672983875304e-031 1.0 -1.3938497597293e-031
  outer loop
    vertex 3.1063859462738 1.20000004768372 11.0062274932861
    vertex -3.09810781478882 1.20000004768372 11.0085601806641
    vertex 2.91696906089783 1.20000004768372 11.057936668396
  endloop
endfacet
facet normal -2.03672983875304e-031 1.0 -1.3938497597293e-031
  outer loop
    vertex 2.91696906089783 1.20000004768372 11.057936668396
    vertex -3.09810781478882 1.20000004768372 11.0085601806641
    vertex -2.90865206718445 1.20000004768372 11.0601272583008
  endloop
endfacet
facet normal -2.03672983875304e-031 1.0 -1.3938497597293e-031
  outer loop
    vertex 2.91696906089783 1.20000004768372 11.057936668396
    vertex -2.90865206718445 1.20000004768372 11.0601272583008
    vertex 2.72669219970703 1.20000004768372 11.1063861846924
  endloop
endfacet
facet normal -2.03672983875304e-031 1.0 -1.3938497597293e-031
  outer loop
    vertex 2.72669219970703 1.20000004768372 11.1063861846924
    vertex -2.90865206718445 1.20000004768372 11.0601272583008
    vertex -2.71833872795105 1.20000004768372 11.1084337234497
  endloop
endfacet
facet normal -2.03672983875304e-031 1.0 -1.3938497597293e-031
  outer loop
    vertex 2.72669219970703 1.20000004768372 11.1063861846924
    vertex -2.71833872795105 1.20000004768372 11.1084337234497
    vertex 2.53561162948608 1.20000004768372 11.1515626907349
  endloop
endfacet
facet normal -2.03672983875304e-031 1.0 -1.3938497597293e-031
  outer loop
    vertex 2.53561162948608 1.20000004768372 11.1515626907349
    vertex -2.71833872795105 1.20000004768372 11.1084337234497
    vertex -2.52722430229187 1.20000004768372 11.1534662246704
  endloop
endfacet
facet normal -2.03672983875304e-031 1.0 -1.3938497597293e-031
  outer loop
    vertex 2.53561162948608 1.20000004768372 11.1515626907349
    vertex -2.52722430229187 1.20000004768372 11.1534662246704
    vertex 2.34378361701965 1.20000004768372 11.1934509277344
  endloop
endfacet
facet normal -2.03672983875304e-031 1.0 -1.3938497597293e-031
  outer loop
    vertex 2.34378361701965 1.20000004768372 11.1934509277344
    vertex -2.52722430229187 1.20000004768372 11.1534662246704
    vertex -2.335364818573 1.20000004768372 11.1952104568481
  endloop
endfacet
facet normal -2.03672983875304e-031 1.0 -1.3938497597293e-031
  outer loop
    vertex 2.34378361701965 1.20000004768372 11.1934509277344
    vertex -2.335364818573 1.20000004768372 11.1952104568481
    vertex 2.15126466751099 1.20000004768372 11.2320404052734
  endloop
endfacet
facet normal -2.03672983875304e-031 1.0 -1.3938497597293e-031
  outer loop
    vertex 2.15126466751099 1.20000004768372 11.2320404052734
    vertex -2.335364818573 1.20000004768372 11.1952104568481
    vertex -2.14281678199768 1.20000004768372 11.2336549758911
  endloop
endfacet
facet normal -2.03672983875304e-031 1.0 -1.3938497597293e-031
  outer loop
    vertex 2.15126466751099 1.20000004768372 11.2320404052734
    vertex -2.14281678199768 1.20000004768372 11.2336549758911
    vertex 1.9581116437912 1.20000004768372 11.2673187255859
  endloop
endfacet
facet normal -2.03672983875304e-031 1.0 -1.3938497597293e-031
  outer loop
    vertex 1.9581116437912 1.20000004768372 11.2673187255859
    vertex -2.14281678199768 1.20000004768372 11.2336549758911
    vertex -1.9496374130249 1.20000004768372 11.2687883377075
  endloop
endfacet
facet normal -2.03672983875304e-031 1.0 -1.3938497597293e-031
  outer loop
    vertex 1.9581116437912 1.20000004768372 11.2673187255859
    vertex -1.9496374130249 1.20000004768372 11.2687883377075
    vertex 1.76438140869141 1.20000004768372 11.2992753982544
  endloop
endfacet
facet normal -2.03672983875304e-031 1.0 -1.3938497597293e-031
  outer loop
    vertex 1.76438140869141 1.20000004768372 11.2992753982544
    vertex -1.9496374130249 1.20000004768372 11.2687883377075
    vertex -1.75588309764862 1.20000004768372 11.3005990982056
  endloop
endfacet
facet normal -2.03672983875304e-031 1.0 -1.3938497597293e-031
  outer loop
    vertex 1.76438140869141 1.20000004768372 11.2992753982544
    vertex -1.75588309764862 1.20000004768372 11.3005990982056
    vertex 1.5701310634613 1.20000004768372 11.32790184021
  endloop
endfacet
facet normal -2.03672983875304e-031 1.0 -1.3938497597293e-031
  outer loop
    vertex 1.5701310634613 1.20000004768372 11.32790184021
    vertex -1.75588309764862 1.20000004768372 11.3005990982056
    vertex -1.5616112947464 1.20000004768372 11.3290796279907
  endloop
endfacet
facet normal -2.03672983875304e-031 1.0 -1.3938497597293e-031
  outer loop
    vertex 1.5701310634613 1.20000004768372 11.32790184021
    vertex -1.5616112947464 1.20000004768372 11.3290796279907
    vertex 1.37541782855988 1.20000004768372 11.3531885147095
  endloop
endfacet
facet normal -2.03672983875304e-031 1.0 -1.3938497597293e-031
  outer loop
    vertex 1.37541782855988 1.20000004768372 11.3531885147095
    vertex -1.5616112947464 1.20000004768372 11.3290796279907
    vertex -1.36687910556793 1.20000004768372 11.3542203903198
  endloop
endfacet
facet normal -2.03672983875304e-031 1.0 -1.3938497597293e-031
  outer loop
    vertex 1.37541782855988 1.20000004768372 11.3531885147095
    vertex -1.36687910556793 1.20000004768372 11.3542203903198
    vertex 1.18029928207397 1.20000004768372 11.3751287460327
  endloop
endfacet
facet normal -2.03672983875304e-031 1.0 -1.3938497597293e-031
  outer loop
    vertex 1.18029928207397 1.20000004768372 11.3751287460327
    vertex -1.36687910556793 1.20000004768372 11.3542203903198
    vertex -1.17174410820007 1.20000004768372 11.3760137557983
  endloop
endfacet
facet normal -2.03672983875304e-031 1.0 -1.3938497597293e-031
  outer loop
    vertex 1.18029928207397 1.20000004768372 11.3751287460327
    vertex -1.17174410820007 1.20000004768372 11.3760137557983
    vertex 0.98483270406723 1.20000004768372 11.3937168121338
  endloop
endfacet
facet normal -2.03672983875304e-031 1.0 -1.3938497597293e-031
  outer loop
    vertex 0.98483270406723 1.20000004768372 11.3937168121338
    vertex -1.17174410820007 1.20000004768372 11.3760137557983
    vertex -0.976263582706451 1.20000004768372 11.3944540023804
  endloop
endfacet
facet normal -2.03672983875304e-031 1.0 -1.3938497597293e-031
  outer loop
    vertex 0.98483270406723 1.20000004768372 11.3937168121338
    vertex -0.976263582706451 1.20000004768372 11.3944540023804
    vertex 0.789075791835785 1.20000004768372 11.4089450836182
  endloop
endfacet
facet normal -2.03672983875304e-031 1.0 -1.3938497597293e-031
  outer loop
    vertex 0.789075791835785 1.20000004768372 11.4089450836182
    vertex -0.976263582706451 1.20000004768372 11.3944540023804
    vertex -0.780495345592499 1.20000004768372 11.40953540802
  endloop
endfacet
facet normal -2.03672983875304e-031 1.0 -1.3938497597293e-031
  outer loop
    vertex 0.789075791835785 1.20000004768372 11.4089450836182
    vertex -0.780495345592499 1.20000004768372 11.40953540802
    vertex 0.593086361885071 1.20000004768372 11.4208106994629
  endloop
endfacet
facet normal -2.03672983875304e-031 1.0 -1.3938497597293e-031
  outer loop
    vertex 0.593086361885071 1.20000004768372 11.4208106994629
    vertex -0.780495345592499 1.20000004768372 11.40953540802
    vertex -0.584497034549713 1.20000004768372 11.4212532043457
  endloop
endfacet
facet normal -2.03672983875304e-031 1.0 -1.3938497597293e-031
  outer loop
    vertex 0.593086361885071 1.20000004768372 11.4208106994629
    vertex -0.584497034549713 1.20000004768372 11.4212532043457
    vertex 0.396922081708908 1.20000004768372 11.4293098449707
  endloop
endfacet
facet normal -2.03672983875304e-031 1.0 -1.3938497597293e-031
  outer loop
    vertex 0.396922081708908 1.20000004768372 11.4293098449707
    vertex -0.584497034549713 1.20000004768372 11.4212532043457
    vertex -0.388326406478882 1.20000004768372 11.4296054840088
  endloop
endfacet
facet normal -2.03672983875304e-031 1.0 -1.3938497597293e-031
  outer loop
    vertex 0.396922081708908 1.20000004768372 11.4293098449707
    vertex -0.388326406478882 1.20000004768372 11.4296054840088
    vertex 0.200640797615051 1.20000004768372 11.4344396591187
  endloop
endfacet
facet normal -2.03672983875304e-031 1.0 -1.3938497597293e-031
  outer loop
    vertex 0.200640797615051 1.20000004768372 11.4344396591187
    vertex -0.388326406478882 1.20000004768372 11.4296054840088
    vertex -0.192041322588921 1.20000004768372 11.4345874786377
  endloop
endfacet
facet normal -2.03672983875304e-031 1.0 -1.3938497597293e-031
  outer loop
    vertex 0.200640797615051 1.20000004768372 11.4344396591187
    vertex -0.192041322588921 1.20000004768372 11.4345874786377
    vertex 0.00430037081241608 1.20000004768372 11.4361991882324
  endloop
endfacet
facet normal -1.0 0.0 0.0
  outer loop
    vertex 22.3012008666992 0.0 -8.57250022888184
    vertex 22.3012008666992 -6.60879993438721 -10.2362003326416
    vertex 22.3012008666992 -6.60879993438721 -8.57250022888184
  endloop
endfacet
facet normal -1.0 0.0 0.0
  outer loop
    vertex 22.3012008666992 -6.60879993438721 -10.2362003326416
    vertex 22.3012008666992 0.0 -8.57250022888184
    vertex 22.3012008666992 0.0 -10.2362003326416
  endloop
endfacet
facet normal -0.179892750154614 0.0 -0.98368622966971
  outer loop
    vertex 22.3012008666992 0.0 -8.57250022888184
    vertex 3.20357489585876 -6.60879993438721 -5.07999992370605
    vertex 3.20357489585876 0.0 -5.07999992370605
  endloop
endfacet
facet normal -0.179892750154614 0.0 -0.98368622966971
  outer loop
    vertex 3.20357489585876 -6.60879993438721 -5.07999992370605
    vertex 22.3012008666992 0.0 -8.57250022888184
    vertex 22.3012008666992 -6.60879993438721 -8.57250022888184
  endloop
endfacet
facet normal 0.17989273725407 -1.22478007974664e-017 0.983686232028912
  outer loop
    vertex 23.50119972229 -6.90880012512207 -7.57205009460449
    vertex 4.40357494354248 1.20000004768372 -4.07955026626587
    vertex 4.40357494354248 -6.90880012512207 -4.07955026626587
  endloop
endfacet
facet normal 0.17989273725407 -1.22478007974664e-017 0.983686232028912
  outer loop
    vertex 4.40357494354248 1.20000004768372 -4.07955026626587
    vertex 23.50119972229 -6.90880012512207 -7.57205009460449
    vertex 23.50119972229 1.20000004768372 -7.57205009460449
  endloop
endfacet
facet normal 1.0 0.0 -0.0
  outer loop
    vertex 23.50119972229 1.20000004768372 -11.4362001419067
    vertex 23.50119972229 -6.90880012512207 -7.57205009460449
    vertex 23.50119972229 -6.90880012512207 -11.4362001419067
  endloop
endfacet
facet normal 1.0 0.0 -0.0
  outer loop
    vertex 23.50119972229 -6.90880012512207 -7.57205009460449
    vertex 23.50119972229 1.20000004768372 -11.4362001419067
    vertex 23.50119972229 1.20000004768372 -7.57205009460449
  endloop
endfacet
facet normal 0.0 0.0 -1.0
  outer loop
    vertex 23.50119972229 1.20000004768372 -11.4362001419067
    vertex 0.0 -6.90880012512207 -11.4362001419067
    vertex 0.0 1.20000004768372 -11.4362001419067
  endloop
endfacet
facet normal 0.0 0.0 -1.0
  outer loop
    vertex 0.0 -6.90880012512207 -11.4362001419067
    vertex 23.50119972229 1.20000004768372 -11.4362001419067
    vertex 23.50119972229 -6.90880012512207 -11.4362001419067
  endloop
endfacet
facet normal -0.00858727069137156 -2.03754427344129e-020 -0.99996312871129
  outer loop
    vertex 0.0 1.20000004768372 -11.4362001419067
    vertex -0.196341082453728 -6.90880012512207 -11.4345140457153
    vertex -0.196341082453728 1.20000004768372 -11.4345140457153
  endloop
endfacet
facet normal -0.00858727069137156 -2.03754427344129e-020 -0.99996312871129
  outer loop
    vertex -0.196341082453728 -6.90880012512207 -11.4345140457153
    vertex 0.0 1.20000004768372 -11.4362001419067
    vertex 0.0 -6.90880012512207 -11.4362001419067
  endloop
endfacet
facet normal -0.0257472439652249 6.5379873261327e-021 -0.999668484762921
  outer loop
    vertex -0.196341082453728 1.20000004768372 -11.4345140457153
    vertex -0.392624288797379 -6.90880012512207 -11.4294586181641
    vertex -0.392624288797379 1.20000004768372 -11.4294586181641
  endloop
endfacet
facet normal -0.0257472439652249 6.5379873261327e-021 -0.999668484762921
  outer loop
    vertex -0.392624288797379 -6.90880012512207 -11.4294586181641
    vertex -0.196341082453728 1.20000004768372 -11.4345140457153
    vertex -0.196341082453728 -6.90880012512207 -11.4345140457153
  endloop
endfacet
facet normal -0.0429120719378127 -2.19058288497742e-020 -0.999078852784906
  outer loop
    vertex -0.392624288797379 1.20000004768372 -11.4294586181641
    vertex -0.588791728019714 -6.90880012512207 -11.4210329055786
    vertex -0.588791728019714 1.20000004768372 -11.4210329055786
  endloop
endfacet
facet normal -0.0429120719378127 -2.19058288497742e-020 -0.999078852784906
  outer loop
    vertex -0.588791728019714 -6.90880012512207 -11.4210329055786
    vertex -0.392624288797379 1.20000004768372 -11.4294586181641
    vertex -0.392624288797379 -6.90880012512207 -11.4294586181641
  endloop
endfacet
facet normal -0.0600986389746951 -3.0251918765521e-014 -0.99819244316584
  outer loop
    vertex -0.588791728019714 1.20000004768372 -11.4210329055786
    vertex -0.784785628318787 -6.90880012512207 -11.4092407226563
    vertex -0.784785628318787 1.20000004768372 -11.4092407226563
  endloop
endfacet
facet normal -0.0600986389746951 -3.0251918765521e-014 -0.99819244316584
  outer loop
    vertex -0.784785628318787 -6.90880012512207 -11.4092407226563
    vertex -0.588791728019714 1.20000004768372 -11.4210329055786
    vertex -0.588791728019714 -6.90880012512207 -11.4210329055786
  endloop
endfacet
facet normal -0.0772371192312384 -3.98842634516675e-014 -0.997012751880767
  outer loop
    vertex -0.784785628318787 1.20000004768372 -11.4092407226563
    vertex -0.980548202991485 -6.90880012512207 -11.3940858840942
    vertex -0.980548202991485 1.20000004768372 -11.3940858840942
  endloop
endfacet
facet normal -0.0772371192312384 -3.98842634516675e-014 -0.997012751880767
  outer loop
    vertex -0.980548202991485 -6.90880012512207 -11.3940858840942
    vertex -0.784785628318787 1.20000004768372 -11.4092407226563
    vertex -0.784785628318787 -6.90880012512207 -11.4092407226563
  endloop
endfacet
facet normal -0.0943564714817573 -4.99716558701796e-014 -0.995538475544523
  outer loop
    vertex -0.980548202991485 1.20000004768372 -11.3940858840942
    vertex -1.17602169513702 -6.90880012512207 -11.3755722045898
    vertex -1.17602169513702 1.20000004768372 -11.3755722045898
  endloop
endfacet
facet normal -0.0943564714817573 -4.99716558701796e-014 -0.995538475544523
  outer loop
    vertex -1.17602169513702 -6.90880012512207 -11.3755722045898
    vertex -0.980548202991485 1.20000004768372 -11.3940858840942
    vertex -0.980548202991485 -6.90880012512207 -11.3940858840942
  endloop
endfacet
facet normal -0.111445198090919 -5.92158175400258e-014 -0.993770581081205
  outer loop
    vertex -1.17602169513702 1.20000004768372 -11.3755722045898
    vertex -1.37114858627319 -6.90880012512207 -11.353705406189
    vertex -1.37114858627319 1.20000004768372 -11.353705406189
  endloop
endfacet
facet normal -0.111445198090919 -5.92158175400258e-014 -0.993770581081205
  outer loop
    vertex -1.37114858627319 -6.90880012512207 -11.353705406189
    vertex -1.17602169513702 1.20000004768372 -11.3755722045898
    vertex -1.17602169513702 -6.90880012512207 -11.3755722045898
  endloop
endfacet
facet normal -0.128504736531479 -6.86617883614942e-014 -0.991708895134543
  outer loop
    vertex -1.37114858627319 1.20000004768372 -11.353705406189
    vertex -1.5658712387085 -6.90880012512207 -11.3284912109375
    vertex -1.5658712387085 1.20000004768372 -11.3284912109375
  endloop
endfacet
facet normal -0.128504736531479 -6.86617883614942e-014 -0.991708895134543
  outer loop
    vertex -1.5658712387085 -6.90880012512207 -11.3284912109375
    vertex -1.37114858627319 1.20000004768372 -11.353705406189
    vertex -1.37114858627319 -6.90880012512207 -11.353705406189
  endloop
endfacet
facet normal -0.145520204979574 -7.81102029649311e-014 -0.98935527993876
  outer loop
    vertex -1.5658712387085 1.20000004768372 -11.3284912109375
    vertex -1.76013243198395 -6.90880012512207 -11.2999382019043
    vertex -1.76013243198395 1.20000004768372 -11.2999382019043
  endloop
endfacet
facet normal -0.145520204979574 -7.81102029649311e-014 -0.98935527993876
  outer loop
    vertex -1.76013243198395 -6.90880012512207 -11.2999382019043
    vertex -1.5658712387085 1.20000004768372 -11.3284912109375
    vertex -1.5658712387085 -6.90880012512207 -11.3284912109375
  endloop
endfacet
facet normal -0.162496398950972 -8.74500395240786e-014 -0.98670913663955
  outer loop
    vertex -1.76013243198395 1.20000004768372 -11.2999382019043
    vertex -1.95387470722198 -6.90880012512207 -11.2680540084839
    vertex -1.95387470722198 1.20000004768372 -11.2680540084839
  endloop
endfacet
facet normal -0.162496398950972 -8.74500395240786e-014 -0.98670913663955
  outer loop
    vertex -1.95387470722198 -6.90880012512207 -11.2680540084839
    vertex -1.76013243198395 1.20000004768372 -11.2999382019043
    vertex -1.76013243198395 -6.90880012512207 -11.2999382019043
  endloop
endfacet
facet normal -0.179424813355335 -9.76057302549731e-014 -0.983771689139509
  outer loop
    vertex -1.95387470722198 1.20000004768372 -11.2680540084839
    vertex -2.14704084396362 -6.90880012512207 -11.2328481674194
    vertex -2.14704084396362 1.20000004768372 -11.2328481674194
  endloop
endfacet
facet normal -0.179424813355335 -9.76057302549731e-014 -0.983771689139509
  outer loop
    vertex -2.14704084396362 -6.90880012512207 -11.2328481674194
    vertex -1.95387470722198 1.20000004768372 -11.2680540084839
    vertex -1.95387470722198 -6.90880012512207 -11.2680540084839
  endloop
endfacet
facet normal -0.196481207938541 1.46141139071769e-014 -0.980507590448443
  outer loop
    vertex -2.33957433700562 1.20000004768372 -11.1943321228027
    vertex -2.33957433700562 -6.90880012512207 -11.1943321228027
    vertex -2.35082387924194 -2.85439991950989 -11.1919746398926
  endloop
endfacet
facet normal -0.196481207938541 1.46141139071769e-014 -0.980507590448443
  outer loop
    vertex -2.33957433700562 -6.90880012512207 -11.1943321228027
    vertex -2.33957433700562 1.20000004768372 -11.1943321228027
    vertex -2.14704084396362 1.20000004768372 -11.2328481674194
  endloop
endfacet
facet normal -0.196481207938541 1.46141139071769e-014 -0.980507590448443
  outer loop
    vertex -2.33957433700562 -6.90880012512207 -11.1943321228027
    vertex -2.14704084396362 1.20000004768372 -11.2328481674194
    vertex -2.14704084396362 -6.90880012512207 -11.2328481674194
  endloop
endfacet
facet normal -0.212972091399669 -2.28000022229698e-005 -0.977058282685844
  outer loop
    vertex -2.33957433700562 -6.90880012512207 -11.1943321228027
    vertex -2.53141808509827 -6.90880012512207 -11.152515411377
    vertex -2.35082387924194 -2.85439991950989 -11.1919746398926
  endloop
endfacet
facet normal -0.213453876550121 4.95144049776778e-006 -0.976953142459355
  outer loop
    vertex -2.53141808509827 1.20000004768372 -11.152515411377
    vertex -2.53141808509827 -6.90880012512207 -11.152515411377
    vertex -2.54355931282043 -2.85439991950989 -11.1497526168823
  endloop
endfacet
facet normal -0.213453876550121 4.95144049776778e-006 -0.976953142459355
  outer loop
    vertex -2.53141808509827 -6.90880012512207 -11.152515411377
    vertex -2.53141808509827 1.20000004768372 -11.152515411377
    vertex -2.33957433700562 1.20000004768372 -11.1943321228027
  endloop
endfacet
facet normal -0.213453876550121 4.95144049776778e-006 -0.976953142459355
  outer loop
    vertex -2.53141808509827 -6.90880012512207 -11.152515411377
    vertex -2.33957433700562 1.20000004768372 -11.1943321228027
    vertex -2.35082387924194 -2.85439991950989 -11.1919746398926
  endloop
endfacet
facet normal -0.229714457099276 -2.46900889341908e-005 -0.973258068340553
  outer loop
    vertex -2.53141808509827 -6.90880012512207 -11.152515411377
    vertex -2.72251558303833 -6.90880012512207 -11.1074113845825
    vertex -2.54355931282043 -2.85439991950989 -11.1497526168823
  endloop
endfacet
facet normal -0.23023646058617 5.39648210655358e-006 -0.973134714306108
  outer loop
    vertex -2.72251558303833 1.20000004768372 -11.1074113845825
    vertex -2.72251558303833 -6.90880012512207 -11.1074113845825
    vertex -2.7355375289917 -2.85439991950989 -11.1042108535767
  endloop
endfacet
facet normal -0.23023646058617 5.39648210655358e-006 -0.973134714306108
  outer loop
    vertex -2.72251558303833 -6.90880012512207 -11.1074113845825
    vertex -2.72251558303833 1.20000004768372 -11.1074113845825
    vertex -2.53141808509827 1.20000004768372 -11.152515411377
  endloop
endfacet
facet normal -0.23023646058617 5.39648210655358e-006 -0.973134714306108
  outer loop
    vertex -2.72251558303833 -6.90880012512207 -11.1074113845825
    vertex -2.53141808509827 1.20000004768372 -11.152515411377
    vertex -2.54355931282043 -2.85439991950989 -11.1497526168823
  endloop
endfacet
facet normal -0.246393056967426 -2.63068461864518e-005 -0.969169985495938
  outer loop
    vertex -2.72251558303833 -6.90880012512207 -11.1074113845825
    vertex -2.91281080245972 -6.90880012512207 -11.0590324401855
    vertex -2.7355375289917 -2.85439991950989 -11.1042108535767
  endloop
endfacet
facet normal -0.246949058649681 5.78625245734304e-006 -0.969028463151911
  outer loop
    vertex -2.91281080245972 1.20000004768372 -11.0590324401855
    vertex -2.91281080245972 -6.90880012512207 -11.0590324401855
    vertex -2.92670178413391 -2.85439991950989 -11.0553646087646
  endloop
endfacet
facet normal -0.246949058649681 5.78625245734304e-006 -0.969028463151911
  outer loop
    vertex -2.91281080245972 -6.90880012512207 -11.0590324401855
    vertex -2.91281080245972 1.20000004768372 -11.0590324401855
    vertex -2.72251558303833 1.20000004768372 -11.1074113845825
  endloop
endfacet
facet normal -0.246949058649681 5.78625245734304e-006 -0.969028463151911
  outer loop
    vertex -2.91281080245972 -6.90880012512207 -11.0590324401855
    vertex -2.72251558303833 1.20000004768372 -11.1074113845825
    vertex -2.7355375289917 -2.85439991950989 -11.1042108535767
  endloop
endfacet
facet normal -0.262990204551739 -2.82344716224747e-005 -0.964798503063022
  outer loop
    vertex -2.91281080245972 -6.90880012512207 -11.0590324401855
    vertex -3.10224723815918 -6.90880012512207 -11.0073947906494
    vertex -2.92670178413391 -2.85439991950989 -11.0553646087646
  endloop
endfacet
facet normal -0.263586947851622 6.25014253909157e-006 -0.964635641516113
  outer loop
    vertex -3.10224723815918 1.20000004768372 -11.0073947906494
    vertex -3.10224723815918 -6.90880012512207 -11.0073947906494
    vertex -3.11699461936951 -2.85439991950989 -11.0032272338867
  endloop
endfacet
facet normal -0.263586947851622 6.25014253909157e-006 -0.964635641516113
  outer loop
    vertex -3.10224723815918 -6.90880012512207 -11.0073947906494
    vertex -3.10224723815918 1.20000004768372 -11.0073947906494
    vertex -2.91281080245972 1.20000004768372 -11.0590324401855
  endloop
endfacet
facet normal -0.263586947851622 6.25014253909157e-006 -0.964635641516113
  outer loop
    vertex -3.10224723815918 -6.90880012512207 -11.0073947906494
    vertex -2.91281080245972 1.20000004768372 -11.0590324401855
    vertex -2.92670178413391 -2.85439991950989 -11.0553646087646
  endloop
endfacet
facet normal -0.279518673252927 -2.97773797349793e-005 -0.960140255596145
  outer loop
    vertex -3.10224723815918 -6.90880012512207 -11.0073947906494
    vertex -3.29076910018921 -6.90880012512207 -10.9525117874146
    vertex -3.11699461936951 -2.85439991950989 -11.0032272338867
  endloop
endfacet
facet normal -0.280149429265658 6.63744141377518e-006 -0.959956403821585
  outer loop
    vertex -3.29076910018921 1.20000004768372 -10.9525117874146
    vertex -3.29076910018921 -6.90880012512207 -10.9525117874146
    vertex -3.30635976791382 -2.85439991950989 -10.9478149414063
  endloop
endfacet
facet normal -0.280149429265658 6.63744141377518e-006 -0.959956403821585
  outer loop
    vertex -3.29076910018921 -6.90880012512207 -10.9525117874146
    vertex -3.29076910018921 1.20000004768372 -10.9525117874146
    vertex -3.10224723815918 1.20000004768372 -11.0073947906494
  endloop
endfacet
facet normal -0.280149429265658 6.63744141377518e-006 -0.959956403821585
  outer loop
    vertex -3.29076910018921 -6.90880012512207 -10.9525117874146
    vertex -3.10224723815918 1.20000004768372 -11.0073947906494
    vertex -3.11699461936951 -2.85439991950989 -11.0032272338867
  endloop
endfacet
facet normal -0.295964170081339 -3.15351771090557e-005 -0.955199041579082
  outer loop
    vertex -3.29076910018921 -6.90880012512207 -10.9525117874146
    vertex -3.47832107543945 -6.90880012512207 -10.8943996429443
    vertex -3.30635976791382 -2.85439991950989 -10.9478149414063
  endloop
endfacet
facet normal -0.296630137456642 7.07076378910081e-006 -0.954992440547284
  outer loop
    vertex -3.47832107543945 1.20000004768372 -10.8943996429443
    vertex -3.47832107543945 -6.90880012512207 -10.8943996429443
    vertex -3.4947407245636 -2.85439991950989 -10.8891439437866
  endloop
endfacet
facet normal -0.296630137456642 7.07076378910081e-006 -0.954992440547284
  outer loop
    vertex -3.47832107543945 -6.90880012512207 -10.8943996429443
    vertex -3.47832107543945 1.20000004768372 -10.8943996429443
    vertex -3.29076910018921 1.20000004768372 -10.9525117874146
  endloop
endfacet
facet normal -0.296630137456642 7.07076378910081e-006 -0.954992440547284
  outer loop
    vertex -3.47832107543945 -6.90880012512207 -10.8943996429443
    vertex -3.29076910018921 1.20000004768372 -10.9525117874146
    vertex -3.30635976791382 -2.85439991950989 -10.9478149414063
  endloop
endfacet
facet normal -0.3123138093208 -3.33660654648292e-005 -0.949978991027821
  outer loop
    vertex -3.47832107543945 -6.90880012512207 -10.8943996429443
    vertex -3.66484761238098 -6.90880012512207 -10.8330774307251
    vertex -3.4947407245636 -2.85439991950989 -10.8891439437866
  endloop
endfacet
facet normal -0.313367939297622 3.88952838952873e-013 -0.949631788968947
  outer loop
    vertex -3.66484761238098 1.20000004768372 -10.8330774307251
    vertex -3.66484761238098 -6.90880012512207 -10.8330774307251
    vertex -3.68208146095276 -2.85439991950989 -10.8272314071655
  endloop
endfacet
facet normal -0.313367939297622 3.88952838952873e-013 -0.949631788968947
  outer loop
    vertex -3.66484761238098 -6.90880012512207 -10.8330774307251
    vertex -3.66484761238098 1.20000004768372 -10.8330774307251
    vertex -3.4947407245636 -2.85439991950989 -10.8891439437866
  endloop
endfacet
facet normal -0.328579776967512 -3.48421179350199e-005 -0.944476219369237
  outer loop
    vertex -3.66484761238098 -6.90880012512207 -10.8330774307251
    vertex -3.8502938747406 -6.90880012512207 -10.7685613632202
    vertex -3.68208146095276 -2.85439991950989 -10.8272314071655
  endloop
endfacet
facet normal -0.329685896209676 4.09603646199716e-013 -0.944090678822973
  outer loop
    vertex -3.8502938747406 1.20000004768372 -10.7685613632202
    vertex -3.8502938747406 -6.90880012512207 -10.7685613632202
    vertex -3.86832618713379 -2.85439991950989 -10.7620964050293
  endloop
endfacet
facet normal -0.329685896209676 4.09603646199716e-013 -0.944090678822973
  outer loop
    vertex -3.8502938747406 -6.90880012512207 -10.7685613632202
    vertex -3.8502938747406 1.20000004768372 -10.7685613632202
    vertex -3.68208146095276 -2.85439991950989 -10.8272314071655
  endloop
endfacet
facet normal -0.344748857642077 -3.65024256141012e-005 -0.938694957812204
  outer loop
    vertex -3.8502938747406 -6.90880012512207 -10.7685613632202
    vertex -4.03460502624512 -6.90880012512207 -10.700870513916
    vertex -3.86832618713379 -2.85439991950989 -10.7620964050293
  endloop
endfacet
facet normal -0.345909384035901 4.28629217212641e-013 -0.938267924441576
  outer loop
    vertex -4.03460502624512 1.20000004768372 -10.700870513916
    vertex -4.03460502624512 -6.90880012512207 -10.700870513916
    vertex -4.05341958999634 -2.85439991950989 -10.6937580108643
  endloop
endfacet
facet normal -0.345909384035901 4.28629217212641e-013 -0.938267924441576
  outer loop
    vertex -4.03460502624512 -6.90880012512207 -10.700870513916
    vertex -4.03460502624512 1.20000004768372 -10.700870513916
    vertex -3.86832618713379 -2.85439991950989 -10.7620964050293
  endloop
endfacet
facet normal -0.360810960299421 -3.82555451642167e-005 -0.932638970590616
  outer loop
    vertex -4.03460502624512 -6.90880012512207 -10.700870513916
    vertex -4.21772718429565 -6.90880012512207 -10.6300258636475
    vertex -4.05341958999634 -2.85439991950989 -10.6937580108643
  endloop
endfacet
facet normal -0.362029648113655 4.49861325890425e-013 -0.932166580545936
  outer loop
    vertex -4.21772718429565 1.20000004768372 -10.6300258636475
    vertex -4.21772718429565 -6.90880012512207 -10.6300258636475
    vertex -4.23730659484863 -2.85439991950989 -10.6222362518311
  endloop
endfacet
facet normal -0.362029648113655 4.49861325890425e-013 -0.932166580545936
  outer loop
    vertex -4.21772718429565 -6.90880012512207 -10.6300258636475
    vertex -4.21772718429565 1.20000004768372 -10.6300258636475
    vertex -4.05341958999634 -2.85439991950989 -10.6937580108643
  endloop
endfacet
facet normal -0.376771569976845 -3.98084790358248e-005 -0.926306203408176
  outer loop
    vertex -4.21772718429565 -6.90880012512207 -10.6300258636475
    vertex -4.3996057510376 -6.90880012512207 -10.5560474395752
    vertex -4.23730659484863 -2.85439991950989 -10.6222362518311
  endloop
endfacet
facet normal -0.37804257405245 4.69597732560014e-013 -0.925788211311744
  outer loop
    vertex -4.3996057510376 1.20000004768372 -10.5560474395752
    vertex -4.3996057510376 -6.90880012512207 -10.5560474395752
    vertex -4.41993188858032 -2.85439991950989 -10.547553062439
  endloop
endfacet
facet normal -0.37804257405245 4.69597732560014e-013 -0.925788211311744
  outer loop
    vertex -4.3996057510376 -6.90880012512207 -10.5560474395752
    vertex -4.3996057510376 1.20000004768372 -10.5560474395752
    vertex -4.23730659484863 -2.85439991950989 -10.6222362518311
  endloop
endfacet
facet normal -0.392619309724624 -4.14725384051726e-005 -0.919701079651094
  outer loop
    vertex -4.3996057510376 -6.90880012512207 -10.5560474395752
    vertex -4.58018779754639 -6.90880012512207 -10.4789571762085
    vertex -4.41993188858032 -2.85439991950989 -10.547553062439
  endloop
endfacet
facet normal -0.393944441612543 4.89035619704688e-013 -0.919134254025266
  outer loop
    vertex -4.58018779754639 1.20000004768372 -10.4789571762085
    vertex -4.58018779754639 -6.90880012512207 -10.4789571762085
    vertex -4.60124158859253 -2.85439991950989 -10.4697303771973
  endloop
endfacet
facet normal -0.393944441612543 4.89035619704688e-013 -0.919134254025266
  outer loop
    vertex -4.58018779754639 -6.90880012512207 -10.4789571762085
    vertex -4.58018779754639 1.20000004768372 -10.4789571762085
    vertex -4.41993188858032 -2.85439991950989 -10.547553062439
  endloop
endfacet
facet normal -0.408347741215223 -4.31141130946159e-005 -0.91282644592803
  outer loop
    vertex -4.58018779754639 -6.90880012512207 -10.4789571762085
    vertex -4.75941944122314 -6.90880012512207 -10.3987789154053
    vertex -4.60124158859253 -2.85439991950989 -10.4697303771973
  endloop
endfacet
facet normal -0.409730312271323 5.13068968901127e-013 -0.912206704210205
  outer loop
    vertex -4.75941944122314 1.20000004768372 -10.3987789154053
    vertex -4.75941944122314 -6.90880012512207 -10.3987789154053
    vertex -4.78118181228638 -2.85439991950989 -10.3887901306152
  endloop
endfacet
facet normal -0.409730312271323 5.13068968901127e-013 -0.912206704210205
  outer loop
    vertex -4.75941944122314 -6.90880012512207 -10.3987789154053
    vertex -4.75941944122314 1.20000004768372 -10.3987789154053
    vertex -4.60124158859253 -2.85439991950989 -10.4697303771973
  endloop
endfacet
facet normal -0.423962314836959 -4.43430093869391e-005 -0.905679829537892
  outer loop
    vertex -4.75941944122314 -6.90880012512207 -10.3987789154053
    vertex -4.93724822998047 -6.90880012512207 -10.3155345916748
    vertex -4.78118181228638 -2.85439991950989 -10.3887901306152
  endloop
endfacet
facet normal -0.425388572783856 5.32030128035052e-013 -0.905010807750335
  outer loop
    vertex -4.93724822998047 1.20000004768372 -10.3155345916748
    vertex -4.93724822998047 -6.90880012512207 -10.3155345916748
    vertex -4.95969915390015 -2.85439991950989 -10.3047590255737
  endloop
endfacet
facet normal -0.425388572783856 5.32030128035052e-013 -0.905010807750335
  outer loop
    vertex -4.93724822998047 -6.90880012512207 -10.3155345916748
    vertex -4.93724822998047 1.20000004768372 -10.3155345916748
    vertex -4.78118181228638 -2.85439991950989 -10.3887901306152
  endloop
endfacet
facet normal -0.439446890447737 -4.60330295804908e-005 -0.898268572508676
  outer loop
    vertex -4.93724822998047 -6.90880012512207 -10.3155345916748
    vertex -5.11362171173096 -6.90880012512207 -10.2292499542236
    vertex -4.95969915390015 -2.85439991950989 -10.3047590255737
  endloop
endfacet
facet normal -0.440928195161709 5.53193902098724e-013 -0.897542381568379
  outer loop
    vertex -5.11362171173096 1.20000004768372 -10.2292499542236
    vertex -5.11362171173096 -6.90880012512207 -10.2292499542236
    vertex -5.13674020767212 -2.85439991950989 -10.2176599502563
  endloop
endfacet
facet normal -0.440928195161709 5.53193902098724e-013 -0.897542381568379
  outer loop
    vertex -5.11362171173096 -6.90880012512207 -10.2292499542236
    vertex -5.11362171173096 1.20000004768372 -10.2292499542236
    vertex -4.95969915390015 -2.85439991950989 -10.3047590255737
  endloop
endfacet
facet normal -0.454809369233027 -4.74991764016466e-005 -0.89058881387635
  outer loop
    vertex -5.11362171173096 -6.90880012512207 -10.2292499542236
    vertex -5.28848743438721 -6.90880012512207 -10.1399488449097
    vertex -5.13674020767212 -2.85439991950989 -10.2176599502563
  endloop
endfacet
facet normal -0.456337495486333 5.711272525207e-013 -0.889806771278608
  outer loop
    vertex -5.28848743438721 1.20000004768372 -10.1399488449097
    vertex -5.28848743438721 -6.90880012512207 -10.1399488449097
    vertex -5.31225204467773 -2.85439991950989 -10.1275196075439
  endloop
endfacet
facet normal -0.456337495486333 5.711272525207e-013 -0.889806771278608
  outer loop
    vertex -5.28848743438721 -6.90880012512207 -10.1399488449097
    vertex -5.28848743438721 1.20000004768372 -10.1399488449097
    vertex -5.13674020767212 -2.85439991950989 -10.2176599502563
  endloop
endfacet
facet normal -0.470026469416251 -4.9156640144329e-005 -0.882652318657646
  outer loop
    vertex -5.28848743438721 -6.90880012512207 -10.1399488449097
    vertex -5.46179485321045 -6.90880012512207 -10.0476598739624
    vertex -5.31225204467773 -2.85439991950989 -10.1275196075439
  endloop
endfacet
facet normal -0.471608766882253 5.93307080252179e-013 -0.881807899147995
  outer loop
    vertex -5.46179485321045 1.20000004768372 -10.0476598739624
    vertex -5.46179485321045 -6.90880012512207 -10.0476598739624
    vertex -5.48618221282959 -2.85439991950989 -10.0343647003174
  endloop
endfacet
facet normal -0.471608766882253 5.93307080252179e-013 -0.881807899147995
  outer loop
    vertex -5.46179485321045 -6.90880012512207 -10.0476598739624
    vertex -5.46179485321045 1.20000004768372 -10.0476598739624
    vertex -5.31225204467773 -2.85439991950989 -10.1275196075439
  endloop
endfacet
facet normal -0.485113742480382 -5.04796301084836e-005 -0.874451058841193
  outer loop
    vertex -5.46179485321045 -6.90880012512207 -10.0476598739624
    vertex -5.63349151611328 -6.90880012512207 -9.95240879058838
    vertex -5.48618221282959 -2.85439991950989 -10.0343647003174
  endloop
endfacet
facet normal -0.486740249718161 6.13006139724179e-013 -0.873546752786766
  outer loop
    vertex -5.63349151611328 1.20000004768372 -9.95240879058838
    vertex -5.63349151611328 -6.90880012512207 -9.95240879058838
    vertex -5.65848016738892 -2.85439991950989 -9.93822288513183
  endloop
endfacet
facet normal -0.486740249718161 6.13006139724179e-013 -0.873546752786766
  outer loop
    vertex -5.63349151611328 -6.90880012512207 -9.95240879058838
    vertex -5.63349151611328 1.20000004768372 -9.95240879058838
    vertex -5.48618221282959 -2.85439991950989 -10.0343647003174
  endloop
endfacet
facet normal -0.500052701260189 -5.19731027338428e-005 -0.86599497299995
  outer loop
    vertex -5.63349151611328 -6.90880012512207 -9.95240879058838
    vertex -5.80352830886841 -6.90880012512207 -9.85422420501709
    vertex -5.65848016738892 -2.85439991950989 -9.93822288513183
  endloop
endfacet
facet normal -0.501728237563737 6.34783821807378e-013 -0.86502530346296
  outer loop
    vertex -5.80352830886841 1.20000004768372 -9.85422420501709
    vertex -5.80352830886841 -6.90880012512207 -9.85422420501709
    vertex -5.82909345626831 -2.85439991950989 -9.8391227722168
  endloop
endfacet
facet normal -0.501728237563737 6.34783821807378e-013 -0.86502530346296
  outer loop
    vertex -5.80352830886841 -6.90880012512207 -9.85422420501709
    vertex -5.80352830886841 1.20000004768372 -9.85422420501709
    vertex -5.65848016738892 -2.85439991950989 -9.93822288513183
  endloop
endfacet
facet normal -0.514848562400977 -5.32768921572296e-005 -0.857281141140536
  outer loop
    vertex -5.80352830886841 -6.90880012512207 -9.85422420501709
    vertex -5.97185373306274 -6.90880012512207 -9.75313472747803
    vertex -5.82909345626831 -2.85439991950989 -9.8391227722168
  endloop
endfacet
facet normal -0.516567588299756 6.55662836326763e-013 -0.856246417054211
  outer loop
    vertex -5.97185373306274 1.20000004768372 -9.75313472747803
    vertex -5.97185373306274 -6.90880012512207 -9.75313472747803
    vertex -5.997971534729 -2.85439991950989 -9.73709392547607
  endloop
endfacet
facet normal -0.516567588299756 6.55662836326763e-013 -0.856246417054211
  outer loop
    vertex -5.97185373306274 -6.90880012512207 -9.75313472747803
    vertex -5.97185373306274 1.20000004768372 -9.75313472747803
    vertex -5.82909345626831 -2.85439991950989 -9.8391227722168
  endloop
endfacet
facet normal -0.529491309843985 -5.46296073806297e-005 -0.84831535988411
  outer loop
    vertex -5.97185373306274 -6.90880012512207 -9.75313472747803
    vertex -6.13841915130615 -6.90880012512207 -9.649169921875
    vertex -5.997971534729 -2.85439991950989 -9.73709392547607
  endloop
endfacet
facet normal -0.531251555847367 6.73864546483638e-013 -0.847214131379872
  outer loop
    vertex -6.13841915130615 1.20000004768372 -9.649169921875
    vertex -6.13841915130615 -6.90880012512207 -9.649169921875
    vertex -6.16506433486938 -2.85439991950989 -9.63216781616211
  endloop
endfacet
facet normal -0.531251555847367 6.73864546483638e-013 -0.847214131379872
  outer loop
    vertex -6.13841915130615 -6.90880012512207 -9.649169921875
    vertex -6.13841915130615 1.20000004768372 -9.649169921875
    vertex -5.997971534729 -2.85439991950989 -9.73709392547607
  endloop
endfacet
facet normal -0.543974971205765 -5.6191188300449e-005 -0.839101440556645
  outer loop
    vertex -6.13841915130615 -6.90880012512207 -9.649169921875
    vertex -6.30317544937134 -6.90880012512207 -9.54236125946045
    vertex -6.16506433486938 -2.85439991950989 -9.63216781616211
  endloop
endfacet
facet normal -0.545783796014892 6.96278989389279e-013 -0.837926039700148
  outer loop
    vertex -6.30317544937134 1.20000004768372 -9.54236125946045
    vertex -6.30317544937134 -6.90880012512207 -9.54236125946045
    vertex -6.330322265625 -2.85439991950989 -9.52437305450439
  endloop
endfacet
facet normal -0.545783796014892 6.96278989389279e-013 -0.837926039700148
  outer loop
    vertex -6.30317544937134 -6.90880012512207 -9.54236125946045
    vertex -6.30317544937134 1.20000004768372 -9.54236125946045
    vertex -6.16506433486938 -2.85439991950989 -9.63216781616211
  endloop
endfacet
facet normal -0.558304143873325 -5.73478747481325e-005 -0.829636353859385
  outer loop
    vertex -6.30317544937134 -6.90880012512207 -9.54236125946045
    vertex -6.46607303619385 -6.90880012512207 -9.4327392578125
    vertex -6.330322265625 -2.85439991950989 -9.52437305450439
  endloop
endfacet
facet normal -0.560147655475827 7.13733633623633e-013 -0.828392783687143
  outer loop
    vertex -6.46607303619385 1.20000004768372 -9.4327392578125
    vertex -6.46607303619385 -6.90880012512207 -9.4327392578125
    vertex -6.4936957359314 -2.85439991950989 -9.41374492645264
  endloop
endfacet
facet normal -0.560147655475827 7.13733633623633e-013 -0.828392783687143
  outer loop
    vertex -6.46607303619385 -6.90880012512207 -9.4327392578125
    vertex -6.46607303619385 1.20000004768372 -9.4327392578125
    vertex -6.330322265625 -2.85439991950989 -9.52437305450439
  endloop
endfacet
facet normal -0.572461982629321 -5.89234796535398e-005 -0.819931262345894
  outer loop
    vertex -6.46607303619385 -6.90880012512207 -9.4327392578125
    vertex -6.62706518173218 -6.90880012512207 -9.32033729553222
    vertex -6.4936957359314 -2.85439991950989 -9.41374492645264
  endloop
endfacet
facet normal -0.574352275583781 7.36022365195861e-013 -0.818608247901114
  outer loop
    vertex -6.62706518173218 1.20000004768372 -9.32033729553222
    vertex -6.62706518173218 -6.90880012512207 -9.32033729553222
    vertex -6.6551365852356 -2.85439991950989 -9.30031299591064
  endloop
endfacet
facet normal -0.574352275583781 7.36022365195861e-013 -0.818608247901114
  outer loop
    vertex -6.62706518173218 -6.90880012512207 -9.32033729553222
    vertex -6.62706518173218 1.20000004768372 -9.32033729553222
    vertex -6.4936957359314 -2.85439991950989 -9.41374492645264
  endloop
endfacet
facet normal -0.586459544052216 -6.00557310988229e-005 -0.809978517976481
  outer loop
    vertex -6.62706518173218 -6.90880012512207 -9.32033729553222
    vertex -6.78610324859619 -6.90880012512207 -9.20518684387207
    vertex -6.6551365852356 -2.85439991950989 -9.30031299591064
  endloop
endfacet
facet normal -0.588380811631258 7.52200887836888e-013 -0.808583960083393
  outer loop
    vertex -6.78610324859619 1.20000004768372 -9.20518684387207
    vertex -6.78610324859619 -6.90880012512207 -9.20518684387207
    vertex -6.81459617614746 -2.85439991950989 -9.18411445617676
  endloop
endfacet
facet normal -0.588380811631258 7.52200887836888e-013 -0.808583960083393
  outer loop
    vertex -6.78610324859619 -6.90880012512207 -9.20518684387207
    vertex -6.78610324859619 1.20000004768372 -9.20518684387207
    vertex -6.6551365852356 -2.85439991950989 -9.30031299591064
  endloop
endfacet
facet normal -0.600273901671532 -6.16567280725465e-005 -0.799794498087155
  outer loop
    vertex -6.78610324859619 -6.90880012512207 -9.20518684387207
    vertex -6.9431414604187 -6.90880012512207 -9.08732414245605
    vertex -6.81459617614746 -2.85439991950989 -9.18411445617676
  endloop
endfacet
facet normal -0.602240130056999 7.74397816313552e-013 -0.798314991559678
  outer loop
    vertex -6.9431414604187 1.20000004768372 -9.08732414245605
    vertex -6.9431414604187 -6.90880012512207 -9.08732414245605
    vertex -6.97202730178833 -2.85439991950989 -9.06518077850342
  endloop
endfacet
facet normal -0.602240130056999 7.74397816313552e-013 -0.798314991559678
  outer loop
    vertex -6.9431414604187 -6.90880012512207 -9.08732414245605
    vertex -6.9431414604187 1.20000004768372 -9.08732414245605
    vertex -6.81459617614746 -2.85439991950989 -9.18411445617676
  endloop
endfacet
facet normal -0.613918082761898 -6.27069188021576e-005 -0.789369738288591
  outer loop
    vertex -6.9431414604187 -6.90880012512207 -9.08732414245605
    vertex -7.09813261032104 -6.90880012512207 -8.96678256988525
    vertex -6.97202730178833 -2.85439991950989 -9.06518077850342
  endloop
endfacet
facet normal -0.615915654453686 7.95149165360981e-013 -0.787812101074163
  outer loop
    vertex -7.09813261032104 1.20000004768372 -8.96678256988525
    vertex -7.09813261032104 -6.90880012512207 -8.96678256988525
    vertex -7.1273832321167 -2.85439991950989 -8.94354915618896
  endloop
endfacet
facet normal -0.615915654453686 7.95149165360981e-013 -0.787812101074163
  outer loop
    vertex -7.09813261032104 -6.90880012512207 -8.96678256988525
    vertex -7.09813261032104 1.20000004768372 -8.96678256988525
    vertex -6.97202730178833 -2.85439991950989 -9.06518077850342
  endloop
endfacet
facet normal -0.627379896742923 -6.39016775526424e-005 -0.778713336908657
  outer loop
    vertex -7.09813261032104 -6.90880012512207 -8.96678256988525
    vertex -7.25103187561035 -6.90880012512207 -8.84359741210938
    vertex -7.1273832321167 -2.85439991950989 -8.94354915618896
  endloop
endfacet
facet normal -0.629409277149936 8.14604509231616e-013 -0.77707397449509
  outer loop
    vertex -7.25103187561035 1.20000004768372 -8.84359741210938
    vertex -7.25103187561035 -6.90880012512207 -8.84359741210938
    vertex -7.28061771392822 -2.85439991950989 -8.81925582885742
  endloop
endfacet
facet normal -0.629409277149936 8.14604509231616e-013 -0.77707397449509
  outer loop
    vertex -7.25103187561035 -6.90880012512207 -8.84359741210938
    vertex -7.25103187561035 1.20000004768372 -8.84359741210938
    vertex -7.1273832321167 -2.85439991950989 -8.94354915618896
  endloop
endfacet
facet normal -0.640658674077941 -6.51954178614429e-005 -0.767825799956118
  outer loop
    vertex -7.25103187561035 -6.90880012512207 -8.84359741210938
    vertex -7.40179347991943 -6.90880012512207 -8.71780490875244
    vertex -7.28061771392822 -2.85439991950989 -8.81925582885742
  endloop
endfacet
facet normal -0.642719508697701 8.32984164828743e-013 -0.766101581475581
  outer loop
    vertex -7.40179347991943 1.20000004768372 -8.71780490875244
    vertex -7.40179347991943 -6.90880012512207 -8.71780490875244
    vertex -7.43168497085571 -2.85439991950989 -8.69233703613281
  endloop
endfacet
facet normal -0.642719508697701 8.32984164828743e-013 -0.766101581475581
  outer loop
    vertex -7.40179347991943 -6.90880012512207 -8.71780490875244
    vertex -7.40179347991943 1.20000004768372 -8.71780490875244
    vertex -7.28061771392822 -2.85439991950989 -8.81925582885742
  endloop
endfacet
facet normal -0.653745177736555 -6.64716735246228e-005 -0.756714766717101
  outer loop
    vertex -7.40179347991943 -6.90880012512207 -8.71780490875244
    vertex -7.55037307739258 -6.90880012512207 -8.58944320678711
    vertex -7.43168497085571 -2.85439991950989 -8.69233703613281
  endloop
endfacet
facet normal -0.655836039226245 8.51663706466447e-013 -0.754903364446093
  outer loop
    vertex -7.55037307739258 1.20000004768372 -8.58944320678711
    vertex -7.55037307739258 -6.90880012512207 -8.58944320678711
    vertex -7.58054065704346 -2.85439991950989 -8.56283092498779
  endloop
endfacet
facet normal -0.655836039226245 8.51663706466447e-013 -0.754903364446093
  outer loop
    vertex -7.55037307739258 -6.90880012512207 -8.58944320678711
    vertex -7.55037307739258 1.20000004768372 -8.58944320678711
    vertex -7.43168497085571 -2.85439991950989 -8.69233703613281
  endloop
endfacet
facet normal -0.666641084198589 -6.7757362099029e-005 -0.745378870285085
  outer loop
    vertex -7.55037307739258 -6.90880012512207 -8.58944320678711
    vertex -7.69672679901123 -6.90880012512207 -8.45854949951172
    vertex -7.58054065704346 -2.85439991950989 -8.56283092498779
  endloop
endfacet
facet normal -0.668759532613214 8.69082164197801e-013 -0.743478774101155
  outer loop
    vertex -7.69672679901123 1.20000004768372 -8.45854949951172
    vertex -7.69672679901123 -6.90880012512207 -8.45854949951172
    vertex -7.72713947296142 -2.85439991950989 -8.43077659606934
  endloop
endfacet
facet normal -0.668759532613214 8.69082164197801e-013 -0.743478774101155
  outer loop
    vertex -7.69672679901123 -6.90880012512207 -8.45854949951172
    vertex -7.69672679901123 1.20000004768372 -8.45854949951172
    vertex -7.58054065704346 -2.85439991950989 -8.56283092498779
  endloop
endfacet
facet normal -0.679337274738017 -6.90556889613759e-005 -0.733826179951925
  outer loop
    vertex -7.69672679901123 -6.90880012512207 -8.45854949951172
    vertex -7.84081220626831 -6.90880012512207 -8.32516288757324
    vertex -7.72713947296142 -2.85439991950989 -8.43077659606934
  endloop
endfacet
facet normal -0.681485065574062 8.89782981871102e-013 -0.731832019933206
  outer loop
    vertex -7.84081220626831 1.20000004768372 -8.32516288757324
    vertex -7.84081220626831 -6.90880012512207 -8.32516288757324
    vertex -7.87143802642822 -2.85439991950989 -8.2962121963501
  endloop
endfacet
facet normal -0.681485065574062 8.89782981871102e-013 -0.731832019933206
  outer loop
    vertex -7.84081220626831 -6.90880012512207 -8.32516288757324
    vertex -7.84081220626831 1.20000004768372 -8.32516288757324
    vertex -7.72713947296142 -2.85439991950989 -8.43077659606934
  endloop
endfacet
facet normal -0.691837526878638 -7.00849117478489e-005 -0.72205320544303
  outer loop
    vertex -7.84081220626831 -6.90880012512207 -8.32516288757324
    vertex -7.98258638381958 -6.90880012512207 -8.18932151794434
    vertex -7.87143802642822 -2.85439991950989 -8.2962121963501
  endloop
endfacet
facet normal -0.69400646546734 9.08894475069782e-013 -0.719968767301422
  outer loop
    vertex -7.98258638381958 1.20000004768372 -8.18932151794434
    vertex -7.98258638381958 -6.90880012512207 -8.18932151794434
    vertex -8.01339340209961 -2.85439991950989 -8.15917873382568
  endloop
endfacet
facet normal -0.69400646546734 9.08894475069782e-013 -0.719968767301422
  outer loop
    vertex -7.98258638381958 -6.90880012512207 -8.18932151794434
    vertex -7.98258638381958 1.20000004768372 -8.18932151794434
    vertex -7.87143802642822 -2.85439991950989 -8.2962121963501
  endloop
endfacet
facet normal -0.704131673794983 -7.12135216635583e-005 -0.710069419766343
  outer loop
    vertex -7.98258638381958 -6.90880012512207 -8.18932151794434
    vertex -8.12200736999512 -6.90880012512207 -8.05106639862061
    vertex -8.01339340209961 -2.85439991950989 -8.15917873382568
  endloop
endfacet
facet normal -0.706321088742548 9.26950686753226e-013 -0.707891601587095
  outer loop
    vertex -8.12200736999512 1.20000004768372 -8.05106639862061
    vertex -8.12200736999512 -6.90880012512207 -8.05106639862061
    vertex -8.15296459197998 -2.85439991950989 -8.01971626281738
  endloop
endfacet
facet normal -0.706321088742548 9.26950686753226e-013 -0.707891601587095
  outer loop
    vertex -8.12200736999512 -6.90880012512207 -8.05106639862061
    vertex -8.12200736999512 1.20000004768372 -8.05106639862061
    vertex -8.01339340209961 -2.85439991950989 -8.15917873382568
  endloop
endfacet
facet normal -0.716218630370025 -7.242322160184e-005 -0.697875969113254
  outer loop
    vertex -8.15296459197998 -2.85439991950989 -8.01971626281738
    vertex -8.12200736999512 -6.90880012512207 -8.05106639862061
    vertex -8.25903415679931 -6.90880012512207 -7.9104380607605
  endloop
endfacet
facet normal -0.718435378307782 9.48704547814042e-013 -0.695593708421629
  outer loop
    vertex -8.29010772705078 -2.85439991950989 -7.87786626815796
    vertex -8.15296459197998 -2.85439991950989 -8.01971626281738
    vertex -8.25903415679931 -6.90880012512207 -7.9104380607605
  endloop
endfacet
facet normal -0.718435378307782 9.48704547814042e-013 -0.695593708421629
  outer loop
    vertex -8.15296459197998 -2.85439991950989 -8.01971626281738
    vertex -8.29010772705078 -2.85439991950989 -7.87786626815796
    vertex -8.25903415679931 1.20000004768372 -7.9104380607605
  endloop
endfacet
facet normal -0.728094748879878 -7.33289612477927e-005 -0.685476499434088
  outer loop
    vertex -8.29010772705078 -2.85439991950989 -7.87786626815796
    vertex -8.25903415679931 -6.90880012512207 -7.9104380607605
    vertex -8.39362621307373 -6.90880012512207 -7.76747798919678
  endloop
endfacet
facet normal -0.730323607174539 9.65752839670936e-013 -0.683101331285168
  outer loop
    vertex -8.42478466033936 -2.85439991950989 -7.73367214202881
    vertex -8.29010772705078 -2.85439991950989 -7.87786626815796
    vertex -8.39362621307373 -6.90880012512207 -7.76747798919678
  endloop
endfacet
facet normal -0.730323607174539 9.65752839670936e-013 -0.683101331285168
  outer loop
    vertex -8.29010772705078 -2.85439991950989 -7.87786626815796
    vertex -8.42478466033936 -2.85439991950989 -7.73367214202881
    vertex -8.39362621307373 1.20000004768372 -7.76747798919678
  endloop
endfacet
facet normal -0.739757629489948 -7.46455590372267e-005 -0.672873423490224
  outer loop
    vertex -8.42478466033936 -2.85439991950989 -7.73367214202881
    vertex -8.39362621307373 -6.90880012512207 -7.76747798919678
    vertex -8.52574348449707 -6.90880012512207 -7.62222814559936
  endloop
endfacet
facet normal -0.742004965001438 9.83508268867828e-013 -0.670394385353289
  outer loop
    vertex -8.55695247650146 -2.85439991950989 -7.5871753692627
    vertex -8.42478466033936 -2.85439991950989 -7.73367214202881
    vertex -8.52574348449707 -6.90880012512207 -7.62222814559936
  endloop
endfacet
facet normal -0.742004965001438 9.83508268867828e-013 -0.670394385353289
  outer loop
    vertex -8.42478466033936 -2.85439991950989 -7.73367214202881
    vertex -8.55695247650146 -2.85439991950989 -7.5871753692627
    vertex -8.52574348449707 1.20000004768372 -7.62222814559936
  endloop
endfacet
facet normal -0.751197773534599 -7.56183697775282e-005 -0.660077191939339
  outer loop
    vertex -8.55695247650146 -2.85439991950989 -7.5871753692627
    vertex -8.52574348449707 -6.90880012512207 -7.62222814559936
    vertex -8.655348777771 -6.90880012512207 -7.4747314453125
  endloop
endfacet
facet normal -0.753456851206696 1.00278929017535e-012 -0.657497356169355
  outer loop
    vertex -8.68657398223877 -2.85439991950989 -7.43842077255249
    vertex -8.55695247650146 -2.85439991950989 -7.5871753692627
    vertex -8.655348777771 -6.90880012512207 -7.4747314453125
  endloop
endfacet
facet normal -0.753456851206696 1.00278929017535e-012 -0.657497356169355
  outer loop
    vertex -8.55695247650146 -2.85439991950989 -7.5871753692627
    vertex -8.68657398223877 -2.85439991950989 -7.43842077255249
    vertex -8.655348777771 1.20000004768372 -7.4747314453125
  endloop
endfacet
facet normal -0.762421341296249 -7.66622461480666e-005 -0.647080901015421
  outer loop
    vertex -8.68657398223877 -2.85439991950989 -7.43842077255249
    vertex -8.655348777771 -6.90880012512207 -7.4747314453125
    vertex -8.78240203857422 -6.90880012512207 -7.32503128051758
  endloop
endfacet
facet normal -0.764689227953974 1.01954505811544e-012 -0.64439924321119
  outer loop
    vertex -8.8136100769043 -2.85439991950989 -7.28745174407959
    vertex -8.68657398223877 -2.85439991950989 -7.43842077255249
    vertex -8.78240203857422 -6.90880012512207 -7.32503128051758
  endloop
endfacet
facet normal -0.764689227953974 1.01954505811544e-012 -0.64439924321119
  outer loop
    vertex -8.68657398223877 -2.85439991950989 -7.43842077255249
    vertex -8.8136100769043 -2.85439991950989 -7.28745174407959
    vertex -8.78240203857422 1.20000004768372 -7.32503128051758
  endloop
endfacet
facet normal -0.773416656633827 -7.77485730943538e-005 -0.633897995892488
  outer loop
    vertex -8.8136100769043 -2.85439991950989 -7.28745174407959
    vertex -8.78240203857422 -6.90880012512207 -7.32503128051758
    vertex -8.90686702728271 -6.90880012512207 -7.17317199707031
  endloop
endfacet
facet normal -0.775695160431948 1.03971300895304e-012 -0.631107770576828
  outer loop
    vertex -8.93802165985107 -2.85439991950989 -7.13431358337402
    vertex -8.8136100769043 -2.85439991950989 -7.28745174407959
    vertex -8.90686702728271 -6.90880012512207 -7.17317199707031
  endloop
endfacet
facet normal -0.775695160431948 1.03971300895304e-012 -0.631107770576828
  outer loop
    vertex -8.8136100769043 -2.85439991950989 -7.28745174407959
    vertex -8.93802165985107 -2.85439991950989 -7.13431358337402
    vertex -8.90686702728271 1.20000004768372 -7.17317199707031
  endloop
endfacet
facet normal -0.784187527305905 -7.85565506132809e-005 -0.620523904331427
  outer loop
    vertex -8.93802165985107 -2.85439991950989 -7.13431358337402
    vertex -8.90686702728271 -6.90880012512207 -7.17317199707031
    vertex -9.02870559692383 -6.90880012512207 -7.01919841766357
  endloop
endfacet
facet normal -0.786467089934212 1.05686633004333e-012 -0.617632185406826
  outer loop
    vertex -9.05977344512939 -2.85439991950989 -6.97905206680298
    vertex -8.93802165985107 -2.85439991950989 -7.13431358337402
    vertex -9.02870559692383 -6.90880012512207 -7.01919841766357
  endloop
endfacet
facet normal -0.786467089934212 1.05686633004333e-012 -0.617632185406826
  outer loop
    vertex -8.93802165985107 -2.85439991950989 -7.13431358337402
    vertex -9.05977344512939 -2.85439991950989 -6.97905206680298
    vertex -9.02870559692383 1.20000004768372 -7.01919841766357
  endloop
endfacet
facet normal -0.794724403269386 -7.95996484139819e-005 -0.606970441217703
  outer loop
    vertex -9.05977344512939 -2.85439991950989 -6.97905206680298
    vertex -9.02870559692383 -6.90880012512207 -7.01919841766357
    vertex -9.14788341522217 -6.90880012512207 -6.86315536499023
  endloop
endfacet
facet normal -0.797006309633693 1.07325910845616e-012 -0.603970978114082
  outer loop
    vertex -9.17882919311523 -2.85439991950989 -6.82171297073364
    vertex -9.05977344512939 -2.85439991950989 -6.97905206680298
    vertex -9.14788341522217 -6.90880012512207 -6.86315536499023
  endloop
endfacet
facet normal -0.797006309633693 1.07325910845616e-012 -0.603970978114082
  outer loop
    vertex -9.05977344512939 -2.85439991950989 -6.97905206680298
    vertex -9.17882919311523 -2.85439991950989 -6.82171297073364
    vertex -9.14788341522217 1.20000004768372 -6.86315536499023
  endloop
endfacet
facet normal -0.805028365763607 -8.06767440909806e-005 -0.593236313628253
  outer loop
    vertex -9.17882919311523 -2.85439991950989 -6.82171297073364
    vertex -9.14788341522217 -6.90880012512207 -6.86315536499023
    vertex -9.26436424255371 -6.90880012512207 -6.7050895690918
  endloop
endfacet
facet normal -0.807311721243729 1.09049055915417e-012 -0.590125228017315
  outer loop
    vertex -9.29515171051025 -2.85439991950989 -6.66234350204468
    vertex -9.17882919311523 -2.85439991950989 -6.82171297073364
    vertex -9.26436424255371 -6.90880012512207 -6.7050895690918
  endloop
endfacet
facet normal -0.807311721243729 1.09049055915417e-012 -0.590125228017315
  outer loop
    vertex -9.17882919311523 -2.85439991950989 -6.82171297073364
    vertex -9.29515171051025 -2.85439991950989 -6.66234350204468
    vertex -9.26436424255371 1.20000004768372 -6.7050895690918
  endloop
endfacet
facet normal -0.815093341584114 -8.15401196084519e-005 -0.579329645242199
  outer loop
    vertex -9.29515171051025 -2.85439991950989 -6.66234350204468
    vertex -9.26436424255371 -6.90880012512207 -6.7050895690918
    vertex -9.37811470031738 -6.90880012512207 -6.54504728317261
  endloop
endfacet
facet normal -0.817372186667536 1.10752085714911e-012 -0.576109979485107
  outer loop
    vertex -9.4087085723877 -2.85439991950989 -6.50099086761475
    vertex -9.29515171051025 -2.85439991950989 -6.66234350204468
    vertex -9.37811470031738 -6.90880012512207 -6.54504728317261
  endloop
endfacet
facet normal -0.817372186667536 1.10752085714911e-012 -0.576109979485107
  outer loop
    vertex -9.29515171051025 -2.85439991950989 -6.66234350204468
    vertex -9.4087085723877 -2.85439991950989 -6.50099086761475
    vertex -9.37811470031738 1.20000004768372 -6.54504728317261
  endloop
endfacet
facet normal -0.824922199000091 -8.25866061186951e-005 -0.565246281523644
  outer loop
    vertex -9.4087085723877 -2.85439991950989 -6.50099086761475
    vertex -9.37811470031738 -6.90880012512207 -6.54504728317261
    vertex -9.48909950256348 -6.90880012512207 -6.38307571411133
  endloop
endfacet
facet normal -0.827195708717106 1.1227826693175e-012 -0.561913925330211
  outer loop
    vertex -9.51946353912354 -2.85439991950989 -6.33770322799683
    vertex -9.4087085723877 -2.85439991950989 -6.50099086761475
    vertex -9.48909950256348 -6.90880012512207 -6.38307571411133
  endloop
endfacet
facet normal -0.827195708717106 1.1227826693175e-012 -0.561913925330211
  outer loop
    vertex -9.4087085723877 -2.85439991950989 -6.50099086761475
    vertex -9.51946353912354 -2.85439991950989 -6.33770322799683
    vertex -9.48909950256348 1.20000004768372 -6.38307571411133
  endloop
endfacet
facet normal -0.834503500858323 -8.34983077344541e-005 -0.551002631648194
  outer loop
    vertex -9.51946353912354 -2.85439991950989 -6.33770322799683
    vertex -9.48909950256348 -6.90880012512207 -6.38307571411133
    vertex -9.59728813171387 -6.90880012512207 -6.21922206878662
  endloop
endfacet
facet normal -0.836767750001519 1.13875185144422e-012 -0.547557971869093
  outer loop
    vertex -9.62738609313965 -2.85439991950989 -6.1725287437439
    vertex -9.51946353912354 -2.85439991950989 -6.33770322799683
    vertex -9.59728813171387 -6.90880012512207 -6.21922206878662
  endloop
endfacet
facet normal -0.836767750001519 1.13875185144422e-012 -0.547557971869093
  outer loop
    vertex -9.51946353912354 -2.85439991950989 -6.33770322799683
    vertex -9.62738609313965 -2.85439991950989 -6.1725287437439
    vertex -9.59728813171387 1.20000004768372 -6.21922206878662
  endloop
endfacet
facet normal -0.843838835120688 -8.44378427494316e-005 -0.536596695118794
  outer loop
    vertex -9.62738609313965 -2.85439991950989 -6.1725287437439
    vertex -9.59728813171387 -6.90880012512207 -6.21922206878662
    vertex -9.7026481628418 -6.90880012512207 -6.05353546142578
  endloop
endfacet
facet normal -0.846093810762761 1.15709351238659e-012 -0.533034017102988
  outer loop
    vertex -9.73244190216064 -2.85439991950989 -6.00551748275757
    vertex -9.62738609313965 -2.85439991950989 -6.1725287437439
    vertex -9.7026481628418 -6.90880012512207 -6.05353546142578
  endloop
endfacet
facet normal -0.846093810762761 1.15709351238659e-012 -0.533034017102988
  outer loop
    vertex -9.62738609313965 -2.85439991950989 -6.1725287437439
    vertex -9.73244190216064 -2.85439991950989 -6.00551748275757
    vertex -9.7026481628418 1.20000004768372 -6.05353546142578
  endloop
endfacet
facet normal -0.852928892701166 -8.5155571995192e-005 -0.52202710345737
  outer loop
    vertex -9.73244190216064 -2.85439991950989 -6.00551748275757
    vertex -9.7026481628418 -6.90880012512207 -6.05353546142578
    vertex -9.80514717102051 -6.90880012512207 -5.88606452941894
  endloop
endfacet
facet normal -0.855166566645149 1.17283146791772e-012 -0.51835329968309
  outer loop
    vertex -9.83460140228271 -2.85439991950989 -5.83671808242798
    vertex -9.73244190216064 -2.85439991950989 -6.00551748275757
    vertex -9.80514717102051 -6.90880012512207 -5.88606452941894
  endloop
endfacet
facet normal -0.855166566645149 1.17283146791772e-012 -0.51835329968309
  outer loop
    vertex -9.73244190216064 -2.85439991950989 -6.00551748275757
    vertex -9.83460140228271 -2.85439991950989 -5.83671808242798
    vertex -9.80514717102051 1.20000004768372 -5.88606452941894
  endloop
endfacet
facet normal -0.861764229295734 -8.60070481511232e-005 -0.507308984455348
  outer loop
    vertex -9.83460140228271 -2.85439991950989 -5.83671808242798
    vertex -9.80514717102051 -6.90880012512207 -5.88606452941894
    vertex -9.90475654602051 -6.90880012512207 -5.71685838699341
  endloop
endfacet
facet normal -0.863983593575452 1.18785157660709e-012 -0.503519959914647
  outer loop
    vertex -9.93383407592773 -2.85439991950989 -5.66618204116821
    vertex -9.83460140228271 -2.85439991950989 -5.83671808242798
    vertex -9.90475654602051 -6.90880012512207 -5.71685838699341
  endloop
endfacet
facet normal -0.863983593575452 1.18785157660709e-012 -0.503519959914647
  outer loop
    vertex -9.83460140228271 -2.85439991950989 -5.83671808242798
    vertex -9.93383407592773 -2.85439991950989 -5.66618204116821
    vertex -9.90475654602051 1.20000004768372 -5.71685838699341
  endloop
endfacet
facet normal -0.870347862509935 -8.69766477238464e-005 -0.492437397705992
  outer loop
    vertex -9.93383407592773 -2.85439991950989 -5.66618204116821
    vertex -9.90475654602051 -6.90880012512207 -5.71685838699341
    vertex -10.0014457702637 -6.90880012512207 -5.54596710205078
  endloop
endfacet
facet normal -0.872547350676876 1.20200712834453e-012 -0.488529549594254
  outer loop
    vertex -10.0301094055176 -2.85439991950989 -5.49395895004272
    vertex -9.93383407592773 -2.85439991950989 -5.66618204116821
    vertex -10.0014457702637 -6.90880012512207 -5.54596710205078
  endloop
endfacet
facet normal -0.872547350676876 1.20200712834453e-012 -0.488529549594254
  outer loop
    vertex -9.93383407592773 -2.85439991950989 -5.66618204116821
    vertex -10.0301094055176 -2.85439991950989 -5.49395895004272
    vertex -10.0014457702637 1.20000004768372 -5.54596710205078
  endloop
endfacet
facet normal -0.878672899456771 -8.78072648097829e-005 -0.477424264203355
  outer loop
    vertex -10.0301094055176 -2.85439991950989 -5.49395895004272
    vertex -10.0014457702637 -6.90880012512207 -5.54596710205078
    vertex -10.0951871871948 -6.90880012512207 -5.37344121932983
  endloop
endfacet
facet normal -0.880850109847878 1.21905385064236e-012 -0.473395272453139
  outer loop
    vertex -10.1233987808228 -2.85439991950989 -5.3201003074646
    vertex -10.0301094055176 -2.85439991950989 -5.49395895004272
    vertex -10.0951871871948 -6.90880012512207 -5.37344121932983
  endloop
endfacet
facet normal -0.880850109847878 1.21905385064236e-012 -0.473395272453139
  outer loop
    vertex -10.0301094055176 -2.85439991950989 -5.49395895004272
    vertex -10.1233987808228 -2.85439991950989 -5.3201003074646
    vertex -10.0951871871948 1.20000004768372 -5.37344121932983
  endloop
endfacet
facet normal -0.886741372557879 -8.84728812735155e-005 -0.46226586545701
  outer loop
    vertex -10.1233987808228 -2.85439991950989 -5.3201003074646
    vertex -10.0951871871948 -6.90880012512207 -5.37344121932983
    vertex -10.1859521865845 -6.90880012512207 -5.19933128356934
  endloop
endfacet
facet normal -0.88888852826906 1.23246832884222e-012 -0.45812354699542
  outer loop
    vertex -10.2136754989624 -2.85439991950989 -5.14465856552124
    vertex -10.1233987808228 -2.85439991950989 -5.3201003074646
    vertex -10.1859521865845 -6.90880012512207 -5.19933128356934
  endloop
endfacet
facet normal -0.88888852826906 1.23246832884222e-012 -0.45812354699542
  outer loop
    vertex -10.1233987808228 -2.85439991950989 -5.3201003074646
    vertex -10.2136754989624 -2.85439991950989 -5.14465856552124
    vertex -10.1859521865845 1.20000004768372 -5.19933128356934
  endloop
endfacet
facet normal -0.894546638859817 -8.94038583959989e-005 -0.446974611036862
  outer loop
    vertex -10.2136754989624 -2.85439991950989 -5.14465856552124
    vertex -10.1859521865845 -6.90880012512207 -5.19933128356934
    vertex -10.2737150192261 -6.90880012512207 -5.02368831634521
  endloop
endfacet
facet normal -0.896666129206552 1.24787317850526e-012 -0.442707412106166
  outer loop
    vertex -10.300910949707 -2.85439991950989 -4.96768522262573
    vertex -10.2136754989624 -2.85439991950989 -5.14465856552124
    vertex -10.2737150192261 -6.90880012512207 -5.02368831634521
  endloop
endfacet
facet normal -0.896666129206552 1.24787317850526e-012 -0.442707412106166
  outer loop
    vertex -10.2136754989624 -2.85439991950989 -5.14465856552124
    vertex -10.300910949707 -2.85439991950989 -4.96768522262573
    vertex -10.2737150192261 1.20000004768372 -5.02368831634521
  endloop
endfacet
facet normal -0.902086867444468 -8.99529696199121e-005 -0.431554487281374
  outer loop
    vertex -10.300910949707 -2.85439991950989 -4.96768522262573
    vertex -10.2737150192261 -6.90880012512207 -5.02368831634521
    vertex -10.3584499359131 -6.90880012512207 -4.84656524658203
  endloop
endfacet
facet normal -0.904171890760254 1.26473511644752e-012 -0.427168809674849
  outer loop
    vertex -10.3850812911987 -2.85439991950989 -4.78923320770264
    vertex -10.300910949707 -2.85439991950989 -4.96768522262573
    vertex -10.3584499359131 -6.90880012512207 -4.84656524658203
  endloop
endfacet
facet normal -0.904171890760254 1.26473511644752e-012 -0.427168809674849
  outer loop
    vertex -10.300910949707 -2.85439991950989 -4.96768522262573
    vertex -10.3850812911987 -2.85439991950989 -4.78923320770264
    vertex -10.3584499359131 1.20000004768372 -4.84656524658203
  endloop
endfacet
facet normal -0.909366136304059 -9.0695516717243e-005 -0.415996660945435
  outer loop
    vertex -10.3850812911987 -2.85439991950989 -4.78923320770264
    vertex -10.3584499359131 -6.90880012512207 -4.84656524658203
    vertex -10.4401302337646 -6.90880012512207 -4.66801261901855
  endloop
endfacet
facet normal -0.91141250803836 1.27624294571902e-012 -0.411493912702517
  outer loop
    vertex -10.4661598205566 -2.85439991950989 -4.60935592651367
    vertex -10.3850812911987 -2.85439991950989 -4.78923320770264
    vertex -10.4401302337646 -6.90880012512207 -4.66801261901855
  endloop
endfacet
facet normal -0.91141250803836 1.27624294571902e-012 -0.411493912702517
  outer loop
    vertex -10.3850812911987 -2.85439991950989 -4.78923320770264
    vertex -10.4661598205566 -2.85439991950989 -4.60935592651367
    vertex -10.4401302337646 1.20000004768372 -4.66801261901855
  endloop
endfacet
facet normal -0.916371674912817 -9.14629984058672e-005 -0.400328546386588
  outer loop
    vertex -10.4661598205566 -2.85439991950989 -4.60935592651367
    vertex -10.4401302337646 -6.90880012512207 -4.66801261901855
    vertex -10.5187339782715 -6.90880012512207 -4.48808479309082
  endloop
endfacet
facet normal -0.918379160617063 1.29097985113295e-012 -0.395701550848993
  outer loop
    vertex -10.5441236495972 -2.85439991950989 -4.4281063079834
    vertex -10.4661598205566 -2.85439991950989 -4.60935592651367
    vertex -10.5187339782715 -6.90880012512207 -4.48808479309082
  endloop
endfacet
facet normal -0.918379160617063 1.29097985113295e-012 -0.395701550848993
  outer loop
    vertex -10.4661598205566 -2.85439991950989 -4.60935592651367
    vertex -10.5441236495972 -2.85439991950989 -4.4281063079834
    vertex -10.5187339782715 1.20000004768372 -4.48808479309082
  endloop
endfacet
facet normal -0.923109679278629 -9.21269846328657e-005 -0.384536749264262
  outer loop
    vertex -10.5441236495972 -2.85439991950989 -4.4281063079834
    vertex -10.5187339782715 -6.90880012512207 -4.48808479309082
    vertex -10.5942373275757 -6.90880012512207 -4.30683326721191
  endloop
endfacet
facet normal -0.925073317843124 1.30469249771493e-012 -0.379788568304412
  outer loop
    vertex -10.6189489364624 -2.85439991950989 -4.24553871154785
    vertex -10.5441236495972 -2.85439991950989 -4.4281063079834
    vertex -10.5942373275757 -6.90880012512207 -4.30683326721191
  endloop
endfacet
facet normal -0.925073317843124 1.30469249771493e-012 -0.379788568304412
  outer loop
    vertex -10.5441236495972 -2.85439991950989 -4.4281063079834
    vertex -10.6189489364624 -2.85439991950989 -4.24553871154785
    vertex -10.5942373275757 1.20000004768372 -4.30683326721191
  endloop
endfacet
facet normal -0.929577311050245 -9.28646312046851e-005 -0.368627202138905
  outer loop
    vertex -10.6189489364624 -2.85439991950989 -4.24553871154785
    vertex -10.5942373275757 -6.90880012512207 -4.30683326721191
    vertex -10.6666164398193 -6.90880012512207 -4.12431287765503
  endloop
endfacet
facet normal -0.931493359644757 1.31594757574248e-012 -0.363758327654121
  outer loop
    vertex -10.6906127929688 -2.85439991950989 -4.06170749664307
    vertex -10.6189489364624 -2.85439991950989 -4.24553871154785
    vertex -10.6666164398193 -6.90880012512207 -4.12431287765503
  endloop
endfacet
facet normal -0.931493359644757 1.31594757574248e-012 -0.363758327654121
  outer loop
    vertex -10.6189489364624 -2.85439991950989 -4.24553871154785
    vertex -10.6906127929688 -2.85439991950989 -4.06170749664307
    vertex -10.6666164398193 1.20000004768372 -4.12431287765503
  endloop
endfacet
facet normal -0.935767740852761 -9.35510793237367e-005 -0.352616968433902
  outer loop
    vertex -10.6906127929688 -2.85439991950989 -4.06170749664307
    vertex -10.6666164398193 -6.90880012512207 -4.12431287765503
    vertex -10.7358522415161 -6.90880012512207 -3.94057631492615
  endloop
endfacet
facet normal -0.937633483853936 1.32853735110398e-012 -0.347625444920149
  outer loop
    vertex -10.7590951919556 -2.85439991950989 -3.87666726112366
    vertex -10.6906127929688 -2.85439991950989 -4.06170749664307
    vertex -10.7358522415161 -6.90880012512207 -3.94057631492615
  endloop
endfacet
facet normal -0.937633483853936 1.32853735110398e-012 -0.347625444920149
  outer loop
    vertex -10.6906127929688 -2.85439991950989 -4.06170749664307
    vertex -10.7590951919556 -2.85439991950989 -3.87666726112366
    vertex -10.7358522415161 1.20000004768372 -3.94057631492615
  endloop
endfacet
facet normal -0.941682937998371 -9.42185424044083e-005 -0.336501464195362
  outer loop
    vertex -10.7590951919556 -2.85439991950989 -3.87666726112366
    vertex -10.7358522415161 -6.90880012512207 -3.94057631492615
    vertex -10.8019237518311 -6.90880012512207 -3.75567841529846
  endloop
endfacet
facet normal -0.9434964608167 1.3434166955229e-012 -0.331382601272852
  outer loop
    vertex -10.8243741989136 -2.85439991950989 -3.6904730796814
    vertex -10.7590951919556 -2.85439991950989 -3.87666726112366
    vertex -10.8019237518311 -6.90880012512207 -3.75567841529846
  endloop
endfacet
facet normal -0.9434964608167 1.3434166955229e-012 -0.331382601272852
  outer loop
    vertex -10.7590951919556 -2.85439991950989 -3.87666726112366
    vertex -10.8243741989136 -2.85439991950989 -3.6904730796814
    vertex -10.8019237518311 1.20000004768372 -3.75567841529846
  endloop
endfacet
facet normal -0.947323153382596 -9.46893847386116e-005 -0.320279306386122
  outer loop
    vertex -10.8243741989136 -2.85439991950989 -3.6904730796814
    vertex -10.8019237518311 -6.90880012512207 -3.75567841529846
    vertex -10.8648099899292 -6.90880012512207 -3.56967329978943
  endloop
endfacet
facet normal -0.949076810080013 1.35423089379038e-012 -0.31504477232347
  outer loop
    vertex -10.8864316940308 -2.85439991950989 -3.50318026542664
    vertex -10.8243741989136 -2.85439991950989 -3.6904730796814
    vertex -10.8648099899292 -6.90880012512207 -3.56967329978943
  endloop
endfacet
facet normal -0.949076810080013 1.35423089379038e-012 -0.31504477232347
  outer loop
    vertex -10.8243741989136 -2.85439991950989 -3.6904730796814
    vertex -10.8864316940308 -2.85439991950989 -3.50318026542664
    vertex -10.8648099899292 1.20000004768372 -3.56967329978943
  endloop
endfacet
facet normal -0.952680516487981 -9.53193718606046e-005 -0.303973394260767
  outer loop
    vertex -10.8864316940308 -2.85439991950989 -3.50318026542664
    vertex -10.8648099899292 -6.90880012512207 -3.56967329978943
    vertex -10.9244947433472 -6.90880012512207 -3.38261580467224
  endloop
endfacet
facet normal -0.954374710611008 1.36826397328913e-012 -0.298611640339347
  outer loop
    vertex -10.9452486038208 -2.85439991950989 -3.31484484672546
    vertex -10.8864316940308 -2.85439991950989 -3.50318026542664
    vertex -10.9244947433472 -6.90880012512207 -3.38261580467224
  endloop
endfacet
facet normal -0.954374710611008 1.36826397328913e-012 -0.298611640339347
  outer loop
    vertex -10.8864316940308 -2.85439991950989 -3.50318026542664
    vertex -10.9452486038208 -2.85439991950989 -3.31484484672546
    vertex -10.9244947433472 1.20000004768372 -3.38261580467224
  endloop
endfacet
facet normal -0.957760451426775 -9.58268770907033e-005 -0.287567224314576
  outer loop
    vertex -10.9452486038208 -2.85439991950989 -3.31484484672546
    vertex -10.9244947433472 -6.90880012512207 -3.38261580467224
    vertex -10.9809579849243 -6.90880012512207 -3.19456148147583
  endloop
endfacet
facet normal -0.95938832222994 1.37792069291301e-012 -0.282088722158156
  outer loop
    vertex -11.000807762146 -2.85439991950989 -3.12552261352539
    vertex -10.9452486038208 -2.85439991950989 -3.31484484672546
    vertex -10.9809579849243 -6.90880012512207 -3.19456148147583
  endloop
endfacet
facet normal -0.95938832222994 1.37792069291301e-012 -0.282088722158156
  outer loop
    vertex -10.9452486038208 -2.85439991950989 -3.31484484672546
    vertex -11.000807762146 -2.85439991950989 -3.12552261352539
    vertex -10.9809579849243 1.20000004768372 -3.19456148147583
  endloop
endfacet
facet normal -0.962555022292756 -9.64400812564263e-005 -0.271086369554617
  outer loop
    vertex -11.000807762146 -2.85439991950989 -3.12552261352539
    vertex -10.9809579849243 -6.90880012512207 -3.19456148147583
    vertex -11.0341854095459 -6.90880012512207 -3.00556516647339
  endloop
endfacet
facet normal -0.964115243820535 1.38914924587594e-012 -0.26548407981058
  outer loop
    vertex -11.053092956543 -2.85439991950989 -2.93527030944824
    vertex -11.000807762146 -2.85439991950989 -3.12552261352539
    vertex -11.0341854095459 -6.90880012512207 -3.00556516647339
  endloop
endfacet
facet normal -0.964115243820535 1.38914924587594e-012 -0.26548407981058
  outer loop
    vertex -11.000807762146 -2.85439991950989 -3.12552261352539
    vertex -11.053092956543 -2.85439991950989 -2.93527030944824
    vertex -11.0341854095459 1.20000004768372 -3.00556516647339
  endloop
endfacet
facet normal -0.967067658867446 -9.70479341268881e-005 -0.254519417244216
  outer loop
    vertex -11.053092956543 -2.85439991950989 -2.93527030944824
    vertex -11.0341854095459 -6.90880012512207 -3.00556516647339
    vertex -11.0841598510742 -6.90880012512207 -2.81568312644958
  endloop
endfacet
facet normal -0.968556999022955 1.40075914700911e-012 -0.248791759597555
  outer loop
    vertex -11.102087020874 -2.85439991950989 -2.74414396286011
    vertex -11.053092956543 -2.85439991950989 -2.93527030944824
    vertex -11.0841598510742 -6.90880012512207 -2.81568312644958
  endloop
endfacet
facet normal -0.968556999022955 1.40075914700911e-012 -0.248791759597555
  outer loop
    vertex -11.053092956543 -2.85439991950989 -2.93527030944824
    vertex -11.102087020874 -2.85439991950989 -2.74414396286011
    vertex -11.0841598510742 1.20000004768372 -2.81568312644958
  endloop
endfacet
facet normal -0.971294810695012 -9.74023053864933e-005 -0.237878921364906
  outer loop
    vertex -11.102087020874 -2.85439991950989 -2.74414396286011
    vertex -11.0841598510742 -6.90880012512207 -2.81568312644958
    vertex -11.1308670043945 -6.90880012512207 -2.62497091293335
  endloop
endfacet
facet normal -0.972707290341071 1.41104325294748e-012 -0.232035616484475
  outer loop
    vertex -11.147777557373 -2.85439991950989 -2.55220103263855
    vertex -11.102087020874 -2.85439991950989 -2.74414396286011
    vertex -11.1308670043945 -6.90880012512207 -2.62497091293335
  endloop
endfacet
facet normal -0.972707290341071 1.41104325294748e-012 -0.232035616484475
  outer loop
    vertex -11.102087020874 -2.85439991950989 -2.74414396286011
    vertex -11.147777557373 -2.85439991950989 -2.55220103263855
    vertex -11.1308670043945 1.20000004768372 -2.62497091293335
  endloop
endfacet
facet normal -0.975236160156751 -9.80553582405674e-005 -0.22116605143616
  outer loop
    vertex -11.147777557373 -2.85439991950989 -2.55220103263855
    vertex -11.1308670043945 -6.90880012512207 -2.62497091293335
    vertex -11.1742925643921 -6.90880012512207 -2.43348503112793
  endloop
endfacet
facet normal -0.976569742074303 1.41903984721978e-012 -0.215201159069668
  outer loop
    vertex -11.190149307251 -2.85439991950989 -2.35949850082397
    vertex -11.147777557373 -2.85439991950989 -2.55220103263855
    vertex -11.1742925643921 -6.90880012512207 -2.43348503112793
  endloop
endfacet
facet normal -0.976569742074303 1.41903984721978e-012 -0.215201159069668
  outer loop
    vertex -11.147777557373 -2.85439991950989 -2.55220103263855
    vertex -11.190149307251 -2.85439991950989 -2.35949850082397
    vertex -11.1742925643921 1.20000004768372 -2.43348503112793
  endloop
endfacet
facet normal -0.978888569303662 -9.85437641184969e-005 -0.204394616308149
  outer loop
    vertex -11.190149307251 -2.85439991950989 -2.35949850082397
    vertex -11.1742925643921 -6.90880012512207 -2.43348503112793
    vertex -11.2144250869751 -6.90880012512207 -2.24128198623657
  endloop
endfacet
facet normal -0.980140514100387 1.43136016311991e-012 -0.19830424256437
  outer loop
    vertex -11.2291898727417 -2.85439991950989 -2.16609334945679
    vertex -11.190149307251 -2.85439991950989 -2.35949850082397
    vertex -11.2144250869751 -6.90880012512207 -2.24128198623657
  endloop
endfacet
facet normal -0.980140514100387 1.43136016311991e-012 -0.19830424256437
  outer loop
    vertex -11.190149307251 -2.85439991950989 -2.35949850082397
    vertex -11.2291898727417 -2.85439991950989 -2.16609334945679
    vertex -11.2144250869751 1.20000004768372 -2.24128198623657
  endloop
endfacet
facet normal -0.982254074400605 -9.88449732393763e-005 -0.187555121372578
  outer loop
    vertex -11.2291898727417 -2.85439991950989 -2.16609334945679
    vertex -11.2144250869751 -6.90880012512207 -2.24128198623657
    vertex -11.2512512207031 -6.90880012512207 -2.04841804504395
  endloop
endfacet
facet normal -0.983418117737971 1.43968910955889e-012 -0.181352710772977
  outer loop
    vertex -11.2648887634277 -2.85439991950989 -1.972043633461
    vertex -11.2291898727417 -2.85439991950989 -2.16609334945679
    vertex -11.2512512207031 -6.90880012512207 -2.04841804504395
  endloop
endfacet
facet normal -0.983418117737971 1.43968910955889e-012 -0.181352710772977
  outer loop
    vertex -11.2291898727417 -2.85439991950989 -2.16609334945679
    vertex -11.2648887634277 -2.85439991950989 -1.972043633461
    vertex -11.2512512207031 1.20000004768372 -2.04841804504395
  endloop
endfacet
facet normal -0.985328748084766 -9.93651179032463e-005 -0.170667068657901
  outer loop
    vertex -11.2648887634277 -2.85439991950989 -1.972043633461
    vertex -11.2512512207031 -6.90880012512207 -2.04841804504395
    vertex -11.284761428833 -6.90880012512207 -1.85495030879974
  endloop
endfacet
facet normal -0.98640394928481 1.45094674966564e-012 -0.164338823274752
  outer loop
    vertex -11.297233581543 -2.85439991950989 -1.77740693092346
    vertex -11.2648887634277 -2.85439991950989 -1.972043633461
    vertex -11.284761428833 -6.90880012512207 -1.85495030879974
  endloop
endfacet
facet normal -0.98640394928481 1.45094674966564e-012 -0.164338823274752
  outer loop
    vertex -11.2648887634277 -2.85439991950989 -1.972043633461
    vertex -11.297233581543 -2.85439991950989 -1.77740693092346
    vertex -11.284761428833 1.20000004768372 -1.85495030879974
  endloop
endfacet
facet normal -0.988114300059452 -9.96135871854009e-005 -0.15372091625785
  outer loop
    vertex -11.297233581543 -2.85439991950989 -1.77740693092346
    vertex -11.284761428833 -6.90880012512207 -1.85495030879974
    vertex -11.3149442672729 -6.90880012512207 -1.66093575954437
  endloop
endfacet
facet normal -0.989094206511888 1.45794246755297e-012 -0.147284251176491
  outer loop
    vertex -11.3262166976929 -2.85439991950989 -1.58224105834961
    vertex -11.297233581543 -2.85439991950989 -1.77740693092346
    vertex -11.3149442672729 -6.90880012512207 -1.66093575954437
  endloop
endfacet
facet normal -0.989094206511888 1.45794246755297e-012 -0.147284251176491
  outer loop
    vertex -11.297233581543 -2.85439991950989 -1.77740693092346
    vertex -11.3262166976929 -2.85439991950989 -1.58224105834961
    vertex -11.3149442672729 1.20000004768372 -1.66093575954437
  endloop
endfacet
facet normal -0.990607551377321 -0.000100181184952648 -0.13673576385847
  outer loop
    vertex -11.3262166976929 -2.85439991950989 -1.58224105834961
    vertex -11.3149442672729 -6.90880012512207 -1.66093575954437
    vertex -11.3417921066284 -6.90880012512207 -1.46643161773682
  endloop
endfacet
facet normal -0.991490797120728 1.4661976387074e-012 -0.130176799871959
  outer loop
    vertex -11.35182762146 -2.85439991950989 -1.38660430908203
    vertex -11.3262166976929 -2.85439991950989 -1.58224105834961
    vertex -11.3417921066284 -6.90880012512207 -1.46643161773682
  endloop
endfacet
facet normal -0.991490797120728 1.4661976387074e-012 -0.130176799871959
  outer loop
    vertex -11.3262166976929 -2.85439991950989 -1.58224105834961
    vertex -11.35182762146 -2.85439991950989 -1.38660430908203
    vertex -11.3417921066284 1.20000004768372 -1.46643161773682
  endloop
endfacet
facet normal -0.992809262809676 -0.000100499995424093 -0.119706965457565
  outer loop
    vertex -11.35182762146 -2.85439991950989 -1.38660430908203
    vertex -11.3417921066284 -6.90880012512207 -1.46643161773682
    vertex -11.3652963638306 -6.90880012512207 -1.27149522304535
  endloop
endfacet
facet normal -0.993590543229434 1.47203550954672e-012 -0.113039074682339
  outer loop
    vertex -11.3740606307983 -2.85439991950989 -1.19055473804474
    vertex -11.35182762146 -2.85439991950989 -1.38660430908203
    vertex -11.3652963638306 -6.90880012512207 -1.27149522304535
  endloop
endfacet
facet normal -0.993590543229434 1.47203550954672e-012 -0.113039074682339
  outer loop
    vertex -11.35182762146 -2.85439991950989 -1.38660430908203
    vertex -11.3740606307983 -2.85439991950989 -1.19055473804474
    vertex -11.3652963638306 1.20000004768372 -1.27149522304535
  endloop
endfacet
facet normal -0.994717640373797 -0.000101005232800664 -0.102648944111123
  outer loop
    vertex -11.3740606307983 -2.85439991950989 -1.19055473804474
    vertex -11.3652963638306 -6.90880012512207 -1.27149522304535
    vertex -11.3854513168335 -6.90880012512207 -1.07618403434753
  endloop
endfacet
facet normal -0.99539497319349 1.48105875404733e-012 -0.0958584755831763
  outer loop
    vertex -11.3929071426392 -2.85439991950989 -0.994150876998901
    vertex -11.3740606307983 -2.85439991950989 -1.19055473804474
    vertex -11.3854513168335 -6.90880012512207 -1.07618403434753
  endloop
endfacet
facet normal -0.99539497319349 1.48105875404733e-012 -0.0958584755831763
  outer loop
    vertex -11.3740606307983 -2.85439991950989 -1.19055473804474
    vertex -11.3929071426392 -2.85439991950989 -0.994150876998901
    vertex -11.3854513168335 1.20000004768372 -1.07618403434753
  endloop
endfacet
facet normal -0.996333685669142 -0.000101217056878517 -0.0855521861558797
  outer loop
    vertex -11.3929071426392 -2.85439991950989 -0.994150876998901
    vertex -11.3854513168335 -6.90880012512207 -1.07618403434753
    vertex -11.4022493362427 -6.90880012512207 -0.880555689334869
  endloop
endfacet
facet normal -0.996902067473337 1.48841071636824e-012 -0.0786528312738095
  outer loop
    vertex -11.4083623886108 -2.85439991950989 -0.797451078891754
    vertex -11.3929071426392 -2.85439991950989 -0.994150876998901
    vertex -11.4022493362427 -6.90880012512207 -0.880555689334869
  endloop
endfacet
facet normal -0.996902067473337 1.48841071636824e-012 -0.0786528312738095
  outer loop
    vertex -11.3929071426392 -2.85439991950989 -0.994150876998901
    vertex -11.4083623886108 -2.85439991950989 -0.797451078891754
    vertex -11.4022493362427 1.20000004768372 -0.880555689334869
  endloop
endfacet
facet normal -0.99765551131854 -0.000101465753385577 -0.0684358856189015
  outer loop
    vertex -11.4083623886108 -2.85439991950989 -0.797451078891754
    vertex -11.4022493362427 -6.90880012512207 -0.880555689334869
    vertex -11.4156866073608 -6.90880012512207 -0.684667706489563
  endloop
endfacet
facet normal -0.998111554654955 1.49526182236994e-012 -0.0614273918074721
  outer loop
    vertex -11.4204225540161 -2.85439991950989 -0.600513875484466
    vertex -11.4083623886108 -2.85439991950989 -0.797451078891754
    vertex -11.4156866073608 -6.90880012512207 -0.684667706489563
  endloop
endfacet
facet normal -0.998111554654955 1.49526182236994e-012 -0.0614273918074721
  outer loop
    vertex -11.4083623886108 -2.85439991950989 -0.797451078891754
    vertex -11.4204225540161 -2.85439991950989 -0.600513875484466
    vertex -11.4156866073608 1.20000004768372 -0.684667706489563
  endloop
endfacet
facet normal -0.998683522168327 -0.000101867667976034 -0.0512953425999113
  outer loop
    vertex -11.4204225540161 -2.85439991950989 -0.600513875484466
    vertex -11.4156866073608 -6.90880012512207 -0.684667706489563
    vertex -11.4257583618164 -6.90880012512207 -0.488577872514725
  endloop
endfacet
facet normal -0.999023714750229 1.49994240350005e-012 -0.0441771136070775
  outer loop
    vertex -11.4290828704834 -2.85439991950989 -0.403397977352142
    vertex -11.4204225540161 -2.85439991950989 -0.600513875484466
    vertex -11.4257583618164 -6.90880012512207 -0.488577872514725
  endloop
endfacet
facet normal -0.999023714750229 1.49994240350005e-012 -0.0441771136070775
  outer loop
    vertex -11.4204225540161 -2.85439991950989 -0.600513875484466
    vertex -11.4290828704834 -2.85439991950989 -0.403397977352142
    vertex -11.4257583618164 1.20000004768372 -0.488577872514725
  endloop
endfacet
facet normal -0.999416881192929 -0.000102134692164075 -0.0341450897656445
  outer loop
    vertex -11.4290828704834 -2.85439991950989 -0.403397977352142
    vertex -11.4257583618164 -6.90880012512207 -0.488577872514725
    vertex -11.4324626922607 -6.90880012512207 -0.292344063520432
  endloop
endfacet
facet normal -0.999637664768961 1.50670490340307e-012 -0.026917265374822
  outer loop
    vertex -11.4343414306641 -2.85439991950989 -0.206161975860596
    vertex -11.4290828704834 -2.85439991950989 -0.403397977352142
    vertex -11.4324626922607 -6.90880012512207 -0.292344063520432
  endloop
endfacet
facet normal -0.999637664768961 1.50670490340307e-012 -0.026917265374822
  outer loop
    vertex -11.4290828704834 -2.85439991950989 -0.403397977352142
    vertex -11.4343414306641 -2.85439991950989 -0.206161975860596
    vertex -11.4324626922607 1.20000004768372 -0.292344063520432
  endloop
endfacet
facet normal -0.999855819763215 -0.000102376014371762 -0.0169802592672183
  outer loop
    vertex -11.4343414306641 -2.85439991950989 -0.206161975860596
    vertex -11.4324626922607 -6.90880012512207 -0.292344063520432
    vertex -11.4357967376709 -6.90880012512207 -0.0960240513086319
  endloop
endfacet
facet normal -0.999953464248918 1.51201942350057e-012 -0.0096472450257462
  outer loop
    vertex -11.4361963272095 -2.85439991950989 -0.00886461045593023
    vertex -11.4343414306641 -2.85439991950989 -0.206161975860596
    vertex -11.4357967376709 -6.90880012512207 -0.0960240513086319
  endloop
endfacet
facet normal -0.999953464248918 1.51201942350057e-012 -0.0096472450257462
  outer loop
    vertex -11.4343414306641 -2.85439991950989 -0.206161975860596
    vertex -11.4361963272095 -2.85439991950989 -0.00886461045593023
    vertex -11.4357967376709 1.20000004768372 -0.0960240513086319
  endloop
endfacet
facet normal -0.999999976792693 -0.0001026291667554 0.000189425096492147
  outer loop
    vertex -11.4361963272095 -2.85439991950989 -0.00886461045593023
    vertex -11.4357967376709 -6.90880012512207 -0.0960240513086319
    vertex -11.4357595443726 -6.90880012512207 0.100324258208275
  endloop
endfacet
facet normal -0.999970942343431 1.51541716597701e-012 0.0076232846457445
  outer loop
    vertex -11.4346475601196 -2.85439991950989 0.188435390591621
    vertex -11.4361963272095 -2.85439991950989 -0.00886461045593023
    vertex -11.4357595443726 -6.90880012512207 0.100324258208275
  endloop
endfacet
facet normal -0.999970942343431 1.51541716597701e-012 0.0076232846457445
  outer loop
    vertex -11.4361963272095 -2.85439991950989 -0.00886461045593023
    vertex -11.4346475601196 -2.85439991950989 0.188435390591621
    vertex -11.4357595443726 1.20000004768372 0.100324258208275
  endloop
endfacet
facet normal -0.999849398293387 -0.000102921809249933 0.0173542542176822
  outer loop
    vertex -11.4346475601196 -2.85439991950989 0.188435390591621
    vertex -11.4357595443726 -6.90880012512207 0.100324258208275
    vertex -11.43235206604 -6.90880012512207 0.296642988920212
  endloop
endfacet
facet normal -0.999690102301834 1.52033494205285e-012 0.024893761462437
  outer loop
    vertex -11.4296951293945 -2.85439991950989 0.385679304599762
    vertex -11.4346475601196 -2.85439991950989 0.188435390591621
    vertex -11.43235206604 -6.90880012512207 0.296642988920212
  endloop
endfacet
facet normal -0.999690102301834 1.52033494205285e-012 0.024893761462437
  outer loop
    vertex -11.4346475601196 -2.85439991950989 0.188435390591621
    vertex -11.4296951293945 -2.85439991950989 0.385679304599762
    vertex -11.43235206604 1.20000004768372 0.296642988920212
  endloop
endfacet
facet normal -0.999404033668531 -0.000103122149206336 0.0345190795487253
  outer loop
    vertex -11.4296951293945 -2.85439991950989 0.385679304599762
    vertex -11.43235206604 -6.90880012512207 0.296642988920212
    vertex -11.4255743026733 -6.90880012512207 0.492874294519424
  endloop
endfacet
facet normal -0.999110888153849 1.52490590943324e-012 0.0421596154207659
  outer loop
    vertex -11.4213399887085 -2.85439991950989 0.582808434963226
    vertex -11.4296951293945 -2.85439991950989 0.385679304599762
    vertex -11.4255743026733 -6.90880012512207 0.492874294519424
  endloop
endfacet
facet normal -0.999110888153849 1.52490590943324e-012 0.0421596154207659
  outer loop
    vertex -11.4296951293945 -2.85439991950989 0.385679304599762
    vertex -11.4213399887085 -2.85439991950989 0.582808434963226
    vertex -11.4255743026733 1.20000004768372 0.492874294519424
  endloop
endfacet
facet normal -0.99866399138487 -0.000103249982021031 0.0516741874699732
  outer loop
    vertex -11.4213399887085 -2.85439991950989 0.582808434963226
    vertex -11.4255743026733 -6.90880012512207 0.492874294519424
    vertex -11.4154281616211 -6.90880012512207 0.688960313796997
  endloop
endfacet
facet normal -0.998233595294293 1.52891378222439e-012 0.0594111877160416
  outer loop
    vertex -11.4095849990845 -2.85439991950989 0.77976405620575
    vertex -11.4213399887085 -2.85439991950989 0.582808434963226
    vertex -11.4154281616211 -6.90880012512207 0.688960313796997
  endloop
endfacet
facet normal -0.998233595294293 1.52891378222439e-012 0.0594111877160416
  outer loop
    vertex -11.4213399887085 -2.85439991950989 0.582808434963226
    vertex -11.4095849990845 -2.85439991950989 0.77976405620575
    vertex -11.4154281616211 1.20000004768372 0.688960313796997
  endloop
endfacet
facet normal -0.99762978563082 -0.000103315405435141 0.0688098840874655
  outer loop
    vertex -11.4095849990845 -2.85439991950989 0.77976405620575
    vertex -11.4154281616211 -6.90880012512207 0.688960313796997
    vertex -11.4019174575806 -6.90880012512207 0.884843230247498
  endloop
endfacet
facet normal -0.997058922643479 1.53227242425104e-012 0.0766387942038796
  outer loop
    vertex -11.394434928894 -2.85439991950989 0.976487576961517
    vertex -11.4095849990845 -2.85439991950989 0.77976405620575
    vertex -11.4019174575806 -6.90880012512207 0.884843230247498
  endloop
endfacet
facet normal -0.997058922643479 1.53227242425104e-012 0.0766387942038796
  outer loop
    vertex -11.4095849990845 -2.85439991950989 0.77976405620575
    vertex -11.394434928894 -2.85439991950989 0.976487576961517
    vertex -11.4019174575806 1.20000004768372 0.884843230247498
  endloop
endfacet
facet normal -0.99630150332316 -0.000103539746847607 0.0859261529194212
  outer loop
    vertex -11.394434928894 -2.85439991950989 0.976487576961517
    vertex -11.4019174575806 -6.90880012512207 0.884843230247498
    vertex -11.385046005249 -6.90880012512207 1.08046531677246
  endloop
endfacet
facet normal -0.995586165591406 1.53542597626388e-012 0.0938519412852032
  outer loop
    vertex -11.3758926391602 -2.85439991950989 1.17292046546936
    vertex -11.394434928894 -2.85439991950989 0.976487576961517
    vertex -11.385046005249 -6.90880012512207 1.08046531677246
  endloop
endfacet
facet normal -0.995586165591406 1.53542597626388e-012 0.0938519412852032
  outer loop
    vertex -11.394434928894 -2.85439991950989 0.976487576961517
    vertex -11.3758926391602 -2.85439991950989 1.17292046546936
    vertex -11.385046005249 1.20000004768372 1.08046531677246
  endloop
endfacet
facet normal -0.994678973154899 -0.000103675508297896 0.103022956737343
  outer loop
    vertex -11.3758926391602 -2.85439991950989 1.17292046546936
    vertex -11.385046005249 -6.90880012512207 1.08046531677246
    vertex -11.3648176193237 -6.90880012512207 1.27576887607574
  endloop
endfacet
facet normal -0.99381635424137 1.53653520415254e-012 0.111036273543345
  outer loop
    vertex -11.3539638519287 -2.85439991950989 1.36900424957275
    vertex -11.3758926391602 -2.85439991950989 1.17292046546936
    vertex -11.3648176193237 -6.90880012512207 1.27576887607574
  endloop
endfacet
facet normal -0.99381635424137 1.53653520415254e-012 0.111036273543345
  outer loop
    vertex -11.3758926391602 -2.85439991950989 1.17292046546936
    vertex -11.3539638519287 -2.85439991950989 1.36900424957275
    vertex -11.3648176193237 1.20000004768372 1.27576887607574
  endloop
endfacet
facet normal -0.992764100589757 -0.000103729217306385 0.120080930294785
  outer loop
    vertex -11.3539638519287 -2.85439991950989 1.36900424957275
    vertex -11.3648176193237 -6.90880012512207 1.27576887607574
    vertex -11.3412399291992 -6.90880012512207 1.47069644927978
  endloop
endfacet
facet normal -0.991750665681561 1.53926564544512e-012 0.128181968779465
  outer loop
    vertex -11.3286561965942 -2.85439991950989 1.56468045711517
    vertex -11.3539638519287 -2.85439991950989 1.36900424957275
    vertex -11.3412399291992 -6.90880012512207 1.47069644927978
  endloop
endfacet
facet normal -0.991750665681561 1.53926564544512e-012 0.128181968779465
  outer loop
    vertex -11.3539638519287 -2.85439991950989 1.36900424957275
    vertex -11.3286561965942 -2.85439991950989 1.56468045711517
    vertex -11.3412399291992 1.20000004768372 1.47069644927978
  endloop
endfacet
facet normal -0.990555857625117 -0.000103895340720795 0.137109744840863
  outer loop
    vertex -11.3286561965942 -2.85439991950989 1.56468045711517
    vertex -11.3412399291992 -6.90880012512207 1.47069644927978
    vertex -11.3143186569214 -6.90880012512207 1.66519045829773
  endloop
endfacet
facet normal -0.989387860283428 1.54064744995308e-012 0.14529852691538
  outer loop
    vertex -11.2999753952026 -2.85439991950989 1.75989091396332
    vertex -11.3286561965942 -2.85439991950989 1.56468045711517
    vertex -11.3143186569214 -6.90880012512207 1.66519045829773
  endloop
endfacet
facet normal -0.989387860283428 1.54064744995308e-012 0.14529852691538
  outer loop
    vertex -11.3286561965942 -2.85439991950989 1.56468045711517
    vertex -11.2999753952026 -2.85439991950989 1.75989091396332
    vertex -11.3143186569214 1.20000004768372 1.66519045829773
  endloop
endfacet
facet normal -0.988056044318347 -0.000103816128137188 0.154094913959519
  outer loop
    vertex -11.2999753952026 -2.85439991950989 1.75989091396332
    vertex -11.3143186569214 -6.90880012512207 1.66519045829773
    vertex -11.2840623855591 -6.90880012512207 1.8591935634613
  endloop
endfacet
facet normal -0.986731272741867 1.54244728791295e-012 0.162361927166484
  outer loop
    vertex -11.2679319381714 -2.85439991950989 1.95457768440247
    vertex -11.2999753952026 -2.85439991950989 1.75989091396332
    vertex -11.2840623855591 -6.90880012512207 1.8591935634613
  endloop
endfacet
facet normal -0.986731272741867 1.54244728791295e-012 0.162361927166484
  outer loop
    vertex -11.2999753952026 -2.85439991950989 1.75989091396332
    vertex -11.2679319381714 -2.85439991950989 1.95457768440247
    vertex -11.2840623855591 1.20000004768372 1.8591935634613
  endloop
endfacet
facet normal -0.985264711098649 -0.000103934675452066 0.17103636531825
  outer loop
    vertex -11.2679319381714 -2.85439991950989 1.95457768440247
    vertex -11.2840623855591 -6.90880012512207 1.8591935634613
    vertex -11.2504796981812 -6.90880012512207 2.05264854431152
  endloop
endfacet
facet normal -0.983779519367794 1.54180627223657e-012 0.179381875540625
  outer loop
    vertex -11.2325344085693 -2.85439991950989 2.14868259429932
    vertex -11.2679319381714 -2.85439991950989 1.95457768440247
    vertex -11.2504796981812 -6.90880012512207 2.05264854431152
  endloop
endfacet
facet normal -0.983779519367794 1.54180627223657e-012 0.179381875540625
  outer loop
    vertex -11.2679319381714 -2.85439991950989 1.95457768440247
    vertex -11.2325344085693 -2.85439991950989 2.14868259429932
    vertex -11.2504796981812 1.20000004768372 2.05264854431152
  endloop
endfacet
facet normal -0.9821835223755 -0.000103975300488632 0.187924233570851
  outer loop
    vertex -11.2325344085693 -2.85439991950989 2.14868259429932
    vertex -11.2504796981812 -6.90880012512207 2.05264854431152
    vertex -11.2135810852051 -6.90880012512207 2.24549865722656
  endloop
endfacet
facet normal -0.980534165434713 1.54284287765569e-012 0.196348543196149
  outer loop
    vertex -11.193793296814 -2.85439991950989 2.34214782714844
    vertex -11.2325344085693 -2.85439991950989 2.14868259429932
    vertex -11.2135810852051 -6.90880012512207 2.24549865722656
  endloop
endfacet
facet normal -0.980534165434713 1.54284287765569e-012 0.196348543196149
  outer loop
    vertex -11.2325344085693 -2.85439991950989 2.14868259429932
    vertex -11.193793296814 -2.85439991950989 2.34214782714844
    vertex -11.2135810852051 1.20000004768372 2.24549865722656
  endloop
endfacet
facet normal -0.978812471132074 -0.000103893733751078 0.204758725241233
  outer loop
    vertex -11.193793296814 -2.85439991950989 2.34214782714844
    vertex -11.2135810852051 -6.90880012512207 2.24549865722656
    vertex -11.1733770370483 -6.90880012512207 2.43768692016602
  endloop
endfacet
facet normal -0.976997159146985 1.54264371865437e-012 0.213252317733527
  outer loop
    vertex -11.1517210006714 -2.85439991950989 2.53491592407227
    vertex -11.193793296814 -2.85439991950989 2.34214782714844
    vertex -11.1733770370483 -6.90880012512207 2.43768692016602
  endloop
endfacet
facet normal -0.976997159146985 1.54264371865437e-012 0.213252317733527
  outer loop
    vertex -11.193793296814 -2.85439991950989 2.34214782714844
    vertex -11.1517210006714 -2.85439991950989 2.53491592407227
    vertex -11.1733770370483 1.20000004768372 2.43768692016602
  endloop
endfacet
facet normal -0.975152372765446 -0.000104012993634782 0.221535186982156
  outer loop
    vertex -11.1517210006714 -2.85439991950989 2.53491592407227
    vertex -11.1733770370483 -6.90880012512207 2.43768692016602
    vertex -11.1298789978027 -6.90880012512207 2.62915635108948
  endloop
endfacet
facet normal -0.97316643679494 1.5415102951571e-012 0.230102338744829
  outer loop
    vertex -11.1063280105591 -2.85439991950989 2.72692942619324
    vertex -11.1517210006714 -2.85439991950989 2.53491592407227
    vertex -11.1298789978027 -6.90880012512207 2.62915635108948
  endloop
endfacet
facet normal -0.97316643679494 1.5415102951571e-012 0.230102338744829
  outer loop
    vertex -11.1517210006714 -2.85439991950989 2.53491592407227
    vertex -11.1063280105591 -2.85439991950989 2.72692942619324
    vertex -11.1298789978027 1.20000004768372 2.62915635108948
  endloop
endfacet
facet normal -0.971205490233279 -0.000103821774421229 0.238243331410923
  outer loop
    vertex -11.1063280105591 -2.85439991950989 2.72692942619324
    vertex -11.1298789978027 -6.90880012512207 2.62915635108948
    vertex -11.0831003189087 -6.90880012512207 2.81985092163086
  endloop
endfacet
facet normal -0.969047302896249 1.54218213390794e-012 0.246875119745803
  outer loop
    vertex -11.0576295852661 -2.85439991950989 2.91813135147095
    vertex -11.1063280105591 -2.85439991950989 2.72692942619324
    vertex -11.0831003189087 -6.90880012512207 2.81985092163086
  endloop
endfacet
facet normal -0.969047302896249 1.54218213390794e-012 0.246875119745803
  outer loop
    vertex -11.1063280105591 -2.85439991950989 2.72692942619324
    vertex -11.0576295852661 -2.85439991950989 2.91813135147095
    vertex -11.0831003189087 1.20000004768372 2.81985092163086
  endloop
endfacet
facet normal -0.966971712691503 -0.000103739094653888 0.254883691303822
  outer loop
    vertex -11.0576295852661 -2.85439991950989 2.91813135147095
    vertex -11.0831003189087 -6.90880012512207 2.81985092163086
    vertex -11.0330543518066 -6.90880012512207 3.00971412658691
  endloop
endfacet
facet normal -0.964638872334203 1.54002615913893e-012 0.263575123981376
  outer loop
    vertex -11.0056400299072 -2.85439991950989 3.10846471786499
    vertex -11.0576295852661 -2.85439991950989 2.91813135147095
    vertex -11.0330543518066 -6.90880012512207 3.00971412658691
  endloop
endfacet
facet normal -0.964638872334203 1.54002615913893e-012 0.263575123981376
  outer loop
    vertex -11.0576295852661 -2.85439991950989 2.91813135147095
    vertex -11.0056400299072 -2.85439991950989 3.10846471786499
    vertex -11.0330543518066 1.20000004768372 3.00971412658691
  endloop
endfacet
facet normal -0.96245367289284 -0.000103698600482083 0.271445973964768
  outer loop
    vertex -11.0056400299072 -2.85439991950989 3.10846471786499
    vertex -11.0330543518066 -6.90880012512207 3.00971412658691
    vertex -10.9797563552856 -6.90880012512207 3.19869041442871
  endloop
endfacet
facet normal -0.95994235065967 1.53799218883346e-012 0.280197579236487
  outer loop
    vertex -10.9503746032715 -2.85439991950989 3.29787278175354
    vertex -11.0056400299072 -2.85439991950989 3.10846471786499
    vertex -10.9797563552856 -6.90880012512207 3.19869041442871
  endloop
endfacet
facet normal -0.95994235065967 1.53799218883346e-012 0.280197579236487
  outer loop
    vertex -11.0056400299072 -2.85439991950989 3.10846471786499
    vertex -10.9503746032715 -2.85439991950989 3.29787278175354
    vertex -10.9797563552856 1.20000004768372 3.19869041442871
  endloop
endfacet
facet normal -0.957651114783066 -0.000103646117098287 0.287931123035064
  outer loop
    vertex -10.9503746032715 -2.85439991950989 3.29787278175354
    vertex -10.9797563552856 -6.90880012512207 3.19869041442871
    vertex -10.9232215881348 -6.90880012512207 3.38672351837158
  endloop
endfacet
facet normal -0.954959166654883 1.53472336284677e-012 0.296737240706001
  outer loop
    vertex -10.8918495178223 -2.85439991950989 3.48629927635193
    vertex -10.9503746032715 -2.85439991950989 3.29787278175354
    vertex -10.9232215881348 -6.90880012512207 3.38672351837158
  endloop
endfacet
facet normal -0.954959166654883 1.53472336284677e-012 0.296737240706001
  outer loop
    vertex -10.9503746032715 -2.85439991950989 3.29787278175354
    vertex -10.8918495178223 -2.85439991950989 3.48629927635193
    vertex -10.9232215881348 1.20000004768372 3.38672351837158
  endloop
endfacet
facet normal -0.952567112353767 -0.000103528701533299 0.304328581871327
  outer loop
    vertex -10.8918495178223 -2.85439991950989 3.48629927635193
    vertex -10.9232215881348 -6.90880012512207 3.38672351837158
    vertex -10.8634672164917 -6.90880012512207 3.57375836372375
  endloop
endfacet
facet normal -0.949692024635875 1.53163279147342e-012 0.313185341839321
  outer loop
    vertex -10.8300828933716 -2.85439991950989 3.67368793487549
    vertex -10.8918495178223 -2.85439991950989 3.48629927635193
    vertex -10.8634672164917 -6.90880012512207 3.57375836372375
  endloop
endfacet
facet normal -0.949692024635875 1.53163279147342e-012 0.313185341839321
  outer loop
    vertex -10.8918495178223 -2.85439991950989 3.48629927635193
    vertex -10.8300828933716 -2.85439991950989 3.67368793487549
    vertex -10.8634672164917 1.20000004768372 3.57375836372375
  endloop
endfacet
facet normal -0.947201701838762 -0.000103482892052476 0.320638309197519
  outer loop
    vertex -10.8300828933716 -2.85439991950989 3.67368793487549
    vertex -10.8634672164917 -6.90880012512207 3.57375836372375
    vertex -10.8005104064941 -6.90880012512207 3.75973987579346
  endloop
endfacet
facet normal -0.944139707474834 1.52805424295278e-012 0.32954546388827
  outer loop
    vertex -10.7650918960571 -2.85439991950989 3.85998296737671
    vertex -10.8300828933716 -2.85439991950989 3.67368793487549
    vertex -10.8005104064941 -6.90880012512207 3.75973987579346
  endloop
endfacet
facet normal -0.944139707474834 1.52805424295278e-012 0.32954546388827
  outer loop
    vertex -10.8300828933716 -2.85439991950989 3.67368793487549
    vertex -10.7650918960571 -2.85439991950989 3.85998296737671
    vertex -10.8005104064941 1.20000004768372 3.75973987579346
  endloop
endfacet
facet normal -0.941557757854209 -0.00010321358360026 0.336851566675161
  outer loop
    vertex -10.7650918960571 -2.85439991950989 3.85998296737671
    vertex -10.8005104064941 -6.90880012512207 3.75973987579346
    vertex -10.7343702316284 -6.90880012512207 3.94461297988892
  endloop
endfacet
facet normal -0.938306892330433 1.52639471359034e-012 0.34580366655836
  outer loop
    vertex -10.6968965530396 -2.85439991950989 4.04512929916382
    vertex -10.7650918960571 -2.85439991950989 3.85998296737671
    vertex -10.7343702316284 -6.90880012512207 3.94461297988892
  endloop
endfacet
facet normal -0.938306892330433 1.52639471359034e-012 0.34580366655836
  outer loop
    vertex -10.7650918960571 -2.85439991950989 3.85998296737671
    vertex -10.6968965530396 -2.85439991950989 4.04512929916382
    vertex -10.7343702316284 1.20000004768372 3.94461297988892
  endloop
endfacet
facet normal -0.935634221487349 -0.000103023636638205 0.352971093671838
  outer loop
    vertex -10.6968965530396 -2.85439991950989 4.04512929916382
    vertex -10.7343702316284 -6.90880012512207 3.94461297988892
    vertex -10.6650648117065 -6.90880012512207 4.12832355499268
  endloop
endfacet
facet normal -0.932195424840521 1.52002182575828e-012 0.361955370047747
  outer loop
    vertex -10.6255178451538 -2.85439991950989 4.22907161712646
    vertex -10.6968965530396 -2.85439991950989 4.04512929916382
    vertex -10.6650648117065 -6.90880012512207 4.12832355499268
  endloop
endfacet
facet normal -0.932195424840521 1.52002182575828e-012 0.361955370047747
  outer loop
    vertex -10.6968965530396 -2.85439991950989 4.04512929916382
    vertex -10.6255178451538 -2.85439991950989 4.22907161712646
    vertex -10.6650648117065 1.20000004768372 4.12832355499268
  endloop
endfacet
facet normal -0.929438600335611 -0.000102905517572033 0.368976798209094
  outer loop
    vertex -10.6255178451538 -2.85439991950989 4.22907161712646
    vertex -10.6650648117065 -6.90880012512207 4.12832355499268
    vertex -10.5926170349121 -6.90880012512207 4.31081676483154
  endloop
endfacet
facet normal -0.925803223346797 1.51741134425358e-012 0.378005809003885
  outer loop
    vertex -10.5509757995605 -2.85439991950989 4.4117546081543
    vertex -10.6255178451538 -2.85439991950989 4.22907161712646
    vertex -10.5926170349121 -6.90880012512207 4.31081676483154
  endloop
endfacet
facet normal -0.925803223346797 1.51741134425358e-012 0.378005809003885
  outer loop
    vertex -10.6255178451538 -2.85439991950989 4.22907161712646
    vertex -10.5509757995605 -2.85439991950989 4.4117546081543
    vertex -10.5926170349121 1.20000004768372 4.31081676483154
  endloop
endfacet
facet normal -0.922965656071408 -0.000102545253424187 0.384882303044901
  outer loop
    vertex -10.5509757995605 -2.85439991950989 4.4117546081543
    vertex -10.5926170349121 -6.90880012512207 4.31081676483154
    vertex -10.5170459747314 -6.90880012512207 4.49203968048096
  endloop
endfacet
facet normal -0.919136863560418 1.51308472533214e-012 0.393938353101495
  outer loop
    vertex -10.4732933044434 -2.85439991950989 4.59312486648559
    vertex -10.5509757995605 -2.85439991950989 4.4117546081543
    vertex -10.5170459747314 -6.90880012512207 4.49203968048096
  endloop
endfacet
facet normal -0.919136863560418 1.51308472533214e-012 0.393938353101495
  outer loop
    vertex -10.5509757995605 -2.85439991950989 4.4117546081543
    vertex -10.4732933044434 -2.85439991950989 4.59312486648559
    vertex -10.5170459747314 1.20000004768372 4.49203968048096
  endloop
endfacet
facet normal -0.91622135978066 -0.000102337632704254 0.400672446530438
  outer loop
    vertex -10.4732933044434 -2.85439991950989 4.59312486648559
    vertex -10.5170459747314 -6.90880012512207 4.49203968048096
    vertex -10.4383745193481 -6.90880012512207 4.67193841934204
  endloop
endfacet
facet normal -0.912195770401449 1.50703256688518e-012 0.409754653984195
  outer loop
    vertex -10.3924932479858 -2.85439991950989 4.77312803268433
    vertex -10.4732933044434 -2.85439991950989 4.59312486648559
    vertex -10.4383745193481 -6.90880012512207 4.67193841934204
  endloop
endfacet
facet normal -0.912195770401449 1.50703256688518e-012 0.409754653984195
  outer loop
    vertex -10.4732933044434 -2.85439991950989 4.59312486648559
    vertex -10.3924932479858 -2.85439991950989 4.77312803268433
    vertex -10.4383745193481 1.20000004768372 4.67193841934204
  endloop
endfacet
facet normal -0.909207877111527 -0.000102090808845819 0.41634243811533
  outer loop
    vertex -10.3924932479858 -2.85439991950989 4.77312803268433
    vertex -10.4383745193481 -6.90880012512207 4.67193841934204
    vertex -10.3566265106201 -6.90880012512207 4.85045957565308
  endloop
endfacet
facet normal -0.904983813883283 1.50066229871686e-012 0.425445997289043
  outer loop
    vertex -10.3086004257202 -2.85439991950989 4.95171022415161
    vertex -10.3924932479858 -2.85439991950989 4.77312803268433
    vertex -10.3566265106201 -6.90880012512207 4.85045957565308
  endloop
endfacet
facet normal -0.904983813883283 1.50066229871686e-012 0.425445997289043
  outer loop
    vertex -10.3924932479858 -2.85439991950989 4.77312803268433
    vertex -10.3086004257202 -2.85439991950989 4.95171022415161
    vertex -10.3566265106201 1.20000004768372 4.85045957565308
  endloop
endfacet
facet normal -0.901926937475496 -0.000101860747548572 0.431888630413513
  outer loop
    vertex -10.3086004257202 -2.85439991950989 4.95171022415161
    vertex -10.3566265106201 -6.90880012512207 4.85045957565308
    vertex -10.2718257904053 -6.90880012512207 5.02755165100098
  endloop
endfacet
facet normal -0.897499890599615 1.49518837390443e-012 0.441014678183933
  outer loop
    vertex -10.2216386795044 -2.85439991950989 5.12881851196289
    vertex -10.3086004257202 -2.85439991950989 4.95171022415161
    vertex -10.2718257904053 -6.90880012512207 5.02755165100098
  endloop
endfacet
facet normal -0.897499890599615 1.49518837390443e-012 0.441014678183933
  outer loop
    vertex -10.3086004257202 -2.85439991950989 4.95171022415161
    vertex -10.2216386795044 -2.85439991950989 5.12881851196289
    vertex -10.2718257904053 1.20000004768372 5.02755165100098
  endloop
endfacet
facet normal -0.894376667386464 -0.000101609634885792 0.447314616919864
  outer loop
    vertex -10.2216386795044 -2.85439991950989 5.12881851196289
    vertex -10.2718257904053 -6.90880012512207 5.02755165100098
    vertex -10.1839962005615 -6.90880012512207 5.20316123962402
  endloop
endfacet
facet normal -0.889747980738699 1.48723964681752e-012 0.45645211224334
  outer loop
    vertex -10.1316337585449 -2.85439991950989 5.3043999671936
    vertex -10.2216386795044 -2.85439991950989 5.12881851196289
    vertex -10.1839962005615 -6.90880012512207 5.20316123962402
  endloop
endfacet
facet normal -0.889747980738699 1.48723964681752e-012 0.45645211224334
  outer loop
    vertex -10.2216386795044 -2.85439991950989 5.12881851196289
    vertex -10.1316337585449 -2.85439991950989 5.3043999671936
    vertex -10.1839962005615 1.20000004768372 5.20316123962402
  endloop
endfacet
facet normal -0.886566567414768 -0.0001012107752563 0.462601028207649
  outer loop
    vertex -10.1316337585449 -2.85439991950989 5.3043999671936
    vertex -10.1839962005615 -6.90880012512207 5.20316123962402
    vertex -10.093165397644 -6.90880012512207 5.37723684310913
  endloop
endfacet
facet normal -0.881734686684189 1.48067009003369e-012 0.471745633045963
  outer loop
    vertex -10.0386142730713 -2.85439991950989 5.47840261459351
    vertex -10.1316337585449 -2.85439991950989 5.3043999671936
    vertex -10.093165397644 -6.90880012512207 5.37723684310913
  endloop
endfacet
facet normal -0.881734686684189 1.48067009003369e-012 0.471745633045963
  outer loop
    vertex -10.1316337585449 -2.85439991950989 5.3043999671936
    vertex -10.0386142730713 -2.85439991950989 5.47840261459351
    vertex -10.093165397644 1.20000004768372 5.37723684310913
  endloop
endfacet
facet normal -0.878493875998067 -0.000100997028662092 0.477753597195765
  outer loop
    vertex -10.0386142730713 -2.85439991950989 5.47840261459351
    vertex -10.093165397644 -6.90880012512207 5.37723684310913
    vertex -9.99935913085937 -6.90880012512207 5.54972791671753
  endloop
endfacet
facet normal -0.873454980945489 1.47227935088454e-012 0.486904915010637
  outer loop
    vertex -9.94260597229004 -2.85439991950989 5.65077495574951
    vertex -10.0386142730713 -2.85439991950989 5.47840261459351
    vertex -9.99935913085937 -6.90880012512207 5.54972791671753
  endloop
endfacet
facet normal -0.873454980945489 1.47227935088454e-012 0.486904915010637
  outer loop
    vertex -10.0386142730713 -2.85439991950989 5.47840261459351
    vertex -9.94260597229004 -2.85439991950989 5.65077495574951
    vertex -9.99935913085937 1.20000004768372 5.54972791671753
  endloop
endfacet
facet normal -0.870162980466652 -0.000100593753670408 0.492764017868887
  outer loop
    vertex -9.94260597229004 -2.85439991950989 5.65077495574951
    vertex -9.99935913085937 -6.90880012512207 5.54972791671753
    vertex -9.90260601043701 -6.90880012512207 5.72058248519897
  endloop
endfacet
facet normal -0.864915950093973 1.46552054869e-012 0.501916725436641
  outer loop
    vertex -9.84363842010498 -2.85439991950989 5.82146501541138
    vertex -9.94260597229004 -2.85439991950989 5.65077495574951
    vertex -9.90260601043701 -6.90880012512207 5.72058248519897
  endloop
endfacet
facet normal -0.864915950093973 1.46552054869e-012 0.501916725436641
  outer loop
    vertex -9.94260597229004 -2.85439991950989 5.65077495574951
    vertex -9.84363842010498 -2.85439991950989 5.82146501541138
    vertex -9.90260601043701 1.20000004768372 5.72058248519897
  endloop
endfacet
facet normal -0.861575272550167 -0.000100129112055535 0.507629825467601
  outer loop
    vertex -9.84363842010498 -2.85439991950989 5.82146501541138
    vertex -9.90260601043701 -6.90880012512207 5.72058248519897
    vertex -9.80293369293213 -6.90880012512207 5.88975143432617
  endloop
endfacet
facet normal -0.856119642565525 1.45848856775641e-012 0.516777667487168
  outer loop
    vertex -9.74174118041992 -2.85439991950989 5.99042224884033
    vertex -9.84363842010498 -2.85439991950989 5.82146501541138
    vertex -9.80293369293213 -6.90880012512207 5.88975143432617
  endloop
endfacet
facet normal -0.856119642565525 1.45848856775641e-012 0.516777667487168
  outer loop
    vertex -9.84363842010498 -2.85439991950989 5.82146501541138
    vertex -9.74174118041992 -2.85439991950989 5.99042224884033
    vertex -9.80293369293213 1.20000004768372 5.88975143432617
  endloop
endfacet
facet normal -0.85273032890817 -9.98492260266249e-005 0.52235139148881
  outer loop
    vertex -9.74174118041992 -2.85439991950989 5.99042224884033
    vertex -9.80293369293213 -6.90880012512207 5.88975143432617
    vertex -9.70037078857422 -6.90880012512207 6.05718374252319
  endloop
endfacet
facet normal -0.847067313814339 1.44712993409623e-012 0.531485621505756
  outer loop
    vertex -9.63694381713867 -2.85439991950989 6.15759658813477
    vertex -9.74174118041992 -2.85439991950989 5.99042224884033
    vertex -9.70037078857422 -6.90880012512207 6.05718374252319
  endloop
endfacet
facet normal -0.847067313814339 1.44712993409623e-012 0.531485621505756
  outer loop
    vertex -9.74174118041992 -2.85439991950989 5.99042224884033
    vertex -9.63694381713867 -2.85439991950989 6.15759658813477
    vertex -9.70037078857422 1.20000004768372 6.05718374252319
  endloop
endfacet
facet normal -0.843637783190705 -9.95327502387824e-005 0.536912731145671
  outer loop
    vertex -9.63694381713867 -2.85439991950989 6.15759658813477
    vertex -9.70037078857422 -6.90880012512207 6.05718374252319
    vertex -9.59494876861572 -6.90880012512207 6.2228307723999
  endloop
endfacet
facet normal -0.837761654536654 1.4379160357862e-012 0.546036088723089
  outer loop
    vertex -9.52927780151367 -2.85439991950989 6.32293748855591
    vertex -9.63694381713867 -2.85439991950989 6.15759658813477
    vertex -9.59494876861572 -6.90880012512207 6.2228307723999
  endloop
endfacet
facet normal -0.837761654536654 1.4379160357862e-012 0.546036088723089
  outer loop
    vertex -9.63694381713867 -2.85439991950989 6.15759658813477
    vertex -9.52927780151367 -2.85439991950989 6.32293748855591
    vertex -9.59494876861572 1.20000004768372 6.2228307723999
  endloop
endfacet
facet normal -0.834297098515376 -9.89658373622739e-005 0.551315101928641
  outer loop
    vertex -9.52927780151367 -2.85439991950989 6.32293748855591
    vertex -9.59494876861572 -6.90880012512207 6.2228307723999
    vertex -9.48669910430908 -6.90880012512207 6.386643409729
  endloop
endfacet
facet normal -0.828208417477445 1.43062161820317e-012 0.560420214856234
  outer loop
    vertex -9.41877555847168 -2.85439991950989 6.48639678955078
    vertex -9.52927780151367 -2.85439991950989 6.32293748855591
    vertex -9.48669910430908 -6.90880012512207 6.386643409729
  endloop
endfacet
facet normal -0.828208417477445 1.43062161820317e-012 0.560420214856234
  outer loop
    vertex -9.52927780151367 -2.85439991950989 6.32293748855591
    vertex -9.41877555847168 -2.85439991950989 6.48639678955078
    vertex -9.48669910430908 1.20000004768372 6.386643409729
  endloop
endfacet
facet normal -0.824706646591843 -9.85582099090631e-005 0.565560728263125
  outer loop
    vertex -9.41877555847168 -2.85439991950989 6.48639678955078
    vertex -9.48669910430908 -6.90880012512207 6.386643409729
    vertex -9.37565231323242 -6.90880012512207 6.54857301712036
  endloop
endfacet
facet normal -0.818407213824055 1.41937822250194e-012 0.574638697235705
  outer loop
    vertex -9.30546951293945 -2.85439991950989 6.64792537689209
    vertex -9.41877555847168 -2.85439991950989 6.48639678955078
    vertex -9.37565231323242 -6.90880012512207 6.54857301712036
  endloop
endfacet
facet normal -0.818407213824055 1.41937822250194e-012 0.574638697235705
  outer loop
    vertex -9.41877555847168 -2.85439991950989 6.48639678955078
    vertex -9.30546951293945 -2.85439991950989 6.64792537689209
    vertex -9.37565231323242 1.20000004768372 6.54857301712036
  endloop
endfacet
facet normal -0.814876249471788 -9.81166426702285e-005 0.579634961350605
  outer loop
    vertex -9.30546951293945 -2.85439991950989 6.64792537689209
    vertex -9.37565231323242 -6.90880012512207 6.54857301712036
    vertex -9.26184177398681 -6.90880012512207 6.70857286453247
  endloop
endfacet
facet normal -0.80836080627122 1.40992978702536e-012 0.58868735920227
  outer loop
    vertex -9.18939304351807 -2.85439991950989 6.80747509002685
    vertex -9.30546951293945 -2.85439991950989 6.64792537689209
    vertex -9.26184177398681 -6.90880012512207 6.70857286453247
  endloop
endfacet
facet normal -0.80836080627122 1.40992978702536e-012 0.58868735920227
  outer loop
    vertex -9.30546951293945 -2.85439991950989 6.64792537689209
    vertex -9.18939304351807 -2.85439991950989 6.80747509002685
    vertex -9.26184177398681 1.20000004768372 6.70857286453247
  endloop
endfacet
facet normal -0.804805863076721 -9.74445106136614e-005 0.593538131261928
  outer loop
    vertex -9.18939304351807 -2.85439991950989 6.80747509002685
    vertex -9.26184177398681 -6.90880012512207 6.70857286453247
    vertex -9.14530181884765 -6.90880012512207 6.86659479141235
  endloop
endfacet
facet normal -0.798077953258889 1.40111385006953e-012 0.602554213761802
  outer loop
    vertex -9.07058238983154 -2.85439991950989 6.96499872207642
    vertex -9.18939304351807 -2.85439991950989 6.80747509002685
    vertex -9.14530181884765 -6.90880012512207 6.86659479141235
  endloop
endfacet
facet normal -0.798077953258889 1.40111385006953e-012 0.602554213761802
  outer loop
    vertex -9.18939304351807 -2.85439991950989 6.80747509002685
    vertex -9.07058238983154 -2.85439991950989 6.96499872207642
    vertex -9.14530181884765 1.20000004768372 6.86659479141235
  endloop
endfacet
facet normal -0.794497326612299 -9.69653425678759e-005 0.607267641656981
  outer loop
    vertex -9.07058238983154 -2.85439991950989 6.96499872207642
    vertex -9.14530181884765 -6.90880012512207 6.86659479141235
    vertex -9.02606582641601 -6.90880012512207 7.02259302139282
  endloop
endfacet
facet normal -0.787553733177202 1.39027005346658e-012 0.616245987701869
  outer loop
    vertex -8.94907188415527 -2.85439991950989 7.12044858932495
    vertex -9.07058238983154 -2.85439991950989 6.96499872207642
    vertex -9.02606582641601 -6.90880012512207 7.02259302139282
  endloop
endfacet
facet normal -0.787553733177202 1.39027005346658e-012 0.616245987701869
  outer loop
    vertex -9.07058238983154 -2.85439991950989 6.96499872207642
    vertex -8.94907188415527 -2.85439991950989 7.12044858932495
    vertex -9.02606582641601 1.20000004768372 7.02259302139282
  endloop
endfacet
facet normal -0.783951164132229 -9.65485809531891e-005 0.620822489069214
  outer loop
    vertex -8.94907188415527 -2.85439991950989 7.12044858932495
    vertex -9.02606582641601 -6.90880012512207 7.02259302139282
    vertex -8.90416812896729 -6.90880012512207 7.17652082443237
  endloop
endfacet
facet normal -0.776795191942529 1.37665722987404e-012 0.629753308665361
  outer loop
    vertex -8.82489681243896 -2.85439991950989 7.27377939224243
    vertex -8.94907188415527 -2.85439991950989 7.12044858932495
    vertex -8.90416812896729 -6.90880012512207 7.17652082443237
  endloop
endfacet
facet normal -0.776795191942529 1.37665722987404e-012 0.629753308665361
  outer loop
    vertex -8.94907188415527 -2.85439991950989 7.12044858932495
    vertex -8.82489681243896 -2.85439991950989 7.27377939224243
    vertex -8.90416812896729 1.20000004768372 7.17652082443237
  endloop
endfacet
facet normal -0.773180474543807 -9.59433423530474e-005 0.634186048868223
  outer loop
    vertex -8.82489681243896 -2.85439991950989 7.27377939224243
    vertex -8.90416812896729 -6.90880012512207 7.17652082443237
    vertex -8.77964687347412 -6.90880012512207 7.32833337783813
  endloop
endfacet
facet normal -0.765807121791005 1.36661362608443e-012 0.643070332245375
  outer loop
    vertex -8.69809532165527 -2.85439991950989 7.42494535446167
    vertex -8.82489681243896 -2.85439991950989 7.27377939224243
    vertex -8.77964687347412 -6.90880012512207 7.32833337783813
  endloop
endfacet
facet normal -0.765807121791005 1.36661362608443e-012 0.643070332245375
  outer loop
    vertex -8.82489681243896 -2.85439991950989 7.27377939224243
    vertex -8.69809532165527 -2.85439991950989 7.42494535446167
    vertex -8.77964687347412 1.20000004768372 7.32833337783813
  endloop
endfacet
facet normal -0.762177205958344 -9.54051656178115e-005 0.647368440391858
  outer loop
    vertex -8.69809532165527 -2.85439991950989 7.42494535446167
    vertex -8.77964687347412 -6.90880012512207 7.32833337783813
    vertex -8.65253734588623 -6.90880012512207 7.47798538208008
  endloop
endfacet
facet normal -0.754588458631952 1.35431161304291e-012 0.65619833747081
  outer loop
    vertex -8.56870460510254 -2.85439991950989 7.57390069961548
    vertex -8.69809532165527 -2.85439991950989 7.42494535446167
    vertex -8.65253734588623 -6.90880012512207 7.47798538208008
  endloop
endfacet
facet normal -0.754588458631952 1.35431161304291e-012 0.65619833747081
  outer loop
    vertex -8.69809532165527 -2.85439991950989 7.42494535446167
    vertex -8.56870460510254 -2.85439991950989 7.57390069961548
    vertex -8.65253734588623 1.20000004768372 7.47798538208008
  endloop
endfacet
facet normal -0.750950107260983 -9.4793694085166e-005 0.660358938319816
  outer loop
    vertex -8.56870460510254 -2.85439991950989 7.57390069961548
    vertex -8.65253734588623 -6.90880012512207 7.47798538208008
    vertex -8.52287673950195 -6.90880012512207 7.62543344497681
  endloop
endfacet
facet normal -0.743148738463409 1.34150667087743e-012 0.669126260522066
  outer loop
    vertex -8.43676376342773 -2.85439991950989 7.72060203552246
    vertex -8.56870460510254 -2.85439991950989 7.57390069961548
    vertex -8.52287673950195 -6.90880012512207 7.62543344497681
  endloop
endfacet
facet normal -0.743148738463409 1.34150667087743e-012 0.669126260522066
  outer loop
    vertex -8.56870460510254 -2.85439991950989 7.57390069961548
    vertex -8.43676376342773 -2.85439991950989 7.72060203552246
    vertex -8.52287673950195 1.20000004768372 7.62543344497681
  endloop
endfacet
facet normal -0.739502999220695 -9.42784233216874e-005 0.673153255399672
  outer loop
    vertex -8.43676376342773 -2.85439991950989 7.72060203552246
    vertex -8.52287673950195 -6.90880012512207 7.62543344497681
    vertex -8.39070415496826 -6.90880012512207 7.77063369750977
  endloop
endfacet
facet normal -0.731483329025864 1.32877473536809e-012 0.681859325196363
  outer loop
    vertex -8.30231094360352 -2.85439991950989 7.8650050163269
    vertex -8.43676376342773 -2.85439991950989 7.72060203552246
    vertex -8.39070415496826 -6.90880012512207 7.77063369750977
  endloop
endfacet
facet normal -0.731483329025864 1.32877473536809e-012 0.681859325196363
  outer loop
    vertex -8.43676376342773 -2.85439991950989 7.72060203552246
    vertex -8.30231094360352 -2.85439991950989 7.8650050163269
    vertex -8.39070415496826 1.20000004768372 7.77063369750977
  endloop
endfacet
facet normal -0.727837987872486 -9.3506227466097e-005 0.685749119333241
  outer loop
    vertex -8.30231094360352 -2.85439991950989 7.8650050163269
    vertex -8.39070415496826 -6.90880012512207 7.77063369750977
    vertex -8.25605869293213 -6.90880012512207 7.91354322433472
  endloop
endfacet
facet normal -0.719602093581716 1.31809373232535e-012 0.694386655194936
  outer loop
    vertex -8.16538715362549 -2.85439991950989 8.00706672668457
    vertex -8.30231094360352 -2.85439991950989 7.8650050163269
    vertex -8.25605869293213 -6.90880012512207 7.91354322433472
  endloop
endfacet
facet normal -0.719602093581716 1.31809373232535e-012 0.694386655194936
  outer loop
    vertex -8.30231094360352 -2.85439991950989 7.8650050163269
    vertex -8.16538715362549 -2.85439991950989 8.00706672668457
    vertex -8.25605869293213 1.20000004768372 7.91354322433472
  endloop
endfacet
facet normal -0.715957315724252 -9.2720184072531e-005 0.698144049221857
  outer loop
    vertex -8.16538715362549 -2.85439991950989 8.00706672668457
    vertex -8.25605869293213 -6.90880012512207 7.91354322433472
    vertex -8.11897945404053 -6.90880012512207 8.05412006378174
  endloop
endfacet
facet normal -0.707509697546417 1.30579130180388e-012 0.706703635110063
  outer loop
    vertex -8.02603340148926 -2.85439991950989 8.1467456817627
    vertex -8.16538715362549 -2.85439991950989 8.00706672668457
    vertex -8.11897945404053 -6.90880012512207 8.05412006378174
  endloop
endfacet
facet normal -0.707509697546417 1.30579130180388e-012 0.706703635110063
  outer loop
    vertex -8.16538715362549 -2.85439991950989 8.00706672668457
    vertex -8.02603340148926 -2.85439991950989 8.1467456817627
    vertex -8.11897945404053 1.20000004768372 8.05412006378174
  endloop
endfacet
facet normal -0.703863368036263 -9.22286499544328e-005 0.710335378979905
  outer loop
    vertex -7.97950601577759 -6.90880012512207 8.19232273101806
    vertex -8.02603340148926 -2.85439991950989 8.1467456817627
    vertex -8.11897945404053 -6.90880012512207 8.05412006378174
  endloop
endfacet
facet normal -0.695192726724026 1.2883969156123e-012 0.718823394659644
  outer loop
    vertex -7.97950601577759 -6.90880012512207 8.19232273101806
    vertex -7.97950601577759 1.20000004768372 8.19232273101806
    vertex -8.02603340148926 -2.85439991950989 8.1467456817627
  endloop
endfacet
facet normal -0.695192726724026 1.2883969156123e-012 0.718823394659644
  outer loop
    vertex -7.97950601577759 1.20000004768372 8.19232273101806
    vertex -7.97950601577759 -6.90880012512207 8.19232273101806
    vertex -7.88428974151611 -2.85439991950989 8.2839994430542
  endloop
endfacet
facet normal -0.691567075084249 -9.14490261998073e-005 0.722312240167985
  outer loop
    vertex -7.83768129348755 -6.90880012512207 8.32811069488525
    vertex -7.88428974151611 -2.85439991950989 8.2839994430542
    vertex -7.97950601577759 -6.90880012512207 8.19232273101806
  endloop
endfacet
facet normal -0.682680697387623 1.27636928014312e-012 0.730716816156812
  outer loop
    vertex -7.83768129348755 -6.90880012512207 8.32811069488525
    vertex -7.83768129348755 1.20000004768372 8.32811069488525
    vertex -7.88428974151611 -2.85439991950989 8.2839994430542
  endloop
endfacet
facet normal -0.682680697387623 1.27636928014312e-012 0.730716816156812
  outer loop
    vertex -7.83768129348755 1.20000004768372 8.32811069488525
    vertex -7.83768129348755 -6.90880012512207 8.32811069488525
    vertex -7.74020004272461 -2.85439991950989 8.41878700256347
  endloop
endfacet
facet normal -0.679061020760932 -9.07930923401268e-005 0.734081822305753
  outer loop
    vertex -7.69354581832886 -6.90880012512207 8.4614429473877
    vertex -7.74020004272461 -2.85439991950989 8.41878700256347
    vertex -7.83768129348755 -6.90880012512207 8.32811069488525
  endloop
endfacet
facet normal -0.669967437103215 1.26018974756732e-012 0.742390485675396
  outer loop
    vertex -7.69354581832886 -6.90880012512207 8.4614429473877
    vertex -7.69354581832886 1.20000004768372 8.4614429473877
    vertex -7.74020004272461 -2.85439991950989 8.41878700256347
  endloop
endfacet
facet normal -0.669967437103215 1.26018974756732e-012 0.742390485675396
  outer loop
    vertex -7.69354581832886 1.20000004768372 8.4614429473877
    vertex -7.69354581832886 -6.90880012512207 8.4614429473877
    vertex -7.59380626678467 -2.85439991950989 8.55106925964355
  endloop
endfacet
facet normal -0.666361720327574 -9.0105808474517e-005 0.745628627108039
  outer loop
    vertex -7.54714250564575 -6.90880012512207 8.59228229522705
    vertex -7.59380626678467 -2.85439991950989 8.55106925964355
    vertex -7.69354581832886 -6.90880012512207 8.4614429473877
  endloop
endfacet
facet normal -0.657048496961763 1.2473635285148e-012 0.753848308773249
  outer loop
    vertex -7.54714250564575 -6.90880012512207 8.59228229522705
    vertex -7.54714250564575 1.20000004768372 8.59228229522705
    vertex -7.59380626678467 -2.85439991950989 8.55106925964355
  endloop
endfacet
facet normal -0.657048496961763 1.2473635285148e-012 0.753848308773249
  outer loop
    vertex -7.54714250564575 1.20000004768372 8.59228229522705
    vertex -7.54714250564575 -6.90880012512207 8.59228229522705
    vertex -7.44515180587768 -2.85439991950989 8.68080520629883
  endloop
endfacet
facet normal -0.653459696450508 -8.9188671930409e-005 0.756961304929249
  outer loop
    vertex -7.39851474761963 -6.90880012512207 8.72058773040771
    vertex -7.44515180587768 -2.85439991950989 8.68080520629883
    vertex -7.54714250564575 -6.90880012512207 8.59228229522705
  endloop
endfacet
facet normal -0.64394294927734 1.23299388388484e-012 0.765073511550361
  outer loop
    vertex -7.39851474761963 -6.90880012512207 8.72058773040771
    vertex -7.39851474761963 1.20000004768372 8.72058773040771
    vertex -7.44515180587768 -2.85439991950989 8.68080520629883
  endloop
endfacet
facet normal -0.64394294927734 1.23299388388484e-012 0.765073511550361
  outer loop
    vertex -7.39851474761963 1.20000004768372 8.72058773040771
    vertex -7.39851474761963 -6.90880012512207 8.72058773040771
    vertex -7.29428148269653 -2.85439991950989 8.80795860290527
  endloop
endfacet
facet normal -0.640368548684023 -8.85574774816952e-005 0.768067779570196
  outer loop
    vertex -7.24770593643188 -6.90880012512207 8.84632301330566
    vertex -7.29428148269653 -2.85439991950989 8.80795860290527
    vertex -7.39851474761963 -6.90880012512207 8.72058773040771
  endloop
endfacet
facet normal -0.630638496778754 1.21726964178691e-012 0.776076727122153
  outer loop
    vertex -7.24770593643188 -6.90880012512207 8.84632301330566
    vertex -7.24770593643188 1.20000004768372 8.84632301330566
    vertex -7.29428148269653 -2.85439991950989 8.80795860290527
  endloop
endfacet
facet normal -0.630638496778754 1.21726964178691e-012 0.776076727122153
  outer loop
    vertex -7.24770593643188 1.20000004768372 8.84632301330566
    vertex -7.24770593643188 -6.90880012512207 8.84632301330566
    vertex -7.14123964309692 -2.85439991950989 8.9324893951416
  endloop
endfacet
facet normal -0.627088048645063 -8.76635247070134e-005 0.778948375414978
  outer loop
    vertex -7.09476041793823 -6.90880012512207 8.96945095062256
    vertex -7.14123964309692 -2.85439991950989 8.9324893951416
    vertex -7.24770593643188 -6.90880012512207 8.84632301330566
  endloop
endfacet
facet normal -0.617149880687827 1.20333986775804e-012 0.786845616856954
  outer loop
    vertex -7.09476041793823 -6.90880012512207 8.96945095062256
    vertex -7.09476041793823 1.20000004768372 8.96945095062256
    vertex -7.14123964309692 -2.85439991950989 8.9324893951416
  endloop
endfacet
facet normal -0.617149880687827 1.20333986775804e-012 0.786845616856954
  outer loop
    vertex -7.09476041793823 1.20000004768372 8.96945095062256
    vertex -7.09476041793823 -6.90880012512207 8.96945095062256
    vertex -6.9860725402832 -2.85439991950989 9.05436134338379
  endloop
endfacet
facet normal -0.613621620326041 -8.68273396180618e-005 0.789600215000893
  outer loop
    vertex -6.93972396850586 -6.90880012512207 9.08993434906006
    vertex -6.9860725402832 -2.85439991950989 9.05436134338379
    vertex -7.09476041793823 -6.90880012512207 8.96945095062256
  endloop
endfacet
facet normal -0.603477402690943 1.18803005817143e-012 0.797380100354525
  outer loop
    vertex -6.93972396850586 -6.90880012512207 9.08993434906006
    vertex -6.93972396850586 1.20000004768372 9.08993434906006
    vertex -6.9860725402832 -2.85439991950989 9.05436134338379
  endloop
endfacet
facet normal -0.603477402690943 1.18803005817143e-012 0.797380100354525
  outer loop
    vertex -6.93972396850586 1.20000004768372 9.08993434906006
    vertex -6.93972396850586 -6.90880012512207 9.08993434906006
    vertex -6.82882595062256 -2.85439991950989 9.17353820800781
  endloop
endfacet
facet normal -0.599972797912277 -8.60788945818987e-005 0.800020396212332
  outer loop
    vertex -6.78264141082764 -6.90880012512207 9.20773792266846
    vertex -6.82882595062256 -2.85439991950989 9.17353820800781
    vertex -6.93972396850586 -6.90880012512207 9.08993434906006
  endloop
endfacet
facet normal -0.589626944141293 1.17055716827233e-012 0.807675718802169
  outer loop
    vertex -6.78264141082764 -6.90880012512207 9.20773792266846
    vertex -6.78264141082764 1.20000004768372 9.20773792266846
    vertex -6.82882595062256 -2.85439991950989 9.17353820800781
  endloop
endfacet
facet normal -0.589626944141293 1.17055716827233e-012 0.807675718802169
  outer loop
    vertex -6.78264141082764 1.20000004768372 9.20773792266846
    vertex -6.78264141082764 -6.90880012512207 9.20773792266846
    vertex -6.66954660415649 -2.85439991950989 9.28998470306396
  endloop
endfacet
facet normal -0.586153771696155 -8.51862624078741e-005 0.810199820210836
  outer loop
    vertex -6.62355995178223 -6.90880012512207 9.32282829284668
    vertex -6.66954660415649 -2.85439991950989 9.28998470306396
    vertex -6.78264141082764 -6.90880012512207 9.20773792266846
  endloop
endfacet
facet normal -0.575600494242452 1.15594580672485e-012 0.817731050546477
  outer loop
    vertex -6.62355995178223 -6.90880012512207 9.32282829284668
    vertex -6.62355995178223 1.20000004768372 9.32282829284668
    vertex -6.66954660415649 -2.85439991950989 9.28998470306396
  endloop
endfacet
facet normal -0.575600494242452 1.15594580672485e-012 0.817731050546477
  outer loop
    vertex -6.62355995178223 1.20000004768372 9.32282829284668
    vertex -6.62355995178223 -6.90880012512207 9.32282829284668
    vertex -6.50828170776367 -2.85439991950989 9.40366649627686
  endloop
endfacet
facet normal -0.572155914407678 -8.43302208593499e-005 0.820144866774601
  outer loop
    vertex -6.46252584457397 -6.90880012512207 9.43517017364502
    vertex -6.50828170776367 -2.85439991950989 9.40366649627686
    vertex -6.62355995178223 -6.90880012512207 9.32282829284668
  endloop
endfacet
facet normal -0.561400326573728 1.13965663701209e-012 0.827544363356377
  outer loop
    vertex -6.46252584457397 -6.90880012512207 9.43517017364502
    vertex -6.46252584457397 1.20000004768372 9.43517017364502
    vertex -6.50828170776367 -2.85439991950989 9.40366649627686
  endloop
endfacet
facet normal -0.561400326573728 1.13965663701209e-012 0.827544363356377
  outer loop
    vertex -6.46252584457397 1.20000004768372 9.43517017364502
    vertex -6.46252584457397 -6.90880012512207 9.43517017364502
    vertex -6.34507989883423 -2.85439991950989 9.51454830169678
  endloop
endfacet
facet normal -0.557988937504733 -8.34334820220064e-005 0.829848382935819
  outer loop
    vertex -6.2995867729187 -6.90880012512207 9.5447301864624
    vertex -6.34507989883423 -2.85439991950989 9.51454830169678
    vertex -6.46252584457397 -6.90880012512207 9.43517017364502
  endloop
endfacet
facet normal -0.547038130503154 1.12239447413154e-012 0.837107689473472
  outer loop
    vertex -6.2995867729187 -6.90880012512207 9.5447301864624
    vertex -6.2995867729187 1.20000004768372 9.5447301864624
    vertex -6.34507989883423 -2.85439991950989 9.51454830169678
  endloop
endfacet
facet normal -0.547038130503154 1.12239447413154e-012 0.837107689473472
  outer loop
    vertex -6.2995867729187 1.20000004768372 9.5447301864624
    vertex -6.2995867729187 -6.90880012512207 9.5447301864624
    vertex -6.17998933792114 -2.85439991950989 9.62259864807129
  endloop
endfacet
facet normal -0.543662951655834 -8.25247084352782e-005 0.839303632892494
  outer loop
    vertex -6.13479042053223 -6.90880012512207 9.6514778137207
    vertex -6.17998933792114 -2.85439991950989 9.62259864807129
    vertex -6.2995867729187 -6.90880012512207 9.5447301864624
  endloop
endfacet
facet normal -0.532509275845902 1.10670830283087e-012 0.846424167387766
  outer loop
    vertex -6.13479042053223 -6.90880012512207 9.6514778137207
    vertex -6.13479042053223 1.20000004768372 9.6514778137207
    vertex -6.17998933792114 -2.85439991950989 9.62259864807129
  endloop
endfacet
facet normal -0.532509275845902 1.10670830283087e-012 0.846424167387766
  outer loop
    vertex -6.13479042053223 1.20000004768372 9.6514778137207
    vertex -6.13479042053223 -6.90880012512207 9.6514778137207
    vertex -6.01305961608887 -2.85439991950989 9.72778415679932
  endloop
endfacet
facet normal -0.529171131250941 -8.15554131073421e-005 0.84851511901634
  outer loop
    vertex -5.96818590164184 -6.90880012512207 9.75537967681885
    vertex -6.01305961608887 -2.85439991950989 9.72778415679932
    vertex -6.13479042053223 -6.90880012512207 9.6514778137207
  endloop
endfacet
facet normal -0.517824369495451 1.08983732433453e-012 0.855486950430361
  outer loop
    vertex -5.96818590164184 -6.90880012512207 9.75537967681885
    vertex -5.96818590164184 1.20000004768372 9.75537967681885
    vertex -6.01305961608887 -2.85439991950989 9.72778415679932
  endloop
endfacet
facet normal -0.517824369495451 1.08983732433453e-012 0.855486950430361
  outer loop
    vertex -5.96818590164184 1.20000004768372 9.75537967681885
    vertex -5.96818590164184 -6.90880012512207 9.75537967681885
    vertex -5.8443398475647 -2.85439991950989 9.83007431030273
  endloop
endfacet
facet normal -0.514523610185199 -8.06906677863514e-005 0.857476208446045
  outer loop
    vertex -5.79982233047485 -6.90880012512207 9.85640525817871
    vertex -5.8443398475647 -2.85439991950989 9.83007431030273
    vertex -5.96818590164184 -6.90880012512207 9.75537967681885
  endloop
endfacet
facet normal -0.502986067939256 1.07126491290118e-012 0.864294518933798
  outer loop
    vertex -5.79982233047485 -6.90880012512207 9.85640525817871
    vertex -5.79982233047485 1.20000004768372 9.85640525817871
    vertex -5.8443398475647 -2.85439991950989 9.83007431030273
  endloop
endfacet
facet normal -0.502986067939256 1.07126491290118e-012 0.864294518933798
  outer loop
    vertex -5.79982233047485 1.20000004768372 9.85640525817871
    vertex -5.79982233047485 -6.90880012512207 9.85640525817871
    vertex -5.67388010025024 -2.85439991950989 9.92943859100342
  endloop
endfacet
facet normal -0.499731281884346 -7.96112301136282e-005 0.866180489025399
  outer loop
    vertex -5.62974882125854 -6.90880012512207 9.95452690124512
    vertex -5.67388010025024 -2.85439991950989 9.92943859100342
    vertex -5.79982233047485 -6.90880012512207 9.85640525817871
  endloop
endfacet
facet normal -0.487998171063406 1.05607820397788e-012 0.872844651148629
  outer loop
    vertex -5.62974882125854 -6.90880012512207 9.95452690124512
    vertex -5.62974882125854 1.20000004768372 9.95452690124512
    vertex -5.67388010025024 -2.85439991950989 9.92943859100342
  endloop
endfacet
facet normal -0.487998171063406 1.05607820397788e-012 0.872844651148629
  outer loop
    vertex -5.62974882125854 1.20000004768372 9.95452690124512
    vertex -5.62974882125854 -6.90880012512207 9.95452690124512
    vertex -5.50173187255859 -2.85439991950989 10.0258474349976
  endloop
endfacet
facet normal -0.48478285819375 -7.86749579748805e-005 0.874634537513669
  outer loop
    vertex -5.45801591873169 -6.90880012512207 10.0497131347656
    vertex -5.50173187255859 -2.85439991950989 10.0258474349976
    vertex -5.62974882125854 -6.90880012512207 9.95452690124512
  endloop
endfacet
facet normal -0.472866495009144 1.03707762476589e-012 0.88113408621944
  outer loop
    vertex -5.45801591873169 -6.90880012512207 10.0497131347656
    vertex -5.45801591873169 1.20000004768372 10.0497131347656
    vertex -5.50173187255859 -2.85439991950989 10.0258474349976
  endloop
endfacet
facet normal -0.472866495009144 1.03707762476589e-012 0.88113408621944
  outer loop
    vertex -5.45801591873169 1.20000004768372 10.0497131347656
    vertex -5.45801591873169 -6.90880012512207 10.0497131347656
    vertex -5.32794570922852 -2.85439991950989 10.1192722320557
  endloop
endfacet
facet normal -0.469696581398455 -7.77376654540552e-005 0.88282790813355
  outer loop
    vertex -5.28467416763306 -6.90880012512207 10.1419372558594
    vertex -5.32794570922852 -2.85439991950989 10.1192722320557
    vertex -5.45801591873169 -6.90880012512207 10.0497131347656
  endloop
endfacet
facet normal -0.457592339640563 1.01887151012979e-012 0.889162105975213
  outer loop
    vertex -5.28467416763306 -6.90880012512207 10.1419372558594
    vertex -5.28467416763306 1.20000004768372 10.1419372558594
    vertex -5.32794570922852 -2.85439991950989 10.1192722320557
  endloop
endfacet
facet normal -0.457592339640563 1.01887151012979e-012 0.889162105975213
  outer loop
    vertex -5.28467416763306 1.20000004768372 10.1419372558594
    vertex -5.28467416763306 -6.90880012512207 10.1419372558594
    vertex -5.15257406234741 -2.85439991950989 10.2096843719482
  endloop
endfacet
facet normal -0.454469829123547 -7.67198587677694e-005 0.890762127916582
  outer loop
    vertex -5.10977458953857 -6.90880012512207 10.2311716079712
    vertex -5.15257406234741 -2.85439991950989 10.2096843719482
    vertex -5.28467416763306 -6.90880012512207 10.1419372558594
  endloop
endfacet
facet normal -0.442181475177996 1.00103880839291e-012 0.896925606173339
  outer loop
    vertex -5.10977458953857 -6.90880012512207 10.2311716079712
    vertex -5.10977458953857 1.20000004768372 10.2311716079712
    vertex -5.15257406234741 -2.85439991950989 10.2096843719482
  endloop
endfacet
facet normal -0.442181475177996 1.00103880839291e-012 0.896925606173339
  outer loop
    vertex -5.10977458953857 1.20000004768372 10.2311716079712
    vertex -5.10977458953857 -6.90880012512207 10.2311716079712
    vertex -4.97566843032837 -2.85439991950989 10.2970571517944
  endloop
endfacet
facet normal -0.439111254520387 -7.55235341678416e-005 0.898432691106979
  outer loop
    vertex -4.93336868286133 -6.90880012512207 10.3173904418945
    vertex -4.97566843032837 -2.85439991950989 10.2970571517944
    vertex -5.10977458953857 -6.90880012512207 10.2311716079712
  endloop
endfacet
facet normal -0.426644075156799 9.84510697615191e-013 0.904419611205772
  outer loop
    vertex -4.93336868286133 -6.90880012512207 10.3173904418945
    vertex -4.93336868286133 1.20000004768372 10.3173904418945
    vertex -4.97566843032837 -2.85439991950989 10.2970571517944
  endloop
endfacet
facet normal -0.426644075156799 9.84510697615191e-013 0.904419611205772
  outer loop
    vertex -4.93336868286133 1.20000004768372 10.3173904418945
    vertex -4.93336868286133 -6.90880012512207 10.3173904418945
    vertex -4.79728174209595 -2.85439991950989 10.381365776062
  endloop
endfacet
facet normal -0.423622790218161 -7.44384125507183e-005 0.905838686558872
  outer loop
    vertex -4.75550889968872 -6.90880012512207 10.4005680084229
    vertex -4.79728174209595 -2.85439991950989 10.381365776062
    vertex -4.93336868286133 -6.90880012512207 10.3173904418945
  endloop
endfacet
facet normal -0.410978108836064 9.66499049623439e-013 0.91164521281995
  outer loop
    vertex -4.75550889968872 -6.90880012512207 10.4005680084229
    vertex -4.75550889968872 1.20000004768372 10.4005680084229
    vertex -4.79728174209595 -2.85439991950989 10.381365776062
  endloop
endfacet
facet normal -0.410978108836064 9.66499049623439e-013 0.91164521281995
  outer loop
    vertex -4.75550889968872 1.20000004768372 10.4005680084229
    vertex -4.75550889968872 -6.90880012512207 10.4005680084229
    vertex -4.61746692657471 -2.85439991950989 10.4625844955444
  endloop
endfacet
facet normal -0.408007381545228 -7.33975883527184e-005 0.912978625827243
  outer loop
    vertex -4.576247215271 -6.90880012512207 10.4806795120239
    vertex -4.61746692657471 -2.85439991950989 10.4625844955444
    vertex -4.75550889968872 -6.90880012512207 10.4005680084229
  endloop
endfacet
facet normal -0.395190003898974 9.47324513503344e-013 0.918599401708018
  outer loop
    vertex -4.576247215271 -6.90880012512207 10.4806795120239
    vertex -4.576247215271 1.20000004768372 10.4806795120239
    vertex -4.61746692657471 -2.85439991950989 10.4625844955444
  endloop
endfacet
facet normal -0.395190003898974 9.47324513503344e-013 0.918599401708018
  outer loop
    vertex -4.576247215271 1.20000004768372 10.4806795120239
    vertex -4.576247215271 -6.90880012512207 10.4806795120239
    vertex -4.43627834320068 -2.85439991950989 10.5406885147095
  endloop
endfacet
facet normal -0.39226998822563 -7.24400066054496e-005 0.919850124253897
  outer loop
    vertex -4.39563608169556 -6.90880012512207 10.5577011108398
    vertex -4.43627834320068 -2.85439991950989 10.5406885147095
    vertex -4.576247215271 -6.90880012512207 10.4806795120239
  endloop
endfacet
facet normal -0.379284639980238 9.26657618348742e-013 0.925280045107999
  outer loop
    vertex -4.39563608169556 -6.90880012512207 10.5577011108398
    vertex -4.39563608169556 1.20000004768372 10.5577011108398
    vertex -4.43627834320068 -2.85439991950989 10.5406885147095
  endloop
endfacet
facet normal -0.379284639980238 9.26657618348742e-013 0.925280045107999
  outer loop
    vertex -4.39563608169556 1.20000004768372 10.5577011108398
    vertex -4.39563608169556 -6.90880012512207 10.5577011108398
    vertex -4.25376844406128 -2.85439991950989 10.6156549453735
  endloop
endfacet
facet normal -0.376422318417734 -7.1300201432267e-005 0.926448181558634
  outer loop
    vertex -4.21372985839844 -6.90880012512207 10.6316108703613
    vertex -4.25376844406128 -2.85439991950989 10.6156549453735
    vertex -4.39563608169556 -6.90880012512207 10.5577011108398
  endloop
endfacet
facet normal -0.363265059192093 9.08638521096743e-013 0.931685835875036
  outer loop
    vertex -4.21372985839844 -6.90880012512207 10.6316108703613
    vertex -4.21372985839844 1.20000004768372 10.6316108703613
    vertex -4.25376844406128 -2.85439991950989 10.6156549453735
  endloop
endfacet
facet normal -0.363265059192093 9.08638521096743e-013 0.931685835875036
  outer loop
    vertex -4.21372985839844 1.20000004768372 10.6316108703613
    vertex -4.21372985839844 -6.90880012512207 10.6316108703613
    vertex -4.069993019104 -2.85439991950989 10.687460899353
  endloop
endfacet
facet normal -0.360460989330972 -7.00344453475995e-005 0.932774286880655
  outer loop
    vertex -4.03058099746704 -6.90880012512207 10.7023868560791
    vertex -4.069993019104 -2.85439991950989 10.687460899353
    vertex -4.21372985839844 -6.90880012512207 10.6316108703613
  endloop
endfacet
facet normal -0.347141738120264 8.90880166266396e-013 0.937812675140853
  outer loop
    vertex -4.03058099746704 -6.90880012512207 10.7023868560791
    vertex -4.03058099746704 1.20000004768372 10.7023868560791
    vertex -4.069993019104 -2.85439991950989 10.687460899353
  endloop
endfacet
facet normal -0.347141738120264 8.90880166266396e-013 0.937812675140853
  outer loop
    vertex -4.03058099746704 1.20000004768372 10.7023868560791
    vertex -4.03058099746704 -6.90880012512207 10.7023868560791
    vertex -3.88500571250915 -2.85439991950989 10.7560863494873
  endloop
endfacet
facet normal -0.344394362174028 -6.8844568459736e-005 0.938825073463193
  outer loop
    vertex -3.84624433517456 -6.90880012512207 10.7700080871582
    vertex -3.88500571250915 -2.85439991950989 10.7560863494873
    vertex -4.03058099746704 -6.90880012512207 10.7023868560791
  endloop
endfacet
facet normal -0.330915170835181 8.72041379628443e-013 0.943660505537412
  outer loop
    vertex -3.84624433517456 -6.90880012512207 10.7700080871582
    vertex -3.84624433517456 1.20000004768372 10.7700080871582
    vertex -3.88500571250915 -2.85439991950989 10.7560863494873
  endloop
endfacet
facet normal -0.330915170835181 8.72041379628443e-013 0.943660505537412
  outer loop
    vertex -3.84624433517456 1.20000004768372 10.7700080871582
    vertex -3.84624433517456 -6.90880012512207 10.7700080871582
    vertex -3.69886231422424 -2.85439991950989 10.8215103149414
  endloop
endfacet
facet normal -0.328225032298484 -6.77074195207695e-005 0.944599557266657
  outer loop
    vertex -3.66077375411987 -6.90880012512207 10.834454536438
    vertex -3.69886231422424 -2.85439991950989 10.8215103149414
    vertex -3.84624433517456 -6.90880012512207 10.7700080871582
  endloop
endfacet
facet normal -0.31458778488218 8.52470264046534e-013 0.949228384322194
  outer loop
    vertex -3.66077375411987 -6.90880012512207 10.834454536438
    vertex -3.66077375411987 1.20000004768372 10.834454536438
    vertex -3.69886231422424 -2.85439991950989 10.8215103149414
  endloop
endfacet
facet normal -0.31458778488218 8.52470264046534e-013 0.949228384322194
  outer loop
    vertex -3.66077375411987 1.20000004768372 10.834454536438
    vertex -3.66077375411987 -6.90880012512207 10.834454536438
    vertex -3.51161766052246 -2.85439991950989 10.8837127685547
  endloop
endfacet
facet normal -0.311958860915884 -6.64623445400362e-005 0.950095608177841
  outer loop
    vertex -3.47422409057617 -6.90880012512207 10.8957071304321
    vertex -3.51161766052246 -2.85439991950989 10.8837127685547
    vertex -3.66077375411987 -6.90880012512207 10.834454536438
  endloop
endfacet
facet normal -0.298174252196549 8.32955995889087e-013 0.954511453743238
  outer loop
    vertex -3.47422409057617 -6.90880012512207 10.8957071304321
    vertex -3.47422409057617 1.20000004768372 10.8957071304321
    vertex -3.51161766052246 -2.85439991950989 10.8837127685547
  endloop
endfacet
facet normal -0.298174252196549 8.32955995889087e-013 0.954511453743238
  outer loop
    vertex -3.47422409057617 1.20000004768372 10.8957071304321
    vertex -3.47422409057617 -6.90880012512207 10.8957071304321
    vertex -3.32332801818848 -2.85439991950989 10.9426765441895
  endloop
endfacet
facet normal -0.295600539464173 -6.54762625572112e-005 0.955311633332992
  outer loop
    vertex -3.28665041923523 -6.90880012512207 10.9537477493286
    vertex -3.32332801818848 -2.85439991950989 10.9426765441895
    vertex -3.47422409057617 -6.90880012512207 10.8957071304321
  endloop
endfacet
facet normal -0.281662048049341 8.11363928974825e-013 0.959513674049855
  outer loop
    vertex -3.28665041923523 -6.90880012512207 10.9537477493286
    vertex -3.28665041923523 1.20000004768372 10.9537477493286
    vertex -3.32332801818848 -2.85439991950989 10.9426765441895
  endloop
endfacet
facet normal -0.281662048049341 8.11363928974825e-013 0.959513674049855
  outer loop
    vertex -3.28665041923523 1.20000004768372 10.9537477493286
    vertex -3.28665041923523 -6.90880012512207 10.9537477493286
    vertex -3.13404893875122 -2.85439991950989 10.9983816146851
  endloop
endfacet
facet normal -0.279158961754011 -6.3972660613421e-005 0.960244901043438
  outer loop
    vertex -3.09810781478882 -6.90880012512207 11.0085601806641
    vertex -3.13404893875122 -2.85439991950989 10.9983816146851
    vertex -3.28665041923523 -6.90880012512207 10.9537477493286
  endloop
endfacet
facet normal -0.265078041381571 7.94439898899254e-013 0.964226960822663
  outer loop
    vertex -3.09810781478882 -6.90880012512207 11.0085601806641
    vertex -3.09810781478882 1.20000004768372 11.0085601806641
    vertex -3.13404893875122 -2.85439991950989 10.9983816146851
  endloop
endfacet
facet normal -0.265078041381571 7.94439898899254e-013 0.964226960822663
  outer loop
    vertex -3.09810781478882 1.20000004768372 11.0085601806641
    vertex -3.09810781478882 -6.90880012512207 11.0085601806641
    vertex -2.94383692741394 -2.85439991950989 11.0508146286011
  endloop
endfacet
facet normal -0.262630666878355 -6.28699936522883e-005 0.964896434267634
  outer loop
    vertex -2.90865206718445 -6.90880012512207 11.0601272583008
    vertex -2.94383692741394 -2.85439991950989 11.0508146286011
    vertex -3.09810781478882 -6.90880012512207 11.0085601806641
  endloop
endfacet
facet normal -0.248403136726718 7.73525162390899e-013 0.968656740886227
  outer loop
    vertex -2.90865206718445 -6.90880012512207 11.0601272583008
    vertex -2.90865206718445 1.20000004768372 11.0601272583008
    vertex -2.94383692741394 -2.85439991950989 11.0508146286011
  endloop
endfacet
facet normal -0.248403136726718 7.73525162390899e-013 0.968656740886227
  outer loop
    vertex -2.90865206718445 1.20000004768372 11.0601272583008
    vertex -2.90865206718445 -6.90880012512207 11.0601272583008
    vertex -2.75274896621704 -2.85439991950989 11.0999565124512
  endloop
endfacet
facet normal -0.246024275725057 -6.14397529160199e-005 0.969263664840026
  outer loop
    vertex -2.71833872795105 -6.90880012512207 11.1084337234497
    vertex -2.75274896621704 -2.85439991950989 11.0999565124512
    vertex -2.90865206718445 -6.90880012512207 11.0601272583008
  endloop
endfacet
facet normal -0.231667536346882 7.54616139783573e-013 0.972795020856381
  outer loop
    vertex -2.71833872795105 -6.90880012512207 11.1084337234497
    vertex -2.71833872795105 1.20000004768372 11.1084337234497
    vertex -2.75274896621704 -2.85439991950989 11.0999565124512
  endloop
endfacet
facet normal -0.231667536346882 7.54616139783573e-013 0.972795020856381
  outer loop
    vertex -2.71833872795105 1.20000004768372 11.1084337234497
    vertex -2.71833872795105 -6.90880012512207 11.1084337234497
    vertex -2.56084132194519 -2.85439991950989 11.1457958221436
  endloop
endfacet
facet normal -0.229350109420021 -6.02128354082062e-005 0.97334399041831
  outer loop
    vertex -2.52722430229187 -6.90880012512207 11.1534662246704
    vertex -2.56084132194519 -2.85439991950989 11.1457958221436
    vertex -2.71833872795105 -6.90880012512207 11.1084337234497
  endloop
endfacet
facet normal -0.214857856439848 7.34165705418514e-013 0.976645330468576
  outer loop
    vertex -2.52722430229187 -6.90880012512207 11.1534662246704
    vertex -2.52722430229187 1.20000004768372 11.1534662246704
    vertex -2.56084132194519 -2.85439991950989 11.1457958221436
  endloop
endfacet
facet normal -0.214857856439848 7.34165705418514e-013 0.976645330468576
  outer loop
    vertex -2.52722430229187 1.20000004768372 11.1534662246704
    vertex -2.52722430229187 -6.90880012512207 11.1534662246704
    vertex -2.36817169189453 -2.85439991950989 11.1883172988892
  endloop
endfacet
facet normal -0.212603006353511 -5.9014592357261e-005 0.97713865863895
  outer loop
    vertex -2.335364818573 -6.90880012512207 11.1952104568481
    vertex -2.36817169189453 -2.85439991950989 11.1883172988892
    vertex -2.52722430229187 -6.90880012512207 11.1534662246704
  endloop
endfacet
facet normal -0.197981524122551 7.12903676948369e-013 0.980205751924621
  outer loop
    vertex -2.335364818573 -6.90880012512207 11.1952104568481
    vertex -2.335364818573 1.20000004768372 11.1952104568481
    vertex -2.36817169189453 -2.85439991950989 11.1883172988892
  endloop
endfacet
facet normal -0.197981524122551 7.12903676948369e-013 0.980205751924621
  outer loop
    vertex -2.335364818573 1.20000004768372 11.1952104568481
    vertex -2.335364818573 -6.90880012512207 11.1952104568481
    vertex -2.17479681968689 -2.85439991950989 11.2275075912476
  endloop
endfacet
facet normal -0.195797380577497 -5.75200895758855e-005 0.980644371038977
  outer loop
    vertex -2.14281678199768 -6.90880012512207 11.2336549758911
    vertex -2.17479681968689 -2.85439991950989 11.2275075912476
    vertex -2.335364818573 -6.90880012512207 11.1952104568481
  endloop
endfacet
facet normal -0.181050408772949 6.94668820432396e-013 0.983473817385673
  outer loop
    vertex -2.14281678199768 -6.90880012512207 11.2336549758911
    vertex -2.14281678199768 1.20000004768372 11.2336549758911
    vertex -2.17479681968689 -2.85439991950989 11.2275075912476
  endloop
endfacet
facet normal -0.181050408772949 6.94668820432396e-013 0.983473817385673
  outer loop
    vertex -2.14281678199768 1.20000004768372 11.2336549758911
    vertex -2.14281678199768 -6.90880012512207 11.2336549758911
    vertex -1.98077487945557 -2.85439991950989 11.2633562088013
  endloop
endfacet
facet normal -0.178933949979135 -5.6010654875739e-005 0.983861086946562
  outer loop
    vertex -1.9496374130249 -6.90880012512207 11.2687883377075
    vertex -1.98077487945557 -2.85439991950989 11.2633562088013
    vertex -2.14281678199768 -6.90880012512207 11.2336549758911
  endloop
endfacet
facet normal -0.164066657361925 6.76218139879245e-013 0.986449254620878
  outer loop
    vertex -1.9496374130249 -6.90880012512207 11.2687883377075
    vertex -1.9496374130249 1.20000004768372 11.2687883377075
    vertex -1.98077487945557 -2.85439991950989 11.2633562088013
  endloop
endfacet
facet normal -0.164066657361925 6.76218139879245e-013 0.986449254620878
  outer loop
    vertex -1.9496374130249 1.20000004768372 11.2687883377075
    vertex -1.9496374130249 -6.90880012512207 11.2687883377075
    vertex -1.78616321086884 -2.85439991950989 11.2958526611328
  endloop
endfacet
facet normal -0.162011887433545 -5.47571322615016e-005 0.986788804826989
  outer loop
    vertex -1.75588309764862 -6.90880012512207 11.3005990982056
    vertex -1.78616321086884 -2.85439991950989 11.2958526611328
    vertex -1.9496374130249 -6.90880012512207 11.2687883377075
  endloop
endfacet
facet normal -0.147034173239523 6.54212545237713e-013 0.989131412856639
  outer loop
    vertex -1.75588309764862 -6.90880012512207 11.3005990982056
    vertex -1.75588309764862 1.20000004768372 11.3005990982056
    vertex -1.78616321086884 -2.85439991950989 11.2958526611328
  endloop
endfacet
facet normal -0.147034173239523 6.54212545237713e-013 0.989131412856639
  outer loop
    vertex -1.75588309764862 1.20000004768372 11.3005990982056
    vertex -1.75588309764862 -6.90880012512207 11.3005990982056
    vertex -1.59101998806 -2.85439991950989 11.3249864578247
  endloop
endfacet
facet normal -0.145051027699426 -5.32457739837374e-005 0.989424174218635
  outer loop
    vertex -1.5616112947464 -6.90880012512207 11.3290796279907
    vertex -1.59101998806 -2.85439991950989 11.3249864578247
    vertex -1.75588309764862 -6.90880012512207 11.3005990982056
  endloop
endfacet
facet normal -0.129960510979431 6.35346754919366e-013 0.991519170558979
  outer loop
    vertex -1.5616112947464 -6.90880012512207 11.3290796279907
    vertex -1.5616112947464 1.20000004768372 11.3290796279907
    vertex -1.59101998806 -2.85439991950989 11.3249864578247
  endloop
endfacet
facet normal -0.129960510979431 6.35346754919366e-013 0.991519170558979
  outer loop
    vertex -1.5616112947464 1.20000004768372 11.3290796279907
    vertex -1.5616112947464 -6.90880012512207 11.3290796279907
    vertex -1.39540302753448 -2.85439991950989 11.3507499694824
  endloop
endfacet
facet normal -0.128041612767469 -5.18927260206333e-005 0.99176879498553
  outer loop
    vertex -1.36687910556793 -6.90880012512207 11.3542203903198
    vertex -1.39540302753448 -2.85439991950989 11.3507499694824
    vertex -1.5616112947464 -6.90880012512207 11.3290796279907
  endloop
endfacet
facet normal -0.112841474403897 6.14571392948535e-013 0.993613003968021
  outer loop
    vertex -1.36687910556793 -6.90880012512207 11.3542203903198
    vertex -1.36687910556793 1.20000004768372 11.3542203903198
    vertex -1.39540302753448 -2.85439991950989 11.3507499694824
  endloop
endfacet
facet normal -0.112841474403897 6.14571392948535e-013 0.993613003968021
  outer loop
    vertex -1.36687910556793 1.20000004768372 11.3542203903198
    vertex -1.36687910556793 -6.90880012512207 11.3542203903198
    vertex -1.19937086105347 -2.85439991950989 11.3731336593628
  endloop
endfacet
facet normal -0.110993453422971 -5.03374072024337e-005 0.993821136202782
  outer loop
    vertex -1.17174410820007 -6.90880012512207 11.3760137557983
    vertex -1.19937086105347 -2.85439991950989 11.3731336593628
    vertex -1.36687910556793 -6.90880012512207 11.3542203903198
  endloop
endfacet
facet normal -0.0956975850706259 5.9502298591521e-013 0.995410454140226
  outer loop
    vertex -1.17174410820007 -6.90880012512207 11.3760137557983
    vertex -1.17174410820007 1.20000004768372 11.3760137557983
    vertex -1.19937086105347 -2.85439991950989 11.3731336593628
  endloop
endfacet
facet normal -0.0956975850706259 5.9502298591521e-013 0.995410454140226
  outer loop
    vertex -1.17174410820007 1.20000004768372 11.3760137557983
    vertex -1.17174410820007 -6.90880012512207 11.3760137557983
    vertex -1.00298166275024 -2.85439991950989 11.3921327590942
  endloop
endfacet
facet normal -0.0939159692704231 -4.89025971308185e-005 0.995580126521484
  outer loop
    vertex -0.976263582706451 -6.90880012512207 11.3944540023804
    vertex -1.00298166275024 -2.85439991950989 11.3921327590942
    vertex -1.17174410820007 -6.90880012512207 11.3760137557983
  endloop
endfacet
facet normal -0.0785268353846388 5.74107611592883e-013 0.996912000190826
  outer loop
    vertex -0.976263582706451 -6.90880012512207 11.3944540023804
    vertex -0.976263582706451 1.20000004768372 11.3944540023804
    vertex -1.00298166275024 -2.85439991950989 11.3921327590942
  endloop
endfacet
facet normal -0.0785268353846388 5.74107611592883e-013 0.996912000190826
  outer loop
    vertex -0.976263582706451 1.20000004768372 11.3944540023804
    vertex -0.976263582706451 -6.90880012512207 11.3944540023804
    vertex -0.806293845176697 -2.85439991950989 11.4077415466309
  endloop
endfacet
facet normal -0.0768094569607619 -4.76042792622149e-005 0.997045788845841
  outer loop
    vertex -0.780495345592499 -6.90880012512207 11.40953540802
    vertex -0.806293845176697 -2.85439991950989 11.4077415466309
    vertex -0.976263582706451 -6.90880012512207 11.3944540023804
  endloop
endfacet
facet normal -0.0613243661037118 5.52001755586308e-013 0.998117889891759
  outer loop
    vertex -0.780495345592499 -6.90880012512207 11.40953540802
    vertex -0.780495345592499 1.20000004768372 11.40953540802
    vertex -0.806293845176697 -2.85439991950989 11.4077415466309
  endloop
endfacet
facet normal -0.0613243661037118 5.52001755586308e-013 0.998117889891759
  outer loop
    vertex -0.780495345592499 1.20000004768372 11.40953540802
    vertex -0.780495345592499 -6.90880012512207 11.40953540802
    vertex -0.609366118907928 -2.85439991950989 11.4199533462524
  endloop
endfacet
facet normal -0.0596786316358199 -4.60269424767569e-005 0.998217641001999
  outer loop
    vertex -0.584497034549713 -6.90880012512207 11.4212532043457
    vertex -0.609366118907928 -2.85439991950989 11.4199533462524
    vertex -0.780495345592499 -6.90880012512207 11.40953540802
  endloop
endfacet
facet normal -0.044115819936774 5.3175241087814e-013 0.999026423289848
  outer loop
    vertex -0.584497034549713 -6.90880012512207 11.4212532043457
    vertex -0.584497034549713 1.20000004768372 11.4212532043457
    vertex -0.609366118907928 -2.85439991950989 11.4199533462524
  endloop
endfacet
facet normal -0.044115819936774 5.3175241087814e-013 0.999026423289848
  outer loop
    vertex -0.584497034549713 1.20000004768372 11.4212532043457
    vertex -0.584497034549713 -6.90880012512207 11.4212532043457
    vertex -0.412256956100464 -2.85439991950989 11.4287672042847
  endloop
endfacet
facet normal -0.042538068229551 -4.45043389334966e-005 0.999094845733208
  outer loop
    vertex -0.388326406478882 -6.90880012512207 11.4296054840088
    vertex -0.412256956100464 -2.85439991950989 11.4287672042847
    vertex -0.584497034549713 -6.90880012512207 11.4212532043457
  endloop
endfacet
facet normal -0.0268834395561808 5.11920046147804e-013 0.999638575024808
  outer loop
    vertex -0.388326406478882 -6.90880012512207 11.4296054840088
    vertex -0.388326406478882 1.20000004768372 11.4296054840088
    vertex -0.412256956100464 -2.85439991950989 11.4287672042847
  endloop
endfacet
facet normal -0.0268834395561808 5.11920046147804e-013 0.999638575024808
  outer loop
    vertex -0.388326406478882 1.20000004768372 11.4296054840088
    vertex -0.388326406478882 -6.90880012512207 11.4296054840088
    vertex -0.215025082230568 -2.85439991950989 11.434178352356
  endloop
endfacet
facet normal -0.0253732507774612 -4.29602718863004e-005 0.999678046322614
  outer loop
    vertex -0.192041322588921 -6.90880012512207 11.4345874786377
    vertex -0.215025082230568 -2.85439991950989 11.434178352356
    vertex -0.388326406478882 -6.90880012512207 11.4296054840088
  endloop
endfacet
facet normal -0.00964804667083618 4.91043576866905e-013 0.999953456514571
  outer loop
    vertex -0.192041322588921 -6.90880012512207 11.4345874786377
    vertex -0.192041322588921 1.20000004768372 11.4345874786377
    vertex -0.215025082230568 -2.85439991950989 11.434178352356
  endloop
endfacet
facet normal -0.00964804667083618 4.91043576866905e-013 0.999953456514571
  outer loop
    vertex -0.192041322588921 1.20000004768372 11.4345874786377
    vertex -0.192041322588921 -6.90880012512207 11.4345874786377
    vertex -0.017729215323925 -2.85439991950989 11.436185836792
  endloop
endfacet
facet normal -0.00820842108209397 -4.13074980676666e-005 0.99996630949099
  outer loop
    vertex 0.00430037081241608 -6.90880012512207 11.4361991882324
    vertex -0.017729215323925 -2.85439991950989 11.436185836792
    vertex -0.192041322588921 -6.90880012512207 11.4345874786377
  endloop
endfacet
facet normal 0.00758801431780256 4.71449470484801e-013 0.999971210604942
  outer loop
    vertex 0.00430037081241608 -6.90880012512207 11.4361991882324
    vertex 0.00430037081241608 1.20000004768372 11.4361991882324
    vertex -0.017729215323925 -2.85439991950989 11.436185836792
  endloop
endfacet
facet normal 0.00758801431780256 4.71449470484801e-013 0.999971210604942
  outer loop
    vertex 0.00430037081241608 1.20000004768372 11.4361991882324
    vertex 0.00430037081241608 -6.90880012512207 11.4361991882324
    vertex 0.179571926593781 -2.85439991950989 11.4347896575928
  endloop
endfacet
facet normal 0.0089612643242746 -3.9754511140426e-005 0.999959846274484
  outer loop
    vertex 0.200640797615051 -6.90880012512207 11.4344396591187
    vertex 0.179571926593781 -2.85439991950989 11.4347896575928
    vertex 0.00430037081241608 -6.90880012512207 11.4361991882324
  endloop
endfacet
facet normal 0.0248218701040461 4.50464034040408e-013 0.999691889916357
  outer loop
    vertex 0.200640797615051 -6.90880012512207 11.4344396591187
    vertex 0.200640797615051 1.20000004768372 11.4344396591187
    vertex 0.179571926593781 -2.85439991950989 11.4347896575928
  endloop
endfacet
facet normal 0.0248218701040461 4.50464034040408e-013 0.999691889916357
  outer loop
    vertex 0.200640797615051 1.20000004768372 11.4344396591187
    vertex 0.200640797615051 -6.90880012512207 11.4344396591187
    vertex 0.376819610595703 -2.85439991950989 11.4299898147583
  endloop
endfacet
facet normal 0.026126093139175 -3.81162792523385e-005 0.99965865464389
  outer loop
    vertex 0.396922081708908 -6.90880012512207 11.4293098449707
    vertex 0.376819610595703 -2.85439991950989 11.4299898147583
    vertex 0.200640797615051 -6.90880012512207 11.4344396591187
  endloop
endfacet
facet normal 0.0420461449720899 4.30190361218886e-013 0.999115669826565
  outer loop
    vertex 0.396922081708908 -6.90880012512207 11.4293098449707
    vertex 0.396922081708908 1.20000004768372 11.4293098449707
    vertex 0.376819610595703 -2.85439991950989 11.4299898147583
  endloop
endfacet
facet normal 0.0420461449720899 4.30190361218886e-013 0.999115669826565
  outer loop
    vertex 0.396922081708908 1.20000004768372 11.4293098449707
    vertex 0.396922081708908 -6.90880012512207 11.4293098449707
    vertex 0.573955178260803 -2.85439991950989 11.4217882156372
  endloop
endfacet
facet normal 0.0432860631299152 -3.66235045384044e-005 0.999062718450364
  outer loop
    vertex 0.593086361885071 -6.90880012512207 11.4208106994629
    vertex 0.573955178260803 -2.85439991950989 11.4217882156372
    vertex 0.396922081708908 -6.90880012512207 11.4293098449707
  endloop
endfacet
facet normal 0.0592580255505613 4.08066005901844e-013 0.998242699150787
  outer loop
    vertex 0.593086361885071 -6.90880012512207 11.4208106994629
    vertex 0.593086361885071 1.20000004768372 11.4208106994629
    vertex 0.573955178260803 -2.85439991950989 11.4217882156372
  endloop
endfacet
facet normal 0.0592580255505613 4.08066005901844e-013 0.998242699150787
  outer loop
    vertex 0.593086361885071 1.20000004768372 11.4208106994629
    vertex 0.593086361885071 -6.90880012512207 11.4208106994629
    vertex 0.770919859409332 -2.85439991950989 11.4101867675781
  endloop
endfacet
facet normal 0.0604314713785261 -3.50791425673526e-005 0.998172347862071
  outer loop
    vertex 0.789075791835785 -6.90880012512207 11.4089450836182
    vertex 0.770919859409332 -2.85439991950989 11.4101867675781
    vertex 0.593086361885071 -6.90880012512207 11.4208106994629
  endloop
endfacet
facet normal 0.0764553770755544 3.86548326286684e-013 0.997073004005341
  outer loop
    vertex 0.789075791835785 -6.90880012512207 11.4089450836182
    vertex 0.789075791835785 1.20000004768372 11.4089450836182
    vertex 0.770919859409332 -2.85439991950989 11.4101867675781
  endloop
endfacet
facet normal 0.0764553770755544 3.86548326286684e-013 0.997073004005341
  outer loop
    vertex 0.789075791835785 1.20000004768372 11.4089450836182
    vertex 0.789075791835785 -6.90880012512207 11.4089450836182
    vertex 0.967655062675476 -2.85439991950989 11.395188331604
  endloop
endfacet
facet normal 0.0775574257879681 -3.32560752155809e-005 0.996987885883864
  outer loop
    vertex 0.98483270406723 -6.90880012512207 11.3937168121338
    vertex 0.967655062675476 -2.85439991950989 11.395188331604
    vertex 0.789075791835785 -6.90880012512207 11.4089450836182
  endloop
endfacet
facet normal 0.0936261196221614 3.67641650887908e-013 0.995607427515734
  outer loop
    vertex 0.98483270406723 -6.90880012512207 11.3937168121338
    vertex 0.98483270406723 1.20000004768372 11.3937168121338
    vertex 0.967655062675476 -2.85439991950989 11.395188331604
  endloop
endfacet
facet normal 0.0936261196221614 3.67641650887908e-013 0.995607427515734
  outer loop
    vertex 0.98483270406723 1.20000004768372 11.3937168121338
    vertex 0.98483270406723 -6.90880012512207 11.3937168121338
    vertex 1.16410219669342 -2.85439991950989 11.3767986297607
  endloop
endfacet
facet normal 0.0946687869796377 -3.18235879783707e-005 0.995508824551075
  outer loop
    vertex 1.18029928207397 -6.90880012512207 11.3751287460327
    vertex 1.16410219669342 -2.85439991950989 11.3767986297607
    vertex 0.98483270406723 -6.90880012512207 11.3937168121338
  endloop
endfacet
facet normal 0.111741435919125 -2.99293982959766e-005 0.993737314687822
  outer loop
    vertex 1.37541782855988 -6.90880012512207 11.3531885147095
    vertex 1.36020290851593 -2.85439991950989 11.3550214767456
    vertex 1.18029928207397 -6.90880012512207 11.3751287460327
  endloop
endfacet
facet normal 0.128784781442631 -2.82070688766657e-005 0.991672566562742
  outer loop
    vertex 1.5701310634613 -6.90880012512207 11.32790184021
    vertex 1.55589878559113 -2.85439991950989 11.3298654556274
    vertex 1.37541782855988 -6.90880012512207 11.3531885147095
  endloop
endfacet
facet normal 0.145794164849604 -2.6415192543567e-005 0.989314945200993
  outer loop
    vertex 1.76438140869141 -6.90880012512207 11.2992753982544
    vertex 1.75113141536713 -2.85439991950989 11.3013362884521
    vertex 1.5701310634613 -6.90880012512207 11.32790184021
  endloop
endfacet
facet normal 0.162755072358291 -2.45780114117382e-005 0.986666501821952
  outer loop
    vertex 1.9581116437912 -6.90880012512207 11.2673187255859
    vertex 1.94584286212921 -2.85439991950989 11.2694435119629
    vertex 1.76438140869141 -6.90880012512207 11.2992753982544
  endloop
endfacet
facet normal 0.179672155767963 -2.28743371571206e-005 0.983726545295214
  outer loop
    vertex 2.15126466751099 -6.90880012512207 11.2320404052734
    vertex 2.13997507095337 -2.85439991950989 11.2341966629028
    vertex 1.9581116437912 -6.90880012512207 11.2673187255859
  endloop
endfacet
facet normal 0.36116088057384 -6.60105796368649e-020 0.93250352189315
  outer loop
    vertex 4.22172403335571 -6.90880012512207 10.628438949585
    vertex 4.03862857818604 1.20000004768372 10.6993522644043
    vertex 4.03862857818604 -6.90880012512207 10.6993522644043
  endloop
endfacet
facet normal 0.36116088057384 -6.60105796368649e-020 0.93250352189315
  outer loop
    vertex 4.03862857818604 1.20000004768372 10.6993522644043
    vertex 4.22172403335571 -6.90880012512207 10.628438949585
    vertex 4.22172403335571 1.20000004768372 10.628438949585
  endloop
endfacet
facet normal 0.37711660043508 6.88563184253588e-019 0.926165789519505
  outer loop
    vertex 4.40357494354248 -6.90880012512207 10.5543928146362
    vertex 4.22172403335571 1.20000004768372 10.628438949585
    vertex 4.22172403335571 -6.90880012512207 10.628438949585
  endloop
endfacet
facet normal 0.37711660043508 6.88563184253588e-019 0.926165789519505
  outer loop
    vertex 4.22172403335571 1.20000004768372 10.628438949585
    vertex 4.40357494354248 -6.90880012512207 10.5543928146362
    vertex 4.40357494354248 1.20000004768372 10.5543928146362
  endloop
endfacet
facet normal 0.345062584845993 3.02975448879587e-014 0.938579678311544
  outer loop
    vertex 4.03862857818604 -6.90880012512207 10.6993522644043
    vertex 3.85434293746948 1.20000004768372 10.7671127319336
    vertex 3.85434293746948 -6.90880012512207 10.7671127319336
  endloop
endfacet
facet normal 0.345062584845993 3.02975448879587e-014 0.938579678311544
  outer loop
    vertex 3.85434293746948 1.20000004768372 10.7671127319336
    vertex 4.03862857818604 -6.90880012512207 10.6993522644043
    vertex 4.03862857818604 1.20000004768372 10.6993522644043
  endloop
endfacet
facet normal 0.328841215048726 1.07495809099356e-014 0.944385226104939
  outer loop
    vertex 3.85434293746948 -6.90880012512207 10.7671127319336
    vertex 3.66892099380493 1.20000004768372 10.8316984176636
    vertex 3.66892099380493 -6.90880012512207 10.8316984176636
  endloop
endfacet
facet normal 0.328841215048726 1.07495809099356e-014 0.944385226104939
  outer loop
    vertex 3.66892099380493 1.20000004768372 10.8316984176636
    vertex 3.85434293746948 -6.90880012512207 10.7671127319336
    vertex 3.85434293746948 1.20000004768372 10.7671127319336
  endloop
endfacet
facet normal 0.312552297367079 1.09659410040054e-014 0.949900553432074
  outer loop
    vertex 3.66892099380493 -6.90880012512207 10.8316984176636
    vertex 3.482417345047 1.20000004768372 10.8930912017822
    vertex 3.482417345047 -6.90880012512207 10.8930912017822
  endloop
endfacet
facet normal 0.312552297367079 1.09659410040054e-014 0.949900553432074
  outer loop
    vertex 3.482417345047 1.20000004768372 10.8930912017822
    vertex 3.66892099380493 -6.90880012512207 10.8316984176636
    vertex 3.66892099380493 1.20000004768372 10.8316984176636
  endloop
endfacet
facet normal 0.296171706304899 1.07657154031509e-014 0.955134713212981
  outer loop
    vertex 3.482417345047 -6.90880012512207 10.8930912017822
    vertex 3.29488730430603 1.20000004768372 10.9512729644775
    vertex 3.29488730430603 -6.90880012512207 10.9512729644775
  endloop
endfacet
facet normal 0.296171706304899 1.07657154031509e-014 0.955134713212981
  outer loop
    vertex 3.29488730430603 1.20000004768372 10.9512729644775
    vertex 3.482417345047 -6.90880012512207 10.8930912017822
    vertex 3.482417345047 1.20000004768372 10.8930912017822
  endloop
endfacet
facet normal 0.279705112256821 1.17224592426886e-014 0.96008595978558
  outer loop
    vertex 3.29488730430603 -6.90880012512207 10.9512729644775
    vertex 3.1063859462738 1.20000004768372 11.0062274932861
    vertex 3.1063859462738 -6.90880012512207 11.0062274932861
  endloop
endfacet
facet normal 0.279705112256821 1.17224592426886e-014 0.96008595978558
  outer loop
    vertex 3.1063859462738 1.20000004768372 11.0062274932861
    vertex 3.29488730430603 -6.90880012512207 10.9512729644775
    vertex 3.29488730430603 1.20000004768372 10.9512729644775
  endloop
endfacet
facet normal 0.26315176409253 1.2142962598322e-014 0.964754450134846
  outer loop
    vertex 3.1063859462738 -6.90880012512207 11.0062274932861
    vertex 2.91696906089783 1.20000004768372 11.057936668396
    vertex 2.91696906089783 -6.90880012512207 11.057936668396
  endloop
endfacet
facet normal 0.26315176409253 1.2142962598322e-014 0.964754450134846
  outer loop
    vertex 2.91696906089783 1.20000004768372 11.057936668396
    vertex 3.1063859462738 -6.90880012512207 11.0062274932861
    vertex 3.1063859462738 1.20000004768372 11.0062274932861
  endloop
endfacet
facet normal 0.246520508619099 1.16837004355368e-014 0.969137574769537
  outer loop
    vertex 2.91696906089783 -6.90880012512207 11.057936668396
    vertex 2.72669219970703 1.20000004768372 11.1063861846924
    vertex 2.72669219970703 -6.90880012512207 11.1063861846924
  endloop
endfacet
facet normal 0.246520508619099 1.16837004355368e-014 0.969137574769537
  outer loop
    vertex 2.72669219970703 1.20000004768372 11.1063861846924
    vertex 2.91696906089783 -6.90880012512207 11.057936668396
    vertex 2.91696906089783 1.20000004768372 11.057936668396
  endloop
endfacet
facet normal 0.229821073213902 1.33750962158624e-014 0.97323289828633
  outer loop
    vertex 2.72669219970703 -6.90880012512207 11.1063861846924
    vertex 2.53561162948608 1.20000004768372 11.1515626907349
    vertex 2.53561162948608 -6.90880012512207 11.1515626907349
  endloop
endfacet
facet normal 0.229821073213902 1.33750962158624e-014 0.97323289828633
  outer loop
    vertex 2.53561162948608 1.20000004768372 11.1515626907349
    vertex 2.72669219970703 -6.90880012512207 11.1063861846924
    vertex 2.72669219970703 1.20000004768372 11.1063861846924
  endloop
endfacet
facet normal 0.213047642196421 1.43712880495068e-014 0.977041811876311
  outer loop
    vertex 2.53561162948608 -6.90880012512207 11.1515626907349
    vertex 2.34378361701965 1.20000004768372 11.1934509277344
    vertex 2.34378361701965 -6.90880012512207 11.1934509277344
  endloop
endfacet
facet normal 0.213047642196421 1.43712880495068e-014 0.977041811876311
  outer loop
    vertex 2.34378361701965 1.20000004768372 11.1934509277344
    vertex 2.53561162948608 -6.90880012512207 11.1515626907349
    vertex 2.53561162948608 1.20000004768372 11.1515626907349
  endloop
endfacet
facet normal 0.196217396580803 1.45612020992435e-014 0.980560417964672
  outer loop
    vertex 2.15126466751099 -6.90880012512207 11.2320404052734
    vertex 2.15126466751099 1.20000004768372 11.2320404052734
    vertex 2.13997507095337 -2.85439991950989 11.2341966629028
  endloop
endfacet
facet normal 0.196217396580803 1.45612020992435e-014 0.980560417964672
  outer loop
    vertex 2.15126466751099 1.20000004768372 11.2320404052734
    vertex 2.15126466751099 -6.90880012512207 11.2320404052734
    vertex 2.34378361701965 -6.90880012512207 11.1934509277344
  endloop
endfacet
facet normal 0.196217396580803 1.45612020992435e-014 0.980560417964672
  outer loop
    vertex 2.15126466751099 1.20000004768372 11.2320404052734
    vertex 2.34378361701965 -6.90880012512207 11.1934509277344
    vertex 2.34378361701965 1.20000004768372 11.1934509277344
  endloop
endfacet
facet normal 0.179185130690868 4.96917007352933e-006 0.983815373388017
  outer loop
    vertex 1.9581116437912 -6.90880012512207 11.2673187255859
    vertex 1.9581116437912 1.20000004768372 11.2673187255859
    vertex 1.94584286212921 -2.85439991950989 11.2694435119629
  endloop
endfacet
facet normal 0.179185130690868 4.96917007352933e-006 0.983815373388017
  outer loop
    vertex 1.9581116437912 1.20000004768372 11.2673187255859
    vertex 1.9581116437912 -6.90880012512207 11.2673187255859
    vertex 2.13997507095337 -2.85439991950989 11.2341966629028
  endloop
endfacet
facet normal 0.179185130690868 4.96917007352933e-006 0.983815373388017
  outer loop
    vertex 1.9581116437912 1.20000004768372 11.2673187255859
    vertex 2.13997507095337 -2.85439991950989 11.2341966629028
    vertex 2.15126466751099 1.20000004768372 11.2320404052734
  endloop
endfacet
facet normal 0.162228013834138 5.37357419430149e-006 0.986753298194921
  outer loop
    vertex 1.76438140869141 -6.90880012512207 11.2992753982544
    vertex 1.76438140869141 1.20000004768372 11.2992753982544
    vertex 1.75113141536713 -2.85439991950989 11.3013362884521
  endloop
endfacet
facet normal 0.162228013834138 5.37357419430149e-006 0.986753298194921
  outer loop
    vertex 1.76438140869141 1.20000004768372 11.2992753982544
    vertex 1.76438140869141 -6.90880012512207 11.2992753982544
    vertex 1.94584286212921 -2.85439991950989 11.2694435119629
  endloop
endfacet
facet normal 0.162228013834138 5.37357419430149e-006 0.986753298194921
  outer loop
    vertex 1.76438140869141 1.20000004768372 11.2992753982544
    vertex 1.94584286212921 -2.85439991950989 11.2694435119629
    vertex 1.9581116437912 1.20000004768372 11.2673187255859
  endloop
endfacet
facet normal 0.145224640231992 5.81065865996649e-006 0.989398708224205
  outer loop
    vertex 1.5701310634613 -6.90880012512207 11.32790184021
    vertex 1.5701310634613 1.20000004768372 11.32790184021
    vertex 1.55589878559113 -2.85439991950989 11.3298654556274
  endloop
endfacet
facet normal 0.145224640231992 5.81065865996649e-006 0.989398708224205
  outer loop
    vertex 1.5701310634613 1.20000004768372 11.32790184021
    vertex 1.5701310634613 -6.90880012512207 11.32790184021
    vertex 1.75113141536713 -2.85439991950989 11.3013362884521
  endloop
endfacet
facet normal 0.145224640231992 5.81065865996649e-006 0.989398708224205
  outer loop
    vertex 1.5701310634613 1.20000004768372 11.32790184021
    vertex 1.75113141536713 -2.85439991950989 11.3013362884521
    vertex 1.76438140869141 1.20000004768372 11.2992753982544
  endloop
endfacet
facet normal 0.128172825602664 6.24390586159423e-006 0.991751847358019
  outer loop
    vertex 1.37541782855988 -6.90880012512207 11.3531885147095
    vertex 1.37541782855988 1.20000004768372 11.3531885147095
    vertex 1.36020290851593 -2.85439991950989 11.3550214767456
  endloop
endfacet
facet normal 0.128172825602664 6.24390586159423e-006 0.991751847358019
  outer loop
    vertex 1.37541782855988 1.20000004768372 11.3531885147095
    vertex 1.37541782855988 -6.90880012512207 11.3531885147095
    vertex 1.55589878559113 -2.85439991950989 11.3298654556274
  endloop
endfacet
facet normal 0.128172825602664 6.24390586159423e-006 0.991751847358019
  outer loop
    vertex 1.37541782855988 1.20000004768372 11.3531885147095
    vertex 1.55589878559113 -2.85439991950989 11.3298654556274
    vertex 1.5701310634613 1.20000004768372 11.32790184021
  endloop
endfacet
facet normal 0.111089067670888 6.664996653719e-006 0.993810454261571
  outer loop
    vertex 1.18029928207397 -6.90880012512207 11.3751287460327
    vertex 1.18029928207397 1.20000004768372 11.3751287460327
    vertex 1.16410219669342 -2.85439991950989 11.3767986297607
  endloop
endfacet
facet normal 0.111089067670888 6.664996653719e-006 0.993810454261571
  outer loop
    vertex 1.18029928207397 1.20000004768372 11.3751287460327
    vertex 1.18029928207397 -6.90880012512207 11.3751287460327
    vertex 1.36020290851593 -2.85439991950989 11.3550214767456
  endloop
endfacet
facet normal 0.111089067670888 6.664996653719e-006 0.993810454261571
  outer loop
    vertex 1.18029928207397 1.20000004768372 11.3751287460327
    vertex 1.36020290851593 -2.85439991950989 11.3550214767456
    vertex 1.37541782855988 1.20000004768372 11.3531885147095
  endloop
endfacet
facet normal 0.0946687869796377 3.18235898497534e-005 0.995508824551075
  outer loop
    vertex 1.18029928207397 1.20000004768372 11.3751287460327
    vertex 0.98483270406723 1.20000004768372 11.3937168121338
    vertex 1.16410219669342 -2.85439991950989 11.3767986297607
  endloop
endfacet
facet normal 0.0775574257879681 3.32560771712014e-005 0.996987885883864
  outer loop
    vertex 0.98483270406723 1.20000004768372 11.3937168121338
    vertex 0.789075791835785 1.20000004768372 11.4089450836182
    vertex 0.967655062675476 -2.85439991950989 11.395188331604
  endloop
endfacet
facet normal 0.0604314713785261 3.50791446301783e-005 0.998172347862071
  outer loop
    vertex 0.789075791835785 1.20000004768372 11.4089450836182
    vertex 0.593086361885071 1.20000004768372 11.4208106994629
    vertex 0.770919859409332 -2.85439991950989 11.4101867675781
  endloop
endfacet
facet normal 0.0432860631299152 3.66235066920461e-005 0.999062718450364
  outer loop
    vertex 0.593086361885071 1.20000004768372 11.4208106994629
    vertex 0.396922081708908 1.20000004768372 11.4293098449707
    vertex 0.573955178260803 -2.85439991950989 11.4217882156372
  endloop
endfacet
facet normal 0.026126093139175 3.81162814937623e-005 0.99965865464389
  outer loop
    vertex 0.396922081708908 1.20000004768372 11.4293098449707
    vertex 0.200640797615051 1.20000004768372 11.4344396591187
    vertex 0.376819610595703 -2.85439991950989 11.4299898147583
  endloop
endfacet
facet normal 0.00896126432427461 3.9754513478186e-005 0.999959846274484
  outer loop
    vertex 0.200640797615051 1.20000004768372 11.4344396591187
    vertex 0.00430037081241608 1.20000004768372 11.4361991882324
    vertex 0.179571926593781 -2.85439991950989 11.4347896575928
  endloop
endfacet
facet normal -0.00820842108209396 4.13075004967499e-005 0.99996630949099
  outer loop
    vertex 0.00430037081241608 1.20000004768372 11.4361991882324
    vertex -0.192041322588921 1.20000004768372 11.4345874786377
    vertex -0.017729215323925 -2.85439991950989 11.436185836792
  endloop
endfacet
facet normal -0.0253732507774612 4.29602744125747e-005 0.999678046322614
  outer loop
    vertex -0.192041322588921 1.20000004768372 11.4345874786377
    vertex -0.388326406478882 1.20000004768372 11.4296054840088
    vertex -0.215025082230568 -2.85439991950989 11.434178352356
  endloop
endfacet
facet normal -0.042538068229551 4.45043415505699e-005 0.999094845733207
  outer loop
    vertex -0.388326406478882 1.20000004768372 11.4296054840088
    vertex -0.584497034549713 1.20000004768372 11.4212532043457
    vertex -0.412256956100464 -2.85439991950989 11.4287672042847
  endloop
endfacet
facet normal -0.0596786316358199 4.60269451833664e-005 0.998217641001999
  outer loop
    vertex -0.584497034549713 1.20000004768372 11.4212532043457
    vertex -0.780495345592499 1.20000004768372 11.40953540802
    vertex -0.609366118907928 -2.85439991950989 11.4199533462524
  endloop
endfacet
facet normal -0.0768094569607619 4.76042820615798e-005 0.997045788845841
  outer loop
    vertex -0.780495345592499 1.20000004768372 11.40953540802
    vertex -0.976263582706451 1.20000004768372 11.3944540023804
    vertex -0.806293845176697 -2.85439991950989 11.4077415466309
  endloop
endfacet
facet normal -0.0939159692704231 4.89026000065307e-005 0.995580126521483
  outer loop
    vertex -0.976263582706451 1.20000004768372 11.3944540023804
    vertex -1.17174410820007 1.20000004768372 11.3760137557983
    vertex -1.00298166275024 -2.85439991950989 11.3921327590942
  endloop
endfacet
facet normal -0.110993453422971 5.03374101625198e-005 0.993821136202782
  outer loop
    vertex -1.17174410820007 1.20000004768372 11.3760137557983
    vertex -1.36687910556793 1.20000004768372 11.3542203903198
    vertex -1.19937086105347 -2.85439991950989 11.3731336593628
  endloop
endfacet
facet normal -0.128041612767469 5.18927290721797e-005 0.99176879498553
  outer loop
    vertex -1.36687910556793 1.20000004768372 11.3542203903198
    vertex -1.5616112947464 1.20000004768372 11.3290796279907
    vertex -1.39540302753448 -2.85439991950989 11.3507499694824
  endloop
endfacet
facet normal -0.145051027699426 5.32457771148496e-005 0.989424174218635
  outer loop
    vertex -1.5616112947464 1.20000004768372 11.3290796279907
    vertex -1.75588309764862 1.20000004768372 11.3005990982056
    vertex -1.59101998806 -2.85439991950989 11.3249864578247
  endloop
endfacet
facet normal -0.162011887433545 5.47571354814893e-005 0.986788804826989
  outer loop
    vertex -1.75588309764862 1.20000004768372 11.3005990982056
    vertex -1.9496374130249 1.20000004768372 11.2687883377075
    vertex -1.78616321086884 -2.85439991950989 11.2958526611328
  endloop
endfacet
facet normal -0.178933949979135 5.60106581694382e-005 0.983861086946562
  outer loop
    vertex -1.9496374130249 1.20000004768372 11.2687883377075
    vertex -2.14281678199768 1.20000004768372 11.2336549758911
    vertex -1.98077487945557 -2.85439991950989 11.2633562088013
  endloop
endfacet
facet normal -0.195797380577497 5.75200929583478e-005 0.980644371038977
  outer loop
    vertex -2.14281678199768 1.20000004768372 11.2336549758911
    vertex -2.335364818573 1.20000004768372 11.1952104568481
    vertex -2.17479681968689 -2.85439991950989 11.2275075912476
  endloop
endfacet
facet normal -0.212603006353511 5.90145958276078e-005 0.97713865863895
  outer loop
    vertex -2.335364818573 1.20000004768372 11.1952104568481
    vertex -2.52722430229187 1.20000004768372 11.1534662246704
    vertex -2.36817169189453 -2.85439991950989 11.1883172988892
  endloop
endfacet
facet normal -0.229350109420021 6.02128389490159e-005 0.97334399041831
  outer loop
    vertex -2.52722430229187 1.20000004768372 11.1534662246704
    vertex -2.71833872795105 1.20000004768372 11.1084337234497
    vertex -2.56084132194519 -2.85439991950989 11.1457958221436
  endloop
endfacet
facet normal -0.246024275725057 6.14397565289779e-005 0.969263664840025
  outer loop
    vertex -2.71833872795105 1.20000004768372 11.1084337234497
    vertex -2.90865206718445 1.20000004768372 11.0601272583008
    vertex -2.75274896621704 -2.85439991950989 11.0999565124512
  endloop
endfacet
facet normal -0.262630666878355 6.28699973493511e-005 0.964896434267634
  outer loop
    vertex -2.90865206718445 1.20000004768372 11.0601272583008
    vertex -3.09810781478882 1.20000004768372 11.0085601806641
    vertex -2.94383692741394 -2.85439991950989 11.0508146286011
  endloop
endfacet
facet normal -0.279158961754011 6.39726643753266e-005 0.960244901043437
  outer loop
    vertex -3.09810781478882 1.20000004768372 11.0085601806641
    vertex -3.28665041923523 1.20000004768372 10.9537477493286
    vertex -3.13404893875122 -2.85439991950989 10.9983816146851
  endloop
endfacet
facet normal -0.295600539464173 6.54762664075372e-005 0.955311633332992
  outer loop
    vertex -3.28665041923523 1.20000004768372 10.9537477493286
    vertex -3.47422409057617 1.20000004768372 10.8957071304321
    vertex -3.32332801818848 -2.85439991950989 10.9426765441895
  endloop
endfacet
facet normal -0.311958860915884 6.64623484483472e-005 0.95009560817784
  outer loop
    vertex -3.47422409057617 1.20000004768372 10.8957071304321
    vertex -3.66077375411987 1.20000004768372 10.834454536438
    vertex -3.51161766052246 -2.85439991950989 10.8837127685547
  endloop
endfacet
facet normal -0.328225032298484 6.77074235022963e-005 0.944599557266657
  outer loop
    vertex -3.66077375411987 1.20000004768372 10.834454536438
    vertex -3.84624433517456 1.20000004768372 10.7700080871582
    vertex -3.69886231422424 -2.85439991950989 10.8215103149414
  endloop
endfacet
facet normal -0.344394362174028 6.88445725081321e-005 0.938825073463193
  outer loop
    vertex -3.84624433517456 1.20000004768372 10.7700080871582
    vertex -4.03058099746704 1.20000004768372 10.7023868560791
    vertex -3.88500571250915 -2.85439991950989 10.7560863494873
  endloop
endfacet
facet normal -0.360460989330971 7.00344494659691e-005 0.932774286880654
  outer loop
    vertex -4.03058099746704 1.20000004768372 10.7023868560791
    vertex -4.21372985839844 1.20000004768372 10.6316108703613
    vertex -4.069993019104 -2.85439991950989 10.687460899353
  endloop
endfacet
facet normal -0.376422318417734 7.13002056250681e-005 0.926448181558633
  outer loop
    vertex -4.21372985839844 1.20000004768372 10.6316108703613
    vertex -4.39563608169556 1.20000004768372 10.5577011108398
    vertex -4.25376844406128 -2.85439991950989 10.6156549453735
  endloop
endfacet
facet normal -0.39226998822563 7.24400108652754e-005 0.919850124253896
  outer loop
    vertex -4.39563608169556 1.20000004768372 10.5577011108398
    vertex -4.576247215271 1.20000004768372 10.4806795120239
    vertex -4.43627834320068 -2.85439991950989 10.5406885147095
  endloop
endfacet
facet normal -0.408007381545228 7.33975926688553e-005 0.912978625827243
  outer loop
    vertex -4.576247215271 1.20000004768372 10.4806795120239
    vertex -4.75550889968872 1.20000004768372 10.4005680084229
    vertex -4.61746692657471 -2.85439991950989 10.4625844955444
  endloop
endfacet
facet normal -0.423622790218161 7.44384169280577e-005 0.905838686558872
  outer loop
    vertex -4.75550889968872 1.20000004768372 10.4005680084229
    vertex -4.93336868286133 1.20000004768372 10.3173904418945
    vertex -4.79728174209595 -2.85439991950989 10.381365776062
  endloop
endfacet
facet normal -0.439111254520387 7.55235386089955e-005 0.898432691106978
  outer loop
    vertex -4.93336868286133 1.20000004768372 10.3173904418945
    vertex -5.10977458953857 1.20000004768372 10.2311716079712
    vertex -4.97566843032837 -2.85439991950989 10.2970571517944
  endloop
endfacet
facet normal -0.454469829123546 7.67198632792739e-005 0.890762127916582
  outer loop
    vertex -5.10977458953857 1.20000004768372 10.2311716079712
    vertex -5.28467416763306 1.20000004768372 10.1419372558594
    vertex -5.15257406234741 -2.85439991950989 10.2096843719482
  endloop
endfacet
facet normal -0.469696581398455 7.77376700254117e-005 0.88282790813355
  outer loop
    vertex -5.28467416763306 1.20000004768372 10.1419372558594
    vertex -5.45801591873169 1.20000004768372 10.0497131347656
    vertex -5.32794570922852 -2.85439991950989 10.1192722320557
  endloop
endfacet
facet normal -0.484782858193749 7.86749626013546e-005 0.874634537513669
  outer loop
    vertex -5.45801591873169 1.20000004768372 10.0497131347656
    vertex -5.62974882125854 1.20000004768372 9.95452690124512
    vertex -5.50173187255859 -2.85439991950989 10.0258474349976
  endloop
endfacet
facet normal -0.499731281884346 7.96112347951596e-005 0.866180489025399
  outer loop
    vertex -5.62974882125854 1.20000004768372 9.95452690124512
    vertex -5.79982233047485 1.20000004768372 9.85640525817871
    vertex -5.67388010025024 -2.85439991950989 9.92943859100342
  endloop
endfacet
facet normal -0.514523610185199 8.06906725313569e-005 0.857476208446045
  outer loop
    vertex -5.79982233047485 1.20000004768372 9.85640525817871
    vertex -5.96818590164184 1.20000004768372 9.75537967681885
    vertex -5.8443398475647 -2.85439991950989 9.83007431030273
  endloop
endfacet
facet normal -0.52917113125094 8.1555417903203e-005 0.84851511901634
  outer loop
    vertex -5.96818590164184 1.20000004768372 9.75537967681885
    vertex -6.13479042053223 1.20000004768372 9.6514778137207
    vertex -6.01305961608887 -2.85439991950989 9.72778415679932
  endloop
endfacet
facet normal -0.543662951655834 8.25247132881361e-005 0.839303632892494
  outer loop
    vertex -6.13479042053223 1.20000004768372 9.6514778137207
    vertex -6.2995867729187 1.20000004768372 9.5447301864624
    vertex -6.17998933792114 -2.85439991950989 9.62259864807129
  endloop
endfacet
facet normal -0.557988937504733 8.34334869283047e-005 0.829848382935819
  outer loop
    vertex -6.2995867729187 1.20000004768372 9.5447301864624
    vertex -6.46252584457397 1.20000004768372 9.43517017364502
    vertex -6.34507989883423 -2.85439991950989 9.51454830169678
  endloop
endfacet
facet normal -0.572155914407678 8.43302258183824e-005 0.820144866774601
  outer loop
    vertex -6.46252584457397 1.20000004768372 9.43517017364502
    vertex -6.62355995178223 1.20000004768372 9.32282829284668
    vertex -6.50828170776367 -2.85439991950989 9.40366649627686
  endloop
endfacet
facet normal -0.586153771696155 8.51862674172433e-005 0.810199820210836
  outer loop
    vertex -6.62355995178223 1.20000004768372 9.32282829284668
    vertex -6.78264141082764 1.20000004768372 9.20773792266846
    vertex -6.66954660415649 -2.85439991950989 9.28998470306396
  endloop
endfacet
facet normal -0.599972797912277 8.60788996437622e-005 0.800020396212332
  outer loop
    vertex -6.78264141082764 1.20000004768372 9.20773792266846
    vertex -6.93972396850586 1.20000004768372 9.08993434906006
    vertex -6.82882595062256 -2.85439991950989 9.17353820800781
  endloop
endfacet
facet normal -0.613621620326041 8.68273447239368e-005 0.789600215000893
  outer loop
    vertex -6.93972396850586 1.20000004768372 9.08993434906006
    vertex -7.09476041793823 1.20000004768372 8.96945095062256
    vertex -6.9860725402832 -2.85439991950989 9.05436134338379
  endloop
endfacet
facet normal -0.627088048645063 8.76635298620593e-005 0.778948375414978
  outer loop
    vertex -7.09476041793823 1.20000004768372 8.96945095062256
    vertex -7.24770593643188 1.20000004768372 8.84632301330566
    vertex -7.14123964309692 -2.85439991950989 8.9324893951416
  endloop
endfacet
facet normal -0.640368548684023 8.8557482689309e-005 0.768067779570196
  outer loop
    vertex -7.24770593643188 1.20000004768372 8.84632301330566
    vertex -7.39851474761963 1.20000004768372 8.72058773040771
    vertex -7.29428148269653 -2.85439991950989 8.80795860290527
  endloop
endfacet
facet normal -0.653459696450507 8.91886771751401e-005 0.756961304929248
  outer loop
    vertex -7.39851474761963 1.20000004768372 8.72058773040771
    vertex -7.54714250564575 1.20000004768372 8.59228229522705
    vertex -7.44515180587768 -2.85439991950989 8.68080520629883
  endloop
endfacet
facet normal -0.666361720327574 9.01058137731811e-005 0.745628627108038
  outer loop
    vertex -7.54714250564575 1.20000004768372 8.59228229522705
    vertex -7.69354581832886 1.20000004768372 8.4614429473877
    vertex -7.59380626678467 -2.85439991950989 8.55106925964355
  endloop
endfacet
facet normal -0.679061020760932 9.07930976792057e-005 0.734081822305753
  outer loop
    vertex -7.69354581832886 1.20000004768372 8.4614429473877
    vertex -7.83768129348755 1.20000004768372 8.32811069488525
    vertex -7.74020004272461 -2.85439991950989 8.41878700256347
  endloop
endfacet
facet normal -0.691567075084248 9.14490315774591e-005 0.722312240167984
  outer loop
    vertex -7.83768129348755 1.20000004768372 8.32811069488525
    vertex -7.97950601577759 1.20000004768372 8.19232273101806
    vertex -7.88428974151611 -2.85439991950989 8.2839994430542
  endloop
endfacet
facet normal -0.703863368036262 9.22286553779291e-005 0.710335378979904
  outer loop
    vertex -7.97950601577759 1.20000004768372 8.19232273101806
    vertex -8.11897945404053 1.20000004768372 8.05412006378174
    vertex -8.02603340148926 -2.85439991950989 8.1467456817627
  endloop
endfacet
facet normal -0.715957315724252 9.27201895249317e-005 0.698144049221857
  outer loop
    vertex -8.25605869293213 1.20000004768372 7.91354322433472
    vertex -8.16538715362549 -2.85439991950989 8.00706672668457
    vertex -8.11897945404053 1.20000004768372 8.05412006378174
  endloop
endfacet
facet normal -0.727837987872486 9.35062329647204e-005 0.685749119333241
  outer loop
    vertex -8.39070415496826 1.20000004768372 7.77063369750977
    vertex -8.30231094360352 -2.85439991950989 7.8650050163269
    vertex -8.25605869293213 1.20000004768372 7.91354322433472
  endloop
endfacet
facet normal -0.739502999220694 9.42784288657202e-005 0.673153255399671
  outer loop
    vertex -8.52287673950195 1.20000004768372 7.62543344497681
    vertex -8.43676376342773 -2.85439991950989 7.72060203552246
    vertex -8.39070415496826 1.20000004768372 7.77063369750977
  endloop
endfacet
facet normal -0.750950107260982 9.47936996594996e-005 0.660358938319815
  outer loop
    vertex -8.65253734588623 1.20000004768372 7.47798538208008
    vertex -8.56870460510254 -2.85439991950989 7.57390069961548
    vertex -8.52287673950195 1.20000004768372 7.62543344497681
  endloop
endfacet
facet normal -0.762177205958344 9.54051712281042e-005 0.647368440391857
  outer loop
    vertex -8.77964687347412 1.20000004768372 7.32833337783813
    vertex -8.69809532165527 -2.85439991950989 7.42494535446167
    vertex -8.65253734588623 1.20000004768372 7.47798538208008
  endloop
endfacet
facet normal -0.773180474543807 9.59433479949869e-005 0.634186048868223
  outer loop
    vertex -8.90416812896729 1.20000004768372 7.17652082443237
    vertex -8.82489681243896 -2.85439991950989 7.27377939224243
    vertex -8.77964687347412 1.20000004768372 7.32833337783813
  endloop
endfacet
facet normal -0.783951164132229 9.65485866307186e-005 0.620822489069214
  outer loop
    vertex -9.02606582641601 1.20000004768372 7.02259302139282
    vertex -8.94907188415527 -2.85439991950989 7.12044858932495
    vertex -8.90416812896729 1.20000004768372 7.17652082443237
  endloop
endfacet
facet normal -0.794497326612299 9.69653482699125e-005 0.607267641656981
  outer loop
    vertex -9.14530181884765 1.20000004768372 6.86659479141235
    vertex -9.07058238983154 -2.85439991950989 6.96499872207642
    vertex -9.02606582641601 1.20000004768372 7.02259302139282
  endloop
endfacet
facet normal -0.80480586307672 9.74445163438764e-005 0.593538131261928
  outer loop
    vertex -9.26184177398681 1.20000004768372 6.70857286453247
    vertex -9.18939304351807 -2.85439991950989 6.80747509002685
    vertex -9.14530181884765 1.20000004768372 6.86659479141235
  endloop
endfacet
facet normal -0.814876249471787 9.81166484399673e-005 0.579634961350605
  outer loop
    vertex -9.37565231323242 1.20000004768372 6.54857301712036
    vertex -9.30546951293945 -2.85439991950989 6.64792537689209
    vertex -9.26184177398681 1.20000004768372 6.70857286453247
  endloop
endfacet
facet normal -0.824706646591843 9.85582157047684e-005 0.565560728263124
  outer loop
    vertex -9.48669910430908 1.20000004768372 6.386643409729
    vertex -9.41877555847168 -2.85439991950989 6.48639678955078
    vertex -9.37565231323242 1.20000004768372 6.54857301712036
  endloop
endfacet
facet normal -0.834297098515376 9.89658431819497e-005 0.551315101928641
  outer loop
    vertex -9.59494876861572 1.20000004768372 6.2228307723999
    vertex -9.52927780151367 -2.85439991950989 6.32293748855591
    vertex -9.48669910430908 1.20000004768372 6.386643409729
  endloop
endfacet
facet normal -0.843637783190705 9.95327560917953e-005 0.536912731145671
  outer loop
    vertex -9.70037078857422 1.20000004768372 6.05718374252319
    vertex -9.63694381713867 -2.85439991950989 6.15759658813477
    vertex -9.59494876861572 1.20000004768372 6.2228307723999
  endloop
endfacet
facet normal -0.85273032890817 9.98492318982497e-005 0.52235139148881
  outer loop
    vertex -9.80293369293213 1.20000004768372 5.88975143432617
    vertex -9.74174118041992 -2.85439991950989 5.99042224884033
    vertex -9.70037078857422 1.20000004768372 6.05718374252319
  endloop
endfacet
facet normal -0.861575272550166 0.000100129117943617 0.507629825467601
  outer loop
    vertex -9.90260601043701 1.20000004768372 5.72058248519897
    vertex -9.84363842010498 -2.85439991950989 5.82146501541138
    vertex -9.80293369293213 1.20000004768372 5.88975143432617
  endloop
endfacet
facet normal -0.870162980466652 0.000100593759585814 0.492764017868887
  outer loop
    vertex -9.99935913085937 1.20000004768372 5.54972791671753
    vertex -9.94260597229004 -2.85439991950989 5.65077495574951
    vertex -9.90260601043701 1.20000004768372 5.72058248519897
  endloop
endfacet
facet normal -0.878493875998066 0.000100997034601213 0.477753597195765
  outer loop
    vertex -10.093165397644 1.20000004768372 5.37723684310913
    vertex -10.0386142730713 -2.85439991950989 5.47840261459351
    vertex -9.99935913085937 1.20000004768372 5.54972791671753
  endloop
endfacet
facet normal -0.886566567414767 0.000101210781207989 0.462601028207649
  outer loop
    vertex -10.1839962005615 1.20000004768372 5.20316123962402
    vertex -10.1316337585449 -2.85439991950989 5.3043999671936
    vertex -10.093165397644 1.20000004768372 5.37723684310913
  endloop
endfacet
facet normal -0.894376667386463 0.000101609640860937 0.447314616919864
  outer loop
    vertex -10.2718257904053 1.20000004768372 5.02755165100098
    vertex -10.2216386795044 -2.85439991950989 5.12881851196289
    vertex -10.1839962005615 1.20000004768372 5.20316123962402
  endloop
endfacet
facet normal -0.901926937475496 0.000101860753538484 0.431888630413513
  outer loop
    vertex -10.3566265106201 1.20000004768372 4.85045957565308
    vertex -10.3086004257202 -2.85439991950989 4.95171022415161
    vertex -10.2718257904053 1.20000004768372 5.02755165100098
  endloop
endfacet
facet normal -0.909207877111526 0.000102090814849258 0.41634243811533
  outer loop
    vertex -10.4383745193481 1.20000004768372 4.67193841934204
    vertex -10.3924932479858 -2.85439991950989 4.77312803268433
    vertex -10.3566265106201 1.20000004768372 4.85045957565308
  endloop
endfacet
facet normal -0.91622135978066 0.000102337638722208 0.400672446530438
  outer loop
    vertex -10.5170459747314 1.20000004768372 4.49203968048096
    vertex -10.4732933044434 -2.85439991950989 4.59312486648559
    vertex -10.4383745193481 1.20000004768372 4.67193841934204
  endloop
endfacet
facet normal -0.922965656071407 0.00010254525945435 0.384882303044901
  outer loop
    vertex -10.5926170349121 1.20000004768372 4.31081676483154
    vertex -10.5509757995605 -2.85439991950989 4.4117546081543
    vertex -10.5170459747314 1.20000004768372 4.49203968048096
  endloop
endfacet
facet normal -0.929438600335611 0.000102905523623381 0.368976798209093
  outer loop
    vertex -10.6650648117065 1.20000004768372 4.12832355499268
    vertex -10.6255178451538 -2.85439991950989 4.22907161712646
    vertex -10.5926170349121 1.20000004768372 4.31081676483154
  endloop
endfacet
facet normal -0.935634221487348 0.000103023642696498 0.352971093671838
  outer loop
    vertex -10.7343702316284 1.20000004768372 3.94461297988892
    vertex -10.6968965530396 -2.85439991950989 4.04512929916382
    vertex -10.6650648117065 1.20000004768372 4.12832355499268
  endloop
endfacet
facet normal -0.941557757854209 0.000103213589669723 0.33685156667516
  outer loop
    vertex -10.8005104064941 1.20000004768372 3.75973987579346
    vertex -10.7650918960571 -2.85439991950989 3.85998296737671
    vertex -10.7343702316284 1.20000004768372 3.94461297988892
  endloop
endfacet
facet normal -0.947201701838762 0.000103482898137778 0.320638309197519
  outer loop
    vertex -10.8634672164917 1.20000004768372 3.57375836372375
    vertex -10.8300828933716 -2.85439991950989 3.67368793487549
    vertex -10.8005104064941 1.20000004768372 3.75973987579346
  endloop
endfacet
facet normal -0.952567112353767 0.000103528707621294 0.304328581871326
  outer loop
    vertex -10.9232215881348 1.20000004768372 3.38672351837158
    vertex -10.8918495178223 -2.85439991950989 3.48629927635193
    vertex -10.8634672164917 1.20000004768372 3.57375836372375
  endloop
endfacet
facet normal -0.957651114783066 0.000103646123193187 0.287931123035064
  outer loop
    vertex -10.9797563552856 1.20000004768372 3.19869041442871
    vertex -10.9503746032715 -2.85439991950989 3.29787278175354
    vertex -10.9232215881348 1.20000004768372 3.38672351837158
  endloop
endfacet
facet normal -0.96245367289284 0.000103698606580068 0.271445973964768
  outer loop
    vertex -11.0330543518066 1.20000004768372 3.00971412658691
    vertex -11.0056400299072 -2.85439991950989 3.10846471786499
    vertex -10.9797563552856 1.20000004768372 3.19869041442871
  endloop
endfacet
facet normal -0.966971712691502 0.000103739100754255 0.254883691303822
  outer loop
    vertex -11.0831003189087 1.20000004768372 2.81985092163086
    vertex -11.0576295852661 -2.85439991950989 2.91813135147095
    vertex -11.0330543518066 1.20000004768372 3.00971412658691
  endloop
endfacet
facet normal -0.971205490233279 0.000103821780526459 0.238243331410923
  outer loop
    vertex -11.1298789978027 1.20000004768372 2.62915635108948
    vertex -11.1063280105591 -2.85439991950989 2.72692942619324
    vertex -11.0831003189087 1.20000004768372 2.81985092163086
  endloop
endfacet
facet normal -0.975152372765445 0.000104012999751256 0.221535186982156
  outer loop
    vertex -11.1733770370483 1.20000004768372 2.43768692016602
    vertex -11.1517210006714 -2.85439991950989 2.53491592407227
    vertex -11.1298789978027 1.20000004768372 2.62915635108948
  endloop
endfacet
facet normal -0.978812471132073 0.000103893739860538 0.204758725241233
  outer loop
    vertex -11.2135810852051 1.20000004768372 2.24549865722656
    vertex -11.193793296814 -2.85439991950989 2.34214782714844
    vertex -11.1733770370483 1.20000004768372 2.43768692016602
  endloop
endfacet
facet normal -0.9821835223755 0.000103975306602888 0.187924233570851
  outer loop
    vertex -11.2504796981812 1.20000004768372 2.05264854431152
    vertex -11.2325344085693 -2.85439991950989 2.14868259429932
    vertex -11.2135810852051 1.20000004768372 2.24549865722656
  endloop
endfacet
facet normal -0.985264711098649 0.000103934681563934 0.17103636531825
  outer loop
    vertex -11.2840623855591 1.20000004768372 1.8591935634613
    vertex -11.2679319381714 -2.85439991950989 1.95457768440247
    vertex -11.2504796981812 1.20000004768372 2.05264854431152
  endloop
endfacet
facet normal -0.988056044318347 0.000103816134242085 0.154094913959519
  outer loop
    vertex -11.3143186569214 1.20000004768372 1.66519045829773
    vertex -11.2999753952026 -2.85439991950989 1.75989091396332
    vertex -11.2840623855591 1.20000004768372 1.8591935634613
  endloop
endfacet
facet normal -0.990555857625117 0.000103895346830351 0.137109744840863
  outer loop
    vertex -11.3412399291992 1.20000004768372 1.47069644927978
    vertex -11.3286561965942 -2.85439991950989 1.56468045711517
    vertex -11.3143186569214 1.20000004768372 1.66519045829773
  endloop
endfacet
facet normal -0.992764100589756 0.000103729223406171 0.120080930294785
  outer loop
    vertex -11.3648176193237 1.20000004768372 1.27576887607574
    vertex -11.3539638519287 -2.85439991950989 1.36900424957275
    vertex -11.3412399291992 1.20000004768372 1.47069644927978
  endloop
endfacet
facet normal -0.994678973154899 0.000103675514394523 0.103022956737343
  outer loop
    vertex -11.385046005249 1.20000004768372 1.08046531677246
    vertex -11.3758926391602 -2.85439991950989 1.17292046546936
    vertex -11.3648176193237 1.20000004768372 1.27576887607574
  endloop
endfacet
facet normal -0.99630150332316 0.000103539752936252 0.0859261529194212
  outer loop
    vertex -11.4019174575806 1.20000004768372 0.884843230247498
    vertex -11.394434928894 -2.85439991950989 0.976487576961517
    vertex -11.385046005249 1.20000004768372 1.08046531677246
  endloop
endfacet
facet normal -0.99762978563082 0.000103315411510593 0.0688098840874654
  outer loop
    vertex -11.4154281616211 1.20000004768372 0.688960313796997
    vertex -11.4095849990845 -2.85439991950989 0.77976405620575
    vertex -11.4019174575806 1.20000004768372 0.884843230247498
  endloop
endfacet
facet normal -0.998663991384869 0.000103249988092636 0.0516741874699732
  outer loop
    vertex -11.4255743026733 1.20000004768372 0.492874294519424
    vertex -11.4213399887085 -2.85439991950989 0.582808434963226
    vertex -11.4154281616211 1.20000004768372 0.688960313796997
  endloop
endfacet
facet normal -0.999404033668531 0.000103122155270424 0.0345190795487252
  outer loop
    vertex -11.43235206604 1.20000004768372 0.296642988920212
    vertex -11.4296951293945 -2.85439991950989 0.385679304599762
    vertex -11.4255743026733 1.20000004768372 0.492874294519424
  endloop
endfacet
facet normal -0.999849398293387 0.00010292181530224 0.0173542542176822
  outer loop
    vertex -11.4357595443726 1.20000004768372 0.100324258208275
    vertex -11.4346475601196 -2.85439991950989 0.188435390591621
    vertex -11.43235206604 1.20000004768372 0.296642988920212
  endloop
endfacet
facet normal -0.999999976792693 0.000102629172790498 0.000189425096492147
  outer loop
    vertex -11.4357967376709 1.20000004768372 -0.0960240513086319
    vertex -11.4361963272095 -2.85439991950989 -0.00886461045593023
    vertex -11.4357595443726 1.20000004768372 0.100324258208275
  endloop
endfacet
facet normal -0.999855819763214 0.000102376020391974 -0.0169802592672183
  outer loop
    vertex -11.4324626922607 1.20000004768372 -0.292344063520432
    vertex -11.4343414306641 -2.85439991950989 -0.206161975860596
    vertex -11.4357967376709 1.20000004768372 -0.0960240513086319
  endloop
endfacet
facet normal -0.999416881192928 0.000102134698170095 -0.0341450897656445
  outer loop
    vertex -11.4257583618164 1.20000004768372 -0.488577872514725
    vertex -11.4290828704834 -2.85439991950989 -0.403397977352142
    vertex -11.4324626922607 1.20000004768372 -0.292344063520432
  endloop
endfacet
facet normal -0.998683522168327 0.000101867673966351 -0.0512953425999113
  outer loop
    vertex -11.4156866073608 1.20000004768372 -0.684667706489563
    vertex -11.4204225540161 -2.85439991950989 -0.600513875484466
    vertex -11.4257583618164 1.20000004768372 -0.488577872514725
  endloop
endfacet
facet normal -0.997655511318539 0.00010146575935226 -0.0684358856189014
  outer loop
    vertex -11.4022493362427 1.20000004768372 -0.880555689334869
    vertex -11.4083623886108 -2.85439991950989 -0.797451078891754
    vertex -11.4156866073608 1.20000004768372 -0.684667706489563
  endloop
endfacet
facet normal -0.996333685669141 0.000101217062830575 -0.0855521861558796
  outer loop
    vertex -11.3854513168335 1.20000004768372 -1.07618403434753
    vertex -11.3929071426392 -2.85439991950989 -0.994150876998901
    vertex -11.4022493362427 1.20000004768372 -0.880555689334869
  endloop
endfacet
facet normal -0.994717640373796 0.000101005238740266 -0.102648944111123
  outer loop
    vertex -11.3652963638306 1.20000004768372 -1.27149522304535
    vertex -11.3740606307983 -2.85439991950989 -1.19055473804474
    vertex -11.3854513168335 1.20000004768372 -1.07618403434753
  endloop
endfacet
facet normal -0.992809262809675 0.000100500001333985 -0.119706965457565
  outer loop
    vertex -11.3417921066284 1.20000004768372 -1.46643161773682
    vertex -11.35182762146 -2.85439991950989 -1.38660430908203
    vertex -11.3652963638306 1.20000004768372 -1.27149522304535
  endloop
endfacet
facet normal -0.99060755137732 0.000100181190843792 -0.13673576385847
  outer loop
    vertex -11.3149442672729 1.20000004768372 -1.66093575954437
    vertex -11.3262166976929 -2.85439991950989 -1.58224105834961
    vertex -11.3417921066284 1.20000004768372 -1.46643161773682
  endloop
endfacet
facet normal -0.988114300059451 9.96135930431676e-005 -0.15372091625785
  outer loop
    vertex -11.284761428833 1.20000004768372 -1.85495030879974
    vertex -11.297233581543 -2.85439991950989 -1.77740693092346
    vertex -11.3149442672729 1.20000004768372 -1.66093575954437
  endloop
endfacet
facet normal -0.985328748084766 9.93651237464027e-005 -0.170667068657901
  outer loop
    vertex -11.2512512207031 1.20000004768372 -2.04841804504395
    vertex -11.2648887634277 -2.85439991950989 -1.972043633461
    vertex -11.284761428833 1.20000004768372 -1.85495030879974
  endloop
endfacet
facet normal -0.982254074400604 9.88449790519446e-005 -0.187555121372578
  outer loop
    vertex -11.2144250869751 1.20000004768372 -2.24128198623657
    vertex -11.2291898727417 -2.85439991950989 -2.16609334945679
    vertex -11.2512512207031 1.20000004768372 -2.04841804504395
  endloop
endfacet
facet normal -0.978888569303662 9.85437699133533e-005 -0.204394616308149
  outer loop
    vertex -11.1742925643921 1.20000004768372 -2.43348503112793
    vertex -11.190149307251 -2.85439991950989 -2.35949850082397
    vertex -11.2144250869751 1.20000004768372 -2.24128198623657
  endloop
endfacet
facet normal -0.975236160156751 9.80553640067031e-005 -0.221166051436159
  outer loop
    vertex -11.1308670043945 1.20000004768372 -2.62497091293335
    vertex -11.147777557373 -2.85439991950989 -2.55220103263855
    vertex -11.1742925643921 1.20000004768372 -2.43348503112793
  endloop
endfacet
facet normal -0.971294810695012 9.74023111142251e-005 -0.237878921364906
  outer loop
    vertex -11.0841598510742 1.20000004768372 -2.81568312644958
    vertex -11.102087020874 -2.85439991950989 -2.74414396286011
    vertex -11.1308670043945 1.20000004768372 -2.62497091293335
  endloop
endfacet
facet normal -0.967067658867446 9.70479398337814e-005 -0.254519417244216
  outer loop
    vertex -11.0341854095459 1.20000004768372 -3.00556516647339
    vertex -11.053092956543 -2.85439991950989 -2.93527030944824
    vertex -11.0841598510742 1.20000004768372 -2.81568312644958
  endloop
endfacet
facet normal -0.962555022292756 9.64400869275754e-005 -0.271086369554617
  outer loop
    vertex -10.9809579849243 1.20000004768372 -3.19456148147583
    vertex -11.000807762146 -2.85439991950989 -3.12552261352539
    vertex -11.0341854095459 1.20000004768372 -3.00556516647339
  endloop
endfacet
facet normal -0.957760451426775 9.58268827257931e-005 -0.287567224314575
  outer loop
    vertex -10.9244947433472 1.20000004768372 -3.38261580467224
    vertex -10.9452486038208 -2.85439991950989 -3.31484484672546
    vertex -10.9809579849243 1.20000004768372 -3.19456148147583
  endloop
endfacet
facet normal -0.95268051648798 9.53193774658496e-005 -0.303973394260767
  outer loop
    vertex -10.8648099899292 1.20000004768372 -3.56967329978943
    vertex -10.8864316940308 -2.85439991950989 -3.50318026542664
    vertex -10.9244947433472 1.20000004768372 -3.38261580467224
  endloop
endfacet
facet normal -0.947323153382595 9.4689390306812e-005 -0.320279306386122
  outer loop
    vertex -10.8019237518311 1.20000004768372 -3.75567841529846
    vertex -10.8243741989136 -2.85439991950989 -3.6904730796814
    vertex -10.8648099899292 1.20000004768372 -3.56967329978943
  endloop
endfacet
facet normal -0.941682937998371 9.42185479449203e-005 -0.336501464195362
  outer loop
    vertex -10.7358522415161 1.20000004768372 -3.94057631492615
    vertex -10.7590951919556 -2.85439991950989 -3.87666726112366
    vertex -10.8019237518311 1.20000004768372 -3.75567841529846
  endloop
endfacet
facet normal -0.93576774085276 9.35510848250001e-005 -0.352616968433902
  outer loop
    vertex -10.6666164398193 1.20000004768372 -4.12431287765503
    vertex -10.6906127929688 -2.85439991950989 -4.06170749664307
    vertex -10.7358522415161 1.20000004768372 -3.94057631492615
  endloop
endfacet
facet normal -0.929577311050244 9.28646366655805e-005 -0.368627202138904
  outer loop
    vertex -10.5942373275757 1.20000004768372 -4.30683326721191
    vertex -10.6189489364624 -2.85439991950989 -4.24553871154785
    vertex -10.6666164398193 1.20000004768372 -4.12431287765503
  endloop
endfacet
facet normal -0.923109679278629 9.21269900503846e-005 -0.384536749264261
  outer loop
    vertex -10.5187339782715 1.20000004768372 -4.48808479309082
    vertex -10.5441236495972 -2.85439991950989 -4.4281063079834
    vertex -10.5942373275757 1.20000004768372 -4.30683326721191
  endloop
endfacet
facet normal -0.916371674912816 9.14630037843378e-005 -0.400328546386588
  outer loop
    vertex -10.4401302337646 1.20000004768372 -4.66801261901855
    vertex -10.4661598205566 -2.85439991950989 -4.60935592651367
    vertex -10.5187339782715 1.20000004768372 -4.48808479309082
  endloop
endfacet
facet normal -0.909366136304058 9.06955220505851e-005 -0.415996660945435
  outer loop
    vertex -10.3584499359131 1.20000004768372 -4.84656524658203
    vertex -10.3850812911987 -2.85439991950989 -4.78923320770264
    vertex -10.4401302337646 1.20000004768372 -4.66801261901855
  endloop
endfacet
facet normal -0.902086867444468 8.99529749095873e-005 -0.431554487281374
  outer loop
    vertex -10.2737150192261 1.20000004768372 -5.02368831634521
    vertex -10.300910949707 -2.85439991950989 -4.96768522262573
    vertex -10.3584499359131 1.20000004768372 -4.84656524658203
  endloop
endfacet
facet normal -0.894546638859816 8.94038636533834e-005 -0.446974611036862
  outer loop
    vertex -10.1859521865845 1.20000004768372 -5.19933128356934
    vertex -10.2136754989624 -2.85439991950989 -5.14465856552124
    vertex -10.2737150192261 1.20000004768372 -5.02368831634521
  endloop
endfacet
facet normal -0.886741372557879 8.84728864761559e-005 -0.46226586545701
  outer loop
    vertex -10.0951871871948 1.20000004768372 -5.37344121932983
    vertex -10.1233987808228 -2.85439991950989 -5.3201003074646
    vertex -10.1859521865845 1.20000004768372 -5.19933128356934
  endloop
endfacet
facet normal -0.878672899456771 8.78072699732813e-005 -0.477424264203355
  outer loop
    vertex -10.0014457702637 1.20000004768372 -5.54596710205078
    vertex -10.0301094055176 -2.85439991950989 -5.49395895004272
    vertex -10.0951871871948 1.20000004768372 -5.37344121932983
  endloop
endfacet
facet normal -0.870347862509935 8.69766528384985e-005 -0.492437397705992
  outer loop
    vertex -9.90475654602051 1.20000004768372 -5.71685838699341
    vertex -9.93383407592773 -2.85439991950989 -5.66618204116821
    vertex -10.0014457702637 1.20000004768372 -5.54596710205078
  endloop
endfacet
facet normal -0.861764229295734 8.60070532087593e-005 -0.507308984455348
  outer loop
    vertex -9.80514717102051 1.20000004768372 -5.88606452941894
    vertex -9.83460140228271 -2.85439991950989 -5.83671808242798
    vertex -9.90475654602051 1.20000004768372 -5.71685838699341
  endloop
endfacet
facet normal -0.852928892701166 8.51555770027565e-005 -0.52202710345737
  outer loop
    vertex -9.7026481628418 1.20000004768372 -6.05353546142578
    vertex -9.73244190216064 -2.85439991950989 -6.00551748275757
    vertex -9.80514717102051 1.20000004768372 -5.88606452941894
  endloop
endfacet
facet normal -0.843838835120687 8.44378477147918e-005 -0.536596695118793
  outer loop
    vertex -9.59728813171387 1.20000004768372 -6.21922206878662
    vertex -9.62738609313965 -2.85439991950989 -6.1725287437439
    vertex -9.7026481628418 1.20000004768372 -6.05353546142578
  endloop
endfacet
facet normal -0.834503500858323 8.34983126445641e-005 -0.551002631648194
  outer loop
    vertex -9.48909950256348 1.20000004768372 -6.38307571411133
    vertex -9.51946353912354 -2.85439991950989 -6.33770322799683
    vertex -9.59728813171387 1.20000004768372 -6.21922206878662
  endloop
endfacet
facet normal -0.824922199000091 8.25866109751912e-005 -0.565246281523643
  outer loop
    vertex -9.37811470031738 1.20000004768372 -6.54504728317261
    vertex -9.4087085723877 -2.85439991950989 -6.50099086761475
    vertex -9.48909950256348 1.20000004768372 -6.38307571411133
  endloop
endfacet
facet normal -0.815093341584114 8.15401244034102e-005 -0.579329645242199
  outer loop
    vertex -9.26436424255371 1.20000004768372 -6.7050895690918
    vertex -9.29515171051025 -2.85439991950989 -6.66234350204468
    vertex -9.37811470031738 1.20000004768372 -6.54504728317261
  endloop
endfacet
facet normal -0.805028365763607 8.06767488351679e-005 -0.593236313628253
  outer loop
    vertex -9.14788341522217 1.20000004768372 -6.86315536499023
    vertex -9.17882919311523 -2.85439991950989 -6.82171297073364
    vertex -9.26436424255371 1.20000004768372 -6.7050895690918
  endloop
endfacet
facet normal -0.794724403269386 7.95996530948317e-005 -0.606970441217703
  outer loop
    vertex -9.02870559692383 1.20000004768372 -7.01919841766357
    vertex -9.05977344512939 -2.85439991950989 -6.97905206680298
    vertex -9.14788341522217 1.20000004768372 -6.86315536499023
  endloop
endfacet
facet normal -0.784187527305905 7.85565552327919e-005 -0.620523904331427
  outer loop
    vertex -8.90686702728271 1.20000004768372 -7.17317199707031
    vertex -8.93802165985107 -2.85439991950989 -7.13431358337402
    vertex -9.02870559692383 1.20000004768372 -7.01919841766357
  endloop
endfacet
facet normal -0.773416656633826 7.77485776663536e-005 -0.633897995892488
  outer loop
    vertex -8.78240203857422 1.20000004768372 -7.32503128051758
    vertex -8.8136100769043 -2.85439991950989 -7.28745174407959
    vertex -8.90686702728271 1.20000004768372 -7.17317199707031
  endloop
endfacet
facet normal -0.762421341296248 7.66622506561814e-005 -0.647080901015421
  outer loop
    vertex -8.655348777771 1.20000004768372 -7.4747314453125
    vertex -8.68657398223877 -2.85439991950989 -7.43842077255249
    vertex -8.78240203857422 1.20000004768372 -7.32503128051758
  endloop
endfacet
facet normal -0.751197773534599 7.56183742242582e-005 -0.660077191939339
  outer loop
    vertex -8.52574348449707 1.20000004768372 -7.62222814559936
    vertex -8.55695247650146 -2.85439991950989 -7.5871753692627
    vertex -8.655348777771 1.20000004768372 -7.4747314453125
  endloop
endfacet
facet normal -0.739757629489947 7.46455634267519e-005 -0.672873423490223
  outer loop
    vertex -8.39362621307373 1.20000004768372 -7.76747798919678
    vertex -8.42478466033936 -2.85439991950989 -7.73367214202881
    vertex -8.52574348449707 1.20000004768372 -7.62222814559936
  endloop
endfacet
facet normal -0.728094748879878 7.33289655598968e-005 -0.685476499434087
  outer loop
    vertex -8.25903415679931 1.20000004768372 -7.9104380607605
    vertex -8.29010772705078 -2.85439991950989 -7.87786626815796
    vertex -8.39362621307373 1.20000004768372 -7.76747798919678
  endloop
endfacet
facet normal -0.716218630370025 7.24232258606819e-005 -0.697875969113253
  outer loop
    vertex -8.12200736999512 1.20000004768372 -8.05106639862061
    vertex -8.15296459197998 -2.85439991950989 -8.01971626281738
    vertex -8.25903415679931 1.20000004768372 -7.9104380607605
  endloop
endfacet
facet normal -0.704131673794982 7.12135258512614e-005 -0.710069419766342
  outer loop
    vertex -7.98258638381958 1.20000004768372 -8.18932151794434
    vertex -8.01339340209961 -2.85439991950989 -8.15917873382568
    vertex -8.12200736999512 1.20000004768372 -8.05106639862061
  endloop
endfacet
facet normal -0.691837526878638 7.00849158691837e-005 -0.72205320544303
  outer loop
    vertex -7.84081220626831 1.20000004768372 -8.32516288757324
    vertex -7.87143802642822 -2.85439991950989 -8.2962121963501
    vertex -7.98258638381958 1.20000004768372 -8.18932151794434
  endloop
endfacet
facet normal -0.679337274738017 6.90556930221866e-005 -0.733826179951925
  outer loop
    vertex -7.69672679901123 1.20000004768372 -8.45854949951172
    vertex -7.72713947296142 -2.85439991950989 -8.43077659606934
    vertex -7.84081220626831 1.20000004768372 -8.32516288757324
  endloop
endfacet
facet normal -0.666641084198589 6.77573660834923e-005 -0.745378870285085
  outer loop
    vertex -7.55037307739258 1.20000004768372 -8.58944320678711
    vertex -7.58054065704346 -2.85439991950989 -8.56283092498779
    vertex -7.69672679901123 1.20000004768372 -8.45854949951172
  endloop
endfacet
facet normal -0.653745177736555 6.64716774334832e-005 -0.756714766717101
  outer loop
    vertex -7.40179347991943 1.20000004768372 -8.71780490875244
    vertex -7.43168497085571 -2.85439991950989 -8.69233703613281
    vertex -7.55037307739258 1.20000004768372 -8.58944320678711
  endloop
endfacet
facet normal -0.640658674077941 6.51954216952517e-005 -0.767825799956118
  outer loop
    vertex -7.25103187561035 1.20000004768372 -8.84359741210938
    vertex -7.28061771392822 -2.85439991950989 -8.81925582885742
    vertex -7.40179347991943 1.20000004768372 -8.71780490875244
  endloop
endfacet
facet normal -0.627379896742923 6.39016813103742e-005 -0.778713336908656
  outer loop
    vertex -7.09813261032104 1.20000004768372 -8.96678256988525
    vertex -7.1273832321167 -2.85439991950989 -8.94354915618896
    vertex -7.25103187561035 1.20000004768372 -8.84359741210938
  endloop
endfacet
facet normal -0.613918082761898 6.2706922489627e-005 -0.78936973828859
  outer loop
    vertex -6.9431414604187 1.20000004768372 -9.08732414245605
    vertex -6.97202730178833 -2.85439991950989 -9.06518077850342
    vertex -7.09813261032104 1.20000004768372 -8.96678256988525
  endloop
endfacet
facet normal -0.600273901671531 6.16567316982676e-005 -0.799794498087155
  outer loop
    vertex -6.78610324859619 1.20000004768372 -9.20518684387207
    vertex -6.81459617614746 -2.85439991950989 -9.18411445617676
    vertex -6.9431414604187 1.20000004768372 -9.08732414245605
  endloop
endfacet
facet normal -0.586459544052215 6.00557346303914e-005 -0.809978517976481
  outer loop
    vertex -6.62706518173218 1.20000004768372 -9.32033729553222
    vertex -6.6551365852356 -2.85439991950989 -9.30031299591064
    vertex -6.78610324859619 1.20000004768372 -9.20518684387207
  endloop
endfacet
facet normal -0.572461982629321 5.89234831185273e-005 -0.819931262345893
  outer loop
    vertex -6.46607303619385 1.20000004768372 -9.4327392578125
    vertex -6.4936957359314 -2.85439991950989 -9.41374492645264
    vertex -6.62706518173218 1.20000004768372 -9.32033729553222
  endloop
endfacet
facet normal -0.558304143873325 5.73478781204704e-005 -0.829636353859385
  outer loop
    vertex -6.30317544937134 1.20000004768372 -9.54236125946045
    vertex -6.330322265625 -2.85439991950989 -9.52437305450439
    vertex -6.46607303619385 1.20000004768372 -9.4327392578125
  endloop
endfacet
facet normal -0.543974971205765 5.61911916047647e-005 -0.839101440556645
  outer loop
    vertex -6.13841915130615 1.20000004768372 -9.649169921875
    vertex -6.16506433486938 -2.85439991950989 -9.63216781616211
    vertex -6.30317544937134 1.20000004768372 -9.54236125946045
  endloop
endfacet
facet normal -0.529491309843985 5.46296105931209e-005 -0.84831535988411
  outer loop
    vertex -5.97185373306274 1.20000004768372 -9.75313472747803
    vertex -5.997971534729 -2.85439991950989 -9.73709392547607
    vertex -6.13841915130615 1.20000004768372 -9.649169921875
  endloop
endfacet
facet normal -0.514848562400977 5.32768952901716e-005 -0.857281141140536
  outer loop
    vertex -5.80352830886841 1.20000004768372 -9.85422420501709
    vertex -5.82909345626831 -2.85439991950989 -9.8391227722168
    vertex -5.97185373306274 1.20000004768372 -9.75313472747803
  endloop
endfacet
facet normal -0.500052701260189 5.19731057901142e-005 -0.86599497299995
  outer loop
    vertex -5.63349151611328 1.20000004768372 -9.95240879058838
    vertex -5.65848016738892 -2.85439991950989 -9.93822288513183
    vertex -5.80352830886841 1.20000004768372 -9.85422420501709
  endloop
endfacet
facet normal -0.485113742480382 5.04796330769349e-005 -0.874451058841193
  outer loop
    vertex -5.46179485321045 1.20000004768372 -10.0476598739624
    vertex -5.48618221282959 -2.85439991950989 -10.0343647003174
    vertex -5.63349151611328 1.20000004768372 -9.95240879058838
  endloop
endfacet
facet normal -0.470026469416251 4.91566430349772e-005 -0.882652318657646
  outer loop
    vertex -5.28848743438721 1.20000004768372 -10.1399488449097
    vertex -5.31225204467773 -2.85439991950989 -10.1275196075439
    vertex -5.46179485321045 1.20000004768372 -10.0476598739624
  endloop
endfacet
facet normal -0.454809369233027 4.74991791948323e-005 -0.89058881387635
  outer loop
    vertex -5.11362171173096 1.20000004768372 -10.2292499542236
    vertex -5.13674020767212 -2.85439991950989 -10.2176599502563
    vertex -5.28848743438721 1.20000004768372 -10.1399488449097
  endloop
endfacet
facet normal -0.439446890447737 4.6033032287454e-005 -0.898268572508676
  outer loop
    vertex -4.93724822998047 1.20000004768372 -10.3155345916748
    vertex -4.95969915390015 -2.85439991950989 -10.3047590255737
    vertex -5.11362171173096 1.20000004768372 -10.2292499542236
  endloop
endfacet
facet normal -0.423962314836959 4.4343011994522e-005 -0.905679829537892
  outer loop
    vertex -4.75941944122314 1.20000004768372 -10.3987789154053
    vertex -4.78118181228638 -2.85439991950989 -10.3887901306152
    vertex -4.93724822998047 1.20000004768372 -10.3155345916748
  endloop
endfacet
facet normal -0.408347741215223 4.31141156299402e-005 -0.91282644592803
  outer loop
    vertex -4.58018779754639 1.20000004768372 -10.4789571762085
    vertex -4.60124158859253 -2.85439991950989 -10.4697303771973
    vertex -4.75941944122314 1.20000004768372 -10.3987789154053
  endloop
endfacet
facet normal -0.392619309724624 4.14725408439626e-005 -0.919701079651094
  outer loop
    vertex -4.3996057510376 1.20000004768372 -10.5560474395752
    vertex -4.41993188858032 -2.85439991950989 -10.547553062439
    vertex -4.58018779754639 1.20000004768372 -10.4789571762085
  endloop
endfacet
facet normal -0.376771569976845 3.98084813767583e-005 -0.926306203408176
  outer loop
    vertex -4.21772718429565 1.20000004768372 -10.6300258636475
    vertex -4.23730659484863 -2.85439991950989 -10.6222362518311
    vertex -4.3996057510376 1.20000004768372 -10.5560474395752
  endloop
endfacet
facet normal -0.360810960299421 3.82555474138311e-005 -0.932638970590615
  outer loop
    vertex -4.03460502624512 1.20000004768372 -10.700870513916
    vertex -4.05341958999634 -2.85439991950989 -10.6937580108643
    vertex -4.21772718429565 1.20000004768372 -10.6300258636475
  endloop
endfacet
facet normal -0.344748857642077 3.65024277606227e-005 -0.938694957812204
  outer loop
    vertex -3.8502938747406 1.20000004768372 -10.7685613632202
    vertex -3.86832618713379 -2.85439991950989 -10.7620964050293
    vertex -4.03460502624512 1.20000004768372 -10.700870513916
  endloop
endfacet
facet normal -0.328579776967512 3.48421199839089e-005 -0.944476219369237
  outer loop
    vertex -3.66484761238098 1.20000004768372 -10.8330774307251
    vertex -3.68208146095276 -2.85439991950989 -10.8272314071655
    vertex -3.8502938747406 1.20000004768372 -10.7685613632202
  endloop
endfacet
facet normal -0.3123138093208 3.33660674269129e-005 -0.949978991027821
  outer loop
    vertex -3.47832107543945 1.20000004768372 -10.8943996429443
    vertex -3.4947407245636 -2.85439991950989 -10.8891439437866
    vertex -3.66484761238098 1.20000004768372 -10.8330774307251
  endloop
endfacet
facet normal 1.0 0.0 -0.0
  outer loop
    vertex 4.40357494354248 1.20000004768372 -4.07955026626587
    vertex 4.40357494354248 -6.90880012512207 10.5543928146362
    vertex 4.40357494354248 -6.90880012512207 -4.07955026626587
  endloop
endfacet
facet normal 1.0 0.0 -0.0
  outer loop
    vertex 4.40357494354248 -6.90880012512207 10.5543928146362
    vertex 4.40357494354248 1.20000004768372 -4.07955026626587
    vertex 4.40357494354248 1.20000004768372 10.5543928146362
  endloop
endfacet
endsolid Untitled-66ea7513
