solid 1170HandleEthan
facet normal 7.13420954798102e-015 0.991444861373811 0.130526192220047
  outer loop
    vertex -7.00074896423912 16.5893689888098 -40.6484993698291
    vertex 7.00324497598464 16.0241147422016 -36.3549671014198
    vertex 7.00324497598465 16.5893689888097 -40.6484993698291
  endloop
endfacet
facet normal 7.13420954798102e-015 0.991444861373811 0.130526192220047
  outer loop
    vertex 7.00324497598464 16.0241147422016 -36.3549671014198
    vertex -7.00074896423912 16.5893689888098 -40.6484993698291
    vertex -7.00074896423913 16.0241147422017 -36.3549671014198
  endloop
endfacet
facet normal -3.58007544312056e-015 -0.131171671653336 0.99135966861461
  outer loop
    vertex -3.70715199412733 -1.64820542093222 -32.7640183601255
    vertex -7.00074896423926 0.00400908469202306 -32.5454057359751
    vertex -7.00074896423927 -1.64820542093219 -32.7640183601255
  endloop
endfacet
facet normal -3.58007544312056e-015 -0.131171671653336 0.99135966861461
  outer loop
    vertex -7.00074896423926 0.00400908469202306 -32.5454057359751
    vertex -3.70715199412733 -1.64820542093222 -32.7640183601255
    vertex -3.70715199412735 0.00400908469200332 -32.5454057359751
  endloop
endfacet
facet normal 0.992481732125864 8.29623937479758e-006 0.122392856522006
  outer loop
    vertex 7.0032449759846 12.6064689991078 -21.8384632961448
    vertex 4.67697486272457 -3.12338055230253 -2.97120667344378
    vertex 7.00324497598459 -12.4044991246208 -21.838449737014
  endloop
endfacet
facet normal 0.992481732125864 8.29623937479758e-006 0.122392856522006
  outer loop
    vertex 4.67697486272457 -3.12338055230253 -2.97120667344378
    vertex 7.0032449759846 12.6064689991078 -21.8384632961448
    vertex 4.6761106942687 3.1661992552852 -2.97131318244001
  endloop
endfacet
facet normal 0.469100077800995 0.869728057520474 -0.153356522420021
  outer loop
    vertex -0.655361961048809 0.50110316827882 -28.9537095851154
    vertex -0.313713112183311 -0.948736413925682 -36.4414920707715
    vertex -0.655361961048842 -0.823101063930716 -36.4636449727064
  endloop
endfacet
facet normal 0.224541130867901 0.959660305190458 -0.169214004119994
  outer loop
    vertex -0.313713112183311 -0.948736413925682 -36.4414920707715
    vertex -0.655361961048809 0.50110316827882 -28.9537095851154
    vertex -0.313713112183278 0.375467818283854 -28.9315566831806
  endloop
endfacet
facet normal 0.731640543872842 -0.67133421724148 0.118374335572465
  outer loop
    vertex -1.02213099215121 1.32976293391173 -36.8432529813219
    vertex -1.23378273791067 2.36149009543412 -29.2817459949302
    vertex -1.23378273791071 1.03728586322459 -36.7916813825212
  endloop
endfacet
facet normal 0.883145014709985 -0.461973393557051 0.0814583736535522
  outer loop
    vertex -1.23378273791067 2.36149009543412 -29.2817459949302
    vertex -1.02213099215121 1.32976293391173 -36.8432529813219
    vertex -1.02213099215118 2.65396716612127 -29.3333175937309
  endloop
endfacet
facet normal 0.530275979063932 -0.83494472345315 0.147223282144952
  outer loop
    vertex -0.740824695113133 2.88253104329897 -29.3736195720927
    vertex -1.02213099215121 1.32976293391173 -36.8432529813219
    vertex -0.740824695113167 1.55832681108944 -36.8835549596837
  endloop
endfacet
facet normal 0.731640543872842 -0.67133421724148 0.118374335572465
  outer loop
    vertex -1.02213099215121 1.32976293391173 -36.8432529813219
    vertex -0.740824695113133 2.88253104329897 -29.3736195720927
    vertex -1.02213099215118 2.65396716612127 -29.3333175937309
  endloop
endfacet
facet normal 0.292773982604308 -0.941655126572882 0.166039205337238
  outer loop
    vertex -0.409034406059032 3.03160547645724 -29.3999054167923
    vertex -0.740824695113167 1.55832681108944 -36.8835549596837
    vertex -0.409034406059065 1.70740124424771 -36.9098408043833
  endloop
endfacet
facet normal 0.530275979063931 -0.83494472345315 0.147223282144952
  outer loop
    vertex -0.740824695113167 1.55832681108944 -36.8835549596837
    vertex -0.409034406059032 3.03160547645724 -29.3999054167923
    vertex -0.740824695113133 2.88253104329897 -29.3736195720927
  endloop
endfacet
facet normal 0.0353199230620743 -0.98419328897535 0.173539831078552
  outer loop
    vertex -0.0493710848785375 3.09103128933349 -29.4103837909529
    vertex -0.409034406059065 1.70740124424771 -36.9098408043833
    vertex -0.0493710848785707 1.76682705712396 -36.9203191785439
  endloop
endfacet
facet normal 0.292773982604308 -0.941655126572882 0.166039205337238
  outer loop
    vertex -0.409034406059065 1.70740124424771 -36.9098408043833
    vertex -0.0493710848785375 3.09103128933349 -29.4103837909529
    vertex -0.409034406059032 3.03160547645724 -29.3999054167923
  endloop
endfacet
facet normal 0.956181674740745 0.288326087948977 -0.0508396685475294
  outer loop
    vertex -1.33581495197367 -0.0108825124393376 -36.6068610175663
    vertex -1.18444080539295 0.98657207073556 -29.0393108509135
    vertex -1.18444080539298 -0.337632161473978 -36.5492462385045
  endloop
endfacet
facet normal 0.847825091647911 0.5222198954183 -0.0920814574250005
  outer loop
    vertex -1.18444080539295 0.98657207073556 -29.0393108509135
    vertex -1.33581495197367 -0.0108825124393376 -36.6068610175663
    vertex -1.33581495197364 1.3133217197702 -29.0969256299753
  endloop
endfacet
facet normal -0.224541130867907 -0.959660305190457 0.169214004119994
  outer loop
    vertex 0.313654807461608 1.73255447877645 -36.9142759982828
    vertex -0.0493710848785375 3.09103128933349 -29.4103837909529
    vertex -0.0493710848785707 1.76682705712396 -36.9203191785439
  endloop
endfacet
facet normal 0.0353199230620743 -0.98419328897535 0.173539831078552
  outer loop
    vertex -0.0493710848785375 3.09103128933349 -29.4103837909529
    vertex 0.313654807461608 1.73255447877645 -36.9142759982828
    vertex 0.313654807461641 3.05675871098599 -29.4043406106918
  endloop
endfacet
facet normal -0.469100077800994 -0.869728057520475 0.153356522420022
  outer loop
    vertex 0.655303656327138 1.60691912878149 -36.892123096348
    vertex 0.313654807461641 3.05675871098599 -29.4043406106918
    vertex 0.313654807461608 1.73255447877645 -36.9142759982828
  endloop
endfacet
facet normal -0.224541130867907 -0.959660305190457 0.169214004119994
  outer loop
    vertex 0.313654807461641 3.05675871098599 -29.4043406106918
    vertex 0.655303656327138 1.60691912878149 -36.892123096348
    vertex 0.655303656327171 2.93112336099103 -29.382187708757
  endloop
endfacet
facet normal -0.681690629656482 -0.720525280024044 0.127048047150761
  outer loop
    vertex 0.952292657269253 1.39848284861898 -36.8553701563968
    vertex 0.655303656327171 2.93112336099103 -29.382187708757
    vertex 0.655303656327138 1.60691912878149 -36.892123096348
  endloop
endfacet
facet normal -0.469100077800994 -0.869728057520475 0.153356522420022
  outer loop
    vertex 0.655303656327171 2.93112336099103 -29.382187708757
    vertex 0.952292657269253 1.39848284861898 -36.8553701563968
    vertex 0.952292657269287 2.72268708082852 -29.3454347688058
  endloop
endfacet
facet normal -0.847825091647911 -0.522219895418299 0.0920814574250002
  outer loop
    vertex 1.18438250067131 2.44565445853429 -29.2965864429589
    vertex 0.952292657269253 1.39848284861898 -36.8553701563968
    vertex 1.18438250067128 1.12145022632475 -36.8065218305499
  endloop
endfacet
facet normal -0.681690629656482 -0.720525280024044 0.127048047150761
  outer loop
    vertex 0.952292657269253 1.39848284861898 -36.8553701563968
    vertex 1.18438250067131 2.44565445853429 -29.2965864429589
    vertex 0.952292657269287 2.72268708082852 -29.3454347688058
  endloop
endfacet
facet normal -9.06309527251322e-008 0.829463555066521 0.558560838957047
  outer loop
    vertex -4.59251799043852 2.69376040632263 -2.26974234956511
    vertex 4.6761106942687 3.1661992552852 -2.97131318244001
    vertex -4.67355577445616 3.16619930931516 -2.97132002025522
  endloop
endfacet
facet normal -9.06309527251322e-008 0.829463555066521 0.558560838957047
  outer loop
    vertex 4.6761106942687 3.1661992552852 -2.97131318244001
    vertex -4.59251799043852 2.69376040632263 -2.26974234956511
    vertex 4.594981252452 2.69376037849318 -2.26974615051565
  endloop
endfacet
facet normal 4.29097490325815e-007 -0.689485440238748 0.724299542798831
  outer loop
    vertex 4.594981252452 -2.6928920333701 -2.26974615051565
    vertex -4.53157968391118 -2.13915975455953 -1.74262409670985
    vertex -4.59252777662974 -2.69289206119885 -2.26974121788784
  endloop
endfacet
facet normal 4.29097490325815e-007 -0.689485440238748 0.724299542798831
  outer loop
    vertex -4.53157968391118 -2.13915975455953 -1.74262409670985
    vertex 4.594981252452 -2.6928920333701 -2.26974615051565
    vertex 4.53402536038772 -2.13915973142245 -1.74262993578245
  endloop
endfacet
facet normal 1.49416286270792e-007 -0.829462966521795 0.558561712945706
  outer loop
    vertex 4.594981252452 -2.6928920333701 -2.26974615051565
    vertex -4.64695199412744 -3.010066800413 -2.74074752412515
    vertex 4.64944800587259 -3.010066800413 -2.74074752412515
  endloop
endfacet
facet normal 1.49416286270792e-007 -0.829462966521795 0.558561712945706
  outer loop
    vertex -4.64695199412744 -3.010066800413 -2.74074752412515
    vertex 4.594981252452 -2.6928920333701 -2.26974615051565
    vertex -4.59252777662974 -2.69289206119885 -2.26974121788784
  endloop
endfacet
facet normal 3.94122949440278e-007 -0.320298215515399 0.947316764940585
  outer loop
    vertex 4.48830081738623 -1.48460367038982 -1.34722684657926
    vertex -4.45741794755656 -0.758309007282509 -1.10165491793581
    vertex -4.4858605736867 -1.48460368708673 -1.34722037531615
  endloop
endfacet
facet normal 3.94122949440278e-007 -0.320298215515399 0.947316764940585
  outer loop
    vertex -4.45741794755656 -0.758309007282509 -1.10165491793581
    vertex 4.48830081738623 -1.48460367038982 -1.34722684657926
    vertex 4.45996865121245 -0.759990432080163 -1.10222437539945
  endloop
endfacet
facet normal 5.12340485292794e-007 0.517060637307514 0.855948770281776
  outer loop
    vertex -4.4858551355736 1.48547203221167 -1.34722100418116
    vertex 4.53402536038772 2.14002807654553 -1.74262993578244
    vertex -4.53157187754236 2.14002809968388 -1.74262499944036
  endloop
endfacet
facet normal 5.12340485292794e-007 0.517060637307514 0.855948770281776
  outer loop
    vertex 4.53402536038772 2.14002807654553 -1.74262993578244
    vertex -4.4858551355736 1.48547203221167 -1.34722100418116
    vertex 4.48830081738622 1.48547201551291 -1.34722684657926
  endloop
endfacet
facet normal 0.974464612260786 -0.221129846548838 0.0389911581864774
  outer loop
    vertex -1.36135621568917 0.700827428054114 -36.7323546825137
    vertex -1.39615750380112 1.66752094694287 -29.1593805102719
    vertex -1.39615750380116 0.343316714733333 -36.6693158978629
  endloop
endfacet
facet normal 0.999376056864927 0.0347833340673254 -0.00613324027506963
  outer loop
    vertex -1.39615750380112 1.66752094694287 -29.1593805102719
    vertex -1.36135621568917 0.700827428054114 -36.7323546825137
    vertex -1.36135621568914 2.02503166026365 -29.2224192949227
  endloop
endfacet
facet normal 0.999376056864927 0.034783334067325 -0.00613324027506957
  outer loop
    vertex -1.39615750380116 0.343316714733333 -36.6693158978629
    vertex -1.33581495197364 1.3133217197702 -29.0969256299753
    vertex -1.33581495197367 -0.0108825124393376 -36.6068610175663
  endloop
endfacet
facet normal 0.956181674740745 0.288326087948978 -0.0508396685475295
  outer loop
    vertex -1.33581495197364 1.3133217197702 -29.0969256299753
    vertex -1.39615750380116 0.343316714733333 -36.6693158978629
    vertex -1.39615750380112 1.66752094694287 -29.1593805102719
  endloop
endfacet
facet normal -0.731640543872843 0.671334217241478 -0.118374335572464
  outer loop
    vertex 1.02207268742954 0.778259363148579 -29.0025797001415
    vertex 1.233724433189 -0.253467798373812 -36.5640866865332
    vertex 1.02207268742951 -0.545944869060959 -36.5125150877324
  endloop
endfacet
facet normal -0.883145014709986 0.46197339355705 -0.0814583736535521
  outer loop
    vertex 1.233724433189 -0.253467798373812 -36.5640866865332
    vertex 1.02207268742954 0.778259363148579 -29.0025797001415
    vertex 1.23372443318903 1.07073643383573 -29.0541512989422
  endloop
endfacet
facet normal -0.292773982604303 0.941655126572884 -0.166039205337238
  outer loop
    vertex 0.40897610133736 -0.923583179396928 -36.445927264671
    vertex 0.740766390391494 0.549695485970873 -28.9622777217797
    vertex 0.740766390391461 -0.774508746238663 -36.4722131093707
  endloop
endfacet
facet normal -0.530275979063932 0.83494472345315 -0.147223282144952
  outer loop
    vertex 0.740766390391494 0.549695485970873 -28.9622777217797
    vertex 0.40897610133736 -0.923583179396928 -36.445927264671
    vertex 0.408976101337393 0.400621052812605 -28.9359918770801
  endloop
endfacet
facet normal 0.681690629656482 0.720525280024044 -0.127048047150761
  outer loop
    vertex -0.952350961990925 0.709539448441335 -28.9904625250666
    vertex -0.655361961048842 -0.823101063930716 -36.4636449727064
    vertex -0.952350961990959 -0.614664783768202 -36.5003979126576
  endloop
endfacet
facet normal 0.469100077800996 0.869728057520474 -0.153356522420021
  outer loop
    vertex -0.655361961048842 -0.823101063930716 -36.4636449727064
    vertex -0.952350961990925 0.709539448441335 -28.9904625250666
    vertex -0.655361961048809 0.50110316827882 -28.9537095851154
  endloop
endfacet
facet normal 0.883145014709986 -0.46197339355705 0.081458373653552
  outer loop
    vertex -1.23378273791071 1.03728586322459 -36.7916813825212
    vertex -1.36135621568914 2.02503166026365 -29.2224192949227
    vertex -1.36135621568917 0.700827428054114 -36.7323546825137
  endloop
endfacet
facet normal 0.974464612260786 -0.221129846548838 0.0389911581864773
  outer loop
    vertex -1.36135621568914 2.02503166026365 -29.2224192949227
    vertex -1.23378273791071 1.03728586322459 -36.7916813825212
    vertex -1.23378273791067 2.36149009543412 -29.2817459949302
  endloop
endfacet
facet normal -0.974464612260786 0.22112984654884 -0.0389911581864777
  outer loop
    vertex 1.3612979109675 1.4071948690062 -29.1134779989497
    vertex 1.39609919907945 0.440501350117442 -36.6864521711914
    vertex 1.36129791096747 0.0829906367966585 -36.6234133865407
  endloop
endfacet
facet normal -0.999376056864927 -0.0347833340673243 0.00613324027506945
  outer loop
    vertex 1.39609919907945 0.440501350117442 -36.6864521711914
    vertex 1.3612979109675 1.4071948690062 -29.1134779989497
    vertex 1.39609919907948 1.76470558232698 -29.1765167836005
  endloop
endfacet
facet normal 6.23011873579808e-016 0.422618261740703 -0.906307787036649
  outer loop
    vertex 2.79524800587273 4.69943417256156 -38.4573196841588
    vertex 3.70964800587268 0.000434172561585333 -40.6484993698291
    vertex 2.79524800587267 0.000434172561582513 -40.6484993698291
  endloop
endfacet
facet normal 6.23011873579808e-016 0.422618261740703 -0.906307787036649
  outer loop
    vertex 3.70964800587268 0.000434172561585333 -40.6484993698291
    vertex 2.79524800587273 4.69943417256156 -38.4573196841588
    vertex 3.70964800587273 4.69943417256156 -38.4573196841588
  endloop
endfacet
facet normal -1.60115099453942e-015 -0.130526192219693 0.991444861373858
  outer loop
    vertex -6.23874896423917 9.50003417256155 -38.6630458891811
    vertex -3.57174896423916 9.73669830740331 -38.6318884647399
    vertex -6.23874896423917 9.73669830740332 -38.63188846474
  endloop
endfacet
facet normal -1.60115099453942e-015 -0.130526192219693 0.991444861373858
  outer loop
    vertex -3.57174896423916 9.73669830740331 -38.6318884647399
    vertex -6.23874896423917 9.50003417256155 -38.6630458891811
    vertex -3.57174896423917 9.50003417256154 -38.6630458891811
  endloop
endfacet
facet normal 3.35047376211729e-015 0.455822137365999 0.89007088430478
  outer loop
    vertex -3.57174896423919 7.63436346020885 -38.5011600345682
    vertex -6.23874896423918 7.84682898803458 -38.6099676505883
    vertex -6.23874896423918 7.63436346020885 -38.5011600345682
  endloop
endfacet
facet normal 3.35047376211729e-015 0.455822137365999 0.89007088430478
  outer loop
    vertex -6.23874896423918 7.84682898803458 -38.6099676505883
    vertex -3.57174896423919 7.63436346020885 -38.5011600345682
    vertex -3.57174896423918 7.84682898803456 -38.6099676505883
  endloop
endfacet
facet normal 5.85075035919828e-007 -0.517060506116836 0.855948849531244
  outer loop
    vertex 4.53402536038772 -2.13915973142245 -1.74262993578245
    vertex -4.4858605736867 -1.48460368708673 -1.34722037531615
    vertex -4.53157968391118 -2.13915975455953 -1.74262409670985
  endloop
endfacet
facet normal 5.85075035919828e-007 -0.517060506116836 0.855948849531244
  outer loop
    vertex -4.4858605736867 -1.48460368708673 -1.34722037531615
    vertex 4.53402536038772 -2.13915973142245 -1.74262993578245
    vertex 4.48830081738623 -1.48460367038982 -1.34722684657926
  endloop
endfacet
facet normal 2.41116639591973e-015 0.0402873890405466 0.999188133578605
  outer loop
    vertex -3.57174896423918 8.08021641183568 -38.6600776119699
    vertex -6.23874896423917 8.1538341725616 -38.6630458891811
    vertex -6.23874896423918 8.08021641183569 -38.6600776119699
  endloop
endfacet
facet normal 2.41116639591973e-015 0.0402873890405466 0.999188133578605
  outer loop
    vertex -6.23874896423917 8.1538341725616 -38.6630458891811
    vertex -3.57174896423918 8.08021641183568 -38.6600776119699
    vertex -3.57174896423917 8.15383417256157 -38.6630458891812
  endloop
endfacet
facet normal -2.06959825643797e-015 -0.793353340291371 0.608761429008544
  outer loop
    vertex -3.57174896423916 10.2919278017821 -38.2058458891812
    vertex -6.23874896423916 10.1466126132786 -38.3952243298982
    vertex -3.57174896423916 10.1466126132786 -38.3952243298982
  endloop
endfacet
facet normal -2.06959825643797e-015 -0.793353340291371 0.608761429008544
  outer loop
    vertex -6.23874896423916 10.1466126132786 -38.3952243298982
    vertex -3.57174896423916 10.2919278017821 -38.2058458891812
    vertex -6.23874896423917 10.2919278017821 -38.2058458891812
  endloop
endfacet
facet normal -3.08074538488956e-015 -0.981602888695777 -0.190933938586374
  outer loop
    vertex 7.0032449759846 -18.8802621363943 -41.3876090539283
    vertex -7.00074896423936 -18.4046094349243 -43.8329682668354
    vertex 7.00324497598461 -18.4046094349244 -43.8329682668355
  endloop
endfacet
facet normal -3.08074538488956e-015 -0.981602888695777 -0.190933938586374
  outer loop
    vertex -7.00074896423936 -18.4046094349243 -43.8329682668354
    vertex 7.0032449759846 -18.8802621363943 -41.3876090539283
    vertex -7.00074896423937 -18.8802621363943 -41.3876090539283
  endloop
endfacet
facet normal 2.85458223427875e-016 0.422618261740699 -0.90630778703665
  outer loop
    vertex -3.7071519941273 4.69943417256156 -38.4573196841588
    vertex -2.79275199412733 0.000434172561559953 -40.6484993698291
    vertex -3.70715199412732 0.000434172561559953 -40.6484993698291
  endloop
endfacet
facet normal 2.85458223427875e-016 0.422618261740699 -0.90630778703665
  outer loop
    vertex -2.79275199412733 0.000434172561559953 -40.6484993698291
    vertex -3.7071519941273 4.69943417256156 -38.4573196841588
    vertex -2.7927519941273 4.69943417256156 -38.4573196841588
  endloop
endfacet
facet normal 1.83618098354001e-015 0.997572921013796 0.0696294999264165
  outer loop
    vertex -7.0007489642391 19.0462775558825 -38.9024654576324
    vertex 7.00324497598473 18.8728172481593 -36.4173218613366
    vertex 7.00324497598475 19.0462775558825 -38.9024654576324
  endloop
endfacet
facet normal 1.83618098354001e-015 0.997572921013796 0.0696294999264165
  outer loop
    vertex 7.00324497598473 18.8728172481593 -36.4173218613366
    vertex -7.0007489642391 19.0462775558825 -38.9024654576324
    vertex -7.00074896423911 18.8728172481593 -36.4173218613366
  endloop
endfacet
facet normal -3.16694527971108e-015 -0.382683432365201 0.923879532511241
  outer loop
    vertex -3.57174896423916 9.73669830740331 -38.6318884647399
    vertex -6.23874896423917 9.95723417256159 -38.5405395184017
    vertex -6.23874896423917 9.73669830740332 -38.63188846474
  endloop
endfacet
facet normal -3.16694527971108e-015 -0.382683432365201 0.923879532511241
  outer loop
    vertex -6.23874896423917 9.95723417256159 -38.5405395184017
    vertex -3.57174896423916 9.73669830740331 -38.6318884647399
    vertex -3.57174896423917 9.95723417256159 -38.5405395184017
  endloop
endfacet
facet normal -2.99920051719956e-015 -0.997572921013794 0.0696294999264396
  outer loop
    vertex 7.0032449759846 -18.8802621363942 -36.4173218613366
    vertex -7.00074896423937 -19.0537224441175 -38.9024654576325
    vertex 7.0032449759846 -19.0537224441176 -38.9024654576325
  endloop
endfacet
facet normal -2.99920051719956e-015 -0.997572921013794 0.0696294999264396
  outer loop
    vertex -7.00074896423937 -19.0537224441175 -38.9024654576325
    vertex 7.0032449759846 -18.8802621363942 -36.4173218613366
    vertex -7.00074896423938 -18.8802621363942 -36.4173218613366
  endloop
endfacet
facet normal 1.0 -2.48846544078507e-015 4.49946164868411e-015
  outer loop
    vertex 7.00324497598467 -16.4749975770888 -46.5336607214796
    vertex 7.00324497598455 -16.5885006436866 -40.6484993698291
    vertex 7.00324497598466 -16.6898437675119 -46.5693139550958
  endloop
endfacet
facet normal 1.0 -2.48846544078507e-015 4.49946164868411e-015
  outer loop
    vertex 7.00324497598455 -16.5885006436866 -40.6484993698291
    vertex 7.00324497598467 -16.4749975770888 -46.5336607214796
    vertex 7.00324497598466 -15.9196944697896 -45.4926982278851
  endloop
endfacet
facet normal 1.0 -2.48846544078507e-015 4.49946164868411e-015
  outer loop
    vertex 7.00324497598466 -15.9196944697896 -45.4926982278851
    vertex 7.00324497598467 -16.4749975770888 -46.5336607214796
    vertex 7.00324497598466 -16.2766998289586 -46.4436160564897
  endloop
endfacet
facet normal 1.0 -2.48846544078507e-015 4.49946164868411e-015
  outer loop
    vertex 7.00324497598466 -15.9196944697896 -45.4926982278851
    vertex 7.00324497598466 -16.2766998289586 -46.4436160564897
    vertex 7.00324497598467 -16.108464186954 -46.3053163552395
  endloop
endfacet
facet normal 1.0 -2.48846544078507e-015 4.49946164868411e-015
  outer loop
    vertex 7.00324497598466 -15.9196944697896 -45.4926982278851
    vertex 7.00324497598467 -16.108464186954 -46.3053163552395
    vertex 7.00324497598466 -15.9817556320549 -46.128186513818
  endloop
endfacet
facet normal 1.0 -2.48846544078507e-015 4.49946164868411e-015
  outer loop
    vertex 7.00324497598466 -15.9196944697896 -45.4926982278851
    vertex 7.00324497598466 -15.9817556320549 -46.128186513818
    vertex 7.00324497598466 -15.905209142882 -45.9242976381971
  endloop
endfacet
facet normal 1.0 -2.48846544078507e-015 4.49946164868411e-015
  outer loop
    vertex 7.00324497598466 -15.9196944697896 -45.4926982278851
    vertex 7.00324497598466 -15.905209142882 -45.9242976381971
    vertex 7.00324497598466 -15.8840412361734 -45.7075444183082
  endloop
endfacet
facet normal 1.0 -2.48846544078507e-015 4.49946164868411e-015
  outer loop
    vertex 7.0032449759847 15.9425851003928 -45.8852467984325
    vertex 7.00324497598466 15.9558170955692 -45.4608037685357
    vertex 7.0032449759847 15.9212616054963 -45.6721542708776
  endloop
endfacet
facet normal 1.0 -2.48846544078507e-015 4.49946164868411e-015
  outer loop
    vertex 7.00324497598466 15.9558170955692 -45.4608037685357
    vertex 7.0032449759847 15.9425851003928 -45.8852467984325
    vertex 7.0032449759847 16.0183344193203 -46.0855594475996
  endloop
endfacet
facet normal 1.0 -2.48846544078507e-015 4.49946164868411e-015
  outer loop
    vertex 7.00324497598466 15.9558170955692 -45.4608037685357
    vertex 7.0032449759847 16.0183344193203 -46.0855594475996
    vertex 7.00324497598465 16.5893689888097 -40.6484993698291
  endloop
endfacet
facet normal 1.0 -2.48846544078507e-015 4.49946164868411e-015
  outer loop
    vertex 7.00324497598465 16.5893689888097 -40.6484993698291
    vertex 7.0032449759847 16.0183344193203 -46.0855594475996
    vertex 7.0032449759847 16.1433473713756 -46.2594412423705
  endloop
endfacet
facet normal 1.0 -2.48846544078507e-015 4.49946164868411e-015
  outer loop
    vertex 7.00324497598465 16.5893689888097 -40.6484993698291
    vertex 7.0032449759847 16.1433473713756 -46.2594412423705
    vertex 7.0032449759847 16.3091045304698 -46.3950424257848
  endloop
endfacet
facet normal 1.0 -2.48846544078507e-015 4.49946164868411e-015
  outer loop
    vertex 7.00324497598465 16.5893689888097 -40.6484993698291
    vertex 7.0032449759847 16.3091045304698 -46.3950424257848
    vertex 7.00324497598471 16.5043098201372 -46.4831220012844
  endloop
endfacet
facet normal 1.0 -2.48846544078507e-015 4.49946164868411e-015
  outer loop
    vertex 7.00324497598465 16.5893689888097 -40.6484993698291
    vertex 7.00324497598471 16.5043098201372 -46.4831220012844
    vertex 7.00324497598471 16.7156603224791 -46.5176774913573
  endloop
endfacet
facet normal 1.0 -2.48846544078507e-015 4.49946164868411e-015
  outer loop
    vertex 7.0032449759846 -18.8802621363943 -41.3876090539283
    vertex 7.0032449759846 -18.8802621363942 -36.4173218613366
    vertex 7.0032449759846 -19.0537224441176 -38.9024654576325
  endloop
endfacet
facet normal 1.0 -2.48846544078507e-015 4.49946164868411e-015
  outer loop
    vertex 7.0032449759846 -18.8802621363942 -36.4173218613366
    vertex 7.0032449759846 -18.8802621363943 -41.3876090539283
    vertex 7.00324497598461 -18.4046094349244 -43.8329682668355
  endloop
endfacet
facet normal 1.0 -2.48846544078507e-015 4.49946164868411e-015
  outer loop
    vertex 7.0032449759846 -18.8802621363942 -36.4173218613366
    vertex 7.00324497598461 -18.4046094349244 -43.8329682668355
    vertex 7.0032449759846 -18.4046094349243 -33.9719626484294
  endloop
endfacet
facet normal 1.0 -2.48846544078507e-015 4.49946164868411e-015
  outer loop
    vertex 7.0032449759846 -18.4046094349243 -33.9719626484294
    vertex 7.00324497598461 -18.4046094349244 -43.8329682668355
    vertex 7.00324497598462 -17.5159600706832 -45.9783576141804
  endloop
endfacet
facet normal 1.0 -2.48846544078507e-015 4.49946164868411e-015
  outer loop
    vertex 7.0032449759846 -18.4046094349243 -33.9719626484294
    vertex 7.00324497598462 -17.5159600706832 -45.9783576141804
    vertex 7.00324497598457 -17.9228633518348 -32.4899425408579
  endloop
endfacet
facet normal 1.0 -2.48846544078507e-015 4.49946164868411e-015
  outer loop
    vertex 7.00324497598457 -17.9228633518348 -32.4899425408579
    vertex 7.00324497598462 -17.5159600706832 -45.9783576141804
    vertex 7.00324497598454 -16.0232463970784 -36.3549671014198
  endloop
endfacet
facet normal 1.0 -2.48846544078507e-015 4.49946164868411e-015
  outer loop
    vertex 7.00324497598457 -17.9228633518348 -32.4899425408579
    vertex 7.00324497598454 -16.0232463970784 -36.3549671014198
    vertex 7.00324497598459 -12.4044991246208 -21.838449737014
  endloop
endfacet
facet normal 1.0 -2.48846544078507e-015 4.49946164868411e-015
  outer loop
    vertex 7.00324497598454 -16.0232463970784 -36.3549671014198
    vertex 7.00324497598462 -17.5159600706832 -45.9783576141804
    vertex 7.00324497598465 -17.4259154056934 -46.1766553623106
  endloop
endfacet
facet normal 1.0 -2.48846544078507e-015 4.49946164868411e-015
  outer loop
    vertex 7.00324497598454 -16.0232463970784 -36.3549671014198
    vertex 7.00324497598465 -17.4259154056934 -46.1766553623106
    vertex 7.00324497598455 -16.5885006436866 -40.6484993698291
  endloop
endfacet
facet normal 1.0 -2.48846544078507e-015 4.49946164868411e-015
  outer loop
    vertex 7.00324497598455 -16.5885006436866 -40.6484993698291
    vertex 7.00324497598465 -17.4259154056934 -46.1766553623106
    vertex 7.00324497598465 -17.2876157044431 -46.3448910043152
  endloop
endfacet
facet normal 1.0 -2.48846544078507e-015 4.49946164868411e-015
  outer loop
    vertex 7.00324497598455 -16.5885006436866 -40.6484993698291
    vertex 7.00324497598465 -17.2876157044431 -46.3448910043152
    vertex 7.00324497598466 -17.1104858630216 -46.4715995592143
  endloop
endfacet
facet normal 1.0 -2.48846544078507e-015 4.49946164868411e-015
  outer loop
    vertex 7.00324497598455 -16.5885006436866 -40.6484993698291
    vertex 7.00324497598466 -17.1104858630216 -46.4715995592143
    vertex 7.00324497598466 -16.9065969874008 -46.5481460483872
  endloop
endfacet
facet normal 1.0 -2.48846544078507e-015 4.49946164868411e-015
  outer loop
    vertex 7.00324497598455 -16.5885006436866 -40.6484993698291
    vertex 7.00324497598466 -16.9065969874008 -46.5481460483872
    vertex 7.00324497598466 -16.6898437675119 -46.5693139550958
  endloop
endfacet
facet normal 1.0 -2.48846544078507e-015 4.49946164868411e-015
  outer loop
    vertex 7.00324497598459 -12.4044991246208 -21.838449737014
    vertex 7.00324497598454 -16.0232463970784 -36.3549671014198
    vertex 7.00324497598452 -14.3660048000335 -32.3540319617052
  endloop
endfacet
facet normal 1.0 -2.48846544078507e-015 4.49946164868411e-015
  outer loop
    vertex 7.00324497598459 -12.4044991246208 -21.838449737014
    vertex 7.00324497598452 -14.3660048000335 -32.3540319617052
    vertex 7.0032449759846 -12.0391658274384 -29.1676993698291
  endloop
endfacet
facet normal 1.0 -2.48846544078507e-015 4.49946164868411e-015
  outer loop
    vertex 7.00324497598459 -12.4044991246208 -21.838449737014
    vertex 7.0032449759846 -12.0391658274384 -29.1676993698291
    vertex 7.0032449759846 12.6064689991078 -21.8384632961448
  endloop
endfacet
facet normal 1.0 -2.48846544078507e-015 4.49946164868411e-015
  outer loop
    vertex 7.0032449759846 12.6064689991078 -21.8384632961448
    vertex 7.0032449759846 -12.0391658274384 -29.1676993698291
    vertex 7.00324497598457 -4.69856582743843 -29.1676993698291
  endloop
endfacet
facet normal 1.0 -2.48846544078507e-015 4.49946164868411e-015
  outer loop
    vertex 7.0032449759846 12.6064689991078 -21.8384632961448
    vertex 7.00324497598457 -4.69856582743843 -29.1676993698291
    vertex 7.00324497598457 -3.18063477194713 -33.4009560097071
  endloop
endfacet
facet normal 1.0 -2.48846544078507e-015 4.49946164868411e-015
  outer loop
    vertex 7.00324497598457 -3.18063477194713 -33.4009560097071
    vertex 7.00324497598457 -4.69856582743843 -29.1676993698291
    vertex 7.00324497598459 -4.49599626480122 -34.4128124364908
  endloop
endfacet
facet normal 1.0 -2.48846544078507e-015 4.49946164868411e-015
  outer loop
    vertex 7.00324497598459 -4.49599626480122 -34.4128124364908
    vertex 7.00324497598457 -4.69856582743843 -29.1676993698291
    vertex 7.00324497598459 -4.69856582743842 -34.6774720826147
  endloop
endfacet
facet normal 1.0 -2.48846544078507e-015 4.49946164868411e-015
  outer loop
    vertex 7.0032449759846 12.6064689991078 -21.8384632961448
    vertex 7.00324497598457 -3.18063477194713 -33.4009560097071
    vertex 7.00324497598457 -1.6482054209322 -32.7640183601255
  endloop
endfacet
facet normal 1.0 -2.48846544078507e-015 4.49946164868411e-015
  outer loop
    vertex 7.0032449759846 12.6064689991078 -21.8384632961448
    vertex 7.00324497598457 -1.6482054209322 -32.7640183601255
    vertex 7.00324497598457 -0.00314073956885239 -32.5454057359752
  endloop
endfacet
facet normal 1.0 -2.48846544078507e-015 4.49946164868411e-015
  outer loop
    vertex 7.0032449759846 12.6064689991078 -21.8384632961448
    vertex 7.00324497598457 -0.00314073956885239 -32.5454057359752
    vertex 7.0032449759846 1.6490737660553 -32.7640183601254
  endloop
endfacet
facet normal 1.0 -2.48846544078507e-015 4.49946164868411e-015
  outer loop
    vertex 7.0032449759846 12.6064689991078 -21.8384632961448
    vertex 7.0032449759846 1.6490737660553 -32.7640183601254
    vertex 7.00324497598462 3.18150311707024 -33.4009560097071
  endloop
endfacet
facet normal 1.0 -2.48846544078507e-015 4.49946164868411e-015
  outer loop
    vertex 7.0032449759846 12.6064689991078 -21.8384632961448
    vertex 7.00324497598462 3.18150311707024 -33.4009560097071
    vertex 7.00324497598463 4.69943417256152 -32.0632993698291
  endloop
endfacet
facet normal 1.0 -2.48846544078507e-015 4.49946164868411e-015
  outer loop
    vertex 7.00324497598463 4.69943417256152 -32.0632993698291
    vertex 7.00324497598462 3.18150311707024 -33.4009560097071
    vertex 7.00324497598463 4.49686460992434 -34.4128124364908
  endloop
endfacet
facet normal 1.0 -2.48846544078507e-015 4.49946164868411e-015
  outer loop
    vertex 7.00324497598463 4.69943417256152 -32.0632993698291
    vertex 7.00324497598463 4.49686460992434 -34.4128124364908
    vertex 7.00324497598463 4.69943417256152 -34.6774720826147
  endloop
endfacet
facet normal 1.0 -2.48846544078507e-015 4.49946164868411e-015
  outer loop
    vertex 7.0032449759846 12.6064689991078 -21.8384632961448
    vertex 7.00324497598463 4.69943417256152 -32.0632993698291
    vertex 7.00324497598471 14.1437861811253 -32.0632993698294
  endloop
endfacet
facet normal 1.0 -2.48846544078507e-015 4.49946164868411e-015
  outer loop
    vertex 7.0032449759846 12.6064689991078 -21.8384632961448
    vertex 7.00324497598471 14.1437861811253 -32.0632993698294
    vertex 7.00324497598473 17.8709214934401 -32.3530542363812
  endloop
endfacet
facet normal 1.0 -2.48846544078507e-015 4.49946164868411e-015
  outer loop
    vertex 7.00324497598473 17.8709214934401 -32.3530542363812
    vertex 7.00324497598471 14.1437861811253 -32.0632993698294
    vertex 7.00324497598464 14.3668731451566 -32.3540319617052
  endloop
endfacet
facet normal 1.0 -2.48846544078507e-015 4.49946164868411e-015
  outer loop
    vertex 7.00324497598473 17.8709214934401 -32.3530542363812
    vertex 7.00324497598464 14.3668731451566 -32.3540319617052
    vertex 7.00324497598464 16.0241147422016 -36.3549671014198
  endloop
endfacet
facet normal 1.0 -2.48846544078507e-015 4.49946164868411e-015
  outer loop
    vertex 7.00324497598473 17.8709214934401 -32.3530542363812
    vertex 7.00324497598464 16.0241147422016 -36.3549671014198
    vertex 7.00324497598465 16.5893689888097 -40.6484993698291
  endloop
endfacet
facet normal 1.0 -2.48846544078507e-015 4.49946164868411e-015
  outer loop
    vertex 7.00324497598473 17.8709214934401 -32.3530542363812
    vertex 7.00324497598465 16.5893689888097 -40.6484993698291
    vertex 7.00324497598471 16.7156603224791 -46.5176774913573
  endloop
endfacet
facet normal 1.0 -2.48846544078507e-015 4.49946164868411e-015
  outer loop
    vertex 7.00324497598473 17.8709214934401 -32.3530542363812
    vertex 7.00324497598471 16.7156603224791 -46.5176774913573
    vertex 7.00324497598471 16.9287528500339 -46.4963539964608
  endloop
endfacet
facet normal 1.0 -2.48846544078507e-015 4.49946164868411e-015
  outer loop
    vertex 7.00324497598473 17.8709214934401 -32.3530542363812
    vertex 7.00324497598471 16.9287528500339 -46.4963539964608
    vertex 7.00324497598471 17.129065499201 -46.4206046775332
  endloop
endfacet
facet normal 1.0 -2.48846544078507e-015 4.49946164868411e-015
  outer loop
    vertex 7.00324497598473 17.8709214934401 -32.3530542363812
    vertex 7.00324497598471 17.129065499201 -46.4206046775332
    vertex 7.00324497598471 17.302947293972 -46.2955917254779
  endloop
endfacet
facet normal 1.0 -2.48846544078507e-015 4.49946164868411e-015
  outer loop
    vertex 7.00324497598473 17.8709214934401 -32.3530542363812
    vertex 7.00324497598471 17.302947293972 -46.2955917254779
    vertex 7.00324497598471 17.4385484773862 -46.1298345663837
  endloop
endfacet
facet normal 1.0 -2.48846544078507e-015 4.49946164868411e-015
  outer loop
    vertex 7.00324497598473 17.8709214934401 -32.3530542363812
    vertex 7.00324497598471 17.4385484773862 -46.1298345663837
    vertex 7.00324497598475 17.5266280528858 -45.9346292767163
  endloop
endfacet
facet normal 1.0 -2.48846544078507e-015 4.49946164868411e-015
  outer loop
    vertex 7.00324497598473 17.8709214934401 -32.3530542363812
    vertex 7.00324497598475 17.5266280528858 -45.9346292767163
    vertex 7.00324497598475 18.3971645466892 -43.8329682668354
  endloop
endfacet
facet normal 1.0 -2.48846544078507e-015 4.49946164868411e-015
  outer loop
    vertex 7.00324497598473 17.8709214934401 -32.3530542363812
    vertex 7.00324497598475 18.3971645466892 -43.8329682668354
    vertex 7.00324497598473 18.3971645466892 -33.9719626484294
  endloop
endfacet
facet normal 1.0 -2.48846544078507e-015 4.49946164868411e-015
  outer loop
    vertex 7.00324497598473 18.3971645466892 -33.9719626484294
    vertex 7.00324497598475 18.3971645466892 -43.8329682668354
    vertex 7.00324497598475 18.8798524048175 -41.3885352498732
  endloop
endfacet
facet normal 1.0 -2.48846544078507e-015 4.49946164868411e-015
  outer loop
    vertex 7.00324497598473 18.3971645466892 -33.9719626484294
    vertex 7.00324497598475 18.8798524048175 -41.3885352498732
    vertex 7.00324497598473 18.8728172481593 -36.4173218613366
  endloop
endfacet
facet normal 1.0 -2.48846544078507e-015 4.49946164868411e-015
  outer loop
    vertex 7.00324497598473 18.8728172481593 -36.4173218613366
    vertex 7.00324497598475 18.8798524048175 -41.3885352498732
    vertex 7.00324497598475 19.0462775558825 -38.9024654576324
  endloop
endfacet
facet normal 3.48313717790364e-007 0.689485518791285 0.724299468022027
  outer loop
    vertex -4.53157187754236 2.14002809968388 -1.74262499944036
    vertex 4.594981252452 2.69376037849318 -2.26974615051565
    vertex -4.59251799043852 2.69376040632263 -2.26974234956511
  endloop
endfacet
facet normal 3.48313717790364e-007 0.689485518791285 0.724299468022027
  outer loop
    vertex 4.594981252452 2.69376037849318 -2.26974615051565
    vertex -4.53157187754236 2.14002809968388 -1.74262499944036
    vertex 4.53402536038772 2.14002807654553 -1.74262993578244
  endloop
endfacet
facet normal 2.37878098125471e-015 0.209923078326303 0.977717904707697
  outer loop
    vertex -6.23874896423918 7.84682898803458 -38.6099676505883
    vertex -3.57174896423918 8.08021641183568 -38.6600776119699
    vertex -6.23874896423918 8.08021641183569 -38.6600776119699
  endloop
endfacet
facet normal 2.37878098125471e-015 0.209923078326303 0.977717904707697
  outer loop
    vertex -3.57174896423918 8.08021641183568 -38.6600776119699
    vertex -6.23874896423918 7.84682898803458 -38.6099676505883
    vertex -3.57174896423918 8.02431421549418 -38.6480750076556
  endloop
endfacet
facet normal 2.37878098125471e-015 0.209923078326303 0.977717904707697
  outer loop
    vertex -3.57174896423918 8.02431421549418 -38.6480750076556
    vertex -6.23874896423918 7.84682898803458 -38.6099676505883
    vertex -3.57174896423918 7.84682898803456 -38.6099676505883
  endloop
endfacet
facet normal -7.72936854578015e-015 -0.794093135611094 0.607796094077068
  outer loop
    vertex -3.70715199412735 -4.69856582743843 -34.6774720826147
    vertex -7.00074896423928 -4.49599626480121 -34.4128124364908
    vertex -7.00074896423926 -4.6985658274384 -34.6774720826147
  endloop
endfacet
facet normal -7.72936854578015e-015 -0.794093135611094 0.607796094077068
  outer loop
    vertex -7.00074896423928 -4.49599626480121 -34.4128124364908
    vertex -3.70715199412735 -4.69856582743843 -34.6774720826147
    vertex -3.70715199412735 -4.49599626480124 -34.4128124364908
  endloop
endfacet
facet normal -1.0 3.74397133742831e-015 -2.86754757536534e-015
  outer loop
    vertex -3.70715199412733 -1.64820542093222 -32.7640183601255
    vertex -3.70715199412734 -1.05039339823227 -38.6197832965716
    vertex -3.70715199412733 -1.08760921075934 -38.9024654576324
  endloop
endfacet
facet normal -1.0 3.74397133742831e-015 -2.86754757536534e-015
  outer loop
    vertex -3.70715199412734 -1.05039339823227 -38.6197832965716
    vertex -3.70715199412733 -1.64820542093222 -32.7640183601255
    vertex -3.70715199412735 0.00400908469200332 -32.5454057359751
  endloop
endfacet
facet normal -1.0 3.74397133742831e-015 -2.86754757536534e-015
  outer loop
    vertex -3.70715199412734 -1.05039339823227 -38.6197832965716
    vertex -3.70715199412735 0.00400908469200332 -32.5454057359751
    vertex -3.70715199412734 -0.941282156772692 -38.3563654576323
  endloop
endfacet
facet normal -1.0 3.74397133742831e-015 -2.86754757536534e-015
  outer loop
    vertex -3.70715199412734 -0.941282156772692 -38.3563654576323
    vertex -3.70715199412735 0.00400908469200332 -32.5454057359751
    vertex -3.70715199412734 -0.767711237171276 -38.1301634312205
  endloop
endfacet
facet normal -1.0 3.74397133742831e-015 -2.86754757536534e-015
  outer loop
    vertex -3.70715199412734 -0.767711237171276 -38.1301634312205
    vertex -3.70715199412735 0.00400908469200332 -32.5454057359751
    vertex -3.70715199412733 -0.541509210759343 -37.956592511619
  endloop
endfacet
facet normal -1.0 3.74397133742831e-015 -2.86754757536534e-015
  outer loop
    vertex -3.70715199412733 -0.541509210759343 -37.956592511619
    vertex -3.70715199412735 0.00400908469200332 -32.5454057359751
    vertex -3.70715199412733 -0.27809137182031 -37.8474812701594
  endloop
endfacet
facet normal -1.0 3.74397133742831e-015 -2.86754757536534e-015
  outer loop
    vertex -3.70715199412733 -0.27809137182031 -37.8474812701594
    vertex -3.70715199412735 0.00400908469200332 -32.5454057359751
    vertex -3.70715199412733 0.00459078924064782 -37.8102654576324
  endloop
endfacet
facet normal -1.0 3.74397133742831e-015 -2.86754757536534e-015
  outer loop
    vertex -3.70715199412733 0.00459078924064782 -37.8102654576324
    vertex -3.70715199412735 0.00400908469200332 -32.5454057359751
    vertex -3.70715199412733 1.64907376605534 -32.7640183601254
  endloop
endfacet
facet normal -1.0 3.74397133742831e-015 -2.86754757536534e-015
  outer loop
    vertex -3.70715199412733 0.00459078924064782 -37.8102654576324
    vertex -3.70715199412733 1.64907376605534 -32.7640183601254
    vertex -3.70715199412733 0.287272950301619 -37.8474812701595
  endloop
endfacet
facet normal -1.0 3.74397133742831e-015 -2.86754757536534e-015
  outer loop
    vertex -3.70715199412733 0.287272950301619 -37.8474812701595
    vertex -3.70715199412733 1.64907376605534 -32.7640183601254
    vertex -3.70715199412732 0.550690789240644 -37.956592511619
  endloop
endfacet
facet normal -1.0 3.74397133742831e-015 -2.86754757536534e-015
  outer loop
    vertex -3.70715199412732 0.550690789240644 -37.956592511619
    vertex -3.70715199412733 1.64907376605534 -32.7640183601254
    vertex -3.70715199412732 0.776892815652608 -38.1301634312205
  endloop
endfacet
facet normal -1.0 3.74397133742831e-015 -2.86754757536534e-015
  outer loop
    vertex -3.70715199412732 0.776892815652608 -38.1301634312205
    vertex -3.70715199412733 1.64907376605534 -32.7640183601254
    vertex -3.70715199412732 0.950463735254033 -38.3563654576324
  endloop
endfacet
facet normal -1.0 3.74397133742831e-015 -2.86754757536534e-015
  outer loop
    vertex -3.70715199412732 0.950463735254033 -38.3563654576324
    vertex -3.70715199412733 1.64907376605534 -32.7640183601254
    vertex -3.70715199412732 1.05957497671359 -38.6197832965716
  endloop
endfacet
facet normal -1.0 3.74397133742831e-015 -2.86754757536534e-015
  outer loop
    vertex -3.70715199412732 1.05957497671359 -38.6197832965716
    vertex -3.70715199412733 1.64907376605534 -32.7640183601254
    vertex -3.70715199412732 1.09679078924065 -38.9024654576324
  endloop
endfacet
facet normal -1.0 3.74397133742831e-015 -2.86754757536534e-015
  outer loop
    vertex -3.70715199412733 -4.69856582743844 -38.4573196841588
    vertex -3.70715199412733 -0.767711237171296 -39.6747674840445
    vertex -3.70715199412732 0.000434172561559953 -40.6484993698291
  endloop
endfacet
facet normal -1.0 3.74397133742831e-015 -2.86754757536534e-015
  outer loop
    vertex -3.70715199412733 -0.767711237171296 -39.6747674840445
    vertex -3.70715199412733 -4.69856582743844 -38.4573196841588
    vertex -3.70715199412735 -4.69856582743843 -34.6774720826147
  endloop
endfacet
facet normal -1.0 3.74397133742831e-015 -2.86754757536534e-015
  outer loop
    vertex -3.70715199412733 -0.767711237171296 -39.6747674840445
    vertex -3.70715199412735 -4.69856582743843 -34.6774720826147
    vertex -3.70715199412733 -0.941282156772712 -39.4485654576324
  endloop
endfacet
facet normal -1.0 3.74397133742831e-015 -2.86754757536534e-015
  outer loop
    vertex -3.70715199412733 -0.941282156772712 -39.4485654576324
    vertex -3.70715199412735 -4.69856582743843 -34.6774720826147
    vertex -3.70715199412735 -4.49599626480124 -34.4128124364908
  endloop
endfacet
facet normal -1.0 3.74397133742831e-015 -2.86754757536534e-015
  outer loop
    vertex -3.70715199412733 -0.941282156772712 -39.4485654576324
    vertex -3.70715199412735 -4.49599626480124 -34.4128124364908
    vertex -3.70715199412733 -1.05039339823228 -39.1851476186934
  endloop
endfacet
facet normal -1.0 3.74397133742831e-015 -2.86754757536534e-015
  outer loop
    vertex -3.70715199412733 -1.05039339823228 -39.1851476186934
    vertex -3.70715199412735 -4.49599626480124 -34.4128124364908
    vertex -3.70715199412734 -3.18063477194717 -33.4009560097071
  endloop
endfacet
facet normal -1.0 3.74397133742831e-015 -2.86754757536534e-015
  outer loop
    vertex -3.70715199412733 -1.05039339823228 -39.1851476186934
    vertex -3.70715199412734 -3.18063477194717 -33.4009560097071
    vertex -3.70715199412733 -1.08760921075934 -38.9024654576324
  endloop
endfacet
facet normal -1.0 3.74397133742831e-015 -2.86754757536534e-015
  outer loop
    vertex -3.70715199412733 -1.08760921075934 -38.9024654576324
    vertex -3.70715199412734 -3.18063477194717 -33.4009560097071
    vertex -3.70715199412733 -1.64820542093222 -32.7640183601255
  endloop
endfacet
facet normal -1.0 3.74397133742831e-015 -2.86754757536534e-015
  outer loop
    vertex -3.70715199412732 0.000434172561559953 -40.6484993698291
    vertex -3.70715199412733 -0.767711237171296 -39.6747674840445
    vertex -3.70715199412732 -0.541509210759337 -39.8483384036457
  endloop
endfacet
facet normal -1.0 3.74397133742831e-015 -2.86754757536534e-015
  outer loop
    vertex -3.70715199412732 0.000434172561559953 -40.6484993698291
    vertex -3.70715199412732 -0.541509210759337 -39.8483384036457
    vertex -3.70715199412732 -0.278091371820335 -39.9574496451053
  endloop
endfacet
facet normal -1.0 3.74397133742831e-015 -2.86754757536534e-015
  outer loop
    vertex -3.70715199412732 0.000434172561559953 -40.6484993698291
    vertex -3.70715199412732 -0.278091371820335 -39.9574496451053
    vertex -3.70715199412732 0.0045907892406591 -39.9946654576324
  endloop
endfacet
facet normal -1.0 3.74397133742831e-015 -2.86754757536534e-015
  outer loop
    vertex -3.70715199412732 0.000434172561559953 -40.6484993698291
    vertex -3.70715199412732 0.0045907892406591 -39.9946654576324
    vertex -3.70715199412732 0.28727295030165 -39.9574496451053
  endloop
endfacet
facet normal -1.0 3.74397133742831e-015 -2.86754757536534e-015
  outer loop
    vertex -3.70715199412732 0.000434172561559953 -40.6484993698291
    vertex -3.70715199412732 0.28727295030165 -39.9574496451053
    vertex -3.7071519941273 4.69943417256156 -38.4573196841588
  endloop
endfacet
facet normal -1.0 3.74397133742831e-015 -2.86754757536534e-015
  outer loop
    vertex -3.7071519941273 4.69943417256156 -38.4573196841588
    vertex -3.70715199412732 0.28727295030165 -39.9574496451053
    vertex -3.70715199412731 0.550690789240661 -39.8483384036457
  endloop
endfacet
facet normal -1.0 3.74397133742831e-015 -2.86754757536534e-015
  outer loop
    vertex -3.7071519941273 4.69943417256156 -38.4573196841588
    vertex -3.70715199412731 0.550690789240661 -39.8483384036457
    vertex -3.70715199412732 0.776892815652606 -39.6747674840445
  endloop
endfacet
facet normal -1.0 3.74397133742831e-015 -2.86754757536534e-015
  outer loop
    vertex -3.7071519941273 4.69943417256156 -38.4573196841588
    vertex -3.70715199412732 0.776892815652606 -39.6747674840445
    vertex -3.70715199412732 0.950463735254022 -39.4485654576324
  endloop
endfacet
facet normal -1.0 3.74397133742831e-015 -2.86754757536534e-015
  outer loop
    vertex -3.7071519941273 4.69943417256156 -38.4573196841588
    vertex -3.70715199412732 0.950463735254022 -39.4485654576324
    vertex -3.70715199412732 1.05957497671357 -39.1851476186934
  endloop
endfacet
facet normal -1.0 3.74397133742831e-015 -2.86754757536534e-015
  outer loop
    vertex -3.7071519941273 4.69943417256156 -38.4573196841588
    vertex -3.70715199412732 1.05957497671357 -39.1851476186934
    vertex -3.70715199412732 1.09679078924065 -38.9024654576324
  endloop
endfacet
facet normal -1.0 3.74397133742831e-015 -2.86754757536534e-015
  outer loop
    vertex -3.7071519941273 4.69943417256156 -38.4573196841588
    vertex -3.70715199412732 1.09679078924065 -38.9024654576324
    vertex -3.70715199412733 1.64907376605534 -32.7640183601254
  endloop
endfacet
facet normal -1.0 3.74397133742831e-015 -2.86754757536534e-015
  outer loop
    vertex -3.7071519941273 4.69943417256156 -38.4573196841588
    vertex -3.70715199412733 1.64907376605534 -32.7640183601254
    vertex -3.70715199412733 3.18150311707027 -33.4009560097071
  endloop
endfacet
facet normal -1.0 3.74397133742831e-015 -2.86754757536534e-015
  outer loop
    vertex -3.7071519941273 4.69943417256156 -38.4573196841588
    vertex -3.70715199412733 3.18150311707027 -33.4009560097071
    vertex -3.70715199412731 4.49686460992439 -34.4128124364908
  endloop
endfacet
facet normal -1.0 3.74397133742831e-015 -2.86754757536534e-015
  outer loop
    vertex -3.7071519941273 4.69943417256156 -38.4573196841588
    vertex -3.70715199412731 4.49686460992439 -34.4128124364908
    vertex -3.70715199412731 4.69943417256157 -34.6774720826147
  endloop
endfacet
facet normal -1.0 6.79167120706443e-015 -3.04229609497101e-015
  outer loop
    vertex -7.00074896423938 -18.8802621363942 -36.4173218613366
    vertex -7.00074896423937 -18.8802621363943 -41.3876090539283
    vertex -7.00074896423937 -19.0537224441175 -38.9024654576325
  endloop
endfacet
facet normal -1.0 6.79167120706443e-015 -3.04229609497101e-015
  outer loop
    vertex -7.00074896423937 -18.8802621363943 -41.3876090539283
    vertex -7.00074896423938 -18.8802621363942 -36.4173218613366
    vertex -7.00074896423936 -18.4046094349243 -43.8329682668354
  endloop
endfacet
facet normal -1.0 6.79167120706443e-015 -3.04229609497101e-015
  outer loop
    vertex -7.00074896423936 -18.4046094349243 -43.8329682668354
    vertex -7.00074896423938 -18.8802621363942 -36.4173218613366
    vertex -7.00074896423938 -18.4046094349243 -33.9719626484294
  endloop
endfacet
facet normal -1.0 6.79167120706443e-015 -3.04229609497101e-015
  outer loop
    vertex -7.00074896423936 -18.4046094349243 -43.8329682668354
    vertex -7.00074896423938 -18.4046094349243 -33.9719626484294
    vertex -7.00074896423933 -17.5159600706831 -45.9783576141804
  endloop
endfacet
facet normal -1.0 6.79167120706443e-015 -3.04229609497101e-015
  outer loop
    vertex -7.00074896423933 -17.5159600706831 -45.9783576141804
    vertex -7.00074896423938 -18.4046094349243 -33.9719626484294
    vertex -7.00074896423938 -17.9228633518348 -32.4899425408579
  endloop
endfacet
facet normal -1.0 6.79167120706443e-015 -3.04229609497101e-015
  outer loop
    vertex -7.00074896423933 -17.5159600706831 -45.9783576141804
    vertex -7.00074896423938 -17.9228633518348 -32.4899425408579
    vertex -7.00074896423933 -16.0232463970783 -36.3549671014198
  endloop
endfacet
facet normal -1.0 6.79167120706443e-015 -3.04229609497101e-015
  outer loop
    vertex -7.00074896423933 -16.0232463970783 -36.3549671014198
    vertex -7.00074896423938 -17.9228633518348 -32.4899425408579
    vertex -7.00074896423938 -12.4044991246208 -21.838449737014
  endloop
endfacet
facet normal -1.0 6.79167120706443e-015 -3.04229609497101e-015
  outer loop
    vertex -7.00074896423933 -17.5159600706831 -45.9783576141804
    vertex -7.00074896423933 -16.0232463970783 -36.3549671014198
    vertex -7.00074896423932 -17.4259154056933 -46.1766553623106
  endloop
endfacet
facet normal -1.0 6.79167120706443e-015 -3.04229609497101e-015
  outer loop
    vertex -7.00074896423932 -17.4259154056933 -46.1766553623106
    vertex -7.00074896423933 -16.0232463970783 -36.3549671014198
    vertex -7.00074896423932 -16.5885006436864 -40.6484993698291
  endloop
endfacet
facet normal -1.0 6.79167120706443e-015 -3.04229609497101e-015
  outer loop
    vertex -7.00074896423932 -17.4259154056933 -46.1766553623106
    vertex -7.00074896423932 -16.5885006436864 -40.6484993698291
    vertex -7.00074896423933 -17.287615704443 -46.3448910043153
  endloop
endfacet
facet normal -1.0 6.79167120706443e-015 -3.04229609497101e-015
  outer loop
    vertex -7.00074896423933 -17.287615704443 -46.3448910043153
    vertex -7.00074896423932 -16.5885006436864 -40.6484993698291
    vertex -7.00074896423932 -17.1104858630215 -46.4715995592143
  endloop
endfacet
facet normal -1.0 6.79167120706443e-015 -3.04229609497101e-015
  outer loop
    vertex -7.00074896423932 -17.1104858630215 -46.4715995592143
    vertex -7.00074896423932 -16.5885006436864 -40.6484993698291
    vertex -7.00074896423931 -16.9065969874007 -46.5481460483872
  endloop
endfacet
facet normal -1.0 6.79167120706443e-015 -3.04229609497101e-015
  outer loop
    vertex -7.00074896423931 -16.9065969874007 -46.5481460483872
    vertex -7.00074896423932 -16.5885006436864 -40.6484993698291
    vertex -7.00074896423931 -16.6898437675118 -46.5693139550958
  endloop
endfacet
facet normal -1.0 6.79167120706443e-015 -3.04229609497101e-015
  outer loop
    vertex -7.00074896423933 -16.0232463970783 -36.3549671014198
    vertex -7.00074896423938 -12.4044991246208 -21.838449737014
    vertex -7.00074896423933 -14.3660048000333 -32.3540319617051
  endloop
endfacet
facet normal -1.0 6.79167120706443e-015 -3.04229609497101e-015
  outer loop
    vertex -7.00074896423933 -14.3660048000333 -32.3540319617051
    vertex -7.00074896423938 -12.4044991246208 -21.838449737014
    vertex -7.00074896423935 -12.0391658274384 -29.1676993698291
  endloop
endfacet
facet normal -1.0 6.79167120706443e-015 -3.04229609497101e-015
  outer loop
    vertex -7.00074896423935 -12.0391658274384 -29.1676993698291
    vertex -7.00074896423938 -12.4044991246208 -21.838449737014
    vertex -7.0007489642392 12.6064689991078 -21.8384632961448
  endloop
endfacet
facet normal -1.0 6.79167120706443e-015 -3.04229609497101e-015
  outer loop
    vertex -7.00074896423935 -12.0391658274384 -29.1676993698291
    vertex -7.0007489642392 12.6064689991078 -21.8384632961448
    vertex -7.00074896423931 -4.69856582743841 -29.1676993698291
  endloop
endfacet
facet normal -1.0 6.79167120706443e-015 -3.04229609497101e-015
  outer loop
    vertex -7.00074896423931 -4.69856582743841 -29.1676993698291
    vertex -7.0007489642392 12.6064689991078 -21.8384632961448
    vertex -7.00074896423927 -3.18063477194713 -33.4009560097071
  endloop
endfacet
facet normal -1.0 6.79167120706443e-015 -3.04229609497101e-015
  outer loop
    vertex -7.00074896423931 -4.69856582743841 -29.1676993698291
    vertex -7.00074896423927 -3.18063477194713 -33.4009560097071
    vertex -7.00074896423928 -4.49599626480121 -34.4128124364908
  endloop
endfacet
facet normal -1.0 6.79167120706443e-015 -3.04229609497101e-015
  outer loop
    vertex -7.00074896423931 -4.69856582743841 -29.1676993698291
    vertex -7.00074896423928 -4.49599626480121 -34.4128124364908
    vertex -7.00074896423926 -4.6985658274384 -34.6774720826147
  endloop
endfacet
facet normal -1.0 6.79167120706443e-015 -3.04229609497101e-015
  outer loop
    vertex -7.00074896423927 -3.18063477194713 -33.4009560097071
    vertex -7.0007489642392 12.6064689991078 -21.8384632961448
    vertex -7.00074896423927 -1.64820542093219 -32.7640183601255
  endloop
endfacet
facet normal -1.0 6.79167120706443e-015 -3.04229609497101e-015
  outer loop
    vertex -7.00074896423927 -1.64820542093219 -32.7640183601255
    vertex -7.0007489642392 12.6064689991078 -21.8384632961448
    vertex -7.00074896423926 0.00400908469202306 -32.5454057359751
  endloop
endfacet
facet normal -1.0 6.79167120706443e-015 -3.04229609497101e-015
  outer loop
    vertex -7.00074896423926 0.00400908469202306 -32.5454057359751
    vertex -7.0007489642392 12.6064689991078 -21.8384632961448
    vertex -7.00074896423924 1.64907376605537 -32.7640183601254
  endloop
endfacet
facet normal -1.0 6.79167120706443e-015 -3.04229609497101e-015
  outer loop
    vertex -7.00074896423924 1.64907376605537 -32.7640183601254
    vertex -7.0007489642392 12.6064689991078 -21.8384632961448
    vertex -7.00074896423923 3.1815031170703 -33.4009560097071
  endloop
endfacet
facet normal -1.0 6.79167120706443e-015 -3.04229609497101e-015
  outer loop
    vertex -7.00074896423923 3.1815031170703 -33.4009560097071
    vertex -7.0007489642392 12.6064689991078 -21.8384632961448
    vertex -7.00074896423921 4.69943417256158 -32.0632993698291
  endloop
endfacet
facet normal -1.0 6.79167120706443e-015 -3.04229609497101e-015
  outer loop
    vertex -7.00074896423923 3.1815031170703 -33.4009560097071
    vertex -7.00074896423921 4.69943417256158 -32.0632993698291
    vertex -7.00074896423921 4.49686460992441 -34.4128124364908
  endloop
endfacet
facet normal -1.0 6.79167120706443e-015 -3.04229609497101e-015
  outer loop
    vertex -7.00074896423921 4.69943417256158 -32.0632993698291
    vertex -7.0007489642392 12.6064689991078 -21.8384632961448
    vertex -7.00074896423914 14.1437861811254 -32.0632993698293
  endloop
endfacet
facet normal -1.0 6.79167120706443e-015 -3.04229609497101e-015
  outer loop
    vertex -7.00074896423914 14.1437861811254 -32.0632993698293
    vertex -7.0007489642392 12.6064689991078 -21.8384632961448
    vertex -7.00074896423912 17.8709214934401 -32.3530542363812
  endloop
endfacet
facet normal -1.0 6.79167120706443e-015 -3.04229609497101e-015
  outer loop
    vertex -7.00074896423914 14.1437861811254 -32.0632993698293
    vertex -7.00074896423912 17.8709214934401 -32.3530542363812
    vertex -7.00074896423913 14.3668731451567 -32.3540319617051
  endloop
endfacet
facet normal -1.0 6.79167120706443e-015 -3.04229609497101e-015
  outer loop
    vertex -7.00074896423913 14.3668731451567 -32.3540319617051
    vertex -7.00074896423912 17.8709214934401 -32.3530542363812
    vertex -7.00074896423913 16.0241147422017 -36.3549671014198
  endloop
endfacet
facet normal -1.0 6.79167120706443e-015 -3.04229609497101e-015
  outer loop
    vertex -7.00074896423913 16.0241147422017 -36.3549671014198
    vertex -7.00074896423912 17.8709214934401 -32.3530542363812
    vertex -7.00074896423912 16.5893689888098 -40.6484993698291
  endloop
endfacet
facet normal -1.0 6.79167120706443e-015 -3.04229609497101e-015
  outer loop
    vertex -7.00074896423912 16.5893689888098 -40.6484993698291
    vertex -7.00074896423912 17.8709214934401 -32.3530542363812
    vertex -7.00074896423909 16.7156603224791 -46.5176774913572
  endloop
endfacet
facet normal -1.0 6.79167120706443e-015 -3.04229609497101e-015
  outer loop
    vertex -7.00074896423909 16.7156603224791 -46.5176774913572
    vertex -7.00074896423912 17.8709214934401 -32.3530542363812
    vertex -7.00074896423909 16.928752850034 -46.4963539964607
  endloop
endfacet
facet normal -1.0 6.79167120706443e-015 -3.04229609497101e-015
  outer loop
    vertex -7.00074896423909 16.928752850034 -46.4963539964607
    vertex -7.00074896423912 17.8709214934401 -32.3530542363812
    vertex -7.00074896423909 17.1290654992011 -46.4206046775332
  endloop
endfacet
facet normal -1.0 6.79167120706443e-015 -3.04229609497101e-015
  outer loop
    vertex -7.00074896423909 17.1290654992011 -46.4206046775332
    vertex -7.00074896423912 17.8709214934401 -32.3530542363812
    vertex -7.00074896423909 17.302947293972 -46.2955917254779
  endloop
endfacet
facet normal -1.0 6.79167120706443e-015 -3.04229609497101e-015
  outer loop
    vertex -7.00074896423909 17.302947293972 -46.2955917254779
    vertex -7.00074896423912 17.8709214934401 -32.3530542363812
    vertex -7.00074896423909 17.4385484773863 -46.1298345663837
  endloop
endfacet
facet normal -1.0 6.79167120706443e-015 -3.04229609497101e-015
  outer loop
    vertex -7.00074896423909 17.4385484773863 -46.1298345663837
    vertex -7.00074896423912 17.8709214934401 -32.3530542363812
    vertex -7.00074896423909 17.5266280528859 -45.9346292767163
  endloop
endfacet
facet normal -1.0 6.79167120706443e-015 -3.04229609497101e-015
  outer loop
    vertex -7.00074896423909 17.5266280528859 -45.9346292767163
    vertex -7.00074896423912 17.8709214934401 -32.3530542363812
    vertex -7.0007489642391 18.3971645466893 -43.8329682668354
  endloop
endfacet
facet normal -1.0 6.79167120706443e-015 -3.04229609497101e-015
  outer loop
    vertex -7.0007489642391 18.3971645466893 -43.8329682668354
    vertex -7.00074896423912 17.8709214934401 -32.3530542363812
    vertex -7.00074896423911 18.3971645466893 -33.9719626484294
  endloop
endfacet
facet normal -1.0 6.79167120706443e-015 -3.04229609497101e-015
  outer loop
    vertex -7.0007489642391 18.3971645466893 -43.8329682668354
    vertex -7.00074896423911 18.3971645466893 -33.9719626484294
    vertex -7.0007489642391 18.8798524048175 -41.3885352498732
  endloop
endfacet
facet normal -1.0 6.79167120706443e-015 -3.04229609497101e-015
  outer loop
    vertex -7.0007489642391 18.8798524048175 -41.3885352498732
    vertex -7.00074896423911 18.3971645466893 -33.9719626484294
    vertex -7.00074896423911 18.8728172481593 -36.4173218613366
  endloop
endfacet
facet normal -1.0 6.79167120706443e-015 -3.04229609497101e-015
  outer loop
    vertex -7.0007489642391 18.8798524048175 -41.3885352498732
    vertex -7.00074896423911 18.8728172481593 -36.4173218613366
    vertex -7.0007489642391 19.0462775558825 -38.9024654576324
  endloop
endfacet
facet normal -1.0 6.79167120706443e-015 -3.04229609497101e-015
  outer loop
    vertex -7.0007489642391 15.9558170955692 -45.4608037685357
    vertex -7.00074896423911 15.9425851003928 -45.8852467984324
    vertex -7.00074896423911 15.9212616054963 -45.6721542708776
  endloop
endfacet
facet normal -1.0 6.79167120706443e-015 -3.04229609497101e-015
  outer loop
    vertex -7.00074896423911 15.9425851003928 -45.8852467984324
    vertex -7.0007489642391 15.9558170955692 -45.4608037685357
    vertex -7.00074896423911 16.0183344193204 -46.0855594475995
  endloop
endfacet
facet normal -1.0 6.79167120706443e-015 -3.04229609497101e-015
  outer loop
    vertex -7.00074896423911 16.0183344193204 -46.0855594475995
    vertex -7.0007489642391 15.9558170955692 -45.4608037685357
    vertex -7.00074896423912 16.5893689888098 -40.6484993698291
  endloop
endfacet
facet normal -1.0 6.79167120706443e-015 -3.04229609497101e-015
  outer loop
    vertex -7.00074896423911 16.0183344193204 -46.0855594475995
    vertex -7.00074896423912 16.5893689888098 -40.6484993698291
    vertex -7.0007489642391 16.1433473713757 -46.2594412423705
  endloop
endfacet
facet normal -1.0 6.79167120706443e-015 -3.04229609497101e-015
  outer loop
    vertex -7.0007489642391 16.1433473713757 -46.2594412423705
    vertex -7.00074896423912 16.5893689888098 -40.6484993698291
    vertex -7.00074896423911 16.3091045304699 -46.3950424257847
  endloop
endfacet
facet normal -1.0 6.79167120706443e-015 -3.04229609497101e-015
  outer loop
    vertex -7.00074896423911 16.3091045304699 -46.3950424257847
    vertex -7.00074896423912 16.5893689888098 -40.6484993698291
    vertex -7.0007489642391 16.5043098201373 -46.4831220012843
  endloop
endfacet
facet normal -1.0 6.79167120706443e-015 -3.04229609497101e-015
  outer loop
    vertex -7.0007489642391 16.5043098201373 -46.4831220012843
    vertex -7.00074896423912 16.5893689888098 -40.6484993698291
    vertex -7.00074896423909 16.7156603224791 -46.5176774913572
  endloop
endfacet
facet normal -1.0 6.79167120706443e-015 -3.04229609497101e-015
  outer loop
    vertex -7.00074896423922 4.69943417256159 -34.6774720826147
    vertex -7.00074896423921 4.49686460992441 -34.4128124364908
    vertex -7.00074896423921 4.69943417256158 -32.0632993698291
  endloop
endfacet
facet normal -1.0 6.79167120706443e-015 -3.04229609497101e-015
  outer loop
    vertex -7.00074896423932 -16.5885006436864 -40.6484993698291
    vertex -7.00074896423931 -16.4749975770887 -46.5336607214796
    vertex -7.00074896423931 -16.6898437675118 -46.5693139550958
  endloop
endfacet
facet normal -1.0 6.79167120706443e-015 -3.04229609497101e-015
  outer loop
    vertex -7.00074896423931 -16.4749975770887 -46.5336607214796
    vertex -7.00074896423932 -16.5885006436864 -40.6484993698291
    vertex -7.00074896423931 -15.9196944697895 -45.4926982278851
  endloop
endfacet
facet normal -1.0 6.79167120706443e-015 -3.04229609497101e-015
  outer loop
    vertex -7.00074896423931 -16.4749975770887 -46.5336607214796
    vertex -7.00074896423931 -15.9196944697895 -45.4926982278851
    vertex -7.00074896423931 -16.2766998289585 -46.4436160564898
  endloop
endfacet
facet normal -1.0 6.79167120706443e-015 -3.04229609497101e-015
  outer loop
    vertex -7.00074896423931 -16.2766998289585 -46.4436160564898
    vertex -7.00074896423931 -15.9196944697895 -45.4926982278851
    vertex -7.00074896423931 -16.1084641869539 -46.3053163552395
  endloop
endfacet
facet normal -1.0 6.79167120706443e-015 -3.04229609497101e-015
  outer loop
    vertex -7.00074896423931 -16.1084641869539 -46.3053163552395
    vertex -7.00074896423931 -15.9196944697895 -45.4926982278851
    vertex -7.00074896423932 -15.9817556320548 -46.128186513818
  endloop
endfacet
facet normal -1.0 6.79167120706443e-015 -3.04229609497101e-015
  outer loop
    vertex -7.00074896423932 -15.9817556320548 -46.128186513818
    vertex -7.00074896423931 -15.9196944697895 -45.4926982278851
    vertex -7.00074896423932 -15.9052091428819 -45.9242976381971
  endloop
endfacet
facet normal -1.0 6.79167120706443e-015 -3.04229609497101e-015
  outer loop
    vertex -7.00074896423932 -15.9052091428819 -45.9242976381971
    vertex -7.00074896423931 -15.9196944697895 -45.4926982278851
    vertex -7.00074896423932 -15.8840412361733 -45.7075444183082
  endloop
endfacet
facet normal 1.18516926123254e-015 1.0 -7.31953132982032e-016
  outer loop
    vertex -3.70715199412735 -4.69856582743843 -34.6774720826147
    vertex -2.79275199412734 -4.69856582743844 -38.4573196841588
    vertex -3.70715199412733 -4.69856582743844 -38.4573196841588
  endloop
endfacet
facet normal 1.18516926123254e-015 1.0 -7.31953132982032e-016
  outer loop
    vertex -2.79275199412734 -4.69856582743844 -38.4573196841588
    vertex -3.70715199412735 -4.69856582743843 -34.6774720826147
    vertex -2.79275199412732 -4.69856582743843 -35.780295972115
  endloop
endfacet
facet normal 1.18516926123254e-015 1.0 -7.31953132982032e-016
  outer loop
    vertex -2.79275199412732 -4.69856582743843 -35.780295972115
    vertex -3.70715199412735 -4.69856582743843 -34.6774720826147
    vertex 2.79524800587271 -4.69856582743843 -35.780295972115
  endloop
endfacet
facet normal 1.18516926123254e-015 1.0 -7.31953132982032e-016
  outer loop
    vertex 2.79524800587271 -4.69856582743843 -35.780295972115
    vertex -3.70715199412735 -4.69856582743843 -34.6774720826147
    vertex 3.70964800587267 -4.6985658274384 -34.6774720826147
  endloop
endfacet
facet normal 1.18516926123254e-015 1.0 -7.31953132982032e-016
  outer loop
    vertex -7.00074896423931 -4.69856582743841 -29.1676993698291
    vertex -3.70715199412735 -4.69856582743843 -34.6774720826147
    vertex -7.00074896423926 -4.6985658274384 -34.6774720826147
  endloop
endfacet
facet normal 1.18516926123254e-015 1.0 -7.31953132982032e-016
  outer loop
    vertex -3.70715199412735 -4.69856582743843 -34.6774720826147
    vertex -7.00074896423931 -4.69856582743841 -29.1676993698291
    vertex 3.57424497598465 -4.69856582743842 -29.1676993698291
  endloop
endfacet
facet normal 1.18516926123254e-015 1.0 -7.31953132982032e-016
  outer loop
    vertex 3.57424497598465 -4.69856582743842 -29.1676993698291
    vertex -7.00074896423931 -4.69856582743841 -29.1676993698291
    vertex -3.5717489642393 -4.69856582743843 -29.1676993698291
  endloop
endfacet
facet normal 1.18516926123254e-015 1.0 -7.31953132982032e-016
  outer loop
    vertex 3.57424497598465 -4.69856582743842 -29.1676993698291
    vertex -3.5717489642393 -4.69856582743843 -29.1676993698291
    vertex 3.57424497598461 -4.69856582743845 -13.7067275166644
  endloop
endfacet
facet normal 1.18516926123254e-015 1.0 -7.31953132982032e-016
  outer loop
    vertex 3.57424497598461 -4.69856582743845 -13.7067275166644
    vertex -3.5717489642393 -4.69856582743843 -29.1676993698291
    vertex -3.57174896423934 -4.69856582743838 -13.7067275166644
  endloop
endfacet
facet normal 1.18516926123254e-015 1.0 -7.31953132982032e-016
  outer loop
    vertex 3.70964800587267 -4.6985658274384 -34.6774720826147
    vertex 7.00324497598457 -4.69856582743843 -29.1676993698291
    vertex 7.00324497598459 -4.69856582743842 -34.6774720826147
  endloop
endfacet
facet normal 1.18516926123254e-015 1.0 -7.31953132982032e-016
  outer loop
    vertex 7.00324497598457 -4.69856582743843 -29.1676993698291
    vertex 3.70964800587267 -4.6985658274384 -34.6774720826147
    vertex -3.70715199412735 -4.69856582743843 -34.6774720826147
  endloop
endfacet
facet normal 1.18516926123254e-015 1.0 -7.31953132982032e-016
  outer loop
    vertex 7.00324497598457 -4.69856582743843 -29.1676993698291
    vertex -3.70715199412735 -4.69856582743843 -34.6774720826147
    vertex 3.57424497598465 -4.69856582743842 -29.1676993698291
  endloop
endfacet
facet normal 1.18516926123254e-015 1.0 -7.31953132982032e-016
  outer loop
    vertex 2.79524800587271 -4.69856582743843 -35.780295972115
    vertex 3.70964800587269 -4.69856582743844 -38.4573196841588
    vertex 2.79524800587269 -4.69856582743843 -38.4573196841588
  endloop
endfacet
facet normal 1.18516926123254e-015 1.0 -7.31953132982032e-016
  outer loop
    vertex 3.70964800587269 -4.69856582743844 -38.4573196841588
    vertex 2.79524800587271 -4.69856582743843 -35.780295972115
    vertex 3.70964800587267 -4.6985658274384 -34.6774720826147
  endloop
endfacet
facet normal 3.35105417875823e-015 0.923879532511401 0.382683432364815
  outer loop
    vertex -4.62155199412729 0.950463735254042 -38.3563654576324
    vertex -3.70715199412732 1.05957497671359 -38.6197832965716
    vertex -4.62155199412729 1.05957497671359 -38.6197832965717
  endloop
endfacet
facet normal 3.35105417875823e-015 0.923879532511401 0.382683432364815
  outer loop
    vertex -3.70715199412732 1.05957497671359 -38.6197832965716
    vertex -4.62155199412729 0.950463735254042 -38.3563654576324
    vertex -3.70715199412732 0.950463735254033 -38.3563654576324
  endloop
endfacet
facet normal 4.54661134815071e-015 0.79409313561109 0.607796094077073
  outer loop
    vertex 3.70964800587272 4.49686460992437 -34.4128124364908
    vertex 7.00324497598463 4.69943417256152 -34.6774720826147
    vertex 3.70964800587272 4.69943417256155 -34.6774720826147
  endloop
endfacet
facet normal 4.54661134815071e-015 0.79409313561109 0.607796094077073
  outer loop
    vertex 7.00324497598463 4.69943417256152 -34.6774720826147
    vertex 3.70964800587272 4.49686460992437 -34.4128124364908
    vertex 7.00324497598463 4.49686460992434 -34.4128124364908
  endloop
endfacet
facet normal 2.35202266160718e-015 0.609725863479533 0.792612371468007
  outer loop
    vertex -3.70715199412733 3.18150311707027 -33.4009560097071
    vertex -7.00074896423921 4.49686460992441 -34.4128124364908
    vertex -7.00074896423923 3.1815031170703 -33.4009560097071
  endloop
endfacet
facet normal 2.35202266160718e-015 0.609725863479533 0.792612371468007
  outer loop
    vertex -7.00074896423921 4.49686460992441 -34.4128124364908
    vertex -3.70715199412733 3.18150311707027 -33.4009560097071
    vertex -3.70715199412731 4.49686460992439 -34.4128124364908
  endloop
endfacet
facet normal 3.45909559372684e-016 0.383806781371379 0.923413425597301
  outer loop
    vertex 7.0032449759846 1.6490737660553 -32.7640183601254
    vertex 3.7096480058727 3.18150311707027 -33.4009560097071
    vertex 3.70964800587269 1.64907376605532 -32.7640183601254
  endloop
endfacet
facet normal 3.45909559372684e-016 0.383806781371379 0.923413425597301
  outer loop
    vertex 3.7096480058727 3.18150311707027 -33.4009560097071
    vertex 7.0032449759846 1.6490737660553 -32.7640183601254
    vertex 7.00324497598462 3.18150311707024 -33.4009560097071
  endloop
endfacet
facet normal 5.43194563047327e-015 0.991444861373813 -0.130526192220034
  outer loop
    vertex -4.62155199412729 1.09679078924066 -38.9024654576324
    vertex -3.70715199412732 1.05957497671357 -39.1851476186934
    vertex -4.62155199412729 1.05957497671358 -39.1851476186934
  endloop
endfacet
facet normal 5.43194563047327e-015 0.991444861373813 -0.130526192220034
  outer loop
    vertex -3.70715199412732 1.05957497671357 -39.1851476186934
    vertex -4.62155199412729 1.09679078924066 -38.9024654576324
    vertex -3.70715199412732 1.09679078924065 -38.9024654576324
  endloop
endfacet
facet normal 4.98770054721059e-015 0.608761429008194 -0.79335334029164
  outer loop
    vertex 4.62404800587271 0.768579582294382 -39.6747674840446
    vertex 3.70964800587271 0.542377555882451 -39.8483384036458
    vertex 3.70964800587271 0.768579582294388 -39.6747674840445
  endloop
endfacet
facet normal 4.98770054721059e-015 0.608761429008194 -0.79335334029164
  outer loop
    vertex 3.70964800587271 0.542377555882451 -39.8483384036458
    vertex 4.62404800587271 0.768579582294382 -39.6747674840446
    vertex 4.62404800587271 0.542377555882443 -39.8483384036458
  endloop
endfacet
facet normal -5.40631265664216e-015 -0.793353340291176 0.608761429008797
  outer loop
    vertex -3.70715199412734 -0.941282156772692 -38.3563654576323
    vertex -4.62155199412731 -0.767711237171271 -38.1301634312205
    vertex -4.62155199412731 -0.941282156772687 -38.3563654576324
  endloop
endfacet
facet normal -5.40631265664216e-015 -0.793353340291176 0.608761429008797
  outer loop
    vertex -4.62155199412731 -0.767711237171271 -38.1301634312205
    vertex -3.70715199412734 -0.941282156772692 -38.3563654576323
    vertex -3.70715199412734 -0.767711237171276 -38.1301634312205
  endloop
endfacet
facet normal -2.68631654094384e-015 0.0 1.0
  outer loop
    vertex -3.57174896423936 -12.0391658274384 -29.1676993698291
    vertex -7.00074896423931 -4.69856582743841 -29.1676993698291
    vertex -7.00074896423935 -12.0391658274384 -29.1676993698291
  endloop
endfacet
facet normal -2.68631654094384e-015 0.0 1.0
  outer loop
    vertex -7.00074896423931 -4.69856582743841 -29.1676993698291
    vertex -3.57174896423936 -12.0391658274384 -29.1676993698291
    vertex -3.5717489642393 -4.69856582743843 -29.1676993698291
  endloop
endfacet
facet normal 6.37741654872851e-016 0.608761429008767 0.7933533402912
  outer loop
    vertex -3.70715199412732 0.550690789240644 -37.956592511619
    vertex -4.62155199412729 0.776892815652611 -38.1301634312205
    vertex -4.6215519941273 0.550690789240653 -37.956592511619
  endloop
endfacet
facet normal 6.37741654872851e-016 0.608761429008767 0.7933533402912
  outer loop
    vertex -4.62155199412729 0.776892815652611 -38.1301634312205
    vertex -3.70715199412732 0.550690789240644 -37.956592511619
    vertex -3.70715199412732 0.776892815652608 -38.1301634312205
  endloop
endfacet
facet normal 4.4043897536018e-016 -0.60972586347953 0.79261237146801
  outer loop
    vertex 3.70964800587267 -4.49599626480125 -34.4128124364908
    vertex 7.00324497598457 -3.18063477194713 -33.4009560097071
    vertex 3.70964800587266 -3.18063477194714 -33.4009560097071
  endloop
endfacet
facet normal 4.4043897536018e-016 -0.60972586347953 0.79261237146801
  outer loop
    vertex 7.00324497598457 -3.18063477194713 -33.4009560097071
    vertex 3.70964800587267 -4.49599626480125 -34.4128124364908
    vertex 7.00324497598459 -4.49599626480122 -34.4128124364908
  endloop
endfacet
facet normal -2.92267963512988e-016 0.382683432365155 0.92387953251126
  outer loop
    vertex -3.70715199412733 0.287272950301619 -37.8474812701595
    vertex -4.6215519941273 0.550690789240653 -37.956592511619
    vertex -4.6215519941273 0.287272950301631 -37.8474812701595
  endloop
endfacet
facet normal -2.92267963512988e-016 0.382683432365155 0.92387953251126
  outer loop
    vertex -4.6215519941273 0.550690789240653 -37.956592511619
    vertex -3.70715199412733 0.287272950301619 -37.8474812701595
    vertex -3.70715199412732 0.550690789240644 -37.956592511619
  endloop
endfacet
facet normal 1.0 -7.33880768134117e-015 4.14118632402295e-015
  outer loop
    vertex 4.62404800587269 -1.05870663159047 -39.1851476186934
    vertex 4.62404800587269 -1.05870663159047 -38.6197832965716
    vertex 4.62404800587269 -1.09592244411757 -38.9024654576324
  endloop
endfacet
facet normal 1.0 -7.33880768134117e-015 4.14118632402295e-015
  outer loop
    vertex 4.62404800587269 -1.05870663159047 -38.6197832965716
    vertex 4.62404800587269 -1.05870663159047 -39.1851476186934
    vertex 4.62404800587269 -0.949595390130922 -38.3563654576324
  endloop
endfacet
facet normal 1.0 -7.33880768134117e-015 4.14118632402295e-015
  outer loop
    vertex 4.62404800587269 -0.949595390130922 -38.3563654576324
    vertex 4.62404800587269 -1.05870663159047 -39.1851476186934
    vertex 4.62404800587269 -0.949595390130913 -39.4485654576324
  endloop
endfacet
facet normal 1.0 -7.33880768134117e-015 4.14118632402295e-015
  outer loop
    vertex 4.62404800587269 -0.949595390130922 -38.3563654576324
    vertex 4.62404800587269 -0.949595390130913 -39.4485654576324
    vertex 4.62404800587269 -0.776024470529506 -38.1301634312204
  endloop
endfacet
facet normal 1.0 -7.33880768134117e-015 4.14118632402295e-015
  outer loop
    vertex 4.62404800587269 -0.776024470529506 -38.1301634312204
    vertex 4.62404800587269 -0.949595390130913 -39.4485654576324
    vertex 4.6240480058727 -0.776024470529491 -39.6747674840446
  endloop
endfacet
facet normal 1.0 -7.33880768134117e-015 4.14118632402295e-015
  outer loop
    vertex 4.62404800587269 -0.776024470529506 -38.1301634312204
    vertex 4.6240480058727 -0.776024470529491 -39.6747674840446
    vertex 4.6240480058727 -0.549822444117555 -37.9565925116191
  endloop
endfacet
facet normal 1.0 -7.33880768134117e-015 4.14118632402295e-015
  outer loop
    vertex 4.6240480058727 -0.549822444117555 -37.9565925116191
    vertex 4.6240480058727 -0.776024470529491 -39.6747674840446
    vertex 4.62404800587271 -0.549822444117569 -39.8483384036457
  endloop
endfacet
facet normal 1.0 -7.33880768134117e-015 4.14118632402295e-015
  outer loop
    vertex 4.6240480058727 -0.549822444117555 -37.9565925116191
    vertex 4.62404800587271 -0.549822444117569 -39.8483384036457
    vertex 4.62404800587271 -0.286404605178536 -39.9574496451053
  endloop
endfacet
facet normal 1.0 -7.33880768134117e-015 4.14118632402295e-015
  outer loop
    vertex 4.6240480058727 -0.549822444117555 -37.9565925116191
    vertex 4.62404800587271 -0.286404605178536 -39.9574496451053
    vertex 4.62404800587269 -0.286404605178544 -37.8474812701595
  endloop
endfacet
facet normal 1.0 -7.33880768134117e-015 4.14118632402295e-015
  outer loop
    vertex 4.62404800587269 -0.286404605178544 -37.8474812701595
    vertex 4.62404800587271 -0.286404605178536 -39.9574496451053
    vertex 4.6240480058727 -0.00372244411753355 -37.8102654576324
  endloop
endfacet
facet normal 1.0 -7.33880768134117e-015 4.14118632402295e-015
  outer loop
    vertex 4.6240480058727 -0.00372244411753355 -37.8102654576324
    vertex 4.62404800587271 -0.286404605178536 -39.9574496451053
    vertex 4.62404800587271 -0.00372244411754483 -39.9946654576324
  endloop
endfacet
facet normal 1.0 -7.33880768134117e-015 4.14118632402295e-015
  outer loop
    vertex 4.6240480058727 -0.00372244411753355 -37.8102654576324
    vertex 4.62404800587271 -0.00372244411754483 -39.9946654576324
    vertex 4.62404800587271 0.278959716943421 -39.9574496451053
  endloop
endfacet
facet normal 1.0 -7.33880768134117e-015 4.14118632402295e-015
  outer loop
    vertex 4.6240480058727 -0.00372244411753355 -37.8102654576324
    vertex 4.62404800587271 0.278959716943421 -39.9574496451053
    vertex 4.6240480058727 0.27895971694341 -37.8474812701595
  endloop
endfacet
facet normal 1.0 -7.33880768134117e-015 4.14118632402295e-015
  outer loop
    vertex 4.6240480058727 0.27895971694341 -37.8474812701595
    vertex 4.62404800587271 0.278959716943421 -39.9574496451053
    vertex 4.6240480058727 0.542377555882429 -37.9565925116191
  endloop
endfacet
facet normal 1.0 -7.33880768134117e-015 4.14118632402295e-015
  outer loop
    vertex 4.6240480058727 0.542377555882429 -37.9565925116191
    vertex 4.62404800587271 0.278959716943421 -39.9574496451053
    vertex 4.62404800587271 0.542377555882443 -39.8483384036458
  endloop
endfacet
facet normal 1.0 -7.33880768134117e-015 4.14118632402295e-015
  outer loop
    vertex 4.6240480058727 0.542377555882429 -37.9565925116191
    vertex 4.62404800587271 0.542377555882443 -39.8483384036458
    vertex 4.6240480058727 0.768579582294379 -38.1301634312205
  endloop
endfacet
facet normal 1.0 -7.33880768134117e-015 4.14118632402295e-015
  outer loop
    vertex 4.6240480058727 0.768579582294379 -38.1301634312205
    vertex 4.62404800587271 0.542377555882443 -39.8483384036458
    vertex 4.62404800587271 0.768579582294382 -39.6747674840446
  endloop
endfacet
facet normal 1.0 -7.33880768134117e-015 4.14118632402295e-015
  outer loop
    vertex 4.6240480058727 0.768579582294379 -38.1301634312205
    vertex 4.62404800587271 0.768579582294382 -39.6747674840446
    vertex 4.62404800587271 0.942150501895801 -38.3563654576324
  endloop
endfacet
facet normal 1.0 -7.33880768134117e-015 4.14118632402295e-015
  outer loop
    vertex 4.62404800587271 0.942150501895801 -38.3563654576324
    vertex 4.62404800587271 0.768579582294382 -39.6747674840446
    vertex 4.62404800587271 0.942150501895807 -39.4485654576324
  endloop
endfacet
facet normal 1.0 -7.33880768134117e-015 4.14118632402295e-015
  outer loop
    vertex 4.62404800587271 0.942150501895801 -38.3563654576324
    vertex 4.62404800587271 0.942150501895807 -39.4485654576324
    vertex 4.62404800587271 1.05126174335536 -38.6197832965716
  endloop
endfacet
facet normal 1.0 -7.33880768134117e-015 4.14118632402295e-015
  outer loop
    vertex 4.62404800587271 1.05126174335536 -38.6197832965716
    vertex 4.62404800587271 0.942150501895807 -39.4485654576324
    vertex 4.62404800587271 1.05126174335536 -39.1851476186934
  endloop
endfacet
facet normal 1.0 -7.33880768134117e-015 4.14118632402295e-015
  outer loop
    vertex 4.62404800587271 1.05126174335536 -38.6197832965716
    vertex 4.62404800587271 1.05126174335536 -39.1851476186934
    vertex 4.62404800587271 1.08847755588244 -38.9024654576324
  endloop
endfacet
facet normal 1.0 -3.48504814692847e-015 -5.43570768788729e-015
  outer loop
    vertex -2.79275199412733 0.000434172561559953 -40.6484993698291
    vertex -2.79275199412732 -4.69856582743843 -35.780295972115
    vertex -2.79275199412734 -4.69856582743844 -38.4573196841588
  endloop
endfacet
facet normal 1.0 -3.48504814692847e-015 -5.43570768788729e-015
  outer loop
    vertex -2.79275199412732 -4.69856582743843 -35.780295972115
    vertex -2.79275199412733 0.000434172561559953 -40.6484993698291
    vertex -2.7927519941273 4.69943417256155 -37.4374169368132
  endloop
endfacet
facet normal 1.0 -3.48504814692847e-015 -5.43570768788729e-015
  outer loop
    vertex -2.7927519941273 4.69943417256155 -37.4374169368132
    vertex -2.79275199412733 0.000434172561559953 -40.6484993698291
    vertex -2.7927519941273 4.69943417256156 -38.4573196841588
  endloop
endfacet
facet normal -4.30810581176868e-015 -0.608761429008769 0.793353340291198
  outer loop
    vertex 3.70964800587269 -0.776024470529506 -38.1301634312205
    vertex 4.6240480058727 -0.549822444117555 -37.9565925116191
    vertex 3.70964800587269 -0.54982244411755 -37.9565925116191
  endloop
endfacet
facet normal -4.30810581176868e-015 -0.608761429008769 0.793353340291198
  outer loop
    vertex 4.6240480058727 -0.549822444117555 -37.9565925116191
    vertex 3.70964800587269 -0.776024470529506 -38.1301634312205
    vertex 4.62404800587269 -0.776024470529506 -38.1301634312204
  endloop
endfacet
facet normal 1.78149047831952e-015 0.997766815508753 -0.0667935765588494
  outer loop
    vertex -7.0007489642391 19.0462775558825 -38.9024654576324
    vertex 7.00324497598475 18.8798524048175 -41.3885352498732
    vertex -7.0007489642391 18.8798524048175 -41.3885352498732
  endloop
endfacet
facet normal 1.78149047831952e-015 0.997766815508753 -0.0667935765588494
  outer loop
    vertex 7.00324497598475 18.8798524048175 -41.3885352498732
    vertex -7.0007489642391 19.0462775558825 -38.9024654576324
    vertex 7.00324497598475 19.0462775558825 -38.9024654576324
  endloop
endfacet
facet normal -4.95587085663267e-015 -0.608761429008766 0.7933533402912
  outer loop
    vertex -4.62155199412731 -0.767711237171271 -38.1301634312205
    vertex -3.70715199412733 -0.541509210759343 -37.956592511619
    vertex -4.62155199412731 -0.541509210759334 -37.956592511619
  endloop
endfacet
facet normal -4.95587085663267e-015 -0.608761429008766 0.7933533402912
  outer loop
    vertex -3.70715199412733 -0.541509210759343 -37.956592511619
    vertex -4.62155199412731 -0.767711237171271 -38.1301634312205
    vertex -3.70715199412734 -0.767711237171276 -38.1301634312205
  endloop
endfacet
facet normal -2.75123470890952e-015 -0.981602888695778 0.190933938586374
  outer loop
    vertex 7.0032449759846 -18.4046094349243 -33.9719626484294
    vertex -7.00074896423938 -18.8802621363942 -36.4173218613366
    vertex 7.0032449759846 -18.8802621363942 -36.4173218613366
  endloop
endfacet
facet normal -2.75123470890952e-015 -0.981602888695778 0.190933938586374
  outer loop
    vertex -7.00074896423938 -18.8802621363942 -36.4173218613366
    vertex 7.0032449759846 -18.4046094349243 -33.9719626484294
    vertex -7.00074896423938 -18.4046094349243 -33.9719626484294
  endloop
endfacet
facet normal 6.52406345961498e-007 0.320301830559436 0.947315542646614
  outer loop
    vertex -4.45746168888064 0.759152499784179 -1.10164098116621
    vertex 4.48830081738622 1.48547201551291 -1.34722684657926
    vertex -4.4858551355736 1.48547203221167 -1.34722100418116
  endloop
endfacet
facet normal 6.52406345961498e-007 0.320301830559436 0.947315542646614
  outer loop
    vertex 4.48830081738622 1.48547201551291 -1.34722684657926
    vertex -4.45746168888064 0.759152499784179 -1.10164098116621
    vertex 4.45996862988586 0.760858231762362 -1.10222419097781
  endloop
endfacet
facet normal 1.0 6.00120553851433e-016 0.0
  outer loop
    vertex 3.70964800587268 0.000434172561585333 -40.6484993698291
    vertex 3.70964800587269 -4.69856582743844 -38.4573196841588
    vertex 3.70964800587269 -4.69856582743844 -38.9653196841588
  endloop
endfacet
facet normal 2.24322233999649e-008 -0.897310043178371 0.441400822848383
  outer loop
    vertex 4.67697486272457 -3.12338055230253 -2.97120667344378
    vertex -7.00074896423938 -12.4044991246208 -21.838449737014
    vertex 7.00324497598459 -12.4044991246208 -21.838449737014
  endloop
endfacet
facet normal 2.24322233999649e-008 -0.897310043178371 0.441400822848383
  outer loop
    vertex -7.00074896423938 -12.4044991246208 -21.838449737014
    vertex 4.67697486272457 -3.12338055230253 -2.97120667344378
    vertex -4.67449494547351 -3.12338070169886 -2.97120496628164
  endloop
endfacet
facet normal 2.24322233999649e-008 -0.897310043178371 0.441400822848383
  outer loop
    vertex -4.67449494547351 -3.12338070169886 -2.97120496628164
    vertex 4.67697486272457 -3.12338055230253 -2.97120667344378
    vertex 4.64944800587259 -3.010066800413 -2.74074752412515
  endloop
endfacet
facet normal 2.24322233999649e-008 -0.897310043178371 0.441400822848383
  outer loop
    vertex -4.67449494547351 -3.12338070169886 -2.97120496628164
    vertex 4.64944800587259 -3.010066800413 -2.74074752412515
    vertex -4.64695199412744 -3.010066800413 -2.74074752412515
  endloop
endfacet
facet normal -3.08395284618101e-015 1.0 0.0
  outer loop
    vertex -3.70715199412733 -4.69856582743844 -38.4573196841588
    vertex -2.79275199412734 -4.69856582743844 -38.9653196841588
    vertex -3.70715199412733 -4.69856582743844 -38.9653196841588
  endloop
endfacet
facet normal -3.08395284618101e-015 1.0 0.0
  outer loop
    vertex -2.79275199412734 -4.69856582743844 -38.9653196841588
    vertex -3.70715199412733 -4.69856582743844 -38.4573196841588
    vertex -2.79275199412734 -4.69856582743844 -38.4573196841588
  endloop
endfacet
facet normal -1.0 3.15063290772004e-015 -5.27555682355889e-030
  outer loop
    vertex -3.70715199412732 0.000434172561559953 -40.6484993698291
    vertex -3.70715199412733 -4.69856582743844 -38.9653196841588
    vertex -3.70715199412733 -4.69856582743844 -38.4573196841588
  endloop
endfacet
facet normal 1.0 -5.0867259038461e-015 3.35314990528172e-015
  outer loop
    vertex 3.70964800587269 -4.69856582743844 -38.4573196841588
    vertex 3.7096480058727 -0.776024470529486 -39.6747674840446
    vertex 3.70964800587267 -4.6985658274384 -34.6774720826147
  endloop
endfacet
facet normal 1.0 -5.0867259038461e-015 3.35314990528172e-015
  outer loop
    vertex 3.7096480058727 -0.776024470529486 -39.6747674840446
    vertex 3.70964800587269 -4.69856582743844 -38.4573196841588
    vertex 3.70964800587268 0.000434172561585333 -40.6484993698291
  endloop
endfacet
facet normal 1.0 -5.0867259038461e-015 3.35314990528172e-015
  outer loop
    vertex 3.70964800587267 -4.6985658274384 -34.6774720826147
    vertex 3.7096480058727 -0.776024470529486 -39.6747674840446
    vertex 3.70964800587269 -0.949595390130905 -39.4485654576324
  endloop
endfacet
facet normal 1.0 -5.0867259038461e-015 3.35314990528172e-015
  outer loop
    vertex 3.70964800587267 -4.6985658274384 -34.6774720826147
    vertex 3.70964800587269 -0.949595390130905 -39.4485654576324
    vertex 3.70964800587267 -4.49599626480125 -34.4128124364908
  endloop
endfacet
facet normal 1.0 -5.0867259038461e-015 3.35314990528172e-015
  outer loop
    vertex 3.70964800587267 -4.49599626480125 -34.4128124364908
    vertex 3.70964800587269 -0.949595390130905 -39.4485654576324
    vertex 3.70964800587269 -1.05870663159047 -39.1851476186934
  endloop
endfacet
facet normal 1.0 -5.0867259038461e-015 3.35314990528172e-015
  outer loop
    vertex 3.70964800587267 -4.49599626480125 -34.4128124364908
    vertex 3.70964800587269 -1.05870663159047 -39.1851476186934
    vertex 3.70964800587266 -3.18063477194714 -33.4009560097071
  endloop
endfacet
facet normal 1.0 -5.0867259038461e-015 3.35314990528172e-015
  outer loop
    vertex 3.70964800587266 -3.18063477194714 -33.4009560097071
    vertex 3.70964800587269 -1.05870663159047 -39.1851476186934
    vertex 3.70964800587269 -1.09592244411756 -38.9024654576324
  endloop
endfacet
facet normal 1.0 -5.0867259038461e-015 3.35314990528172e-015
  outer loop
    vertex 3.70964800587266 -3.18063477194714 -33.4009560097071
    vertex 3.70964800587269 -1.09592244411756 -38.9024654576324
    vertex 3.70964800587267 -1.64820542093222 -32.7640183601255
  endloop
endfacet
facet normal 1.0 -5.0867259038461e-015 3.35314990528172e-015
  outer loop
    vertex 3.7096480058727 -0.776024470529486 -39.6747674840446
    vertex 3.70964800587268 0.000434172561585333 -40.6484993698291
    vertex 3.7096480058727 -0.549822444117569 -39.8483384036457
  endloop
endfacet
facet normal 1.0 -5.0867259038461e-015 3.35314990528172e-015
  outer loop
    vertex 3.7096480058727 -0.549822444117569 -39.8483384036457
    vertex 3.70964800587268 0.000434172561585333 -40.6484993698291
    vertex 3.7096480058727 -0.286404605178536 -39.9574496451053
  endloop
endfacet
facet normal 1.0 -5.0867259038461e-015 3.35314990528172e-015
  outer loop
    vertex 3.7096480058727 -0.286404605178536 -39.9574496451053
    vertex 3.70964800587268 0.000434172561585333 -40.6484993698291
    vertex 3.70964800587271 -0.00372244411754201 -39.9946654576324
  endloop
endfacet
facet normal 1.0 -5.0867259038461e-015 3.35314990528172e-015
  outer loop
    vertex 3.70964800587271 -0.00372244411754201 -39.9946654576324
    vertex 3.70964800587268 0.000434172561585333 -40.6484993698291
    vertex 3.7096480058727 0.278959716943424 -39.9574496451053
  endloop
endfacet
facet normal 1.0 -5.0867259038461e-015 3.35314990528172e-015
  outer loop
    vertex 3.7096480058727 0.278959716943424 -39.9574496451053
    vertex 3.70964800587268 0.000434172561585333 -40.6484993698291
    vertex 3.70964800587273 4.69943417256156 -38.4573196841588
  endloop
endfacet
facet normal 1.0 -5.0867259038461e-015 3.35314990528172e-015
  outer loop
    vertex 3.7096480058727 0.278959716943424 -39.9574496451053
    vertex 3.70964800587273 4.69943417256156 -38.4573196841588
    vertex 3.70964800587271 0.542377555882451 -39.8483384036458
  endloop
endfacet
facet normal 1.0 -5.0867259038461e-015 3.35314990528172e-015
  outer loop
    vertex 3.70964800587271 0.542377555882451 -39.8483384036458
    vertex 3.70964800587273 4.69943417256156 -38.4573196841588
    vertex 3.70964800587271 0.768579582294388 -39.6747674840445
  endloop
endfacet
facet normal 1.0 -5.0867259038461e-015 3.35314990528172e-015
  outer loop
    vertex 3.70964800587271 0.768579582294388 -39.6747674840445
    vertex 3.70964800587273 4.69943417256156 -38.4573196841588
    vertex 3.70964800587271 0.942150501895812 -39.4485654576324
  endloop
endfacet
facet normal 1.0 -5.0867259038461e-015 3.35314990528172e-015
  outer loop
    vertex 3.70964800587271 0.942150501895812 -39.4485654576324
    vertex 3.70964800587273 4.69943417256156 -38.4573196841588
    vertex 3.70964800587271 1.05126174335536 -39.1851476186934
  endloop
endfacet
facet normal 1.0 -5.0867259038461e-015 3.35314990528172e-015
  outer loop
    vertex 3.70964800587271 1.05126174335536 -39.1851476186934
    vertex 3.70964800587273 4.69943417256156 -38.4573196841588
    vertex 3.70964800587271 1.08847755588244 -38.9024654576324
  endloop
endfacet
facet normal 1.0 -5.0867259038461e-015 3.35314990528172e-015
  outer loop
    vertex 3.70964800587271 1.08847755588244 -38.9024654576324
    vertex 3.70964800587273 4.69943417256156 -38.4573196841588
    vertex 3.70964800587269 1.64907376605532 -32.7640183601254
  endloop
endfacet
facet normal 1.0 -5.0867259038461e-015 3.35314990528172e-015
  outer loop
    vertex 3.70964800587269 1.64907376605532 -32.7640183601254
    vertex 3.70964800587273 4.69943417256156 -38.4573196841588
    vertex 3.7096480058727 3.18150311707027 -33.4009560097071
  endloop
endfacet
facet normal 1.0 -5.0867259038461e-015 3.35314990528172e-015
  outer loop
    vertex 3.7096480058727 3.18150311707027 -33.4009560097071
    vertex 3.70964800587273 4.69943417256156 -38.4573196841588
    vertex 3.70964800587272 4.49686460992437 -34.4128124364908
  endloop
endfacet
facet normal 1.0 -5.0867259038461e-015 3.35314990528172e-015
  outer loop
    vertex 3.70964800587272 4.49686460992437 -34.4128124364908
    vertex 3.70964800587273 4.69943417256156 -38.4573196841588
    vertex 3.70964800587272 4.69943417256155 -34.6774720826147
  endloop
endfacet
facet normal 1.0 -5.0867259038461e-015 3.35314990528172e-015
  outer loop
    vertex 3.70964800587267 -1.64820542093222 -32.7640183601255
    vertex 3.70964800587269 -1.05870663159047 -38.6197832965716
    vertex 3.70964800587265 -0.00314073956886085 -32.5454057359752
  endloop
endfacet
facet normal 1.0 -5.0867259038461e-015 3.35314990528172e-015
  outer loop
    vertex 3.70964800587269 -1.05870663159047 -38.6197832965716
    vertex 3.70964800587267 -1.64820542093222 -32.7640183601255
    vertex 3.70964800587269 -1.09592244411756 -38.9024654576324
  endloop
endfacet
facet normal 1.0 -5.0867259038461e-015 3.35314990528172e-015
  outer loop
    vertex 3.70964800587265 -0.00314073956886085 -32.5454057359752
    vertex 3.70964800587269 -1.05870663159047 -38.6197832965716
    vertex 3.70964800587269 -0.94959539013091 -38.3563654576324
  endloop
endfacet
facet normal 1.0 -5.0867259038461e-015 3.35314990528172e-015
  outer loop
    vertex 3.70964800587265 -0.00314073956886085 -32.5454057359752
    vertex 3.70964800587269 -0.94959539013091 -38.3563654576324
    vertex 3.70964800587269 -0.776024470529506 -38.1301634312205
  endloop
endfacet
facet normal 1.0 -5.0867259038461e-015 3.35314990528172e-015
  outer loop
    vertex 3.70964800587265 -0.00314073956886085 -32.5454057359752
    vertex 3.70964800587269 -0.776024470529506 -38.1301634312205
    vertex 3.70964800587269 -0.54982244411755 -37.9565925116191
  endloop
endfacet
facet normal 1.0 -5.0867259038461e-015 3.35314990528172e-015
  outer loop
    vertex 3.70964800587265 -0.00314073956886085 -32.5454057359752
    vertex 3.70964800587269 -0.54982244411755 -37.9565925116191
    vertex 3.7096480058727 -0.286404605178536 -37.8474812701595
  endloop
endfacet
facet normal 1.0 -5.0867259038461e-015 3.35314990528172e-015
  outer loop
    vertex 3.70964800587265 -0.00314073956886085 -32.5454057359752
    vertex 3.7096480058727 -0.286404605178536 -37.8474812701595
    vertex 3.7096480058727 -0.00372244411752509 -37.8102654576324
  endloop
endfacet
facet normal 1.0 -5.0867259038461e-015 3.35314990528172e-015
  outer loop
    vertex 3.70964800587265 -0.00314073956886085 -32.5454057359752
    vertex 3.7096480058727 -0.00372244411752509 -37.8102654576324
    vertex 3.7096480058727 0.278959716943415 -37.8474812701595
  endloop
endfacet
facet normal 1.0 -5.0867259038461e-015 3.35314990528172e-015
  outer loop
    vertex 3.70964800587265 -0.00314073956886085 -32.5454057359752
    vertex 3.7096480058727 0.278959716943415 -37.8474812701595
    vertex 3.70964800587269 1.64907376605532 -32.7640183601254
  endloop
endfacet
facet normal 1.0 -5.0867259038461e-015 3.35314990528172e-015
  outer loop
    vertex 3.70964800587269 1.64907376605532 -32.7640183601254
    vertex 3.7096480058727 0.278959716943415 -37.8474812701595
    vertex 3.7096480058727 0.542377555882432 -37.9565925116191
  endloop
endfacet
facet normal 1.0 -5.0867259038461e-015 3.35314990528172e-015
  outer loop
    vertex 3.70964800587269 1.64907376605532 -32.7640183601254
    vertex 3.7096480058727 0.542377555882432 -37.9565925116191
    vertex 3.7096480058727 0.768579582294385 -38.1301634312205
  endloop
endfacet
facet normal 1.0 -5.0867259038461e-015 3.35314990528172e-015
  outer loop
    vertex 3.70964800587269 1.64907376605532 -32.7640183601254
    vertex 3.7096480058727 0.768579582294385 -38.1301634312205
    vertex 3.7096480058727 0.942150501895818 -38.3563654576324
  endloop
endfacet
facet normal 1.0 -5.0867259038461e-015 3.35314990528172e-015
  outer loop
    vertex 3.70964800587269 1.64907376605532 -32.7640183601254
    vertex 3.7096480058727 0.942150501895818 -38.3563654576324
    vertex 3.70964800587271 1.05126174335536 -38.6197832965716
  endloop
endfacet
facet normal 1.0 -5.0867259038461e-015 3.35314990528172e-015
  outer loop
    vertex 3.70964800587269 1.64907376605532 -32.7640183601254
    vertex 3.70964800587271 1.05126174335536 -38.6197832965716
    vertex 3.70964800587271 1.08847755588244 -38.9024654576324
  endloop
endfacet
facet normal -4.51824235223027e-015 -0.9238795325114 0.382683432364816
  outer loop
    vertex -3.70715199412734 -0.941282156772692 -38.3563654576323
    vertex -4.62155199412731 -1.05039339823226 -38.6197832965716
    vertex -3.70715199412734 -1.05039339823227 -38.6197832965716
  endloop
endfacet
facet normal -4.51824235223027e-015 -0.9238795325114 0.382683432364816
  outer loop
    vertex -4.62155199412731 -1.05039339823226 -38.6197832965716
    vertex -3.70715199412734 -0.941282156772692 -38.3563654576323
    vertex -4.62155199412731 -0.941282156772687 -38.3563654576324
  endloop
endfacet
facet normal 1.0 -2.40048221540574e-015 5.2755568235589e-030
  outer loop
    vertex -2.79275199412733 0.000434172561559953 -40.6484993698291
    vertex -2.79275199412734 -4.69856582743844 -38.4573196841588
    vertex -2.79275199412734 -4.69856582743844 -38.9653196841588
  endloop
endfacet
facet normal -2.93100235689062e-015 -0.923879532511241 0.3826834323652
  outer loop
    vertex -3.57174896423916 10.3832767481203 -37.9853100240229
    vertex -6.23874896423917 10.2919278017821 -38.2058458891812
    vertex -3.57174896423916 10.2919278017821 -38.2058458891812
  endloop
endfacet
facet normal -2.93100235689062e-015 -0.923879532511241 0.3826834323652
  outer loop
    vertex -6.23874896423917 10.2919278017821 -38.2058458891812
    vertex -3.57174896423916 10.3832767481203 -37.9853100240229
    vertex -6.23874896423916 10.3832767481203 -37.9853100240229
  endloop
endfacet
facet normal -3.02690941292522e-015 -0.997572921013795 -0.0696294999264377
  outer loop
    vertex 7.0032449759846 -19.0537224441176 -38.9024654576325
    vertex -7.00074896423937 -18.8802621363943 -41.3876090539283
    vertex 7.0032449759846 -18.8802621363943 -41.3876090539283
  endloop
endfacet
facet normal -3.02690941292522e-015 -0.997572921013795 -0.0696294999264377
  outer loop
    vertex -7.00074896423937 -18.8802621363943 -41.3876090539283
    vertex 7.0032449759846 -19.0537224441176 -38.9024654576325
    vertex -7.00074896423937 -19.0537224441175 -38.9024654576325
  endloop
endfacet
facet normal -6.89370134327144e-019 -0.17364817766693 -0.984807753012208
  outer loop
    vertex -2.7927519941273 4.69943417256155 -37.4374169368132
    vertex -1.36135621568917 0.700827428054114 -36.7323546825137
    vertex -1.39615750380116 0.343316714733333 -36.6693158978629
  endloop
endfacet
facet normal -6.89370134327144e-019 -0.17364817766693 -0.984807753012208
  outer loop
    vertex -1.36135621568917 0.700827428054114 -36.7323546825137
    vertex -2.7927519941273 4.69943417256155 -37.4374169368132
    vertex -1.23378273791071 1.03728586322459 -36.7916813825212
  endloop
endfacet
facet normal -6.89370134327144e-019 -0.17364817766693 -0.984807753012208
  outer loop
    vertex -1.23378273791071 1.03728586322459 -36.7916813825212
    vertex -2.7927519941273 4.69943417256155 -37.4374169368132
    vertex -1.02213099215121 1.32976293391173 -36.8432529813219
  endloop
endfacet
facet normal -6.89370134327144e-019 -0.17364817766693 -0.984807753012208
  outer loop
    vertex -1.02213099215121 1.32976293391173 -36.8432529813219
    vertex -2.7927519941273 4.69943417256155 -37.4374169368132
    vertex 2.79524800587273 4.69943417256155 -37.4374169368132
  endloop
endfacet
facet normal -6.89370134327144e-019 -0.17364817766693 -0.984807753012208
  outer loop
    vertex -1.02213099215121 1.32976293391173 -36.8432529813219
    vertex 2.79524800587273 4.69943417256155 -37.4374169368132
    vertex -0.740824695113167 1.55832681108944 -36.8835549596837
  endloop
endfacet
facet normal -6.89370134327144e-019 -0.17364817766693 -0.984807753012208
  outer loop
    vertex -0.740824695113167 1.55832681108944 -36.8835549596837
    vertex 2.79524800587273 4.69943417256155 -37.4374169368132
    vertex -0.409034406059065 1.70740124424771 -36.9098408043833
  endloop
endfacet
facet normal -6.89370134327144e-019 -0.17364817766693 -0.984807753012208
  outer loop
    vertex -0.409034406059065 1.70740124424771 -36.9098408043833
    vertex 2.79524800587273 4.69943417256155 -37.4374169368132
    vertex -0.0493710848785707 1.76682705712396 -36.9203191785439
  endloop
endfacet
facet normal -6.89370134327144e-019 -0.17364817766693 -0.984807753012208
  outer loop
    vertex -0.0493710848785707 1.76682705712396 -36.9203191785439
    vertex 2.79524800587273 4.69943417256155 -37.4374169368132
    vertex 0.313654807461608 1.73255447877645 -36.9142759982828
  endloop
endfacet
facet normal -6.89370134327144e-019 -0.17364817766693 -0.984807753012208
  outer loop
    vertex 0.313654807461608 1.73255447877645 -36.9142759982828
    vertex 2.79524800587273 4.69943417256155 -37.4374169368132
    vertex 0.655303656327138 1.60691912878149 -36.892123096348
  endloop
endfacet
facet normal -6.89370134327144e-019 -0.17364817766693 -0.984807753012208
  outer loop
    vertex 0.655303656327138 1.60691912878149 -36.892123096348
    vertex 2.79524800587273 4.69943417256155 -37.4374169368132
    vertex 0.952292657269253 1.39848284861898 -36.8553701563968
  endloop
endfacet
facet normal -6.89370134327144e-019 -0.17364817766693 -0.984807753012208
  outer loop
    vertex 0.952292657269253 1.39848284861898 -36.8553701563968
    vertex 2.79524800587273 4.69943417256155 -37.4374169368132
    vertex 1.18438250067128 1.12145022632475 -36.8065218305499
  endloop
endfacet
facet normal -6.89370134327144e-019 -0.17364817766693 -0.984807753012208
  outer loop
    vertex 1.18438250067128 1.12145022632475 -36.8065218305499
    vertex 2.79524800587273 4.69943417256155 -37.4374169368132
    vertex 1.33575664725197 0.79470057729011 -36.7489070514881
  endloop
endfacet
facet normal -6.89370134327144e-019 -0.17364817766693 -0.984807753012208
  outer loop
    vertex 1.33575664725197 0.79470057729011 -36.7489070514881
    vertex 2.79524800587273 4.69943417256155 -37.4374169368132
    vertex 1.39609919907945 0.440501350117442 -36.6864521711914
  endloop
endfacet
facet normal -6.89370134327144e-019 -0.17364817766693 -0.984807753012208
  outer loop
    vertex 1.39609919907945 0.440501350117442 -36.6864521711914
    vertex 2.79524800587273 4.69943417256155 -37.4374169368132
    vertex 2.79524800587271 -4.69856582743843 -35.780295972115
  endloop
endfacet
facet normal -6.89370134327144e-019 -0.17364817766693 -0.984807753012208
  outer loop
    vertex -2.79275199412732 -4.69856582743843 -35.780295972115
    vertex -0.952350961990959 -0.614664783768202 -36.5003979126576
    vertex 2.79524800587271 -4.69856582743843 -35.780295972115
  endloop
endfacet
facet normal -6.89370134327144e-019 -0.17364817766693 -0.984807753012208
  outer loop
    vertex -0.952350961990959 -0.614664783768202 -36.5003979126576
    vertex -2.79275199412732 -4.69856582743843 -35.780295972115
    vertex -1.18444080539298 -0.337632161473978 -36.5492462385045
  endloop
endfacet
facet normal -6.89370134327144e-019 -0.17364817766693 -0.984807753012208
  outer loop
    vertex -1.18444080539298 -0.337632161473978 -36.5492462385045
    vertex -2.79275199412732 -4.69856582743843 -35.780295972115
    vertex -1.33581495197367 -0.0108825124393376 -36.6068610175663
  endloop
endfacet
facet normal -6.89370134327144e-019 -0.17364817766693 -0.984807753012208
  outer loop
    vertex -1.33581495197367 -0.0108825124393376 -36.6068610175663
    vertex -2.79275199412732 -4.69856582743843 -35.780295972115
    vertex -2.7927519941273 4.69943417256155 -37.4374169368132
  endloop
endfacet
facet normal -6.89370134327144e-019 -0.17364817766693 -0.984807753012208
  outer loop
    vertex -1.33581495197367 -0.0108825124393376 -36.6068610175663
    vertex -2.7927519941273 4.69943417256155 -37.4374169368132
    vertex -1.39615750380116 0.343316714733333 -36.6693158978629
  endloop
endfacet
facet normal -6.89370134327144e-019 -0.17364817766693 -0.984807753012208
  outer loop
    vertex 2.79524800587271 -4.69856582743843 -35.780295972115
    vertex -0.952350961990959 -0.614664783768202 -36.5003979126576
    vertex -0.655361961048842 -0.823101063930716 -36.4636449727064
  endloop
endfacet
facet normal -6.89370134327144e-019 -0.17364817766693 -0.984807753012208
  outer loop
    vertex 2.79524800587271 -4.69856582743843 -35.780295972115
    vertex -0.655361961048842 -0.823101063930716 -36.4636449727064
    vertex -0.313713112183311 -0.948736413925682 -36.4414920707715
  endloop
endfacet
facet normal -6.89370134327144e-019 -0.17364817766693 -0.984807753012208
  outer loop
    vertex 2.79524800587271 -4.69856582743843 -35.780295972115
    vertex -0.313713112183311 -0.948736413925682 -36.4414920707715
    vertex 0.0493127801568655 -0.983008992273174 -36.4354488905104
  endloop
endfacet
facet normal -6.89370134327144e-019 -0.17364817766693 -0.984807753012208
  outer loop
    vertex 2.79524800587271 -4.69856582743843 -35.780295972115
    vertex 0.0493127801568655 -0.983008992273174 -36.4354488905104
    vertex 0.40897610133736 -0.923583179396928 -36.445927264671
  endloop
endfacet
facet normal -6.89370134327144e-019 -0.17364817766693 -0.984807753012208
  outer loop
    vertex 2.79524800587271 -4.69856582743843 -35.780295972115
    vertex 0.40897610133736 -0.923583179396928 -36.445927264671
    vertex 0.740766390391461 -0.774508746238663 -36.4722131093707
  endloop
endfacet
facet normal -6.89370134327144e-019 -0.17364817766693 -0.984807753012208
  outer loop
    vertex 2.79524800587271 -4.69856582743843 -35.780295972115
    vertex 0.740766390391461 -0.774508746238663 -36.4722131093707
    vertex 1.02207268742951 -0.545944869060959 -36.5125150877324
  endloop
endfacet
facet normal -6.89370134327144e-019 -0.17364817766693 -0.984807753012208
  outer loop
    vertex 2.79524800587271 -4.69856582743843 -35.780295972115
    vertex 1.02207268742951 -0.545944869060959 -36.5125150877324
    vertex 1.233724433189 -0.253467798373812 -36.5640866865332
  endloop
endfacet
facet normal -6.89370134327144e-019 -0.17364817766693 -0.984807753012208
  outer loop
    vertex 2.79524800587271 -4.69856582743843 -35.780295972115
    vertex 1.233724433189 -0.253467798373812 -36.5640866865332
    vertex 1.36129791096747 0.0829906367966585 -36.6234133865407
  endloop
endfacet
facet normal -6.89370134327144e-019 -0.17364817766693 -0.984807753012208
  outer loop
    vertex 2.79524800587271 -4.69856582743843 -35.780295972115
    vertex 1.36129791096747 0.0829906367966585 -36.6234133865407
    vertex 1.39609919907945 0.440501350117442 -36.6864521711914
  endloop
endfacet
facet normal 4.72820143120334e-005 0.0932358158760516 0.995644053064316
  outer loop
    vertex 4.45996862988586 0.760858231762362 -1.10222419097781
    vertex -4.45746168888064 0.759152499784179 -1.10164098116621
    vertex -4.4505374628253 -0.000444231443921206 -1.03050984412631
  endloop
endfacet
facet normal -0.00124318887694706 0.108197116435543 0.994128683056902
  outer loop
    vertex 4.45996862988586 0.760858231762362 -1.10222419097781
    vertex -4.4505374628253 -0.000444231443921206 -1.03050984412631
    vertex 4.45039922435659 0.000417517082166907 -1.01947273498209
  endloop
endfacet
facet normal -0.992942481529082 0.000150437363750631 0.118596820123761
  outer loop
    vertex -4.67355577445616 3.16619930931516 -2.97132002025522
    vertex -4.67449494547351 -3.12338070169886 -2.97120496628164
    vertex -4.64695199412744 -3.010066800413 -2.74074752412515
  endloop
endfacet
facet normal -0.993383070529023 1.23672975265442e-005 0.114848051935503
  outer loop
    vertex -4.59252777662974 -2.69289206119885 -2.26974121788784
    vertex -4.67355577445616 3.16619930931516 -2.97132002025522
    vertex -4.64695199412744 -3.010066800413 -2.74074752412515
  endloop
endfacet
facet normal -0.993383070529023 1.23672975265442e-005 0.114848051935503
  outer loop
    vertex -4.67355577445616 3.16619930931516 -2.97132002025522
    vertex -4.59252777662974 -2.69289206119885 -2.26974121788784
    vertex -4.53157968391118 -2.13915975455953 -1.74262409670985
  endloop
endfacet
facet normal -0.993383070529023 1.23672975265442e-005 0.114848051935503
  outer loop
    vertex -4.67355577445616 3.16619930931516 -2.97132002025522
    vertex -4.53157968391118 -2.13915975455953 -1.74262409670985
    vertex -4.4858605736867 -1.48460368708673 -1.34722037531615
  endloop
endfacet
facet normal -0.993383070529023 1.23672975265442e-005 0.114848051935503
  outer loop
    vertex -4.67355577445616 3.16619930931516 -2.97132002025522
    vertex -4.4858605736867 -1.48460368708673 -1.34722037531615
    vertex -4.45741794755656 -0.758309007282509 -1.10165491793581
  endloop
endfacet
facet normal -0.0012222375325704 -0.10820170454423 0.994128209673751
  outer loop
    vertex 4.45996865121245 -0.759990432080163 -1.10222437539945
    vertex 4.45039922435659 0.000417517082166907 -1.01947273498209
    vertex -4.4505374628253 -0.000444231443921206 -1.03050984412631
  endloop
endfacet
facet normal 4.59562946870182e-005 -0.0934651645313213 0.995622549416772
  outer loop
    vertex 4.45996865121245 -0.759990432080163 -1.10222437539945
    vertex -4.4505374628253 -0.000444231443921206 -1.03050984412631
    vertex -4.45741794755656 -0.758309007282509 -1.10165491793581
  endloop
endfacet
facet normal -0.992481592947317 9.01005855702714e-006 0.122393985062888
  outer loop
    vertex -4.67449494547351 -3.12338070169886 -2.97120496628164
    vertex -7.0007489642392 12.6064689991078 -21.8384632961448
    vertex -7.00074896423938 -12.4044991246208 -21.838449737014
  endloop
endfacet
facet normal -0.992481592947317 9.01005855702714e-006 0.122393985062888
  outer loop
    vertex -7.0007489642392 12.6064689991078 -21.8384632961448
    vertex -4.67449494547351 -3.12338070169886 -2.97120496628164
    vertex -4.67355577445616 3.16619930931516 -2.97132002025522
  endloop
endfacet
facet normal -0.993731055664199 -0.00147225610872754 0.111787394058843
  outer loop
    vertex -4.67355577445616 3.16619930931516 -2.97132002025522
    vertex -4.45741794755656 -0.758309007282509 -1.10165491793581
    vertex -4.4505374628253 -0.000444231443921206 -1.03050984412631
  endloop
endfacet
facet normal -0.993099039844356 0.00192812656536148 0.117262864489003
  outer loop
    vertex -4.67355577445616 3.16619930931516 -2.97132002025522
    vertex -4.4505374628253 -0.000444231443921206 -1.03050984412631
    vertex -4.45746168888064 0.759152499784179 -1.10164098116621
  endloop
endfacet
facet normal -0.993395277526864 -6.2546408126693e-005 0.114742401383587
  outer loop
    vertex -4.4858551355736 1.48547203221167 -1.34722100418116
    vertex -4.67355577445616 3.16619930931516 -2.97132002025522
    vertex -4.45746168888064 0.759152499784179 -1.10164098116621
  endloop
endfacet
facet normal -0.993395277526864 -6.2546408126693e-005 0.114742401383587
  outer loop
    vertex -4.67355577445616 3.16619930931516 -2.97132002025522
    vertex -4.4858551355736 1.48547203221167 -1.34722100418116
    vertex -4.53157187754236 2.14002809968388 -1.74262499944036
  endloop
endfacet
facet normal -0.993395277526864 -6.2546408126693e-005 0.114742401383587
  outer loop
    vertex -4.67355577445616 3.16619930931516 -2.97132002025522
    vertex -4.53157187754236 2.14002809968388 -1.74262499944036
    vertex -4.59251799043852 2.69376040632263 -2.26974234956511
  endloop
endfacet
facet normal 0.992950055654985 0.000138435478498161 0.118533403774554
  outer loop
    vertex 4.6761106942687 3.1661992552852 -2.97131318244001
    vertex 4.64944800587259 -3.010066800413 -2.74074752412515
    vertex 4.67697486272457 -3.12338055230253 -2.97120667344378
  endloop
endfacet
facet normal 0.993379979339195 6.62938528226819e-016 0.114874786824879
  outer loop
    vertex 4.6761106942687 3.1661992552852 -2.97131318244001
    vertex 4.594981252452 -2.6928920333701 -2.26974615051565
    vertex 4.64944800587259 -3.010066800413 -2.74074752412515
  endloop
endfacet
facet normal 0.993379979339195 6.62938528226819e-016 0.114874786824879
  outer loop
    vertex 4.594981252452 -2.6928920333701 -2.26974615051565
    vertex 4.6761106942687 3.1661992552852 -2.97131318244001
    vertex 4.53402536038772 -2.13915973142245 -1.74262993578245
  endloop
endfacet
facet normal 0.993379979339195 6.62938528226819e-016 0.114874786824879
  outer loop
    vertex 4.53402536038772 -2.13915973142245 -1.74262993578245
    vertex 4.6761106942687 3.1661992552852 -2.97131318244001
    vertex 4.48830081738623 -1.48460367038982 -1.34722684657926
  endloop
endfacet
facet normal 0.993379979339195 6.62938528226819e-016 0.114874786824879
  outer loop
    vertex 4.48830081738623 -1.48460367038982 -1.34722684657926
    vertex 4.6761106942687 3.1661992552852 -2.97131318244001
    vertex 4.45996865121245 -0.759990432080163 -1.10222437539945
  endloop
endfacet
facet normal 0.993379979339195 6.62938528226819e-016 0.114874786824879
  outer loop
    vertex 4.45996865121245 -0.759990432080163 -1.10222437539945
    vertex 4.6761106942687 3.1661992552852 -2.97131318244001
    vertex 4.45039922435659 0.000417517082166907 -1.01947273498209
  endloop
endfacet
facet normal 0.993379979339195 6.62938528226819e-016 0.114874786824879
  outer loop
    vertex 4.45039922435659 0.000417517082166907 -1.01947273498209
    vertex 4.6761106942687 3.1661992552852 -2.97131318244001
    vertex 4.45996862988586 0.760858231762362 -1.10222419097781
  endloop
endfacet
facet normal 0.993379979339195 6.62938528226819e-016 0.114874786824879
  outer loop
    vertex 4.45996862988586 0.760858231762362 -1.10222419097781
    vertex 4.6761106942687 3.1661992552852 -2.97131318244001
    vertex 4.48830081738622 1.48547201551291 -1.34722684657926
  endloop
endfacet
facet normal 0.993379979339195 6.62938528226819e-016 0.114874786824879
  outer loop
    vertex 4.48830081738622 1.48547201551291 -1.34722684657926
    vertex 4.6761106942687 3.1661992552852 -2.97131318244001
    vertex 4.53402536038772 2.14002807654553 -1.74262993578244
  endloop
endfacet
facet normal 0.993379979339195 6.62938528226819e-016 0.114874786824879
  outer loop
    vertex 4.53402536038772 2.14002807654553 -1.74262993578244
    vertex 4.6761106942687 3.1661992552852 -2.97131318244001
    vertex 4.594981252452 2.69376037849318 -2.26974615051565
  endloop
endfacet
facet normal 7.13588864160957e-015 0.991444861373811 -0.130526192220049
  outer loop
    vertex -7.0007489642391 15.9558170955692 -45.4608037685357
    vertex 7.00324497598465 16.5893689888097 -40.6484993698291
    vertex 7.00324497598466 15.9558170955692 -45.4608037685357
  endloop
endfacet
facet normal 7.13588864160957e-015 0.991444861373811 -0.130526192220049
  outer loop
    vertex 7.00324497598465 16.5893689888097 -40.6484993698291
    vertex -7.0007489642391 15.9558170955692 -45.4608037685357
    vertex -7.00074896423912 16.5893689888098 -40.6484993698291
  endloop
endfacet
facet normal -4.73282542080362e-015 -0.991444861373813 -0.130526192220033
  outer loop
    vertex 4.62404800587269 -1.09592244411757 -38.9024654576324
    vertex 3.70964800587269 -1.05870663159047 -39.1851476186934
    vertex 4.62404800587269 -1.05870663159047 -39.1851476186934
  endloop
endfacet
facet normal -4.73282542080362e-015 -0.991444861373813 -0.130526192220033
  outer loop
    vertex 3.70964800587269 -1.05870663159047 -39.1851476186934
    vertex 4.62404800587269 -1.09592244411757 -38.9024654576324
    vertex 3.70964800587269 -1.09592244411756 -38.9024654576324
  endloop
endfacet
facet normal -7.72156519000326e-015 -0.92387953251129 0.382683432365082
  outer loop
    vertex 7.00324497598475 18.3971645466892 -43.8329682668354
    vertex -7.00074896423909 17.5266280528859 -45.9346292767163
    vertex 7.00324497598475 17.5266280528858 -45.9346292767163
  endloop
endfacet
facet normal -7.72156519000326e-015 -0.92387953251129 0.382683432365082
  outer loop
    vertex -7.00074896423909 17.5266280528859 -45.9346292767163
    vertex 7.00324497598475 18.3971645466892 -43.8329682668354
    vertex -7.0007489642391 18.3971645466893 -43.8329682668354
  endloop
endfacet
facet normal 3.31220892029756e-015 0.130526192220035 -0.991444861373813
  outer loop
    vertex -3.70715199412732 0.28727295030165 -39.9574496451053
    vertex -4.62155199412729 0.0045907892406591 -39.9946654576324
    vertex -4.62155199412729 0.287272950301653 -39.9574496451053
  endloop
endfacet
facet normal 2.67171458234995e-015 7.66355451025631e-016 -1.0
  outer loop
    vertex -4.62155199412729 0.0045907892406591 -39.9946654576324
    vertex -3.70715199412732 0.28727295030165 -39.9574496451053
    vertex -3.70715199412732 0.0045907892406591 -39.9946654576324
  endloop
endfacet
facet normal -2.90180883610384e-015 -0.923879532511267 -0.382683432365138
  outer loop
    vertex 4.62404800587269 -0.949595390130913 -39.4485654576324
    vertex 3.70964800587269 -1.05870663159047 -39.1851476186934
    vertex 3.70964800587269 -0.949595390130905 -39.4485654576324
  endloop
endfacet
facet normal -2.90180883610384e-015 -0.923879532511267 -0.382683432365138
  outer loop
    vertex 3.70964800587269 -1.05870663159047 -39.1851476186934
    vertex 4.62404800587269 -0.949595390130913 -39.4485654576324
    vertex 4.62404800587269 -1.05870663159047 -39.1851476186934
  endloop
endfacet
facet normal 2.67171458234995e-015 7.66355451025631e-016 -1.0
  outer loop
    vertex -4.62155199412729 0.0045907892406591 -39.9946654576324
    vertex -3.70715199412732 -0.278091371820335 -39.9574496451053
    vertex -4.62155199412729 -0.278091371820326 -39.9574496451053
  endloop
endfacet
facet normal 1.98550646715912e-015 -0.130526192220033 -0.991444861373813
  outer loop
    vertex -3.70715199412732 -0.278091371820335 -39.9574496451053
    vertex -4.62155199412729 0.0045907892406591 -39.9946654576324
    vertex -3.70715199412732 0.0045907892406591 -39.9946654576324
  endloop
endfacet
facet normal 6.31835062980946e-015 0.903353611568277 -0.428896552173773
  outer loop
    vertex -3.57174896423934 -4.69856582743838 -13.7067275166644
    vertex 3.5742449759846 -12.0391658274384 -29.1676993698291
    vertex -3.57174896423936 -12.0391658274384 -29.1676993698291
  endloop
endfacet
facet normal 6.31835062980946e-015 0.903353611568277 -0.428896552173773
  outer loop
    vertex 3.5742449759846 -12.0391658274384 -29.1676993698291
    vertex -3.57174896423934 -4.69856582743838 -13.7067275166644
    vertex 3.57424497598461 -4.69856582743845 -13.7067275166644
  endloop
endfacet
facet normal 1.28336136885732e-015 -0.794093135611114 0.607796094077043
  outer loop
    vertex 7.00324497598459 -4.49599626480122 -34.4128124364908
    vertex 3.70964800587267 -4.6985658274384 -34.6774720826147
    vertex 7.00324497598459 -4.69856582743842 -34.6774720826147
  endloop
endfacet
facet normal 1.28336136885732e-015 -0.794093135611114 0.607796094077043
  outer loop
    vertex 3.70964800587267 -4.6985658274384 -34.6774720826147
    vertex 7.00324497598459 -4.49599626480122 -34.4128124364908
    vertex 3.70964800587267 -4.49599626480125 -34.4128124364908
  endloop
endfacet
facet normal 8.67271189354349e-016 -0.382683432365192 -0.923879532511245
  outer loop
    vertex -4.62155199412729 -0.278091371820326 -39.9574496451053
    vertex -3.70715199412732 -0.541509210759337 -39.8483384036457
    vertex -4.6215519941273 -0.541509210759331 -39.8483384036457
  endloop
endfacet
facet normal 8.67271189354349e-016 -0.382683432365192 -0.923879532511245
  outer loop
    vertex -3.70715199412732 -0.541509210759337 -39.8483384036457
    vertex -4.62155199412729 -0.278091371820326 -39.9574496451053
    vertex -3.70715199412732 -0.278091371820335 -39.9574496451053
  endloop
endfacet
facet normal -4.76372059720756e-015 -0.991444861373797 0.130526192220155
  outer loop
    vertex -3.70715199412734 -1.05039339823227 -38.6197832965716
    vertex -4.62155199412731 -1.08760921075933 -38.9024654576324
    vertex -3.70715199412733 -1.08760921075934 -38.9024654576324
  endloop
endfacet
facet normal -4.76372059720756e-015 -0.991444861373797 0.130526192220155
  outer loop
    vertex -4.62155199412731 -1.08760921075933 -38.9024654576324
    vertex -3.70715199412734 -1.05039339823227 -38.6197832965716
    vertex -4.62155199412731 -1.05039339823226 -38.6197832965716
  endloop
endfacet
facet normal 5.57427874236247e-015 0.90322609329927 0.429165031640904
  outer loop
    vertex -3.57174896423916 13.5894341725616 -32.0632993698291
    vertex 3.57424497598458 4.69943417256155 -13.353294179683
    vertex 3.57424497598468 13.5894341725616 -32.0632993698291
  endloop
endfacet
facet normal 5.57427874236247e-015 0.90322609329927 0.429165031640904
  outer loop
    vertex 3.57424497598458 4.69943417256155 -13.353294179683
    vertex -3.57174896423916 13.5894341725616 -32.0632993698291
    vertex -3.57174896423927 4.69943417256157 -13.353294179683
  endloop
endfacet
facet normal 4.66280207970708e-015 0.291073532372168 -0.956700683992851
  outer loop
    vertex -7.00074896423931 -16.4749975770887 -46.5336607214796
    vertex 7.00324497598466 -16.6898437675119 -46.5693139550958
    vertex -7.00074896423931 -16.6898437675118 -46.5693139550958
  endloop
endfacet
facet normal 2.91625438870174e-015 0.0335430847875332 -0.999437272400293
  outer loop
    vertex 7.00324497598466 -16.6898437675119 -46.5693139550958
    vertex -7.00074896423931 -16.4749975770887 -46.5336607214796
    vertex 7.00324497598467 -16.4749975770888 -46.5336607214796
  endloop
endfacet
facet normal -4.11431933416635e-015 -0.382683432365154 0.92387953251126
  outer loop
    vertex -3.70715199412733 -0.541509210759343 -37.956592511619
    vertex -4.6215519941273 -0.278091371820304 -37.8474812701594
    vertex -4.62155199412731 -0.541509210759334 -37.956592511619
  endloop
endfacet
facet normal -4.11431933416635e-015 -0.382683432365154 0.92387953251126
  outer loop
    vertex -4.6215519941273 -0.278091371820304 -37.8474812701594
    vertex -3.70715199412733 -0.541509210759343 -37.956592511619
    vertex -3.70715199412733 -0.27809137182031 -37.8474812701594
  endloop
endfacet
facet normal -5.20753482067696e-017 -0.608761429008196 -0.793353340291638
  outer loop
    vertex 4.62404800587271 -0.549822444117569 -39.8483384036457
    vertex 3.7096480058727 -0.776024470529486 -39.6747674840446
    vertex 3.7096480058727 -0.549822444117569 -39.8483384036457
  endloop
endfacet
facet normal -5.20753482067696e-017 -0.608761429008196 -0.793353340291638
  outer loop
    vertex 3.7096480058727 -0.776024470529486 -39.6747674840446
    vertex 4.62404800587271 -0.549822444117569 -39.8483384036457
    vertex 4.6240480058727 -0.776024470529491 -39.6747674840446
  endloop
endfacet
facet normal 5.67005721992594e-015 0.923879532511282 0.382683432365101
  outer loop
    vertex -7.00074896423936 -18.4046094349243 -43.8329682668354
    vertex 7.00324497598462 -17.5159600706832 -45.9783576141804
    vertex -7.00074896423933 -17.5159600706831 -45.9783576141804
  endloop
endfacet
facet normal 5.67005721992594e-015 0.923879532511282 0.382683432365101
  outer loop
    vertex 7.00324497598462 -17.5159600706832 -45.9783576141804
    vertex -7.00074896423936 -18.4046094349243 -43.8329682668354
    vertex 7.00324497598461 -18.4046094349244 -43.8329682668355
  endloop
endfacet
facet normal -6.97581939613773e-015 -0.99951441480191 0.0311598235424272
  outer loop
    vertex 7.0032449759847 15.9212616054963 -45.6721542708776
    vertex -7.00074896423911 15.9425851003928 -45.8852467984324
    vertex 7.0032449759847 15.9425851003928 -45.8852467984325
  endloop
endfacet
facet normal -6.4879313044534e-015 -0.97352154278019 -0.228595288102969
  outer loop
    vertex -7.00074896423911 15.9425851003928 -45.8852467984324
    vertex 7.0032449759847 15.9212616054963 -45.6721542708776
    vertex -7.00074896423911 15.9212616054963 -45.6721542708776
  endloop
endfacet
facet normal -6.1291805122679e-015 -0.910523257180957 -0.413457855328184
  outer loop
    vertex 7.00324497598462 -17.5159600706832 -45.9783576141804
    vertex -7.00074896423932 -17.4259154056933 -46.1766553623106
    vertex 7.00324497598465 -17.4259154056934 -46.1766553623106
  endloop
endfacet
facet normal -5.3282292988108e-015 -0.848766524993925 -0.528767799747428
  outer loop
    vertex -7.00074896423932 -17.4259154056933 -46.1766553623106
    vertex 7.00324497598462 -17.5159600706832 -45.9783576141804
    vertex -7.00074896423933 -17.5159600706831 -45.9783576141804
  endloop
endfacet
facet normal 6.1441131458373e-015 0.528767799747418 -0.848766524993932
  outer loop
    vertex 7.00324497598466 -16.2766998289586 -46.4436160564897
    vertex -7.00074896423931 -16.4749975770887 -46.5336607214796
    vertex -7.00074896423931 -16.2766998289585 -46.4436160564898
  endloop
endfacet
facet normal 4.66280207970708e-015 0.291073532372168 -0.956700683992851
  outer loop
    vertex -7.00074896423931 -16.4749975770887 -46.5336607214796
    vertex 7.00324497598466 -16.2766998289586 -46.4436160564897
    vertex 7.00324497598467 -16.4749975770888 -46.5336607214796
  endloop
endfacet
facet normal -1.1828923851705e-015 -0.470669472652873 -0.882309609781434
  outer loop
    vertex -7.00074896423932 -17.1104858630215 -46.4715995592143
    vertex 7.00324497598465 -17.2876157044431 -46.3448910043152
    vertex -7.00074896423933 -17.287615704443 -46.3448910043153
  endloop
endfacet
facet normal -3.35031280958874e-015 -0.682990329969658 -0.730427415400009
  outer loop
    vertex 7.00324497598465 -17.2876157044431 -46.3448910043152
    vertex -7.00074896423932 -17.1104858630215 -46.4715995592143
    vertex 7.00324497598466 -17.1104858630216 -46.4715995592143
  endloop
endfacet
facet normal -6.48793130445339e-015 -0.973521542780189 -0.22859528810297
  outer loop
    vertex 7.0032449759847 15.9425851003928 -45.8852467984325
    vertex -7.00074896423911 16.0183344193204 -46.0855594475995
    vertex 7.0032449759847 16.0183344193203 -46.0855594475996
  endloop
endfacet
facet normal -4.99787009379586e-015 -0.881184786438423 -0.472772008635738
  outer loop
    vertex -7.00074896423911 16.0183344193204 -46.0855594475995
    vertex 7.0032449759847 15.9425851003928 -45.8852467984325
    vertex -7.00074896423911 15.9425851003928 -45.8852467984324
  endloop
endfacet
facet normal -1.0 6.86227768121475e-015 -2.5951202529831e-015
  outer loop
    vertex 3.57424497598465 -4.69856582743842 -29.1676993698291
    vertex 3.5742449759846 -12.0391658274384 -29.1676993698291
    vertex 3.57424497598461 -4.69856582743845 -13.7067275166644
  endloop
endfacet
facet normal 3.40200446049979e-015 0.130526192220034 -0.991444861373813
  outer loop
    vertex 4.62404800587271 0.278959716943421 -39.9574496451053
    vertex 3.70964800587271 -0.00372244411754201 -39.9946654576324
    vertex 3.7096480058727 0.278959716943424 -39.9574496451053
  endloop
endfacet
facet normal 3.40200446049979e-015 0.130526192220034 -0.991444861373813
  outer loop
    vertex 3.70964800587271 -0.00372244411754201 -39.9946654576324
    vertex 4.62404800587271 0.278959716943421 -39.9574496451053
    vertex 4.62404800587271 -0.00372244411754483 -39.9946654576324
  endloop
endfacet
facet normal -9.03453950317578e-016 0.382683432365153 0.923879532511261
  outer loop
    vertex 4.6240480058727 0.27895971694341 -37.8474812701595
    vertex 3.7096480058727 0.542377555882432 -37.9565925116191
    vertex 3.7096480058727 0.278959716943415 -37.8474812701595
  endloop
endfacet
facet normal -9.03453950317578e-016 0.382683432365153 0.923879532511261
  outer loop
    vertex 3.7096480058727 0.542377555882432 -37.9565925116191
    vertex 4.6240480058727 0.27895971694341 -37.8474812701595
    vertex 4.6240480058727 0.542377555882429 -37.9565925116191
  endloop
endfacet
facet normal 3.23745858744414e-015 1.0 -1.01586888371623e-016
  outer loop
    vertex -7.00074896423921 4.69943417256158 -32.0632993698291
    vertex -3.70715199412731 4.69943417256157 -34.6774720826147
    vertex -7.00074896423922 4.69943417256159 -34.6774720826147
  endloop
endfacet
facet normal 3.23745858744414e-015 1.0 -1.01586888371623e-016
  outer loop
    vertex -3.70715199412731 4.69943417256157 -34.6774720826147
    vertex -7.00074896423921 4.69943417256158 -32.0632993698291
    vertex 7.00324497598463 4.69943417256152 -32.0632993698291
  endloop
endfacet
facet normal 3.23745858744414e-015 1.0 -1.01586888371623e-016
  outer loop
    vertex 7.00324497598463 4.69943417256152 -32.0632993698291
    vertex -7.00074896423921 4.69943417256158 -32.0632993698291
    vertex 3.57424497598462 4.69943417256154 -32.0632993698291
  endloop
endfacet
facet normal 3.23745858744414e-015 1.0 -1.01586888371623e-016
  outer loop
    vertex 3.57424497598462 4.69943417256154 -32.0632993698291
    vertex -7.00074896423921 4.69943417256158 -32.0632993698291
    vertex -3.57174896423922 4.69943417256156 -32.0632993698291
  endloop
endfacet
facet normal 3.23745858744414e-015 1.0 -1.01586888371623e-016
  outer loop
    vertex 3.57424497598462 4.69943417256154 -32.0632993698291
    vertex -3.57174896423922 4.69943417256156 -32.0632993698291
    vertex 3.57424497598458 4.69943417256155 -13.353294179683
  endloop
endfacet
facet normal 3.23745858744414e-015 1.0 -1.01586888371623e-016
  outer loop
    vertex 3.57424497598458 4.69943417256155 -13.353294179683
    vertex -3.57174896423922 4.69943417256156 -32.0632993698291
    vertex -3.57174896423927 4.69943417256157 -13.353294179683
  endloop
endfacet
facet normal 3.23745858744414e-015 1.0 -1.01586888371623e-016
  outer loop
    vertex -3.70715199412731 4.69943417256157 -34.6774720826147
    vertex -2.7927519941273 4.69943417256156 -38.4573196841588
    vertex -3.7071519941273 4.69943417256156 -38.4573196841588
  endloop
endfacet
facet normal 3.23745858744414e-015 1.0 -1.01586888371623e-016
  outer loop
    vertex -2.7927519941273 4.69943417256156 -38.4573196841588
    vertex -3.70715199412731 4.69943417256157 -34.6774720826147
    vertex -2.7927519941273 4.69943417256155 -37.4374169368132
  endloop
endfacet
facet normal 3.23745858744414e-015 1.0 -1.01586888371623e-016
  outer loop
    vertex -2.7927519941273 4.69943417256155 -37.4374169368132
    vertex -3.70715199412731 4.69943417256157 -34.6774720826147
    vertex 2.79524800587273 4.69943417256155 -37.4374169368132
  endloop
endfacet
facet normal 3.23745858744414e-015 1.0 -1.01586888371623e-016
  outer loop
    vertex 2.79524800587273 4.69943417256155 -37.4374169368132
    vertex -3.70715199412731 4.69943417256157 -34.6774720826147
    vertex 3.70964800587272 4.69943417256155 -34.6774720826147
  endloop
endfacet
facet normal 3.23745858744414e-015 1.0 -1.01586888371623e-016
  outer loop
    vertex 3.70964800587272 4.69943417256155 -34.6774720826147
    vertex -3.70715199412731 4.69943417256157 -34.6774720826147
    vertex 7.00324497598463 4.69943417256152 -34.6774720826147
  endloop
endfacet
facet normal 3.23745858744414e-015 1.0 -1.01586888371623e-016
  outer loop
    vertex 7.00324497598463 4.69943417256152 -34.6774720826147
    vertex -3.70715199412731 4.69943417256157 -34.6774720826147
    vertex 7.00324497598463 4.69943417256152 -32.0632993698291
  endloop
endfacet
facet normal 3.23745858744414e-015 1.0 -1.01586888371623e-016
  outer loop
    vertex 2.79524800587273 4.69943417256155 -37.4374169368132
    vertex 3.70964800587273 4.69943417256156 -38.4573196841588
    vertex 2.79524800587273 4.69943417256156 -38.4573196841588
  endloop
endfacet
facet normal 3.23745858744414e-015 1.0 -1.01586888371623e-016
  outer loop
    vertex 3.70964800587273 4.69943417256156 -38.4573196841588
    vertex 2.79524800587273 4.69943417256155 -37.4374169368132
    vertex 3.70964800587272 4.69943417256155 -34.6774720826147
  endloop
endfacet
facet normal -8.1323729741369e-015 -0.99144486137381 0.130526192220054
  outer loop
    vertex 7.00324497598455 -16.5885006436866 -40.6484993698291
    vertex -7.00074896423933 -16.0232463970783 -36.3549671014198
    vertex -7.00074896423932 -16.5885006436864 -40.6484993698291
  endloop
endfacet
facet normal -8.1323729741369e-015 -0.99144486137381 0.130526192220054
  outer loop
    vertex -7.00074896423933 -16.0232463970783 -36.3549671014198
    vertex 7.00324497598455 -16.5885006436866 -40.6484993698291
    vertex 7.00324497598454 -16.0232463970784 -36.3549671014198
  endloop
endfacet
facet normal 2.47876730074506e-015 -0.0311598235424845 -0.999514414801908
  outer loop
    vertex -7.00074896423909 16.7156603224791 -46.5176774913572
    vertex 7.00324497598471 16.5043098201372 -46.4831220012844
    vertex -7.0007489642391 16.5043098201373 -46.4831220012843
  endloop
endfacet
facet normal 5.0363334122411e-016 -0.288791444707517 -0.957392031230543
  outer loop
    vertex 7.00324497598471 16.5043098201372 -46.4831220012844
    vertex -7.00074896423909 16.7156603224791 -46.5176774913572
    vertex 7.00324497598471 16.7156603224791 -46.5176774913573
  endloop
endfacet
facet normal 4.26654696251988e-015 0.228595288102978 -0.973521542780188
  outer loop
    vertex -7.00074896423909 16.928752850034 -46.4963539964607
    vertex 7.00324497598471 16.7156603224791 -46.5176774913573
    vertex -7.00074896423909 16.7156603224791 -46.5176774913572
  endloop
endfacet
facet normal 2.47876730074506e-015 -0.0311598235424841 -0.999514414801908
  outer loop
    vertex 7.00324497598471 16.7156603224791 -46.5176774913573
    vertex -7.00074896423909 16.928752850034 -46.4963539964607
    vertex 7.00324497598471 16.9287528500339 -46.4963539964608
  endloop
endfacet
facet normal 7.70983234112466e-015 0.990603383613028 0.136765991293233
  outer loop
    vertex -7.00074896423931 -15.9196944697895 -45.4926982278851
    vertex 7.00324497598455 -16.5885006436866 -40.6484993698291
    vertex 7.00324497598466 -15.9196944697896 -45.4926982278851
  endloop
endfacet
facet normal 7.70983234112466e-015 0.990603383613028 0.136765991293233
  outer loop
    vertex 7.00324497598455 -16.5885006436866 -40.6484993698291
    vertex -7.00074896423931 -15.9196944697895 -45.4926982278851
    vertex -7.00074896423932 -16.5885006436864 -40.6484993698291
  endloop
endfacet
facet normal -2.43592176439571e-015 0.13117167165334 0.99135966861461
  outer loop
    vertex 7.00324497598457 -0.00314073956885239 -32.5454057359752
    vertex 3.70964800587269 1.64907376605532 -32.7640183601254
    vertex 3.70964800587265 -0.00314073956886085 -32.5454057359752
  endloop
endfacet
facet normal -2.43592176439571e-015 0.13117167165334 0.99135966861461
  outer loop
    vertex 3.70964800587269 1.64907376605532 -32.7640183601254
    vertex 7.00324497598457 -0.00314073956885239 -32.5454057359752
    vertex 7.0032449759846 1.6490737660553 -32.7640183601254
  endloop
endfacet
facet normal -6.88939927070782e-015 -0.986896257307164 0.161356057565598
  outer loop
    vertex 7.00324497598466 15.9558170955692 -45.4608037685357
    vertex -7.00074896423911 15.9212616054963 -45.6721542708776
    vertex 7.0032449759847 15.9212616054963 -45.6721542708776
  endloop
endfacet
facet normal -6.97581939613773e-015 -0.99951441480191 0.0311598235424359
  outer loop
    vertex -7.00074896423911 15.9212616054963 -45.6721542708776
    vertex 7.00324497598466 15.9558170955692 -45.4608037685357
    vertex -7.0007489642391 15.9558170955692 -45.4608037685357
  endloop
endfacet
facet normal -3.34769731063757e-015 -0.130526192220035 0.991444861373813
  outer loop
    vertex -3.70715199412733 -0.27809137182031 -37.8474812701594
    vertex -4.6215519941273 0.00459078924065628 -37.8102654576324
    vertex -4.6215519941273 -0.278091371820304 -37.8474812701594
  endloop
endfacet
facet normal -3.34769731063757e-015 -0.130526192220035 0.991444861373813
  outer loop
    vertex -4.6215519941273 0.00459078924065628 -37.8102654576324
    vertex -3.70715199412733 -0.27809137182031 -37.8474812701594
    vertex -3.70715199412733 0.00459078924064782 -37.8102654576324
  endloop
endfacet
facet normal 9.28286343319903e-016 -0.22627326859283 -0.974063862341847
  outer loop
    vertex -7.00074896423931 -16.9065969874007 -46.5481460483872
    vertex 7.00324497598466 -17.1104858630216 -46.4715995592143
    vertex -7.00074896423932 -17.1104858630215 -46.4715995592143
  endloop
endfacet
facet normal -1.18289238517047e-015 -0.47066947265287 -0.882309609781436
  outer loop
    vertex 7.00324497598466 -17.1104858630216 -46.4715995592143
    vertex -7.00074896423931 -16.9065969874007 -46.5481460483872
    vertex 7.00324497598466 -16.9065969874008 -46.5481460483872
  endloop
endfacet
facet normal -1.57112080332709e-015 -0.38380678137138 0.923413425597301
  outer loop
    vertex 7.00324497598457 -3.18063477194713 -33.4009560097071
    vertex 3.70964800587267 -1.64820542093222 -32.7640183601255
    vertex 3.70964800587266 -3.18063477194714 -33.4009560097071
  endloop
endfacet
facet normal -1.57112080332709e-015 -0.38380678137138 0.923413425597301
  outer loop
    vertex 3.70964800587267 -1.64820542093222 -32.7640183601255
    vertex 7.00324497598457 -3.18063477194713 -33.4009560097071
    vertex 7.00324497598457 -1.6482054209322 -32.7640183601255
  endloop
endfacet
facet normal 7.11875796401601e-015 0.730427415399998 -0.68299032996967
  outer loop
    vertex 7.00324497598467 -16.108464186954 -46.3053163552395
    vertex -7.00074896423931 -16.2766998289585 -46.4436160564898
    vertex -7.00074896423931 -16.1084641869539 -46.3053163552395
  endloop
endfacet
facet normal 6.1441131458373e-015 0.528767799747418 -0.848766524993932
  outer loop
    vertex -7.00074896423931 -16.2766998289585 -46.4436160564898
    vertex 7.00324497598467 -16.108464186954 -46.3053163552395
    vertex 7.00324497598466 -16.2766998289586 -46.4436160564897
  endloop
endfacet
facet normal 1.53185303602854e-015 0.951017175885716 0.309138045491585
  outer loop
    vertex -7.00074896423912 17.8709214934401 -32.3530542363812
    vertex 7.00324497598473 18.3971645466892 -33.9719626484294
    vertex -7.00074896423911 18.3971645466893 -33.9719626484294
  endloop
endfacet
facet normal 1.53185303602854e-015 0.951017175885716 0.309138045491585
  outer loop
    vertex 7.00324497598473 18.3971645466892 -33.9719626484294
    vertex -7.00074896423912 17.8709214934401 -32.3530542363812
    vertex 7.00324497598473 17.8709214934401 -32.3530542363812
  endloop
endfacet
facet normal -2.58660160087827e-015 -0.951017175885733 0.309138045491534
  outer loop
    vertex 7.00324497598457 -17.9228633518348 -32.4899425408579
    vertex -7.00074896423938 -18.4046094349243 -33.9719626484294
    vertex 7.0032449759846 -18.4046094349243 -33.9719626484294
  endloop
endfacet
facet normal -2.58660160087827e-015 -0.951017175885733 0.309138045491534
  outer loop
    vertex -7.00074896423938 -18.4046094349243 -33.9719626484294
    vertex 7.00324497598457 -17.9228633518348 -32.4899425408579
    vertex -7.00074896423938 -17.9228633518348 -32.4899425408579
  endloop
endfacet
facet normal -9.93037652640879e-008 0.894300192155053 0.447467503078632
  outer loop
    vertex -4.67355577445616 3.16619930931516 -2.97132002025522
    vertex 7.0032449759846 12.6064689991078 -21.8384632961448
    vertex -7.0007489642392 12.6064689991078 -21.8384632961448
  endloop
endfacet
facet normal -9.93037652640879e-008 0.894300192155053 0.447467503078632
  outer loop
    vertex 7.0032449759846 12.6064689991078 -21.8384632961448
    vertex -4.67355577445616 3.16619930931516 -2.97132002025522
    vertex 4.6761106942687 3.1661992552852 -2.97131318244001
  endloop
endfacet
facet normal -6.84358570553755e-018 0.894183598923018 0.447700448310116
  outer loop
    vertex -7.0007489642392 12.6064689991078 -21.8384632961448
    vertex 7.00324497598473 17.8709214934401 -32.3530542363812
    vertex -7.00074896423912 17.8709214934401 -32.3530542363812
  endloop
endfacet
facet normal -6.84358570553755e-018 0.894183598923018 0.447700448310116
  outer loop
    vertex 7.00324497598473 17.8709214934401 -32.3530542363812
    vertex -7.0007489642392 12.6064689991078 -21.8384632961448
    vertex 7.0032449759846 12.6064689991078 -21.8384632961448
  endloop
endfacet
facet normal 3.53675791073942e-018 -0.887912270239071 0.460012826298245
  outer loop
    vertex 7.00324497598459 -12.4044991246208 -21.838449737014
    vertex -7.00074896423938 -17.9228633518348 -32.4899425408579
    vertex 7.00324497598457 -17.9228633518348 -32.4899425408579
  endloop
endfacet
facet normal 3.53675791073942e-018 -0.887912270239071 0.460012826298245
  outer loop
    vertex -7.00074896423938 -17.9228633518348 -32.4899425408579
    vertex 7.00324497598459 -12.4044991246208 -21.838449737014
    vertex -7.00074896423938 -12.4044991246208 -21.838449737014
  endloop
endfacet
facet normal -1.0 -3.00060276925716e-015 2.11022272942353e-029
  outer loop
    vertex 2.79524800587267 0.000434172561582513 -40.6484993698291
    vertex 2.79524800587269 -4.69856582743844 -38.9653196841588
    vertex 2.79524800587269 -4.69856582743843 -38.4573196841588
  endloop
endfacet
facet normal -4.37210161290574e-015 -0.173648177666926 -0.984807753012209
  outer loop
    vertex -1.36135621568914 2.02503166026365 -29.2224192949227
    vertex -1.33581495197364 1.3133217197702 -29.0969256299753
    vertex -1.39615750380112 1.66752094694287 -29.1593805102719
  endloop
endfacet
facet normal -4.37210161290574e-015 -0.173648177666926 -0.984807753012209
  outer loop
    vertex -1.33581495197364 1.3133217197702 -29.0969256299753
    vertex -1.36135621568914 2.02503166026365 -29.2224192949227
    vertex -1.23378273791067 2.36149009543412 -29.2817459949302
  endloop
endfacet
facet normal -4.37210161290574e-015 -0.173648177666926 -0.984807753012209
  outer loop
    vertex -1.33581495197364 1.3133217197702 -29.0969256299753
    vertex -1.23378273791067 2.36149009543412 -29.2817459949302
    vertex -1.18444080539295 0.98657207073556 -29.0393108509135
  endloop
endfacet
facet normal -4.37210161290574e-015 -0.173648177666926 -0.984807753012209
  outer loop
    vertex -1.18444080539295 0.98657207073556 -29.0393108509135
    vertex -1.23378273791067 2.36149009543412 -29.2817459949302
    vertex -1.02213099215118 2.65396716612127 -29.3333175937309
  endloop
endfacet
facet normal -4.37210161290574e-015 -0.173648177666926 -0.984807753012209
  outer loop
    vertex -1.18444080539295 0.98657207073556 -29.0393108509135
    vertex -1.02213099215118 2.65396716612127 -29.3333175937309
    vertex -0.952350961990925 0.709539448441335 -28.9904625250666
  endloop
endfacet
facet normal -4.37210161290574e-015 -0.173648177666926 -0.984807753012209
  outer loop
    vertex -0.952350961990925 0.709539448441335 -28.9904625250666
    vertex -1.02213099215118 2.65396716612127 -29.3333175937309
    vertex -0.740824695113133 2.88253104329897 -29.3736195720927
  endloop
endfacet
facet normal -4.37210161290574e-015 -0.173648177666926 -0.984807753012209
  outer loop
    vertex -0.952350961990925 0.709539448441335 -28.9904625250666
    vertex -0.740824695113133 2.88253104329897 -29.3736195720927
    vertex -0.655361961048809 0.50110316827882 -28.9537095851154
  endloop
endfacet
facet normal -4.37210161290574e-015 -0.173648177666926 -0.984807753012209
  outer loop
    vertex -0.655361961048809 0.50110316827882 -28.9537095851154
    vertex -0.740824695113133 2.88253104329897 -29.3736195720927
    vertex -0.409034406059032 3.03160547645724 -29.3999054167923
  endloop
endfacet
facet normal -4.37210161290574e-015 -0.173648177666926 -0.984807753012209
  outer loop
    vertex -0.655361961048809 0.50110316827882 -28.9537095851154
    vertex -0.409034406059032 3.03160547645724 -29.3999054167923
    vertex -0.313713112183278 0.375467818283854 -28.9315566831806
  endloop
endfacet
facet normal -4.37210161290574e-015 -0.173648177666926 -0.984807753012209
  outer loop
    vertex -0.313713112183278 0.375467818283854 -28.9315566831806
    vertex -0.409034406059032 3.03160547645724 -29.3999054167923
    vertex -0.0493710848785375 3.09103128933349 -29.4103837909529
  endloop
endfacet
facet normal -4.37210161290574e-015 -0.173648177666926 -0.984807753012209
  outer loop
    vertex -0.313713112183278 0.375467818283854 -28.9315566831806
    vertex -0.0493710848785375 3.09103128933349 -29.4103837909529
    vertex 0.0493127801568989 0.341195239936359 -28.9255135029195
  endloop
endfacet
facet normal -4.37210161290574e-015 -0.173648177666926 -0.984807753012209
  outer loop
    vertex 0.0493127801568989 0.341195239936359 -28.9255135029195
    vertex -0.0493710848785375 3.09103128933349 -29.4103837909529
    vertex 0.313654807461641 3.05675871098599 -29.4043406106918
  endloop
endfacet
facet normal -4.37210161290574e-015 -0.173648177666926 -0.984807753012209
  outer loop
    vertex 0.0493127801568989 0.341195239936359 -28.9255135029195
    vertex 0.313654807461641 3.05675871098599 -29.4043406106918
    vertex 0.408976101337393 0.400621052812605 -28.9359918770801
  endloop
endfacet
facet normal -4.37210161290574e-015 -0.173648177666926 -0.984807753012209
  outer loop
    vertex 0.408976101337393 0.400621052812605 -28.9359918770801
    vertex 0.313654807461641 3.05675871098599 -29.4043406106918
    vertex 0.655303656327171 2.93112336099103 -29.382187708757
  endloop
endfacet
facet normal -4.37210161290574e-015 -0.173648177666926 -0.984807753012209
  outer loop
    vertex 0.408976101337393 0.400621052812605 -28.9359918770801
    vertex 0.655303656327171 2.93112336099103 -29.382187708757
    vertex 0.740766390391494 0.549695485970873 -28.9622777217797
  endloop
endfacet
facet normal -4.37210161290574e-015 -0.173648177666926 -0.984807753012209
  outer loop
    vertex 0.740766390391494 0.549695485970873 -28.9622777217797
    vertex 0.655303656327171 2.93112336099103 -29.382187708757
    vertex 0.952292657269287 2.72268708082852 -29.3454347688058
  endloop
endfacet
facet normal -4.37210161290574e-015 -0.173648177666926 -0.984807753012209
  outer loop
    vertex 0.740766390391494 0.549695485970873 -28.9622777217797
    vertex 0.952292657269287 2.72268708082852 -29.3454347688058
    vertex 1.02207268742954 0.778259363148579 -29.0025797001415
  endloop
endfacet
facet normal -4.37210161290574e-015 -0.173648177666926 -0.984807753012209
  outer loop
    vertex 1.02207268742954 0.778259363148579 -29.0025797001415
    vertex 0.952292657269287 2.72268708082852 -29.3454347688058
    vertex 1.18438250067131 2.44565445853429 -29.2965864429589
  endloop
endfacet
facet normal -4.37210161290574e-015 -0.173648177666926 -0.984807753012209
  outer loop
    vertex 1.02207268742954 0.778259363148579 -29.0025797001415
    vertex 1.18438250067131 2.44565445853429 -29.2965864429589
    vertex 1.23372443318903 1.07073643383573 -29.0541512989422
  endloop
endfacet
facet normal -4.37210161290574e-015 -0.173648177666926 -0.984807753012209
  outer loop
    vertex 1.23372443318903 1.07073643383573 -29.0541512989422
    vertex 1.18438250067131 2.44565445853429 -29.2965864429589
    vertex 1.335756647252 2.11890480949965 -29.2389716638971
  endloop
endfacet
facet normal -4.37210161290574e-015 -0.173648177666926 -0.984807753012209
  outer loop
    vertex 1.23372443318903 1.07073643383573 -29.0541512989422
    vertex 1.335756647252 2.11890480949965 -29.2389716638971
    vertex 1.3612979109675 1.4071948690062 -29.1134779989497
  endloop
endfacet
facet normal -4.37210161290574e-015 -0.173648177666926 -0.984807753012209
  outer loop
    vertex 1.3612979109675 1.4071948690062 -29.1134779989497
    vertex 1.335756647252 2.11890480949965 -29.2389716638971
    vertex 1.39609919907948 1.76470558232698 -29.1765167836005
  endloop
endfacet
facet normal -0.883145014709986 0.46197339355705 -0.081458373653552
  outer loop
    vertex 1.23372443318903 1.07073643383573 -29.0541512989422
    vertex 1.36129791096747 0.0829906367966585 -36.6234133865407
    vertex 1.233724433189 -0.253467798373812 -36.5640866865332
  endloop
endfacet
facet normal -0.974464612260786 0.221129846548839 -0.0389911581864776
  outer loop
    vertex 1.36129791096747 0.0829906367966585 -36.6234133865407
    vertex 1.23372443318903 1.07073643383573 -29.0541512989422
    vertex 1.3612979109675 1.4071948690062 -29.1134779989497
  endloop
endfacet
facet normal 0.224541130867901 0.959660305190458 -0.169214004119994
  outer loop
    vertex -0.313713112183278 0.375467818283854 -28.9315566831806
    vertex 0.0493127801568655 -0.983008992273174 -36.4354488905104
    vertex -0.313713112183311 -0.948736413925682 -36.4414920707715
  endloop
endfacet
facet normal -0.035319923062075 0.98419328897535 -0.173539831078552
  outer loop
    vertex 0.0493127801568655 -0.983008992273174 -36.4354488905104
    vertex -0.313713112183278 0.375467818283854 -28.9315566831806
    vertex 0.0493127801568989 0.341195239936359 -28.9255135029195
  endloop
endfacet
facet normal -0.530275979063932 0.834944723453149 -0.147223282144952
  outer loop
    vertex 0.740766390391461 -0.774508746238663 -36.4722131093707
    vertex 1.02207268742954 0.778259363148579 -29.0025797001415
    vertex 1.02207268742951 -0.545944869060959 -36.5125150877324
  endloop
endfacet
facet normal -0.731640543872843 0.671334217241478 -0.118374335572464
  outer loop
    vertex 1.02207268742954 0.778259363148579 -29.0025797001415
    vertex 0.740766390391461 -0.774508746238663 -36.4722131093707
    vertex 0.740766390391494 0.549695485970873 -28.9622777217797
  endloop
endfacet
facet normal 0.847825091647911 0.522219895418299 -0.0920814574250003
  outer loop
    vertex -1.18444080539298 -0.337632161473978 -36.5492462385045
    vertex -0.952350961990925 0.709539448441335 -28.9904625250666
    vertex -0.952350961990959 -0.614664783768202 -36.5003979126576
  endloop
endfacet
facet normal 0.681690629656482 0.720525280024044 -0.127048047150761
  outer loop
    vertex -0.952350961990925 0.709539448441335 -28.9904625250666
    vertex -1.18444080539298 -0.337632161473978 -36.5492462385045
    vertex -1.18444080539295 0.98657207073556 -29.0393108509135
  endloop
endfacet
facet normal -0.999376056864927 -0.0347833340673239 0.00613324027506938
  outer loop
    vertex 1.39609919907948 1.76470558232698 -29.1765167836005
    vertex 1.33575664725197 0.79470057729011 -36.7489070514881
    vertex 1.39609919907945 0.440501350117442 -36.6864521711914
  endloop
endfacet
facet normal -0.956181674740745 -0.288326087948978 0.0508396685475295
  outer loop
    vertex 1.33575664725197 0.79470057729011 -36.7489070514881
    vertex 1.39609919907948 1.76470558232698 -29.1765167836005
    vertex 1.335756647252 2.11890480949965 -29.2389716638971
  endloop
endfacet
facet normal -0.035319923062075 0.98419328897535 -0.173539831078552
  outer loop
    vertex 0.0493127801568655 -0.983008992273174 -36.4354488905104
    vertex 0.408976101337393 0.400621052812605 -28.9359918770801
    vertex 0.40897610133736 -0.923583179396928 -36.445927264671
  endloop
endfacet
facet normal -0.292773982604303 0.941655126572884 -0.166039205337238
  outer loop
    vertex 0.408976101337393 0.400621052812605 -28.9359918770801
    vertex 0.0493127801568655 -0.983008992273174 -36.4354488905104
    vertex 0.0493127801568989 0.341195239936359 -28.9255135029195
  endloop
endfacet
facet normal 1.0 -6.77062802965153e-015 2.68631654094383e-015
  outer loop
    vertex 3.57424497598468 13.5894341725616 -32.0632993698291
    vertex 3.57424497598458 4.69943417256155 -13.353294179683
    vertex 3.57424497598462 4.69943417256154 -32.0632993698291
  endloop
endfacet
facet normal 6.57124526220388e-015 0.923879532511266 -0.382683432365141
  outer loop
    vertex 3.70964800587271 1.05126174335536 -39.1851476186934
    vertex 4.62404800587271 0.942150501895807 -39.4485654576324
    vertex 3.70964800587271 0.942150501895812 -39.4485654576324
  endloop
endfacet
facet normal 6.57124526220388e-015 0.923879532511266 -0.382683432365141
  outer loop
    vertex 4.62404800587271 0.942150501895807 -39.4485654576324
    vertex 3.70964800587271 1.05126174335536 -39.1851476186934
    vertex 4.62404800587271 1.05126174335536 -39.1851476186934
  endloop
endfacet
facet normal 7.60002427512418e-015 0.850024962895968 -0.526742406166153
  outer loop
    vertex -7.00074896423909 17.4385484773863 -46.1298345663837
    vertex 7.00324497598475 17.5266280528858 -45.9346292767163
    vertex 7.00324497598471 17.4385484773862 -46.1298345663837
  endloop
endfacet
facet normal 7.5263539537842e-015 0.911506562060371 -0.411285530162298
  outer loop
    vertex 7.00324497598475 17.5266280528858 -45.9346292767163
    vertex -7.00074896423909 17.4385484773863 -46.1298345663837
    vertex -7.00074896423909 17.5266280528859 -45.9346292767163
  endloop
endfacet
facet normal -0.956181674740745 -0.288326087948978 0.0508396685475294
  outer loop
    vertex 1.335756647252 2.11890480949965 -29.2389716638971
    vertex 1.18438250067128 1.12145022632475 -36.8065218305499
    vertex 1.33575664725197 0.79470057729011 -36.7489070514881
  endloop
endfacet
facet normal -0.847825091647911 -0.522219895418299 0.0920814574250003
  outer loop
    vertex 1.18438250067128 1.12145022632475 -36.8065218305499
    vertex 1.335756647252 2.11890480949965 -29.2389716638971
    vertex 1.18438250067131 2.44565445853429 -29.2965864429589
  endloop
endfacet
facet normal -2.12929492605902e-015 -0.793353340291513 -0.608761429008359
  outer loop
    vertex -3.70715199412733 -0.941282156772712 -39.4485654576324
    vertex -4.6215519941273 -0.767711237171293 -39.6747674840445
    vertex -3.70715199412733 -0.767711237171296 -39.6747674840445
  endloop
endfacet
facet normal -2.12929492605902e-015 -0.793353340291513 -0.608761429008359
  outer loop
    vertex -4.6215519941273 -0.767711237171293 -39.6747674840445
    vertex -3.70715199412733 -0.941282156772712 -39.4485654576324
    vertex -4.62155199412731 -0.941282156772704 -39.4485654576324
  endloop
endfacet
facet normal 5.4070718473719e-015 0.923879532511268 -0.382683432365137
  outer loop
    vertex -4.62155199412729 0.950463735254033 -39.4485654576324
    vertex -3.70715199412732 1.05957497671357 -39.1851476186934
    vertex -3.70715199412732 0.950463735254022 -39.4485654576324
  endloop
endfacet
facet normal 5.4070718473719e-015 0.923879532511268 -0.382683432365137
  outer loop
    vertex -3.70715199412732 1.05957497671357 -39.1851476186934
    vertex -4.62155199412729 0.950463735254033 -39.4485654576324
    vertex -4.62155199412729 1.05957497671358 -39.1851476186934
  endloop
endfacet
facet normal 4.37656279587862e-015 0.794093135611096 0.607796094077065
  outer loop
    vertex -7.00074896423921 4.49686460992441 -34.4128124364908
    vertex -3.70715199412731 4.69943417256157 -34.6774720826147
    vertex -7.00074896423922 4.69943417256159 -34.6774720826147
  endloop
endfacet
facet normal 4.37656279587862e-015 0.794093135611096 0.607796094077065
  outer loop
    vertex -3.70715199412731 4.69943417256157 -34.6774720826147
    vertex -7.00074896423921 4.49686460992441 -34.4128124364908
    vertex -3.70715199412731 4.49686460992439 -34.4128124364908
  endloop
endfacet
facet normal 4.73067629209872e-015 0.991444861373797 0.130526192220152
  outer loop
    vertex -4.62155199412729 1.09679078924066 -38.9024654576324
    vertex -3.70715199412732 1.05957497671359 -38.6197832965716
    vertex -3.70715199412732 1.09679078924065 -38.9024654576324
  endloop
endfacet
facet normal 4.73067629209872e-015 0.991444861373797 0.130526192220152
  outer loop
    vertex -3.70715199412732 1.05957497671359 -38.6197832965716
    vertex -4.62155199412729 1.09679078924066 -38.9024654576324
    vertex -4.62155199412729 1.05957497671359 -38.6197832965717
  endloop
endfacet
facet normal -4.06245125883317e-015 -0.991444861373812 -0.130526192220037
  outer loop
    vertex -3.70715199412733 -1.05039339823228 -39.1851476186934
    vertex -4.62155199412731 -1.08760921075933 -38.9024654576324
    vertex -4.62155199412731 -1.05039339823227 -39.1851476186934
  endloop
endfacet
facet normal -4.06245125883317e-015 -0.991444861373812 -0.130526192220037
  outer loop
    vertex -4.62155199412731 -1.08760921075933 -38.9024654576324
    vertex -3.70715199412733 -1.05039339823228 -39.1851476186934
    vertex -3.70715199412733 -1.08760921075934 -38.9024654576324
  endloop
endfacet
facet normal 5.81046720711916e-015 0.608761429008197 -0.793353340291637
  outer loop
    vertex -3.70715199412732 0.776892815652606 -39.6747674840445
    vertex -4.62155199412729 0.550690789240667 -39.8483384036457
    vertex -4.62155199412729 0.776892815652608 -39.6747674840446
  endloop
endfacet
facet normal 5.81046720711916e-015 0.608761429008197 -0.793353340291637
  outer loop
    vertex -4.62155199412729 0.550690789240667 -39.8483384036457
    vertex -3.70715199412732 0.776892815652606 -39.6747674840445
    vertex -3.70715199412731 0.550690789240661 -39.8483384036457
  endloop
endfacet
facet normal -1.0 3.88350886519212e-015 1.06476036422356e-014
  outer loop
    vertex 2.79524800587273 4.69943417256155 -37.4374169368132
    vertex 2.79524800587269 -4.69856582743843 -38.4573196841588
    vertex 2.79524800587271 -4.69856582743843 -35.780295972115
  endloop
endfacet
facet normal -1.0 3.88350886519212e-015 1.06476036422356e-014
  outer loop
    vertex 2.79524800587269 -4.69856582743843 -38.4573196841588
    vertex 2.79524800587273 4.69943417256155 -37.4374169368132
    vertex 2.79524800587267 0.000434172561582513 -40.6484993698291
  endloop
endfacet
facet normal -1.0 3.88350886519212e-015 1.06476036422356e-014
  outer loop
    vertex 2.79524800587267 0.000434172561582513 -40.6484993698291
    vertex 2.79524800587273 4.69943417256155 -37.4374169368132
    vertex 2.79524800587273 4.69943417256156 -38.4573196841588
  endloop
endfacet
facet normal -1.0 7.43851800541466e-015 -2.77751282890456e-015
  outer loop
    vertex -3.57174896423934 -4.69856582743838 -13.7067275166644
    vertex -3.5717489642393 -4.69856582743843 -29.1676993698291
    vertex -3.57174896423936 -12.0391658274384 -29.1676993698291
  endloop
endfacet
facet normal 7.03750414881148e-015 0.684730098072679 -0.728796743127588
  outer loop
    vertex 7.00324497598471 17.302947293972 -46.2955917254779
    vertex -7.00074896423909 17.1290654992011 -46.4206046775332
    vertex -7.00074896423909 17.302947293972 -46.2955917254779
  endloop
endfacet
facet normal 5.79284435525961e-015 0.472772008635755 -0.881184786438414
  outer loop
    vertex -7.00074896423909 17.1290654992011 -46.4206046775332
    vertex 7.00324497598471 17.302947293972 -46.2955917254779
    vertex 7.00324497598471 17.129065499201 -46.4206046775332
  endloop
endfacet
facet normal 7.80520982261682e-015 0.999437272400293 0.0335430847875197
  outer loop
    vertex -7.00074896423932 -15.8840412361733 -45.7075444183082
    vertex 7.00324497598466 -15.905209142882 -45.9242976381971
    vertex -7.00074896423932 -15.9052091428819 -45.9242976381971
  endloop
endfacet
facet normal 7.7258153484648e-015 0.974063862341849 -0.22627326859282
  outer loop
    vertex 7.00324497598466 -15.905209142882 -45.9242976381971
    vertex -7.00074896423932 -15.8840412361733 -45.7075444183082
    vertex 7.00324497598466 -15.8840412361734 -45.7075444183082
  endloop
endfacet
facet normal 2.91625438870172e-015 0.0335430847875302 -0.999437272400293
  outer loop
    vertex -7.00074896423931 -16.6898437675118 -46.5693139550958
    vertex 7.00324497598466 -16.9065969874008 -46.5481460483872
    vertex -7.00074896423931 -16.9065969874007 -46.5481460483872
  endloop
endfacet
facet normal 9.28286343319926e-016 -0.226273268592828 -0.974063862341848
  outer loop
    vertex 7.00324497598466 -16.9065969874008 -46.5481460483872
    vertex -7.00074896423931 -16.6898437675118 -46.5693139550958
    vertex 7.00324497598466 -16.6898437675119 -46.5693139550958
  endloop
endfacet
facet normal -5.09779068692499e-015 -0.793353340291174 0.608761429008801
  outer loop
    vertex 4.62404800587269 -0.776024470529506 -38.1301634312204
    vertex 3.70964800587269 -0.94959539013091 -38.3563654576324
    vertex 4.62404800587269 -0.949595390130922 -38.3563654576324
  endloop
endfacet
facet normal -5.09779068692499e-015 -0.793353340291174 0.608761429008801
  outer loop
    vertex 3.70964800587269 -0.94959539013091 -38.3563654576324
    vertex 4.62404800587269 -0.776024470529506 -38.1301634312204
    vertex 3.70964800587269 -0.776024470529506 -38.1301634312205
  endloop
endfacet
facet normal -3.96602995816059e-016 1.38916655956223e-014 1.0
  outer loop
    vertex -7.00074896423921 4.69943417256158 -32.0632993698291
    vertex -6.23874896423921 7.23943417256157 -32.0632993698291
    vertex -7.00074896423914 14.1437861811254 -32.0632993698293
  endloop
endfacet
facet normal -3.96602995816059e-016 1.38916655956223e-014 1.0
  outer loop
    vertex -6.23874896423921 7.23943417256157 -32.0632993698291
    vertex -7.00074896423921 4.69943417256158 -32.0632993698291
    vertex -3.57174896423922 4.69943417256156 -32.0632993698291
  endloop
endfacet
facet normal -3.96602995816059e-016 1.38916655956223e-014 1.0
  outer loop
    vertex -6.23874896423921 7.23943417256157 -32.0632993698291
    vertex -3.57174896423922 4.69943417256156 -32.0632993698291
    vertex -3.57174896423921 7.23943417256157 -32.0632993698291
  endloop
endfacet
facet normal -3.96602995816059e-016 1.38916655956223e-014 1.0
  outer loop
    vertex 7.00324497598463 4.69943417256152 -32.0632993698291
    vertex 3.57424497598468 13.5894341725616 -32.0632993698291
    vertex 3.57424497598462 4.69943417256154 -32.0632993698291
  endloop
endfacet
facet normal -3.96602995816059e-016 1.38916655956223e-014 1.0
  outer loop
    vertex -7.00074896423914 14.1437861811254 -32.0632993698293
    vertex -3.57174896423916 13.5894341725616 -32.0632993698291
    vertex 7.00324497598471 14.1437861811253 -32.0632993698294
  endloop
endfacet
facet normal -3.96602995816059e-016 1.38916655956223e-014 1.0
  outer loop
    vertex -3.57174896423916 13.5894341725616 -32.0632993698291
    vertex -7.00074896423914 14.1437861811254 -32.0632993698293
    vertex -6.23874896423918 10.4144341725616 -32.0632993698291
  endloop
endfacet
facet normal -3.96602995816059e-016 1.38916655956223e-014 1.0
  outer loop
    vertex -6.23874896423918 10.4144341725616 -32.0632993698291
    vertex -7.00074896423914 14.1437861811254 -32.0632993698293
    vertex -6.23874896423921 7.23943417256157 -32.0632993698291
  endloop
endfacet
facet normal -3.96602995816059e-016 1.38916655956223e-014 1.0
  outer loop
    vertex -3.57174896423916 13.5894341725616 -32.0632993698291
    vertex -6.23874896423918 10.4144341725616 -32.0632993698291
    vertex -3.57174896423919 10.4144341725616 -32.0632993698291
  endloop
endfacet
facet normal -3.96602995816059e-016 1.38916655956223e-014 1.0
  outer loop
    vertex 7.00324497598471 14.1437861811253 -32.0632993698294
    vertex -3.57174896423916 13.5894341725616 -32.0632993698291
    vertex 3.57424497598468 13.5894341725616 -32.0632993698291
  endloop
endfacet
facet normal -3.96602995816059e-016 1.38916655956223e-014 1.0
  outer loop
    vertex 7.00324497598471 14.1437861811253 -32.0632993698294
    vertex 3.57424497598468 13.5894341725616 -32.0632993698291
    vertex 7.00324497598463 4.69943417256152 -32.0632993698291
  endloop
endfacet
facet normal 5.03633341224079e-016 -0.28879144470752 -0.957392031230542
  outer loop
    vertex -7.0007489642391 16.5043098201373 -46.4831220012843
    vertex 7.0032449759847 16.3091045304698 -46.3950424257848
    vertex -7.00074896423911 16.3091045304699 -46.3950424257847
  endloop
endfacet
facet normal -1.50152860447992e-015 -0.52674240616615 -0.85002496289597
  outer loop
    vertex 7.0032449759847 16.3091045304698 -46.3950424257848
    vertex -7.0007489642391 16.5043098201373 -46.4831220012843
    vertex 7.00324497598471 16.5043098201372 -46.4831220012844
  endloop
endfacet
facet normal 5.16858998584708e-015 0.80758846639799 -0.589746444619162
  outer loop
    vertex -7.00074896423933 -14.3660048000333 -32.3540319617051
    vertex 7.0032449759846 -12.0391658274384 -29.1676993698291
    vertex 7.00324497598452 -14.3660048000335 -32.3540319617052
  endloop
endfacet
facet normal 5.16858998584708e-015 0.80758846639799 -0.589746444619162
  outer loop
    vertex 7.0032449759846 -12.0391658274384 -29.1676993698291
    vertex -7.00074896423933 -14.3660048000333 -32.3540319617051
    vertex -7.00074896423935 -12.0391658274384 -29.1676993698291
  endloop
endfacet
facet normal 5.16858998584708e-015 0.80758846639799 -0.589746444619162
  outer loop
    vertex 7.0032449759846 -12.0391658274384 -29.1676993698291
    vertex -7.00074896423935 -12.0391658274384 -29.1676993698291
    vertex -3.57174896423936 -12.0391658274384 -29.1676993698291
  endloop
endfacet
facet normal 5.16858998584708e-015 0.80758846639799 -0.589746444619162
  outer loop
    vertex 7.0032449759846 -12.0391658274384 -29.1676993698291
    vertex -3.57174896423936 -12.0391658274384 -29.1676993698291
    vertex 3.5742449759846 -12.0391658274384 -29.1676993698291
  endloop
endfacet
facet normal -1.82713889445748e-015 -0.793353340291511 -0.608761429008362
  outer loop
    vertex 4.6240480058727 -0.776024470529491 -39.6747674840446
    vertex 3.70964800587269 -0.949595390130905 -39.4485654576324
    vertex 3.7096480058727 -0.776024470529486 -39.6747674840446
  endloop
endfacet
facet normal -1.82713889445748e-015 -0.793353340291511 -0.608761429008362
  outer loop
    vertex 3.70964800587269 -0.949595390130905 -39.4485654576324
    vertex 4.6240480058727 -0.776024470529491 -39.6747674840446
    vertex 4.62404800587269 -0.949595390130913 -39.4485654576324
  endloop
endfacet
facet normal 5.79284435525961e-015 0.472772008635755 -0.881184786438414
  outer loop
    vertex -7.00074896423909 17.1290654992011 -46.4206046775332
    vertex 7.00324497598471 16.9287528500339 -46.4963539964608
    vertex -7.00074896423909 16.928752850034 -46.4963539964607
  endloop
endfacet
facet normal 4.26654696251988e-015 0.228595288102977 -0.973521542780188
  outer loop
    vertex 7.00324497598471 16.9287528500339 -46.4963539964608
    vertex -7.00074896423909 17.1290654992011 -46.4206046775332
    vertex 7.00324497598471 17.129065499201 -46.4206046775332
  endloop
endfacet
facet normal 4.22045022653437e-015 0.382683432365187 -0.923879532511246
  outer loop
    vertex -4.62155199412729 0.550690789240667 -39.8483384036457
    vertex -3.70715199412732 0.28727295030165 -39.9574496451053
    vertex -4.62155199412729 0.287272950301653 -39.9574496451053
  endloop
endfacet
facet normal 4.22045022653437e-015 0.382683432365187 -0.923879532511246
  outer loop
    vertex -3.70715199412732 0.28727295030165 -39.9574496451053
    vertex -4.62155199412729 0.550690789240667 -39.8483384036457
    vertex -3.70715199412731 0.550690789240661 -39.8483384036457
  endloop
endfacet
facet normal 1.58835453196641e-015 0.793353340291175 0.6087614290088
  outer loop
    vertex -4.62155199412729 0.776892815652611 -38.1301634312205
    vertex -3.70715199412732 0.950463735254033 -38.3563654576324
    vertex -4.62155199412729 0.950463735254042 -38.3563654576324
  endloop
endfacet
facet normal 1.58835453196641e-015 0.793353340291175 0.6087614290088
  outer loop
    vertex -3.70715199412732 0.950463735254033 -38.3563654576324
    vertex -4.62155199412729 0.776892815652611 -38.1301634312205
    vertex -3.70715199412732 0.776892815652608 -38.1301634312205
  endloop
endfacet
facet normal 7.80520982261682e-015 0.999437272400293 0.0335430847875197
  outer loop
    vertex -7.00074896423932 -15.8840412361733 -45.7075444183082
    vertex 7.00324497598466 -15.9196944697896 -45.4926982278851
    vertex 7.00324497598466 -15.8840412361734 -45.7075444183082
  endloop
endfacet
facet normal 7.60286974828719e-015 0.986508696854107 0.163708860576366
  outer loop
    vertex 7.00324497598466 -15.9196944697896 -45.4926982278851
    vertex -7.00074896423932 -15.8840412361733 -45.7075444183082
    vertex -7.00074896423931 -15.9196944697895 -45.4926982278851
  endloop
endfacet
facet normal 7.7258153484648e-015 0.97406386234185 -0.22627326859282
  outer loop
    vertex -7.00074896423932 -15.9052091428819 -45.9242976381971
    vertex 7.00324497598466 -15.9817556320549 -46.128186513818
    vertex -7.00074896423932 -15.9817556320548 -46.128186513818
  endloop
endfacet
facet normal 7.4740960739165e-015 0.88230960978144 -0.470669472652861
  outer loop
    vertex 7.00324497598466 -15.9817556320549 -46.128186513818
    vertex -7.00074896423932 -15.9052091428819 -45.9242976381971
    vertex 7.00324497598466 -15.905209142882 -45.9242976381971
  endloop
endfacet
facet normal 4.12549592306356e-015 0.382683432365192 -0.923879532511245
  outer loop
    vertex 3.70964800587271 0.542377555882451 -39.8483384036458
    vertex 4.62404800587271 0.278959716943421 -39.9574496451053
    vertex 3.7096480058727 0.278959716943424 -39.9574496451053
  endloop
endfacet
facet normal 4.12549592306356e-015 0.382683432365192 -0.923879532511245
  outer loop
    vertex 4.62404800587271 0.278959716943421 -39.9574496451053
    vertex 3.70964800587271 0.542377555882451 -39.8483384036458
    vertex 4.62404800587271 0.542377555882443 -39.8483384036458
  endloop
endfacet
facet normal 7.03750414881148e-015 0.684730098072679 -0.728796743127588
  outer loop
    vertex -7.00074896423909 17.302947293972 -46.2955917254779
    vertex 7.00324497598471 17.4385484773862 -46.1298345663837
    vertex 7.00324497598471 17.302947293972 -46.2955917254779
  endloop
endfacet
facet normal 7.60002427512418e-015 0.850024962895971 -0.526742406166148
  outer loop
    vertex 7.00324497598471 17.4385484773862 -46.1298345663837
    vertex -7.00074896423909 17.302947293972 -46.2955917254779
    vertex -7.00074896423909 17.4385484773863 -46.1298345663837
  endloop
endfacet
facet normal -3.9764340751575e-015 -0.382683432365157 0.923879532511259
  outer loop
    vertex 4.6240480058727 -0.549822444117555 -37.9565925116191
    vertex 3.7096480058727 -0.286404605178536 -37.8474812701595
    vertex 3.70964800587269 -0.54982244411755 -37.9565925116191
  endloop
endfacet
facet normal -3.9764340751575e-015 -0.382683432365157 0.923879532511259
  outer loop
    vertex 3.7096480058727 -0.286404605178536 -37.8474812701595
    vertex 4.6240480058727 -0.549822444117555 -37.9565925116191
    vertex 4.62404800587269 -0.286404605178544 -37.8474812701595
  endloop
endfacet
facet normal -4.99787009379585e-015 -0.881184786438423 -0.472772008635739
  outer loop
    vertex 7.0032449759847 16.0183344193203 -46.0855594475996
    vertex -7.0007489642391 16.1433473713757 -46.2594412423705
    vertex 7.0032449759847 16.1433473713756 -46.2594412423705
  endloop
endfacet
facet normal -3.2445607813507e-015 -0.72879674312758 -0.684730098072687
  outer loop
    vertex -7.0007489642391 16.1433473713757 -46.2594412423705
    vertex 7.0032449759847 16.0183344193203 -46.0855594475996
    vertex -7.00074896423911 16.0183344193204 -46.0855594475995
  endloop
endfacet
facet normal -2.46222468361528e-015 -0.923879532511267 -0.382683432365138
  outer loop
    vertex -3.70715199412733 -1.05039339823228 -39.1851476186934
    vertex -4.62155199412731 -0.941282156772704 -39.4485654576324
    vertex -3.70715199412733 -0.941282156772712 -39.4485654576324
  endloop
endfacet
facet normal -2.46222468361528e-015 -0.923879532511267 -0.382683432365138
  outer loop
    vertex -4.62155199412731 -0.941282156772704 -39.4485654576324
    vertex -3.70715199412733 -1.05039339823228 -39.1851476186934
    vertex -4.62155199412731 -1.05039339823227 -39.1851476186934
  endloop
endfacet
facet normal 6.32618853113474e-015 0.923879532511284 0.382683432365097
  outer loop
    vertex -7.00074896423913 16.0241147422017 -36.3549671014198
    vertex 7.00324497598464 14.3668731451566 -32.3540319617052
    vertex 7.00324497598464 16.0241147422016 -36.3549671014198
  endloop
endfacet
facet normal 6.32618853113474e-015 0.923879532511284 0.382683432365097
  outer loop
    vertex 7.00324497598464 14.3668731451566 -32.3540319617052
    vertex -7.00074896423913 16.0241147422017 -36.3549671014198
    vertex -7.00074896423913 14.3668731451567 -32.3540319617051
  endloop
endfacet
facet normal 6.04537037110209e-015 0.79335334029151 -0.608761429008363
  outer loop
    vertex -4.62155199412729 0.950463735254033 -39.4485654576324
    vertex -3.70715199412732 0.776892815652606 -39.6747674840445
    vertex -4.62155199412729 0.776892815652608 -39.6747674840446
  endloop
endfacet
facet normal 6.04537037110209e-015 0.79335334029151 -0.608761429008363
  outer loop
    vertex -3.70715199412732 0.776892815652606 -39.6747674840445
    vertex -4.62155199412729 0.950463735254033 -39.4485654576324
    vertex -3.70715199412732 0.950463735254022 -39.4485654576324
  endloop
endfacet
facet normal 3.65341298315102e-016 0.383806781371378 0.923413425597302
  outer loop
    vertex -3.70715199412733 1.64907376605534 -32.7640183601254
    vertex -7.00074896423923 3.1815031170703 -33.4009560097071
    vertex -7.00074896423924 1.64907376605537 -32.7640183601254
  endloop
endfacet
facet normal 3.65341298315102e-016 0.383806781371378 0.923413425597302
  outer loop
    vertex -7.00074896423923 3.1815031170703 -33.4009560097071
    vertex -3.70715199412733 1.64907376605534 -32.7640183601254
    vertex -3.70715199412733 3.18150311707027 -33.4009560097071
  endloop
endfacet
facet normal -4.14407868271538e-016 -0.991444861373843 0.130526192219806
  outer loop
    vertex -3.57174896423916 10.3832767481203 -37.9853100240229
    vertex -6.23874896423916 10.4144341725615 -37.7486458891812
    vertex -6.23874896423916 10.3832767481203 -37.9853100240229
  endloop
endfacet
facet normal -4.14407868271538e-016 -0.991444861373843 0.130526192219806
  outer loop
    vertex -6.23874896423916 10.4144341725615 -37.7486458891812
    vertex -3.57174896423916 10.3832767481203 -37.9853100240229
    vertex -3.57174896423917 10.4144341725616 -37.7486458891811
  endloop
endfacet
facet normal -4.50017269579352e-016 -0.60876142900861 0.79335334029132
  outer loop
    vertex -3.57174896423917 9.95723417256159 -38.5405395184017
    vertex -6.23874896423916 10.1466126132786 -38.3952243298982
    vertex -6.23874896423917 9.95723417256159 -38.5405395184017
  endloop
endfacet
facet normal -4.50017269579352e-016 -0.60876142900861 0.79335334029132
  outer loop
    vertex -6.23874896423916 10.1466126132786 -38.3952243298982
    vertex -3.57174896423917 9.95723417256159 -38.5405395184017
    vertex -3.57174896423916 10.1466126132786 -38.3952243298982
  endloop
endfacet
facet normal 4.48129423566558e-015 0.670657671025222 0.741767004048458
  outer loop
    vertex -3.57174896423918 7.45729900296408 -38.3410698231285
    vertex -6.23874896423918 7.63436346020885 -38.5011600345682
    vertex -6.23874896423919 7.45729900296409 -38.3410698231285
  endloop
endfacet
facet normal 4.48129423566558e-015 0.670657671025222 0.741767004048458
  outer loop
    vertex -6.23874896423918 7.63436346020885 -38.5011600345682
    vertex -3.57174896423918 7.45729900296408 -38.3410698231285
    vertex -3.57174896423919 7.63436346020885 -38.5011600345682
  endloop
endfacet
facet normal 3.81232526043059e-015 0.839788992718246 0.542912928294468
  outer loop
    vertex -6.23874896423919 7.45729900296409 -38.3410698231285
    vertex -3.57174896423919 7.32770226644852 -38.1406068996172
    vertex -3.57174896423918 7.45729900296408 -38.3410698231285
  endloop
endfacet
facet normal 3.81232526043059e-015 0.839788992718246 0.542912928294468
  outer loop
    vertex -3.57174896423919 7.32770226644852 -38.1406068996172
    vertex -6.23874896423919 7.45729900296409 -38.3410698231285
    vertex -6.23874896423919 7.32770226644853 -38.1406068996172
  endloop
endfacet
facet normal 4.40333805014389e-015 0.995898500068114 0.0904774975454218
  outer loop
    vertex -6.23874896423919 7.2544050540871 -37.9134324809908
    vertex -3.57174896423919 7.23943417256155 -37.7486458891812
    vertex -3.57174896423918 7.25440505408708 -37.9134324809908
  endloop
endfacet
facet normal 4.40333805014389e-015 0.995898500068114 0.0904774975454218
  outer loop
    vertex -3.57174896423919 7.23943417256155 -37.7486458891812
    vertex -6.23874896423919 7.2544050540871 -37.9134324809908
    vertex -6.23874896423919 7.23943417256156 -37.7486458891812
  endloop
endfacet
facet normal 4.35130044656802e-015 0.95169008237495 0.307060233682515
  outer loop
    vertex -6.23874896423919 7.2544050540871 -37.9134324809908
    vertex -3.57174896423919 7.32770226644852 -38.1406068996172
    vertex -6.23874896423919 7.32770226644853 -38.1406068996172
  endloop
endfacet
facet normal 4.35130044656802e-015 0.95169008237495 0.307060233682515
  outer loop
    vertex -3.57174896423919 7.32770226644852 -38.1406068996172
    vertex -6.23874896423919 7.2544050540871 -37.9134324809908
    vertex -3.57174896423918 7.25440505408708 -37.9134324809908
  endloop
endfacet
facet normal 1.85879080682022e-015 0.981056185418047 -0.193723413796554
  outer loop
    vertex -7.0007489642391 18.3971645466893 -43.8329682668354
    vertex 7.00324497598475 18.8798524048175 -41.3885352498732
    vertex 7.00324497598475 18.3971645466892 -43.8329682668354
  endloop
endfacet
facet normal 1.85879080682022e-015 0.981056185418047 -0.193723413796554
  outer loop
    vertex 7.00324497598475 18.8798524048175 -41.3885352498732
    vertex -7.0007489642391 18.3971645466893 -43.8329682668354
    vertex -7.0007489642391 18.8798524048175 -41.3885352498732
  endloop
endfacet
facet normal -1.58065112163042e-015 -0.981602888695772 -0.190933938586405
  outer loop
    vertex 7.00324497598473 18.3971645466892 -33.9719626484294
    vertex -7.00074896423911 18.8728172481593 -36.4173218613366
    vertex 7.00324497598473 18.8728172481593 -36.4173218613366
  endloop
endfacet
facet normal -1.58065112163042e-015 -0.981602888695772 -0.190933938586405
  outer loop
    vertex -7.00074896423911 18.8728172481593 -36.4173218613366
    vertex 7.00324497598473 18.3971645466892 -33.9719626484294
    vertex -7.00074896423911 18.3971645466893 -33.9719626484294
  endloop
endfacet
facet normal -3.35031280958874e-015 -0.682990329969658 -0.730427415400009
  outer loop
    vertex 7.00324497598465 -17.2876157044431 -46.3448910043152
    vertex -7.00074896423932 -17.4259154056933 -46.1766553623106
    vertex -7.00074896423933 -17.287615704443 -46.3448910043153
  endloop
endfacet
facet normal -5.3282292988108e-015 -0.848766524993925 -0.528767799747428
  outer loop
    vertex -7.00074896423932 -17.4259154056933 -46.1766553623106
    vertex 7.00324497598465 -17.2876157044431 -46.3448910043152
    vertex 7.00324497598465 -17.4259154056934 -46.1766553623106
  endloop
endfacet
facet normal -6.93474454954071e-016 -0.608761429008193 -0.79335334029164
  outer loop
    vertex -3.70715199412732 -0.541509210759337 -39.8483384036457
    vertex -4.6215519941273 -0.767711237171293 -39.6747674840445
    vertex -4.6215519941273 -0.541509210759331 -39.8483384036457
  endloop
endfacet
facet normal -6.93474454954071e-016 -0.608761429008193 -0.79335334029164
  outer loop
    vertex -4.6215519941273 -0.767711237171293 -39.6747674840445
    vertex -3.70715199412732 -0.541509210759337 -39.8483384036457
    vertex -3.70715199412733 -0.767711237171296 -39.6747674840445
  endloop
endfacet
facet normal -1.86597266271469e-015 0.130526192220034 0.991444861373813
  outer loop
    vertex -3.70715199412733 0.00459078924064782 -37.8102654576324
    vertex -4.6215519941273 0.287272950301631 -37.8474812701595
    vertex -4.6215519941273 0.00459078924065628 -37.8102654576324
  endloop
endfacet
facet normal -1.86597266271469e-015 0.130526192220034 0.991444861373813
  outer loop
    vertex -4.6215519941273 0.287272950301631 -37.8474812701595
    vertex -3.70715199412733 0.00459078924064782 -37.8102654576324
    vertex -3.70715199412733 0.287272950301619 -37.8474812701595
  endloop
endfacet
facet normal -1.50152860447992e-015 -0.52674240616615 -0.85002496289597
  outer loop
    vertex 7.0032449759847 16.3091045304698 -46.3950424257848
    vertex -7.0007489642391 16.1433473713757 -46.2594412423705
    vertex -7.00074896423911 16.3091045304699 -46.3950424257847
  endloop
endfacet
facet normal -3.2445607813507e-015 -0.72879674312758 -0.684730098072687
  outer loop
    vertex -7.0007489642391 16.1433473713757 -46.2594412423705
    vertex 7.0032449759847 16.3091045304698 -46.3950424257848
    vertex 7.0032449759847 16.1433473713756 -46.2594412423705
  endloop
endfacet
facet normal -5.14093714519261e-015 -0.383806781371378 0.923413425597302
  outer loop
    vertex -3.70715199412734 -3.18063477194717 -33.4009560097071
    vertex -7.00074896423927 -1.64820542093219 -32.7640183601255
    vertex -7.00074896423927 -3.18063477194713 -33.4009560097071
  endloop
endfacet
facet normal -5.14093714519261e-015 -0.383806781371378 0.923413425597302
  outer loop
    vertex -7.00074896423927 -1.64820542093219 -32.7640183601255
    vertex -3.70715199412734 -3.18063477194717 -33.4009560097071
    vertex -3.70715199412733 -1.64820542093222 -32.7640183601255
  endloop
endfacet
facet normal -8.56539697376314e-015 -0.923879532511285 0.382683432365095
  outer loop
    vertex 7.00324497598454 -16.0232463970784 -36.3549671014198
    vertex -7.00074896423933 -14.3660048000333 -32.3540319617051
    vertex -7.00074896423933 -16.0232463970783 -36.3549671014198
  endloop
endfacet
facet normal -8.56539697376314e-015 -0.923879532511285 0.382683432365095
  outer loop
    vertex -7.00074896423933 -14.3660048000333 -32.3540319617051
    vertex 7.00324497598454 -16.0232463970784 -36.3549671014198
    vertex 7.00324497598452 -14.3660048000335 -32.3540319617052
  endloop
endfacet
facet normal 2.68631654094384e-015 0.0 -1.0
  outer loop
    vertex 3.57424497598465 -4.69856582743842 -29.1676993698291
    vertex 7.0032449759846 -12.0391658274384 -29.1676993698291
    vertex 3.5742449759846 -12.0391658274384 -29.1676993698291
  endloop
endfacet
facet normal 2.68631654094384e-015 0.0 -1.0
  outer loop
    vertex 7.0032449759846 -12.0391658274384 -29.1676993698291
    vertex 3.57424497598465 -4.69856582743842 -29.1676993698291
    vertex 7.00324497598457 -4.69856582743843 -29.1676993698291
  endloop
endfacet
facet normal -9.7440133140804e-016 0.60876142900877 0.793353340291197
  outer loop
    vertex 4.6240480058727 0.542377555882429 -37.9565925116191
    vertex 3.7096480058727 0.768579582294385 -38.1301634312205
    vertex 3.7096480058727 0.542377555882432 -37.9565925116191
  endloop
endfacet
facet normal -9.7440133140804e-016 0.60876142900877 0.793353340291197
  outer loop
    vertex 3.7096480058727 0.768579582294385 -38.1301634312205
    vertex 4.6240480058727 0.542377555882429 -37.9565925116191
    vertex 4.6240480058727 0.768579582294379 -38.1301634312205
  endloop
endfacet
facet normal -1.0 7.22016615064615e-015 -2.58240248160022e-015
  outer loop
    vertex -4.62155199412731 -1.05039339823226 -38.6197832965716
    vertex -4.62155199412731 -1.05039339823227 -39.1851476186934
    vertex -4.62155199412731 -1.08760921075933 -38.9024654576324
  endloop
endfacet
facet normal -1.0 7.22016615064615e-015 -2.58240248160022e-015
  outer loop
    vertex -4.62155199412731 -1.05039339823227 -39.1851476186934
    vertex -4.62155199412731 -1.05039339823226 -38.6197832965716
    vertex -4.62155199412731 -0.941282156772704 -39.4485654576324
  endloop
endfacet
facet normal -1.0 7.22016615064615e-015 -2.58240248160022e-015
  outer loop
    vertex -4.62155199412731 -0.941282156772704 -39.4485654576324
    vertex -4.62155199412731 -1.05039339823226 -38.6197832965716
    vertex -4.62155199412731 -0.941282156772687 -38.3563654576324
  endloop
endfacet
facet normal -1.0 7.22016615064615e-015 -2.58240248160022e-015
  outer loop
    vertex -4.62155199412731 -0.941282156772704 -39.4485654576324
    vertex -4.62155199412731 -0.941282156772687 -38.3563654576324
    vertex -4.6215519941273 -0.767711237171293 -39.6747674840445
  endloop
endfacet
facet normal -1.0 7.22016615064615e-015 -2.58240248160022e-015
  outer loop
    vertex -4.6215519941273 -0.767711237171293 -39.6747674840445
    vertex -4.62155199412731 -0.941282156772687 -38.3563654576324
    vertex -4.62155199412731 -0.767711237171271 -38.1301634312205
  endloop
endfacet
facet normal -1.0 7.22016615064615e-015 -2.58240248160022e-015
  outer loop
    vertex -4.6215519941273 -0.767711237171293 -39.6747674840445
    vertex -4.62155199412731 -0.767711237171271 -38.1301634312205
    vertex -4.6215519941273 -0.541509210759331 -39.8483384036457
  endloop
endfacet
facet normal -1.0 7.22016615064615e-015 -2.58240248160022e-015
  outer loop
    vertex -4.6215519941273 -0.541509210759331 -39.8483384036457
    vertex -4.62155199412731 -0.767711237171271 -38.1301634312205
    vertex -4.62155199412731 -0.541509210759334 -37.956592511619
  endloop
endfacet
facet normal -1.0 7.22016615064615e-015 -2.58240248160022e-015
  outer loop
    vertex -4.6215519941273 -0.541509210759331 -39.8483384036457
    vertex -4.62155199412731 -0.541509210759334 -37.956592511619
    vertex -4.6215519941273 -0.278091371820304 -37.8474812701594
  endloop
endfacet
facet normal -1.0 7.22016615064615e-015 -2.58240248160022e-015
  outer loop
    vertex -4.6215519941273 -0.541509210759331 -39.8483384036457
    vertex -4.6215519941273 -0.278091371820304 -37.8474812701594
    vertex -4.62155199412729 -0.278091371820326 -39.9574496451053
  endloop
endfacet
facet normal -1.0 7.22016615064615e-015 -2.58240248160022e-015
  outer loop
    vertex -4.62155199412729 -0.278091371820326 -39.9574496451053
    vertex -4.6215519941273 -0.278091371820304 -37.8474812701594
    vertex -4.62155199412729 0.0045907892406591 -39.9946654576324
  endloop
endfacet
facet normal -1.0 7.22016615064615e-015 -2.58240248160022e-015
  outer loop
    vertex -4.62155199412729 0.0045907892406591 -39.9946654576324
    vertex -4.6215519941273 -0.278091371820304 -37.8474812701594
    vertex -4.6215519941273 0.00459078924065628 -37.8102654576324
  endloop
endfacet
facet normal -1.0 7.22016615064615e-015 -2.58240248160022e-015
  outer loop
    vertex -4.62155199412729 0.0045907892406591 -39.9946654576324
    vertex -4.6215519941273 0.00459078924065628 -37.8102654576324
    vertex -4.6215519941273 0.287272950301631 -37.8474812701595
  endloop
endfacet
facet normal -1.0 7.22016615064615e-015 -2.58240248160022e-015
  outer loop
    vertex -4.62155199412729 0.0045907892406591 -39.9946654576324
    vertex -4.6215519941273 0.287272950301631 -37.8474812701595
    vertex -4.62155199412729 0.287272950301653 -39.9574496451053
  endloop
endfacet
facet normal -1.0 7.22016615064615e-015 -2.58240248160022e-015
  outer loop
    vertex -4.62155199412729 0.287272950301653 -39.9574496451053
    vertex -4.6215519941273 0.287272950301631 -37.8474812701595
    vertex -4.6215519941273 0.550690789240653 -37.956592511619
  endloop
endfacet
facet normal -1.0 7.22016615064615e-015 -2.58240248160022e-015
  outer loop
    vertex -4.62155199412729 0.287272950301653 -39.9574496451053
    vertex -4.6215519941273 0.550690789240653 -37.956592511619
    vertex -4.62155199412729 0.550690789240667 -39.8483384036457
  endloop
endfacet
facet normal -1.0 7.22016615064615e-015 -2.58240248160022e-015
  outer loop
    vertex -4.62155199412729 0.550690789240667 -39.8483384036457
    vertex -4.6215519941273 0.550690789240653 -37.956592511619
    vertex -4.62155199412729 0.776892815652611 -38.1301634312205
  endloop
endfacet
facet normal -1.0 7.22016615064615e-015 -2.58240248160022e-015
  outer loop
    vertex -4.62155199412729 0.550690789240667 -39.8483384036457
    vertex -4.62155199412729 0.776892815652611 -38.1301634312205
    vertex -4.62155199412729 0.776892815652608 -39.6747674840446
  endloop
endfacet
facet normal -1.0 7.22016615064615e-015 -2.58240248160022e-015
  outer loop
    vertex -4.62155199412729 0.776892815652608 -39.6747674840446
    vertex -4.62155199412729 0.776892815652611 -38.1301634312205
    vertex -4.62155199412729 0.950463735254033 -39.4485654576324
  endloop
endfacet
facet normal -1.0 7.22016615064615e-015 -2.58240248160022e-015
  outer loop
    vertex -4.62155199412729 0.950463735254033 -39.4485654576324
    vertex -4.62155199412729 0.776892815652611 -38.1301634312205
    vertex -4.62155199412729 0.950463735254042 -38.3563654576324
  endloop
endfacet
facet normal -1.0 7.22016615064615e-015 -2.58240248160022e-015
  outer loop
    vertex -4.62155199412729 0.950463735254033 -39.4485654576324
    vertex -4.62155199412729 0.950463735254042 -38.3563654576324
    vertex -4.62155199412729 1.05957497671358 -39.1851476186934
  endloop
endfacet
facet normal -1.0 7.22016615064615e-015 -2.58240248160022e-015
  outer loop
    vertex -4.62155199412729 1.05957497671358 -39.1851476186934
    vertex -4.62155199412729 0.950463735254042 -38.3563654576324
    vertex -4.62155199412729 1.05957497671359 -38.6197832965717
  endloop
endfacet
facet normal -1.0 7.22016615064615e-015 -2.58240248160022e-015
  outer loop
    vertex -4.62155199412729 1.05957497671358 -39.1851476186934
    vertex -4.62155199412729 1.05957497671359 -38.6197832965717
    vertex -4.62155199412729 1.09679078924066 -38.9024654576324
  endloop
endfacet
facet normal -1.94952425994248e-015 0.130526192220035 0.991444861373813
  outer loop
    vertex 4.6240480058727 -0.00372244411753355 -37.8102654576324
    vertex 3.7096480058727 0.278959716943415 -37.8474812701595
    vertex 3.7096480058727 -0.00372244411752509 -37.8102654576324
  endloop
endfacet
facet normal -1.94952425994248e-015 0.130526192220035 0.991444861373813
  outer loop
    vertex 3.7096480058727 0.278959716943415 -37.8474812701595
    vertex 4.6240480058727 -0.00372244411753355 -37.8102654576324
    vertex 4.6240480058727 0.27895971694341 -37.8474812701595
  endloop
endfacet
facet normal 1.19910800963333e-014 0.923879532511393 0.382683432364834
  outer loop
    vertex 3.7096480058727 0.942150501895818 -38.3563654576324
    vertex 4.62404800587271 1.05126174335536 -38.6197832965716
    vertex 3.70964800587271 1.05126174335536 -38.6197832965716
  endloop
endfacet
facet normal 1.19910800963333e-014 0.923879532511393 0.382683432364834
  outer loop
    vertex 4.62404800587271 1.05126174335536 -38.6197832965716
    vertex 3.7096480058727 0.942150501895818 -38.3563654576324
    vertex 4.62404800587271 0.942150501895801 -38.3563654576324
  endloop
endfacet
facet normal -1.68137093206168e-015 0.131731901383734 0.991285380784881
  outer loop
    vertex -3.70715199412735 0.00400908469200332 -32.5454057359751
    vertex -7.00074896423924 1.64907376605537 -32.7640183601254
    vertex -7.00074896423926 0.00400908469202306 -32.5454057359751
  endloop
endfacet
facet normal -1.68137093206168e-015 0.131731901383734 0.991285380784881
  outer loop
    vertex -7.00074896423924 1.64907376605537 -32.7640183601254
    vertex -3.70715199412735 0.00400908469200332 -32.5454057359751
    vertex -3.70715199412733 1.64907376605534 -32.7640183601254
  endloop
endfacet
facet normal -5.434094759178e-015 -0.991444861373798 0.13052619222015
  outer loop
    vertex 4.62404800587269 -1.05870663159047 -38.6197832965716
    vertex 3.70964800587269 -1.09592244411756 -38.9024654576324
    vertex 4.62404800587269 -1.09592244411757 -38.9024654576324
  endloop
endfacet
facet normal -5.434094759178e-015 -0.991444861373798 0.13052619222015
  outer loop
    vertex 3.70964800587269 -1.09592244411756 -38.9024654576324
    vertex 4.62404800587269 -1.05870663159047 -38.6197832965716
    vertex 3.70964800587269 -1.05870663159047 -38.6197832965716
  endloop
endfacet
facet normal -4.67280029676624e-015 -0.793353340291329 -0.608761429008598
  outer loop
    vertex 7.00324497598471 14.1437861811253 -32.0632993698294
    vertex -7.00074896423913 14.3668731451567 -32.3540319617051
    vertex 7.00324497598464 14.3668731451566 -32.3540319617052
  endloop
endfacet
facet normal -4.67280029676624e-015 -0.793353340291329 -0.608761429008598
  outer loop
    vertex -7.00074896423913 14.3668731451567 -32.3540319617051
    vertex 7.00324497598471 14.1437861811253 -32.0632993698294
    vertex -7.00074896423914 14.1437861811254 -32.0632993698293
  endloop
endfacet
facet normal -3.42822865794759e-015 -0.130526192220033 0.991444861373813
  outer loop
    vertex 3.7096480058727 -0.286404605178536 -37.8474812701595
    vertex 4.6240480058727 -0.00372244411753355 -37.8102654576324
    vertex 3.7096480058727 -0.00372244411752509 -37.8102654576324
  endloop
endfacet
facet normal -3.42822865794759e-015 -0.130526192220033 0.991444861373813
  outer loop
    vertex 4.6240480058727 -0.00372244411753355 -37.8102654576324
    vertex 3.7096480058727 -0.286404605178536 -37.8474812701595
    vertex 4.62404800587269 -0.286404605178544 -37.8474812701595
  endloop
endfacet
facet normal 1.84276871518467e-015 -0.130526192220034 -0.991444861373813
  outer loop
    vertex 3.70964800587271 -0.00372244411754201 -39.9946654576324
    vertex 4.62404800587271 -0.286404605178536 -39.9574496451053
    vertex 3.7096480058727 -0.286404605178536 -39.9574496451053
  endloop
endfacet
facet normal 1.84276871518467e-015 -0.130526192220034 -0.991444861373813
  outer loop
    vertex 4.62404800587271 -0.286404605178536 -39.9574496451053
    vertex 3.70964800587271 -0.00372244411754201 -39.9946654576324
    vertex 4.62404800587271 -0.00372244411754483 -39.9946654576324
  endloop
endfacet
facet normal -2.16510439047976e-015 -0.131731901383734 0.991285380784881
  outer loop
    vertex 3.70964800587267 -1.64820542093222 -32.7640183601255
    vertex 7.00324497598457 -0.00314073956885239 -32.5454057359752
    vertex 3.70964800587265 -0.00314073956886085 -32.5454057359752
  endloop
endfacet
facet normal -2.16510439047976e-015 -0.131731901383734 0.991285380784881
  outer loop
    vertex 7.00324497598457 -0.00314073956885239 -32.5454057359752
    vertex 3.70964800587267 -1.64820542093222 -32.7640183601255
    vertex 7.00324497598457 -1.6482054209322 -32.7640183601255
  endloop
endfacet
facet normal 4.85962213773183e-015 0.991444861373813 -0.130526192220034
  outer loop
    vertex 3.70964800587271 1.08847755588244 -38.9024654576324
    vertex 4.62404800587271 1.05126174335536 -39.1851476186934
    vertex 3.70964800587271 1.05126174335536 -39.1851476186934
  endloop
endfacet
facet normal 4.85962213773183e-015 0.991444861373813 -0.130526192220034
  outer loop
    vertex 4.62404800587271 1.05126174335536 -39.1851476186934
    vertex 3.70964800587271 1.08847755588244 -38.9024654576324
    vertex 4.62404800587271 1.08847755588244 -38.9024654576324
  endloop
endfacet
facet normal 4.1610826755372e-015 0.991444861373797 0.130526192220151
  outer loop
    vertex 3.70964800587271 1.08847755588244 -38.9024654576324
    vertex 4.62404800587271 1.05126174335536 -38.6197832965716
    vertex 4.62404800587271 1.08847755588244 -38.9024654576324
  endloop
endfacet
facet normal 4.1610826755372e-015 0.991444861373797 0.130526192220151
  outer loop
    vertex 4.62404800587271 1.05126174335536 -38.6197832965716
    vertex 3.70964800587271 1.08847755588244 -38.9024654576324
    vertex 3.70964800587271 1.05126174335536 -38.6197832965716
  endloop
endfacet
facet normal -4.95382470872405e-015 -0.9238795325114 0.382683432364816
  outer loop
    vertex 4.62404800587269 -1.05870663159047 -38.6197832965716
    vertex 3.70964800587269 -0.94959539013091 -38.3563654576324
    vertex 3.70964800587269 -1.05870663159047 -38.6197832965716
  endloop
endfacet
facet normal -4.95382470872405e-015 -0.9238795325114 0.382683432364816
  outer loop
    vertex 3.70964800587269 -0.94959539013091 -38.3563654576324
    vertex 4.62404800587269 -1.05870663159047 -38.6197832965716
    vertex 4.62404800587269 -0.949595390130922 -38.3563654576324
  endloop
endfacet
facet normal 2.60365433213112e-015 0.609725863479533 0.792612371468007
  outer loop
    vertex 7.00324497598462 3.18150311707024 -33.4009560097071
    vertex 3.70964800587272 4.49686460992437 -34.4128124364908
    vertex 3.7096480058727 3.18150311707027 -33.4009560097071
  endloop
endfacet
facet normal 2.60365433213112e-015 0.609725863479533 0.792612371468007
  outer loop
    vertex 3.70964800587272 4.49686460992437 -34.4128124364908
    vertex 7.00324497598462 3.18150311707024 -33.4009560097071
    vertex 7.00324497598463 4.49686460992434 -34.4128124364908
  endloop
endfacet
facet normal 7.4740960739165e-015 0.882309609781442 -0.470669472652857
  outer loop
    vertex -7.00074896423932 -15.9817556320548 -46.128186513818
    vertex 7.00324497598467 -16.108464186954 -46.3053163552395
    vertex -7.00074896423931 -16.1084641869539 -46.3053163552395
  endloop
endfacet
facet normal 7.11875796401601e-015 0.730427415399998 -0.68299032996967
  outer loop
    vertex 7.00324497598467 -16.108464186954 -46.3053163552395
    vertex -7.00074896423932 -15.9817556320548 -46.128186513818
    vertex 7.00324497598466 -15.9817556320549 -46.128186513818
  endloop
endfacet
facet normal 6.57801451311734e-015 0.793353340291514 -0.608761429008358
  outer loop
    vertex 3.70964800587271 0.768579582294388 -39.6747674840445
    vertex 4.62404800587271 0.942150501895807 -39.4485654576324
    vertex 4.62404800587271 0.768579582294382 -39.6747674840446
  endloop
endfacet
facet normal 6.57801451311734e-015 0.793353340291514 -0.608761429008358
  outer loop
    vertex 4.62404800587271 0.942150501895807 -39.4485654576324
    vertex 3.70964800587271 0.768579582294388 -39.6747674840445
    vertex 3.70964800587271 0.942150501895812 -39.4485654576324
  endloop
endfacet
facet normal 8.17238633615534e-016 -0.382683432365187 -0.923879532511246
  outer loop
    vertex 3.7096480058727 -0.286404605178536 -39.9574496451053
    vertex 4.62404800587271 -0.549822444117569 -39.8483384036457
    vertex 3.7096480058727 -0.549822444117569 -39.8483384036457
  endloop
endfacet
facet normal 8.17238633615534e-016 -0.382683432365187 -0.923879532511246
  outer loop
    vertex 4.62404800587271 -0.549822444117569 -39.8483384036457
    vertex 3.7096480058727 -0.286404605178536 -39.9574496451053
    vertex 4.62404800587271 -0.286404605178536 -39.9574496451053
  endloop
endfacet
facet normal 1.09862935485003e-015 0.793353340291172 0.608761429008803
  outer loop
    vertex 3.7096480058727 0.768579582294385 -38.1301634312205
    vertex 4.62404800587271 0.942150501895801 -38.3563654576324
    vertex 3.7096480058727 0.942150501895818 -38.3563654576324
  endloop
endfacet
facet normal 1.09862935485003e-015 0.793353340291172 0.608761429008803
  outer loop
    vertex 4.62404800587271 0.942150501895801 -38.3563654576324
    vertex 3.7096480058727 0.768579582294385 -38.1301634312205
    vertex 4.6240480058727 0.768579582294379 -38.1301634312205
  endloop
endfacet
facet normal -6.4060019870082e-015 -0.609725863479533 0.792612371468007
  outer loop
    vertex -3.70715199412735 -4.49599626480124 -34.4128124364908
    vertex -7.00074896423927 -3.18063477194713 -33.4009560097071
    vertex -7.00074896423928 -4.49599626480121 -34.4128124364908
  endloop
endfacet
facet normal -6.4060019870082e-015 -0.609725863479533 0.792612371468007
  outer loop
    vertex -7.00074896423927 -3.18063477194713 -33.4009560097071
    vertex -3.70715199412735 -4.49599626480124 -34.4128124364908
    vertex -3.70715199412734 -3.18063477194717 -33.4009560097071
  endloop
endfacet
facet normal 2.11471052309551e-015 -4.18952084764224e-015 1.0
  outer loop
    vertex -3.57174896423917 8.15383417256157 -38.6630458891812
    vertex -6.23874896423917 9.50003417256155 -38.6630458891811
    vertex -6.23874896423917 8.1538341725616 -38.6630458891811
  endloop
endfacet
facet normal 2.11471052309551e-015 -4.18952084764224e-015 1.0
  outer loop
    vertex -6.23874896423917 9.50003417256155 -38.6630458891811
    vertex -3.57174896423917 8.15383417256157 -38.6630458891812
    vertex -3.57174896423917 9.50003417256154 -38.6630458891811
  endloop
endfacet
facet normal 1.0 -7.34237378014395e-015 3.55771311460782e-015
  outer loop
    vertex -6.23874896423919 7.2544050540871 -37.9134324809908
    vertex -6.23874896423921 7.23943417256157 -32.0632993698291
    vertex -6.23874896423919 7.23943417256156 -37.7486458891812
  endloop
endfacet
facet normal 1.0 -7.34237378014395e-015 3.55771311460782e-015
  outer loop
    vertex -6.23874896423921 7.23943417256157 -32.0632993698291
    vertex -6.23874896423919 7.2544050540871 -37.9134324809908
    vertex -6.23874896423918 10.4144341725616 -32.0632993698291
  endloop
endfacet
facet normal 1.0 -7.34237378014395e-015 3.55771311460782e-015
  outer loop
    vertex -6.23874896423918 10.4144341725616 -32.0632993698291
    vertex -6.23874896423919 7.2544050540871 -37.9134324809908
    vertex -6.23874896423919 7.32770226644853 -38.1406068996172
  endloop
endfacet
facet normal 1.0 -7.34237378014395e-015 3.55771311460782e-015
  outer loop
    vertex -6.23874896423918 10.4144341725616 -32.0632993698291
    vertex -6.23874896423919 7.32770226644853 -38.1406068996172
    vertex -6.23874896423919 7.45729900296409 -38.3410698231285
  endloop
endfacet
facet normal 1.0 -7.34237378014395e-015 3.55771311460782e-015
  outer loop
    vertex -6.23874896423918 10.4144341725616 -32.0632993698291
    vertex -6.23874896423919 7.45729900296409 -38.3410698231285
    vertex -6.23874896423918 7.63436346020885 -38.5011600345682
  endloop
endfacet
facet normal 1.0 -7.34237378014395e-015 3.55771311460782e-015
  outer loop
    vertex -6.23874896423918 10.4144341725616 -32.0632993698291
    vertex -6.23874896423918 7.63436346020885 -38.5011600345682
    vertex -6.23874896423918 7.84682898803458 -38.6099676505883
  endloop
endfacet
facet normal 1.0 -7.34237378014395e-015 3.55771311460782e-015
  outer loop
    vertex -6.23874896423918 10.4144341725616 -32.0632993698291
    vertex -6.23874896423918 7.84682898803458 -38.6099676505883
    vertex -6.23874896423918 8.08021641183569 -38.6600776119699
  endloop
endfacet
facet normal 1.0 -7.34237378014395e-015 3.55771311460782e-015
  outer loop
    vertex -6.23874896423918 10.4144341725616 -32.0632993698291
    vertex -6.23874896423918 8.08021641183569 -38.6600776119699
    vertex -6.23874896423917 8.1538341725616 -38.6630458891811
  endloop
endfacet
facet normal 1.0 -7.34237378014395e-015 3.55771311460782e-015
  outer loop
    vertex -6.23874896423918 10.4144341725616 -32.0632993698291
    vertex -6.23874896423917 8.1538341725616 -38.6630458891811
    vertex -6.23874896423917 9.50003417256155 -38.6630458891811
  endloop
endfacet
facet normal 1.0 -7.34237378014395e-015 3.55771311460782e-015
  outer loop
    vertex -6.23874896423918 10.4144341725616 -32.0632993698291
    vertex -6.23874896423917 9.50003417256155 -38.6630458891811
    vertex -6.23874896423917 9.73669830740332 -38.63188846474
  endloop
endfacet
facet normal 1.0 -7.34237378014395e-015 3.55771311460782e-015
  outer loop
    vertex -6.23874896423918 10.4144341725616 -32.0632993698291
    vertex -6.23874896423917 9.73669830740332 -38.63188846474
    vertex -6.23874896423917 9.95723417256159 -38.5405395184017
  endloop
endfacet
facet normal 1.0 -7.34237378014395e-015 3.55771311460782e-015
  outer loop
    vertex -6.23874896423918 10.4144341725616 -32.0632993698291
    vertex -6.23874896423917 9.95723417256159 -38.5405395184017
    vertex -6.23874896423916 10.1466126132786 -38.3952243298982
  endloop
endfacet
facet normal 1.0 -7.34237378014395e-015 3.55771311460782e-015
  outer loop
    vertex -6.23874896423918 10.4144341725616 -32.0632993698291
    vertex -6.23874896423916 10.1466126132786 -38.3952243298982
    vertex -6.23874896423917 10.2919278017821 -38.2058458891812
  endloop
endfacet
facet normal 1.0 -7.34237378014395e-015 3.55771311460782e-015
  outer loop
    vertex -6.23874896423918 10.4144341725616 -32.0632993698291
    vertex -6.23874896423917 10.2919278017821 -38.2058458891812
    vertex -6.23874896423916 10.3832767481203 -37.9853100240229
  endloop
endfacet
facet normal 1.0 -7.34237378014395e-015 3.55771311460782e-015
  outer loop
    vertex -6.23874896423918 10.4144341725616 -32.0632993698291
    vertex -6.23874896423916 10.3832767481203 -37.9853100240229
    vertex -6.23874896423916 10.4144341725615 -37.7486458891812
  endloop
endfacet
facet normal -2.11471052309552e-015 1.0 -5.95207304873855e-015
  outer loop
    vertex -6.23874896423918 10.4144341725616 -32.0632993698291
    vertex -3.57174896423917 10.4144341725616 -37.7486458891811
    vertex -6.23874896423916 10.4144341725615 -37.7486458891812
  endloop
endfacet
facet normal -2.11471052309552e-015 1.0 -5.95207304873855e-015
  outer loop
    vertex -3.57174896423917 10.4144341725616 -37.7486458891811
    vertex -6.23874896423918 10.4144341725616 -32.0632993698291
    vertex -3.57174896423919 10.4144341725616 -32.0632993698291
  endloop
endfacet
facet normal 2.11471052309554e-015 1.0 -1.98402434957949e-015
  outer loop
    vertex -6.23874896423919 7.23943417256156 -37.7486458891812
    vertex -3.57174896423921 7.23943417256157 -32.0632993698291
    vertex -3.57174896423919 7.23943417256155 -37.7486458891812
  endloop
endfacet
facet normal 2.11471052309554e-015 1.0 -1.98402434957949e-015
  outer loop
    vertex -3.57174896423921 7.23943417256157 -32.0632993698291
    vertex -6.23874896423919 7.23943417256156 -37.7486458891812
    vertex -6.23874896423921 7.23943417256157 -32.0632993698291
  endloop
endfacet
facet normal 1.0 -6.70509841031656e-015 2.86360683986508e-015
  outer loop
    vertex -3.57174896423918 7.25440505408708 -37.9134324809908
    vertex -3.57174896423921 7.23943417256157 -32.0632993698291
    vertex -3.57174896423919 7.23943417256155 -37.7486458891812
  endloop
endfacet
facet normal 1.0 -6.70509841031656e-015 2.86360683986508e-015
  outer loop
    vertex -3.57174896423921 7.23943417256157 -32.0632993698291
    vertex -3.57174896423927 4.69943417256157 -13.353294179683
    vertex -3.57174896423922 4.69943417256156 -32.0632993698291
  endloop
endfacet
facet normal 1.0 -6.70509841031656e-015 2.86360683986508e-015
  outer loop
    vertex -3.57174896423927 4.69943417256157 -13.353294179683
    vertex -3.57174896423921 7.23943417256157 -32.0632993698291
    vertex -3.57174896423916 13.5894341725616 -32.0632993698291
  endloop
endfacet
facet normal 1.0 -6.70509841031656e-015 2.86360683986508e-015
  outer loop
    vertex -3.57174896423916 13.5894341725616 -32.0632993698291
    vertex -3.57174896423921 7.23943417256157 -32.0632993698291
    vertex -3.57174896423919 10.4144341725616 -32.0632993698291
  endloop
endfacet
facet normal 1.0 -6.70509841031656e-015 2.86360683986508e-015
  outer loop
    vertex -3.57174896423919 10.4144341725616 -32.0632993698291
    vertex -3.57174896423921 7.23943417256157 -32.0632993698291
    vertex -3.57174896423918 7.25440505408708 -37.9134324809908
  endloop
endfacet
facet normal 1.0 -6.70509841031656e-015 2.86360683986508e-015
  outer loop
    vertex -3.57174896423919 10.4144341725616 -32.0632993698291
    vertex -3.57174896423918 7.25440505408708 -37.9134324809908
    vertex -3.57174896423919 7.32770226644852 -38.1406068996172
  endloop
endfacet
facet normal 1.0 -6.70509841031656e-015 2.86360683986508e-015
  outer loop
    vertex -3.57174896423919 10.4144341725616 -32.0632993698291
    vertex -3.57174896423919 7.32770226644852 -38.1406068996172
    vertex -3.57174896423918 7.45729900296408 -38.3410698231285
  endloop
endfacet
facet normal 1.0 -6.70509841031656e-015 2.86360683986508e-015
  outer loop
    vertex -3.57174896423919 10.4144341725616 -32.0632993698291
    vertex -3.57174896423918 7.45729900296408 -38.3410698231285
    vertex -3.57174896423919 7.63436346020885 -38.5011600345682
  endloop
endfacet
facet normal 1.0 -6.70509841031656e-015 2.86360683986508e-015
  outer loop
    vertex -3.57174896423919 10.4144341725616 -32.0632993698291
    vertex -3.57174896423919 7.63436346020885 -38.5011600345682
    vertex -3.57174896423918 7.84682898803456 -38.6099676505883
  endloop
endfacet
facet normal 1.0 -6.70509841031656e-015 2.86360683986508e-015
  outer loop
    vertex -3.57174896423919 10.4144341725616 -32.0632993698291
    vertex -3.57174896423918 7.84682898803456 -38.6099676505883
    vertex -3.57174896423918 8.02431421549418 -38.6480750076556
  endloop
endfacet
facet normal 1.0 -6.70509841031656e-015 2.86360683986508e-015
  outer loop
    vertex -3.57174896423919 10.4144341725616 -32.0632993698291
    vertex -3.57174896423918 8.02431421549418 -38.6480750076556
    vertex -3.57174896423918 8.08021641183568 -38.6600776119699
  endloop
endfacet
facet normal 1.0 -6.70509841031656e-015 2.86360683986508e-015
  outer loop
    vertex -3.57174896423919 10.4144341725616 -32.0632993698291
    vertex -3.57174896423918 8.08021641183568 -38.6600776119699
    vertex -3.57174896423917 8.15383417256157 -38.6630458891812
  endloop
endfacet
facet normal 1.0 -6.70509841031656e-015 2.86360683986508e-015
  outer loop
    vertex -3.57174896423919 10.4144341725616 -32.0632993698291
    vertex -3.57174896423917 8.15383417256157 -38.6630458891812
    vertex -3.57174896423917 9.50003417256154 -38.6630458891811
  endloop
endfacet
facet normal 1.0 -6.70509841031656e-015 2.86360683986508e-015
  outer loop
    vertex -3.57174896423919 10.4144341725616 -32.0632993698291
    vertex -3.57174896423917 9.50003417256154 -38.6630458891811
    vertex -3.57174896423916 9.73669830740331 -38.6318884647399
  endloop
endfacet
facet normal 1.0 -6.70509841031656e-015 2.86360683986508e-015
  outer loop
    vertex -3.57174896423919 10.4144341725616 -32.0632993698291
    vertex -3.57174896423916 9.73669830740331 -38.6318884647399
    vertex -3.57174896423917 9.95723417256159 -38.5405395184017
  endloop
endfacet
facet normal 1.0 -6.70509841031656e-015 2.86360683986508e-015
  outer loop
    vertex -3.57174896423919 10.4144341725616 -32.0632993698291
    vertex -3.57174896423917 9.95723417256159 -38.5405395184017
    vertex -3.57174896423916 10.1466126132786 -38.3952243298982
  endloop
endfacet
facet normal 1.0 -6.70509841031656e-015 2.86360683986508e-015
  outer loop
    vertex -3.57174896423919 10.4144341725616 -32.0632993698291
    vertex -3.57174896423916 10.1466126132786 -38.3952243298982
    vertex -3.57174896423916 10.2919278017821 -38.2058458891812
  endloop
endfacet
facet normal 1.0 -6.70509841031656e-015 2.86360683986508e-015
  outer loop
    vertex -3.57174896423919 10.4144341725616 -32.0632993698291
    vertex -3.57174896423916 10.2919278017821 -38.2058458891812
    vertex -3.57174896423916 10.3832767481203 -37.9853100240229
  endloop
endfacet
facet normal 1.0 -6.70509841031656e-015 2.86360683986508e-015
  outer loop
    vertex -3.57174896423919 10.4144341725616 -32.0632993698291
    vertex -3.57174896423916 10.3832767481203 -37.9853100240229
    vertex -3.57174896423917 10.4144341725616 -37.7486458891811
  endloop
endfacet
facet normal 6.16517918987424e-017 -0.337218514223131 -0.941426403743353
  outer loop
    vertex -3.70715199412732 0.000434172561559953 -40.6484993698291
    vertex -2.79275199412734 -4.69856582743844 -38.9653196841588
    vertex -3.70715199412733 -4.69856582743844 -38.9653196841588
  endloop
endfacet
facet normal 6.16517918987424e-017 -0.337218514223131 -0.941426403743353
  outer loop
    vertex -2.79275199412734 -4.69856582743844 -38.9653196841588
    vertex -3.70715199412732 0.000434172561559953 -40.6484993698291
    vertex -2.79275199412733 0.000434172561559953 -40.6484993698291
  endloop
endfacet
facet normal 3.4645597165275e-015 -0.337218514223131 -0.941426403743353
  outer loop
    vertex 3.70964800587268 0.000434172561585333 -40.6484993698291
    vertex 2.79524800587269 -4.69856582743844 -38.9653196841588
    vertex 2.79524800587267 0.000434172561582513 -40.6484993698291
  endloop
endfacet
facet normal 3.4645597165275e-015 -0.337218514223131 -0.941426403743353
  outer loop
    vertex 2.79524800587269 -4.69856582743844 -38.9653196841588
    vertex 3.70964800587268 0.000434172561585333 -40.6484993698291
    vertex 3.70964800587269 -4.69856582743844 -38.9653196841588
  endloop
endfacet
facet normal 3.08395284618099e-015 1.0 -0.0
  outer loop
    vertex 2.79524800587269 -4.69856582743843 -38.4573196841588
    vertex 3.70964800587269 -4.69856582743844 -38.9653196841588
    vertex 2.79524800587269 -4.69856582743844 -38.9653196841588
  endloop
endfacet
facet normal 3.08395284618099e-015 1.0 -0.0
  outer loop
    vertex 3.70964800587269 -4.69856582743844 -38.9653196841588
    vertex 2.79524800587269 -4.69856582743843 -38.4573196841588
    vertex 3.70964800587269 -4.69856582743844 -38.4573196841588
  endloop
endfacet
endsolid 1170HandleEthan
