solid xx2247
facet normal 0.608761429008724 0.0 -0.793353340291233
  outer loop
    vertex 0.110308657865101 0.18 -0.110308657865101
    vertex 0.0779999999999999 0.1 -0.135099962990372
    vertex 0.0779999999999999 0.18 -0.135099962990372
  endloop
endfacet
facet normal 0.608761429008724 0.0 -0.793353340291233
  outer loop
    vertex 0.0779999999999999 0.1 -0.135099962990372
    vertex 0.110308657865101 0.18 -0.110308657865101
    vertex 0.110308657865101 0.1 -0.110308657865101
  endloop
endfacet
facet normal -0.944337787084291 2.07541444371002e-031 -0.328977421542489
  outer loop
    vertex 0.174562554594373 -0.384 -0.032874441090423
    vertex 0.177306085790512 -0.4 -0.0407498149273597
    vertex 0.174562554594373 -0.4 -0.032874441090423
  endloop
endfacet
facet normal -0.944337787084291 2.07541444371002e-031 -0.328977421542489
  outer loop
    vertex 0.177306085790512 -0.4 -0.0407498149273597
    vertex 0.174562554594373 -0.384 -0.032874441090423
    vertex 0.177306085790512 -0.384 -0.0407498149273597
  endloop
endfacet
facet normal 0.608761429008725 -1.031281974776e-017 0.793353340291232
  outer loop
    vertex 0.110308657865101 0.1 0.110308657865101
    vertex 0.078 0.18 0.135099962990372
    vertex 0.078 0.1 0.135099962990372
  endloop
endfacet
facet normal 0.608761429008725 -1.031281974776e-017 0.793353340291232
  outer loop
    vertex 0.078 0.18 0.135099962990372
    vertex 0.110308657865101 0.1 0.110308657865101
    vertex 0.110308657865101 0.18 0.110308657865101
  endloop
endfacet
facet normal -0.982708582413439 -2.36578485684547e-031 0.185158964273865
  outer loop
    vertex 0.172412753494455 -0.384 0.0248167223235212
    vertex 0.170868606810016 -0.4 0.0166213524409211
    vertex 0.172412753494455 -0.4 0.0248167223235212
  endloop
endfacet
facet normal -0.982708582413439 -2.36578485684547e-031 0.185158964273865
  outer loop
    vertex 0.170868606810016 -0.4 0.0166213524409211
    vertex 0.172412753494455 -0.384 0.0248167223235212
    vertex 0.170868606810016 -0.384 0.0166213524409211
  endloop
endfacet
facet normal 0.130526192219969 3.92787972067628e-033 0.991444861373821
  outer loop
    vertex 0.0403757710359933 0.1 0.150684428901095
    vertex 0.0317262355639618 0.18 0.151823161848958
    vertex 0.0317262355639618 0.1 0.151823161848958
  endloop
endfacet
facet normal 0.130526192219969 3.92787972067628e-033 0.991444861373821
  outer loop
    vertex 0.0317262355639618 0.18 0.151823161848958
    vertex 0.0403757710359933 0.1 0.150684428901095
    vertex 0.0403757710359933 0.18 0.150684428901095
  endloop
endfacet
facet normal 0.975628340095781 0.177908697311586 -0.128443907690655
  outer loop
    vertex 0.120740728286133 0.35 -0.0323523806378152
    vertex 0.156 0.18 -5.55111512312578e-017
    vertex 0.150684428901095 0.18 -0.0403757710359934
  endloop
endfacet
facet normal 0.975628340095781 0.177908697311586 -0.128443907690655
  outer loop
    vertex 0.156 0.18 -5.55111512312578e-017
    vertex 0.120740728286133 0.35 -0.0323523806378152
    vertex 0.125 0.35 0.0
  endloop
endfacet
facet normal 6.36471827773017e-032 1.0 2.06634072424262e-032
  outer loop
    vertex -0.048399161434171 0.1 -0.180628129516056
    vertex -0.0323523806378153 0.1 -0.151740728286134
    vertex -0.0323523806378152 0.1 -0.182740728286134
  endloop
endfacet
facet normal 6.36471827773017e-032 1.0 2.06634072424262e-032
  outer loop
    vertex -0.0323523806378153 0.1 -0.151740728286134
    vertex -0.048399161434171 0.1 -0.180628129516056
    vertex -0.0934999999999997 0.1 -0.16194675050769
  endloop
endfacet
facet normal 6.36471827773017e-032 1.0 2.06634072424262e-032
  outer loop
    vertex -0.0323523806378153 0.1 -0.151740728286134
    vertex -0.0934999999999997 0.1 -0.16194675050769
    vertex -0.0403757710359933 0.1 -0.150684428901095
  endloop
endfacet
facet normal 6.36471827773017e-032 1.0 2.06634072424262e-032
  outer loop
    vertex -0.0403757710359933 0.1 -0.150684428901095
    vertex -0.0934999999999997 0.1 -0.16194675050769
    vertex -0.132228968081884 0.1 -0.132228968081885
  endloop
endfacet
facet normal 6.36471827773017e-032 1.0 2.06634072424262e-032
  outer loop
    vertex -0.0403757710359933 0.1 -0.150684428901095
    vertex -0.132228968081884 0.1 -0.132228968081885
    vertex -0.0780000000000001 0.1 -0.135099962990372
  endloop
endfacet
facet normal 6.36471827773017e-032 1.0 2.06634072424262e-032
  outer loop
    vertex -0.0780000000000001 0.1 -0.135099962990372
    vertex -0.132228968081884 0.1 -0.132228968081885
    vertex -0.110308657865101 0.1 -0.110308657865101
  endloop
endfacet
facet normal 6.36471827773017e-032 1.0 2.06634072424262e-032
  outer loop
    vertex -0.110308657865101 0.1 -0.110308657865101
    vertex -0.132228968081884 0.1 -0.132228968081885
    vertex -0.16194675050769 0.1 -0.0935000000000004
  endloop
endfacet
facet normal 6.36471827773017e-032 1.0 2.06634072424262e-032
  outer loop
    vertex -0.110308657865101 0.1 -0.110308657865101
    vertex -0.16194675050769 0.1 -0.0935000000000004
    vertex -0.135099962990373 0.1 -0.078
  endloop
endfacet
facet normal 6.36471827773017e-032 1.0 2.06634072424262e-032
  outer loop
    vertex -0.135099962990373 0.1 -0.078
    vertex -0.16194675050769 0.1 -0.0935000000000004
    vertex -0.180628129516056 0.1 -0.0483991614341718
  endloop
endfacet
facet normal 6.36471827773017e-032 1.0 2.06634072424262e-032
  outer loop
    vertex -0.135099962990373 0.1 -0.078
    vertex -0.180628129516056 0.1 -0.0483991614341718
    vertex -0.150684428901095 0.1 -0.0403757710359932
  endloop
endfacet
facet normal 6.36471827773017e-032 1.0 2.06634072424262e-032
  outer loop
    vertex -0.150684428901095 0.1 -0.0403757710359932
    vertex -0.180628129516056 0.1 -0.0483991614341718
    vertex -0.187 0.1 -4.44089209850063e-016
  endloop
endfacet
facet normal 6.36471827773017e-032 1.0 2.06634072424262e-032
  outer loop
    vertex -0.150684428901095 0.1 -0.0403757710359932
    vertex -0.187 0.1 -4.44089209850063e-016
    vertex -0.156 0.1 0.0
  endloop
endfacet
facet normal 6.36471827773017e-032 1.0 2.06634072424262e-032
  outer loop
    vertex -0.156 0.1 0.0
    vertex -0.187 0.1 -4.44089209850063e-016
    vertex -0.180628129516056 0.1 0.0483991614341709
  endloop
endfacet
facet normal 6.36471827773017e-032 1.0 2.06634072424262e-032
  outer loop
    vertex -0.156 0.1 0.0
    vertex -0.180628129516056 0.1 0.0483991614341709
    vertex -0.150684428901095 0.1 0.0403757710359933
  endloop
endfacet
facet normal 6.36471827773017e-032 1.0 2.06634072424262e-032
  outer loop
    vertex -0.150684428901095 0.1 0.0403757710359933
    vertex -0.180628129516056 0.1 0.0483991614341709
    vertex -0.135099962990372 0.1 0.078
  endloop
endfacet
facet normal 6.36471827773017e-032 1.0 2.06634072424262e-032
  outer loop
    vertex -0.135099962990372 0.1 0.078
    vertex -0.180628129516056 0.1 0.0483991614341709
    vertex -0.16194675050769 0.1 0.0934999999999996
  endloop
endfacet
facet normal 6.36471827773017e-032 1.0 2.06634072424262e-032
  outer loop
    vertex -0.135099962990372 0.1 0.078
    vertex -0.16194675050769 0.1 0.0934999999999996
    vertex -0.110308657865101 0.1 0.110308657865101
  endloop
endfacet
facet normal 6.36471827773017e-032 1.0 2.06634072424262e-032
  outer loop
    vertex -0.110308657865101 0.1 0.110308657865101
    vertex -0.16194675050769 0.1 0.0934999999999996
    vertex -0.132228968081885 0.1 0.132228968081884
  endloop
endfacet
facet normal 6.36471827773017e-032 1.0 2.06634072424262e-032
  outer loop
    vertex -0.110308657865101 0.1 0.110308657865101
    vertex -0.132228968081885 0.1 0.132228968081884
    vertex -0.078 0.1 0.135099962990372
  endloop
endfacet
facet normal 6.36471827773017e-032 1.0 2.06634072424262e-032
  outer loop
    vertex -0.078 0.1 0.135099962990372
    vertex -0.132228968081885 0.1 0.132228968081884
    vertex -0.0935000000000005 0.1 0.16194675050769
  endloop
endfacet
facet normal 6.36471827773017e-032 1.0 2.06634072424262e-032
  outer loop
    vertex -0.078 0.1 0.135099962990372
    vertex -0.0935000000000005 0.1 0.16194675050769
    vertex -0.0403757710359933 0.1 0.150684428901095
  endloop
endfacet
facet normal 6.36471827773017e-032 1.0 2.06634072424262e-032
  outer loop
    vertex -0.0403757710359933 0.1 0.150684428901095
    vertex -0.0935000000000005 0.1 0.16194675050769
    vertex -0.0317262355639621 0.1 0.151823161848958
  endloop
endfacet
facet normal 6.36471827773017e-032 1.0 2.06634072424262e-032
  outer loop
    vertex -0.0317262355639621 0.1 0.151823161848958
    vertex -0.0935000000000005 0.1 0.16194675050769
    vertex -0.031726235563962 0.1 0.182823161848958
  endloop
endfacet
facet normal 6.36471827773017e-032 1.0 2.06634072424262e-032
  outer loop
    vertex -0.031726235563962 0.1 0.182823161848958
    vertex -0.0935000000000005 0.1 0.16194675050769
    vertex -0.048399161434172 0.1 0.180628129516056
  endloop
endfacet
facet normal -0.382683432365106 6.48290951163228e-018 -0.92387953251128
  outer loop
    vertex -0.0403757710359933 0.18 -0.150684428901095
    vertex -0.0780000000000001 0.1 -0.135099962990372
    vertex -0.0780000000000001 0.18 -0.135099962990372
  endloop
endfacet
facet normal -0.382683432365106 6.48290951163228e-018 -0.92387953251128
  outer loop
    vertex -0.0780000000000001 0.1 -0.135099962990372
    vertex -0.0403757710359933 0.18 -0.150684428901095
    vertex -0.0403757710359933 0.1 -0.150684428901095
  endloop
endfacet
facet normal 0.991444861373812 1.19340834170542e-031 0.130526192220043
  outer loop
    vertex 0.156 0.18 -5.55111512312578e-017
    vertex 0.150684428901095 0.1 0.0403757710359932
    vertex 0.156 0.1 -5.55111512312578e-017
  endloop
endfacet
facet normal 0.991444861373812 1.19340834170542e-031 0.130526192220043
  outer loop
    vertex 0.150684428901095 0.1 0.0403757710359932
    vertex 0.156 0.18 -5.55111512312578e-017
    vertex 0.150684428901095 0.18 0.0403757710359932
  endloop
endfacet
facet normal 0.909140881020317 0.177908697311585 -0.376578483026443
  outer loop
    vertex 0.108253175473055 0.35 -0.0625000000000001
    vertex 0.150684428901095 0.18 -0.0403757710359934
    vertex 0.135099962990372 0.18 -0.0780000000000001
  endloop
endfacet
facet normal 0.909140881020317 0.177908697311585 -0.376578483026443
  outer loop
    vertex 0.150684428901095 0.18 -0.0403757710359934
    vertex 0.108253175473055 0.35 -0.0625000000000001
    vertex 0.120740728286133 0.35 -0.0323523806378152
  endloop
endfacet
facet normal 0.0 -0.707106781186548 -0.707106781186548
  outer loop
    vertex 0.0317262355639618 0.725 0.374590474721742
    vertex -0.0320393081008886 0.85 0.249590474721742
    vertex 0.0318305930762707 0.85 0.249590474721742
  endloop
endfacet
facet normal 0.0 -0.707106781186548 -0.707106781186548
  outer loop
    vertex -0.0320393081008886 0.85 0.249590474721742
    vertex 0.0317262355639618 0.725 0.374590474721742
    vertex -0.0320393081008886 0.725 0.374590474721742
  endloop
endfacet
facet normal 0.0 -1.0 0.0
  outer loop
    vertex 0.0318305930762707 0.85 0.249590474721742
    vertex -0.0320393081008886 0.85 -0.250409568840196
    vertex 0.0322480231618743 0.85 -0.250409568840196
  endloop
endfacet
facet normal 0.0 -1.0 0.0
  outer loop
    vertex -0.0320393081008886 0.85 -0.250409568840196
    vertex 0.0318305930762707 0.85 0.249590474721742
    vertex -0.0320393081008886 0.85 0.249590474721742
  endloop
endfacet
facet normal -0.975628340095783 0.177908697311583 0.128443907690644
  outer loop
    vertex -0.120740728286134 0.35 0.0323523806378151
    vertex -0.156 0.18 0.0
    vertex -0.150684428901095 0.18 0.0403757710359933
  endloop
endfacet
facet normal -0.975628340095783 0.177908697311583 0.128443907690644
  outer loop
    vertex -0.156 0.18 0.0
    vertex -0.120740728286134 0.35 0.0323523806378151
    vertex -0.125 0.35 0.0
  endloop
endfacet
facet normal 0.909140881020317 0.177908697311584 0.376578483026443
  outer loop
    vertex 0.120740728286133 0.35 0.0323523806378151
    vertex 0.135099962990372 0.18 0.0779999999999999
    vertex 0.150684428901095 0.18 0.0403757710359932
  endloop
endfacet
facet normal 0.909140881020317 0.177908697311584 0.376578483026443
  outer loop
    vertex 0.135099962990372 0.18 0.0779999999999999
    vertex 0.120740728286133 0.35 0.0323523806378151
    vertex 0.108253175473055 0.35 0.0625
  endloop
endfacet
facet normal -0.79335334029122 1.03128197477602e-017 -0.608761429008741
  outer loop
    vertex -0.135099962990373 0.18 -0.078
    vertex -0.110308657865101 0.1 -0.110308657865101
    vertex -0.135099962990373 0.1 -0.078
  endloop
endfacet
facet normal -0.79335334029122 1.03128197477602e-017 -0.608761429008741
  outer loop
    vertex -0.110308657865101 0.1 -0.110308657865101
    vertex -0.135099962990373 0.18 -0.078
    vertex -0.110308657865101 0.18 -0.110308657865101
  endloop
endfacet
facet normal 1.34558936555194e-017 -0.707106657974748 0.707106904398325
  outer loop
    vertex 0.032352380637815 0.725 -0.375409525278258
    vertex -0.0320393081008886 0.85 -0.250409568840196
    vertex -0.0320393081008886 0.725 -0.375409525278258
  endloop
endfacet
facet normal 1.34558936555194e-017 -0.707106657974748 0.707106904398325
  outer loop
    vertex -0.0320393081008886 0.85 -0.250409568840196
    vertex 0.032352380637815 0.725 -0.375409525278258
    vertex 0.0322480231618743 0.85 -0.250409568840196
  endloop
endfacet
facet normal 0.999999239488149 -7.01043929980282e-020 -0.00123329766220799
  outer loop
    vertex -0.0320393081008886 0.725 0.374590474721742
    vertex -0.0320393081008886 0.35 0.374590474721742
    vertex -0.0323523806378151 0.35 0.120740728286134
  endloop
endfacet
facet normal -0.00137092692179555 0.707459780716551 0.70675227571467
  outer loop
    vertex 0.032352380637815 0.1 -0.250284392147069
    vertex 0.032352380637815 0.225 -0.375409525278258
    vertex -0.0322424235822867 0.1 -0.250409690301962
  endloop
endfacet
facet normal -0.99376355989807 2.39239874706069e-031 0.111507789049531
  outer loop
    vertex 0.170868606810016 -0.384 0.0166213524409211
    vertex 0.169938679472038 -0.4 0.00833378876745372
    vertex 0.170868606810016 -0.4 0.0166213524409211
  endloop
endfacet
facet normal -0.99376355989807 2.39239874706069e-031 0.111507789049531
  outer loop
    vertex 0.169938679472038 -0.4 0.00833378876745372
    vertex 0.170868606810016 -0.384 0.0166213524409211
    vertex 0.169938679472038 -0.384 0.00833378876745372
  endloop
endfacet
facet normal -1.10939749845858e-016 0.707106314428565 0.707107247944222
  outer loop
    vertex 0.032352380637815 0.225 -0.375409525278258
    vertex -0.0320393081008886 0.225 -0.375409525278258
    vertex -0.0322424235822867 0.1 -0.250409690301962
  endloop
endfacet
facet normal -0.0 -0.0 1.0
  outer loop
    vertex 0.032352380637815 0.225 -0.375409525278258
    vertex -0.0320393081008886 0.725 -0.375409525278258
    vertex -0.0320393081008886 0.225 -0.375409525278258
  endloop
endfacet
facet normal -0.0 -0.0 1.0
  outer loop
    vertex -0.0320393081008886 0.725 -0.375409525278258
    vertex 0.032352380637815 0.225 -0.375409525278258
    vertex 0.032352380637815 0.725 -0.375409525278258
  endloop
endfacet
facet normal 1.0 9.17399337270256e-032 3.13369402111939e-015
  outer loop
    vertex -0.0323523806378153 0.18 -0.151740728286134
    vertex -0.0323523806378153 0.1 -0.151740728286134
    vertex -0.0323523806378152 0.1 -0.182740728286134
  endloop
endfacet
facet normal -0.999998606020147 -0.00166971786938609 4.02841492328345e-016
  outer loop
    vertex 0.0317262355639618 0.725 0.374590474721742
    vertex 0.032352380637815 0.35 -0.120740728286134
    vertex 0.0323523806378151 0.35 0.120740728286134
  endloop
endfacet
facet normal 0.376578483026454 0.177908697311582 0.909140881020313
  outer loop
    vertex 0.0403757710359933 0.18 0.150684428901095
    vertex 0.0624999999999999 0.35 0.108253175473055
    vertex 0.0323523806378151 0.35 0.120740728286134
  endloop
endfacet
facet normal 0.376578483026454 0.177908697311582 0.909140881020313
  outer loop
    vertex 0.0624999999999999 0.35 0.108253175473055
    vertex 0.0403757710359933 0.18 0.150684428901095
    vertex 0.078 0.18 0.135099962990372
  endloop
endfacet
facet normal -0.909140881020313 0.177908697311582 0.376578483026453
  outer loop
    vertex -0.108253175473055 0.35 0.0625
    vertex -0.150684428901095 0.18 0.0403757710359933
    vertex -0.135099962990372 0.18 0.078
  endloop
endfacet
facet normal -0.909140881020313 0.177908697311582 0.376578483026453
  outer loop
    vertex -0.150684428901095 0.18 0.0403757710359933
    vertex -0.108253175473055 0.35 0.0625
    vertex -0.120740728286134 0.35 0.0323523806378151
  endloop
endfacet
facet normal -0.778539251813756 -1.35610820956103e-018 0.627595915685625
  outer loop
    vertex 0.114623145602579 -0.288 -0.12637642326849
    vertex 0.10940399204963 -0.4 -0.13285083745867
    vertex 0.114623145602579 -0.4 -0.12637642326849
  endloop
endfacet
facet normal -0.778539251813756 -1.35610820956103e-018 0.627595915685625
  outer loop
    vertex 0.10940399204963 -0.4 -0.13285083745867
    vertex 0.114623145602579 -0.288 -0.12637642326849
    vertex 0.10940399204963 -0.288 -0.13285083745867
  endloop
endfacet
facet normal -0.0 -0.0 1.0
  outer loop
    vertex 0.0317262355639618 -0.36 0.227
    vertex -0.0317262355639621 -0.27 0.227
    vertex -0.0317262355639621 -0.36 0.227
  endloop
endfacet
facet normal -0.0 -0.0 1.0
  outer loop
    vertex -0.0317262355639621 -0.27 0.227
    vertex 0.0317262355639618 -0.36 0.227
    vertex 0.0317262355639618 -0.27 0.227
  endloop
endfacet
facet normal 0.78069697332966 0.177908697311581 -0.599049857069347
  outer loop
    vertex 0.0883883476483184 0.35 -0.0883883476483185
    vertex 0.135099962990372 0.18 -0.0780000000000001
    vertex 0.110308657865101 0.18 -0.110308657865101
  endloop
endfacet
facet normal 0.78069697332966 0.177908697311581 -0.599049857069347
  outer loop
    vertex 0.135099962990372 0.18 -0.0780000000000001
    vertex 0.0883883476483184 0.35 -0.0883883476483185
    vertex 0.108253175473055 0.35 -0.0625000000000001
  endloop
endfacet
facet normal 0.0 1.0 0.0
  outer loop
    vertex 0.177306085790512 -0.384 -0.0407498149273597
    vertex 0.187 -0.384 3.88578058618805e-016
    vertex 0.180628129516056 -0.384 -0.0483991614341713
  endloop
endfacet
facet normal 0.0 1.0 0.0
  outer loop
    vertex 0.187 -0.384 3.88578058618805e-016
    vertex 0.177306085790512 -0.384 -0.0407498149273597
    vertex 0.174562554594373 -0.384 -0.032874441090423
  endloop
endfacet
facet normal 0.0 1.0 0.0
  outer loop
    vertex 0.187 -0.384 3.88578058618805e-016
    vertex 0.174562554594373 -0.384 -0.032874441090423
    vertex 0.172412753494455 -0.384 -0.0248167223235209
  endloop
endfacet
facet normal 0.0 1.0 0.0
  outer loop
    vertex 0.187 -0.384 3.88578058618805e-016
    vertex 0.172412753494455 -0.384 -0.0248167223235209
    vertex 0.170868606810016 -0.384 -0.0166213524409207
  endloop
endfacet
facet normal 0.0 1.0 0.0
  outer loop
    vertex 0.187 -0.384 3.88578058618805e-016
    vertex 0.170868606810016 -0.384 -0.0166213524409207
    vertex 0.169938679472038 -0.384 -0.00833378876745333
  endloop
endfacet
facet normal 0.0 1.0 0.0
  outer loop
    vertex 0.187 -0.384 3.88578058618805e-016
    vertex 0.169938679472038 -0.384 -0.00833378876745333
    vertex 0.169628129516056 -0.384 1.66533453693773e-016
  endloop
endfacet
facet normal 0.0 1.0 0.0
  outer loop
    vertex 0.187 -0.384 3.88578058618805e-016
    vertex 0.169628129516056 -0.384 1.66533453693773e-016
    vertex 0.169938679472038 -0.384 0.00833378876745372
  endloop
endfacet
facet normal 0.0 1.0 0.0
  outer loop
    vertex 0.187 -0.384 3.88578058618805e-016
    vertex 0.169938679472038 -0.384 0.00833378876745372
    vertex 0.180628129516056 -0.384 0.0483991614341717
  endloop
endfacet
facet normal 0.0 1.0 0.0
  outer loop
    vertex 0.180628129516056 -0.384 0.0483991614341717
    vertex 0.169938679472038 -0.384 0.00833378876745372
    vertex 0.170868606810016 -0.384 0.0166213524409211
  endloop
endfacet
facet normal 0.0 1.0 0.0
  outer loop
    vertex 0.180628129516056 -0.384 0.0483991614341717
    vertex 0.170868606810016 -0.384 0.0166213524409211
    vertex 0.172412753494455 -0.384 0.0248167223235212
  endloop
endfacet
facet normal 0.0 1.0 0.0
  outer loop
    vertex 0.180628129516056 -0.384 0.0483991614341717
    vertex 0.172412753494455 -0.384 0.0248167223235212
    vertex 0.174562554594373 -0.384 0.0328744410904233
  endloop
endfacet
facet normal 0.0 1.0 0.0
  outer loop
    vertex 0.180628129516056 -0.384 0.0483991614341717
    vertex 0.174562554594373 -0.384 0.0328744410904233
    vertex 0.177306085790512 -0.384 0.0407498149273601
  endloop
endfacet
facet normal 0.599049857069344 0.177908697311581 -0.780696973329662
  outer loop
    vertex 0.0883883476483184 0.35 -0.0883883476483185
    vertex 0.0779999999999999 0.18 -0.135099962990372
    vertex 0.0624999999999999 0.35 -0.108253175473055
  endloop
endfacet
facet normal 0.599049857069344 0.177908697311581 -0.780696973329662
  outer loop
    vertex 0.0779999999999999 0.18 -0.135099962990372
    vertex 0.0883883476483184 0.35 -0.0883883476483185
    vertex 0.110308657865101 0.18 -0.110308657865101
  endloop
endfacet
facet normal -0.0 1.0 -0.0
  outer loop
    vertex 0.0323523806378151 0.35 0.120740728286134
    vertex 0.0624999999999999 0.35 -0.108253175473055
    vertex 0.032352380637815 0.35 -0.120740728286134
  endloop
endfacet
facet normal -0.0 1.0 -0.0
  outer loop
    vertex 0.0624999999999999 0.35 -0.108253175473055
    vertex 0.0323523806378151 0.35 0.120740728286134
    vertex 0.0883883476483184 0.35 -0.0883883476483185
  endloop
endfacet
facet normal -0.0 1.0 -0.0
  outer loop
    vertex 0.0883883476483184 0.35 -0.0883883476483185
    vertex 0.0323523806378151 0.35 0.120740728286134
    vertex 0.108253175473055 0.35 -0.0625000000000001
  endloop
endfacet
facet normal -0.0 1.0 -0.0
  outer loop
    vertex 0.108253175473055 0.35 -0.0625000000000001
    vertex 0.0323523806378151 0.35 0.120740728286134
    vertex 0.120740728286133 0.35 -0.0323523806378152
  endloop
endfacet
facet normal -0.0 1.0 -0.0
  outer loop
    vertex 0.120740728286133 0.35 -0.0323523806378152
    vertex 0.0323523806378151 0.35 0.120740728286134
    vertex 0.125 0.35 0.0
  endloop
endfacet
facet normal -0.0 1.0 -0.0
  outer loop
    vertex 0.125 0.35 0.0
    vertex 0.0323523806378151 0.35 0.120740728286134
    vertex 0.120740728286133 0.35 0.0323523806378151
  endloop
endfacet
facet normal -0.0 1.0 -0.0
  outer loop
    vertex 0.120740728286133 0.35 0.0323523806378151
    vertex 0.0323523806378151 0.35 0.120740728286134
    vertex 0.108253175473055 0.35 0.0625
  endloop
endfacet
facet normal -0.0 1.0 -0.0
  outer loop
    vertex 0.108253175473055 0.35 0.0625
    vertex 0.0323523806378151 0.35 0.120740728286134
    vertex 0.0883883476483184 0.35 0.0883883476483184
  endloop
endfacet
facet normal -0.0 1.0 -0.0
  outer loop
    vertex 0.0883883476483184 0.35 0.0883883476483184
    vertex 0.0323523806378151 0.35 0.120740728286134
    vertex 0.0624999999999999 0.35 0.108253175473055
  endloop
endfacet
facet normal -0.0 1.0 -0.0
  outer loop
    vertex -0.0323523806378152 0.1 -0.182740728286134
    vertex 0.032352380637815 0.1 -0.250284392147069
    vertex -0.0322424235822867 0.1 -0.250409690301962
  endloop
endfacet
facet normal -0.0 1.0 -0.0
  outer loop
    vertex 0.032352380637815 0.1 -0.250284392147069
    vertex -0.0323523806378152 0.1 -0.182740728286134
    vertex 3.60822483003176e-016 0.1 -0.187
  endloop
endfacet
facet normal -0.0 1.0 -0.0
  outer loop
    vertex 0.032352380637815 0.1 -0.182740728286134
    vertex 0.032352380637815 0.1 -0.250284392147069
    vertex 3.60822483003176e-016 0.1 -0.187
  endloop
endfacet
facet normal -0.999996957963007 -2.80416932211885e-019 -0.00246658969681363
  outer loop
    vertex 0.0317262355639618 0.725 0.374590474721742
    vertex 0.0323523806378151 0.35 0.120740728286134
    vertex 0.0317262355639618 0.35 0.374590474721742
  endloop
endfacet
facet normal 5.72045392638415e-018 -0.218150809961682 0.975915070133187
  outer loop
    vertex -0.0317262355639621 -0.15 0.262823161848958
    vertex 0.0317262355639618 0.35 0.374590474721742
    vertex -0.0320393081008886 0.35 0.374590474721742
  endloop
endfacet
facet normal 5.72045392638415e-018 -0.218150809961682 0.975915070133187
  outer loop
    vertex 0.0317262355639618 0.35 0.374590474721742
    vertex -0.0317262355639621 -0.15 0.262823161848958
    vertex 0.0317262355639618 -0.15 0.262823161848958
  endloop
endfacet
facet normal 0.999993261666973 0.00345768935990314 -0.0012332902897695
  outer loop
    vertex -0.0320393081008886 0.35 0.374590474721742
    vertex -0.0317262355639621 0.18 0.151823161848958
    vertex -0.0323523806378151 0.35 0.120740728286134
  endloop
endfacet
facet normal 0.99999173443177 -0.00323219228533759 0.0024665768124661
  outer loop
    vertex 0.0317262355639618 0.35 0.374590474721742
    vertex 0.0317262355639618 0.18 0.151823161848958
    vertex 0.0323523806378151 0.35 0.120740728286134
  endloop
endfacet
facet normal -0.917234800842555 2.39746370580433e-032 -0.398346984579171
  outer loop
    vertex 0.177306085790512 -0.384 -0.0407498149273597
    vertex 0.180628129516056 -0.4 -0.0483991614341713
    vertex 0.177306085790512 -0.4 -0.0407498149273597
  endloop
endfacet
facet normal -0.917234800842555 2.39746370580433e-032 -0.398346984579171
  outer loop
    vertex 0.180628129516056 -0.4 -0.0483991614341713
    vertex 0.177306085790512 -0.384 -0.0407498149273597
    vertex 0.180628129516056 -0.384 -0.0483991614341713
  endloop
endfacet
facet normal 1.0 -0.0 -0.0
  outer loop
    vertex 0.0317262355639618 0.18 0.151823161848958
    vertex 0.0317262355639618 0.1 0.182823161848958
    vertex 0.0317262355639618 0.1 0.151823161848958
  endloop
endfacet
facet normal 1.0 -0.0 -0.0
  outer loop
    vertex 0.0317262355639618 0.1 0.182823161848958
    vertex 0.0317262355639618 -0.15 0.262823161848958
    vertex 0.0317262355639618 -0.15 0.182823161848958
  endloop
endfacet
facet normal 1.0 -0.0 -0.0
  outer loop
    vertex 0.0317262355639618 -0.15 0.262823161848958
    vertex 0.0317262355639618 0.1 0.182823161848958
    vertex 0.0317262355639618 0.35 0.374590474721742
  endloop
endfacet
facet normal 1.0 -0.0 -0.0
  outer loop
    vertex 0.0317262355639618 0.35 0.374590474721742
    vertex 0.0317262355639618 0.1 0.182823161848958
    vertex 0.0317262355639618 0.18 0.151823161848958
  endloop
endfacet
facet normal 1.0 -0.0 -0.0
  outer loop
    vertex 0.0317262355639618 -0.27 0.182823161848958
    vertex 0.0317262355639618 -0.36 0.227
    vertex 0.0317262355639618 -0.36 0.182823161848958
  endloop
endfacet
facet normal 1.0 -0.0 -0.0
  outer loop
    vertex 0.0317262355639618 -0.36 0.227
    vertex 0.0317262355639618 -0.27 0.182823161848958
    vertex 0.0317262355639618 -0.27 0.227
  endloop
endfacet
facet normal -0.0 1.0 -0.0
  outer loop
    vertex -0.0483991614341713 -0.352 -0.180628129516056
    vertex 0.0483991614341714 -0.352 -0.180628129516056
    vertex 2.77555756156289e-017 -0.352 -0.187
  endloop
endfacet
facet normal -0.0 1.0 -0.0
  outer loop
    vertex 0.0483991614341714 -0.352 -0.180628129516056
    vertex -0.0483991614341713 -0.352 -0.180628129516056
    vertex -0.0407022184566953 -0.352 -0.177500224108772
  endloop
endfacet
facet normal -0.0 1.0 -0.0
  outer loop
    vertex 0.0483991614341714 -0.352 -0.180628129516056
    vertex -0.0407022184566953 -0.352 -0.177500224108772
    vertex 0.0407022184566954 -0.352 -0.177500224108772
  endloop
endfacet
facet normal -0.0 1.0 -0.0
  outer loop
    vertex 0.0407022184566954 -0.352 -0.177500224108772
    vertex -0.0407022184566953 -0.352 -0.177500224108772
    vertex -0.0328048829366811 -0.352 -0.174919756104756
  endloop
endfacet
facet normal -0.0 1.0 -0.0
  outer loop
    vertex 0.0407022184566954 -0.352 -0.177500224108772
    vertex -0.0328048829366811 -0.352 -0.174919756104756
    vertex 0.0328048829366811 -0.352 -0.174919756104756
  endloop
endfacet
facet normal -0.0 1.0 -0.0
  outer loop
    vertex 0.0328048829366811 -0.352 -0.174919756104756
    vertex -0.0328048829366811 -0.352 -0.174919756104756
    vertex -0.0247460364684038 -0.352 -0.172899430132007
  endloop
endfacet
facet normal -0.0 1.0 -0.0
  outer loop
    vertex 0.0328048829366811 -0.352 -0.174919756104756
    vertex -0.0247460364684038 -0.352 -0.172899430132007
    vertex 0.0247460364684038 -0.352 -0.172899430132007
  endloop
endfacet
facet normal -0.0 1.0 -0.0
  outer loop
    vertex 0.0247460364684038 -0.352 -0.172899430132007
    vertex -0.0247460364684038 -0.352 -0.172899430132007
    vertex -0.0165653558261262 -0.352 -0.171449193025705
  endloop
endfacet
facet normal -0.0 1.0 -0.0
  outer loop
    vertex 0.0247460364684038 -0.352 -0.172899430132007
    vertex -0.0165653558261262 -0.352 -0.171449193025705
    vertex 0.0165653558261263 -0.352 -0.171449193025705
  endloop
endfacet
facet normal -0.0 1.0 -0.0
  outer loop
    vertex 0.0165653558261263 -0.352 -0.171449193025705
    vertex -0.0165653558261262 -0.352 -0.171449193025705
    vertex -0.00728780487954828 -0.352 -0.170540542285678
  endloop
endfacet
facet normal -0.0 1.0 -0.0
  outer loop
    vertex 0.0165653558261263 -0.352 -0.171449193025705
    vertex -0.00728780487954828 -0.352 -0.170540542285678
    vertex 0.00728780487954833 -0.352 -0.170540542285678
  endloop
endfacet
facet normal -0.0 1.0 -0.0
  outer loop
    vertex 0.00728780487954833 -0.352 -0.170540542285678
    vertex -0.00728780487954828 -0.352 -0.170540542285678
    vertex 0.0 -0.352 -0.170284703775456
  endloop
endfacet
facet normal 0.0 -1.0 0.0
  outer loop
    vertex 0.0317262355639618 -0.36 0.227
    vertex -1.11022302462516e-016 -0.36 0.187
    vertex 0.0317262355639618 -0.36 0.182823161848958
  endloop
endfacet
facet normal 0.0 -1.0 0.0
  outer loop
    vertex -1.11022302462516e-016 -0.36 0.187
    vertex -0.0317262355639621 -0.36 0.227
    vertex -0.031726235563962 -0.36 0.182823161848958
  endloop
endfacet
facet normal 0.0 -1.0 0.0
  outer loop
    vertex -0.0317262355639621 -0.36 0.227
    vertex -1.11022302462516e-016 -0.36 0.187
    vertex 0.0317262355639618 -0.36 0.227
  endloop
endfacet
facet normal -0.0974744066995529 -0.0 0.995238031848949
  outer loop
    vertex -0.00728780487954828 -0.4 -0.170540542285678
    vertex -0.0165653558261262 -0.352 -0.171449193025705
    vertex -0.0165653558261262 -0.4 -0.171449193025705
  endloop
endfacet
facet normal -0.0974744066995529 -0.0 0.995238031848949
  outer loop
    vertex -0.0165653558261262 -0.352 -0.171449193025705
    vertex -0.00728780487954828 -0.4 -0.170540542285678
    vertex -0.00728780487954828 -0.352 -0.170540542285678
  endloop
endfacet
facet normal -0.982708582413439 2.42150410587152e-031 -0.185158964273863
  outer loop
    vertex 0.170868606810016 -0.384 -0.0166213524409207
    vertex 0.172412753494455 -0.4 -0.0248167223235209
    vertex 0.170868606810016 -0.4 -0.0166213524409207
  endloop
endfacet
facet normal -0.982708582413439 2.42150410587152e-031 -0.185158964273863
  outer loop
    vertex 0.172412753494455 -0.4 -0.0248167223235209
    vertex 0.170868606810016 -0.384 -0.0166213524409207
    vertex 0.172412753494455 -0.384 -0.0248167223235209
  endloop
endfacet
facet normal -0.0350834053807799 -0.0 0.999384387844281
  outer loop
    vertex 0.0 -0.4 -0.170284703775456
    vertex -0.00728780487954828 -0.352 -0.170540542285678
    vertex -0.00728780487954828 -0.4 -0.170540542285678
  endloop
endfacet
facet normal -0.0350834053807799 -0.0 0.999384387844281
  outer loop
    vertex -0.00728780487954828 -0.352 -0.170540542285678
    vertex 0.0 -0.4 -0.170284703775456
    vertex 0.0 -0.352 -0.170284703775456
  endloop
endfacet
facet normal -0.0 1.0 -0.0
  outer loop
    vertex -0.0317262355639621 -0.27 0.227
    vertex -1.11022302462516e-016 -0.27 0.187
    vertex -0.031726235563962 -0.27 0.182823161848958
  endloop
endfacet
facet normal -0.0 1.0 -0.0
  outer loop
    vertex -1.11022302462516e-016 -0.27 0.187
    vertex 0.0317262355639618 -0.27 0.227
    vertex 0.0317262355639618 -0.27 0.182823161848958
  endloop
endfacet
facet normal -0.0 1.0 -0.0
  outer loop
    vertex 0.0317262355639618 -0.27 0.227
    vertex -1.11022302462516e-016 -0.27 0.187
    vertex -0.0317262355639621 -0.27 0.227
  endloop
endfacet
facet normal 0.0350834053807796 -0.0 0.999384387844281
  outer loop
    vertex 0.00728780487954833 -0.4 -0.170540542285678
    vertex 0.0 -0.352 -0.170284703775456
    vertex 0.0 -0.4 -0.170284703775456
  endloop
endfacet
facet normal 0.0350834053807796 -0.0 0.999384387844281
  outer loop
    vertex 0.0 -0.352 -0.170284703775456
    vertex 0.00728780487954833 -0.4 -0.170540542285678
    vertex 0.00728780487954833 -0.352 -0.170540542285678
  endloop
endfacet
facet normal -0.966202807236343 1.02300701432323e-018 0.257783116764093
  outer loop
    vertex 0.174562554594373 -0.384 0.0328744410904233
    vertex 0.172412753494455 -0.4 0.0248167223235212
    vertex 0.174562554594373 -0.4 0.0328744410904233
  endloop
endfacet
facet normal -0.966202807236343 1.02300701432323e-018 0.257783116764093
  outer loop
    vertex 0.172412753494455 -0.4 0.0248167223235212
    vertex 0.174562554594373 -0.384 0.0328744410904233
    vertex 0.172412753494455 -0.384 0.0248167223235212
  endloop
endfacet
facet normal 0.975628340095781 0.177908697311586 0.128443907690656
  outer loop
    vertex 0.125 0.35 0.0
    vertex 0.150684428901095 0.18 0.0403757710359932
    vertex 0.156 0.18 -5.55111512312578e-017
  endloop
endfacet
facet normal 0.975628340095781 0.177908697311586 0.128443907690656
  outer loop
    vertex 0.150684428901095 0.18 0.0403757710359932
    vertex 0.125 0.35 0.0
    vertex 0.120740728286133 0.35 0.0323523806378151
  endloop
endfacet
facet normal 0.0 -1.0 0.0
  outer loop
    vertex 0.0403757710359932 0.0 -0.150684428901095
    vertex -0.0403757710359933 0.0 -0.150684428901095
    vertex -5.55111512312578e-017 0.0 -0.156
  endloop
endfacet
facet normal 0.0 -1.0 0.0
  outer loop
    vertex -0.0403757710359933 0.0 -0.150684428901095
    vertex 0.0403757710359932 0.0 -0.150684428901095
    vertex 0.078 0.0 -0.135099962990372
  endloop
endfacet
facet normal 0.0 -1.0 0.0
  outer loop
    vertex -0.0403757710359933 0.0 -0.150684428901095
    vertex 0.078 0.0 -0.135099962990372
    vertex -0.0780000000000001 0.0 -0.135099962990372
  endloop
endfacet
facet normal 0.0 -1.0 0.0
  outer loop
    vertex -0.0780000000000001 0.0 -0.135099962990372
    vertex 0.078 0.0 -0.135099962990372
    vertex 0.110308657865101 0.0 -0.110308657865101
  endloop
endfacet
facet normal 0.0 -1.0 0.0
  outer loop
    vertex -0.0780000000000001 0.0 -0.135099962990372
    vertex 0.110308657865101 0.0 -0.110308657865101
    vertex -0.110308657865101 0.0 -0.110308657865101
  endloop
endfacet
facet normal 0.0 -1.0 0.0
  outer loop
    vertex -0.110308657865101 0.0 -0.110308657865101
    vertex 0.110308657865101 0.0 -0.110308657865101
    vertex 0.135099962990372 0.0 -0.078
  endloop
endfacet
facet normal 0.0 -1.0 0.0
  outer loop
    vertex -0.110308657865101 0.0 -0.110308657865101
    vertex 0.135099962990372 0.0 -0.078
    vertex -0.135099962990373 0.0 -0.078
  endloop
endfacet
facet normal 0.0 -1.0 0.0
  outer loop
    vertex -0.135099962990373 0.0 -0.078
    vertex 0.135099962990372 0.0 -0.078
    vertex 0.150684428901095 0.0 -0.0403757710359933
  endloop
endfacet
facet normal 0.0 -1.0 0.0
  outer loop
    vertex -0.135099962990373 0.0 -0.078
    vertex 0.150684428901095 0.0 -0.0403757710359933
    vertex -0.150684428901095 0.0 -0.0403757710359933
  endloop
endfacet
facet normal 0.0 -1.0 0.0
  outer loop
    vertex -0.150684428901095 0.0 -0.0403757710359933
    vertex 0.150684428901095 0.0 -0.0403757710359933
    vertex 0.156 0.0 0.0
  endloop
endfacet
facet normal 0.0 -1.0 0.0
  outer loop
    vertex -0.150684428901095 0.0 -0.0403757710359933
    vertex 0.156 0.0 0.0
    vertex -0.156 0.0 0.0
  endloop
endfacet
facet normal 0.0 -1.0 0.0
  outer loop
    vertex -0.156 0.0 0.0
    vertex 0.156 0.0 0.0
    vertex 0.150684428901095 0.0 0.0403757710359932
  endloop
endfacet
facet normal 0.0 -1.0 0.0
  outer loop
    vertex -0.156 0.0 0.0
    vertex 0.150684428901095 0.0 0.0403757710359932
    vertex -0.150684428901095 0.0 0.0403757710359933
  endloop
endfacet
facet normal 0.0 -1.0 0.0
  outer loop
    vertex -0.150684428901095 0.0 0.0403757710359933
    vertex 0.150684428901095 0.0 0.0403757710359932
    vertex 0.135099962990372 0.0 0.078
  endloop
endfacet
facet normal 0.0 -1.0 0.0
  outer loop
    vertex -0.150684428901095 0.0 0.0403757710359933
    vertex 0.135099962990372 0.0 0.078
    vertex -0.135099962990372 0.0 0.0780000000000001
  endloop
endfacet
facet normal 0.0 -1.0 0.0
  outer loop
    vertex -0.135099962990372 0.0 0.0780000000000001
    vertex 0.135099962990372 0.0 0.078
    vertex 0.110308657865101 0.0 0.110308657865101
  endloop
endfacet
facet normal 0.0 -1.0 0.0
  outer loop
    vertex -0.135099962990372 0.0 0.0780000000000001
    vertex 0.110308657865101 0.0 0.110308657865101
    vertex -0.110308657865101 0.0 0.110308657865101
  endloop
endfacet
facet normal 0.0 -1.0 0.0
  outer loop
    vertex -0.110308657865101 0.0 0.110308657865101
    vertex 0.110308657865101 0.0 0.110308657865101
    vertex 0.078 0.0 0.135099962990372
  endloop
endfacet
facet normal 0.0 -1.0 0.0
  outer loop
    vertex -0.110308657865101 0.0 0.110308657865101
    vertex 0.078 0.0 0.135099962990372
    vertex -0.078 0.0 0.135099962990372
  endloop
endfacet
facet normal 0.0 -1.0 0.0
  outer loop
    vertex -0.078 0.0 0.135099962990372
    vertex 0.078 0.0 0.135099962990372
    vertex 0.0403757710359933 0.0 0.150684428901095
  endloop
endfacet
facet normal 0.0 -1.0 0.0
  outer loop
    vertex -0.078 0.0 0.135099962990372
    vertex 0.0403757710359933 0.0 0.150684428901095
    vertex -0.0403757710359932 0.0 0.150684428901095
  endloop
endfacet
facet normal 0.0 -1.0 0.0
  outer loop
    vertex -0.0403757710359932 0.0 0.150684428901095
    vertex 0.0403757710359933 0.0 0.150684428901095
    vertex -5.55111512312578e-017 0.0 0.156
  endloop
endfacet
facet normal 0.0974744066995523 -0.0 0.995238031848949
  outer loop
    vertex 0.0165653558261263 -0.4 -0.171449193025705
    vertex 0.00728780487954833 -0.352 -0.170540542285678
    vertex 0.00728780487954833 -0.4 -0.170540542285678
  endloop
endfacet
facet normal 0.0974744066995523 -0.0 0.995238031848949
  outer loop
    vertex 0.00728780487954833 -0.352 -0.170540542285678
    vertex 0.0165653558261263 -0.4 -0.171449193025705
    vertex 0.0165653558261263 -0.352 -0.171449193025705
  endloop
endfacet
facet normal -0.975628340095783 0.177908697311583 -0.128443907690645
  outer loop
    vertex -0.125 0.35 0.0
    vertex -0.150684428901095 0.18 -0.0403757710359932
    vertex -0.156 0.18 0.0
  endloop
endfacet
facet normal -0.975628340095783 0.177908697311583 -0.128443907690645
  outer loop
    vertex -0.150684428901095 0.18 -0.0403757710359932
    vertex -0.125 0.35 0.0
    vertex -0.120740728286134 0.35 -0.032352380637815
  endloop
endfacet
facet normal 0.174554232398575 -0.0 0.98464756128868
  outer loop
    vertex 0.0247460364684038 -0.4 -0.172899430132007
    vertex 0.0165653558261263 -0.352 -0.171449193025705
    vertex 0.0165653558261263 -0.4 -0.171449193025705
  endloop
endfacet
facet normal 0.174554232398575 -0.0 0.98464756128868
  outer loop
    vertex 0.0165653558261263 -0.352 -0.171449193025705
    vertex 0.0247460364684038 -0.4 -0.172899430132007
    vertex 0.0247460364684038 -0.352 -0.172899430132007
  endloop
endfacet
facet normal 0.243171580588878 -0.0 0.969983289749832
  outer loop
    vertex 0.0328048829366811 -0.4 -0.174919756104756
    vertex 0.0247460364684038 -0.352 -0.172899430132007
    vertex 0.0247460364684038 -0.4 -0.172899430132007
  endloop
endfacet
facet normal 0.243171580588878 -0.0 0.969983289749832
  outer loop
    vertex 0.0247460364684038 -0.352 -0.172899430132007
    vertex 0.0328048829366811 -0.4 -0.174919756104756
    vertex 0.0328048829366811 -0.352 -0.174919756104756
  endloop
endfacet
facet normal -0.909140881020318 0.177908697311585 -0.37657848302644
  outer loop
    vertex -0.120740728286134 0.35 -0.032352380637815
    vertex -0.135099962990373 0.18 -0.078
    vertex -0.150684428901095 0.18 -0.0403757710359932
  endloop
endfacet
facet normal -0.909140881020318 0.177908697311585 -0.37657848302644
  outer loop
    vertex -0.135099962990373 0.18 -0.078
    vertex -0.120740728286134 0.35 -0.032352380637815
    vertex -0.108253175473055 0.35 -0.0625
  endloop
endfacet
facet normal 0.310591702358698 -0.0 0.950543420589468
  outer loop
    vertex 0.0407022184566954 -0.4 -0.177500224108772
    vertex 0.0328048829366811 -0.352 -0.174919756104756
    vertex 0.0328048829366811 -0.4 -0.174919756104756
  endloop
endfacet
facet normal 0.310591702358698 -0.0 0.950543420589468
  outer loop
    vertex 0.0328048829366811 -0.352 -0.174919756104756
    vertex 0.0407022184566954 -0.4 -0.177500224108772
    vertex 0.0407022184566954 -0.352 -0.177500224108772
  endloop
endfacet
facet normal -0.999306420956666 0.0 -0.0372381126640265
  outer loop
    vertex 0.169628129516056 -0.384 1.66533453693773e-016
    vertex 0.169938679472038 -0.4 -0.00833378876745333
    vertex 0.169628129516056 -0.4 1.66533453693773e-016
  endloop
endfacet
facet normal -0.999306420956666 0.0 -0.0372381126640265
  outer loop
    vertex 0.169938679472038 -0.4 -0.00833378876745333
    vertex 0.169628129516056 -0.384 1.66533453693773e-016
    vertex 0.169938679472038 -0.384 -0.00833378876745333
  endloop
endfacet
facet normal 0.376482662739212 -0.0 0.926423663696471
  outer loop
    vertex 0.0483991614341714 -0.4 -0.180628129516056
    vertex 0.0407022184566954 -0.352 -0.177500224108772
    vertex 0.0407022184566954 -0.4 -0.177500224108772
  endloop
endfacet
facet normal 0.376482662739212 -0.0 0.926423663696471
  outer loop
    vertex 0.0407022184566954 -0.352 -0.177500224108772
    vertex 0.0483991614341714 -0.4 -0.180628129516056
    vertex 0.0483991614341714 -0.352 -0.180628129516056
  endloop
endfacet
facet normal -0.917234800842555 2.39746370580433e-032 0.398346984579171
  outer loop
    vertex 0.180628129516056 -0.384 0.0483991614341717
    vertex 0.177306085790512 -0.4 0.0407498149273601
    vertex 0.180628129516056 -0.4 0.0483991614341717
  endloop
endfacet
facet normal -0.917234800842555 2.39746370580433e-032 0.398346984579171
  outer loop
    vertex 0.177306085790512 -0.4 0.0407498149273601
    vertex 0.180628129516056 -0.384 0.0483991614341717
    vertex 0.177306085790512 -0.384 0.0407498149273601
  endloop
endfacet
facet normal -0.999306420956666 0.0 0.0372381126640262
  outer loop
    vertex 0.169938679472038 -0.384 0.00833378876745372
    vertex 0.169628129516056 -0.4 1.66533453693773e-016
    vertex 0.169938679472038 -0.4 0.00833378876745372
  endloop
endfacet
facet normal -0.999306420956666 0.0 0.0372381126640262
  outer loop
    vertex 0.169628129516056 -0.4 1.66533453693773e-016
    vertex 0.169938679472038 -0.384 0.00833378876745372
    vertex 0.169628129516056 -0.384 1.66533453693773e-016
  endloop
endfacet
facet normal -0.376578483026454 0.177908697311582 0.909140881020313
  outer loop
    vertex -0.0403757710359933 0.18 0.150684428901095
    vertex -0.0625 0.35 0.108253175473055
    vertex -0.078 0.18 0.135099962990372
  endloop
endfacet
facet normal -0.376578483026454 0.177908697311582 0.909140881020313
  outer loop
    vertex -0.0625 0.35 0.108253175473055
    vertex -0.0403757710359933 0.18 0.150684428901095
    vertex -0.0323523806378151 0.35 0.120740728286134
  endloop
endfacet
facet normal -0.128443907690578 0.177908697311581 0.975628340095792
  outer loop
    vertex -0.0317262355639621 0.18 0.151823161848958
    vertex -0.0323523806378151 0.35 0.120740728286134
    vertex -0.0403757710359933 0.18 0.150684428901095
  endloop
endfacet
facet normal -0.599049857069346 0.177908697311581 0.780696973329661
  outer loop
    vertex -0.078 0.18 0.135099962990372
    vertex -0.0883883476483185 0.35 0.0883883476483184
    vertex -0.110308657865101 0.18 0.110308657865101
  endloop
endfacet
facet normal -0.599049857069346 0.177908697311581 0.780696973329661
  outer loop
    vertex -0.0883883476483185 0.35 0.0883883476483184
    vertex -0.078 0.18 0.135099962990372
    vertex -0.0625 0.35 0.108253175473055
  endloop
endfacet
facet normal -0.376482662739212 -0.0 0.926423663696471
  outer loop
    vertex -0.0407022184566953 -0.4 -0.177500224108772
    vertex -0.0483991614341713 -0.352 -0.180628129516056
    vertex -0.0483991614341713 -0.4 -0.180628129516056
  endloop
endfacet
facet normal -0.376482662739212 -0.0 0.926423663696471
  outer loop
    vertex -0.0483991614341713 -0.352 -0.180628129516056
    vertex -0.0407022184566953 -0.4 -0.177500224108772
    vertex -0.0407022184566953 -0.352 -0.177500224108772
  endloop
endfacet
facet normal -0.310591702358702 -0.0 0.950543420589467
  outer loop
    vertex -0.0328048829366811 -0.4 -0.174919756104756
    vertex -0.0407022184566953 -0.352 -0.177500224108772
    vertex -0.0407022184566953 -0.4 -0.177500224108772
  endloop
endfacet
facet normal -0.310591702358702 -0.0 0.950543420589467
  outer loop
    vertex -0.0407022184566953 -0.352 -0.177500224108772
    vertex -0.0328048829366811 -0.4 -0.174919756104756
    vertex -0.0328048829366811 -0.352 -0.174919756104756
  endloop
endfacet
facet normal 0.128443907690573 0.177908697311581 0.975628340095793
  outer loop
    vertex 0.0403757710359933 0.18 0.150684428901095
    vertex 0.0323523806378151 0.35 0.120740728286134
    vertex 0.0317262355639618 0.18 0.151823161848958
  endloop
endfacet
facet normal -0.243171580588878 -0.0 0.969983289749832
  outer loop
    vertex -0.0247460364684038 -0.4 -0.172899430132007
    vertex -0.0328048829366811 -0.352 -0.174919756104756
    vertex -0.0328048829366811 -0.4 -0.174919756104756
  endloop
endfacet
facet normal -0.243171580588878 -0.0 0.969983289749832
  outer loop
    vertex -0.0328048829366811 -0.352 -0.174919756104756
    vertex -0.0247460364684038 -0.4 -0.172899430132007
    vertex -0.0247460364684038 -0.352 -0.172899430132007
  endloop
endfacet
facet normal -1.0 0.0 -2.19899202207639e-015
  outer loop
    vertex -0.0317262355639621 -0.27 0.227
    vertex -0.031726235563962 -0.36 0.182823161848958
    vertex -0.0317262355639621 -0.36 0.227
  endloop
endfacet
facet normal -1.0 0.0 -2.19899202207639e-015
  outer loop
    vertex -0.031726235563962 -0.36 0.182823161848958
    vertex -0.0317262355639621 -0.27 0.227
    vertex -0.031726235563962 -0.27 0.182823161848958
  endloop
endfacet
facet normal -0.780696973329661 0.177908697311581 0.599049857069346
  outer loop
    vertex -0.0883883476483185 0.35 0.0883883476483184
    vertex -0.135099962990372 0.18 0.078
    vertex -0.110308657865101 0.18 0.110308657865101
  endloop
endfacet
facet normal -0.780696973329661 0.177908697311581 0.599049857069346
  outer loop
    vertex -0.135099962990372 0.18 0.078
    vertex -0.0883883476483185 0.35 0.0883883476483184
    vertex -0.108253175473055 0.35 0.0625
  endloop
endfacet
facet normal 0.780696973329661 0.177908697311581 0.599049857069346
  outer loop
    vertex 0.108253175473055 0.35 0.0625
    vertex 0.110308657865101 0.18 0.110308657865101
    vertex 0.135099962990372 0.18 0.0779999999999999
  endloop
endfacet
facet normal 0.780696973329661 0.177908697311581 0.599049857069346
  outer loop
    vertex 0.110308657865101 0.18 0.110308657865101
    vertex 0.108253175473055 0.35 0.0625
    vertex 0.0883883476483184 0.35 0.0883883476483184
  endloop
endfacet
facet normal -0.130526192219973 -0.0 0.991444861373821
  outer loop
    vertex -0.0317262355639621 0.1 0.151823161848958
    vertex -0.0403757710359933 0.18 0.150684428901095
    vertex -0.0403757710359933 0.1 0.150684428901095
  endloop
endfacet
facet normal -0.130526192219973 -0.0 0.991444861373821
  outer loop
    vertex -0.0403757710359933 0.18 0.150684428901095
    vertex -0.0317262355639621 0.1 0.151823161848958
    vertex -0.0317262355639621 0.18 0.151823161848958
  endloop
endfacet
facet normal 0.599049857069346 0.177908697311581 0.780696973329661
  outer loop
    vertex 0.078 0.18 0.135099962990372
    vertex 0.0883883476483184 0.35 0.0883883476483184
    vertex 0.0624999999999999 0.35 0.108253175473055
  endloop
endfacet
facet normal 0.599049857069346 0.177908697311581 0.780696973329661
  outer loop
    vertex 0.0883883476483184 0.35 0.0883883476483184
    vertex 0.078 0.18 0.135099962990372
    vertex 0.110308657865101 0.18 0.110308657865101
  endloop
endfacet
facet normal -0.174554232398573 -0.0 0.98464756128868
  outer loop
    vertex -0.0165653558261262 -0.4 -0.171449193025705
    vertex -0.0247460364684038 -0.352 -0.172899430132007
    vertex -0.0247460364684038 -0.4 -0.172899430132007
  endloop
endfacet
facet normal -0.174554232398573 -0.0 0.98464756128868
  outer loop
    vertex -0.0247460364684038 -0.352 -0.172899430132007
    vertex -0.0165653558261262 -0.4 -0.171449193025705
    vertex -0.0165653558261262 -0.352 -0.171449193025705
  endloop
endfacet
facet normal -0.944337787084292 2.27341052720252e-031 0.328977421542485
  outer loop
    vertex 0.177306085790512 -0.384 0.0407498149273601
    vertex 0.174562554594373 -0.4 0.0328744410904233
    vertex 0.177306085790512 -0.4 0.0407498149273601
  endloop
endfacet
facet normal -0.944337787084292 2.27341052720252e-031 0.328977421542485
  outer loop
    vertex 0.174562554594373 -0.4 0.0328744410904233
    vertex 0.177306085790512 -0.384 0.0407498149273601
    vertex 0.174562554594373 -0.384 0.0328744410904233
  endloop
endfacet
facet normal -0.0 1.0 -0.0
  outer loop
    vertex 0.0966870268997077 -0.288 -0.154265574656572
    vertex 0.132228968081884 -0.288 -0.132228968081884
    vertex 0.0935 -0.288 -0.16194675050769
  endloop
endfacet
facet normal -0.0 1.0 -0.0
  outer loop
    vertex 0.132228968081884 -0.288 -0.132228968081884
    vertex 0.0966870268997077 -0.288 -0.154265574656572
    vertex 0.100413094567007 -0.288 -0.14683092451995
  endloop
endfacet
facet normal -0.0 1.0 -0.0
  outer loop
    vertex 0.132228968081884 -0.288 -0.132228968081884
    vertex 0.100413094567007 -0.288 -0.14683092451995
    vertex 0.104659273540771 -0.288 -0.139680570190406
  endloop
endfacet
facet normal -0.0 1.0 -0.0
  outer loop
    vertex 0.132228968081884 -0.288 -0.132228968081884
    vertex 0.104659273540771 -0.288 -0.139680570190406
    vertex 0.10940399204963 -0.288 -0.13285083745867
  endloop
endfacet
facet normal -0.0 1.0 -0.0
  outer loop
    vertex 0.132228968081884 -0.288 -0.132228968081884
    vertex 0.10940399204963 -0.288 -0.13285083745867
    vertex 0.114623145602579 -0.288 -0.12637642326849
  endloop
endfacet
facet normal -0.0 1.0 -0.0
  outer loop
    vertex 0.132228968081884 -0.288 -0.132228968081884
    vertex 0.114623145602579 -0.288 -0.12637642326849
    vertex 0.16194675050769 -0.288 -0.0935
  endloop
endfacet
facet normal -0.0 1.0 -0.0
  outer loop
    vertex 0.16194675050769 -0.288 -0.0935
    vertex 0.114623145602579 -0.288 -0.12637642326849
    vertex 0.1202902194465 -0.288 -0.1202902194465
  endloop
endfacet
facet normal -0.0 1.0 -0.0
  outer loop
    vertex 0.16194675050769 -0.288 -0.0935
    vertex 0.1202902194465 -0.288 -0.1202902194465
    vertex 0.12637642326849 -0.288 -0.114623145602579
  endloop
endfacet
facet normal -0.0 1.0 -0.0
  outer loop
    vertex 0.16194675050769 -0.288 -0.0935
    vertex 0.12637642326849 -0.288 -0.114623145602579
    vertex 0.13285083745867 -0.288 -0.10940399204963
  endloop
endfacet
facet normal -0.0 1.0 -0.0
  outer loop
    vertex 0.16194675050769 -0.288 -0.0935
    vertex 0.13285083745867 -0.288 -0.10940399204963
    vertex 0.139680570190406 -0.288 -0.104659273540771
  endloop
endfacet
facet normal -0.0 1.0 -0.0
  outer loop
    vertex 0.16194675050769 -0.288 -0.0935
    vertex 0.139680570190406 -0.288 -0.104659273540771
    vertex 0.14683092451995 -0.288 -0.100413094567007
  endloop
endfacet
facet normal -0.0 1.0 -0.0
  outer loop
    vertex 0.16194675050769 -0.288 -0.0935
    vertex 0.14683092451995 -0.288 -0.100413094567007
    vertex 0.154265574656572 -0.288 -0.0966870268997077
  endloop
endfacet
facet normal -0.99376355989807 4.72253856001935e-019 -0.111507789049531
  outer loop
    vertex 0.169938679472038 -0.384 -0.00833378876745333
    vertex 0.170868606810016 -0.4 -0.0166213524409207
    vertex 0.169938679472038 -0.4 -0.00833378876745333
  endloop
endfacet
facet normal -0.99376355989807 4.72253856001935e-019 -0.111507789049531
  outer loop
    vertex 0.170868606810016 -0.4 -0.0166213524409207
    vertex 0.169938679472038 -0.384 -0.00833378876745333
    vertex 0.170868606810016 -0.384 -0.0166213524409207
  endloop
endfacet
facet normal -0.780696973329654 0.177908697311583 -0.599049857069354
  outer loop
    vertex -0.108253175473055 0.35 -0.0625
    vertex -0.110308657865101 0.18 -0.110308657865101
    vertex -0.135099962990373 0.18 -0.078
  endloop
endfacet
facet normal -0.780696973329654 0.177908697311583 -0.599049857069354
  outer loop
    vertex -0.110308657865101 0.18 -0.110308657865101
    vertex -0.108253175473055 0.35 -0.0625
    vertex -0.0883883476483186 0.35 -0.0883883476483184
  endloop
endfacet
facet normal -0.627595915685625 1.35610820956103e-018 0.778539251813756
  outer loop
    vertex 0.13285083745867 -0.4 -0.10940399204963
    vertex 0.12637642326849 -0.288 -0.114623145602579
    vertex 0.12637642326849 -0.4 -0.114623145602579
  endloop
endfacet
facet normal -0.627595915685625 1.35610820956103e-018 0.778539251813756
  outer loop
    vertex 0.12637642326849 -0.288 -0.114623145602579
    vertex 0.13285083745867 -0.4 -0.10940399204963
    vertex 0.13285083745867 -0.288 -0.10940399204963
  endloop
endfacet
facet normal -0.599049857069346 0.17790869731158 -0.78069697332966
  outer loop
    vertex -0.0883883476483186 0.35 -0.0883883476483184
    vertex -0.0780000000000001 0.18 -0.135099962990372
    vertex -0.110308657865101 0.18 -0.110308657865101
  endloop
endfacet
facet normal -0.599049857069346 0.17790869731158 -0.78069697332966
  outer loop
    vertex -0.0780000000000001 0.18 -0.135099962990372
    vertex -0.0883883476483186 0.35 -0.0883883476483184
    vertex -0.0625000000000001 0.35 -0.108253175473055
  endloop
endfacet
facet normal -0.570545765137634 1.20515394205875e-031 0.821265809518156
  outer loop
    vertex 0.139680570190406 -0.4 -0.104659273540771
    vertex 0.13285083745867 -0.288 -0.10940399204963
    vertex 0.13285083745867 -0.4 -0.10940399204963
  endloop
endfacet
facet normal -0.570545765137634 1.20515394205875e-031 0.821265809518156
  outer loop
    vertex 0.13285083745867 -0.288 -0.10940399204963
    vertex 0.139680570190406 -0.4 -0.104659273540771
    vertex 0.139680570190406 -0.288 -0.104659273540771
  endloop
endfacet
facet normal -0.376578483026453 0.177908697311582 -0.909140881020313
  outer loop
    vertex -0.0625000000000001 0.35 -0.108253175473055
    vertex -0.0403757710359933 0.18 -0.150684428901095
    vertex -0.0780000000000001 0.18 -0.135099962990372
  endloop
endfacet
facet normal -0.376578483026453 0.177908697311582 -0.909140881020313
  outer loop
    vertex -0.0403757710359933 0.18 -0.150684428901095
    vertex -0.0625000000000001 0.35 -0.108253175473055
    vertex -0.0323523806378153 0.35 -0.120740728286134
  endloop
endfacet
facet normal -0.510597083256673 -9.28948929092787e-019 0.859820108260896
  outer loop
    vertex 0.14683092451995 -0.4 -0.100413094567007
    vertex 0.139680570190406 -0.288 -0.104659273540771
    vertex 0.139680570190406 -0.4 -0.104659273540771
  endloop
endfacet
facet normal -0.510597083256673 -9.28948929092787e-019 0.859820108260896
  outer loop
    vertex 0.139680570190406 -0.288 -0.104659273540771
    vertex 0.14683092451995 -0.4 -0.100413094567007
    vertex 0.14683092451995 -0.288 -0.100413094567007
  endloop
endfacet
facet normal -0.128443907690669 0.177908697311583 -0.97562834009578
  outer loop
    vertex -0.0323523806378153 0.18 -0.151740728286134
    vertex -0.0403757710359933 0.18 -0.150684428901095
    vertex -0.0323523806378153 0.35 -0.120740728286134
  endloop
endfacet
facet normal -0.608761429008727 0.0 -0.793353340291231
  outer loop
    vertex -0.0780000000000001 0.18 -0.135099962990372
    vertex -0.110308657865101 0.1 -0.110308657865101
    vertex -0.110308657865101 0.18 -0.110308657865101
  endloop
endfacet
facet normal -0.608761429008727 0.0 -0.793353340291231
  outer loop
    vertex -0.110308657865101 0.1 -0.110308657865101
    vertex -0.0780000000000001 0.18 -0.135099962990372
    vertex -0.0780000000000001 0.1 -0.135099962990372
  endloop
endfacet
facet normal -0.859820108260896 9.28948929092787e-019 0.510597083256673
  outer loop
    vertex 0.104659273540771 -0.288 -0.139680570190406
    vertex 0.100413094567007 -0.4 -0.14683092451995
    vertex 0.104659273540771 -0.4 -0.139680570190406
  endloop
endfacet
facet normal -0.859820108260896 9.28948929092787e-019 0.510597083256673
  outer loop
    vertex 0.100413094567007 -0.4 -0.14683092451995
    vertex 0.104659273540771 -0.288 -0.139680570190406
    vertex 0.100413094567007 -0.288 -0.14683092451995
  endloop
endfacet
facet normal 0.376578483026453 0.177908697311582 -0.909140881020313
  outer loop
    vertex 0.0624999999999999 0.35 -0.108253175473055
    vertex 0.0403757710359931 0.18 -0.150684428901095
    vertex 0.032352380637815 0.35 -0.120740728286134
  endloop
endfacet
facet normal 0.376578483026453 0.177908697311582 -0.909140881020313
  outer loop
    vertex 0.0403757710359931 0.18 -0.150684428901095
    vertex 0.0624999999999999 0.35 -0.108253175473055
    vertex 0.0779999999999999 0.18 -0.135099962990372
  endloop
endfacet
facet normal -0.448054426036948 9.68155257694867e-019 0.894006281470495
  outer loop
    vertex 0.154265574656572 -0.4 -0.0966870268997077
    vertex 0.14683092451995 -0.288 -0.100413094567007
    vertex 0.14683092451995 -0.4 -0.100413094567007
  endloop
endfacet
facet normal -0.448054426036948 9.68155257694867e-019 0.894006281470495
  outer loop
    vertex 0.14683092451995 -0.288 -0.100413094567007
    vertex 0.154265574656572 -0.4 -0.0966870268997077
    vertex 0.154265574656572 -0.288 -0.0966870268997077
  endloop
endfacet
facet normal 0.130526192220065 -3.92787972067917e-033 -0.991444861373809
  outer loop
    vertex 0.0403757710359931 0.18 -0.150684428901095
    vertex 0.032352380637815 0.1 -0.151740728286134
    vertex 0.032352380637815 0.18 -0.151740728286134
  endloop
endfacet
facet normal 0.130526192220065 -3.92787972067917e-033 -0.991444861373809
  outer loop
    vertex 0.032352380637815 0.1 -0.151740728286134
    vertex 0.0403757710359931 0.18 -0.150684428901095
    vertex 0.0403757710359931 0.1 -0.150684428901095
  endloop
endfacet
facet normal -0.130526192220066 -3.92787972067921e-033 -0.991444861373809
  outer loop
    vertex -0.0323523806378153 0.18 -0.151740728286134
    vertex -0.0403757710359933 0.1 -0.150684428901095
    vertex -0.0403757710359933 0.18 -0.150684428901095
  endloop
endfacet
facet normal -0.130526192220066 -3.92787972067921e-033 -0.991444861373809
  outer loop
    vertex -0.0403757710359933 0.1 -0.150684428901095
    vertex -0.0323523806378153 0.18 -0.151740728286134
    vertex -0.0323523806378153 0.1 -0.151740728286134
  endloop
endfacet
facet normal -0.821265809518156 -1.96416432586529e-032 0.570545765137634
  outer loop
    vertex 0.10940399204963 -0.288 -0.13285083745867
    vertex 0.104659273540771 -0.4 -0.139680570190406
    vertex 0.10940399204963 -0.4 -0.13285083745867
  endloop
endfacet
facet normal -0.821265809518156 -1.96416432586529e-032 0.570545765137634
  outer loop
    vertex 0.104659273540771 -0.4 -0.139680570190406
    vertex 0.10940399204963 -0.288 -0.13285083745867
    vertex 0.104659273540771 -0.288 -0.139680570190406
  endloop
endfacet
facet normal -0.383235527589851 -0.0 0.923650653869161
  outer loop
    vertex 0.16194675050769 -0.4 -0.0935
    vertex 0.154265574656572 -0.288 -0.0966870268997077
    vertex 0.154265574656572 -0.4 -0.0966870268997077
  endloop
endfacet
facet normal -0.383235527589851 -0.0 0.923650653869161
  outer loop
    vertex 0.154265574656572 -0.288 -0.0966870268997077
    vertex 0.16194675050769 -0.4 -0.0935
    vertex 0.16194675050769 -0.288 -0.0935
  endloop
endfacet
facet normal -0.923650653869161 -9.97911397423782e-019 0.383235527589851
  outer loop
    vertex 0.0966870268997077 -0.288 -0.154265574656572
    vertex 0.0935 -0.4 -0.16194675050769
    vertex 0.0966870268997077 -0.4 -0.154265574656572
  endloop
endfacet
facet normal -0.923650653869161 -9.97911397423782e-019 0.383235527589851
  outer loop
    vertex 0.0935 -0.4 -0.16194675050769
    vertex 0.0966870268997077 -0.288 -0.154265574656572
    vertex 0.0935 -0.288 -0.16194675050769
  endloop
endfacet
facet normal -0.731857497956361 3.05388913552608e-018 0.681457704252477
  outer loop
    vertex 0.1202902194465 -0.288 -0.1202902194465
    vertex 0.114623145602579 -0.4 -0.12637642326849
    vertex 0.1202902194465 -0.4 -0.1202902194465
  endloop
endfacet
facet normal -0.731857497956361 3.05388913552608e-018 0.681457704252477
  outer loop
    vertex 0.114623145602579 -0.4 -0.12637642326849
    vertex 0.1202902194465 -0.288 -0.1202902194465
    vertex 0.114623145602579 -0.288 -0.12637642326849
  endloop
endfacet
facet normal 0.128443907690667 0.177908697311583 -0.97562834009578
  outer loop
    vertex 0.0403757710359931 0.18 -0.150684428901095
    vertex 0.032352380637815 0.18 -0.151740728286134
    vertex 0.032352380637815 0.35 -0.120740728286134
  endloop
endfacet
facet normal -0.894006281470495 9.68155257694977e-019 0.448054426036948
  outer loop
    vertex 0.100413094567007 -0.288 -0.14683092451995
    vertex 0.0966870268997077 -0.4 -0.154265574656572
    vertex 0.100413094567007 -0.4 -0.14683092451995
  endloop
endfacet
facet normal -0.894006281470495 9.68155257694977e-019 0.448054426036948
  outer loop
    vertex 0.0966870268997077 -0.4 -0.154265574656572
    vertex 0.100413094567007 -0.288 -0.14683092451995
    vertex 0.0966870268997077 -0.288 -0.154265574656572
  endloop
endfacet
facet normal -0.681457704252477 -3.05388913552608e-018 0.731857497956361
  outer loop
    vertex 0.12637642326849 -0.4 -0.114623145602579
    vertex 0.1202902194465 -0.288 -0.1202902194465
    vertex 0.1202902194465 -0.4 -0.1202902194465
  endloop
endfacet
facet normal -0.681457704252477 -3.05388913552608e-018 0.731857497956361
  outer loop
    vertex 0.1202902194465 -0.288 -0.1202902194465
    vertex 0.12637642326849 -0.4 -0.114623145602579
    vertex 0.12637642326849 -0.288 -0.114623145602579
  endloop
endfacet
facet normal -0.966202807236343 -1.02300701432325e-018 -0.257783116764093
  outer loop
    vertex 0.172412753494455 -0.384 -0.0248167223235209
    vertex 0.174562554594373 -0.4 -0.032874441090423
    vertex 0.172412753494455 -0.4 -0.0248167223235209
  endloop
endfacet
facet normal -0.966202807236343 -1.02300701432325e-018 -0.257783116764093
  outer loop
    vertex 0.174562554594373 -0.4 -0.032874441090423
    vertex 0.172412753494455 -0.384 -0.0248167223235209
    vertex 0.174562554594373 -0.384 -0.032874441090423
  endloop
endfacet
facet normal 0.859820108260896 1.94246956897303e-032 -0.510597083256673
  outer loop
    vertex -0.104659273540771 -0.288 0.139680570190406
    vertex -0.100413094567007 -0.4 0.14683092451995
    vertex -0.104659273540771 -0.4 0.139680570190406
  endloop
endfacet
facet normal 0.859820108260896 1.94246956897303e-032 -0.510597083256673
  outer loop
    vertex -0.100413094567007 -0.4 0.14683092451995
    vertex -0.104659273540771 -0.288 0.139680570190406
    vertex -0.100413094567007 -0.288 0.14683092451995
  endloop
endfacet
facet normal 0.821265809518156 -3.84976207869596e-032 -0.570545765137634
  outer loop
    vertex -0.10940399204963 -0.288 0.13285083745867
    vertex -0.104659273540771 -0.4 0.139680570190406
    vertex -0.10940399204963 -0.4 0.13285083745867
  endloop
endfacet
facet normal 0.821265809518156 -3.84976207869596e-032 -0.570545765137634
  outer loop
    vertex -0.104659273540771 -0.4 0.139680570190406
    vertex -0.10940399204963 -0.288 0.13285083745867
    vertex -0.104659273540771 -0.288 0.139680570190406
  endloop
endfacet
facet normal -0.608761429008725 -0.0 0.793353340291232
  outer loop
    vertex -0.078 -0.4 0.135099962990372
    vertex -0.110308657865101 0.0 0.110308657865101
    vertex -0.110308657865101 -0.4 0.110308657865101
  endloop
endfacet
facet normal -0.608761429008725 -0.0 0.793353340291232
  outer loop
    vertex -0.110308657865101 0.0 0.110308657865101
    vertex -0.078 -0.4 0.135099962990372
    vertex -0.078 0.0 0.135099962990372
  endloop
endfacet
facet normal 0.8940062814705 -2.27161552932217e-021 0.448054426036938
  outer loop
    vertex -0.0966870268997078 -0.288 -0.154265574656572
    vertex -0.100413094567007 -0.4 -0.14683092451995
    vertex -0.0966870268997078 -0.4 -0.154265574656572
  endloop
endfacet
facet normal 0.8940062814705 -2.27161552932217e-021 0.448054426036938
  outer loop
    vertex -0.100413094567007 -0.4 -0.14683092451995
    vertex -0.0966870268997078 -0.288 -0.154265574656572
    vertex -0.100413094567007 -0.288 -0.14683092451995
  endloop
endfacet
facet normal 0.778539251813756 1.51088220874259e-031 -0.627595915685625
  outer loop
    vertex -0.114623145602579 -0.288 0.12637642326849
    vertex -0.10940399204963 -0.4 0.13285083745867
    vertex -0.114623145602579 -0.4 0.12637642326849
  endloop
endfacet
facet normal 0.778539251813756 1.51088220874259e-031 -0.627595915685625
  outer loop
    vertex -0.10940399204963 -0.4 0.13285083745867
    vertex -0.114623145602579 -0.288 0.12637642326849
    vertex -0.10940399204963 -0.288 0.13285083745867
  endloop
endfacet
facet normal 0.859820108260896 -9.28948929092787e-019 0.510597083256673
  outer loop
    vertex -0.100413094567007 -0.288 -0.14683092451995
    vertex -0.104659273540771 -0.4 -0.139680570190406
    vertex -0.100413094567007 -0.4 -0.14683092451995
  endloop
endfacet
facet normal 0.859820108260896 -9.28948929092787e-019 0.510597083256673
  outer loop
    vertex -0.104659273540771 -0.4 -0.139680570190406
    vertex -0.100413094567007 -0.288 -0.14683092451995
    vertex -0.104659273540771 -0.288 -0.139680570190406
  endloop
endfacet
facet normal 0.608761429008727 1.08656430104291e-015 -0.793353340291231
  outer loop
    vertex -0.0935000000000005 0.1 0.16194675050769
    vertex -0.132228968081884 -0.288 0.132228968081884
    vertex -0.132228968081885 0.1 0.132228968081884
  endloop
endfacet
facet normal 0.608761429008727 1.08656430104291e-015 -0.793353340291231
  outer loop
    vertex -0.132228968081884 -0.288 0.132228968081884
    vertex -0.0935000000000005 0.1 0.16194675050769
    vertex -0.0935 -0.288 0.16194675050769
  endloop
endfacet
facet normal 0.793353340291235 5.81837343880749e-016 -0.608761429008721
  outer loop
    vertex -0.16194675050769 0.1 0.0934999999999996
    vertex -0.132228968081884 -0.288 0.132228968081884
    vertex -0.16194675050769 -0.288 0.0935000000000001
  endloop
endfacet
facet normal 0.793353340291235 5.81837343880749e-016 -0.608761429008721
  outer loop
    vertex -0.132228968081884 -0.288 0.132228968081884
    vertex -0.16194675050769 0.1 0.0934999999999996
    vertex -0.132228968081885 0.1 0.132228968081884
  endloop
endfacet
facet normal -0.92387953251128 0.0 0.382683432365106
  outer loop
    vertex -0.135099962990372 0.0 0.0780000000000001
    vertex -0.150684428901095 -0.4 0.0403757710359933
    vertex -0.135099962990372 -0.4 0.0780000000000001
  endloop
endfacet
facet normal -0.92387953251128 0.0 0.382683432365106
  outer loop
    vertex -0.150684428901095 -0.4 0.0403757710359933
    vertex -0.135099962990372 0.0 0.0780000000000001
    vertex -0.150684428901095 0.0 0.0403757710359933
  endloop
endfacet
facet normal 0.999999772653049 -0.000674309906254903 2.26473736083612e-008
  outer loop
    vertex -0.0320393081008886 0.725 -0.375409525278258
    vertex -0.0323523806378151 0.35 0.120740728286134
    vertex -0.0323523806378153 0.35 -0.120740728286134
  endloop
endfacet
facet normal 0.999999772653049 -0.000674309906254903 2.26473736083612e-008
  outer loop
    vertex -0.0323523806378151 0.35 0.120740728286134
    vertex -0.0320393081008886 0.725 -0.375409525278258
    vertex -0.0320393081008886 0.725 0.374590474721742
  endloop
endfacet
facet normal 0.999999772653049 -0.000674309906254903 2.26473736083612e-008
  outer loop
    vertex -0.0320393081008886 0.725 0.374590474721742
    vertex -0.0320393081008886 0.725 -0.375409525278258
    vertex -0.0320393081008886 0.85 -0.250409568840196
  endloop
endfacet
facet normal 0.999999772653049 -0.000674309906254903 2.26473736083612e-008
  outer loop
    vertex -0.0320393081008886 0.725 0.374590474721742
    vertex -0.0320393081008886 0.85 -0.250409568840196
    vertex -0.0320393081008886 0.85 0.249590474721742
  endloop
endfacet
facet normal 0.681457704252477 -3.05388913552608e-018 0.731857497956361
  outer loop
    vertex -0.1202902194465 -0.4 -0.1202902194465
    vertex -0.12637642326849 -0.288 -0.114623145602579
    vertex -0.12637642326849 -0.4 -0.114623145602579
  endloop
endfacet
facet normal 0.681457704252477 -3.05388913552608e-018 0.731857497956361
  outer loop
    vertex -0.12637642326849 -0.288 -0.114623145602579
    vertex -0.1202902194465 -0.4 -0.1202902194465
    vertex -0.1202902194465 -0.288 -0.1202902194465
  endloop
endfacet
facet normal 0.923879532511285 -4.00947244522382e-016 -0.382683432365094
  outer loop
    vertex -0.180628129516056 -0.32 0.0483991614341714
    vertex -0.16194675050769 -0.4 0.0935000000000001
    vertex -0.180628129516056 -0.4 0.0483991614341714
  endloop
endfacet
facet normal 0.923879532511285 -4.00947244522382e-016 -0.382683432365094
  outer loop
    vertex -0.16194675050769 -0.4 0.0935000000000001
    vertex -0.180628129516056 -0.32 0.0483991614341714
    vertex -0.16194675050769 -0.288 0.0935000000000001
  endloop
endfacet
facet normal 0.923879532511285 -4.00947244522382e-016 -0.382683432365094
  outer loop
    vertex -0.16194675050769 -0.288 0.0935000000000001
    vertex -0.180628129516056 -0.32 0.0483991614341714
    vertex -0.180628129516056 0.1 0.0483991614341709
  endloop
endfacet
facet normal 0.923879532511285 -4.00947244522382e-016 -0.382683432365094
  outer loop
    vertex -0.16194675050769 -0.288 0.0935000000000001
    vertex -0.180628129516056 0.1 0.0483991614341709
    vertex -0.16194675050769 0.1 0.0934999999999996
  endloop
endfacet
facet normal 0.991444861373811 1.20339042796385e-016 0.130526192220047
  outer loop
    vertex -0.180628129516056 0.1 -0.0483991614341718
    vertex -0.187 -0.32 5.55111512312578e-017
    vertex -0.180628129516056 -0.32 -0.0483991614341714
  endloop
endfacet
facet normal 0.991444861373811 1.20339042796385e-016 0.130526192220047
  outer loop
    vertex -0.187 -0.32 5.55111512312578e-017
    vertex -0.180628129516056 0.1 -0.0483991614341718
    vertex -0.187 0.1 -4.44089209850063e-016
  endloop
endfacet
facet normal 0.382683432365107 -1.22723914192073e-031 0.92387953251128
  outer loop
    vertex 0.078 0.1 0.135099962990372
    vertex 0.0403757710359933 0.18 0.150684428901095
    vertex 0.0403757710359933 0.1 0.150684428901095
  endloop
endfacet
facet normal 0.382683432365107 -1.22723914192073e-031 0.92387953251128
  outer loop
    vertex 0.0403757710359933 0.18 0.150684428901095
    vertex 0.078 0.1 0.135099962990372
    vertex 0.078 0.18 0.135099962990372
  endloop
endfacet
facet normal -0.991444861373811 3.08063741325138e-017 -0.130526192220047
  outer loop
    vertex 0.180628129516056 0.1 0.0483991614341719
    vertex 0.187 -0.384 3.88578058618805e-016
    vertex 0.180628129516056 -0.384 0.0483991614341717
  endloop
endfacet
facet normal -0.991444861373811 3.08063741325138e-017 -0.130526192220047
  outer loop
    vertex 0.187 -0.384 3.88578058618805e-016
    vertex 0.180628129516056 0.1 0.0483991614341719
    vertex 0.187 0.1 3.88578058618805e-016
  endloop
endfacet
facet normal -0.608761429008726 1.02415759084993e-015 0.793353340291231
  outer loop
    vertex 0.132228968081884 -0.288 -0.132228968081884
    vertex 0.0935000000000003 0.1 -0.16194675050769
    vertex 0.0935 -0.288 -0.16194675050769
  endloop
endfacet
facet normal -0.608761429008726 1.02415759084993e-015 0.793353340291231
  outer loop
    vertex 0.0935000000000003 0.1 -0.16194675050769
    vertex 0.132228968081884 -0.288 -0.132228968081884
    vertex 0.132228968081885 0.1 -0.132228968081884
  endloop
endfacet
facet normal 0.923650653869157 -5.67246955497276e-032 0.383235527589861
  outer loop
    vertex -0.0935 -0.288 -0.16194675050769
    vertex -0.0966870268997078 -0.4 -0.154265574656572
    vertex -0.0935 -0.4 -0.16194675050769
  endloop
endfacet
facet normal 0.923650653869157 -5.67246955497276e-032 0.383235527589861
  outer loop
    vertex -0.0966870268997078 -0.4 -0.154265574656572
    vertex -0.0935 -0.288 -0.16194675050769
    vertex -0.0966870268997078 -0.288 -0.154265574656572
  endloop
endfacet
facet normal 0.991444861373812 1.19340834170542e-031 -0.130526192220043
  outer loop
    vertex 0.150684428901095 0.18 -0.0403757710359934
    vertex 0.156 0.1 -5.55111512312578e-017
    vertex 0.150684428901095 0.1 -0.0403757710359934
  endloop
endfacet
facet normal 0.991444861373812 1.19340834170542e-031 -0.130526192220043
  outer loop
    vertex 0.156 0.1 -5.55111512312578e-017
    vertex 0.150684428901095 0.18 -0.0403757710359934
    vertex 0.156 0.18 -5.55111512312578e-017
  endloop
endfacet
facet normal 0.383235527589851 9.97911397423782e-019 0.923650653869161
  outer loop
    vertex -0.154265574656572 -0.4 -0.0966870268997077
    vertex -0.16194675050769 -0.288 -0.0935
    vertex -0.16194675050769 -0.4 -0.0935
  endloop
endfacet
facet normal 0.383235527589851 9.97911397423782e-019 0.923650653869161
  outer loop
    vertex -0.16194675050769 -0.288 -0.0935
    vertex -0.154265574656572 -0.4 -0.0966870268997077
    vertex -0.154265574656572 -0.288 -0.0966870268997077
  endloop
endfacet
facet normal 0.793353340291231 -0.0 -0.608761429008727
  outer loop
    vertex 0.110308657865101 0.18 -0.110308657865101
    vertex 0.135099962990372 0.1 -0.0780000000000001
    vertex 0.110308657865101 0.1 -0.110308657865101
  endloop
endfacet
facet normal 0.793353340291231 -0.0 -0.608761429008727
  outer loop
    vertex 0.135099962990372 0.1 -0.0780000000000001
    vertex 0.110308657865101 0.18 -0.110308657865101
    vertex 0.135099962990372 0.18 -0.0780000000000001
  endloop
endfacet
facet normal 0.570545765137634 1.20515394205875e-031 0.821265809518156
  outer loop
    vertex -0.13285083745867 -0.4 -0.10940399204963
    vertex -0.139680570190406 -0.288 -0.104659273540771
    vertex -0.139680570190406 -0.4 -0.104659273540771
  endloop
endfacet
facet normal 0.570545765137634 1.20515394205875e-031 0.821265809518156
  outer loop
    vertex -0.139680570190406 -0.288 -0.104659273540771
    vertex -0.13285083745867 -0.4 -0.10940399204963
    vertex -0.13285083745867 -0.288 -0.10940399204963
  endloop
endfacet
facet normal -0.991444861373811 -4.62095611987706e-017 0.130526192220046
  outer loop
    vertex 0.187 0.1 3.88578058618805e-016
    vertex 0.180628129516056 -0.384 -0.0483991614341713
    vertex 0.187 -0.384 3.88578058618805e-016
  endloop
endfacet
facet normal -0.991444861373811 -4.62095611987706e-017 0.130526192220046
  outer loop
    vertex 0.180628129516056 -0.384 -0.0483991614341713
    vertex 0.187 0.1 3.88578058618805e-016
    vertex 0.180628129516056 0.1 -0.048399161434171
  endloop
endfacet
facet normal 0.382683432365106 1.11207953541872e-031 -0.92387953251128
  outer loop
    vertex 0.0779999999999999 0.18 -0.135099962990372
    vertex 0.0403757710359931 0.1 -0.150684428901095
    vertex 0.0403757710359931 0.18 -0.150684428901095
  endloop
endfacet
facet normal 0.382683432365106 1.11207953541872e-031 -0.92387953251128
  outer loop
    vertex 0.0403757710359931 0.1 -0.150684428901095
    vertex 0.0779999999999999 0.18 -0.135099962990372
    vertex 0.0779999999999999 0.1 -0.135099962990372
  endloop
endfacet
facet normal 0.448054426036948 9.68155257694977e-019 0.894006281470495
  outer loop
    vertex -0.14683092451995 -0.4 -0.100413094567007
    vertex -0.154265574656572 -0.288 -0.0966870268997077
    vertex -0.154265574656572 -0.4 -0.0966870268997077
  endloop
endfacet
facet normal 0.448054426036948 9.68155257694977e-019 0.894006281470495
  outer loop
    vertex -0.154265574656572 -0.288 -0.0966870268997077
    vertex -0.14683092451995 -0.4 -0.100413094567007
    vertex -0.14683092451995 -0.288 -0.100413094567007
  endloop
endfacet
facet normal -0.130526192220052 -1.5443965417225e-016 -0.99144486137381
  outer loop
    vertex 0.0483991614341708 0.1 0.180628129516056
    vertex 0.0317262355639618 -0.15 0.182823161848958
    vertex 0.0317262355639618 0.1 0.182823161848958
  endloop
endfacet
facet normal -0.130526192220052 -1.5443965417225e-016 -0.99144486137381
  outer loop
    vertex 0.0317262355639618 -0.15 0.182823161848958
    vertex 0.0483991614341708 0.1 0.180628129516056
    vertex 0.0317262355639618 -0.27 0.182823161848958
  endloop
endfacet
facet normal -0.130526192220052 -1.5443965417225e-016 -0.99144486137381
  outer loop
    vertex 0.0317262355639618 -0.27 0.182823161848958
    vertex 0.0483991614341708 0.1 0.180628129516056
    vertex 0.0317262355639618 -0.36 0.182823161848958
  endloop
endfacet
facet normal -0.130526192220052 -1.5443965417225e-016 -0.99144486137381
  outer loop
    vertex 0.0317262355639618 -0.36 0.182823161848958
    vertex -1.11022302462516e-016 -0.4 0.187
    vertex -1.11022302462516e-016 -0.36 0.187
  endloop
endfacet
facet normal -0.130526192220052 -1.5443965417225e-016 -0.99144486137381
  outer loop
    vertex -1.11022302462516e-016 -0.4 0.187
    vertex 0.0317262355639618 -0.36 0.182823161848958
    vertex 0.0483991614341712 -0.4 0.180628129516056
  endloop
endfacet
facet normal -0.130526192220052 -1.5443965417225e-016 -0.99144486137381
  outer loop
    vertex 0.0483991614341712 -0.4 0.180628129516056
    vertex 0.0317262355639618 -0.36 0.182823161848958
    vertex 0.0483991614341708 0.1 0.180628129516056
  endloop
endfacet
facet normal -0.130526192220052 -1.5443965417225e-016 -0.99144486137381
  outer loop
    vertex 0.0317262355639618 -0.15 0.182823161848958
    vertex -1.11022302462516e-016 -0.27 0.187
    vertex -1.94289029309402e-016 -0.15 0.187
  endloop
endfacet
facet normal -0.130526192220052 -1.5443965417225e-016 -0.99144486137381
  outer loop
    vertex -1.11022302462516e-016 -0.27 0.187
    vertex 0.0317262355639618 -0.15 0.182823161848958
    vertex 0.0317262355639618 -0.27 0.182823161848958
  endloop
endfacet
facet normal 0.510597083256673 -9.28948929092787e-019 0.859820108260896
  outer loop
    vertex -0.139680570190406 -0.4 -0.104659273540771
    vertex -0.14683092451995 -0.288 -0.100413094567007
    vertex -0.14683092451995 -0.4 -0.100413094567007
  endloop
endfacet
facet normal 0.510597083256673 -9.28948929092787e-019 0.859820108260896
  outer loop
    vertex -0.14683092451995 -0.288 -0.100413094567007
    vertex -0.139680570190406 -0.4 -0.104659273540771
    vertex -0.139680570190406 -0.288 -0.104659273540771
  endloop
endfacet
facet normal 0.793353340291233 7.32769915697417e-032 0.608761429008724
  outer loop
    vertex 0.135099962990372 0.18 0.0779999999999999
    vertex 0.110308657865101 0.1 0.110308657865101
    vertex 0.135099962990372 0.1 0.0779999999999999
  endloop
endfacet
facet normal 0.793353340291233 7.32769915697417e-032 0.608761429008724
  outer loop
    vertex 0.110308657865101 0.1 0.110308657865101
    vertex 0.135099962990372 0.18 0.0779999999999999
    vertex 0.110308657865101 0.18 0.110308657865101
  endloop
endfacet
facet normal 0.731857497956361 -3.05388913552608e-018 0.681457704252477
  outer loop
    vertex -0.114623145602579 -0.288 -0.12637642326849
    vertex -0.1202902194465 -0.4 -0.1202902194465
    vertex -0.114623145602579 -0.4 -0.12637642326849
  endloop
endfacet
facet normal 0.731857497956361 -3.05388913552608e-018 0.681457704252477
  outer loop
    vertex -0.1202902194465 -0.4 -0.1202902194465
    vertex -0.114623145602579 -0.288 -0.12637642326849
    vertex -0.1202902194465 -0.288 -0.1202902194465
  endloop
endfacet
facet normal -0.130526192220046 2.77790633884766e-016 0.991444861373811
  outer loop
    vertex 0.0483991614341714 -0.352 -0.180628129516056
    vertex 3.60822483003176e-016 0.1 -0.187
    vertex 2.77555756156289e-017 -0.352 -0.187
  endloop
endfacet
facet normal -0.130526192220046 2.77790633884766e-016 0.991444861373811
  outer loop
    vertex 3.60822483003176e-016 0.1 -0.187
    vertex 0.0483991614341714 -0.352 -0.180628129516056
    vertex 0.032352380637815 0.1 -0.182740728286134
  endloop
endfacet
facet normal -0.130526192220046 2.77790633884766e-016 0.991444861373811
  outer loop
    vertex 0.032352380637815 0.1 -0.182740728286134
    vertex 0.0483991614341714 -0.352 -0.180628129516056
    vertex 0.0483991614341718 0.1 -0.180628129516056
  endloop
endfacet
facet normal -0.991444861373812 1.19340834170542e-031 0.130526192220043
  outer loop
    vertex -0.150684428901095 0.18 0.0403757710359933
    vertex -0.156 0.1 0.0
    vertex -0.150684428901095 0.1 0.0403757710359933
  endloop
endfacet
facet normal -0.991444861373812 1.19340834170542e-031 0.130526192220043
  outer loop
    vertex -0.156 0.1 0.0
    vertex -0.150684428901095 0.18 0.0403757710359933
    vertex -0.156 0.18 0.0
  endloop
endfacet
facet normal -0.0 1.0 -0.0
  outer loop
    vertex -0.132228968081884 -0.288 -0.132228968081884
    vertex -0.0966870268997078 -0.288 -0.154265574656572
    vertex -0.0935 -0.288 -0.16194675050769
  endloop
endfacet
facet normal -0.0 1.0 -0.0
  outer loop
    vertex -0.0966870268997078 -0.288 -0.154265574656572
    vertex -0.132228968081884 -0.288 -0.132228968081884
    vertex -0.100413094567007 -0.288 -0.14683092451995
  endloop
endfacet
facet normal -0.0 1.0 -0.0
  outer loop
    vertex -0.100413094567007 -0.288 -0.14683092451995
    vertex -0.132228968081884 -0.288 -0.132228968081884
    vertex -0.104659273540771 -0.288 -0.139680570190406
  endloop
endfacet
facet normal -0.0 1.0 -0.0
  outer loop
    vertex -0.104659273540771 -0.288 -0.139680570190406
    vertex -0.132228968081884 -0.288 -0.132228968081884
    vertex -0.10940399204963 -0.288 -0.13285083745867
  endloop
endfacet
facet normal -0.0 1.0 -0.0
  outer loop
    vertex -0.10940399204963 -0.288 -0.13285083745867
    vertex -0.132228968081884 -0.288 -0.132228968081884
    vertex -0.114623145602579 -0.288 -0.12637642326849
  endloop
endfacet
facet normal -0.0 1.0 -0.0
  outer loop
    vertex -0.114623145602579 -0.288 -0.12637642326849
    vertex -0.132228968081884 -0.288 -0.132228968081884
    vertex -0.16194675050769 -0.288 -0.0935
  endloop
endfacet
facet normal -0.0 1.0 -0.0
  outer loop
    vertex -0.114623145602579 -0.288 -0.12637642326849
    vertex -0.16194675050769 -0.288 -0.0935
    vertex -0.1202902194465 -0.288 -0.1202902194465
  endloop
endfacet
facet normal -0.0 1.0 -0.0
  outer loop
    vertex -0.1202902194465 -0.288 -0.1202902194465
    vertex -0.16194675050769 -0.288 -0.0935
    vertex -0.12637642326849 -0.288 -0.114623145602579
  endloop
endfacet
facet normal -0.0 1.0 -0.0
  outer loop
    vertex -0.12637642326849 -0.288 -0.114623145602579
    vertex -0.16194675050769 -0.288 -0.0935
    vertex -0.13285083745867 -0.288 -0.10940399204963
  endloop
endfacet
facet normal -0.0 1.0 -0.0
  outer loop
    vertex -0.13285083745867 -0.288 -0.10940399204963
    vertex -0.16194675050769 -0.288 -0.0935
    vertex -0.139680570190406 -0.288 -0.104659273540771
  endloop
endfacet
facet normal -0.0 1.0 -0.0
  outer loop
    vertex -0.139680570190406 -0.288 -0.104659273540771
    vertex -0.16194675050769 -0.288 -0.0935
    vertex -0.14683092451995 -0.288 -0.100413094567007
  endloop
endfacet
facet normal -0.0 1.0 -0.0
  outer loop
    vertex -0.14683092451995 -0.288 -0.100413094567007
    vertex -0.16194675050769 -0.288 -0.0935
    vertex -0.154265574656572 -0.288 -0.0966870268997077
  endloop
endfacet
facet normal -0.382683432365106 -0.0 0.92387953251128
  outer loop
    vertex -0.0403757710359932 -0.4 0.150684428901095
    vertex -0.078 0.0 0.135099962990372
    vertex -0.078 -0.4 0.135099962990372
  endloop
endfacet
facet normal -0.382683432365106 -0.0 0.92387953251128
  outer loop
    vertex -0.078 0.0 0.135099962990372
    vertex -0.0403757710359932 -0.4 0.150684428901095
    vertex -0.0403757710359932 0.0 0.150684428901095
  endloop
endfacet
facet normal 0.92387953251128 -1.11207953541872e-031 0.382683432365107
  outer loop
    vertex 0.150684428901095 0.18 0.0403757710359932
    vertex 0.135099962990372 0.1 0.0779999999999999
    vertex 0.150684428901095 0.1 0.0403757710359932
  endloop
endfacet
facet normal 0.92387953251128 -1.11207953541872e-031 0.382683432365107
  outer loop
    vertex 0.135099962990372 0.1 0.0779999999999999
    vertex 0.150684428901095 0.18 0.0403757710359932
    vertex 0.135099962990372 0.18 0.0779999999999999
  endloop
endfacet
facet normal 0.778539251813756 -1.35610820956103e-018 0.627595915685625
  outer loop
    vertex -0.10940399204963 -0.288 -0.13285083745867
    vertex -0.114623145602579 -0.4 -0.12637642326849
    vertex -0.10940399204963 -0.4 -0.13285083745867
  endloop
endfacet
facet normal 0.778539251813756 -1.35610820956103e-018 0.627595915685625
  outer loop
    vertex -0.114623145602579 -0.4 -0.12637642326849
    vertex -0.10940399204963 -0.288 -0.13285083745867
    vertex -0.114623145602579 -0.288 -0.12637642326849
  endloop
endfacet
facet normal -0.793353340291231 0.0 0.608761429008727
  outer loop
    vertex -0.110308657865101 0.0 0.110308657865101
    vertex -0.135099962990372 -0.4 0.0780000000000001
    vertex -0.110308657865101 -0.4 0.110308657865101
  endloop
endfacet
facet normal -0.793353340291231 0.0 0.608761429008727
  outer loop
    vertex -0.135099962990372 -0.4 0.0780000000000001
    vertex -0.110308657865101 0.0 0.110308657865101
    vertex -0.135099962990372 0.0 0.0780000000000001
  endloop
endfacet
facet normal 0.0 1.0 0.0
  outer loop
    vertex -0.132228968081884 -0.288 0.132228968081884
    vertex -0.154265574656572 -0.288 0.0966870268997078
    vertex -0.16194675050769 -0.288 0.0935000000000001
  endloop
endfacet
facet normal 0.0 1.0 0.0
  outer loop
    vertex -0.154265574656572 -0.288 0.0966870268997078
    vertex -0.132228968081884 -0.288 0.132228968081884
    vertex -0.14683092451995 -0.288 0.100413094567007
  endloop
endfacet
facet normal 0.0 1.0 0.0
  outer loop
    vertex -0.14683092451995 -0.288 0.100413094567007
    vertex -0.132228968081884 -0.288 0.132228968081884
    vertex -0.139680570190406 -0.288 0.104659273540771
  endloop
endfacet
facet normal 0.0 1.0 0.0
  outer loop
    vertex -0.139680570190406 -0.288 0.104659273540771
    vertex -0.132228968081884 -0.288 0.132228968081884
    vertex -0.13285083745867 -0.288 0.10940399204963
  endloop
endfacet
facet normal 0.0 1.0 0.0
  outer loop
    vertex -0.13285083745867 -0.288 0.10940399204963
    vertex -0.132228968081884 -0.288 0.132228968081884
    vertex -0.12637642326849 -0.288 0.114623145602579
  endloop
endfacet
facet normal 0.0 1.0 0.0
  outer loop
    vertex -0.12637642326849 -0.288 0.114623145602579
    vertex -0.132228968081884 -0.288 0.132228968081884
    vertex -0.1202902194465 -0.288 0.1202902194465
  endloop
endfacet
facet normal 0.0 1.0 0.0
  outer loop
    vertex -0.1202902194465 -0.288 0.1202902194465
    vertex -0.132228968081884 -0.288 0.132228968081884
    vertex -0.114623145602579 -0.288 0.12637642326849
  endloop
endfacet
facet normal 0.0 1.0 0.0
  outer loop
    vertex -0.114623145602579 -0.288 0.12637642326849
    vertex -0.132228968081884 -0.288 0.132228968081884
    vertex -0.10940399204963 -0.288 0.13285083745867
  endloop
endfacet
facet normal 0.0 1.0 0.0
  outer loop
    vertex -0.10940399204963 -0.288 0.13285083745867
    vertex -0.132228968081884 -0.288 0.132228968081884
    vertex -0.0935 -0.288 0.16194675050769
  endloop
endfacet
facet normal 0.0 1.0 0.0
  outer loop
    vertex -0.10940399204963 -0.288 0.13285083745867
    vertex -0.0935 -0.288 0.16194675050769
    vertex -0.104659273540771 -0.288 0.139680570190406
  endloop
endfacet
facet normal 0.0 1.0 0.0
  outer loop
    vertex -0.104659273540771 -0.288 0.139680570190406
    vertex -0.0935 -0.288 0.16194675050769
    vertex -0.100413094567007 -0.288 0.14683092451995
  endloop
endfacet
facet normal 0.0 1.0 0.0
  outer loop
    vertex -0.100413094567007 -0.288 0.14683092451995
    vertex -0.0935 -0.288 0.16194675050769
    vertex -0.0966870268997077 -0.288 0.154265574656572
  endloop
endfacet
facet normal 0.0 -1.0 0.0
  outer loop
    vertex 0.0317262355639618 -0.15 0.262823161848958
    vertex -1.94289029309402e-016 -0.15 0.187
    vertex 0.0317262355639618 -0.15 0.182823161848958
  endloop
endfacet
facet normal 0.0 -1.0 0.0
  outer loop
    vertex -1.94289029309402e-016 -0.15 0.187
    vertex -0.0317262355639621 -0.15 0.262823161848958
    vertex -0.031726235563962 -0.15 0.182823161848958
  endloop
endfacet
facet normal 0.0 -1.0 0.0
  outer loop
    vertex -0.0317262355639621 -0.15 0.262823161848958
    vertex -1.94289029309402e-016 -0.15 0.187
    vertex 0.0317262355639618 -0.15 0.262823161848958
  endloop
endfacet
facet normal -0.130526192220043 -0.0 0.991444861373812
  outer loop
    vertex -5.55111512312578e-017 -0.4 0.156
    vertex -0.0403757710359932 0.0 0.150684428901095
    vertex -0.0403757710359932 -0.4 0.150684428901095
  endloop
endfacet
facet normal -0.130526192220043 -0.0 0.991444861373812
  outer loop
    vertex -0.0403757710359932 0.0 0.150684428901095
    vertex -5.55111512312578e-017 -0.4 0.156
    vertex -5.55111512312578e-017 0.0 0.156
  endloop
endfacet
facet normal 0.130526192220043 -0.0 0.991444861373812
  outer loop
    vertex 0.0403757710359933 -0.4 0.150684428901095
    vertex -5.55111512312578e-017 0.0 0.156
    vertex -5.55111512312578e-017 -0.4 0.156
  endloop
endfacet
facet normal 0.130526192220043 -0.0 0.991444861373812
  outer loop
    vertex -5.55111512312578e-017 0.0 0.156
    vertex 0.0403757710359933 -0.4 0.150684428901095
    vertex 0.0403757710359933 0.0 0.150684428901095
  endloop
endfacet
facet normal -0.382683432365095 2.86208958826173e-016 0.923879532511285
  outer loop
    vertex 0.0935 -0.4 -0.16194675050769
    vertex 0.0483991614341714 -0.352 -0.180628129516056
    vertex 0.0483991614341714 -0.4 -0.180628129516056
  endloop
endfacet
facet normal -0.382683432365095 2.86208958826173e-016 0.923879532511285
  outer loop
    vertex 0.0483991614341714 -0.352 -0.180628129516056
    vertex 0.0935 -0.4 -0.16194675050769
    vertex 0.0483991614341718 0.1 -0.180628129516056
  endloop
endfacet
facet normal -0.382683432365095 2.86208958826173e-016 0.923879532511285
  outer loop
    vertex 0.0483991614341718 0.1 -0.180628129516056
    vertex 0.0935 -0.4 -0.16194675050769
    vertex 0.0935 -0.288 -0.16194675050769
  endloop
endfacet
facet normal -0.382683432365095 2.86208958826173e-016 0.923879532511285
  outer loop
    vertex 0.0483991614341718 0.1 -0.180628129516056
    vertex 0.0935 -0.288 -0.16194675050769
    vertex 0.0935000000000003 0.1 -0.16194675050769
  endloop
endfacet
facet normal 0.991444861373811 -1.35321011979871e-016 -0.130526192220047
  outer loop
    vertex -0.187 0.1 -4.44089209850063e-016
    vertex -0.180628129516056 -0.32 0.0483991614341714
    vertex -0.187 -0.32 5.55111512312578e-017
  endloop
endfacet
facet normal 0.991444861373811 -1.35321011979871e-016 -0.130526192220047
  outer loop
    vertex -0.180628129516056 -0.32 0.0483991614341714
    vertex -0.187 0.1 -4.44089209850063e-016
    vertex -0.180628129516056 0.1 0.0483991614341709
  endloop
endfacet
facet normal 0.382683432365107 -0.0 0.92387953251128
  outer loop
    vertex 0.078 -0.4 0.135099962990372
    vertex 0.0403757710359933 0.0 0.150684428901095
    vertex 0.0403757710359933 -0.4 0.150684428901095
  endloop
endfacet
facet normal 0.382683432365107 -0.0 0.92387953251128
  outer loop
    vertex 0.0403757710359933 0.0 0.150684428901095
    vertex 0.078 -0.4 0.135099962990372
    vertex 0.078 0.0 0.135099962990372
  endloop
endfacet
facet normal 0.793353340291231 1.09956645455977e-015 0.608761429008726
  outer loop
    vertex -0.132228968081884 0.1 -0.132228968081885
    vertex -0.16194675050769 -0.288 -0.0935
    vertex -0.132228968081884 -0.288 -0.132228968081884
  endloop
endfacet
facet normal 0.793353340291231 1.09956645455977e-015 0.608761429008726
  outer loop
    vertex -0.16194675050769 -0.288 -0.0935
    vertex -0.132228968081884 0.1 -0.132228968081885
    vertex -0.16194675050769 0.1 -0.0935000000000004
  endloop
endfacet
facet normal 0.608761429008725 -0.0 0.793353340291232
  outer loop
    vertex 0.110308657865101 -0.4 0.110308657865101
    vertex 0.078 0.0 0.135099962990372
    vertex 0.078 -0.4 0.135099962990372
  endloop
endfacet
facet normal 0.608761429008725 -0.0 0.793353340291232
  outer loop
    vertex 0.078 0.0 0.135099962990372
    vertex 0.110308657865101 -0.4 0.110308657865101
    vertex 0.110308657865101 0.0 0.110308657865101
  endloop
endfacet
facet normal 0.793353340291232 -0.0 0.608761429008725
  outer loop
    vertex 0.135099962990372 0.0 0.078
    vertex 0.110308657865101 -0.4 0.110308657865101
    vertex 0.135099962990372 -0.4 0.078
  endloop
endfacet
facet normal 0.793353340291232 -0.0 0.608761429008725
  outer loop
    vertex 0.110308657865101 -0.4 0.110308657865101
    vertex 0.135099962990372 0.0 0.078
    vertex 0.110308657865101 0.0 0.110308657865101
  endloop
endfacet
facet normal 0.382683432365094 -2.43520914735405e-016 0.923879532511285
  outer loop
    vertex -0.0483991614341713 -0.4 -0.180628129516056
    vertex -0.0935 -0.288 -0.16194675050769
    vertex -0.0935 -0.4 -0.16194675050769
  endloop
endfacet
facet normal 0.382683432365094 -2.43520914735405e-016 0.923879532511285
  outer loop
    vertex -0.0935 -0.288 -0.16194675050769
    vertex -0.0483991614341713 -0.4 -0.180628129516056
    vertex -0.0934999999999997 0.1 -0.16194675050769
  endloop
endfacet
facet normal 0.382683432365094 -2.43520914735405e-016 0.923879532511285
  outer loop
    vertex -0.0934999999999997 0.1 -0.16194675050769
    vertex -0.0483991614341713 -0.4 -0.180628129516056
    vertex -0.0483991614341713 -0.352 -0.180628129516056
  endloop
endfacet
facet normal 0.382683432365094 -2.43520914735405e-016 0.923879532511285
  outer loop
    vertex -0.0934999999999997 0.1 -0.16194675050769
    vertex -0.0483991614341713 -0.352 -0.180628129516056
    vertex -0.048399161434171 0.1 -0.180628129516056
  endloop
endfacet
facet normal 0.92387953251128 -0.0 0.382683432365106
  outer loop
    vertex 0.150684428901095 0.0 0.0403757710359932
    vertex 0.135099962990372 -0.4 0.078
    vertex 0.150684428901095 -0.4 0.0403757710359932
  endloop
endfacet
facet normal 0.92387953251128 -0.0 0.382683432365106
  outer loop
    vertex 0.135099962990372 -0.4 0.078
    vertex 0.150684428901095 0.0 0.0403757710359932
    vertex 0.135099962990372 0.0 0.078
  endloop
endfacet
facet normal 0.991444861373812 -0.0 0.130526192220043
  outer loop
    vertex 0.156 0.0 0.0
    vertex 0.150684428901095 -0.4 0.0403757710359932
    vertex 0.156 -0.4 0.0
  endloop
endfacet
facet normal 0.991444861373812 -0.0 0.130526192220043
  outer loop
    vertex 0.150684428901095 -0.4 0.0403757710359932
    vertex 0.156 0.0 0.0
    vertex 0.150684428901095 0.0 0.0403757710359932
  endloop
endfacet
facet normal 0.991444861373812 -0.0 -0.130526192220043
  outer loop
    vertex 0.150684428901095 0.0 -0.0403757710359933
    vertex 0.156 -0.4 0.0
    vertex 0.150684428901095 -0.4 -0.0403757710359933
  endloop
endfacet
facet normal 0.991444861373812 -0.0 -0.130526192220043
  outer loop
    vertex 0.156 -0.4 0.0
    vertex 0.150684428901095 0.0 -0.0403757710359933
    vertex 0.156 0.0 0.0
  endloop
endfacet
facet normal 0.382683432365095 4.30418448029158e-016 -0.923879532511285
  outer loop
    vertex -0.048399161434172 0.1 0.180628129516056
    vertex -0.0935 -0.288 0.16194675050769
    vertex -0.0935000000000005 0.1 0.16194675050769
  endloop
endfacet
facet normal 0.382683432365095 4.30418448029158e-016 -0.923879532511285
  outer loop
    vertex -0.0935 -0.288 0.16194675050769
    vertex -0.048399161434172 0.1 0.180628129516056
    vertex -0.0935 -0.4 0.16194675050769
  endloop
endfacet
facet normal 0.382683432365095 4.30418448029158e-016 -0.923879532511285
  outer loop
    vertex -0.0935 -0.4 0.16194675050769
    vertex -0.048399161434172 0.1 0.180628129516056
    vertex -0.0483991614341714 -0.4 0.180628129516056
  endloop
endfacet
facet normal 1.0 9.17399337270256e-032 -3.13369402111939e-015
  outer loop
    vertex -0.0317262355639621 0.18 0.151823161848958
    vertex -0.031726235563962 0.1 0.182823161848958
    vertex -0.0317262355639621 0.1 0.151823161848958
  endloop
endfacet
facet normal 0.92387953251128 -0.0 -0.382683432365107
  outer loop
    vertex 0.135099962990372 0.0 -0.078
    vertex 0.150684428901095 -0.4 -0.0403757710359933
    vertex 0.135099962990372 -0.4 -0.078
  endloop
endfacet
facet normal 0.92387953251128 -0.0 -0.382683432365107
  outer loop
    vertex 0.150684428901095 -0.4 -0.0403757710359933
    vertex 0.135099962990372 0.0 -0.078
    vertex 0.150684428901095 0.0 -0.0403757710359933
  endloop
endfacet
facet normal -0.793353340291232 -1.031281974776e-017 0.608761429008725
  outer loop
    vertex -0.110308657865101 0.18 0.110308657865101
    vertex -0.135099962990372 0.1 0.078
    vertex -0.110308657865101 0.1 0.110308657865101
  endloop
endfacet
facet normal -0.793353340291232 -1.031281974776e-017 0.608761429008725
  outer loop
    vertex -0.135099962990372 0.1 0.078
    vertex -0.110308657865101 0.18 0.110308657865101
    vertex -0.135099962990372 0.18 0.078
  endloop
endfacet
facet normal 0.821265809518156 -1.20515394205875e-031 0.570545765137634
  outer loop
    vertex -0.104659273540771 -0.288 -0.139680570190406
    vertex -0.10940399204963 -0.4 -0.13285083745867
    vertex -0.104659273540771 -0.4 -0.139680570190406
  endloop
endfacet
facet normal 0.821265809518156 -1.20515394205875e-031 0.570545765137634
  outer loop
    vertex -0.10940399204963 -0.4 -0.13285083745867
    vertex -0.104659273540771 -0.288 -0.139680570190406
    vertex -0.10940399204963 -0.288 -0.13285083745867
  endloop
endfacet
facet normal 0.894006281470495 1.07865179477474e-031 -0.448054426036948
  outer loop
    vertex -0.100413094567007 -0.288 0.14683092451995
    vertex -0.0966870268997077 -0.4 0.154265574656572
    vertex -0.100413094567007 -0.4 0.14683092451995
  endloop
endfacet
facet normal 0.894006281470495 1.07865179477474e-031 -0.448054426036948
  outer loop
    vertex -0.0966870268997077 -0.4 0.154265574656572
    vertex -0.100413094567007 -0.288 0.14683092451995
    vertex -0.0966870268997077 -0.288 0.154265574656572
  endloop
endfacet
facet normal 0.627595915685625 1.35610820956103e-018 0.778539251813756
  outer loop
    vertex -0.12637642326849 -0.4 -0.114623145602579
    vertex -0.13285083745867 -0.288 -0.10940399204963
    vertex -0.13285083745867 -0.4 -0.10940399204963
  endloop
endfacet
facet normal 0.627595915685625 1.35610820956103e-018 0.778539251813756
  outer loop
    vertex -0.13285083745867 -0.288 -0.10940399204963
    vertex -0.12637642326849 -0.4 -0.114623145602579
    vertex -0.12637642326849 -0.288 -0.114623145602579
  endloop
endfacet
facet normal 0.793353340291232 -0.0 -0.608761429008725
  outer loop
    vertex 0.110308657865101 0.0 -0.110308657865101
    vertex 0.135099962990372 -0.4 -0.078
    vertex 0.110308657865101 -0.4 -0.110308657865101
  endloop
endfacet
facet normal 0.793353340291232 -0.0 -0.608761429008725
  outer loop
    vertex 0.135099962990372 -0.4 -0.078
    vertex 0.110308657865101 0.0 -0.110308657865101
    vertex 0.135099962990372 0.0 -0.078
  endloop
endfacet
facet normal 0.608761429008725 0.0 -0.793353340291232
  outer loop
    vertex 0.110308657865101 0.0 -0.110308657865101
    vertex 0.078 -0.4 -0.135099962990372
    vertex 0.078 0.0 -0.135099962990372
  endloop
endfacet
facet normal 0.608761429008725 0.0 -0.793353340291232
  outer loop
    vertex 0.078 -0.4 -0.135099962990372
    vertex 0.110308657865101 0.0 -0.110308657865101
    vertex 0.110308657865101 -0.4 -0.110308657865101
  endloop
endfacet
facet normal 0.999999192998046 -8.57453274024892e-005 0.00126753737478954
  outer loop
    vertex -0.0320393081008886 0.225 -0.375409525278258
    vertex -0.0323523806378152 0.1 -0.182740728286134
    vertex -0.0322424235822867 0.1 -0.250409690301962
  endloop
endfacet
facet normal 0.999999192998046 -8.57453274024892e-005 0.00126753737478954
  outer loop
    vertex -0.0323523806378152 0.1 -0.182740728286134
    vertex -0.0320393081008886 0.225 -0.375409525278258
    vertex -0.0323523806378153 0.18 -0.151740728286134
  endloop
endfacet
facet normal 0.999999192998046 -8.57453274024892e-005 0.00126753737478954
  outer loop
    vertex -0.0323523806378153 0.18 -0.151740728286134
    vertex -0.0320393081008886 0.225 -0.375409525278258
    vertex -0.0323523806378153 0.35 -0.120740728286134
  endloop
endfacet
facet normal 0.999999192998046 -8.57453274024892e-005 0.00126753737478954
  outer loop
    vertex -0.0323523806378153 0.35 -0.120740728286134
    vertex -0.0320393081008886 0.225 -0.375409525278258
    vertex -0.0320393081008886 0.725 -0.375409525278258
  endloop
endfacet
facet normal 0.382683432365106 0.0 -0.92387953251128
  outer loop
    vertex 0.078 0.0 -0.135099962990372
    vertex 0.0403757710359932 -0.4 -0.150684428901095
    vertex 0.0403757710359932 0.0 -0.150684428901095
  endloop
endfacet
facet normal 0.382683432365106 0.0 -0.92387953251128
  outer loop
    vertex 0.0403757710359932 -0.4 -0.150684428901095
    vertex 0.078 0.0 -0.135099962990372
    vertex 0.078 -0.4 -0.135099962990372
  endloop
endfacet
facet normal 0.130526192220043 0.0 -0.991444861373812
  outer loop
    vertex 0.0403757710359932 0.0 -0.150684428901095
    vertex -5.55111512312578e-017 -0.4 -0.156
    vertex -5.55111512312578e-017 0.0 -0.156
  endloop
endfacet
facet normal 0.130526192220043 0.0 -0.991444861373812
  outer loop
    vertex -5.55111512312578e-017 -0.4 -0.156
    vertex 0.0403757710359932 0.0 -0.150684428901095
    vertex 0.0403757710359932 -0.4 -0.150684428901095
  endloop
endfacet
facet normal -0.991444861373812 1.19340834170542e-031 -0.130526192220043
  outer loop
    vertex -0.156 0.18 0.0
    vertex -0.150684428901095 0.1 -0.0403757710359932
    vertex -0.156 0.1 0.0
  endloop
endfacet
facet normal -0.991444861373812 1.19340834170542e-031 -0.130526192220043
  outer loop
    vertex -0.150684428901095 0.1 -0.0403757710359932
    vertex -0.156 0.18 0.0
    vertex -0.150684428901095 0.18 -0.0403757710359932
  endloop
endfacet
facet normal -0.130526192220043 0.0 -0.991444861373812
  outer loop
    vertex -5.55111512312578e-017 0.0 -0.156
    vertex -0.0403757710359933 -0.4 -0.150684428901095
    vertex -0.0403757710359933 0.0 -0.150684428901095
  endloop
endfacet
facet normal -0.130526192220043 0.0 -0.991444861373812
  outer loop
    vertex -0.0403757710359933 -0.4 -0.150684428901095
    vertex -5.55111512312578e-017 0.0 -0.156
    vertex -5.55111512312578e-017 -0.4 -0.156
  endloop
endfacet
facet normal 0.923879532511285 3.17172329242246e-016 0.382683432365095
  outer loop
    vertex -0.16194675050769 -0.288 -0.0935
    vertex -0.180628129516056 -0.4 -0.0483991614341714
    vertex -0.16194675050769 -0.4 -0.0935
  endloop
endfacet
facet normal 0.923879532511285 3.17172329242246e-016 0.382683432365095
  outer loop
    vertex -0.180628129516056 -0.4 -0.0483991614341714
    vertex -0.16194675050769 -0.288 -0.0935
    vertex -0.180628129516056 -0.32 -0.0483991614341714
  endloop
endfacet
facet normal 0.923879532511285 3.17172329242246e-016 0.382683432365095
  outer loop
    vertex -0.180628129516056 -0.32 -0.0483991614341714
    vertex -0.16194675050769 -0.288 -0.0935
    vertex -0.180628129516056 0.1 -0.0483991614341718
  endloop
endfacet
facet normal 0.923879532511285 3.17172329242246e-016 0.382683432365095
  outer loop
    vertex -0.180628129516056 0.1 -0.0483991614341718
    vertex -0.16194675050769 -0.288 -0.0935
    vertex -0.16194675050769 0.1 -0.0935000000000004
  endloop
endfacet
facet normal -0.793353340291235 7.05935240333998e-016 0.608761429008721
  outer loop
    vertex 0.16194675050769 0.1 -0.0934999999999996
    vertex 0.132228968081884 -0.288 -0.132228968081884
    vertex 0.16194675050769 -0.288 -0.0935
  endloop
endfacet
facet normal -0.793353340291235 7.05935240333998e-016 0.608761429008721
  outer loop
    vertex 0.132228968081884 -0.288 -0.132228968081884
    vertex 0.16194675050769 0.1 -0.0934999999999996
    vertex 0.132228968081885 0.1 -0.132228968081884
  endloop
endfacet
facet normal -0.382683432365106 0.0 -0.92387953251128
  outer loop
    vertex -0.0403757710359933 0.0 -0.150684428901095
    vertex -0.0780000000000001 -0.4 -0.135099962990372
    vertex -0.0780000000000001 0.0 -0.135099962990372
  endloop
endfacet
facet normal -0.382683432365106 0.0 -0.92387953251128
  outer loop
    vertex -0.0780000000000001 -0.4 -0.135099962990372
    vertex -0.0403757710359933 0.0 -0.150684428901095
    vertex -0.0403757710359933 -0.4 -0.150684428901095
  endloop
endfacet
facet normal -0.923879532511285 -2.8630523313989e-016 0.382683432365094
  outer loop
    vertex 0.180628129516056 -0.384 -0.0483991614341713
    vertex 0.16194675050769 -0.4 -0.0935
    vertex 0.180628129516056 -0.4 -0.0483991614341713
  endloop
endfacet
facet normal -0.923879532511285 -2.8630523313989e-016 0.382683432365094
  outer loop
    vertex 0.16194675050769 -0.4 -0.0935
    vertex 0.180628129516056 -0.384 -0.0483991614341713
    vertex 0.16194675050769 -0.288 -0.0935
  endloop
endfacet
facet normal -0.923879532511285 -2.8630523313989e-016 0.382683432365094
  outer loop
    vertex 0.16194675050769 -0.288 -0.0935
    vertex 0.180628129516056 -0.384 -0.0483991614341713
    vertex 0.180628129516056 0.1 -0.048399161434171
  endloop
endfacet
facet normal -0.923879532511285 -2.8630523313989e-016 0.382683432365094
  outer loop
    vertex 0.16194675050769 -0.288 -0.0935
    vertex 0.180628129516056 0.1 -0.048399161434171
    vertex 0.16194675050769 0.1 -0.0934999999999996
  endloop
endfacet
facet normal -0.92387953251128 -1.22723914192073e-031 0.382683432365107
  outer loop
    vertex -0.135099962990372 0.18 0.078
    vertex -0.150684428901095 0.1 0.0403757710359933
    vertex -0.135099962990372 0.1 0.078
  endloop
endfacet
facet normal -0.92387953251128 -1.22723914192073e-031 0.382683432365107
  outer loop
    vertex -0.150684428901095 0.1 0.0403757710359933
    vertex -0.135099962990372 0.18 0.078
    vertex -0.150684428901095 0.18 0.0403757710359933
  endloop
endfacet
facet normal 0.999999293144752 0.000375292727258536 0.00112821335087161
  outer loop
    vertex -0.031726235563962 0.1 0.182823161848958
    vertex -0.0320393081008886 0.35 0.374590474721742
    vertex -0.0317262355639621 -0.15 0.262823161848958
  endloop
endfacet
facet normal 0.999999293144752 0.000375292727258536 0.00112821335087161
  outer loop
    vertex -0.0320393081008886 0.35 0.374590474721742
    vertex -0.031726235563962 0.1 0.182823161848958
    vertex -0.0317262355639621 0.18 0.151823161848958
  endloop
endfacet
facet normal -0.608761429008727 0.0 -0.793353340291231
  outer loop
    vertex -0.0780000000000001 0.0 -0.135099962990372
    vertex -0.110308657865101 -0.4 -0.110308657865101
    vertex -0.110308657865101 0.0 -0.110308657865101
  endloop
endfacet
facet normal -0.608761429008727 0.0 -0.793353340291231
  outer loop
    vertex -0.110308657865101 -0.4 -0.110308657865101
    vertex -0.0780000000000001 0.0 -0.135099962990372
    vertex -0.0780000000000001 -0.4 -0.135099962990372
  endloop
endfacet
facet normal 0.92387953251128 -9.96919928916715e-032 -0.382683432365107
  outer loop
    vertex 0.135099962990372 0.18 -0.0780000000000001
    vertex 0.150684428901095 0.1 -0.0403757710359934
    vertex 0.135099962990372 0.1 -0.0780000000000001
  endloop
endfacet
facet normal 0.92387953251128 -9.96919928916715e-032 -0.382683432365107
  outer loop
    vertex 0.150684428901095 0.1 -0.0403757710359934
    vertex 0.135099962990372 0.18 -0.0780000000000001
    vertex 0.150684428901095 0.18 -0.0403757710359934
  endloop
endfacet
facet normal 1.0 9.02779661431517e-032 1.21430643318377e-015
  outer loop
    vertex -0.031726235563962 0.1 0.182823161848958
    vertex -0.0317262355639621 -0.15 0.262823161848958
    vertex -0.031726235563962 -0.15 0.182823161848958
  endloop
endfacet
facet normal -0.999999680308491 -0.000234855729394813 -0.000764346584803715
  outer loop
    vertex 0.032352380637815 0.18 -0.151740728286134
    vertex 0.032352380637815 0.1 -0.182740728286134
    vertex 0.032352380637815 0.1 -0.151740728286134
  endloop
endfacet
facet normal -0.999999680308491 -0.000234855729394813 -0.000764346584803715
  outer loop
    vertex 0.032352380637815 0.1 -0.182740728286134
    vertex 0.032352380637815 0.18 -0.151740728286134
    vertex 0.032352380637815 0.1 -0.250284392147069
  endloop
endfacet
facet normal -0.999999680308491 -0.000234855729394813 -0.000764346584803715
  outer loop
    vertex 0.032352380637815 0.1 -0.250284392147069
    vertex 0.032352380637815 0.18 -0.151740728286134
    vertex 0.032352380637815 0.225 -0.375409525278258
  endloop
endfacet
facet normal -0.999999680308491 -0.000234855729394813 -0.000764346584803715
  outer loop
    vertex 0.032352380637815 0.225 -0.375409525278258
    vertex 0.032352380637815 0.18 -0.151740728286134
    vertex 0.032352380637815 0.35 -0.120740728286134
  endloop
endfacet
facet normal -0.999999680308491 -0.000234855729394813 -0.000764346584803715
  outer loop
    vertex 0.032352380637815 0.225 -0.375409525278258
    vertex 0.032352380637815 0.35 -0.120740728286134
    vertex 0.032352380637815 0.725 -0.375409525278258
  endloop
endfacet
facet normal -0.999999680308491 -0.000234855729394813 -0.000764346584803715
  outer loop
    vertex 0.032352380637815 0.725 -0.375409525278258
    vertex 0.032352380637815 0.35 -0.120740728286134
    vertex 0.0317262355639618 0.725 0.374590474721742
  endloop
endfacet
facet normal -0.999999680308491 -0.000234855729394813 -0.000764346584803715
  outer loop
    vertex 0.032352380637815 0.725 -0.375409525278258
    vertex 0.0317262355639618 0.725 0.374590474721742
    vertex 0.0318305930762707 0.85 0.249590474721742
  endloop
endfacet
facet normal -0.999999680308491 -0.000234855729394813 -0.000764346584803715
  outer loop
    vertex 0.032352380637815 0.725 -0.375409525278258
    vertex 0.0318305930762707 0.85 0.249590474721742
    vertex 0.0322480231618743 0.85 -0.250409568840196
  endloop
endfacet
facet normal -0.923879532511288 0.0 -0.382683432365086
  outer loop
    vertex -0.150684428901095 0.0 -0.0403757710359933
    vertex -0.135099962990373 -0.4 -0.078
    vertex -0.150684428901095 -0.4 -0.0403757710359933
  endloop
endfacet
facet normal -0.923879532511288 0.0 -0.382683432365086
  outer loop
    vertex -0.135099962990373 -0.4 -0.078
    vertex -0.150684428901095 0.0 -0.0403757710359933
    vertex -0.135099962990373 0.0 -0.078
  endloop
endfacet
facet normal 0.608761429008721 7.83097798548717e-016 0.793353340291235
  outer loop
    vertex -0.0935 -0.288 -0.16194675050769
    vertex -0.132228968081884 0.1 -0.132228968081885
    vertex -0.132228968081884 -0.288 -0.132228968081884
  endloop
endfacet
facet normal 0.608761429008721 7.83097798548717e-016 0.793353340291235
  outer loop
    vertex -0.132228968081884 0.1 -0.132228968081885
    vertex -0.0935 -0.288 -0.16194675050769
    vertex -0.0934999999999997 0.1 -0.16194675050769
  endloop
endfacet
facet normal -0.79335334029122 0.0 -0.608761429008741
  outer loop
    vertex -0.135099962990373 0.0 -0.078
    vertex -0.110308657865101 -0.4 -0.110308657865101
    vertex -0.135099962990373 -0.4 -0.078
  endloop
endfacet
facet normal -0.79335334029122 0.0 -0.608761429008741
  outer loop
    vertex -0.110308657865101 -0.4 -0.110308657865101
    vertex -0.135099962990373 0.0 -0.078
    vertex -0.110308657865101 0.0 -0.110308657865101
  endloop
endfacet
facet normal -0.608761429008725 1.031281974776e-017 0.793353340291232
  outer loop
    vertex -0.078 0.1 0.135099962990372
    vertex -0.110308657865101 0.18 0.110308657865101
    vertex -0.110308657865101 0.1 0.110308657865101
  endloop
endfacet
facet normal -0.608761429008725 1.031281974776e-017 0.793353340291232
  outer loop
    vertex -0.110308657865101 0.18 0.110308657865101
    vertex -0.078 0.1 0.135099962990372
    vertex -0.078 0.18 0.135099962990372
  endloop
endfacet
facet normal -0.991444861373812 0.0 0.130526192220043
  outer loop
    vertex -0.150684428901095 0.0 0.0403757710359933
    vertex -0.156 -0.4 0.0
    vertex -0.150684428901095 -0.4 0.0403757710359933
  endloop
endfacet
facet normal -0.991444861373812 0.0 0.130526192220043
  outer loop
    vertex -0.156 -0.4 0.0
    vertex -0.150684428901095 0.0 0.0403757710359933
    vertex -0.156 0.0 0.0
  endloop
endfacet
facet normal 0.130526192220051 -3.76096567155217e-017 -0.99144486137381
  outer loop
    vertex -1.94289029309402e-016 -0.15 0.187
    vertex -0.031726235563962 -0.27 0.182823161848958
    vertex -0.031726235563962 -0.15 0.182823161848958
  endloop
endfacet
facet normal 0.130526192220051 -3.76096567155217e-017 -0.99144486137381
  outer loop
    vertex -0.031726235563962 -0.27 0.182823161848958
    vertex -1.94289029309402e-016 -0.15 0.187
    vertex -1.11022302462516e-016 -0.27 0.187
  endloop
endfacet
facet normal 0.130526192220051 -3.76096567155217e-017 -0.99144486137381
  outer loop
    vertex -0.031726235563962 0.1 0.182823161848958
    vertex -0.0483991614341714 -0.4 0.180628129516056
    vertex -0.048399161434172 0.1 0.180628129516056
  endloop
endfacet
facet normal 0.130526192220051 -3.76096567155217e-017 -0.99144486137381
  outer loop
    vertex -0.0483991614341714 -0.4 0.180628129516056
    vertex -0.031726235563962 0.1 0.182823161848958
    vertex -0.031726235563962 -0.36 0.182823161848958
  endloop
endfacet
facet normal 0.130526192220051 -3.76096567155217e-017 -0.99144486137381
  outer loop
    vertex -0.0483991614341714 -0.4 0.180628129516056
    vertex -0.031726235563962 -0.36 0.182823161848958
    vertex -1.11022302462516e-016 -0.4 0.187
  endloop
endfacet
facet normal 0.130526192220051 -3.76096567155217e-017 -0.99144486137381
  outer loop
    vertex -0.031726235563962 -0.36 0.182823161848958
    vertex -0.031726235563962 0.1 0.182823161848958
    vertex -0.031726235563962 -0.15 0.182823161848958
  endloop
endfacet
facet normal 0.130526192220051 -3.76096567155217e-017 -0.99144486137381
  outer loop
    vertex -0.031726235563962 -0.36 0.182823161848958
    vertex -0.031726235563962 -0.15 0.182823161848958
    vertex -0.031726235563962 -0.27 0.182823161848958
  endloop
endfacet
facet normal 0.130526192220051 -3.76096567155217e-017 -0.99144486137381
  outer loop
    vertex -1.11022302462516e-016 -0.4 0.187
    vertex -0.031726235563962 -0.36 0.182823161848958
    vertex -1.11022302462516e-016 -0.36 0.187
  endloop
endfacet
facet normal -0.991444861373812 0.0 -0.130526192220043
  outer loop
    vertex -0.156 0.0 0.0
    vertex -0.150684428901095 -0.4 -0.0403757710359933
    vertex -0.156 -0.4 0.0
  endloop
endfacet
facet normal -0.991444861373812 0.0 -0.130526192220043
  outer loop
    vertex -0.150684428901095 -0.4 -0.0403757710359933
    vertex -0.156 0.0 0.0
    vertex -0.150684428901095 0.0 -0.0403757710359933
  endloop
endfacet
facet normal -0.382683432365107 -9.96919928916715e-032 0.92387953251128
  outer loop
    vertex -0.0403757710359933 0.1 0.150684428901095
    vertex -0.078 0.18 0.135099962990372
    vertex -0.078 0.1 0.135099962990372
  endloop
endfacet
facet normal -0.382683432365107 -9.96919928916715e-032 0.92387953251128
  outer loop
    vertex -0.078 0.18 0.135099962990372
    vertex -0.0403757710359933 0.1 0.150684428901095
    vertex -0.0403757710359933 0.18 0.150684428901095
  endloop
endfacet
facet normal 0.731857497956361 -1.70121629299481e-031 -0.681457704252477
  outer loop
    vertex -0.1202902194465 -0.288 0.1202902194465
    vertex -0.114623145602579 -0.4 0.12637642326849
    vertex -0.1202902194465 -0.4 0.1202902194465
  endloop
endfacet
facet normal 0.731857497956361 -1.70121629299481e-031 -0.681457704252477
  outer loop
    vertex -0.114623145602579 -0.4 0.12637642326849
    vertex -0.1202902194465 -0.288 0.1202902194465
    vertex -0.114623145602579 -0.288 0.12637642326849
  endloop
endfacet
facet normal 0.681457704252477 -1.70121629299481e-031 -0.731857497956361
  outer loop
    vertex -0.1202902194465 -0.288 0.1202902194465
    vertex -0.12637642326849 -0.4 0.114623145602579
    vertex -0.12637642326849 -0.288 0.114623145602579
  endloop
endfacet
facet normal 0.681457704252477 -1.70121629299481e-031 -0.731857497956361
  outer loop
    vertex -0.12637642326849 -0.4 0.114623145602579
    vertex -0.1202902194465 -0.288 0.1202902194465
    vertex -0.1202902194465 -0.4 0.1202902194465
  endloop
endfacet
facet normal -0.923879532511289 -1.11207953541873e-031 -0.382683432365085
  outer loop
    vertex -0.150684428901095 0.18 -0.0403757710359932
    vertex -0.135099962990373 0.1 -0.078
    vertex -0.150684428901095 0.1 -0.0403757710359932
  endloop
endfacet
facet normal -0.923879532511289 -1.11207953541873e-031 -0.382683432365085
  outer loop
    vertex -0.135099962990373 0.1 -0.078
    vertex -0.150684428901095 0.18 -0.0403757710359932
    vertex -0.135099962990373 0.18 -0.078
  endloop
endfacet
facet normal 0.627595915685625 1.51088220874259e-031 -0.778539251813756
  outer loop
    vertex -0.12637642326849 -0.288 0.114623145602579
    vertex -0.13285083745867 -0.4 0.10940399204963
    vertex -0.13285083745867 -0.288 0.10940399204963
  endloop
endfacet
facet normal 0.627595915685625 1.51088220874259e-031 -0.778539251813756
  outer loop
    vertex -0.13285083745867 -0.4 0.10940399204963
    vertex -0.12637642326849 -0.288 0.114623145602579
    vertex -0.12637642326849 -0.4 0.114623145602579
  endloop
endfacet
facet normal 0.130526192220046 1.74011569175475e-016 0.991444861373811
  outer loop
    vertex 2.77555756156289e-017 -0.352 -0.187
    vertex -0.048399161434171 0.1 -0.180628129516056
    vertex -0.0483991614341713 -0.352 -0.180628129516056
  endloop
endfacet
facet normal 0.130526192220046 1.74011569175475e-016 0.991444861373811
  outer loop
    vertex -0.048399161434171 0.1 -0.180628129516056
    vertex 2.77555756156289e-017 -0.352 -0.187
    vertex -0.0323523806378152 0.1 -0.182740728286134
  endloop
endfacet
facet normal 0.130526192220046 1.74011569175475e-016 0.991444861373811
  outer loop
    vertex -0.0323523806378152 0.1 -0.182740728286134
    vertex 2.77555756156289e-017 -0.352 -0.187
    vertex 3.60822483003176e-016 0.1 -0.187
  endloop
endfacet
facet normal 0.570545765137634 -2.36210172643514e-031 -0.821265809518156
  outer loop
    vertex -0.13285083745867 -0.288 0.10940399204963
    vertex -0.139680570190406 -0.4 0.104659273540771
    vertex -0.139680570190406 -0.288 0.104659273540771
  endloop
endfacet
facet normal 0.570545765137634 -2.36210172643514e-031 -0.821265809518156
  outer loop
    vertex -0.139680570190406 -0.4 0.104659273540771
    vertex -0.13285083745867 -0.288 0.10940399204963
    vertex -0.13285083745867 -0.4 0.10940399204963
  endloop
endfacet
facet normal 0.510597083256673 1.94246956897303e-032 -0.859820108260896
  outer loop
    vertex -0.139680570190406 -0.288 0.104659273540771
    vertex -0.14683092451995 -0.4 0.100413094567007
    vertex -0.14683092451995 -0.288 0.100413094567007
  endloop
endfacet
facet normal 0.510597083256673 1.94246956897303e-032 -0.859820108260896
  outer loop
    vertex -0.14683092451995 -0.4 0.100413094567007
    vertex -0.139680570190406 -0.288 0.104659273540771
    vertex -0.139680570190406 -0.4 0.104659273540771
  endloop
endfacet
facet normal -0.0 1.0 -0.0
  outer loop
    vertex -0.0625000000000001 0.35 -0.108253175473055
    vertex -0.0323523806378151 0.35 0.120740728286134
    vertex -0.0323523806378153 0.35 -0.120740728286134
  endloop
endfacet
facet normal -0.0 1.0 -0.0
  outer loop
    vertex -0.0323523806378151 0.35 0.120740728286134
    vertex -0.0625000000000001 0.35 -0.108253175473055
    vertex -0.0883883476483186 0.35 -0.0883883476483184
  endloop
endfacet
facet normal -0.0 1.0 -0.0
  outer loop
    vertex -0.0323523806378151 0.35 0.120740728286134
    vertex -0.0883883476483186 0.35 -0.0883883476483184
    vertex -0.108253175473055 0.35 -0.0625
  endloop
endfacet
facet normal -0.0 1.0 -0.0
  outer loop
    vertex -0.0323523806378151 0.35 0.120740728286134
    vertex -0.108253175473055 0.35 -0.0625
    vertex -0.120740728286134 0.35 -0.032352380637815
  endloop
endfacet
facet normal -0.0 1.0 -0.0
  outer loop
    vertex -0.0323523806378151 0.35 0.120740728286134
    vertex -0.120740728286134 0.35 -0.032352380637815
    vertex -0.125 0.35 0.0
  endloop
endfacet
facet normal -0.0 1.0 -0.0
  outer loop
    vertex -0.0323523806378151 0.35 0.120740728286134
    vertex -0.125 0.35 0.0
    vertex -0.120740728286134 0.35 0.0323523806378151
  endloop
endfacet
facet normal -0.0 1.0 -0.0
  outer loop
    vertex -0.0323523806378151 0.35 0.120740728286134
    vertex -0.120740728286134 0.35 0.0323523806378151
    vertex -0.108253175473055 0.35 0.0625
  endloop
endfacet
facet normal -0.0 1.0 -0.0
  outer loop
    vertex -0.0323523806378151 0.35 0.120740728286134
    vertex -0.108253175473055 0.35 0.0625
    vertex -0.0883883476483185 0.35 0.0883883476483184
  endloop
endfacet
facet normal -0.0 1.0 -0.0
  outer loop
    vertex -0.0323523806378151 0.35 0.120740728286134
    vertex -0.0883883476483185 0.35 0.0883883476483184
    vertex -0.0625 0.35 0.108253175473055
  endloop
endfacet
facet normal 0.448054426036938 -2.15477271224617e-031 -0.8940062814705
  outer loop
    vertex -0.14683092451995 -0.288 0.100413094567007
    vertex -0.154265574656572 -0.4 0.0966870268997078
    vertex -0.154265574656572 -0.288 0.0966870268997078
  endloop
endfacet
facet normal 0.448054426036938 -2.15477271224617e-031 -0.8940062814705
  outer loop
    vertex -0.154265574656572 -0.4 0.0966870268997078
    vertex -0.14683092451995 -0.288 0.100413094567007
    vertex -0.14683092451995 -0.4 0.100413094567007
  endloop
endfacet
facet normal 0.383235527589851 0.0 -0.923650653869161
  outer loop
    vertex -0.154265574656572 -0.288 0.0966870268997078
    vertex -0.16194675050769 -0.4 0.0935000000000001
    vertex -0.16194675050769 -0.288 0.0935000000000001
  endloop
endfacet
facet normal 0.383235527589851 0.0 -0.923650653869161
  outer loop
    vertex -0.16194675050769 -0.4 0.0935000000000001
    vertex -0.154265574656572 -0.288 0.0966870268997078
    vertex -0.154265574656572 -0.4 0.0966870268997078
  endloop
endfacet
facet normal 0.0 0.0 -1.0
  outer loop
    vertex 0.0317262355639618 0.725 0.374590474721742
    vertex -0.0320393081008886 0.35 0.374590474721742
    vertex -0.0320393081008886 0.725 0.374590474721742
  endloop
endfacet
facet normal 0.0 0.0 -1.0
  outer loop
    vertex -0.0320393081008886 0.35 0.374590474721742
    vertex 0.0317262355639618 0.725 0.374590474721742
    vertex 0.0317262355639618 0.35 0.374590474721742
  endloop
endfacet
facet normal 0.923650653869161 -2.22360806554933e-031 -0.383235527589851
  outer loop
    vertex -0.0966870268997077 -0.288 0.154265574656572
    vertex -0.0935 -0.4 0.16194675050769
    vertex -0.0966870268997077 -0.4 0.154265574656572
  endloop
endfacet
facet normal 0.923650653869161 -2.22360806554933e-031 -0.383235527589851
  outer loop
    vertex -0.0935 -0.4 0.16194675050769
    vertex -0.0966870268997077 -0.288 0.154265574656572
    vertex -0.0935 -0.288 0.16194675050769
  endloop
endfacet
facet normal 1.32586327425655e-032 1.0 -4.69688182929993e-033
  outer loop
    vertex 0.032352380637815 0.1 -0.151740728286134
    vertex 0.0483991614341718 0.1 -0.180628129516056
    vertex 0.032352380637815 0.1 -0.182740728286134
  endloop
endfacet
facet normal 1.32586327425655e-032 1.0 -4.69688182929993e-033
  outer loop
    vertex 0.0483991614341718 0.1 -0.180628129516056
    vertex 0.032352380637815 0.1 -0.151740728286134
    vertex 0.0935000000000003 0.1 -0.16194675050769
  endloop
endfacet
facet normal 1.32586327425655e-032 1.0 -4.69688182929993e-033
  outer loop
    vertex 0.0935000000000003 0.1 -0.16194675050769
    vertex 0.032352380637815 0.1 -0.151740728286134
    vertex 0.0403757710359931 0.1 -0.150684428901095
  endloop
endfacet
facet normal 1.32586327425655e-032 1.0 -4.69688182929993e-033
  outer loop
    vertex 0.0935000000000003 0.1 -0.16194675050769
    vertex 0.0403757710359931 0.1 -0.150684428901095
    vertex 0.132228968081885 0.1 -0.132228968081884
  endloop
endfacet
facet normal 1.32586327425655e-032 1.0 -4.69688182929993e-033
  outer loop
    vertex 0.132228968081885 0.1 -0.132228968081884
    vertex 0.0403757710359931 0.1 -0.150684428901095
    vertex 0.0779999999999999 0.1 -0.135099962990372
  endloop
endfacet
facet normal 1.32586327425655e-032 1.0 -4.69688182929993e-033
  outer loop
    vertex 0.132228968081885 0.1 -0.132228968081884
    vertex 0.0779999999999999 0.1 -0.135099962990372
    vertex 0.110308657865101 0.1 -0.110308657865101
  endloop
endfacet
facet normal 1.32586327425655e-032 1.0 -4.69688182929993e-033
  outer loop
    vertex 0.132228968081885 0.1 -0.132228968081884
    vertex 0.110308657865101 0.1 -0.110308657865101
    vertex 0.16194675050769 0.1 -0.0934999999999996
  endloop
endfacet
facet normal 1.32586327425655e-032 1.0 -4.69688182929993e-033
  outer loop
    vertex 0.16194675050769 0.1 -0.0934999999999996
    vertex 0.110308657865101 0.1 -0.110308657865101
    vertex 0.135099962990372 0.1 -0.0780000000000001
  endloop
endfacet
facet normal 1.32586327425655e-032 1.0 -4.69688182929993e-033
  outer loop
    vertex 0.16194675050769 0.1 -0.0934999999999996
    vertex 0.135099962990372 0.1 -0.0780000000000001
    vertex 0.180628129516056 0.1 -0.048399161434171
  endloop
endfacet
facet normal 1.32586327425655e-032 1.0 -4.69688182929993e-033
  outer loop
    vertex 0.180628129516056 0.1 -0.048399161434171
    vertex 0.135099962990372 0.1 -0.0780000000000001
    vertex 0.150684428901095 0.1 -0.0403757710359934
  endloop
endfacet
facet normal 1.32586327425655e-032 1.0 -4.69688182929993e-033
  outer loop
    vertex 0.180628129516056 0.1 -0.048399161434171
    vertex 0.150684428901095 0.1 -0.0403757710359934
    vertex 0.187 0.1 3.88578058618805e-016
  endloop
endfacet
facet normal 1.32586327425655e-032 1.0 -4.69688182929993e-033
  outer loop
    vertex 0.187 0.1 3.88578058618805e-016
    vertex 0.150684428901095 0.1 -0.0403757710359934
    vertex 0.156 0.1 -5.55111512312578e-017
  endloop
endfacet
facet normal 1.32586327425655e-032 1.0 -4.69688182929993e-033
  outer loop
    vertex 0.187 0.1 3.88578058618805e-016
    vertex 0.156 0.1 -5.55111512312578e-017
    vertex 0.150684428901095 0.1 0.0403757710359932
  endloop
endfacet
facet normal 1.32586327425655e-032 1.0 -4.69688182929993e-033
  outer loop
    vertex 0.187 0.1 3.88578058618805e-016
    vertex 0.150684428901095 0.1 0.0403757710359932
    vertex 0.180628129516056 0.1 0.0483991614341719
  endloop
endfacet
facet normal 1.32586327425655e-032 1.0 -4.69688182929993e-033
  outer loop
    vertex 0.180628129516056 0.1 0.0483991614341719
    vertex 0.150684428901095 0.1 0.0403757710359932
    vertex 0.135099962990372 0.1 0.0779999999999999
  endloop
endfacet
facet normal 1.32586327425655e-032 1.0 -4.69688182929993e-033
  outer loop
    vertex 0.180628129516056 0.1 0.0483991614341719
    vertex 0.135099962990372 0.1 0.0779999999999999
    vertex 0.16194675050769 0.1 0.0935000000000004
  endloop
endfacet
facet normal 1.32586327425655e-032 1.0 -4.69688182929993e-033
  outer loop
    vertex 0.16194675050769 0.1 0.0935000000000004
    vertex 0.135099962990372 0.1 0.0779999999999999
    vertex 0.110308657865101 0.1 0.110308657865101
  endloop
endfacet
facet normal 1.32586327425655e-032 1.0 -4.69688182929993e-033
  outer loop
    vertex 0.16194675050769 0.1 0.0935000000000004
    vertex 0.110308657865101 0.1 0.110308657865101
    vertex 0.132228968081884 0.1 0.132228968081885
  endloop
endfacet
facet normal 1.32586327425655e-032 1.0 -4.69688182929993e-033
  outer loop
    vertex 0.132228968081884 0.1 0.132228968081885
    vertex 0.110308657865101 0.1 0.110308657865101
    vertex 0.078 0.1 0.135099962990372
  endloop
endfacet
facet normal 1.32586327425655e-032 1.0 -4.69688182929993e-033
  outer loop
    vertex 0.132228968081884 0.1 0.132228968081885
    vertex 0.078 0.1 0.135099962990372
    vertex 0.0934999999999995 0.1 0.16194675050769
  endloop
endfacet
facet normal 1.32586327425655e-032 1.0 -4.69688182929993e-033
  outer loop
    vertex 0.0934999999999995 0.1 0.16194675050769
    vertex 0.078 0.1 0.135099962990372
    vertex 0.0403757710359933 0.1 0.150684428901095
  endloop
endfacet
facet normal 1.32586327425655e-032 1.0 -4.69688182929993e-033
  outer loop
    vertex 0.0934999999999995 0.1 0.16194675050769
    vertex 0.0403757710359933 0.1 0.150684428901095
    vertex 0.0317262355639618 0.1 0.151823161848958
  endloop
endfacet
facet normal 1.32586327425655e-032 1.0 -4.69688182929993e-033
  outer loop
    vertex 0.0934999999999995 0.1 0.16194675050769
    vertex 0.0317262355639618 0.1 0.151823161848958
    vertex 0.0317262355639618 0.1 0.182823161848958
  endloop
endfacet
facet normal 1.32586327425655e-032 1.0 -4.69688182929993e-033
  outer loop
    vertex 0.0934999999999995 0.1 0.16194675050769
    vertex 0.0317262355639618 0.1 0.182823161848958
    vertex 0.0483991614341708 0.1 0.180628129516056
  endloop
endfacet
facet normal -0.0212334360335968 0.999763492713217 -0.00470104584931423
  outer loop
    vertex 0.15418939868188 -0.320072183469514 0.0965593033447534
    vertex 0.096565383295991 -0.320914044754228 0.15418087029482
    vertex 0.16194675050769 -0.319545111448816 0.0935000000000003
  endloop
endfacet
facet normal -0.176640870048547 0.969660784998824 -0.168985103082952
  outer loop
    vertex 0.096565383295991 -0.320914044754228 0.15418087029482
    vertex 0.15418939868188 -0.320072183469514 0.0965593033447534
    vertex 0.146681282498887 -0.320147891375727 0.100187459137093
  endloop
endfacet
facet normal -0.176640870048547 0.969660784998824 -0.168985103082952
  outer loop
    vertex 0.096565383295991 -0.320914044754228 0.15418087029482
    vertex 0.146681282498887 -0.320147891375727 0.100187459137093
    vertex 0.13946404728785 -0.320226703788981 0.104364343055754
  endloop
endfacet
facet normal -0.176640870048547 0.969660784998824 -0.168985103082952
  outer loop
    vertex 0.096565383295991 -0.320914044754228 0.15418087029482
    vertex 0.13946404728785 -0.320226703788981 0.104364343055754
    vertex 0.132577724946058 -0.320308183559822 0.109066787144711
  endloop
endfacet
facet normal -0.176640870048547 0.969660784998824 -0.168985103082952
  outer loop
    vertex 0.096565383295991 -0.320914044754228 0.15418087029482
    vertex 0.132577724946058 -0.320308183559822 0.109066787144711
    vertex 0.126060511893693 -0.320391878743741 0.114268708319061
  endloop
endfacet
facet normal -0.176640870048547 0.969660784998824 -0.168985103082952
  outer loop
    vertex 0.096565383295991 -0.320914044754228 0.15418087029482
    vertex 0.126060511893693 -0.320391878743741 0.114268708319061
    vertex 0.119948557209435 -0.32047732510798 0.119941253040286
  endloop
endfacet
facet normal -0.176640870048547 0.969660784998824 -0.168985103082952
  outer loop
    vertex 0.096565383295991 -0.320914044754228 0.15418087029482
    vertex 0.119948557209435 -0.32047732510798 0.119941253040286
    vertex 0.114275762122079 -0.320564048706495 0.126052957358413
  endloop
endfacet
facet normal -0.176640870048547 0.969660784998824 -0.168985103082952
  outer loop
    vertex 0.096565383295991 -0.320914044754228 0.15418087029482
    vertex 0.114275762122079 -0.320564048706495 0.126052957358413
    vertex 0.109073591970307 -0.320651568508798 0.132569921433356
  endloop
endfacet
facet normal -0.176640870048547 0.969660784998824 -0.168985103082952
  outer loop
    vertex 0.096565383295991 -0.320914044754228 0.15418087029482
    vertex 0.109073591970307 -0.320651568508798 0.132569921433356
    vertex 0.104370901673641 -0.320739399068087 0.139455997567438
  endloop
endfacet
facet normal -0.176640870048547 0.969660784998824 -0.168985103082952
  outer loop
    vertex 0.096565383295991 -0.320914044754228 0.15418087029482
    vertex 0.104370901673641 -0.320739399068087 0.139455997567438
    vertex 0.100193775682625 -0.320827053213885 0.14667299070612
  endloop
endfacet
facet normal -0.400507685854532 -3.37790421934311e-006 -0.916293399277784
  outer loop
    vertex 0.15418939868188 -0.320072183469514 0.0965593033447534
    vertex 0.16194675050769 -0.4 0.0935000000000003
    vertex 0.154188806075348 -0.4 0.0965598651408822
  endloop
endfacet
facet normal -0.366892016505974 -1.89664806444213e-006 -0.930263536972498
  outer loop
    vertex 0.16194675050769 -0.4 0.0935000000000003
    vertex 0.15418939868188 -0.320072183469514 0.0965593033447534
    vertex 0.16194675050769 -0.319545111448816 0.0935000000000003
  endloop
endfacet
facet normal -0.468142191489204 -5.94571979945325e-006 -0.883653149438361
  outer loop
    vertex 0.146681282498887 -0.320147891375727 0.100187459137093
    vertex 0.154188806075348 -0.4 0.0965598651408822
    vertex 0.146680106317684 -0.4 0.100188625872173
  endloop
endfacet
facet normal -0.401279428741164 -3.41213455349504e-006 -0.915955686732455
  outer loop
    vertex 0.154188806075348 -0.4 0.0965598651408822
    vertex 0.146681282498887 -0.320147891375727 0.100187459137093
    vertex 0.15418939868188 -0.320072183469514 0.0965593033447534
  endloop
endfacet
facet normal -0.594111914956233 -7.8922158214983e-006 -0.804382391928584
  outer loop
    vertex 0.132577724946058 -0.320308183559822 0.109066787144711
    vertex 0.139462299800759 -0.4 0.104366154517189
    vertex 0.132575421590727 -0.4 0.109069279543794
  endloop
endfacet
facet normal -0.532797476998622 -7.47232519233457e-006 -0.84624278339497
  outer loop
    vertex 0.139462299800759 -0.4 0.104366154517189
    vertex 0.132577724946058 -0.320308183559822 0.109066787144711
    vertex 0.13946404728785 -0.320226703788981 0.104364343055754
  endloop
endfacet
facet normal -0.923879532511285 1.23210479242452e-016 -0.382683432365095
  outer loop
    vertex 0.16194675050769 -0.319545111448816 0.0935000000000003
    vertex 0.180628129516056 -0.4 0.0483991614341717
    vertex 0.16194675050769 -0.4 0.0935000000000003
  endloop
endfacet
facet normal -0.923879532511285 1.23210479242452e-016 -0.382683432365095
  outer loop
    vertex 0.180628129516056 -0.4 0.0483991614341717
    vertex 0.16194675050769 -0.319545111448816 0.0935000000000003
    vertex 0.180628129516056 -0.384 0.0483991614341717
  endloop
endfacet
facet normal -0.923879532511285 1.23210479242452e-016 -0.382683432365095
  outer loop
    vertex 0.180628129516056 -0.384 0.0483991614341717
    vertex 0.16194675050769 -0.319545111448816 0.0935000000000003
    vertex 0.180628129516056 0.1 0.0483991614341719
  endloop
endfacet
facet normal -0.923879532511285 1.23210479242452e-016 -0.382683432365095
  outer loop
    vertex 0.180628129516056 0.1 0.0483991614341719
    vertex 0.16194675050769 -0.319545111448816 0.0935000000000003
    vertex 0.16194675050769 0.1 0.0935000000000004
  endloop
endfacet
facet normal -0.916371220330075 1.65221729350894e-005 -0.40032959705446
  outer loop
    vertex 0.096565383295991 -0.320914044754228 0.15418087029482
    vertex 0.100188625872172 -0.4 0.146680106317684
    vertex 0.0965598651408818 -0.4 0.154188806075348
  endloop
endfacet
facet normal -0.883542164878292 1.54860724771325e-005 -0.468351622867224
  outer loop
    vertex 0.100188625872172 -0.4 0.146680106317684
    vertex 0.096565383295991 -0.320914044754228 0.15418087029482
    vertex 0.100193775682625 -0.320827053213885 0.14667299070612
  endloop
endfacet
facet normal -0.804080328159439 2.60460191041601e-006 -0.594520668993287
  outer loop
    vertex 0.109073591970307 -0.320651568508798 0.132569921433356
    vertex 0.114271914090122 -0.4 0.126057671191008
    vertex 0.109069279543793 -0.4 0.132575421590727
  endloop
endfacet
facet normal -0.757767374571464 -1.90720797214985e-006 -0.652524793422773
  outer loop
    vertex 0.114271914090122 -0.4 0.126057671191008
    vertex 0.109073591970307 -0.320651568508798 0.132569921433356
    vertex 0.114275762122079 -0.320564048706495 0.126052957358413
  endloop
endfacet
facet normal -0.652326840665712 -7.1421422447676e-006 -0.757937789594951
  outer loop
    vertex 0.126060511893693 -0.320391878743741 0.114268708319061
    vertex 0.132575421590727 -0.4 0.109069279543794
    vertex 0.126057671191008 -0.4 0.114271914090123
  endloop
endfacet
facet normal -0.594302501014354 -7.89173522476259e-006 -0.804241591330493
  outer loop
    vertex 0.132575421590727 -0.4 0.109069279543794
    vertex 0.126060511893693 -0.320391878743741 0.114268708319061
    vertex 0.132577724946058 -0.320308183559822 0.109066787144711
  endloop
endfacet
facet normal -0.147057324528599 0.979091275931634 -0.140550406250052
  outer loop
    vertex 0.0934999999999998 -0.32 0.16194675050769
    vertex 0.132228968081884 -0.32 0.132228968081885
    vertex 0.16194675050769 -0.319545111448816 0.0935000000000003
  endloop
endfacet
facet normal -0.793353340291234 6.86136769189468e-017 -0.608761429008723
  outer loop
    vertex 0.132228968081884 0.1 0.132228968081885
    vertex 0.16194675050769 -0.319545111448816 0.0935000000000003
    vertex 0.132228968081884 -0.32 0.132228968081885
  endloop
endfacet
facet normal -0.793353340291234 6.86136769189468e-017 -0.608761429008723
  outer loop
    vertex 0.16194675050769 -0.319545111448816 0.0935000000000003
    vertex 0.132228968081884 0.1 0.132228968081885
    vertex 0.16194675050769 0.1 0.0935000000000004
  endloop
endfacet
facet normal -0.147057324528599 0.979091275931634 -0.140550406250052
  outer loop
    vertex 0.0934999999999998 -0.32 0.16194675050769
    vertex 0.16194675050769 -0.319545111448816 0.0935000000000003
    vertex 0.096565383295991 -0.320914044754228 0.15418087029482
  endloop
endfacet
facet normal -0.706924968771217 -5.16371599994618e-006 -0.707288546847147
  outer loop
    vertex 0.119948557209435 -0.32047732510798 0.119941253040286
    vertex 0.126057671191008 -0.4 0.114271914090123
    vertex 0.119945200660793 -0.4 0.119945200660793
  endloop
endfacet
facet normal -0.652511105732833 -7.13771626239679e-006 -0.757779160999013
  outer loop
    vertex 0.126057671191008 -0.4 0.114271914090123
    vertex 0.119948557209435 -0.32047732510798 0.119941253040286
    vertex 0.126060511893693 -0.320391878743741 0.114268708319061
  endloop
endfacet
facet normal -0.757603246098273 -1.92032423133581e-006 -0.652715344922787
  outer loop
    vertex 0.114275762122079 -0.320564048706495 0.126052957358413
    vertex 0.119945200660793 -0.4 0.119945200660793
    vertex 0.114271914090122 -0.4 0.126057671191008
  endloop
endfacet
facet normal -0.707100350964636 -5.15503637342399e-006 -0.707113211331194
  outer loop
    vertex 0.119945200660793 -0.4 0.119945200660793
    vertex 0.114275762122079 -0.320564048706495 0.126052957358413
    vertex 0.119948557209435 -0.32047732510798 0.119941253040286
  endloop
endfacet
facet normal -0.846098146848813 8.40665889447813e-006 -0.533027134232707
  outer loop
    vertex 0.104370901673641 -0.320739399068087 0.139455997567438
    vertex 0.109069279543793 -0.4 0.132575421590727
    vertex 0.104366154517188 -0.4 0.139462299800759
  endloop
endfacet
facet normal -0.804231076117382 2.622199814852e-006 -0.594316730540376
  outer loop
    vertex 0.109069279543793 -0.4 0.132575421590727
    vertex 0.104370901673641 -0.320739399068087 0.139455997567438
    vertex 0.109073591970307 -0.320651568508798 0.132569921433356
  endloop
endfacet
facet normal -0.532603265902768 -7.46927648050446e-006 -0.84636502827912
  outer loop
    vertex 0.13946404728785 -0.320226703788981 0.104364343055754
    vertex 0.146680106317684 -0.4 0.100188625872173
    vertex 0.139462299800759 -0.4 0.104366154517189
  endloop
endfacet
facet normal -0.468337257251851 -5.95179517897123e-006 -0.88354977982816
  outer loop
    vertex 0.146680106317684 -0.4 0.100188625872173
    vertex 0.13946404728785 -0.320226703788981 0.104364343055754
    vertex 0.146681282498887 -0.320147891375727 0.100187459137093
  endloop
endfacet
facet normal -0.88342334908349 1.5459958233785e-005 -0.468575699386022
  outer loop
    vertex 0.100193775682625 -0.320827053213885 0.14667299070612
    vertex 0.104366154517188 -0.4 0.139462299800759
    vertex 0.100188625872172 -0.4 0.146680106317684
  endloop
endfacet
facet normal -0.84623367940604 8.42863826398532e-006 -0.53281193658539
  outer loop
    vertex 0.104366154517188 -0.4 0.139462299800759
    vertex 0.100193775682625 -0.320827053213885 0.14667299070612
    vertex 0.104370901673641 -0.320739399068087 0.139455997567438
  endloop
endfacet
facet normal -0.382683432365094 -2.68490622491216e-016 -0.923879532511285
  outer loop
    vertex 0.0934999999999995 0.1 0.16194675050769
    vertex 0.0483991614341712 -0.4 0.180628129516056
    vertex 0.0483991614341708 0.1 0.180628129516056
  endloop
endfacet
facet normal -0.382683432365094 -2.68490622491216e-016 -0.923879532511285
  outer loop
    vertex 0.0483991614341712 -0.4 0.180628129516056
    vertex 0.0934999999999995 0.1 0.16194675050769
    vertex 0.0934999999999998 -0.4 0.16194675050769
  endloop
endfacet
facet normal -0.382683432365094 -2.68490622491216e-016 -0.923879532511285
  outer loop
    vertex 0.0934999999999998 -0.4 0.16194675050769
    vertex 0.0934999999999995 0.1 0.16194675050769
    vertex 0.0934999999999998 -0.32 0.16194675050769
  endloop
endfacet
facet normal 0.975132025962575 0.0 -0.221624754804431
  outer loop
    vertex -0.172412753494455 -0.32 -0.024816722323521
    vertex -0.170868606810016 -0.4 -0.0166213524409209
    vertex -0.172412753494455 -0.4 -0.024816722323521
  endloop
endfacet
facet normal 0.988921966707352 0.0 -0.14843632898877
  outer loop
    vertex -0.170868606810016 -0.4 -0.0166213524409209
    vertex -0.172412753494455 -0.32 -0.024816722323521
    vertex -0.170868606810016 -0.32 -0.0166213524409209
  endloop
endfacet
facet normal 0.931432315898028 0.0 0.3639146066055
  outer loop
    vertex -0.177306085790512 -0.32 0.0407498149273598
    vertex -0.180628129516056 -0.4 0.0483991614341714
    vertex -0.177306085790512 -0.4 0.0407498149273598
  endloop
endfacet
facet normal 0.917234800842572 -0.0 0.398346984579133
  outer loop
    vertex -0.180628129516056 -0.4 0.0483991614341714
    vertex -0.177306085790512 -0.32 0.0407498149273598
    vertex -0.180628129516056 -0.32 0.0483991614341714
  endloop
endfacet
facet normal 0.0 1.0 0.0
  outer loop
    vertex -0.187 -0.32 5.55111512312578e-017
    vertex -0.177306085790512 -0.32 -0.0407498149273598
    vertex -0.180628129516056 -0.32 -0.0483991614341714
  endloop
endfacet
facet normal 0.0 1.0 0.0
  outer loop
    vertex -0.177306085790512 -0.32 -0.0407498149273598
    vertex -0.187 -0.32 5.55111512312578e-017
    vertex -0.174562554594374 -0.32 -0.032874441090423
  endloop
endfacet
facet normal 0.0 1.0 0.0
  outer loop
    vertex -0.174562554594374 -0.32 -0.032874441090423
    vertex -0.187 -0.32 5.55111512312578e-017
    vertex -0.172412753494455 -0.32 -0.024816722323521
  endloop
endfacet
facet normal 0.0 1.0 0.0
  outer loop
    vertex -0.172412753494455 -0.32 -0.024816722323521
    vertex -0.187 -0.32 5.55111512312578e-017
    vertex -0.170868606810016 -0.32 -0.0166213524409209
  endloop
endfacet
facet normal 0.0 1.0 0.0
  outer loop
    vertex -0.170868606810016 -0.32 -0.0166213524409209
    vertex -0.187 -0.32 5.55111512312578e-017
    vertex -0.169938679472038 -0.32 -0.00833378876745351
  endloop
endfacet
facet normal 0.0 1.0 0.0
  outer loop
    vertex -0.169938679472038 -0.32 -0.00833378876745351
    vertex -0.187 -0.32 5.55111512312578e-017
    vertex -0.169628129516056 -0.32 0.0
  endloop
endfacet
facet normal 0.0 1.0 0.0
  outer loop
    vertex -0.169628129516056 -0.32 0.0
    vertex -0.187 -0.32 5.55111512312578e-017
    vertex -0.169938679472038 -0.32 0.00833378876745351
  endloop
endfacet
facet normal 0.0 1.0 0.0
  outer loop
    vertex -0.169938679472038 -0.32 0.00833378876745351
    vertex -0.187 -0.32 5.55111512312578e-017
    vertex -0.180628129516056 -0.32 0.0483991614341714
  endloop
endfacet
facet normal 0.0 1.0 0.0
  outer loop
    vertex -0.169938679472038 -0.32 0.00833378876745351
    vertex -0.180628129516056 -0.32 0.0483991614341714
    vertex -0.170868606810016 -0.32 0.0166213524409209
  endloop
endfacet
facet normal 0.0 1.0 0.0
  outer loop
    vertex -0.170868606810016 -0.32 0.0166213524409209
    vertex -0.180628129516056 -0.32 0.0483991614341714
    vertex -0.172412753494455 -0.32 0.024816722323521
  endloop
endfacet
facet normal 0.0 1.0 0.0
  outer loop
    vertex -0.172412753494455 -0.32 0.024816722323521
    vertex -0.180628129516056 -0.32 0.0483991614341714
    vertex -0.174562554594374 -0.32 0.032874441090423
  endloop
endfacet
facet normal 0.0 1.0 0.0
  outer loop
    vertex -0.174562554594374 -0.32 0.032874441090423
    vertex -0.180628129516056 -0.32 0.0483991614341714
    vertex -0.177306085790512 -0.32 0.0407498149273598
  endloop
endfacet
facet normal 0.955933312472675 0.0 0.29358389278879
  outer loop
    vertex -0.174562554594374 -0.32 0.032874441090423
    vertex -0.177306085790512 -0.4 0.0407498149273598
    vertex -0.174562554594374 -0.4 0.032874441090423
  endloop
endfacet
facet normal 0.931432315898028 0.0 0.3639146066055
  outer loop
    vertex -0.177306085790512 -0.4 0.0407498149273598
    vertex -0.174562554594374 -0.32 0.032874441090423
    vertex -0.177306085790512 -0.32 0.0407498149273598
  endloop
endfacet
facet normal 0.975132025962575 0.0 0.221624754804431
  outer loop
    vertex -0.172412753494455 -0.32 0.024816722323521
    vertex -0.174562554594374 -0.4 0.032874441090423
    vertex -0.172412753494455 -0.4 0.024816722323521
  endloop
endfacet
facet normal 0.955933312472675 0.0 0.29358389278879
  outer loop
    vertex -0.174562554594374 -0.4 0.032874441090423
    vertex -0.172412753494455 -0.32 0.024816722323521
    vertex -0.174562554594374 -0.32 0.032874441090423
  endloop
endfacet
facet normal 0.988921966707352 0.0 0.14843632898877
  outer loop
    vertex -0.170868606810016 -0.32 0.0166213524409209
    vertex -0.172412753494455 -0.4 0.024816722323521
    vertex -0.170868606810016 -0.4 0.0166213524409209
  endloop
endfacet
facet normal 0.975132025962575 0.0 0.221624754804431
  outer loop
    vertex -0.172412753494455 -0.4 0.024816722323521
    vertex -0.170868606810016 -0.32 0.0166213524409209
    vertex -0.172412753494455 -0.32 0.024816722323521
  endloop
endfacet
facet normal 1.0 0.0 0.0
  outer loop
    vertex -0.169628129516056 -0.32 0.0
    vertex -0.169938679472038 -0.4 0.00833378876745351
    vertex -0.169628129516056 -0.4 0.0
  endloop
endfacet
facet normal 0.99722664593044 0.0 0.0744245701789659
  outer loop
    vertex -0.169938679472038 -0.4 0.00833378876745351
    vertex -0.169628129516056 -0.32 0.0
    vertex -0.169938679472038 -0.32 0.00833378876745351
  endloop
endfacet
facet normal 0.99722664593044 0.0 0.0744245701789659
  outer loop
    vertex -0.169938679472038 -0.32 0.00833378876745351
    vertex -0.170868606810016 -0.4 0.0166213524409209
    vertex -0.169938679472038 -0.4 0.00833378876745351
  endloop
endfacet
facet normal 0.988921966707352 0.0 0.14843632898877
  outer loop
    vertex -0.170868606810016 -0.4 0.0166213524409209
    vertex -0.169938679472038 -0.32 0.00833378876745351
    vertex -0.170868606810016 -0.32 0.0166213524409209
  endloop
endfacet
facet normal 0.99722664593044 0.0 -0.0744245701789659
  outer loop
    vertex -0.169938679472038 -0.32 -0.00833378876745351
    vertex -0.169628129516056 -0.4 0.0
    vertex -0.169938679472038 -0.4 -0.00833378876745351
  endloop
endfacet
facet normal 1.0 0.0 0.0
  outer loop
    vertex -0.169628129516056 -0.4 0.0
    vertex -0.169938679472038 -0.32 -0.00833378876745351
    vertex -0.169628129516056 -0.32 0.0
  endloop
endfacet
facet normal 0.988921966707352 0.0 -0.14843632898877
  outer loop
    vertex -0.170868606810016 -0.32 -0.0166213524409209
    vertex -0.169938679472038 -0.4 -0.00833378876745351
    vertex -0.170868606810016 -0.4 -0.0166213524409209
  endloop
endfacet
facet normal 0.99722664593044 0.0 -0.0744245701789659
  outer loop
    vertex -0.169938679472038 -0.4 -0.00833378876745351
    vertex -0.170868606810016 -0.32 -0.0166213524409209
    vertex -0.169938679472038 -0.32 -0.00833378876745351
  endloop
endfacet
facet normal 0.931432315898028 0.0 -0.363914606605501
  outer loop
    vertex -0.177306085790512 -0.32 -0.0407498149273598
    vertex -0.174562554594374 -0.4 -0.032874441090423
    vertex -0.177306085790512 -0.4 -0.0407498149273598
  endloop
endfacet
facet normal 0.955933312472675 0.0 -0.293583892788789
  outer loop
    vertex -0.174562554594374 -0.4 -0.032874441090423
    vertex -0.177306085790512 -0.32 -0.0407498149273598
    vertex -0.174562554594374 -0.32 -0.032874441090423
  endloop
endfacet
facet normal 0.955933312472675 0.0 -0.293583892788789
  outer loop
    vertex -0.174562554594374 -0.32 -0.032874441090423
    vertex -0.172412753494455 -0.4 -0.024816722323521
    vertex -0.174562554594374 -0.4 -0.032874441090423
  endloop
endfacet
facet normal 0.975132025962575 0.0 -0.221624754804431
  outer loop
    vertex -0.172412753494455 -0.4 -0.024816722323521
    vertex -0.174562554594374 -0.32 -0.032874441090423
    vertex -0.172412753494455 -0.32 -0.024816722323521
  endloop
endfacet
facet normal 0.917234800842571 -0.0 -0.398346984579135
  outer loop
    vertex -0.180628129516056 -0.32 -0.0483991614341714
    vertex -0.177306085790512 -0.4 -0.0407498149273598
    vertex -0.180628129516056 -0.4 -0.0483991614341714
  endloop
endfacet
facet normal 0.931432315898028 0.0 -0.363914606605501
  outer loop
    vertex -0.177306085790512 -0.4 -0.0407498149273598
    vertex -0.180628129516056 -0.32 -0.0483991614341714
    vertex -0.177306085790512 -0.32 -0.0407498149273598
  endloop
endfacet
facet normal -9.82580058430296e-031 1.0 -2.09767458304694e-030
  outer loop
    vertex 0.0407022184566954 -0.4 -0.177500224108772
    vertex 0.0935 -0.4 -0.16194675050769
    vertex 0.0483991614341714 -0.4 -0.180628129516056
  endloop
endfacet
facet normal -9.82580058430296e-031 1.0 -2.09767458304694e-030
  outer loop
    vertex 0.0935 -0.4 -0.16194675050769
    vertex 0.0407022184566954 -0.4 -0.177500224108772
    vertex 0.0328048829366811 -0.4 -0.174919756104756
  endloop
endfacet
facet normal -9.82580058430296e-031 1.0 -2.09767458304694e-030
  outer loop
    vertex 0.0935 -0.4 -0.16194675050769
    vertex 0.0328048829366811 -0.4 -0.174919756104756
    vertex 0.0247460364684038 -0.4 -0.172899430132007
  endloop
endfacet
facet normal -9.82580058430296e-031 1.0 -2.09767458304694e-030
  outer loop
    vertex 0.0935 -0.4 -0.16194675050769
    vertex 0.0247460364684038 -0.4 -0.172899430132007
    vertex 0.0165653558261263 -0.4 -0.171449193025705
  endloop
endfacet
facet normal -9.82580058430296e-031 1.0 -2.09767458304694e-030
  outer loop
    vertex 0.0935 -0.4 -0.16194675050769
    vertex 0.0165653558261263 -0.4 -0.171449193025705
    vertex 0.00728780487954833 -0.4 -0.170540542285678
  endloop
endfacet
facet normal -9.82580058430296e-031 1.0 -2.09767458304694e-030
  outer loop
    vertex 0.0935 -0.4 -0.16194675050769
    vertex 0.00728780487954833 -0.4 -0.170540542285678
    vertex 0.0 -0.4 -0.170284703775456
  endloop
endfacet
facet normal -9.82580058430296e-031 1.0 -2.09767458304694e-030
  outer loop
    vertex 0.0935 -0.4 -0.16194675050769
    vertex 0.0 -0.4 -0.170284703775456
    vertex -0.0935 -0.4 -0.16194675050769
  endloop
endfacet
facet normal -9.82580058430296e-031 1.0 -2.09767458304694e-030
  outer loop
    vertex 0.0935 -0.4 -0.16194675050769
    vertex -0.0935 -0.4 -0.16194675050769
    vertex -0.0966870268997078 -0.4 -0.154265574656572
  endloop
endfacet
facet normal -9.82580058430296e-031 1.0 -2.09767458304694e-030
  outer loop
    vertex 0.0935 -0.4 -0.16194675050769
    vertex -0.0966870268997078 -0.4 -0.154265574656572
    vertex -5.55111512312578e-017 -0.4 -0.156
  endloop
endfacet
facet normal -9.82580058430296e-031 1.0 -2.09767458304694e-030
  outer loop
    vertex -5.55111512312578e-017 -0.4 -0.156
    vertex -0.0966870268997078 -0.4 -0.154265574656572
    vertex -0.0403757710359933 -0.4 -0.150684428901095
  endloop
endfacet
facet normal -9.82580058430296e-031 1.0 -2.09767458304694e-030
  outer loop
    vertex -0.0403757710359933 -0.4 -0.150684428901095
    vertex -0.0966870268997078 -0.4 -0.154265574656572
    vertex -0.100413094567007 -0.4 -0.14683092451995
  endloop
endfacet
facet normal -9.82580058430296e-031 1.0 -2.09767458304694e-030
  outer loop
    vertex -0.0403757710359933 -0.4 -0.150684428901095
    vertex -0.100413094567007 -0.4 -0.14683092451995
    vertex -0.0780000000000001 -0.4 -0.135099962990372
  endloop
endfacet
facet normal -9.82580058430296e-031 1.0 -2.09767458304694e-030
  outer loop
    vertex -0.0780000000000001 -0.4 -0.135099962990372
    vertex -0.100413094567007 -0.4 -0.14683092451995
    vertex -0.104659273540771 -0.4 -0.139680570190406
  endloop
endfacet
facet normal -9.82580058430296e-031 1.0 -2.09767458304694e-030
  outer loop
    vertex -0.0780000000000001 -0.4 -0.135099962990372
    vertex -0.104659273540771 -0.4 -0.139680570190406
    vertex -0.10940399204963 -0.4 -0.13285083745867
  endloop
endfacet
facet normal -9.82580058430296e-031 1.0 -2.09767458304694e-030
  outer loop
    vertex -0.0780000000000001 -0.4 -0.135099962990372
    vertex -0.10940399204963 -0.4 -0.13285083745867
    vertex -0.110308657865101 -0.4 -0.110308657865101
  endloop
endfacet
facet normal -9.82580058430296e-031 1.0 -2.09767458304694e-030
  outer loop
    vertex -0.110308657865101 -0.4 -0.110308657865101
    vertex -0.10940399204963 -0.4 -0.13285083745867
    vertex -0.114623145602579 -0.4 -0.12637642326849
  endloop
endfacet
facet normal -9.82580058430296e-031 1.0 -2.09767458304694e-030
  outer loop
    vertex -0.110308657865101 -0.4 -0.110308657865101
    vertex -0.114623145602579 -0.4 -0.12637642326849
    vertex -0.1202902194465 -0.4 -0.1202902194465
  endloop
endfacet
facet normal -9.82580058430296e-031 1.0 -2.09767458304694e-030
  outer loop
    vertex -0.110308657865101 -0.4 -0.110308657865101
    vertex -0.1202902194465 -0.4 -0.1202902194465
    vertex -0.12637642326849 -0.4 -0.114623145602579
  endloop
endfacet
facet normal -9.82580058430296e-031 1.0 -2.09767458304694e-030
  outer loop
    vertex -0.110308657865101 -0.4 -0.110308657865101
    vertex -0.12637642326849 -0.4 -0.114623145602579
    vertex -0.13285083745867 -0.4 -0.10940399204963
  endloop
endfacet
facet normal -9.82580058430296e-031 1.0 -2.09767458304694e-030
  outer loop
    vertex -0.110308657865101 -0.4 -0.110308657865101
    vertex -0.13285083745867 -0.4 -0.10940399204963
    vertex -0.135099962990373 -0.4 -0.078
  endloop
endfacet
facet normal -9.82580058430296e-031 1.0 -2.09767458304694e-030
  outer loop
    vertex -0.135099962990373 -0.4 -0.078
    vertex -0.13285083745867 -0.4 -0.10940399204963
    vertex -0.139680570190406 -0.4 -0.104659273540771
  endloop
endfacet
facet normal -9.82580058430296e-031 1.0 -2.09767458304694e-030
  outer loop
    vertex -0.135099962990373 -0.4 -0.078
    vertex -0.139680570190406 -0.4 -0.104659273540771
    vertex -0.14683092451995 -0.4 -0.100413094567007
  endloop
endfacet
facet normal -9.82580058430296e-031 1.0 -2.09767458304694e-030
  outer loop
    vertex -0.135099962990373 -0.4 -0.078
    vertex -0.14683092451995 -0.4 -0.100413094567007
    vertex -0.154265574656572 -0.4 -0.0966870268997077
  endloop
endfacet
facet normal -9.82580058430296e-031 1.0 -2.09767458304694e-030
  outer loop
    vertex -0.135099962990373 -0.4 -0.078
    vertex -0.154265574656572 -0.4 -0.0966870268997077
    vertex -0.16194675050769 -0.4 -0.0935
  endloop
endfacet
facet normal -9.82580058430296e-031 1.0 -2.09767458304694e-030
  outer loop
    vertex -0.135099962990373 -0.4 -0.078
    vertex -0.16194675050769 -0.4 -0.0935
    vertex -0.180628129516056 -0.4 -0.0483991614341714
  endloop
endfacet
facet normal -9.82580058430296e-031 1.0 -2.09767458304694e-030
  outer loop
    vertex -0.135099962990373 -0.4 -0.078
    vertex -0.180628129516056 -0.4 -0.0483991614341714
    vertex -0.150684428901095 -0.4 -0.0403757710359933
  endloop
endfacet
facet normal -9.82580058430296e-031 1.0 -2.09767458304694e-030
  outer loop
    vertex -0.150684428901095 -0.4 -0.0403757710359933
    vertex -0.180628129516056 -0.4 -0.0483991614341714
    vertex -0.177306085790512 -0.4 -0.0407498149273598
  endloop
endfacet
facet normal -9.82580058430296e-031 1.0 -2.09767458304694e-030
  outer loop
    vertex -0.150684428901095 -0.4 -0.0403757710359933
    vertex -0.177306085790512 -0.4 -0.0407498149273598
    vertex -0.174562554594374 -0.4 -0.032874441090423
  endloop
endfacet
facet normal -9.82580058430296e-031 1.0 -2.09767458304694e-030
  outer loop
    vertex -0.150684428901095 -0.4 -0.0403757710359933
    vertex -0.174562554594374 -0.4 -0.032874441090423
    vertex -0.156 -0.4 0.0
  endloop
endfacet
facet normal -9.82580058430296e-031 1.0 -2.09767458304694e-030
  outer loop
    vertex -0.156 -0.4 0.0
    vertex -0.174562554594374 -0.4 -0.032874441090423
    vertex -0.172412753494455 -0.4 -0.024816722323521
  endloop
endfacet
facet normal -9.82580058430296e-031 1.0 -2.09767458304694e-030
  outer loop
    vertex -0.156 -0.4 0.0
    vertex -0.172412753494455 -0.4 -0.024816722323521
    vertex -0.170868606810016 -0.4 -0.0166213524409209
  endloop
endfacet
facet normal -9.82580058430296e-031 1.0 -2.09767458304694e-030
  outer loop
    vertex -0.156 -0.4 0.0
    vertex -0.170868606810016 -0.4 -0.0166213524409209
    vertex -0.169938679472038 -0.4 -0.00833378876745351
  endloop
endfacet
facet normal -9.82580058430296e-031 1.0 -2.09767458304694e-030
  outer loop
    vertex -0.156 -0.4 0.0
    vertex -0.169938679472038 -0.4 -0.00833378876745351
    vertex -0.169628129516056 -0.4 0.0
  endloop
endfacet
facet normal -9.82580058430296e-031 1.0 -2.09767458304694e-030
  outer loop
    vertex -0.156 -0.4 0.0
    vertex -0.169628129516056 -0.4 0.0
    vertex -0.169938679472038 -0.4 0.00833378876745351
  endloop
endfacet
facet normal -9.82580058430296e-031 1.0 -2.09767458304694e-030
  outer loop
    vertex -0.156 -0.4 0.0
    vertex -0.169938679472038 -0.4 0.00833378876745351
    vertex -0.150684428901095 -0.4 0.0403757710359933
  endloop
endfacet
facet normal -9.82580058430296e-031 1.0 -2.09767458304694e-030
  outer loop
    vertex -0.150684428901095 -0.4 0.0403757710359933
    vertex -0.169938679472038 -0.4 0.00833378876745351
    vertex -0.170868606810016 -0.4 0.0166213524409209
  endloop
endfacet
facet normal -9.82580058430296e-031 1.0 -2.09767458304694e-030
  outer loop
    vertex -0.150684428901095 -0.4 0.0403757710359933
    vertex -0.170868606810016 -0.4 0.0166213524409209
    vertex -0.172412753494455 -0.4 0.024816722323521
  endloop
endfacet
facet normal -9.82580058430296e-031 1.0 -2.09767458304694e-030
  outer loop
    vertex -0.150684428901095 -0.4 0.0403757710359933
    vertex -0.172412753494455 -0.4 0.024816722323521
    vertex -0.174562554594374 -0.4 0.032874441090423
  endloop
endfacet
facet normal -9.82580058430296e-031 1.0 -2.09767458304694e-030
  outer loop
    vertex -0.150684428901095 -0.4 0.0403757710359933
    vertex -0.174562554594374 -0.4 0.032874441090423
    vertex -0.177306085790512 -0.4 0.0407498149273598
  endloop
endfacet
facet normal -9.82580058430296e-031 1.0 -2.09767458304694e-030
  outer loop
    vertex -0.150684428901095 -0.4 0.0403757710359933
    vertex -0.177306085790512 -0.4 0.0407498149273598
    vertex -0.135099962990372 -0.4 0.0780000000000001
  endloop
endfacet
facet normal -9.82580058430296e-031 1.0 -2.09767458304694e-030
  outer loop
    vertex -0.135099962990372 -0.4 0.0780000000000001
    vertex -0.177306085790512 -0.4 0.0407498149273598
    vertex -0.180628129516056 -0.4 0.0483991614341714
  endloop
endfacet
facet normal -9.82580058430296e-031 1.0 -2.09767458304694e-030
  outer loop
    vertex -0.135099962990372 -0.4 0.0780000000000001
    vertex -0.180628129516056 -0.4 0.0483991614341714
    vertex -0.16194675050769 -0.4 0.0935000000000001
  endloop
endfacet
facet normal -9.82580058430296e-031 1.0 -2.09767458304694e-030
  outer loop
    vertex -0.135099962990372 -0.4 0.0780000000000001
    vertex -0.16194675050769 -0.4 0.0935000000000001
    vertex -0.110308657865101 -0.4 0.110308657865101
  endloop
endfacet
facet normal -9.82580058430296e-031 1.0 -2.09767458304694e-030
  outer loop
    vertex -0.110308657865101 -0.4 0.110308657865101
    vertex -0.16194675050769 -0.4 0.0935000000000001
    vertex -0.154265574656572 -0.4 0.0966870268997078
  endloop
endfacet
facet normal -9.82580058430296e-031 1.0 -2.09767458304694e-030
  outer loop
    vertex -0.110308657865101 -0.4 0.110308657865101
    vertex -0.154265574656572 -0.4 0.0966870268997078
    vertex -0.14683092451995 -0.4 0.100413094567007
  endloop
endfacet
facet normal -9.82580058430296e-031 1.0 -2.09767458304694e-030
  outer loop
    vertex -0.110308657865101 -0.4 0.110308657865101
    vertex -0.14683092451995 -0.4 0.100413094567007
    vertex -0.139680570190406 -0.4 0.104659273540771
  endloop
endfacet
facet normal -9.82580058430296e-031 1.0 -2.09767458304694e-030
  outer loop
    vertex -0.110308657865101 -0.4 0.110308657865101
    vertex -0.139680570190406 -0.4 0.104659273540771
    vertex -0.13285083745867 -0.4 0.10940399204963
  endloop
endfacet
facet normal -9.82580058430296e-031 1.0 -2.09767458304694e-030
  outer loop
    vertex -0.110308657865101 -0.4 0.110308657865101
    vertex -0.13285083745867 -0.4 0.10940399204963
    vertex -0.12637642326849 -0.4 0.114623145602579
  endloop
endfacet
facet normal -9.82580058430296e-031 1.0 -2.09767458304694e-030
  outer loop
    vertex -0.110308657865101 -0.4 0.110308657865101
    vertex -0.12637642326849 -0.4 0.114623145602579
    vertex -0.078 -0.4 0.135099962990372
  endloop
endfacet
facet normal -9.82580058430296e-031 1.0 -2.09767458304694e-030
  outer loop
    vertex -0.078 -0.4 0.135099962990372
    vertex -0.12637642326849 -0.4 0.114623145602579
    vertex -0.1202902194465 -0.4 0.1202902194465
  endloop
endfacet
facet normal -9.82580058430296e-031 1.0 -2.09767458304694e-030
  outer loop
    vertex -0.078 -0.4 0.135099962990372
    vertex -0.1202902194465 -0.4 0.1202902194465
    vertex -0.114623145602579 -0.4 0.12637642326849
  endloop
endfacet
facet normal -9.82580058430296e-031 1.0 -2.09767458304694e-030
  outer loop
    vertex -0.078 -0.4 0.135099962990372
    vertex -0.114623145602579 -0.4 0.12637642326849
    vertex -0.10940399204963 -0.4 0.13285083745867
  endloop
endfacet
facet normal -9.82580058430296e-031 1.0 -2.09767458304694e-030
  outer loop
    vertex -0.078 -0.4 0.135099962990372
    vertex -0.10940399204963 -0.4 0.13285083745867
    vertex -0.104659273540771 -0.4 0.139680570190406
  endloop
endfacet
facet normal -9.82580058430296e-031 1.0 -2.09767458304694e-030
  outer loop
    vertex -0.078 -0.4 0.135099962990372
    vertex -0.104659273540771 -0.4 0.139680570190406
    vertex -0.0403757710359932 -0.4 0.150684428901095
  endloop
endfacet
facet normal -9.82580058430296e-031 1.0 -2.09767458304694e-030
  outer loop
    vertex -0.0403757710359932 -0.4 0.150684428901095
    vertex -0.104659273540771 -0.4 0.139680570190406
    vertex -0.100413094567007 -0.4 0.14683092451995
  endloop
endfacet
facet normal -9.82580058430296e-031 1.0 -2.09767458304694e-030
  outer loop
    vertex -0.0403757710359932 -0.4 0.150684428901095
    vertex -0.100413094567007 -0.4 0.14683092451995
    vertex -0.0966870268997077 -0.4 0.154265574656572
  endloop
endfacet
facet normal -9.82580058430296e-031 1.0 -2.09767458304694e-030
  outer loop
    vertex -0.0403757710359932 -0.4 0.150684428901095
    vertex -0.0966870268997077 -0.4 0.154265574656572
    vertex -5.55111512312578e-017 -0.4 0.156
  endloop
endfacet
facet normal -9.82580058430296e-031 1.0 -2.09767458304694e-030
  outer loop
    vertex -5.55111512312578e-017 -0.4 0.156
    vertex -0.0966870268997077 -0.4 0.154265574656572
    vertex -0.0935 -0.4 0.16194675050769
  endloop
endfacet
facet normal -9.82580058430296e-031 1.0 -2.09767458304694e-030
  outer loop
    vertex -5.55111512312578e-017 -0.4 -0.156
    vertex 0.0966870268997077 -0.4 -0.154265574656572
    vertex 0.0935 -0.4 -0.16194675050769
  endloop
endfacet
facet normal -9.82580058430296e-031 1.0 -2.09767458304694e-030
  outer loop
    vertex 0.0966870268997077 -0.4 -0.154265574656572
    vertex -5.55111512312578e-017 -0.4 -0.156
    vertex 0.0403757710359932 -0.4 -0.150684428901095
  endloop
endfacet
facet normal -9.82580058430296e-031 1.0 -2.09767458304694e-030
  outer loop
    vertex 0.0966870268997077 -0.4 -0.154265574656572
    vertex 0.0403757710359932 -0.4 -0.150684428901095
    vertex 0.100413094567007 -0.4 -0.14683092451995
  endloop
endfacet
facet normal -9.82580058430296e-031 1.0 -2.09767458304694e-030
  outer loop
    vertex 0.100413094567007 -0.4 -0.14683092451995
    vertex 0.0403757710359932 -0.4 -0.150684428901095
    vertex 0.078 -0.4 -0.135099962990372
  endloop
endfacet
facet normal -9.82580058430296e-031 1.0 -2.09767458304694e-030
  outer loop
    vertex 0.100413094567007 -0.4 -0.14683092451995
    vertex 0.078 -0.4 -0.135099962990372
    vertex 0.104659273540771 -0.4 -0.139680570190406
  endloop
endfacet
facet normal -9.82580058430296e-031 1.0 -2.09767458304694e-030
  outer loop
    vertex 0.104659273540771 -0.4 -0.139680570190406
    vertex 0.078 -0.4 -0.135099962990372
    vertex 0.10940399204963 -0.4 -0.13285083745867
  endloop
endfacet
facet normal -9.82580058430296e-031 1.0 -2.09767458304694e-030
  outer loop
    vertex 0.10940399204963 -0.4 -0.13285083745867
    vertex 0.078 -0.4 -0.135099962990372
    vertex 0.110308657865101 -0.4 -0.110308657865101
  endloop
endfacet
facet normal -9.82580058430296e-031 1.0 -2.09767458304694e-030
  outer loop
    vertex 0.10940399204963 -0.4 -0.13285083745867
    vertex 0.110308657865101 -0.4 -0.110308657865101
    vertex 0.114623145602579 -0.4 -0.12637642326849
  endloop
endfacet
facet normal -9.82580058430296e-031 1.0 -2.09767458304694e-030
  outer loop
    vertex 0.114623145602579 -0.4 -0.12637642326849
    vertex 0.110308657865101 -0.4 -0.110308657865101
    vertex 0.1202902194465 -0.4 -0.1202902194465
  endloop
endfacet
facet normal -9.82580058430296e-031 1.0 -2.09767458304694e-030
  outer loop
    vertex 0.1202902194465 -0.4 -0.1202902194465
    vertex 0.110308657865101 -0.4 -0.110308657865101
    vertex 0.12637642326849 -0.4 -0.114623145602579
  endloop
endfacet
facet normal -9.82580058430296e-031 1.0 -2.09767458304694e-030
  outer loop
    vertex 0.12637642326849 -0.4 -0.114623145602579
    vertex 0.110308657865101 -0.4 -0.110308657865101
    vertex 0.13285083745867 -0.4 -0.10940399204963
  endloop
endfacet
facet normal -9.82580058430296e-031 1.0 -2.09767458304694e-030
  outer loop
    vertex 0.13285083745867 -0.4 -0.10940399204963
    vertex 0.110308657865101 -0.4 -0.110308657865101
    vertex 0.135099962990372 -0.4 -0.078
  endloop
endfacet
facet normal -9.82580058430296e-031 1.0 -2.09767458304694e-030
  outer loop
    vertex 0.13285083745867 -0.4 -0.10940399204963
    vertex 0.135099962990372 -0.4 -0.078
    vertex 0.139680570190406 -0.4 -0.104659273540771
  endloop
endfacet
facet normal -9.82580058430296e-031 1.0 -2.09767458304694e-030
  outer loop
    vertex 0.139680570190406 -0.4 -0.104659273540771
    vertex 0.135099962990372 -0.4 -0.078
    vertex 0.14683092451995 -0.4 -0.100413094567007
  endloop
endfacet
facet normal -9.82580058430296e-031 1.0 -2.09767458304694e-030
  outer loop
    vertex 0.14683092451995 -0.4 -0.100413094567007
    vertex 0.135099962990372 -0.4 -0.078
    vertex 0.154265574656572 -0.4 -0.0966870268997077
  endloop
endfacet
facet normal -9.82580058430296e-031 1.0 -2.09767458304694e-030
  outer loop
    vertex 0.154265574656572 -0.4 -0.0966870268997077
    vertex 0.135099962990372 -0.4 -0.078
    vertex 0.16194675050769 -0.4 -0.0935
  endloop
endfacet
facet normal -9.82580058430296e-031 1.0 -2.09767458304694e-030
  outer loop
    vertex 0.16194675050769 -0.4 -0.0935
    vertex 0.135099962990372 -0.4 -0.078
    vertex 0.180628129516056 -0.4 -0.0483991614341713
  endloop
endfacet
facet normal -9.82580058430296e-031 1.0 -2.09767458304694e-030
  outer loop
    vertex 0.180628129516056 -0.4 -0.0483991614341713
    vertex 0.135099962990372 -0.4 -0.078
    vertex 0.150684428901095 -0.4 -0.0403757710359933
  endloop
endfacet
facet normal -9.82580058430296e-031 1.0 -2.09767458304694e-030
  outer loop
    vertex 0.180628129516056 -0.4 -0.0483991614341713
    vertex 0.150684428901095 -0.4 -0.0403757710359933
    vertex 0.177306085790512 -0.4 -0.0407498149273597
  endloop
endfacet
facet normal -9.82580058430296e-031 1.0 -2.09767458304694e-030
  outer loop
    vertex 0.177306085790512 -0.4 -0.0407498149273597
    vertex 0.150684428901095 -0.4 -0.0403757710359933
    vertex 0.174562554594373 -0.4 -0.032874441090423
  endloop
endfacet
facet normal -9.82580058430296e-031 1.0 -2.09767458304694e-030
  outer loop
    vertex 0.174562554594373 -0.4 -0.032874441090423
    vertex 0.150684428901095 -0.4 -0.0403757710359933
    vertex 0.156 -0.4 0.0
  endloop
endfacet
facet normal -9.82580058430296e-031 1.0 -2.09767458304694e-030
  outer loop
    vertex 0.174562554594373 -0.4 -0.032874441090423
    vertex 0.156 -0.4 0.0
    vertex 0.172412753494455 -0.4 -0.0248167223235209
  endloop
endfacet
facet normal -9.82580058430296e-031 1.0 -2.09767458304694e-030
  outer loop
    vertex 0.172412753494455 -0.4 -0.0248167223235209
    vertex 0.156 -0.4 0.0
    vertex 0.170868606810016 -0.4 -0.0166213524409207
  endloop
endfacet
facet normal -9.82580058430296e-031 1.0 -2.09767458304694e-030
  outer loop
    vertex 0.170868606810016 -0.4 -0.0166213524409207
    vertex 0.156 -0.4 0.0
    vertex 0.169938679472038 -0.4 -0.00833378876745333
  endloop
endfacet
facet normal -9.82580058430296e-031 1.0 -2.09767458304694e-030
  outer loop
    vertex 0.169938679472038 -0.4 -0.00833378876745333
    vertex 0.156 -0.4 0.0
    vertex 0.169628129516056 -0.4 1.66533453693773e-016
  endloop
endfacet
facet normal -9.82580058430296e-031 1.0 -2.09767458304694e-030
  outer loop
    vertex 0.169628129516056 -0.4 1.66533453693773e-016
    vertex 0.156 -0.4 0.0
    vertex 0.150684428901095 -0.4 0.0403757710359932
  endloop
endfacet
facet normal -9.82580058430296e-031 1.0 -2.09767458304694e-030
  outer loop
    vertex 0.169628129516056 -0.4 1.66533453693773e-016
    vertex 0.150684428901095 -0.4 0.0403757710359932
    vertex 0.169938679472038 -0.4 0.00833378876745372
  endloop
endfacet
facet normal -9.82580058430296e-031 1.0 -2.09767458304694e-030
  outer loop
    vertex 0.169938679472038 -0.4 0.00833378876745372
    vertex 0.150684428901095 -0.4 0.0403757710359932
    vertex 0.170868606810016 -0.4 0.0166213524409211
  endloop
endfacet
facet normal -9.82580058430296e-031 1.0 -2.09767458304694e-030
  outer loop
    vertex 0.170868606810016 -0.4 0.0166213524409211
    vertex 0.150684428901095 -0.4 0.0403757710359932
    vertex 0.172412753494455 -0.4 0.0248167223235212
  endloop
endfacet
facet normal -9.82580058430296e-031 1.0 -2.09767458304694e-030
  outer loop
    vertex 0.172412753494455 -0.4 0.0248167223235212
    vertex 0.150684428901095 -0.4 0.0403757710359932
    vertex 0.174562554594373 -0.4 0.0328744410904233
  endloop
endfacet
facet normal -9.82580058430296e-031 1.0 -2.09767458304694e-030
  outer loop
    vertex 0.174562554594373 -0.4 0.0328744410904233
    vertex 0.150684428901095 -0.4 0.0403757710359932
    vertex 0.177306085790512 -0.4 0.0407498149273601
  endloop
endfacet
facet normal -9.82580058430296e-031 1.0 -2.09767458304694e-030
  outer loop
    vertex 0.177306085790512 -0.4 0.0407498149273601
    vertex 0.150684428901095 -0.4 0.0403757710359932
    vertex 0.135099962990372 -0.4 0.078
  endloop
endfacet
facet normal -9.82580058430296e-031 1.0 -2.09767458304694e-030
  outer loop
    vertex 0.177306085790512 -0.4 0.0407498149273601
    vertex 0.135099962990372 -0.4 0.078
    vertex 0.180628129516056 -0.4 0.0483991614341717
  endloop
endfacet
facet normal -9.82580058430296e-031 1.0 -2.09767458304694e-030
  outer loop
    vertex 0.180628129516056 -0.4 0.0483991614341717
    vertex 0.135099962990372 -0.4 0.078
    vertex 0.16194675050769 -0.4 0.0935000000000003
  endloop
endfacet
facet normal -9.82580058430296e-031 1.0 -2.09767458304694e-030
  outer loop
    vertex 0.16194675050769 -0.4 0.0935000000000003
    vertex 0.135099962990372 -0.4 0.078
    vertex 0.110308657865101 -0.4 0.110308657865101
  endloop
endfacet
facet normal -9.82580058430296e-031 1.0 -2.09767458304694e-030
  outer loop
    vertex 0.16194675050769 -0.4 0.0935000000000003
    vertex 0.110308657865101 -0.4 0.110308657865101
    vertex 0.154188806075348 -0.4 0.0965598651408822
  endloop
endfacet
facet normal -9.82580058430296e-031 1.0 -2.09767458304694e-030
  outer loop
    vertex 0.154188806075348 -0.4 0.0965598651408822
    vertex 0.110308657865101 -0.4 0.110308657865101
    vertex 0.146680106317684 -0.4 0.100188625872173
  endloop
endfacet
facet normal -9.82580058430296e-031 1.0 -2.09767458304694e-030
  outer loop
    vertex 0.146680106317684 -0.4 0.100188625872173
    vertex 0.110308657865101 -0.4 0.110308657865101
    vertex 0.139462299800759 -0.4 0.104366154517189
  endloop
endfacet
facet normal -9.82580058430296e-031 1.0 -2.09767458304694e-030
  outer loop
    vertex 0.139462299800759 -0.4 0.104366154517189
    vertex 0.110308657865101 -0.4 0.110308657865101
    vertex 0.132575421590727 -0.4 0.109069279543794
  endloop
endfacet
facet normal -9.82580058430296e-031 1.0 -2.09767458304694e-030
  outer loop
    vertex 0.132575421590727 -0.4 0.109069279543794
    vertex 0.110308657865101 -0.4 0.110308657865101
    vertex 0.126057671191008 -0.4 0.114271914090123
  endloop
endfacet
facet normal -9.82580058430296e-031 1.0 -2.09767458304694e-030
  outer loop
    vertex 0.126057671191008 -0.4 0.114271914090123
    vertex 0.110308657865101 -0.4 0.110308657865101
    vertex 0.078 -0.4 0.135099962990372
  endloop
endfacet
facet normal -9.82580058430296e-031 1.0 -2.09767458304694e-030
  outer loop
    vertex 0.126057671191008 -0.4 0.114271914090123
    vertex 0.078 -0.4 0.135099962990372
    vertex 0.119945200660793 -0.4 0.119945200660793
  endloop
endfacet
facet normal -9.82580058430296e-031 1.0 -2.09767458304694e-030
  outer loop
    vertex 0.119945200660793 -0.4 0.119945200660793
    vertex 0.078 -0.4 0.135099962990372
    vertex 0.114271914090122 -0.4 0.126057671191008
  endloop
endfacet
facet normal -9.82580058430296e-031 1.0 -2.09767458304694e-030
  outer loop
    vertex 0.114271914090122 -0.4 0.126057671191008
    vertex 0.078 -0.4 0.135099962990372
    vertex 0.109069279543793 -0.4 0.132575421590727
  endloop
endfacet
facet normal -9.82580058430296e-031 1.0 -2.09767458304694e-030
  outer loop
    vertex 0.109069279543793 -0.4 0.132575421590727
    vertex 0.078 -0.4 0.135099962990372
    vertex 0.104366154517188 -0.4 0.139462299800759
  endloop
endfacet
facet normal -9.82580058430296e-031 1.0 -2.09767458304694e-030
  outer loop
    vertex 0.104366154517188 -0.4 0.139462299800759
    vertex 0.078 -0.4 0.135099962990372
    vertex 0.0403757710359933 -0.4 0.150684428901095
  endloop
endfacet
facet normal -9.82580058430296e-031 1.0 -2.09767458304694e-030
  outer loop
    vertex 0.104366154517188 -0.4 0.139462299800759
    vertex 0.0403757710359933 -0.4 0.150684428901095
    vertex 0.100188625872172 -0.4 0.146680106317684
  endloop
endfacet
facet normal -9.82580058430296e-031 1.0 -2.09767458304694e-030
  outer loop
    vertex 0.100188625872172 -0.4 0.146680106317684
    vertex 0.0403757710359933 -0.4 0.150684428901095
    vertex 0.0965598651408818 -0.4 0.154188806075348
  endloop
endfacet
facet normal -9.82580058430296e-031 1.0 -2.09767458304694e-030
  outer loop
    vertex 0.0965598651408818 -0.4 0.154188806075348
    vertex 0.0403757710359933 -0.4 0.150684428901095
    vertex -5.55111512312578e-017 -0.4 0.156
  endloop
endfacet
facet normal -9.82580058430296e-031 1.0 -2.09767458304694e-030
  outer loop
    vertex 0.0965598651408818 -0.4 0.154188806075348
    vertex -5.55111512312578e-017 -0.4 0.156
    vertex 0.0934999999999998 -0.4 0.16194675050769
  endloop
endfacet
facet normal -9.82580058430296e-031 1.0 -2.09767458304694e-030
  outer loop
    vertex 0.0934999999999998 -0.4 0.16194675050769
    vertex -5.55111512312578e-017 -0.4 0.156
    vertex -0.0935 -0.4 0.16194675050769
  endloop
endfacet
facet normal -9.82580058430296e-031 1.0 -2.09767458304694e-030
  outer loop
    vertex 0.0934999999999998 -0.4 0.16194675050769
    vertex -0.0935 -0.4 0.16194675050769
    vertex -0.0483991614341714 -0.4 0.180628129516056
  endloop
endfacet
facet normal -9.82580058430296e-031 1.0 -2.09767458304694e-030
  outer loop
    vertex 0.0934999999999998 -0.4 0.16194675050769
    vertex -0.0483991614341714 -0.4 0.180628129516056
    vertex 0.0483991614341712 -0.4 0.180628129516056
  endloop
endfacet
facet normal -9.82580058430296e-031 1.0 -2.09767458304694e-030
  outer loop
    vertex 0.0483991614341712 -0.4 0.180628129516056
    vertex -0.0483991614341714 -0.4 0.180628129516056
    vertex -1.11022302462516e-016 -0.4 0.187
  endloop
endfacet
facet normal -9.82580058430296e-031 1.0 -2.09767458304694e-030
  outer loop
    vertex -0.0935 -0.4 -0.16194675050769
    vertex -0.0407022184566953 -0.4 -0.177500224108772
    vertex -0.0483991614341713 -0.4 -0.180628129516056
  endloop
endfacet
facet normal -9.82580058430296e-031 1.0 -2.09767458304694e-030
  outer loop
    vertex -0.0407022184566953 -0.4 -0.177500224108772
    vertex -0.0935 -0.4 -0.16194675050769
    vertex -0.0328048829366811 -0.4 -0.174919756104756
  endloop
endfacet
facet normal -9.82580058430296e-031 1.0 -2.09767458304694e-030
  outer loop
    vertex -0.0328048829366811 -0.4 -0.174919756104756
    vertex -0.0935 -0.4 -0.16194675050769
    vertex -0.0247460364684038 -0.4 -0.172899430132007
  endloop
endfacet
facet normal -9.82580058430296e-031 1.0 -2.09767458304694e-030
  outer loop
    vertex -0.0247460364684038 -0.4 -0.172899430132007
    vertex -0.0935 -0.4 -0.16194675050769
    vertex -0.0165653558261262 -0.4 -0.171449193025705
  endloop
endfacet
facet normal -9.82580058430296e-031 1.0 -2.09767458304694e-030
  outer loop
    vertex -0.0165653558261262 -0.4 -0.171449193025705
    vertex -0.0935 -0.4 -0.16194675050769
    vertex -0.00728780487954828 -0.4 -0.170540542285678
  endloop
endfacet
facet normal -9.82580058430296e-031 1.0 -2.09767458304694e-030
  outer loop
    vertex -0.00728780487954828 -0.4 -0.170540542285678
    vertex -0.0935 -0.4 -0.16194675050769
    vertex 0.0 -0.4 -0.170284703775456
  endloop
endfacet
facet normal -0.608761429008713 -2.22951838988321e-016 -0.793353340291241
  outer loop
    vertex 0.132228968081884 0.1 0.132228968081885
    vertex 0.0934999999999998 -0.32 0.16194675050769
    vertex 0.0934999999999995 0.1 0.16194675050769
  endloop
endfacet
facet normal -0.608761429008713 -2.22951838988321e-016 -0.793353340291241
  outer loop
    vertex 0.0934999999999998 -0.32 0.16194675050769
    vertex 0.132228968081884 0.1 0.132228968081885
    vertex 0.132228968081884 -0.32 0.132228968081885
  endloop
endfacet
facet normal -0.930207645963594 1.38761952960031e-005 -0.367033697633229
  outer loop
    vertex 0.0934999999999998 -0.32 0.16194675050769
    vertex 0.0965598651408818 -0.4 0.154188806075348
    vertex 0.0934999999999998 -0.4 0.16194675050769
  endloop
endfacet
facet normal -0.915922569584687 1.66039794425791e-005 -0.401355012737715
  outer loop
    vertex 0.0965598651408818 -0.4 0.154188806075348
    vertex 0.0934999999999998 -0.32 0.16194675050769
    vertex 0.096565383295991 -0.320914044754228 0.15418087029482
  endloop
endfacet
endsolid xx2247
