solid xx2247
facet normal -4.37387738980919e-019 -0.924261426490025 0.381760154419793
  outer loop
    vertex 12.7 -5.5372 -1.1938
    vertex 2.8448 -6.0198 -2.3622
    vertex 12.7 -6.0198 -2.3622
  endloop
endfacet
facet normal -4.37387738980919e-019 -0.924261426490025 0.381760154419793
  outer loop
    vertex 2.8448 -6.0198 -2.3622
    vertex 12.7 -5.5372 -1.1938
    vertex 0.0 -6.0198 -2.3622
  endloop
endfacet
facet normal -4.37387738980919e-019 -0.924261426490025 0.381760154419793
  outer loop
    vertex 0.0 -6.0198 -2.3622
    vertex 12.7 -5.5372 -1.1938
    vertex 0.0 -5.5372 -1.1938
  endloop
endfacet
facet normal -4.37387738980919e-019 -0.924261426490025 0.381760154419793
  outer loop
    vertex 0.0 -5.5372 -1.1938
    vertex 12.7 -5.5372 -1.1938
    vertex 2.032 -5.5372 -1.1938
  endloop
endfacet
facet normal 0.0 -0.921635375138065 0.388057000058133
  outer loop
    vertex 10.16 -13.5636 1.9812
    vertex 0.0 -13.97 1.016
    vertex 10.16 -13.97 1.016
  endloop
endfacet
facet normal 0.0 -0.921635375138065 0.388057000058133
  outer loop
    vertex 0.0 -13.97 1.016
    vertex 10.16 -13.5636 1.9812
    vertex 0.0 -13.5636 1.9812
  endloop
endfacet
facet normal 1.0 -0.0 -0.0
  outer loop
    vertex 12.7 -8.9154 -4.572
    vertex 12.7 -9.3218 -3.8354
    vertex 12.7 -9.3218 -4.6228
  endloop
endfacet
facet normal 1.0 -0.0 -0.0
  outer loop
    vertex 12.7 -9.3218 -3.8354
    vertex 12.7 -8.9154 -4.572
    vertex 12.7 -9.1186 -3.81
  endloop
endfacet
facet normal 1.0 -0.0 -0.0
  outer loop
    vertex 12.7 -9.1186 -3.81
    vertex 12.7 -8.9154 -4.572
    vertex 12.7 -8.1534 -3.4036
  endloop
endfacet
facet normal 1.0 -0.0 -0.0
  outer loop
    vertex 12.7 -8.1534 -3.4036
    vertex 12.7 -8.9154 -4.572
    vertex 12.7 -7.747 -4.0894
  endloop
endfacet
facet normal 1.0 -0.0 -0.0
  outer loop
    vertex 12.7 -8.1534 -3.4036
    vertex 12.7 -7.747 -4.0894
    vertex 12.7 -7.3406 -2.7686
  endloop
endfacet
facet normal 1.0 -0.0 -0.0
  outer loop
    vertex 12.7 -7.3406 -2.7686
    vertex 12.7 -7.747 -4.0894
    vertex 12.7 -6.7818 -3.3274
  endloop
endfacet
facet normal 1.0 -0.0 -0.0
  outer loop
    vertex 12.7 -7.3406 -2.7686
    vertex 12.7 -6.7818 -3.3274
    vertex 12.7 -6.7056 -1.9558
  endloop
endfacet
facet normal 1.0 -0.0 -0.0
  outer loop
    vertex 12.7 -6.7056 -1.9558
    vertex 12.7 -6.7818 -3.3274
    vertex 12.7 -6.0198 -2.3622
  endloop
endfacet
facet normal 1.0 -0.0 -0.0
  outer loop
    vertex 12.7 -6.7056 -1.9558
    vertex 12.7 -6.0198 -2.3622
    vertex 12.7 -6.2992 -0.9906
  endloop
endfacet
facet normal 1.0 -0.0 -0.0
  outer loop
    vertex 12.7 -6.2992 -0.9906
    vertex 12.7 -6.0198 -2.3622
    vertex 12.7 -6.1722 0.0
  endloop
endfacet
facet normal 1.0 -0.0 -0.0
  outer loop
    vertex 12.7 -9.1186 3.8354
    vertex 12.7 -9.3218 4.6482
    vertex 12.7 -9.3218 3.8608
  endloop
endfacet
facet normal 1.0 -0.0 -0.0
  outer loop
    vertex 12.7 -9.3218 4.6482
    vertex 12.7 -9.1186 3.8354
    vertex 12.7 -8.9154 4.5974
  endloop
endfacet
facet normal 1.0 -0.0 -0.0
  outer loop
    vertex 12.7 -8.9154 4.5974
    vertex 12.7 -9.1186 3.8354
    vertex 12.7 -8.1534 3.429
  endloop
endfacet
facet normal 1.0 -0.0 -0.0
  outer loop
    vertex 12.7 -8.9154 4.5974
    vertex 12.7 -8.1534 3.429
    vertex 12.7 -7.747 4.1148
  endloop
endfacet
facet normal 1.0 -0.0 -0.0
  outer loop
    vertex 12.7 -7.747 4.1148
    vertex 12.7 -8.1534 3.429
    vertex 12.7 -7.3406 2.794
  endloop
endfacet
facet normal 1.0 -0.0 -0.0
  outer loop
    vertex 12.7 -7.747 4.1148
    vertex 12.7 -7.3406 2.794
    vertex 12.7 -6.7818 3.3528
  endloop
endfacet
facet normal 1.0 -0.0 -0.0
  outer loop
    vertex 12.7 -6.7818 3.3528
    vertex 12.7 -7.3406 2.794
    vertex 12.7 -6.7056 1.9812
  endloop
endfacet
facet normal 1.0 -0.0 -0.0
  outer loop
    vertex 12.7 -6.7818 3.3528
    vertex 12.7 -6.7056 1.9812
    vertex 12.7 -6.0198 2.3622
  endloop
endfacet
facet normal 1.0 -0.0 -0.0
  outer loop
    vertex 12.7 -6.0198 2.3622
    vertex 12.7 -6.7056 1.9812
    vertex 12.7 -6.2992 1.016
  endloop
endfacet
facet normal 1.0 -0.0 -0.0
  outer loop
    vertex 12.7 -6.0198 2.3622
    vertex 12.7 -6.2992 1.016
    vertex 12.7 -6.1722 0.0
  endloop
endfacet
facet normal 1.0 -0.0 -0.0
  outer loop
    vertex 12.7 -6.0198 2.3622
    vertex 12.7 -6.1722 0.0
    vertex 12.7 -6.0198 -2.3622
  endloop
endfacet
facet normal 1.0 -0.0 -0.0
  outer loop
    vertex 12.7 -6.0198 2.3622
    vertex 12.7 -6.0198 -2.3622
    vertex 12.7 -5.5372 -1.1938
  endloop
endfacet
facet normal 1.0 -0.0 -0.0
  outer loop
    vertex 12.7 -6.0198 2.3622
    vertex 12.7 -5.5372 -1.1938
    vertex 12.7 -5.5372 1.2192
  endloop
endfacet
facet normal 1.0 -0.0 -0.0
  outer loop
    vertex 12.7 -5.5372 1.2192
    vertex 12.7 -5.5372 -1.1938
    vertex 12.7 -5.3848 0.0
  endloop
endfacet
facet normal 1.51767973826314e-030 -0.788024373724563 0.615644041972315
  outer loop
    vertex 14.732 -12.9286 2.794
    vertex 12.7 -13.5636 1.9812
    vertex 14.732 -13.5636 1.9812
  endloop
endfacet
facet normal 1.51767973826314e-030 -0.788024373724563 0.615644041972315
  outer loop
    vertex 12.7 -13.5636 1.9812
    vertex 14.732 -12.9286 2.794
    vertex 12.7 -12.9286 2.794
  endloop
endfacet
facet normal 0.0 -0.936329177569045 0.351123441588392
  outer loop
    vertex 2.8448 -7.6708 -3.8862
    vertex 0.0 -7.747 -4.0894
    vertex 2.8448 -7.747 -4.0894
  endloop
endfacet
facet normal 0.0 -0.936329177569045 0.351123441588392
  outer loop
    vertex 0.0 -7.747 -4.0894
    vertex 2.8448 -7.6708 -3.8862
    vertex 0.0 -7.6708 -3.8862
  endloop
endfacet
facet normal 4.25414213416058e-019 -0.381760154419793 0.924261426490025
  outer loop
    vertex 1.2192 -8.9154 -4.572
    vertex 0.0 -7.747 -4.0894
    vertex 0.0 -8.9154 -4.572
  endloop
endfacet
facet normal 4.25414213416058e-019 -0.381760154419793 0.924261426490025
  outer loop
    vertex 0.0 -7.747 -4.0894
    vertex 1.2192 -8.9154 -4.572
    vertex 2.8448 -7.747 -4.0894
  endloop
endfacet
facet normal 4.25414213416058e-019 -0.381760154419793 0.924261426490025
  outer loop
    vertex 2.8448 -7.747 -4.0894
    vertex 1.2192 -8.9154 -4.572
    vertex 12.7 -8.9154 -4.572
  endloop
endfacet
facet normal 4.25414213416058e-019 -0.381760154419793 0.924261426490025
  outer loop
    vertex 2.8448 -7.747 -4.0894
    vertex 12.7 -8.9154 -4.572
    vertex 12.7 -7.747 -4.0894
  endloop
endfacet
facet normal -1.89709967282892e-031 0.615644041972315 0.788024373724563
  outer loop
    vertex 14.732 -8.1534 3.429
    vertex 12.7 -7.3406 2.794
    vertex 12.7 -8.1534 3.429
  endloop
endfacet
facet normal -1.89709967282892e-031 0.615644041972315 0.788024373724563
  outer loop
    vertex 12.7 -7.3406 2.794
    vertex 14.732 -8.1534 3.429
    vertex 14.732 -7.3406 2.794
  endloop
endfacet
facet normal -0.0 0.813733471206735 -0.581238193719096
  outer loop
    vertex 0.0 -12.9032 3.3782
    vertex 2.0066 -13.0302 3.2004
    vertex 0.0 -13.0302 3.2004
  endloop
endfacet
facet normal -0.0 0.813733471206735 -0.581238193719096
  outer loop
    vertex 2.0066 -13.0302 3.2004
    vertex 0.0 -12.9032 3.3782
    vertex 2.0066 -12.9032 3.3782
  endloop
endfacet
facet normal 0.6 -0.0 0.8
  outer loop
    vertex 23.5204 -10.9474 -5.9436
    vertex 23.4188 -10.6934 -5.8674
    vertex 23.4188 -10.9474 -5.8674
  endloop
endfacet
facet normal 0.6 -0.0 0.8
  outer loop
    vertex 23.4188 -10.6934 -5.8674
    vertex 23.5204 -10.9474 -5.9436
    vertex 23.5204 -10.6934 -5.9436
  endloop
endfacet
facet normal -0.0 0.868243142124459 0.496138938356834
  outer loop
    vertex 0.0 -12.9032 -3.3528
    vertex 2.8448 -12.8016 -3.5306
    vertex 0.0 -12.8016 -3.5306
  endloop
endfacet
facet normal -0.0 0.868243142124459 0.496138938356834
  outer loop
    vertex 2.8448 -12.8016 -3.5306
    vertex 0.0 -12.9032 -3.3528
    vertex 2.8448 -12.9032 -3.3528
  endloop
endfacet
facet normal 0.0 0.124034734589208 -0.992277876713668
  outer loop
    vertex 14.732 -9.1186 -3.81
    vertex 12.7 -9.3218 -3.8354
    vertex 12.7 -9.1186 -3.81
  endloop
endfacet
facet normal 0.0 0.124034734589208 -0.992277876713668
  outer loop
    vertex 12.7 -9.3218 -3.8354
    vertex 14.732 -9.1186 -3.81
    vertex 14.732 -9.3218 -3.8354
  endloop
endfacet
facet normal 0.176333447997129 -0.768632978449023 -0.614906382759219
  outer loop
    vertex 19.05 -12.8778 -1.5748
    vertex 14.732 -13.5636 -1.9558
    vertex 19.05 -12.3698 -2.2098
  endloop
endfacet
facet normal 0.178726406450129 -0.775336244887322 -0.605731441318221
  outer loop
    vertex 14.732 -13.5636 -1.9558
    vertex 14.732 -12.9286 -2.7686
    vertex 19.05 -12.3698 -2.2098
  endloop
endfacet
facet normal -0.989949493661167 0.0 -0.14142135623731
  outer loop
    vertex 23.3426 -10.6934 -6.2738
    vertex 23.368 -10.9474 -6.4516
    vertex 23.3426 -10.9474 -6.2738
  endloop
endfacet
facet normal -0.989949493661167 0.0 -0.14142135623731
  outer loop
    vertex 23.368 -10.9474 -6.4516
    vertex 23.3426 -10.6934 -6.2738
    vertex 23.368 -10.6934 -6.4516
  endloop
endfacet
facet normal 0.0 0.388057000058133 -0.921635375138065
  outer loop
    vertex 10.16 -8.1534 -3.4036
    vertex 0.0 -9.1186 -3.81
    vertex 0.0 -8.1534 -3.4036
  endloop
endfacet
facet normal 0.0 0.388057000058133 -0.921635375138065
  outer loop
    vertex 0.0 -9.1186 -3.81
    vertex 10.16 -8.1534 -3.4036
    vertex 10.16 -9.1186 -3.81
  endloop
endfacet
facet normal -0.8 0.0 0.6
  outer loop
    vertex 21.463 -10.6934 -6.8326
    vertex 21.3106 -10.9474 -7.0358
    vertex 21.463 -10.9474 -6.8326
  endloop
endfacet
facet normal -0.8 0.0 0.6
  outer loop
    vertex 21.3106 -10.9474 -7.0358
    vertex 21.463 -10.6934 -6.8326
    vertex 21.3106 -10.6934 -7.0358
  endloop
endfacet
facet normal -0.0 0.768221279597376 0.64018439966448
  outer loop
    vertex 0.0 -13.1826 -3.0226
    vertex 2.8448 -13.0556 -3.175
    vertex 0.0 -13.0556 -3.175
  endloop
endfacet
facet normal -0.0 0.768221279597376 0.64018439966448
  outer loop
    vertex 2.8448 -13.0556 -3.175
    vertex 0.0 -13.1826 -3.0226
    vertex 2.8448 -13.1826 -3.0226
  endloop
endfacet
facet normal -0.0 0.970142500145332 -0.242535625036333
  outer loop
    vertex 0.0 -14.5796 -0.8128
    vertex 0.4064 -14.6304 -1.016
    vertex 0.0 -14.6304 -1.016
  endloop
endfacet
facet normal -0.0 0.970142500145332 -0.242535625036333
  outer loop
    vertex 0.4064 -14.6304 -1.016
    vertex 0.0 -14.5796 -0.8128
    vertex 0.4064 -14.5796 -0.8128
  endloop
endfacet
facet normal -0.0 0.393919298579168 0.919145030018058
  outer loop
    vertex 2.8448 -14.0462 -2.4384
    vertex 0.0 -13.8684 -2.5146
    vertex 0.0 -14.0462 -2.4384
  endloop
endfacet
facet normal -0.0 0.393919298579168 0.919145030018058
  outer loop
    vertex 0.0 -13.8684 -2.5146
    vertex 2.8448 -14.0462 -2.4384
    vertex 2.8448 -13.8684 -2.5146
  endloop
endfacet
facet normal 0.0 -0.868243142124459 0.496138938356834
  outer loop
    vertex 2.8448 -7.366 -3.3528
    vertex 0.0 -7.4676 -3.5306
    vertex 2.8448 -7.4676 -3.5306
  endloop
endfacet
facet normal 0.0 -0.868243142124459 0.496138938356834
  outer loop
    vertex 0.0 -7.4676 -3.5306
    vertex 2.8448 -7.366 -3.3528
    vertex 0.0 -7.366 -3.3528
  endloop
endfacet
facet normal -0.0 0.640184399664479 0.768221279597377
  outer loop
    vertex 2.8448 -13.335 -2.8956
    vertex 0.0 -13.1826 -3.0226
    vertex 0.0 -13.335 -2.8956
  endloop
endfacet
facet normal -0.0 0.640184399664479 0.768221279597377
  outer loop
    vertex 0.0 -13.1826 -3.0226
    vertex 2.8448 -13.335 -2.8956
    vertex 2.8448 -13.1826 -3.0226
  endloop
endfacet
facet normal 1.0 -0.0 -0.0
  outer loop
    vertex 0.4064 -14.732 -1.1938
    vertex 0.4064 -14.732 1.2192
    vertex 0.4064 -14.8844 0.0
  endloop
endfacet
facet normal 1.0 -0.0 -0.0
  outer loop
    vertex 0.4064 -14.732 1.2192
    vertex 0.4064 -14.732 -1.1938
    vertex 0.4064 -14.6304 -1.016
  endloop
endfacet
facet normal 1.0 -0.0 -0.0
  outer loop
    vertex 0.4064 -14.732 1.2192
    vertex 0.4064 -14.6304 -1.016
    vertex 0.4064 -14.6304 1.0414
  endloop
endfacet
facet normal 1.0 -0.0 -0.0
  outer loop
    vertex 0.4064 -14.6304 1.0414
    vertex 0.4064 -14.6304 -1.016
    vertex 0.4064 -14.5796 -0.8128
  endloop
endfacet
facet normal 1.0 -0.0 -0.0
  outer loop
    vertex 0.4064 -14.6304 1.0414
    vertex 0.4064 -14.5796 -0.8128
    vertex 0.4064 -14.5796 0.8382
  endloop
endfacet
facet normal 1.0 -0.0 -0.0
  outer loop
    vertex 0.4064 -14.5796 0.8382
    vertex 0.4064 -14.5796 -0.8128
    vertex 0.4064 -14.5034 -0.6096
  endloop
endfacet
facet normal 1.0 -0.0 -0.0
  outer loop
    vertex 0.4064 -14.5796 0.8382
    vertex 0.4064 -14.5034 -0.6096
    vertex 0.4064 -14.5034 0.635
  endloop
endfacet
facet normal 1.0 -0.0 -0.0
  outer loop
    vertex 0.4064 -14.5034 0.635
    vertex 0.4064 -14.5034 -0.6096
    vertex 0.4064 -14.478 -0.4064
  endloop
endfacet
facet normal 1.0 -0.0 -0.0
  outer loop
    vertex 0.4064 -14.5034 0.635
    vertex 0.4064 -14.478 -0.4064
    vertex 0.4064 -14.478 0.4318
  endloop
endfacet
facet normal 1.0 -0.0 -0.0
  outer loop
    vertex 0.4064 -14.478 0.4318
    vertex 0.4064 -14.478 -0.4064
    vertex 0.4064 -14.4526 -0.1778
  endloop
endfacet
facet normal 1.0 -0.0 -0.0
  outer loop
    vertex 0.4064 -14.478 0.4318
    vertex 0.4064 -14.4526 -0.1778
    vertex 0.4064 -14.4526 0.2032
  endloop
endfacet
facet normal -0.842922209577588 0.0 0.538035452921865
  outer loop
    vertex 19.177 -10.6934 -7.0358
    vertex 18.415 -10.9474 -8.2296
    vertex 19.177 -10.9474 -7.0358
  endloop
endfacet
facet normal -0.842922209577588 0.0 0.538035452921865
  outer loop
    vertex 18.415 -10.9474 -8.2296
    vertex 19.177 -10.6934 -7.0358
    vertex 18.415 -10.6934 -8.2296
  endloop
endfacet
facet normal 1.0 -0.0 -0.0
  outer loop
    vertex 12.7 -9.3218 -6.3246
    vertex 12.7 -10.9474 -4.6228
    vertex 12.7 -10.9474 -6.3246
  endloop
endfacet
facet normal 1.0 -0.0 -0.0
  outer loop
    vertex 12.7 -10.9474 -4.6228
    vertex 12.7 -9.3218 -6.3246
    vertex 12.7 -10.1346 -4.7244
  endloop
endfacet
facet normal 1.0 -0.0 -0.0
  outer loop
    vertex 12.7 -10.1346 -4.7244
    vertex 12.7 -9.3218 -6.3246
    vertex 12.7 -9.3218 -4.6228
  endloop
endfacet
facet normal -1.55079053538251e-018 0.388972037040363 0.921249561411386
  outer loop
    vertex 2.8448 -12.4968 -4.0894
    vertex 0.0 -11.3538 -4.572
    vertex 0.0 -12.4968 -4.0894
  endloop
endfacet
facet normal -1.55079053538251e-018 0.388972037040363 0.921249561411386
  outer loop
    vertex 0.0 -11.3538 -4.572
    vertex 2.8448 -12.4968 -4.0894
    vertex 1.2192 -11.3538 -4.572
  endloop
endfacet
facet normal -1.55079053538251e-018 0.388972037040363 0.921249561411386
  outer loop
    vertex 1.2192 -11.3538 -4.572
    vertex 2.8448 -12.4968 -4.0894
    vertex 12.7 -11.3538 -4.572
  endloop
endfacet
facet normal -1.55079053538251e-018 0.388972037040363 0.921249561411386
  outer loop
    vertex 12.7 -11.3538 -4.572
    vertex 2.8448 -12.4968 -4.0894
    vertex 12.7 -12.4968 -4.0894
  endloop
endfacet
facet normal -0.0 0.991881664685851 -0.127164315985366
  outer loop
    vertex 12.7 -6.1722 0.0
    vertex 14.732 -6.2992 -0.9906
    vertex 12.7 -6.2992 -0.9906
  endloop
endfacet
facet normal -0.0 0.991881664685851 -0.127164315985366
  outer loop
    vertex 14.732 -6.2992 -0.9906
    vertex 12.7 -6.1722 0.0
    vertex 14.732 -6.1722 0.0
  endloop
endfacet
facet normal 0.845488903030971 -0.0 -0.533992991387982
  outer loop
    vertex 16.8148 -10.6934 -8.2296
    vertex 17.4244 -10.9474 -7.2644
    vertex 16.8148 -10.9474 -8.2296
  endloop
endfacet
facet normal 0.845488903030971 -0.0 -0.533992991387982
  outer loop
    vertex 17.4244 -10.9474 -7.2644
    vertex 16.8148 -10.6934 -8.2296
    vertex 17.4244 -10.6934 -7.2644
  endloop
endfacet
facet normal -0.997458699830735 0.0 -0.0712470499879098
  outer loop
    vertex 22.352 -10.6934 -5.9182
    vertex 22.3774 -10.9474 -6.2738
    vertex 22.352 -10.9474 -5.9182
  endloop
endfacet
facet normal -0.997458699830735 0.0 -0.0712470499879098
  outer loop
    vertex 22.3774 -10.9474 -6.2738
    vertex 22.352 -10.6934 -5.9182
    vertex 22.3774 -10.6934 -6.2738
  endloop
endfacet
facet normal 0.0 -0.868243142124459 -0.496138938356834
  outer loop
    vertex 2.8448 -7.4676 3.556
    vertex 0.0 -7.366 3.3782
    vertex 2.8448 -7.366 3.3782
  endloop
endfacet
facet normal 0.0 -0.868243142124459 -0.496138938356834
  outer loop
    vertex 0.0 -7.366 3.3782
    vertex 2.8448 -7.4676 3.556
    vertex 0.0 -7.4676 3.556
  endloop
endfacet
facet normal 0.0 -0.784882765533426 0.619644288579021
  outer loop
    vertex 12.7 -6.0198 -2.3622
    vertex 2.8448 -6.7818 -3.3274
    vertex 12.7 -6.7818 -3.3274
  endloop
endfacet
facet normal 0.0 -0.784882765533426 0.619644288579021
  outer loop
    vertex 2.8448 -6.7818 -3.3274
    vertex 12.7 -6.0198 -2.3622
    vertex 2.8448 -6.0198 -2.3622
  endloop
endfacet
facet normal -0.0 -0.615644041972315 0.788024373724563
  outer loop
    vertex 10.16 -12.9286 2.794
    vertex 0.0 -12.1158 3.429
    vertex 0.0 -12.9286 2.794
  endloop
endfacet
facet normal -0.0 -0.615644041972315 0.788024373724563
  outer loop
    vertex 0.0 -12.1158 3.429
    vertex 10.16 -12.9286 2.794
    vertex 10.16 -12.1158 3.429
  endloop
endfacet
facet normal 1.0 -0.0 -0.0
  outer loop
    vertex 23.6982 -10.6934 -6.4516
    vertex 23.6982 -10.9474 -6.2992
    vertex 23.6982 -10.9474 -6.4516
  endloop
endfacet
facet normal 1.0 -0.0 -0.0
  outer loop
    vertex 23.6982 -10.9474 -6.2992
    vertex 23.6982 -10.6934 -6.4516
    vertex 23.6982 -10.6934 -6.2992
  endloop
endfacet
facet normal 0.0 0.0 -1.0
  outer loop
    vertex 18.7452 -10.6934 -8.2296
    vertex 18.415 -10.9474 -8.2296
    vertex 18.415 -10.6934 -8.2296
  endloop
endfacet
facet normal 0.0 0.0 -1.0
  outer loop
    vertex 18.415 -10.9474 -8.2296
    vertex 18.7452 -10.6934 -8.2296
    vertex 18.7452 -10.9474 -8.2296
  endloop
endfacet
facet normal -0.855500079018233 0.0 0.517802679405773
  outer loop
    vertex 19.9644 -10.6934 -5.8166
    vertex 19.3802 -10.9474 -6.7818
    vertex 19.9644 -10.9474 -5.8166
  endloop
endfacet
facet normal -0.855500079018233 0.0 0.517802679405773
  outer loop
    vertex 19.3802 -10.9474 -6.7818
    vertex 19.9644 -10.6934 -5.8166
    vertex 19.3802 -10.6934 -6.7818
  endloop
endfacet
facet normal 2.21209964774648e-017 0.924261426490026 0.381760154419792
  outer loop
    vertex 0.0 -14.732 -1.1938
    vertex 2.8448 -14.2494 -2.3622
    vertex 0.0 -14.2494 -2.3622
  endloop
endfacet
facet normal -0.000978668757582935 0.925099520325765 0.379723477942177
  outer loop
    vertex 0.0 -14.732 -1.1938
    vertex 12.7 -14.2494 -2.3368
    vertex 2.8448 -14.2494 -2.3622
  endloop
endfacet
facet normal 3.18132489234536e-018 0.921249561411386 0.388972037040361
  outer loop
    vertex 0.0 -14.732 -1.1938
    vertex 12.7 -14.732 -1.1938
    vertex 12.7 -14.2494 -2.3368
  endloop
endfacet
facet normal 3.18132489234536e-018 0.921249561411386 0.388972037040361
  outer loop
    vertex 12.7 -14.732 -1.1938
    vertex 0.0 -14.732 -1.1938
    vertex 0.4064 -14.732 -1.1938
  endloop
endfacet
facet normal 0.0 -0.788024373724563 0.615644041972315
  outer loop
    vertex 10.16 -12.9286 2.794
    vertex 0.0 -13.5636 1.9812
    vertex 10.16 -13.5636 1.9812
  endloop
endfacet
facet normal 0.0 -0.788024373724563 0.615644041972315
  outer loop
    vertex 0.0 -13.5636 1.9812
    vertex 10.16 -12.9286 2.794
    vertex 0.0 -12.9286 2.794
  endloop
endfacet
facet normal 0.178726406450129 0.605731441318221 -0.775336244887323
  outer loop
    vertex 19.05 -7.8994 -2.2098
    vertex 14.732 -8.1534 -3.4036
    vertex 14.732 -7.3406 -2.7686
  endloop
endfacet
facet normal 0.176333447997129 0.614906382759218 -0.768632978449024
  outer loop
    vertex 19.05 -8.5344 -2.7178
    vertex 14.732 -8.1534 -3.4036
    vertex 19.05 -7.8994 -2.2098
  endloop
endfacet
facet normal -0.0 -0.0 1.0
  outer loop
    vertex 18.3896 -10.9474 -5.8166
    vertex 18.034 -10.6934 -5.8166
    vertex 18.034 -10.9474 -5.8166
  endloop
endfacet
facet normal -0.0 -0.0 1.0
  outer loop
    vertex 18.034 -10.6934 -5.8166
    vertex 18.3896 -10.9474 -5.8166
    vertex 18.3896 -10.6934 -5.8166
  endloop
endfacet
facet normal 0.928476690885259 -0.0 0.371390676354104
  outer loop
    vertex 23.6982 -10.6934 -6.2992
    vertex 23.5966 -10.9474 -6.0452
    vertex 23.6982 -10.9474 -6.2992
  endloop
endfacet
facet normal 0.928476690885259 -0.0 0.371390676354104
  outer loop
    vertex 23.5966 -10.9474 -6.0452
    vertex 23.6982 -10.6934 -6.2992
    vertex 23.5966 -10.6934 -6.0452
  endloop
endfacet
facet normal 0.948683298050514 -0.0 -0.316227766016838
  outer loop
    vertex 21.7678 -10.6934 -6.9342
    vertex 21.844 -10.9474 -6.7056
    vertex 21.7678 -10.9474 -6.9342
  endloop
endfacet
facet normal 0.948683298050514 -0.0 -0.316227766016838
  outer loop
    vertex 21.844 -10.9474 -6.7056
    vertex 21.7678 -10.6934 -6.9342
    vertex 21.844 -10.6934 -6.7056
  endloop
endfacet
facet normal 0.0 -0.991881664685851 -0.127164315985366
  outer loop
    vertex 10.16 -14.097 0.0
    vertex 0.0 -13.97 -0.9906
    vertex 10.16 -13.97 -0.9906
  endloop
endfacet
facet normal 0.0 -0.991881664685851 -0.127164315985366
  outer loop
    vertex 0.0 -13.97 -0.9906
    vertex 10.16 -14.097 0.0
    vertex 0.0 -14.097 0.0
  endloop
endfacet
facet normal 0.0 -0.970142500145332 0.242535625036333
  outer loop
    vertex 2.032 -5.6388 1.0414
    vertex 0.0 -5.6896 0.8382
    vertex 2.032 -5.6896 0.8382
  endloop
endfacet
facet normal 0.0 -0.970142500145332 0.242535625036333
  outer loop
    vertex 0.0 -5.6896 0.8382
    vertex 2.032 -5.6388 1.0414
    vertex 0.0 -5.6388 1.0414
  endloop
endfacet
facet normal 0.0 0.0 -1.0
  outer loop
    vertex 20.32 -10.6934 -8.2296
    vertex 19.939 -10.9474 -8.2296
    vertex 19.939 -10.6934 -8.2296
  endloop
endfacet
facet normal 0.0 0.0 -1.0
  outer loop
    vertex 19.939 -10.9474 -8.2296
    vertex 20.32 -10.6934 -8.2296
    vertex 20.32 -10.9474 -8.2296
  endloop
endfacet
facet normal -0.00157141754653002 -0.792623010469741 -0.609710008053648
  outer loop
    vertex 12.7 -6.7818 3.3528
    vertex 2.8448 -6.0198 2.3876
    vertex 12.7 -6.0198 2.3622
  endloop
endfacet
facet normal 9.17478100482569e-018 -0.784882765533426 -0.619644288579021
  outer loop
    vertex 2.8448 -6.7818 3.3528
    vertex 2.8448 -6.0198 2.3876
    vertex 12.7 -6.7818 3.3528
  endloop
endfacet
facet normal -0.0 -0.496138938356834 0.868243142124459
  outer loop
    vertex 2.8448 -6.7564 -2.7432
    vertex 0.0 -6.5786 -2.6416
    vertex 0.0 -6.7564 -2.7432
  endloop
endfacet
facet normal -0.0 -0.496138938356834 0.868243142124459
  outer loop
    vertex 0.0 -6.5786 -2.6416
    vertex 2.8448 -6.7564 -2.7432
    vertex 2.8448 -6.5786 -2.6416
  endloop
endfacet
facet normal 0.0 0.124034734589209 -0.992277876713668
  outer loop
    vertex 6.35 -10.1346 4.7498
    vertex 3.302 -10.9474 4.6482
    vertex 3.302 -10.1346 4.7498
  endloop
endfacet
facet normal 0.0 0.124034734589209 -0.992277876713668
  outer loop
    vertex 1.016 -10.1346 4.7498
    vertex 0.0 -11.3538 4.5974
    vertex 0.0 -10.1346 4.7498
  endloop
endfacet
facet normal 0.0 0.124034734589209 -0.992277876713668
  outer loop
    vertex 0.0 -11.3538 4.5974
    vertex 1.016 -10.1346 4.7498
    vertex 1.016 -10.9474 4.6482
  endloop
endfacet
facet normal 0.0 0.124034734589209 -0.992277876713668
  outer loop
    vertex 0.0 -11.3538 4.5974
    vertex 1.016 -10.9474 4.6482
    vertex 12.7 -11.3538 4.5974
  endloop
endfacet
facet normal 0.0 0.124034734589209 -0.992277876713668
  outer loop
    vertex 12.7 -11.3538 4.5974
    vertex 1.016 -10.9474 4.6482
    vertex 3.302 -10.9474 4.6482
  endloop
endfacet
facet normal 0.0 0.124034734589209 -0.992277876713668
  outer loop
    vertex 12.7 -11.3538 4.5974
    vertex 3.302 -10.9474 4.6482
    vertex 6.35 -10.9474 4.6482
  endloop
endfacet
facet normal 0.0 0.124034734589209 -0.992277876713668
  outer loop
    vertex 6.35 -10.9474 4.6482
    vertex 3.302 -10.9474 4.6482
    vertex 6.35 -10.1346 4.7498
  endloop
endfacet
facet normal 0.0 0.124034734589209 -0.992277876713668
  outer loop
    vertex 12.7 -11.3538 4.5974
    vertex 6.35 -10.9474 4.6482
    vertex 12.7 -10.9474 4.6482
  endloop
endfacet
facet normal -0.0 -0.0 1.0
  outer loop
    vertex 18.796 -10.9474 -5.8166
    vertex 18.4404 -10.6934 -5.8166
    vertex 18.4404 -10.9474 -5.8166
  endloop
endfacet
facet normal -0.0 -0.0 1.0
  outer loop
    vertex 18.4404 -10.6934 -5.8166
    vertex 18.796 -10.9474 -5.8166
    vertex 18.796 -10.6934 -5.8166
  endloop
endfacet
facet normal -0.0 0.788024373724564 0.615644041972315
  outer loop
    vertex 0.0 -7.3406 2.794
    vertex 10.16 -6.7056 1.9812
    vertex 0.0 -6.7056 1.9812
  endloop
endfacet
facet normal -0.0 0.788024373724564 0.615644041972315
  outer loop
    vertex 10.16 -6.7056 1.9812
    vertex 0.0 -7.3406 2.794
    vertex 10.16 -7.3406 2.794
  endloop
endfacet
facet normal 0.0 0.0 -1.0
  outer loop
    vertex 28.575 -9.3218 9.525
    vertex 19.05 -10.9474 9.525
    vertex 19.05 -9.3218 9.525
  endloop
endfacet
facet normal 0.0 0.0 -1.0
  outer loop
    vertex 19.05 -10.9474 9.525
    vertex 28.575 -9.3218 9.525
    vertex 28.575 -10.9474 9.525
  endloop
endfacet
facet normal -1.0 0.0 0.0
  outer loop
    vertex 25.0698 -10.6934 -6.1976
    vertex 25.0698 -10.9474 -7.1628
    vertex 25.0698 -10.9474 -6.1976
  endloop
endfacet
facet normal -1.0 0.0 0.0
  outer loop
    vertex 25.0698 -10.9474 -7.1628
    vertex 25.0698 -10.6934 -6.1976
    vertex 25.0698 -10.6934 -7.1628
  endloop
endfacet
facet normal 0.177741760688393 0.381878032442676 -0.906960327051355
  outer loop
    vertex 19.05 -8.5344 -2.7178
    vertex 14.732 -9.1186 -3.81
    vertex 14.732 -8.1534 -3.4036
  endloop
endfacet
facet normal -0.992277876713668 0.0 0.124034734589208
  outer loop
    vertex 23.368 -10.6934 -6.4516
    vertex 23.3426 -10.9474 -6.6548
    vertex 23.368 -10.9474 -6.4516
  endloop
endfacet
facet normal -0.992277876713668 0.0 0.124034734589208
  outer loop
    vertex 23.3426 -10.9474 -6.6548
    vertex 23.368 -10.6934 -6.4516
    vertex 23.3426 -10.6934 -6.6548
  endloop
endfacet
facet normal 9.52656981792634e-017 0.707106781186547 -0.707106781186548
  outer loop
    vertex 2.0066 -13.0302 3.2004
    vertex 0.0 -13.335 2.8956
    vertex 0.0 -13.0302 3.2004
  endloop
endfacet
facet normal 9.52656981792634e-017 0.707106781186547 -0.707106781186548
  outer loop
    vertex 0.0 -13.335 2.8956
    vertex 2.0066 -13.0302 3.2004
    vertex 2.032 -13.335 2.8956
  endloop
endfacet
facet normal 9.52656981792634e-017 0.707106781186547 -0.707106781186548
  outer loop
    vertex 2.032 -13.335 2.8956
    vertex 2.0066 -13.0302 3.2004
    vertex 2.01780588235294 -13.0974352941176 3.13316470588236
  endloop
endfacet
facet normal 9.52656981792634e-017 0.707106781186547 -0.707106781186548
  outer loop
    vertex 2.032 -13.335 2.8956
    vertex 2.01780588235294 -13.0974352941176 3.13316470588236
    vertex 2.032 -13.1826 3.048
  endloop
endfacet
facet normal 0.0 -0.581238193719095 -0.813733471206736
  outer loop
    vertex 2.8448 -6.4008 2.54
    vertex 0.0 -6.5786 2.667
    vertex 0.0 -6.4008 2.54
  endloop
endfacet
facet normal 0.0 -0.581238193719095 -0.813733471206736
  outer loop
    vertex 0.0 -6.5786 2.667
    vertex 2.8448 -6.4008 2.54
    vertex 2.8448 -6.5786 2.667
  endloop
endfacet
facet normal -2.26105749691191e-018 -0.619644288579021 0.784882765533426
  outer loop
    vertex 12.7 -7.747 -4.0894
    vertex 2.8448 -6.7818 -3.3274
    vertex 2.8448 -7.747 -4.0894
  endloop
endfacet
facet normal -2.26105749691191e-018 -0.619644288579021 0.784882765533426
  outer loop
    vertex 2.8448 -6.7818 -3.3274
    vertex 12.7 -7.747 -4.0894
    vertex 12.7 -6.7818 -3.3274
  endloop
endfacet
facet normal 0.0 -0.813733471206734 -0.581238193719098
  outer loop
    vertex 2.8448 -7.5946 3.7338
    vertex 0.0 -7.4676 3.556
    vertex 2.8448 -7.4676 3.556
  endloop
endfacet
facet normal 0.0 -0.813733471206734 -0.581238193719098
  outer loop
    vertex 0.0 -7.4676 3.556
    vertex 2.8448 -7.5946 3.7338
    vertex 0.0 -7.5946 3.7338
  endloop
endfacet
facet normal 1.0 -0.0 -0.0
  outer loop
    vertex 19.05 -8.5344 -2.7178
    vertex 19.05 -9.3218 3.0734
    vertex 19.05 -9.3218 -3.048
  endloop
endfacet
facet normal 1.0 -0.0 -0.0
  outer loop
    vertex 19.05 -9.3218 3.0734
    vertex 19.05 -8.5344 -2.7178
    vertex 19.05 -8.5344 2.7432
  endloop
endfacet
facet normal 1.0 -0.0 -0.0
  outer loop
    vertex 19.05 -8.5344 2.7432
    vertex 19.05 -8.5344 -2.7178
    vertex 19.05 -7.8994 -2.2098
  endloop
endfacet
facet normal 1.0 -0.0 -0.0
  outer loop
    vertex 19.05 -8.5344 2.7432
    vertex 19.05 -7.8994 -2.2098
    vertex 19.05 -7.8994 2.2352
  endloop
endfacet
facet normal 1.0 -0.0 -0.0
  outer loop
    vertex 19.05 -7.8994 2.2352
    vertex 19.05 -7.8994 -2.2098
    vertex 19.05 -7.3914 -1.5748
  endloop
endfacet
facet normal 1.0 -0.0 -0.0
  outer loop
    vertex 19.05 -7.8994 2.2352
    vertex 19.05 -7.3914 -1.5748
    vertex 19.05 -7.3914 1.6002
  endloop
endfacet
facet normal 1.0 -0.0 -0.0
  outer loop
    vertex 19.05 -7.3914 1.6002
    vertex 19.05 -7.3914 -1.5748
    vertex 19.05 -7.0612 -0.7874
  endloop
endfacet
facet normal 1.0 -0.0 -0.0
  outer loop
    vertex 19.05 -7.3914 1.6002
    vertex 19.05 -7.0612 -0.7874
    vertex 19.05 -7.0612 0.8128
  endloop
endfacet
facet normal 1.0 -0.0 -0.0
  outer loop
    vertex 19.05 -7.0612 0.8128
    vertex 19.05 -7.0612 -0.7874
    vertex 19.05 -6.9596 0.0
  endloop
endfacet
facet normal 0.17804800691415 0.380547480928696 -0.907459377599197
  outer loop
    vertex 19.05 -9.3218 -3.048
    vertex 14.732 -9.1186 -3.81
    vertex 19.05 -8.5344 -2.7178
  endloop
endfacet
facet normal 0.0 0.0 -1.0
  outer loop
    vertex 27.178 -10.6934 -6.1214
    vertex 25.9334 -10.9474 -6.1214
    vertex 25.9334 -10.6934 -6.1214
  endloop
endfacet
facet normal 0.0 0.0 -1.0
  outer loop
    vertex 25.9334 -10.9474 -6.1214
    vertex 27.178 -10.6934 -6.1214
    vertex 27.178 -10.9474 -6.1214
  endloop
endfacet
facet normal -0.0 0.894427190999916 -0.447213595499958
  outer loop
    vertex 0.0 -12.4968 4.1148
    vertex 2.0066 -12.5984 3.9116
    vertex 0.0 -12.5984 3.9116
  endloop
endfacet
facet normal -0.0 0.894427190999916 -0.447213595499958
  outer loop
    vertex 2.0066 -12.5984 3.9116
    vertex 0.0 -12.4968 4.1148
    vertex 2.032 -12.4968 4.1148
  endloop
endfacet
facet normal 1.0 -0.0 -0.0
  outer loop
    vertex 25.4 -10.6934 -8.2296
    vertex 25.4 -10.9474 -7.4168
    vertex 25.4 -10.9474 -8.2296
  endloop
endfacet
facet normal 1.0 -0.0 -0.0
  outer loop
    vertex 25.4 -10.9474 -7.4168
    vertex 25.4 -10.6934 -8.2296
    vertex 25.4 -10.6934 -7.4168
  endloop
endfacet
facet normal 0.0 -0.992277876713668 0.124034734589209
  outer loop
    vertex 2.032 -5.7658 0.635
    vertex 0.0 -5.7912 0.4318
    vertex 2.032 -5.7912 0.4318
  endloop
endfacet
facet normal 0.0 -0.992277876713668 0.124034734589209
  outer loop
    vertex 0.0 -5.7912 0.4318
    vertex 2.032 -5.7658 0.635
    vertex 0.0 -5.7658 0.635
  endloop
endfacet
facet normal -0.0 -0.388057000058133 0.921635375138065
  outer loop
    vertex 10.16 -12.1158 3.429
    vertex 0.0 -11.1506 3.8354
    vertex 0.0 -12.1158 3.429
  endloop
endfacet
facet normal -0.0 -0.388057000058133 0.921635375138065
  outer loop
    vertex 0.0 -11.1506 3.8354
    vertex 10.16 -12.1158 3.429
    vertex 10.16 -11.1506 3.8354
  endloop
endfacet
facet normal -0.0 0.351123441588392 0.936329177569045
  outer loop
    vertex 2.8448 -14.2494 -2.3622
    vertex 0.0 -14.0462 -2.4384
    vertex 0.0 -14.2494 -2.3622
  endloop
endfacet
facet normal -0.0 0.351123441588392 0.936329177569045
  outer loop
    vertex 0.0 -14.0462 -2.4384
    vertex 2.8448 -14.2494 -2.3622
    vertex 2.8448 -14.0462 -2.4384
  endloop
endfacet
facet normal -7.12287470536061e-018 -0.921249561411386 -0.388972037040363
  outer loop
    vertex 12.7 -6.0198 2.3622
    vertex 2.032 -5.5372 1.2192
    vertex 12.7 -5.5372 1.2192
  endloop
endfacet
facet normal -7.12287470536061e-018 -0.921249561411386 -0.388972037040363
  outer loop
    vertex 2.032 -5.5372 1.2192
    vertex 12.7 -6.0198 2.3622
    vertex 0.0 -5.5372 1.2192
  endloop
endfacet
facet normal 0.0 0.0 -1.0
  outer loop
    vertex 25.6794 -10.6934 -7.4168
    vertex 25.4 -10.9474 -7.4168
    vertex 25.4 -10.6934 -7.4168
  endloop
endfacet
facet normal 0.0 0.0 -1.0
  outer loop
    vertex 25.4 -10.9474 -7.4168
    vertex 25.6794 -10.6934 -7.4168
    vertex 25.6794 -10.9474 -7.4168
  endloop
endfacet
facet normal -2.38516663505824e-018 0.388972037040363 -0.921249561411386
  outer loop
    vertex 12.7 -11.3538 4.5974
    vertex 0.0 -12.4968 4.1148
    vertex 0.0 -11.3538 4.5974
  endloop
endfacet
facet normal -2.38516663505824e-018 0.388972037040363 -0.921249561411386
  outer loop
    vertex 0.0 -12.4968 4.1148
    vertex 12.7 -11.3538 4.5974
    vertex 2.032 -12.4968 4.1148
  endloop
endfacet
facet normal -2.38516663505824e-018 0.388972037040363 -0.921249561411386
  outer loop
    vertex 2.032 -12.4968 4.1148
    vertex 12.7 -11.3538 4.5974
    vertex 12.7 -12.4968 4.1148
  endloop
endfacet
facet normal -0.0 0.581238193719095 0.813733471206736
  outer loop
    vertex 2.8448 -13.8684 -2.5146
    vertex 0.0 -13.6906 -2.6416
    vertex 0.0 -13.8684 -2.5146
  endloop
endfacet
facet normal -0.0 0.581238193719095 0.813733471206736
  outer loop
    vertex 0.0 -13.6906 -2.6416
    vertex 2.8448 -13.8684 -2.5146
    vertex 2.8448 -13.6906 -2.6416
  endloop
endfacet
facet normal -1.0 0.0 0.0
  outer loop
    vertex 22.3012 -10.6934 -7.8994
    vertex 22.3012 -10.9474 -8.2296
    vertex 22.3012 -10.9474 -7.8994
  endloop
endfacet
facet normal -1.0 0.0 0.0
  outer loop
    vertex 22.3012 -10.9474 -8.2296
    vertex 22.3012 -10.6934 -7.8994
    vertex 22.3012 -10.6934 -8.2296
  endloop
endfacet
facet normal -0.0 -0.351123441588392 0.936329177569045
  outer loop
    vertex 1.2192 -11.176 -4.4958
    vertex 0.0 -10.9728 -4.4196
    vertex 0.0 -11.176 -4.4958
  endloop
endfacet
facet normal -0.0 -0.351123441588392 0.936329177569045
  outer loop
    vertex 0.0 -10.9728 -4.4196
    vertex 1.2192 -11.176 -4.4958
    vertex 1.2192 -10.9728 -4.4196
  endloop
endfacet
facet normal -0.0 0.919145030018058 -0.393919298579168
  outer loop
    vertex 0.0 -12.5984 3.9116
    vertex 2.0066 -12.6746 3.7338
    vertex 0.0 -12.6746 3.7338
  endloop
endfacet
facet normal -0.0 0.919145030018058 -0.393919298579168
  outer loop
    vertex 2.0066 -12.6746 3.7338
    vertex 0.0 -12.5984 3.9116
    vertex 2.0066 -12.5984 3.9116
  endloop
endfacet
facet normal -0.855500079018234 0.0 -0.517802679405771
  outer loop
    vertex 17.4244 -10.6934 -7.2644
    vertex 18.0086 -10.9474 -8.2296
    vertex 17.4244 -10.9474 -7.2644
  endloop
endfacet
facet normal -0.855500079018234 0.0 -0.517802679405771
  outer loop
    vertex 18.0086 -10.9474 -8.2296
    vertex 17.4244 -10.6934 -7.2644
    vertex 18.0086 -10.6934 -8.2296
  endloop
endfacet
facet normal -1.0 0.0 0.0
  outer loop
    vertex 25.9334 -10.6934 -5.8166
    vertex 25.9334 -10.9474 -6.1214
    vertex 25.9334 -10.9474 -5.8166
  endloop
endfacet
facet normal -1.0 0.0 0.0
  outer loop
    vertex 25.9334 -10.9474 -6.1214
    vertex 25.9334 -10.6934 -5.8166
    vertex 25.9334 -10.6934 -6.1214
  endloop
endfacet
facet normal -0.0 0.496138938356834 0.868243142124459
  outer loop
    vertex 2.8448 -13.6906 -2.6416
    vertex 0.0 -13.5128 -2.7432
    vertex 0.0 -13.6906 -2.6416
  endloop
endfacet
facet normal -0.0 0.496138938356834 0.868243142124459
  outer loop
    vertex 0.0 -13.5128 -2.7432
    vertex 2.8448 -13.6906 -2.6416
    vertex 2.8448 -13.5128 -2.7432
  endloop
endfacet
facet normal -0.0 -0.0 1.0
  outer loop
    vertex 25.4 -10.9474 -5.8166
    vertex 25.0952 -10.6934 -5.8166
    vertex 25.0952 -10.9474 -5.8166
  endloop
endfacet
facet normal -0.0 -0.0 1.0
  outer loop
    vertex 25.0952 -10.6934 -5.8166
    vertex 25.4 -10.9474 -5.8166
    vertex 25.4 -10.6934 -5.8166
  endloop
endfacet
facet normal 0.0 -0.615644041972315 -0.788024373724563
  outer loop
    vertex 10.16 -12.1158 -3.4036
    vertex 0.0 -12.9286 -2.7686
    vertex 0.0 -12.1158 -3.4036
  endloop
endfacet
facet normal 0.0 -0.615644041972315 -0.788024373724563
  outer loop
    vertex 0.0 -12.9286 -2.7686
    vertex 10.16 -12.1158 -3.4036
    vertex 10.16 -12.9286 -2.7686
  endloop
endfacet
facet normal 0.707106781186548 0.0 -0.707106781186548
  outer loop
    vertex 22.606 -10.6934 -7.9756
    vertex 22.9108 -10.9474 -7.6708
    vertex 22.606 -10.9474 -7.9756
  endloop
endfacet
facet normal 0.707106781186548 0.0 -0.707106781186548
  outer loop
    vertex 22.9108 -10.9474 -7.6708
    vertex 22.606 -10.6934 -7.9756
    vertex 22.9108 -10.6934 -7.6708
  endloop
endfacet
facet normal 1.0 -0.0 -0.0
  outer loop
    vertex 25.4 -10.6934 -7.1628
    vertex 25.4 -10.9474 -5.8166
    vertex 25.4 -10.9474 -7.1628
  endloop
endfacet
facet normal 1.0 -0.0 -0.0
  outer loop
    vertex 25.4 -10.9474 -5.8166
    vertex 25.4 -10.6934 -7.1628
    vertex 25.4 -10.6934 -5.8166
  endloop
endfacet
facet normal -0.0 -0.0 1.0
  outer loop
    vertex 3.302 -10.9474 5.7658
    vertex 1.016 -9.3218 5.7658
    vertex 1.016 -10.9474 5.7658
  endloop
endfacet
facet normal -0.0 -0.0 1.0
  outer loop
    vertex 1.016 -9.3218 5.7658
    vertex 3.302 -10.9474 5.7658
    vertex 3.302 -9.3218 5.7658
  endloop
endfacet
facet normal -0.0 0.124034734589208 0.992277876713668
  outer loop
    vertex 10.16 -10.1346 3.9624
    vertex 0.0 -9.1186 3.8354
    vertex 0.0 -10.1346 3.9624
  endloop
endfacet
facet normal -0.0 0.124034734589208 0.992277876713668
  outer loop
    vertex 0.0 -9.1186 3.8354
    vertex 10.16 -10.1346 3.9624
    vertex 10.16 -9.1186 3.8354
  endloop
endfacet
facet normal -1.80210888440644e-032 -0.242535625036331 0.970142500145332
  outer loop
    vertex 1.2192 -10.9728 -4.4196
    vertex 0.0 -10.5664 -4.318
    vertex 0.0 -10.9728 -4.4196
  endloop
endfacet
facet normal -1.80210888440644e-032 -0.242535625036331 0.970142500145332
  outer loop
    vertex 0.0 -10.5664 -4.318
    vertex 1.2192 -10.9728 -4.4196
    vertex 1.2192 -10.5664 -4.318
  endloop
endfacet
facet normal -0.0 0.936329177569044 0.351123441588392
  outer loop
    vertex 0.0 -14.5796 0.8382
    vertex 0.4064 -14.5034 0.635
    vertex 0.0 -14.5034 0.635
  endloop
endfacet
facet normal -0.0 0.936329177569044 0.351123441588392
  outer loop
    vertex 0.4064 -14.5034 0.635
    vertex 0.0 -14.5796 0.8382
    vertex 0.4064 -14.5796 0.8382
  endloop
endfacet
facet normal -0.0 -0.0 1.0
  outer loop
    vertex 21.9964 -10.9474 -7.9756
    vertex 20.8026 -10.6934 -7.9756
    vertex 20.8026 -10.9474 -7.9756
  endloop
endfacet
facet normal -0.0 -0.0 1.0
  outer loop
    vertex 20.8026 -10.6934 -7.9756
    vertex 21.9964 -10.9474 -7.9756
    vertex 21.9964 -10.6934 -7.9756
  endloop
endfacet
facet normal 0.752576694706876 -0.0 -0.658504607868521
  outer loop
    vertex 21.4376 -10.6934 -7.3406
    vertex 21.6154 -10.9474 -7.1374
    vertex 21.4376 -10.9474 -7.3406
  endloop
endfacet
facet normal 0.752576694706876 -0.0 -0.658504607868521
  outer loop
    vertex 21.6154 -10.9474 -7.1374
    vertex 21.4376 -10.6934 -7.3406
    vertex 21.6154 -10.6934 -7.1374
  endloop
endfacet
facet normal -0.14142135623731 -0.0 0.989949493661167
  outer loop
    vertex 21.0058 -10.9474 -5.7912
    vertex 20.828 -10.6934 -5.8166
    vertex 20.828 -10.9474 -5.8166
  endloop
endfacet
facet normal -0.14142135623731 -0.0 0.989949493661167
  outer loop
    vertex 20.828 -10.6934 -5.8166
    vertex 21.0058 -10.9474 -5.7912
    vertex 21.0058 -10.6934 -5.7912
  endloop
endfacet
facet normal 0.0 -0.768221279597379 0.640184399664476
  outer loop
    vertex 2.8448 -7.0866 -3.0226
    vertex 0.0 -7.2136 -3.175
    vertex 2.8448 -7.2136 -3.175
  endloop
endfacet
facet normal 0.0 -0.768221279597379 0.640184399664476
  outer loop
    vertex 0.0 -7.2136 -3.175
    vertex 2.8448 -7.0866 -3.0226
    vertex 0.0 -7.0866 -3.0226
  endloop
endfacet
facet normal -0.0 0.14142135623731 0.989949493661167
  outer loop
    vertex 1.2192 -10.1346 -4.2926
    vertex 0.0 -9.9568 -4.318
    vertex 0.0 -10.1346 -4.2926
  endloop
endfacet
facet normal -0.0 0.14142135623731 0.989949493661167
  outer loop
    vertex 0.0 -9.9568 -4.318
    vertex 1.2192 -10.1346 -4.2926
    vertex 1.2192 -9.9568 -4.318
  endloop
endfacet
facet normal 0.0 -0.381760154419793 -0.924261426490025
  outer loop
    vertex 2.8448 -7.747 4.1148
    vertex 0.0 -8.9154 4.5974
    vertex 0.0 -7.747 4.1148
  endloop
endfacet
facet normal 0.0 -0.381760154419793 -0.924261426490025
  outer loop
    vertex 0.0 -8.9154 4.5974
    vertex 2.8448 -7.747 4.1148
    vertex 12.7 -8.9154 4.5974
  endloop
endfacet
facet normal 0.0 -0.381760154419793 -0.924261426490025
  outer loop
    vertex 12.7 -8.9154 4.5974
    vertex 2.8448 -7.747 4.1148
    vertex 12.7 -7.747 4.1148
  endloop
endfacet
facet normal -0.0 -0.0 1.0
  outer loop
    vertex 27.4574 -10.9474 -5.8166
    vertex 25.9334 -10.6934 -5.8166
    vertex 25.9334 -10.9474 -5.8166
  endloop
endfacet
facet normal -0.0 -0.0 1.0
  outer loop
    vertex 25.9334 -10.6934 -5.8166
    vertex 27.4574 -10.9474 -5.8166
    vertex 27.4574 -10.6934 -5.8166
  endloop
endfacet
facet normal 0.999550933635493 -0.0105215887751105 0.0280575700669616
  outer loop
    vertex 2.0066 -12.5984 3.9116
    vertex 2.032 -14.2494 2.3876
    vertex 2.032 -14.0462 2.4638
  endloop
endfacet
facet normal 0.707106781186545 -0.0 0.70710678118655
  outer loop
    vertex 21.7932 -10.9474 -6.0452
    vertex 21.6916 -10.6934 -5.9436
    vertex 21.6916 -10.9474 -5.9436
  endloop
endfacet
facet normal 0.707106781186545 -0.0 0.70710678118655
  outer loop
    vertex 21.6916 -10.6934 -5.9436
    vertex 21.7932 -10.9474 -6.0452
    vertex 21.7932 -10.6934 -6.0452
  endloop
endfacet
facet normal 0.178726406450129 0.775336244887323 -0.60573144131822
  outer loop
    vertex 14.732 -6.7056 -1.9558
    vertex 19.05 -7.8994 -2.2098
    vertex 14.732 -7.3406 -2.7686
  endloop
endfacet
facet normal 0.176333447997129 0.768632978449023 -0.614906382759219
  outer loop
    vertex 19.05 -7.3914 -1.5748
    vertex 19.05 -7.8994 -2.2098
    vertex 14.732 -6.7056 -1.9558
  endloop
endfacet
facet normal -0.0 1.0 -0.0
  outer loop
    vertex 20.5486 -10.6934 -5.9182
    vertex 20.6756 -10.6934 -6.1976
    vertex 20.574 -10.6934 -6.2738
  endloop
endfacet
facet normal -0.0 1.0 -0.0
  outer loop
    vertex 20.6756 -10.6934 -6.1976
    vertex 20.5486 -10.6934 -5.9182
    vertex 20.8026 -10.6934 -6.1214
  endloop
endfacet
facet normal -0.0 1.0 -0.0
  outer loop
    vertex 20.8026 -10.6934 -6.1214
    vertex 20.5486 -10.6934 -5.9182
    vertex 21.1328 -10.6934 -6.0452
  endloop
endfacet
facet normal -0.0 1.0 -0.0
  outer loop
    vertex 21.1328 -10.6934 -6.0452
    vertex 20.5486 -10.6934 -5.9182
    vertex 21.7932 -10.6934 -6.0452
  endloop
endfacet
facet normal -0.0 1.0 -0.0
  outer loop
    vertex 21.7932 -10.6934 -6.0452
    vertex 20.5486 -10.6934 -5.9182
    vertex 21.6916 -10.6934 -5.9436
  endloop
endfacet
facet normal -0.0 1.0 -0.0
  outer loop
    vertex 21.6916 -10.6934 -5.9436
    vertex 20.5486 -10.6934 -5.9182
    vertex 21.59 -10.6934 -5.8674
  endloop
endfacet
facet normal -0.0 1.0 -0.0
  outer loop
    vertex 21.59 -10.6934 -5.8674
    vertex 20.5486 -10.6934 -5.9182
    vertex 20.828 -10.6934 -5.8166
  endloop
endfacet
facet normal -0.0 1.0 -0.0
  outer loop
    vertex 21.59 -10.6934 -5.8674
    vertex 20.828 -10.6934 -5.8166
    vertex 21.463 -10.6934 -5.8166
  endloop
endfacet
facet normal -0.0 1.0 -0.0
  outer loop
    vertex 21.463 -10.6934 -5.8166
    vertex 20.828 -10.6934 -5.8166
    vertex 21.0058 -10.6934 -5.7912
  endloop
endfacet
facet normal -0.0 1.0 -0.0
  outer loop
    vertex 21.463 -10.6934 -5.8166
    vertex 21.0058 -10.6934 -5.7912
    vertex 21.336 -10.6934 -5.7912
  endloop
endfacet
facet normal -0.0 1.0 -0.0
  outer loop
    vertex 20.4978 -10.6934 -8.2296
    vertex 20.8026 -10.6934 -7.9756
    vertex 21.9964 -10.6934 -8.2296
  endloop
endfacet
facet normal -0.0 1.0 -0.0
  outer loop
    vertex 20.8026 -10.6934 -7.9756
    vertex 20.4978 -10.6934 -8.2296
    vertex 20.4978 -10.6934 -7.8994
  endloop
endfacet
facet normal -0.0 1.0 -0.0
  outer loop
    vertex 20.8026 -10.6934 -7.9756
    vertex 20.4978 -10.6934 -7.8994
    vertex 21.4376 -10.6934 -7.3406
  endloop
endfacet
facet normal -0.0 1.0 -0.0
  outer loop
    vertex 21.4376 -10.6934 -7.3406
    vertex 20.4978 -10.6934 -7.8994
    vertex 20.8026 -10.6934 -7.62
  endloop
endfacet
facet normal -0.0 1.0 -0.0
  outer loop
    vertex 21.4376 -10.6934 -7.3406
    vertex 20.8026 -10.6934 -7.62
    vertex 21.082 -10.6934 -7.3152
  endloop
endfacet
facet normal -0.0 1.0 -0.0
  outer loop
    vertex 21.4376 -10.6934 -7.3406
    vertex 21.082 -10.6934 -7.3152
    vertex 21.6154 -10.6934 -7.1374
  endloop
endfacet
facet normal -0.0 1.0 -0.0
  outer loop
    vertex 21.6154 -10.6934 -7.1374
    vertex 21.082 -10.6934 -7.3152
    vertex 21.3106 -10.6934 -7.0358
  endloop
endfacet
facet normal -0.0 1.0 -0.0
  outer loop
    vertex 21.6154 -10.6934 -7.1374
    vertex 21.3106 -10.6934 -7.0358
    vertex 21.7678 -10.6934 -6.9342
  endloop
endfacet
facet normal -0.0 1.0 -0.0
  outer loop
    vertex 21.7678 -10.6934 -6.9342
    vertex 21.3106 -10.6934 -7.0358
    vertex 21.463 -10.6934 -6.8326
  endloop
endfacet
facet normal -0.0 1.0 -0.0
  outer loop
    vertex 21.7678 -10.6934 -6.9342
    vertex 21.463 -10.6934 -6.8326
    vertex 21.844 -10.6934 -6.7056
  endloop
endfacet
facet normal -0.0 1.0 -0.0
  outer loop
    vertex 21.844 -10.6934 -6.7056
    vertex 21.463 -10.6934 -6.8326
    vertex 21.5392 -10.6934 -6.6548
  endloop
endfacet
facet normal -0.0 1.0 -0.0
  outer loop
    vertex 21.844 -10.6934 -6.7056
    vertex 21.5392 -10.6934 -6.6548
    vertex 21.8948 -10.6934 -6.4516
  endloop
endfacet
facet normal -0.0 1.0 -0.0
  outer loop
    vertex 21.8948 -10.6934 -6.4516
    vertex 21.5392 -10.6934 -6.6548
    vertex 21.5646 -10.6934 -6.4516
  endloop
endfacet
facet normal -0.0 1.0 -0.0
  outer loop
    vertex 21.8948 -10.6934 -6.4516
    vertex 21.5646 -10.6934 -6.4516
    vertex 21.5392 -10.6934 -6.2738
  endloop
endfacet
facet normal -0.0 1.0 -0.0
  outer loop
    vertex 21.8948 -10.6934 -6.4516
    vertex 21.5392 -10.6934 -6.2738
    vertex 21.8694 -10.6934 -6.2992
  endloop
endfacet
facet normal -0.0 1.0 -0.0
  outer loop
    vertex 21.8694 -10.6934 -6.2992
    vertex 21.5392 -10.6934 -6.2738
    vertex 21.844 -10.6934 -6.1722
  endloop
endfacet
facet normal -0.0 1.0 -0.0
  outer loop
    vertex 21.844 -10.6934 -6.1722
    vertex 21.5392 -10.6934 -6.2738
    vertex 21.4376 -10.6934 -6.1468
  endloop
endfacet
facet normal -0.0 1.0 -0.0
  outer loop
    vertex 21.844 -10.6934 -6.1722
    vertex 21.4376 -10.6934 -6.1468
    vertex 21.7932 -10.6934 -6.0452
  endloop
endfacet
facet normal -0.0 1.0 -0.0
  outer loop
    vertex 21.7932 -10.6934 -6.0452
    vertex 21.4376 -10.6934 -6.1468
    vertex 21.3106 -10.6934 -6.0706
  endloop
endfacet
facet normal -0.0 1.0 -0.0
  outer loop
    vertex 21.7932 -10.6934 -6.0452
    vertex 21.3106 -10.6934 -6.0706
    vertex 21.1328 -10.6934 -6.0452
  endloop
endfacet
facet normal -0.0 1.0 -0.0
  outer loop
    vertex 21.9964 -10.6934 -7.9756
    vertex 21.9964 -10.6934 -8.2296
    vertex 20.8026 -10.6934 -7.9756
  endloop
endfacet
facet normal -0.0 0.393919298579168 0.919145030018058
  outer loop
    vertex 1.2192 -9.0932 -4.4958
    vertex 0.0 -8.9154 -4.572
    vertex 0.0 -9.0932 -4.4958
  endloop
endfacet
facet normal -0.0 0.393919298579168 0.919145030018058
  outer loop
    vertex 0.0 -8.9154 -4.572
    vertex 1.2192 -9.0932 -4.4958
    vertex 1.2192 -8.9154 -4.572
  endloop
endfacet
facet normal 0.371390676354104 -0.0 0.928476690885259
  outer loop
    vertex 21.59 -10.9474 -5.8674
    vertex 21.463 -10.6934 -5.8166
    vertex 21.463 -10.9474 -5.8166
  endloop
endfacet
facet normal 0.371390676354104 -0.0 0.928476690885259
  outer loop
    vertex 21.463 -10.6934 -5.8166
    vertex 21.59 -10.9474 -5.8674
    vertex 21.59 -10.6934 -5.8674
  endloop
endfacet
facet normal 1.51767973826314e-030 -0.788024373724563 -0.615644041972315
  outer loop
    vertex 14.732 -13.5636 -1.9558
    vertex 12.7 -12.9286 -2.7686
    vertex 14.732 -12.9286 -2.7686
  endloop
endfacet
facet normal 1.51767973826314e-030 -0.788024373724563 -0.615644041972315
  outer loop
    vertex 12.7 -12.9286 -2.7686
    vertex 14.732 -13.5636 -1.9558
    vertex 12.7 -13.5636 -1.9558
  endloop
endfacet
facet normal 0.196116135138184 -0.0 0.98058067569092
  outer loop
    vertex 21.463 -10.9474 -5.8166
    vertex 21.336 -10.6934 -5.7912
    vertex 21.336 -10.9474 -5.7912
  endloop
endfacet
facet normal 0.196116135138184 -0.0 0.98058067569092
  outer loop
    vertex 21.336 -10.6934 -5.7912
    vertex 21.463 -10.9474 -5.8166
    vertex 21.463 -10.6934 -5.8166
  endloop
endfacet
facet normal -0.67572462851735 -0.0 0.737154140200738
  outer loop
    vertex 20.8026 -10.9474 -7.62
    vertex 20.4978 -10.6934 -7.8994
    vertex 20.4978 -10.9474 -7.8994
  endloop
endfacet
facet normal -0.67572462851735 -0.0 0.737154140200738
  outer loop
    vertex 20.4978 -10.6934 -7.8994
    vertex 20.8026 -10.9474 -7.62
    vertex 20.8026 -10.6934 -7.62
  endloop
endfacet
facet normal 0.0 -0.813733471206734 0.581238193719098
  outer loop
    vertex 2.8448 -7.4676 -3.5306
    vertex 0.0 -7.5946 -3.7084
    vertex 2.8448 -7.5946 -3.7084
  endloop
endfacet
facet normal 0.0 -0.813733471206734 0.581238193719098
  outer loop
    vertex 0.0 -7.5946 -3.7084
    vertex 2.8448 -7.4676 -3.5306
    vertex 0.0 -7.4676 -3.5306
  endloop
endfacet
facet normal 0.0 -0.868243142124459 0.496138938356834
  outer loop
    vertex 2.032 -5.5372 1.2192
    vertex 0.0 -5.6388 1.0414
    vertex 2.032 -5.6388 1.0414
  endloop
endfacet
facet normal 0.0 -0.868243142124459 0.496138938356834
  outer loop
    vertex 0.0 -5.6388 1.0414
    vertex 2.032 -5.5372 1.2192
    vertex 0.0 -5.5372 1.2192
  endloop
endfacet
facet normal 0.799999999999998 -0.0 0.600000000000003
  outer loop
    vertex 23.5966 -10.6934 -6.0452
    vertex 23.5204 -10.9474 -5.9436
    vertex 23.5966 -10.9474 -6.0452
  endloop
endfacet
facet normal 0.799999999999998 -0.0 0.600000000000003
  outer loop
    vertex 23.5204 -10.9474 -5.9436
    vertex 23.5966 -10.6934 -6.0452
    vertex 23.5204 -10.6934 -5.9436
  endloop
endfacet
facet normal 0.0 0.64018439966448 -0.768221279597376
  outer loop
    vertex 2.032 -13.5128 2.7686
    vertex 0.0 -13.6652 2.6416
    vertex 0.0 -13.5128 2.7686
  endloop
endfacet
facet normal 0.0 0.64018439966448 -0.768221279597376
  outer loop
    vertex 0.0 -13.6652 2.6416
    vertex 2.032 -13.5128 2.7686
    vertex 2.032 -13.6652 2.6416
  endloop
endfacet
facet normal -0.997458699830735 0.0 -0.0712470499879098
  outer loop
    vertex 20.5486 -10.6934 -5.9182
    vertex 20.574 -10.9474 -6.2738
    vertex 20.5486 -10.9474 -5.9182
  endloop
endfacet
facet normal -0.997458699830735 0.0 -0.0712470499879098
  outer loop
    vertex 20.574 -10.9474 -6.2738
    vertex 20.5486 -10.6934 -5.9182
    vertex 20.574 -10.6934 -6.2738
  endloop
endfacet
facet normal 0.0 -0.936329177569044 -0.351123441588392
  outer loop
    vertex 2.032 -5.7658 -0.6096
    vertex 0.0 -5.6896 -0.8128
    vertex 2.032 -5.6896 -0.8128
  endloop
endfacet
facet normal 0.0 -0.936329177569044 -0.351123441588392
  outer loop
    vertex 0.0 -5.6896 -0.8128
    vertex 2.032 -5.7658 -0.6096
    vertex 0.0 -5.7658 -0.6096
  endloop
endfacet
facet normal 1.0 -0.0 -0.0
  outer loop
    vertex 0.0 -14.6304 1.0414
    vertex 0.0 -14.2494 2.3876
    vertex 0.0 -14.732 1.2192
  endloop
endfacet
facet normal 1.0 -0.0 -0.0
  outer loop
    vertex 0.0 -14.2494 2.3876
    vertex 0.0 -14.6304 1.0414
    vertex 0.0 -14.5796 0.8382
  endloop
endfacet
facet normal 1.0 -0.0 -0.0
  outer loop
    vertex 0.0 -14.2494 2.3876
    vertex 0.0 -14.5796 0.8382
    vertex 0.0 -14.5034 0.635
  endloop
endfacet
facet normal 1.0 -0.0 -0.0
  outer loop
    vertex 0.0 -14.2494 2.3876
    vertex 0.0 -14.5034 0.635
    vertex 0.0 -14.478 0.4318
  endloop
endfacet
facet normal 1.0 -0.0 -0.0
  outer loop
    vertex 0.0 -14.2494 2.3876
    vertex 0.0 -14.478 0.4318
    vertex 0.0 -14.4526 0.2032
  endloop
endfacet
facet normal 1.0 -0.0 -0.0
  outer loop
    vertex 0.0 -14.2494 2.3876
    vertex 0.0 -14.4526 0.2032
    vertex 0.0 -14.2494 -2.3622
  endloop
endfacet
facet normal 1.0 -0.0 -0.0
  outer loop
    vertex 0.0 -14.2494 2.3876
    vertex 0.0 -14.2494 -2.3622
    vertex 0.0 -14.0462 -2.4384
  endloop
endfacet
facet normal 1.0 -0.0 -0.0
  outer loop
    vertex 0.0 -14.2494 2.3876
    vertex 0.0 -14.0462 -2.4384
    vertex 0.0 -14.097 0.0
  endloop
endfacet
facet normal 1.0 -0.0 -0.0
  outer loop
    vertex 0.0 -14.097 0.0
    vertex 0.0 -14.0462 -2.4384
    vertex 0.0 -13.97 -0.9906
  endloop
endfacet
facet normal 1.0 -0.0 -0.0
  outer loop
    vertex 0.0 -13.97 -0.9906
    vertex 0.0 -14.0462 -2.4384
    vertex 0.0 -13.8684 -2.5146
  endloop
endfacet
facet normal 1.0 -0.0 -0.0
  outer loop
    vertex 0.0 -13.97 -0.9906
    vertex 0.0 -13.8684 -2.5146
    vertex 0.0 -13.5636 -1.9558
  endloop
endfacet
facet normal 1.0 -0.0 -0.0
  outer loop
    vertex 0.0 -13.5636 -1.9558
    vertex 0.0 -13.8684 -2.5146
    vertex 0.0 -13.6906 -2.6416
  endloop
endfacet
facet normal 1.0 -0.0 -0.0
  outer loop
    vertex 0.0 -13.5636 -1.9558
    vertex 0.0 -13.6906 -2.6416
    vertex 0.0 -13.5128 -2.7432
  endloop
endfacet
facet normal 1.0 -0.0 -0.0
  outer loop
    vertex 0.0 -13.5636 -1.9558
    vertex 0.0 -13.5128 -2.7432
    vertex 0.0 -12.9286 -2.7686
  endloop
endfacet
facet normal 1.0 -0.0 -0.0
  outer loop
    vertex 0.0 -12.9286 -2.7686
    vertex 0.0 -13.5128 -2.7432
    vertex 0.0 -13.335 -2.8956
  endloop
endfacet
facet normal 1.0 -0.0 -0.0
  outer loop
    vertex 0.0 -12.9286 -2.7686
    vertex 0.0 -13.335 -2.8956
    vertex 0.0 -13.1826 -3.0226
  endloop
endfacet
facet normal 1.0 -0.0 -0.0
  outer loop
    vertex 0.0 -12.9286 -2.7686
    vertex 0.0 -13.1826 -3.0226
    vertex 0.0 -13.0556 -3.175
  endloop
endfacet
facet normal 1.0 -0.0 -0.0
  outer loop
    vertex 0.0 -12.9286 -2.7686
    vertex 0.0 -13.0556 -3.175
    vertex 0.0 -12.9032 -3.3528
  endloop
endfacet
facet normal 1.0 -0.0 -0.0
  outer loop
    vertex 0.0 -12.9286 -2.7686
    vertex 0.0 -12.9032 -3.3528
    vertex 0.0 -12.1158 -3.4036
  endloop
endfacet
facet normal 1.0 -0.0 -0.0
  outer loop
    vertex 0.0 -12.1158 -3.4036
    vertex 0.0 -12.9032 -3.3528
    vertex 0.0 -12.8016 -3.5306
  endloop
endfacet
facet normal 1.0 -0.0 -0.0
  outer loop
    vertex 0.0 -12.1158 -3.4036
    vertex 0.0 -12.8016 -3.5306
    vertex 0.0 -12.6746 -3.7084
  endloop
endfacet
facet normal 1.0 -0.0 -0.0
  outer loop
    vertex 0.0 -12.1158 -3.4036
    vertex 0.0 -12.6746 -3.7084
    vertex 0.0 -12.5984 -3.8862
  endloop
endfacet
facet normal 1.0 -0.0 -0.0
  outer loop
    vertex 0.0 -12.1158 -3.4036
    vertex 0.0 -12.5984 -3.8862
    vertex 0.0 -12.4968 -4.0894
  endloop
endfacet
facet normal 1.0 -0.0 -0.0
  outer loop
    vertex 0.0 -12.1158 -3.4036
    vertex 0.0 -12.4968 -4.0894
    vertex 0.0 -11.3538 -4.572
  endloop
endfacet
facet normal 1.0 -0.0 -0.0
  outer loop
    vertex 0.0 -12.1158 -3.4036
    vertex 0.0 -11.3538 -4.572
    vertex 0.0 -11.1506 -3.81
  endloop
endfacet
facet normal 1.0 -0.0 -0.0
  outer loop
    vertex 0.0 -11.1506 -3.81
    vertex 0.0 -11.3538 -4.572
    vertex 0.0 -11.176 -4.4958
  endloop
endfacet
facet normal 1.0 -0.0 -0.0
  outer loop
    vertex 0.0 -11.1506 -3.81
    vertex 0.0 -11.176 -4.4958
    vertex 0.0 -10.9728 -4.4196
  endloop
endfacet
facet normal 1.0 -0.0 -0.0
  outer loop
    vertex 0.0 -11.1506 -3.81
    vertex 0.0 -10.9728 -4.4196
    vertex 0.0 -10.1346 -3.937
  endloop
endfacet
facet normal 1.0 -0.0 -0.0
  outer loop
    vertex 0.0 -10.1346 -3.937
    vertex 0.0 -10.9728 -4.4196
    vertex 0.0 -10.5664 -4.318
  endloop
endfacet
facet normal 1.0 -0.0 -0.0
  outer loop
    vertex 0.0 -10.1346 -3.937
    vertex 0.0 -10.5664 -4.318
    vertex 0.0 -10.3124 -4.318
  endloop
endfacet
facet normal 1.0 -0.0 -0.0
  outer loop
    vertex 0.0 -10.1346 -3.937
    vertex 0.0 -10.3124 -4.318
    vertex 0.0 -10.1346 -4.2926
  endloop
endfacet
facet normal 1.0 -0.0 -0.0
  outer loop
    vertex 0.0 -10.1346 -3.937
    vertex 0.0 -10.1346 -4.2926
    vertex 0.0 -9.9568 -4.318
  endloop
endfacet
facet normal 1.0 -0.0 -0.0
  outer loop
    vertex 0.0 -10.1346 -3.937
    vertex 0.0 -9.9568 -4.318
    vertex 0.0 -9.1186 -3.81
  endloop
endfacet
facet normal 1.0 -0.0 -0.0
  outer loop
    vertex 0.0 -9.1186 -3.81
    vertex 0.0 -9.9568 -4.318
    vertex 0.0 -9.7028 -4.318
  endloop
endfacet
facet normal 1.0 -0.0 -0.0
  outer loop
    vertex 0.0 -9.1186 -3.81
    vertex 0.0 -9.7028 -4.318
    vertex 0.0 -9.2964 -4.4196
  endloop
endfacet
facet normal 1.0 -0.0 -0.0
  outer loop
    vertex 0.0 -9.1186 -3.81
    vertex 0.0 -9.2964 -4.4196
    vertex 0.0 -9.0932 -4.4958
  endloop
endfacet
facet normal 1.0 -0.0 -0.0
  outer loop
    vertex 0.0 -9.1186 -3.81
    vertex 0.0 -9.0932 -4.4958
    vertex 0.0 -8.1534 -3.4036
  endloop
endfacet
facet normal 1.0 -0.0 -0.0
  outer loop
    vertex 0.0 -8.1534 -3.4036
    vertex 0.0 -9.0932 -4.4958
    vertex 0.0 -8.9154 -4.572
  endloop
endfacet
facet normal 1.0 -0.0 -0.0
  outer loop
    vertex 0.0 -8.1534 -3.4036
    vertex 0.0 -8.9154 -4.572
    vertex 0.0 -7.747 -4.0894
  endloop
endfacet
facet normal 1.0 -0.0 -0.0
  outer loop
    vertex 0.0 -8.1534 -3.4036
    vertex 0.0 -7.747 -4.0894
    vertex 0.0 -7.3406 -2.7686
  endloop
endfacet
facet normal 1.0 -0.0 -0.0
  outer loop
    vertex 0.0 -7.3406 -2.7686
    vertex 0.0 -7.747 -4.0894
    vertex 0.0 -7.6708 -3.8862
  endloop
endfacet
facet normal 1.0 -0.0 -0.0
  outer loop
    vertex 0.0 -7.3406 -2.7686
    vertex 0.0 -7.6708 -3.8862
    vertex 0.0 -7.5946 -3.7084
  endloop
endfacet
facet normal 1.0 -0.0 -0.0
  outer loop
    vertex 0.0 -7.3406 -2.7686
    vertex 0.0 -7.5946 -3.7084
    vertex 0.0 -7.4676 -3.5306
  endloop
endfacet
facet normal 1.0 -0.0 -0.0
  outer loop
    vertex 0.0 -7.3406 -2.7686
    vertex 0.0 -7.4676 -3.5306
    vertex 0.0 -7.366 -3.3528
  endloop
endfacet
facet normal 1.0 -0.0 -0.0
  outer loop
    vertex 0.0 -7.3406 -2.7686
    vertex 0.0 -7.366 -3.3528
    vertex 0.0 -7.2136 -3.175
  endloop
endfacet
facet normal 1.0 -0.0 -0.0
  outer loop
    vertex 0.0 -7.3406 -2.7686
    vertex 0.0 -7.2136 -3.175
    vertex 0.0 -6.7056 -1.9558
  endloop
endfacet
facet normal 1.0 -0.0 -0.0
  outer loop
    vertex 0.0 -6.7056 -1.9558
    vertex 0.0 -7.2136 -3.175
    vertex 0.0 -7.0866 -3.0226
  endloop
endfacet
facet normal 1.0 -0.0 -0.0
  outer loop
    vertex 0.0 -6.7056 -1.9558
    vertex 0.0 -7.0866 -3.0226
    vertex 0.0 -6.9342 -2.8956
  endloop
endfacet
facet normal 1.0 -0.0 -0.0
  outer loop
    vertex 0.0 -6.7056 -1.9558
    vertex 0.0 -6.9342 -2.8956
    vertex 0.0 -6.7564 -2.7432
  endloop
endfacet
facet normal 1.0 -0.0 -0.0
  outer loop
    vertex 0.0 -6.7056 -1.9558
    vertex 0.0 -6.7564 -2.7432
    vertex 0.0 -6.5786 -2.6416
  endloop
endfacet
facet normal 1.0 -0.0 -0.0
  outer loop
    vertex 0.0 -6.7056 -1.9558
    vertex 0.0 -6.5786 -2.6416
    vertex 0.0 -6.2992 -0.9906
  endloop
endfacet
facet normal 1.0 -0.0 -0.0
  outer loop
    vertex 0.0 -6.2992 -0.9906
    vertex 0.0 -6.5786 -2.6416
    vertex 0.0 -6.4008 -2.5146
  endloop
endfacet
facet normal 1.0 -0.0 -0.0
  outer loop
    vertex 0.0 -6.2992 -0.9906
    vertex 0.0 -6.4008 -2.5146
    vertex 0.0 -6.223 -2.4384
  endloop
endfacet
facet normal 1.0 -0.0 -0.0
  outer loop
    vertex 0.0 -6.2992 -0.9906
    vertex 0.0 -6.223 -2.4384
    vertex 0.0 -6.1722 0.0
  endloop
endfacet
facet normal 1.0 -0.0 -0.0
  outer loop
    vertex 0.0 -6.1722 0.0
    vertex 0.0 -6.223 -2.4384
    vertex 0.0 -6.0198 -2.3622
  endloop
endfacet
facet normal 1.0 -0.0 -0.0
  outer loop
    vertex 0.0 -6.0198 2.3876
    vertex 0.0 -5.6388 1.0414
    vertex 0.0 -5.5372 1.2192
  endloop
endfacet
facet normal 1.0 -0.0 -0.0
  outer loop
    vertex 0.0 -5.6388 1.0414
    vertex 0.0 -6.0198 2.3876
    vertex 0.0 -5.7658 0.635
  endloop
endfacet
facet normal 1.0 -0.0 -0.0
  outer loop
    vertex 0.0 -5.7658 0.635
    vertex 0.0 -6.0198 2.3876
    vertex 0.0 -5.7912 0.4318
  endloop
endfacet
facet normal 1.0 -0.0 -0.0
  outer loop
    vertex 0.0 -5.7912 0.4318
    vertex 0.0 -6.0198 2.3876
    vertex 0.0 -5.8166 0.2032
  endloop
endfacet
facet normal 1.0 -0.0 -0.0
  outer loop
    vertex 0.0 -5.8166 0.2032
    vertex 0.0 -6.0198 2.3876
    vertex 0.0 -5.8166 -0.1778
  endloop
endfacet
facet normal 1.0 -0.0 -0.0
  outer loop
    vertex 0.0 -5.6388 1.0414
    vertex 0.0 -5.7658 0.635
    vertex 0.0 -5.6896 0.8382
  endloop
endfacet
facet normal 1.0 -0.0 -0.0
  outer loop
    vertex 0.0 -14.097 0.0
    vertex 0.0 -14.0462 2.4638
    vertex 0.0 -14.2494 2.3876
  endloop
endfacet
facet normal 1.0 -0.0 -0.0
  outer loop
    vertex 0.0 -14.0462 2.4638
    vertex 0.0 -14.097 0.0
    vertex 0.0 -13.97 1.016
  endloop
endfacet
facet normal 1.0 -0.0 -0.0
  outer loop
    vertex 0.0 -14.0462 2.4638
    vertex 0.0 -13.97 1.016
    vertex 0.0 -13.8684 2.54
  endloop
endfacet
facet normal 1.0 -0.0 -0.0
  outer loop
    vertex 0.0 -13.8684 2.54
    vertex 0.0 -13.97 1.016
    vertex 0.0 -13.5636 1.9812
  endloop
endfacet
facet normal 1.0 -0.0 -0.0
  outer loop
    vertex 0.0 -13.8684 2.54
    vertex 0.0 -13.5636 1.9812
    vertex 0.0 -13.6652 2.6416
  endloop
endfacet
facet normal 1.0 -0.0 -0.0
  outer loop
    vertex 0.0 -13.6652 2.6416
    vertex 0.0 -13.5636 1.9812
    vertex 0.0 -13.5128 2.7686
  endloop
endfacet
facet normal 1.0 -0.0 -0.0
  outer loop
    vertex 0.0 -13.5128 2.7686
    vertex 0.0 -13.5636 1.9812
    vertex 0.0 -12.9286 2.794
  endloop
endfacet
facet normal 1.0 -0.0 -0.0
  outer loop
    vertex 0.0 -13.5128 2.7686
    vertex 0.0 -12.9286 2.794
    vertex 0.0 -13.335 2.8956
  endloop
endfacet
facet normal 1.0 -0.0 -0.0
  outer loop
    vertex 0.0 -13.335 2.8956
    vertex 0.0 -12.9286 2.794
    vertex 0.0 -13.0302 3.2004
  endloop
endfacet
facet normal 1.0 -0.0 -0.0
  outer loop
    vertex 0.0 -13.0302 3.2004
    vertex 0.0 -12.9286 2.794
    vertex 0.0 -12.9032 3.3782
  endloop
endfacet
facet normal 1.0 -0.0 -0.0
  outer loop
    vertex 0.0 -12.9032 3.3782
    vertex 0.0 -12.9286 2.794
    vertex 0.0 -12.1158 3.429
  endloop
endfacet
facet normal 1.0 -0.0 -0.0
  outer loop
    vertex 0.0 -12.9032 3.3782
    vertex 0.0 -12.1158 3.429
    vertex 0.0 -12.7762 3.5306
  endloop
endfacet
facet normal 1.0 -0.0 -0.0
  outer loop
    vertex 0.0 -12.7762 3.5306
    vertex 0.0 -12.1158 3.429
    vertex 0.0 -12.6746 3.7338
  endloop
endfacet
facet normal 1.0 -0.0 -0.0
  outer loop
    vertex 0.0 -12.6746 3.7338
    vertex 0.0 -12.1158 3.429
    vertex 0.0 -12.5984 3.9116
  endloop
endfacet
facet normal 1.0 -0.0 -0.0
  outer loop
    vertex 0.0 -12.5984 3.9116
    vertex 0.0 -12.1158 3.429
    vertex 0.0 -12.4968 4.1148
  endloop
endfacet
facet normal 1.0 -0.0 -0.0
  outer loop
    vertex 0.0 -12.4968 4.1148
    vertex 0.0 -12.1158 3.429
    vertex 0.0 -11.3538 4.5974
  endloop
endfacet
facet normal 1.0 -0.0 -0.0
  outer loop
    vertex 0.0 -11.3538 4.5974
    vertex 0.0 -12.1158 3.429
    vertex 0.0 -11.1506 3.8354
  endloop
endfacet
facet normal 1.0 -0.0 -0.0
  outer loop
    vertex 0.0 -11.3538 4.5974
    vertex 0.0 -11.1506 3.8354
    vertex 0.0 -10.1346 4.7498
  endloop
endfacet
facet normal 1.0 -0.0 -0.0
  outer loop
    vertex 0.0 -10.1346 4.7498
    vertex 0.0 -11.1506 3.8354
    vertex 0.0 -10.1346 3.9624
  endloop
endfacet
facet normal 1.0 -0.0 -0.0
  outer loop
    vertex 0.0 -10.1346 4.7498
    vertex 0.0 -10.1346 3.9624
    vertex 0.0 -9.1186 3.8354
  endloop
endfacet
facet normal 1.0 -0.0 -0.0
  outer loop
    vertex 0.0 -10.1346 4.7498
    vertex 0.0 -9.1186 3.8354
    vertex 0.0 -8.9154 4.5974
  endloop
endfacet
facet normal 1.0 -0.0 -0.0
  outer loop
    vertex 0.0 -8.9154 4.5974
    vertex 0.0 -9.1186 3.8354
    vertex 0.0 -8.1534 3.429
  endloop
endfacet
facet normal 1.0 -0.0 -0.0
  outer loop
    vertex 0.0 -8.9154 4.5974
    vertex 0.0 -8.1534 3.429
    vertex 0.0 -7.747 4.1148
  endloop
endfacet
facet normal 1.0 -0.0 -0.0
  outer loop
    vertex 0.0 -7.747 4.1148
    vertex 0.0 -8.1534 3.429
    vertex 0.0 -7.3406 2.794
  endloop
endfacet
facet normal 1.0 -0.0 -0.0
  outer loop
    vertex 0.0 -7.747 4.1148
    vertex 0.0 -7.3406 2.794
    vertex 0.0 -7.6708 3.9116
  endloop
endfacet
facet normal 1.0 -0.0 -0.0
  outer loop
    vertex 0.0 -7.6708 3.9116
    vertex 0.0 -7.3406 2.794
    vertex 0.0 -7.5946 3.7338
  endloop
endfacet
facet normal 1.0 -0.0 -0.0
  outer loop
    vertex 0.0 -7.5946 3.7338
    vertex 0.0 -7.3406 2.794
    vertex 0.0 -7.4676 3.556
  endloop
endfacet
facet normal 1.0 -0.0 -0.0
  outer loop
    vertex 0.0 -7.4676 3.556
    vertex 0.0 -7.3406 2.794
    vertex 0.0 -7.366 3.3782
  endloop
endfacet
facet normal 1.0 -0.0 -0.0
  outer loop
    vertex 0.0 -7.366 3.3782
    vertex 0.0 -7.3406 2.794
    vertex 0.0 -7.2136 3.2004
  endloop
endfacet
facet normal 1.0 -0.0 -0.0
  outer loop
    vertex 0.0 -7.2136 3.2004
    vertex 0.0 -7.3406 2.794
    vertex 0.0 -6.7056 1.9812
  endloop
endfacet
facet normal 1.0 -0.0 -0.0
  outer loop
    vertex 0.0 -7.2136 3.2004
    vertex 0.0 -6.7056 1.9812
    vertex 0.0 -7.0866 3.048
  endloop
endfacet
facet normal 1.0 -0.0 -0.0
  outer loop
    vertex 0.0 -7.0866 3.048
    vertex 0.0 -6.7056 1.9812
    vertex 0.0 -6.9342 2.921
  endloop
endfacet
facet normal 1.0 -0.0 -0.0
  outer loop
    vertex 0.0 -6.9342 2.921
    vertex 0.0 -6.7056 1.9812
    vertex 0.0 -6.7564 2.7686
  endloop
endfacet
facet normal 1.0 -0.0 -0.0
  outer loop
    vertex 0.0 -6.7564 2.7686
    vertex 0.0 -6.7056 1.9812
    vertex 0.0 -6.5786 2.667
  endloop
endfacet
facet normal 1.0 -0.0 -0.0
  outer loop
    vertex 0.0 -6.5786 2.667
    vertex 0.0 -6.7056 1.9812
    vertex 0.0 -6.2992 1.016
  endloop
endfacet
facet normal 1.0 -0.0 -0.0
  outer loop
    vertex 0.0 -6.5786 2.667
    vertex 0.0 -6.2992 1.016
    vertex 0.0 -6.4008 2.54
  endloop
endfacet
facet normal 1.0 -0.0 -0.0
  outer loop
    vertex 0.0 -6.4008 2.54
    vertex 0.0 -6.2992 1.016
    vertex 0.0 -6.223 2.4638
  endloop
endfacet
facet normal 1.0 -0.0 -0.0
  outer loop
    vertex 0.0 -6.223 2.4638
    vertex 0.0 -6.2992 1.016
    vertex 0.0 -6.1722 0.0
  endloop
endfacet
facet normal 1.0 -0.0 -0.0
  outer loop
    vertex 0.0 -6.223 2.4638
    vertex 0.0 -6.1722 0.0
    vertex 0.0 -6.0198 2.3876
  endloop
endfacet
facet normal 1.0 -0.0 -0.0
  outer loop
    vertex 0.0 -6.0198 2.3876
    vertex 0.0 -6.1722 0.0
    vertex 0.0 -6.0198 -2.3622
  endloop
endfacet
facet normal 1.0 -0.0 -0.0
  outer loop
    vertex 0.0 -6.0198 2.3876
    vertex 0.0 -6.0198 -2.3622
    vertex 0.0 -5.8166 -0.1778
  endloop
endfacet
facet normal 1.0 -0.0 -0.0
  outer loop
    vertex 0.0 -5.8166 -0.1778
    vertex 0.0 -6.0198 -2.3622
    vertex 0.0 -5.7912 -0.4064
  endloop
endfacet
facet normal 1.0 -0.0 -0.0
  outer loop
    vertex 0.0 -5.7912 -0.4064
    vertex 0.0 -6.0198 -2.3622
    vertex 0.0 -5.7658 -0.6096
  endloop
endfacet
facet normal 1.0 -0.0 -0.0
  outer loop
    vertex 0.0 -5.7658 -0.6096
    vertex 0.0 -6.0198 -2.3622
    vertex 0.0 -5.6388 -1.016
  endloop
endfacet
facet normal 1.0 -0.0 -0.0
  outer loop
    vertex 0.0 -5.6388 -1.016
    vertex 0.0 -6.0198 -2.3622
    vertex 0.0 -5.5372 -1.1938
  endloop
endfacet
facet normal 1.0 -0.0 -0.0
  outer loop
    vertex 0.0 -5.7658 -0.6096
    vertex 0.0 -5.6388 -1.016
    vertex 0.0 -5.6896 -0.8128
  endloop
endfacet
facet normal 1.0 -0.0 -0.0
  outer loop
    vertex 0.0 -14.2494 -2.3622
    vertex 0.0 -14.6304 -1.016
    vertex 0.0 -14.732 -1.1938
  endloop
endfacet
facet normal 1.0 -0.0 -0.0
  outer loop
    vertex 0.0 -14.6304 -1.016
    vertex 0.0 -14.2494 -2.3622
    vertex 0.0 -14.5796 -0.8128
  endloop
endfacet
facet normal 1.0 -0.0 -0.0
  outer loop
    vertex 0.0 -14.5796 -0.8128
    vertex 0.0 -14.2494 -2.3622
    vertex 0.0 -14.5034 -0.6096
  endloop
endfacet
facet normal 1.0 -0.0 -0.0
  outer loop
    vertex 0.0 -14.5034 -0.6096
    vertex 0.0 -14.2494 -2.3622
    vertex 0.0 -14.478 -0.4064
  endloop
endfacet
facet normal 1.0 -0.0 -0.0
  outer loop
    vertex 0.0 -14.478 -0.4064
    vertex 0.0 -14.2494 -2.3622
    vertex 0.0 -14.4526 -0.1778
  endloop
endfacet
facet normal 1.0 -0.0 -0.0
  outer loop
    vertex 0.0 -14.4526 -0.1778
    vertex 0.0 -14.2494 -2.3622
    vertex 0.0 -14.4526 0.2032
  endloop
endfacet
facet normal -2.99795796599107e-018 0.609710760849692 -0.7926239891046
  outer loop
    vertex 12.7 -12.4968 4.1148
    vertex 2.032 -13.4874 3.3528
    vertex 2.032 -12.4968 4.1148
  endloop
endfacet
facet normal -2.99795796599107e-018 0.609710760849692 -0.7926239891046
  outer loop
    vertex 2.032 -13.4874 3.3528
    vertex 12.7 -12.4968 4.1148
    vertex 12.7 -13.4874 3.3528
  endloop
endfacet
facet normal -0.0 -0.0 1.0
  outer loop
    vertex 16.8656 -10.9474 -5.8166
    vertex 16.51 -10.6934 -5.8166
    vertex 16.51 -10.9474 -5.8166
  endloop
endfacet
facet normal -0.0 -0.0 1.0
  outer loop
    vertex 16.51 -10.6934 -5.8166
    vertex 16.8656 -10.9474 -5.8166
    vertex 16.8656 -10.6934 -5.8166
  endloop
endfacet
facet normal -0.609710760849692 9.17390790418396e-031 -0.7926239891046
  outer loop
    vertex 23.0124 -9.3218 -2.9464
    vertex 22.6822 -10.9474 -2.6924
    vertex 22.6822 -9.3218 -2.6924
  endloop
endfacet
facet normal -0.609710760849692 9.17390790418396e-031 -0.7926239891046
  outer loop
    vertex 22.6822 -10.9474 -2.6924
    vertex 23.0124 -9.3218 -2.9464
    vertex 23.0124 -10.9474 -2.9464
  endloop
endfacet
facet normal -0.7926239891046 -4.03472736512107e-018 -0.609710760849693
  outer loop
    vertex 22.4282 -9.3218 -2.3622
    vertex 22.6822 -10.9474 -2.6924
    vertex 22.4282 -10.9474 -2.3622
  endloop
endfacet
facet normal -0.7926239891046 -4.03472736512107e-018 -0.609710760849693
  outer loop
    vertex 22.6822 -10.9474 -2.6924
    vertex 22.4282 -9.3218 -2.3622
    vertex 22.6822 -9.3218 -2.6924
  endloop
endfacet
facet normal -0.928476690885259 -2.4576573373045e-018 -0.371390676354104
  outer loop
    vertex 22.2758 -9.3218 -1.9812
    vertex 22.4282 -10.9474 -2.3622
    vertex 22.2758 -10.9474 -1.9812
  endloop
endfacet
facet normal -0.928476690885259 -2.4576573373045e-018 -0.371390676354104
  outer loop
    vertex 22.4282 -10.9474 -2.3622
    vertex 22.2758 -9.3218 -1.9812
    vertex 22.4282 -9.3218 -2.3622
  endloop
endfacet
facet normal -0.992277876713668 1.64158604376265e-018 -0.124034734589209
  outer loop
    vertex 22.225 -9.3218 -1.5748
    vertex 22.2758 -10.9474 -1.9812
    vertex 22.225 -10.9474 -1.5748
  endloop
endfacet
facet normal -0.992277876713668 1.64158604376265e-018 -0.124034734589209
  outer loop
    vertex 22.2758 -10.9474 -1.9812
    vertex 22.225 -9.3218 -1.5748
    vertex 22.2758 -9.3218 -1.9812
  endloop
endfacet
facet normal -1.0 0.0 0.0
  outer loop
    vertex 22.225 -9.3218 1.5748
    vertex 22.225 -10.9474 -1.5748
    vertex 22.225 -10.9474 1.5748
  endloop
endfacet
facet normal -1.0 0.0 0.0
  outer loop
    vertex 22.225 -10.9474 -1.5748
    vertex 22.225 -9.3218 1.5748
    vertex 22.225 -9.3218 -1.5748
  endloop
endfacet
facet normal -0.992277876713668 1.64158604376564e-018 0.124034734589209
  outer loop
    vertex 22.2758 -9.3218 1.9812
    vertex 22.225 -10.9474 1.5748
    vertex 22.2758 -10.9474 1.9812
  endloop
endfacet
facet normal -0.992277876713668 1.64158604376564e-018 0.124034734589209
  outer loop
    vertex 22.225 -10.9474 1.5748
    vertex 22.2758 -9.3218 1.9812
    vertex 22.225 -9.3218 1.5748
  endloop
endfacet
facet normal -0.928476690885259 5.52972900893241e-018 0.371390676354104
  outer loop
    vertex 22.4282 -9.3218 2.3622
    vertex 22.2758 -10.9474 1.9812
    vertex 22.4282 -10.9474 2.3622
  endloop
endfacet
facet normal -0.928476690885259 5.52972900893241e-018 0.371390676354104
  outer loop
    vertex 22.2758 -10.9474 1.9812
    vertex 22.4282 -9.3218 2.3622
    vertex 22.2758 -9.3218 1.9812
  endloop
endfacet
facet normal -0.7926239891046 -4.03472736511869e-018 0.609710760849693
  outer loop
    vertex 22.6822 -9.3218 2.6924
    vertex 22.4282 -10.9474 2.3622
    vertex 22.6822 -10.9474 2.6924
  endloop
endfacet
facet normal -0.7926239891046 -4.03472736511869e-018 0.609710760849693
  outer loop
    vertex 22.4282 -10.9474 2.3622
    vertex 22.6822 -9.3218 2.6924
    vertex 22.4282 -9.3218 2.3622
  endloop
endfacet
facet normal -0.173785333909049 -0.0 0.984783558817937
  outer loop
    vertex 23.8252 -10.9474 3.175
    vertex 23.3934 -9.3218 3.0988
    vertex 23.3934 -10.9474 3.0988
  endloop
endfacet
facet normal -0.173785333909049 -0.0 0.984783558817937
  outer loop
    vertex 23.3934 -9.3218 3.0988
    vertex 23.8252 -10.9474 3.175
    vertex 23.8252 -9.3218 3.175
  endloop
endfacet
facet normal -0.0 -0.0 1.0
  outer loop
    vertex 27.0002 -10.9474 3.175
    vertex 23.8252 -9.3218 3.175
    vertex 23.8252 -10.9474 3.175
  endloop
endfacet
facet normal -0.0 -0.0 1.0
  outer loop
    vertex 23.8252 -9.3218 3.175
    vertex 27.0002 -10.9474 3.175
    vertex 27.0002 -9.3218 3.175
  endloop
endfacet
facet normal 0.184288535050185 -0.0 0.982872186934322
  outer loop
    vertex 27.4066 -10.9474 3.0988
    vertex 27.0002 -9.3218 3.175
    vertex 27.0002 -10.9474 3.175
  endloop
endfacet
facet normal 0.184288535050185 -0.0 0.982872186934322
  outer loop
    vertex 27.0002 -9.3218 3.175
    vertex 27.4066 -10.9474 3.0988
    vertex 27.4066 -9.3218 3.0988
  endloop
endfacet
facet normal 0.371390676354101 3.07207167163089e-018 0.928476690885261
  outer loop
    vertex 27.7876 -10.9474 2.9464
    vertex 27.4066 -9.3218 3.0988
    vertex 27.4066 -10.9474 3.0988
  endloop
endfacet
facet normal 0.371390676354101 3.07207167163089e-018 0.928476690885261
  outer loop
    vertex 27.4066 -9.3218 3.0988
    vertex 27.7876 -10.9474 2.9464
    vertex 27.7876 -9.3218 2.9464
  endloop
endfacet
facet normal 0.609710760849696 -0.0 0.792623989104598
  outer loop
    vertex 28.1178 -10.9474 2.6924
    vertex 27.7876 -9.3218 2.9464
    vertex 27.7876 -10.9474 2.9464
  endloop
endfacet
facet normal 0.609710760849696 -0.0 0.792623989104598
  outer loop
    vertex 27.7876 -9.3218 2.9464
    vertex 28.1178 -10.9474 2.6924
    vertex 28.1178 -9.3218 2.6924
  endloop
endfacet
facet normal 0.7926239891046 4.0347273651163e-018 0.609710760849693
  outer loop
    vertex 28.3718 -9.3218 2.3622
    vertex 28.1178 -10.9474 2.6924
    vertex 28.3718 -10.9474 2.3622
  endloop
endfacet
facet normal 0.7926239891046 4.0347273651163e-018 0.609710760849693
  outer loop
    vertex 28.1178 -10.9474 2.6924
    vertex 28.3718 -9.3218 2.3622
    vertex 28.1178 -9.3218 2.6924
  endloop
endfacet
facet normal 0.928476690885259 6.14414334323415e-019 0.371390676354104
  outer loop
    vertex 28.5242 -9.3218 1.9812
    vertex 28.3718 -10.9474 2.3622
    vertex 28.5242 -10.9474 1.9812
  endloop
endfacet
facet normal 0.928476690885259 6.14414334323415e-019 0.371390676354104
  outer loop
    vertex 28.3718 -10.9474 2.3622
    vertex 28.5242 -9.3218 1.9812
    vertex 28.3718 -9.3218 2.3622
  endloop
endfacet
facet normal 0.992277876713668 1.64158604376265e-018 0.124034734589209
  outer loop
    vertex 28.575 -9.3218 1.5748
    vertex 28.5242 -10.9474 1.9812
    vertex 28.575 -10.9474 1.5748
  endloop
endfacet
facet normal 0.992277876713668 1.64158604376265e-018 0.124034734589209
  outer loop
    vertex 28.5242 -10.9474 1.9812
    vertex 28.575 -9.3218 1.5748
    vertex 28.5242 -9.3218 1.9812
  endloop
endfacet
facet normal 1.0 -0.0 -0.0
  outer loop
    vertex 28.575 -9.3218 -1.5748
    vertex 28.575 -10.9474 1.5748
    vertex 28.575 -10.9474 -1.5748
  endloop
endfacet
facet normal 1.0 -0.0 -0.0
  outer loop
    vertex 28.575 -10.9474 1.5748
    vertex 28.575 -9.3218 -1.5748
    vertex 28.575 -9.3218 1.5748
  endloop
endfacet
facet normal 0.992277876713668 1.64158604376265e-018 -0.124034734589209
  outer loop
    vertex 28.5242 -9.3218 -1.9812
    vertex 28.575 -10.9474 -1.5748
    vertex 28.5242 -10.9474 -1.9812
  endloop
endfacet
facet normal 0.992277876713668 1.64158604376265e-018 -0.124034734589209
  outer loop
    vertex 28.575 -10.9474 -1.5748
    vertex 28.5242 -9.3218 -1.9812
    vertex 28.575 -9.3218 -1.5748
  endloop
endfacet
facet normal 0.928476690885259 5.52972900893241e-018 -0.371390676354104
  outer loop
    vertex 28.3718 -9.3218 -2.3622
    vertex 28.5242 -10.9474 -1.9812
    vertex 28.3718 -10.9474 -2.3622
  endloop
endfacet
facet normal 0.928476690885259 5.52972900893241e-018 -0.371390676354104
  outer loop
    vertex 28.5242 -10.9474 -1.9812
    vertex 28.3718 -9.3218 -2.3622
    vertex 28.5242 -9.3218 -1.9812
  endloop
endfacet
facet normal 0.7926239891046 -4.03472736512107e-018 -0.609710760849693
  outer loop
    vertex 28.1178 -9.3218 -2.6924
    vertex 28.3718 -10.9474 -2.3622
    vertex 28.1178 -10.9474 -2.6924
  endloop
endfacet
facet normal 0.7926239891046 -4.03472736512107e-018 -0.609710760849693
  outer loop
    vertex 28.3718 -10.9474 -2.3622
    vertex 28.1178 -9.3218 -2.6924
    vertex 28.3718 -9.3218 -2.3622
  endloop
endfacet
facet normal -0.609710760849692 -9.17390790418396e-031 0.7926239891046
  outer loop
    vertex 23.0124 -10.9474 2.9464
    vertex 22.6822 -9.3218 2.6924
    vertex 22.6822 -10.9474 2.6924
  endloop
endfacet
facet normal -0.609710760849692 -9.17390790418396e-031 0.7926239891046
  outer loop
    vertex 22.6822 -9.3218 2.6924
    vertex 23.0124 -10.9474 2.9464
    vertex 23.0124 -9.3218 2.9464
  endloop
endfacet
facet normal -0.371390676354103 3.07207167163144e-018 0.92847669088526
  outer loop
    vertex 23.3934 -10.9474 3.0988
    vertex 23.0124 -9.3218 2.9464
    vertex 23.0124 -10.9474 2.9464
  endloop
endfacet
facet normal -0.371390676354103 3.07207167163144e-018 0.92847669088526
  outer loop
    vertex 23.0124 -9.3218 2.9464
    vertex 23.3934 -10.9474 3.0988
    vertex 23.3934 -9.3218 3.0988
  endloop
endfacet
facet normal 0.224859506698758 0.0 -0.97439119569462
  outer loop
    vertex 21.1328 -10.6934 -6.0452
    vertex 20.8026 -10.9474 -6.1214
    vertex 20.8026 -10.6934 -6.1214
  endloop
endfacet
facet normal 0.224859506698758 0.0 -0.97439119569462
  outer loop
    vertex 20.8026 -10.9474 -6.1214
    vertex 21.1328 -10.6934 -6.0452
    vertex 21.1328 -10.9474 -6.0452
  endloop
endfacet
facet normal 0.209529088730873 0.0 -0.97780241407741
  outer loop
    vertex 22.9616 -10.6934 -6.0452
    vertex 22.606 -10.9474 -6.1214
    vertex 22.606 -10.6934 -6.1214
  endloop
endfacet
facet normal 0.209529088730873 0.0 -0.97780241407741
  outer loop
    vertex 22.606 -10.9474 -6.1214
    vertex 22.9616 -10.6934 -6.0452
    vertex 22.9616 -10.9474 -6.0452
  endloop
endfacet
facet normal 0.0 -0.393919298579168 -0.919145030018058
  outer loop
    vertex 2.8448 -6.223 2.4638
    vertex 0.0 -6.4008 2.54
    vertex 0.0 -6.223 2.4638
  endloop
endfacet
facet normal 0.0 -0.393919298579168 -0.919145030018058
  outer loop
    vertex 0.0 -6.4008 2.54
    vertex 2.8448 -6.223 2.4638
    vertex 2.8448 -6.4008 2.54
  endloop
endfacet
facet normal -0.514495755427527 0.0 -0.857492925712544
  outer loop
    vertex 21.4376 -10.6934 -6.1468
    vertex 21.3106 -10.9474 -6.0706
    vertex 21.3106 -10.6934 -6.0706
  endloop
endfacet
facet normal -0.514495755427527 0.0 -0.857492925712544
  outer loop
    vertex 21.3106 -10.9474 -6.0706
    vertex 21.4376 -10.6934 -6.1468
    vertex 21.4376 -10.9474 -6.1468
  endloop
endfacet
facet normal 0.76491119811705 -0.0 -0.64413574578278
  outer loop
    vertex 24.257 -10.6934 -7.1628
    vertex 25.0698 -10.9474 -6.1976
    vertex 24.257 -10.9474 -7.1628
  endloop
endfacet
facet normal 0.76491119811705 -0.0 -0.64413574578278
  outer loop
    vertex 25.0698 -10.9474 -6.1976
    vertex 24.257 -10.6934 -7.1628
    vertex 25.0698 -10.6934 -6.1976
  endloop
endfacet
facet normal 0.371390676354104 -0.0 0.928476690885259
  outer loop
    vertex 23.4188 -10.9474 -5.8674
    vertex 23.2918 -10.6934 -5.8166
    vertex 23.2918 -10.9474 -5.8166
  endloop
endfacet
facet normal 0.371390676354104 -0.0 0.928476690885259
  outer loop
    vertex 23.2918 -10.6934 -5.8166
    vertex 23.4188 -10.9474 -5.8674
    vertex 23.4188 -10.6934 -5.8674
  endloop
endfacet
facet normal -0.0 0.993883734673619 0.110431526074847
  outer loop
    vertex 0.0 -14.478 0.4318
    vertex 0.4064 -14.4526 0.2032
    vertex 0.0 -14.4526 0.2032
  endloop
endfacet
facet normal -0.0 0.993883734673619 0.110431526074847
  outer loop
    vertex 0.4064 -14.4526 0.2032
    vertex 0.0 -14.478 0.4318
    vertex 0.4064 -14.478 0.4318
  endloop
endfacet
facet normal -1.82614015006788e-019 -0.124034734589208 0.992277876713668
  outer loop
    vertex 12.7 -10.1346 -4.7244
    vertex 1.2192 -8.9154 -4.572
    vertex 1.2192 -10.1346 -4.7244
  endloop
endfacet
facet normal -1.82614015006788e-019 -0.124034734589208 0.992277876713668
  outer loop
    vertex 1.2192 -8.9154 -4.572
    vertex 12.7 -10.1346 -4.7244
    vertex 12.7 -8.9154 -4.572
  endloop
endfacet
facet normal -1.82614015006788e-019 -0.124034734589208 0.992277876713668
  outer loop
    vertex 12.7 -8.9154 -4.572
    vertex 12.7 -10.1346 -4.7244
    vertex 12.7 -9.3218 -4.6228
  endloop
endfacet
facet normal 0.842922209577588 -0.0 -0.538035452921865
  outer loop
    vertex 17.6276 -10.6934 -7.0104
    vertex 18.3896 -10.9474 -5.8166
    vertex 17.6276 -10.9474 -7.0104
  endloop
endfacet
facet normal 0.842922209577588 -0.0 -0.538035452921865
  outer loop
    vertex 18.3896 -10.9474 -5.8166
    vertex 17.6276 -10.6934 -7.0104
    vertex 18.3896 -10.6934 -5.8166
  endloop
endfacet
facet normal 0.847998304005088 -0.0 -0.52999894000318
  outer loop
    vertex 23.4442 -10.6934 -7.1374
    vertex 23.5712 -10.9474 -6.9342
    vertex 23.4442 -10.9474 -7.1374
  endloop
endfacet
facet normal 0.847998304005088 -0.0 -0.52999894000318
  outer loop
    vertex 23.5712 -10.9474 -6.9342
    vertex 23.4442 -10.6934 -7.1374
    vertex 23.5712 -10.6934 -6.9342
  endloop
endfacet
facet normal 1.0 -0.0 -0.0
  outer loop
    vertex 27.4574 -10.6934 -6.1976
    vertex 27.4574 -10.9474 -5.8166
    vertex 27.4574 -10.9474 -6.1976
  endloop
endfacet
facet normal 1.0 -0.0 -0.0
  outer loop
    vertex 27.4574 -10.9474 -5.8166
    vertex 27.4574 -10.6934 -6.1976
    vertex 27.4574 -10.6934 -5.8166
  endloop
endfacet
facet normal -0.0 -0.581238193719095 0.813733471206736
  outer loop
    vertex 2.8448 -6.5786 -2.6416
    vertex 0.0 -6.4008 -2.5146
    vertex 0.0 -6.5786 -2.6416
  endloop
endfacet
facet normal -0.0 -0.581238193719095 0.813733471206736
  outer loop
    vertex 0.0 -6.4008 -2.5146
    vertex 2.8448 -6.5786 -2.6416
    vertex 2.8448 -6.4008 -2.5146
  endloop
endfacet
facet normal 1.0 -0.0 -0.0
  outer loop
    vertex 2.032 -5.7912 -0.4064
    vertex 2.032 -5.8166 0.2032
    vertex 2.032 -5.8166 -0.1778
  endloop
endfacet
facet normal 1.0 -0.0 -0.0
  outer loop
    vertex 2.032 -5.8166 0.2032
    vertex 2.032 -5.7912 -0.4064
    vertex 2.032 -5.7912 0.4318
  endloop
endfacet
facet normal 1.0 -0.0 -0.0
  outer loop
    vertex 2.032 -5.7912 0.4318
    vertex 2.032 -5.7912 -0.4064
    vertex 2.032 -5.7658 -0.6096
  endloop
endfacet
facet normal 1.0 -0.0 -0.0
  outer loop
    vertex 2.032 -5.7912 0.4318
    vertex 2.032 -5.7658 -0.6096
    vertex 2.032 -5.7658 0.635
  endloop
endfacet
facet normal 1.0 -0.0 -0.0
  outer loop
    vertex 2.032 -5.7658 0.635
    vertex 2.032 -5.7658 -0.6096
    vertex 2.032 -5.6896 -0.8128
  endloop
endfacet
facet normal 1.0 -0.0 -0.0
  outer loop
    vertex 2.032 -5.7658 0.635
    vertex 2.032 -5.6896 -0.8128
    vertex 2.032 -5.6896 0.8382
  endloop
endfacet
facet normal 1.0 -0.0 -0.0
  outer loop
    vertex 2.032 -5.6896 0.8382
    vertex 2.032 -5.6896 -0.8128
    vertex 2.032 -5.6388 -1.016
  endloop
endfacet
facet normal 1.0 -0.0 -0.0
  outer loop
    vertex 2.032 -5.6896 0.8382
    vertex 2.032 -5.6388 -1.016
    vertex 2.032 -5.6388 1.0414
  endloop
endfacet
facet normal 1.0 -0.0 -0.0
  outer loop
    vertex 2.032 -5.6388 1.0414
    vertex 2.032 -5.6388 -1.016
    vertex 2.032 -5.5372 -1.1938
  endloop
endfacet
facet normal 1.0 -0.0 -0.0
  outer loop
    vertex 2.032 -5.6388 1.0414
    vertex 2.032 -5.5372 -1.1938
    vertex 2.032 -5.5372 1.2192
  endloop
endfacet
facet normal 1.0 -0.0 -0.0
  outer loop
    vertex 2.032 -5.5372 1.2192
    vertex 2.032 -5.5372 -1.1938
    vertex 2.032 -5.3848 0.0
  endloop
endfacet
facet normal 0.1780560201208 -0.975992272104272 -0.125439780338945
  outer loop
    vertex 19.05 -13.208 -0.7874
    vertex 14.732 -14.097 0.0
    vertex 14.732 -13.97 -0.9906
  endloop
endfacet
facet normal 0.1780560201208 -0.975992272104272 -0.125439780338945
  outer loop
    vertex 14.732 -14.097 0.0
    vertex 19.05 -13.208 -0.7874
    vertex 19.05 -13.3096 0.0
  endloop
endfacet
facet normal 0.0 -0.868243142124459 -0.496138938356834
  outer loop
    vertex 2.032 -5.6388 -1.016
    vertex 0.0 -5.5372 -1.1938
    vertex 2.032 -5.5372 -1.1938
  endloop
endfacet
facet normal 0.0 -0.868243142124459 -0.496138938356834
  outer loop
    vertex 0.0 -5.5372 -1.1938
    vertex 2.032 -5.6388 -1.016
    vertex 0.0 -5.6388 -1.016
  endloop
endfacet
facet normal 0.178053439777046 -0.122052761137492 -0.976422089099932
  outer loop
    vertex 19.05 -10.9474 -3.048
    vertex 14.732 -11.1506 -3.81
    vertex 14.732 -10.9474 -3.8354
  endloop
endfacet
facet normal -0.847998304005088 0.0 0.52999894000318
  outer loop
    vertex 23.2664 -10.6934 -6.8326
    vertex 23.1394 -10.9474 -7.0358
    vertex 23.2664 -10.9474 -6.8326
  endloop
endfacet
facet normal -0.847998304005088 0.0 0.52999894000318
  outer loop
    vertex 23.1394 -10.9474 -7.0358
    vertex 23.2664 -10.6934 -6.8326
    vertex 23.1394 -10.6934 -7.0358
  endloop
endfacet
facet normal 0.0 0.0 -1.0
  outer loop
    vertex 26.416 -10.6934 -8.2296
    vertex 26.0604 -10.9474 -8.2296
    vertex 26.0604 -10.6934 -8.2296
  endloop
endfacet
facet normal 0.0 0.0 -1.0
  outer loop
    vertex 26.0604 -10.9474 -8.2296
    vertex 26.416 -10.6934 -8.2296
    vertex 26.416 -10.9474 -8.2296
  endloop
endfacet
facet normal 0.95075081933392 0.265805484555885 -0.15943752355042
  outer loop
    vertex 2.01780588235294 -13.0974352941176 3.13316470588236
    vertex 2.0066 -12.5984 3.9116
    vertex 2.032 -13.1826 3.048
  endloop
endfacet
facet normal 0.95075081933392 0.265805484555885 -0.15943752355042
  outer loop
    vertex 2.0066 -12.5984 3.9116
    vertex 2.01780588235294 -13.0974352941176 3.13316470588236
    vertex 2.0066 -13.0302 3.2004
  endloop
endfacet
facet normal 0.95075081933392 0.265805484555885 -0.15943752355042
  outer loop
    vertex 2.0066 -12.5984 3.9116
    vertex 2.0066 -13.0302 3.2004
    vertex 2.0066 -12.9032 3.3782
  endloop
endfacet
facet normal 0.95075081933392 0.265805484555885 -0.15943752355042
  outer loop
    vertex 2.0066 -12.5984 3.9116
    vertex 2.0066 -12.9032 3.3782
    vertex 2.0066 -12.6746 3.7338
  endloop
endfacet
facet normal -0.000819410450604647 -0.924571404537667 -0.381007934927554
  outer loop
    vertex 12.7 -6.0198 2.3622
    vertex 0.0 -6.0198 2.3876
    vertex 0.0 -5.5372 1.2192
  endloop
endfacet
facet normal -0.000819410450604647 -0.924571404537667 -0.381007934927554
  outer loop
    vertex 0.0 -6.0198 2.3876
    vertex 12.7 -6.0198 2.3622
    vertex 2.8448 -6.0198 2.3876
  endloop
endfacet
facet normal 7.58839869131568e-031 0.788024373724564 0.615644041972315
  outer loop
    vertex 12.7 -7.3406 2.794
    vertex 14.732 -6.7056 1.9812
    vertex 12.7 -6.7056 1.9812
  endloop
endfacet
facet normal 7.58839869131568e-031 0.788024373724564 0.615644041972315
  outer loop
    vertex 14.732 -6.7056 1.9812
    vertex 12.7 -7.3406 2.794
    vertex 14.732 -7.3406 2.794
  endloop
endfacet
facet normal -0.751625689070423 0.0 0.659589890408739
  outer loop
    vertex 25.0952 -10.6934 -5.8166
    vertex 24.003 -10.9474 -7.0612
    vertex 25.0952 -10.9474 -5.8166
  endloop
endfacet
facet normal -0.751625689070423 0.0 0.659589890408739
  outer loop
    vertex 24.003 -10.9474 -7.0612
    vertex 25.0952 -10.6934 -5.8166
    vertex 24.003 -10.6934 -7.0612
  endloop
endfacet
facet normal 0.0 -0.991949779603849 0.126631886757938
  outer loop
    vertex 12.7 -5.3848 0.0
    vertex 2.032 -5.5372 -1.1938
    vertex 12.7 -5.5372 -1.1938
  endloop
endfacet
facet normal 0.0 -0.991949779603849 0.126631886757938
  outer loop
    vertex 2.032 -5.5372 -1.1938
    vertex 12.7 -5.3848 0.0
    vertex 2.032 -5.3848 0.0
  endloop
endfacet
facet normal 0.0 -0.970142500145332 -0.242535625036333
  outer loop
    vertex 2.032 -5.6896 -0.8128
    vertex 0.0 -5.6388 -1.016
    vertex 2.032 -5.6388 -1.016
  endloop
endfacet
facet normal 0.0 -0.970142500145332 -0.242535625036333
  outer loop
    vertex 0.0 -5.6388 -1.016
    vertex 2.032 -5.6896 -0.8128
    vertex 0.0 -5.6896 -0.8128
  endloop
endfacet
facet normal -1.0 0.0 0.0
  outer loop
    vertex 31.75 -9.3218 6.35
    vertex 31.75 -10.9474 -6.3246
    vertex 31.75 -10.9474 6.35
  endloop
endfacet
facet normal -1.0 0.0 0.0
  outer loop
    vertex 31.75 -10.9474 -6.3246
    vertex 31.75 -9.3218 6.35
    vertex 31.75 -9.3218 -6.3246
  endloop
endfacet
facet normal -6.57394128923801e-018 0.921635375138065 0.388057000058133
  outer loop
    vertex 12.7 -6.7056 1.9812
    vertex 14.732 -6.2992 1.016
    vertex 12.7 -6.2992 1.016
  endloop
endfacet
facet normal -6.57394128923801e-018 0.921635375138065 0.388057000058133
  outer loop
    vertex 14.732 -6.2992 1.016
    vertex 12.7 -6.7056 1.9812
    vertex 14.732 -6.7056 1.9812
  endloop
endfacet
facet normal 1.0 -0.0 -0.0
  outer loop
    vertex 2.0066 -12.6746 3.7338
    vertex 2.0066 -12.9032 3.3782
    vertex 2.0066 -12.7762 3.5306
  endloop
endfacet
facet normal 0.178562010229584 -0.599911892075677 -0.779885459698379
  outer loop
    vertex 19.05 -12.3698 -2.2098
    vertex 14.732 -12.9286 -2.7686
    vertex 19.05 -11.7094 -2.7178
  endloop
endfacet
facet normal 0.1780560201208 0.975992272104272 -0.125439780338946
  outer loop
    vertex 14.732 -6.1722 0.0
    vertex 19.05 -7.0612 -0.7874
    vertex 14.732 -6.2992 -0.9906
  endloop
endfacet
facet normal 0.1780560201208 0.975992272104272 -0.125439780338946
  outer loop
    vertex 19.05 -7.0612 -0.7874
    vertex 14.732 -6.1722 0.0
    vertex 19.05 -6.9596 0.0
  endloop
endfacet
facet normal 0.180105601580702 -0.605576587593342 -0.775138032119478
  outer loop
    vertex 19.05 -11.7094 -2.7178
    vertex 14.732 -12.9286 -2.7686
    vertex 14.732 -12.1158 -3.4036
  endloop
endfacet
facet normal 1.0 -0.0 -0.0
  outer loop
    vertex 19.05 -13.208 -0.7874
    vertex 19.05 -13.208 0.8128
    vertex 19.05 -13.3096 0.0
  endloop
endfacet
facet normal 1.0 -0.0 -0.0
  outer loop
    vertex 19.05 -13.208 0.8128
    vertex 19.05 -13.208 -0.7874
    vertex 19.05 -12.8778 -1.5748
  endloop
endfacet
facet normal 1.0 -0.0 -0.0
  outer loop
    vertex 19.05 -13.208 0.8128
    vertex 19.05 -12.8778 -1.5748
    vertex 19.05 -12.8778 1.6002
  endloop
endfacet
facet normal 1.0 -0.0 -0.0
  outer loop
    vertex 19.05 -12.8778 1.6002
    vertex 19.05 -12.8778 -1.5748
    vertex 19.05 -12.3698 -2.2098
  endloop
endfacet
facet normal 1.0 -0.0 -0.0
  outer loop
    vertex 19.05 -12.8778 1.6002
    vertex 19.05 -12.3698 -2.2098
    vertex 19.05 -12.3698 2.2352
  endloop
endfacet
facet normal 1.0 -0.0 -0.0
  outer loop
    vertex 19.05 -12.3698 2.2352
    vertex 19.05 -12.3698 -2.2098
    vertex 19.05 -11.7094 -2.7178
  endloop
endfacet
facet normal 1.0 -0.0 -0.0
  outer loop
    vertex 19.05 -12.3698 2.2352
    vertex 19.05 -11.7094 -2.7178
    vertex 19.05 -11.7094 2.7432
  endloop
endfacet
facet normal 1.0 -0.0 -0.0
  outer loop
    vertex 19.05 -11.7094 2.7432
    vertex 19.05 -11.7094 -2.7178
    vertex 19.05 -10.9474 -3.048
  endloop
endfacet
facet normal 1.0 -0.0 -0.0
  outer loop
    vertex 19.05 -11.7094 2.7432
    vertex 19.05 -10.9474 -3.048
    vertex 19.05 -10.9474 3.0734
  endloop
endfacet
facet normal -0.0 0.388057000058133 0.921635375138065
  outer loop
    vertex 10.16 -9.1186 3.8354
    vertex 0.0 -8.1534 3.429
    vertex 0.0 -9.1186 3.8354
  endloop
endfacet
facet normal -0.0 0.388057000058133 0.921635375138065
  outer loop
    vertex 0.0 -8.1534 3.429
    vertex 10.16 -9.1186 3.8354
    vertex 10.16 -8.1534 3.429
  endloop
endfacet
facet normal 2.41774744776278e-018 -0.124034734589209 -0.992277876713668
  outer loop
    vertex 0.0 -8.9154 4.5974
    vertex 1.016 -9.3218 4.6482
    vertex 0.0 -10.1346 4.7498
  endloop
endfacet
facet normal 2.41774744776278e-018 -0.124034734589209 -0.992277876713668
  outer loop
    vertex 1.016 -9.3218 4.6482
    vertex 0.0 -8.9154 4.5974
    vertex 12.7 -8.9154 4.5974
  endloop
endfacet
facet normal 2.41774744776278e-018 -0.124034734589209 -0.992277876713668
  outer loop
    vertex 1.016 -9.3218 4.6482
    vertex 12.7 -8.9154 4.5974
    vertex 3.302 -9.3218 4.6482
  endloop
endfacet
facet normal 2.41774744776278e-018 -0.124034734589209 -0.992277876713668
  outer loop
    vertex 3.302 -9.3218 4.6482
    vertex 12.7 -8.9154 4.5974
    vertex 6.35 -9.3218 4.6482
  endloop
endfacet
facet normal 2.41774744776278e-018 -0.124034734589209 -0.992277876713668
  outer loop
    vertex 3.302 -9.3218 4.6482
    vertex 6.35 -9.3218 4.6482
    vertex 3.302 -10.1346 4.7498
  endloop
endfacet
facet normal 2.41774744776278e-018 -0.124034734589209 -0.992277876713668
  outer loop
    vertex 6.35 -9.3218 4.6482
    vertex 12.7 -8.9154 4.5974
    vertex 12.7 -9.3218 4.6482
  endloop
endfacet
facet normal 2.41774744776278e-018 -0.124034734589209 -0.992277876713668
  outer loop
    vertex 6.35 -10.1346 4.7498
    vertex 3.302 -10.1346 4.7498
    vertex 6.35 -9.3218 4.6482
  endloop
endfacet
facet normal 2.41774744776278e-018 -0.124034734589209 -0.992277876713668
  outer loop
    vertex 1.016 -10.1346 4.7498
    vertex 0.0 -10.1346 4.7498
    vertex 1.016 -9.3218 4.6482
  endloop
endfacet
facet normal -0.14142135623731 -0.0 0.989949493661167
  outer loop
    vertex 22.8092 -10.9474 -5.7912
    vertex 22.6314 -10.6934 -5.8166
    vertex 22.6314 -10.9474 -5.8166
  endloop
endfacet
facet normal -0.14142135623731 -0.0 0.989949493661167
  outer loop
    vertex 22.6314 -10.6934 -5.8166
    vertex 22.8092 -10.9474 -5.7912
    vertex 22.8092 -10.6934 -5.7912
  endloop
endfacet
facet normal 1.23261399173221e-018 -0.388057000058133 0.921635375138065
  outer loop
    vertex 14.732 -12.1158 3.429
    vertex 12.7 -11.1506 3.8354
    vertex 12.7 -12.1158 3.429
  endloop
endfacet
facet normal 1.23261399173221e-018 -0.388057000058133 0.921635375138065
  outer loop
    vertex 12.7 -11.1506 3.8354
    vertex 14.732 -12.1158 3.429
    vertex 14.732 -11.1506 3.8354
  endloop
endfacet
facet normal 0.0 -0.936329177569044 0.351123441588392
  outer loop
    vertex 2.032 -5.6896 0.8382
    vertex 0.0 -5.7658 0.635
    vertex 2.032 -5.7658 0.635
  endloop
endfacet
facet normal 0.0 -0.936329177569044 0.351123441588392
  outer loop
    vertex 0.0 -5.7658 0.635
    vertex 2.032 -5.6896 0.8382
    vertex 0.0 -5.6896 0.8382
  endloop
endfacet
facet normal 0.913811548620257 -0.0 -0.406138466053448
  outer loop
    vertex 23.5712 -10.6934 -6.9342
    vertex 23.6728 -10.9474 -6.7056
    vertex 23.5712 -10.9474 -6.9342
  endloop
endfacet
facet normal 0.913811548620257 -0.0 -0.406138466053448
  outer loop
    vertex 23.6728 -10.9474 -6.7056
    vertex 23.5712 -10.6934 -6.9342
    vertex 23.6728 -10.6934 -6.7056
  endloop
endfacet
facet normal -0.0 -0.0 1.0
  outer loop
    vertex 23.1394 -10.9474 -5.7912
    vertex 22.8092 -10.6934 -5.7912
    vertex 22.8092 -10.9474 -5.7912
  endloop
endfacet
facet normal -0.0 -0.0 1.0
  outer loop
    vertex 22.8092 -10.6934 -5.7912
    vertex 23.1394 -10.9474 -5.7912
    vertex 23.1394 -10.6934 -5.7912
  endloop
endfacet
facet normal -0.0 0.992277876713668 -0.124034734589209
  outer loop
    vertex 0.0 -14.478 -0.4064
    vertex 0.4064 -14.5034 -0.6096
    vertex 0.0 -14.5034 -0.6096
  endloop
endfacet
facet normal -0.0 0.992277876713668 -0.124034734589209
  outer loop
    vertex 0.4064 -14.5034 -0.6096
    vertex 0.0 -14.478 -0.4064
    vertex 0.4064 -14.478 -0.4064
  endloop
endfacet
facet normal 0.178053439777047 0.976422089099932 0.122052761137492
  outer loop
    vertex 14.732 -6.2992 1.016
    vertex 19.05 -6.9596 0.0
    vertex 14.732 -6.1722 0.0
  endloop
endfacet
facet normal 0.178053439777047 0.976422089099932 0.122052761137492
  outer loop
    vertex 19.05 -6.9596 0.0
    vertex 14.732 -6.2992 1.016
    vertex 19.05 -7.0612 0.8128
  endloop
endfacet
facet normal -0.0 1.0 -0.0
  outer loop
    vertex 21.4376 -10.9474 -7.3406
    vertex 21.9964 -10.9474 -7.9756
    vertex 20.8026 -10.9474 -7.9756
  endloop
endfacet
facet normal -0.0 1.0 -0.0
  outer loop
    vertex 21.9964 -10.9474 -7.9756
    vertex 21.4376 -10.9474 -7.3406
    vertex 22.3012 -10.9474 -7.8994
  endloop
endfacet
facet normal -0.0 1.0 -0.0
  outer loop
    vertex 22.3012 -10.9474 -7.8994
    vertex 21.4376 -10.9474 -7.3406
    vertex 22.606 -10.9474 -7.62
  endloop
endfacet
facet normal -0.0 1.0 -0.0
  outer loop
    vertex 22.606 -10.9474 -7.62
    vertex 21.4376 -10.9474 -7.3406
    vertex 22.8854 -10.9474 -7.3152
  endloop
endfacet
facet normal -0.0 1.0 -0.0
  outer loop
    vertex 22.8854 -10.9474 -7.3152
    vertex 21.4376 -10.9474 -7.3406
    vertex 21.6154 -10.9474 -7.1374
  endloop
endfacet
facet normal -0.0 1.0 -0.0
  outer loop
    vertex 22.8854 -10.9474 -7.3152
    vertex 21.6154 -10.9474 -7.1374
    vertex 23.1394 -10.9474 -7.0358
  endloop
endfacet
facet normal -0.0 1.0 -0.0
  outer loop
    vertex 23.1394 -10.9474 -7.0358
    vertex 21.6154 -10.9474 -7.1374
    vertex 21.7678 -10.9474 -6.9342
  endloop
endfacet
facet normal -0.0 1.0 -0.0
  outer loop
    vertex 23.1394 -10.9474 -7.0358
    vertex 21.7678 -10.9474 -6.9342
    vertex 23.2664 -10.9474 -6.8326
  endloop
endfacet
facet normal -0.0 1.0 -0.0
  outer loop
    vertex 23.2664 -10.9474 -6.8326
    vertex 21.7678 -10.9474 -6.9342
    vertex 21.844 -10.9474 -6.7056
  endloop
endfacet
facet normal -0.0 1.0 -0.0
  outer loop
    vertex 23.2664 -10.9474 -6.8326
    vertex 21.844 -10.9474 -6.7056
    vertex 23.3426 -10.9474 -6.6548
  endloop
endfacet
facet normal -0.0 1.0 -0.0
  outer loop
    vertex 23.3426 -10.9474 -6.6548
    vertex 21.844 -10.9474 -6.7056
    vertex 21.8948 -10.9474 -6.4516
  endloop
endfacet
facet normal -0.0 1.0 -0.0
  outer loop
    vertex 23.3426 -10.9474 -6.6548
    vertex 21.8948 -10.9474 -6.4516
    vertex 23.368 -10.9474 -6.4516
  endloop
endfacet
facet normal -0.0 1.0 -0.0
  outer loop
    vertex 23.368 -10.9474 -6.4516
    vertex 21.8948 -10.9474 -6.4516
    vertex 21.8694 -10.9474 -6.2992
  endloop
endfacet
facet normal -0.0 1.0 -0.0
  outer loop
    vertex 23.368 -10.9474 -6.4516
    vertex 21.8694 -10.9474 -6.2992
    vertex 23.3426 -10.9474 -6.2738
  endloop
endfacet
facet normal -0.0 1.0 -0.0
  outer loop
    vertex 23.3426 -10.9474 -6.2738
    vertex 21.8694 -10.9474 -6.2992
    vertex 22.3774 -10.9474 -6.2738
  endloop
endfacet
facet normal -0.0 1.0 -0.0
  outer loop
    vertex 23.3426 -10.9474 -6.2738
    vertex 22.3774 -10.9474 -6.2738
    vertex 22.479 -10.9474 -6.1976
  endloop
endfacet
facet normal -0.0 1.0 -0.0
  outer loop
    vertex 23.3426 -10.9474 -6.2738
    vertex 22.479 -10.9474 -6.1976
    vertex 23.241 -10.9474 -6.1468
  endloop
endfacet
facet normal -0.0 1.0 -0.0
  outer loop
    vertex 23.241 -10.9474 -6.1468
    vertex 22.479 -10.9474 -6.1976
    vertex 22.606 -10.9474 -6.1214
  endloop
endfacet
facet normal -0.0 1.0 -0.0
  outer loop
    vertex 23.241 -10.9474 -6.1468
    vertex 22.606 -10.9474 -6.1214
    vertex 23.114 -10.9474 -6.0706
  endloop
endfacet
facet normal -0.0 1.0 -0.0
  outer loop
    vertex 23.114 -10.9474 -6.0706
    vertex 22.606 -10.9474 -6.1214
    vertex 22.9616 -10.9474 -6.0452
  endloop
endfacet
facet normal -0.0 1.0 -0.0
  outer loop
    vertex 20.574 -10.9474 -6.2738
    vertex 21.5392 -10.9474 -6.2738
    vertex 21.5646 -10.9474 -6.4516
  endloop
endfacet
facet normal -0.0 1.0 -0.0
  outer loop
    vertex 21.5392 -10.9474 -6.2738
    vertex 20.574 -10.9474 -6.2738
    vertex 20.6756 -10.9474 -6.1976
  endloop
endfacet
facet normal -0.0 1.0 -0.0
  outer loop
    vertex 21.5392 -10.9474 -6.2738
    vertex 20.6756 -10.9474 -6.1976
    vertex 21.4376 -10.9474 -6.1468
  endloop
endfacet
facet normal -0.0 1.0 -0.0
  outer loop
    vertex 21.4376 -10.9474 -6.1468
    vertex 20.6756 -10.9474 -6.1976
    vertex 20.8026 -10.9474 -6.1214
  endloop
endfacet
facet normal -0.0 1.0 -0.0
  outer loop
    vertex 21.4376 -10.9474 -6.1468
    vertex 20.8026 -10.9474 -6.1214
    vertex 21.3106 -10.9474 -6.0706
  endloop
endfacet
facet normal -0.0 1.0 -0.0
  outer loop
    vertex 21.3106 -10.9474 -6.0706
    vertex 20.8026 -10.9474 -6.1214
    vertex 21.1328 -10.9474 -6.0452
  endloop
endfacet
facet normal -0.0 1.0 -0.0
  outer loop
    vertex 17.4244 -10.9474 -7.2644
    vertex 18.0086 -10.9474 -8.2296
    vertex 16.8148 -10.9474 -8.2296
  endloop
endfacet
facet normal -0.0 1.0 -0.0
  outer loop
    vertex 19.3548 -10.9474 -7.2644
    vertex 19.939 -10.9474 -8.2296
    vertex 18.7452 -10.9474 -8.2296
  endloop
endfacet
facet normal -0.0 1.0 -0.0
  outer loop
    vertex 22.9108 -10.9474 -7.6708
    vertex 23.7998 -10.9474 -7.9756
    vertex 22.606 -10.9474 -7.9756
  endloop
endfacet
facet normal -0.0 1.0 -0.0
  outer loop
    vertex 23.2664 -10.9474 -7.3406
    vertex 24.003 -10.9474 -7.4168
    vertex 22.9108 -10.9474 -7.6708
  endloop
endfacet
facet normal -0.0 1.0 -0.0
  outer loop
    vertex 24.003 -10.9474 -7.4168
    vertex 23.2664 -10.9474 -7.3406
    vertex 24.003 -10.9474 -7.0612
  endloop
endfacet
facet normal -0.0 1.0 -0.0
  outer loop
    vertex 24.003 -10.9474 -7.0612
    vertex 23.2664 -10.9474 -7.3406
    vertex 23.4442 -10.9474 -7.1374
  endloop
endfacet
facet normal -0.0 1.0 -0.0
  outer loop
    vertex 24.003 -10.9474 -7.0612
    vertex 23.4442 -10.9474 -7.1374
    vertex 23.5712 -10.9474 -6.9342
  endloop
endfacet
facet normal -0.0 1.0 -0.0
  outer loop
    vertex 24.003 -10.9474 -7.0612
    vertex 23.5712 -10.9474 -6.9342
    vertex 25.0952 -10.9474 -5.8166
  endloop
endfacet
facet normal -0.0 1.0 -0.0
  outer loop
    vertex 25.0952 -10.9474 -5.8166
    vertex 23.5712 -10.9474 -6.9342
    vertex 23.6728 -10.9474 -6.7056
  endloop
endfacet
facet normal -0.0 1.0 -0.0
  outer loop
    vertex 25.0952 -10.9474 -5.8166
    vertex 23.6728 -10.9474 -6.7056
    vertex 23.6982 -10.9474 -6.4516
  endloop
endfacet
facet normal -0.0 1.0 -0.0
  outer loop
    vertex 25.0952 -10.9474 -5.8166
    vertex 23.6982 -10.9474 -6.4516
    vertex 23.6982 -10.9474 -6.2992
  endloop
endfacet
facet normal -0.0 1.0 -0.0
  outer loop
    vertex 25.0952 -10.9474 -5.8166
    vertex 23.6982 -10.9474 -6.2992
    vertex 23.5966 -10.9474 -6.0452
  endloop
endfacet
facet normal -0.0 1.0 -0.0
  outer loop
    vertex 25.0952 -10.9474 -5.8166
    vertex 23.5966 -10.9474 -6.0452
    vertex 23.5204 -10.9474 -5.9436
  endloop
endfacet
facet normal -0.0 1.0 -0.0
  outer loop
    vertex 25.0952 -10.9474 -5.8166
    vertex 23.5204 -10.9474 -5.9436
    vertex 23.4188 -10.9474 -5.8674
  endloop
endfacet
facet normal -0.0 1.0 -0.0
  outer loop
    vertex 25.0952 -10.9474 -5.8166
    vertex 23.4188 -10.9474 -5.8674
    vertex 23.2918 -10.9474 -5.8166
  endloop
endfacet
facet normal -0.0 1.0 -0.0
  outer loop
    vertex 25.0952 -10.9474 -5.8166
    vertex 23.2918 -10.9474 -5.8166
    vertex 23.1394 -10.9474 -5.7912
  endloop
endfacet
facet normal -0.0 1.0 -0.0
  outer loop
    vertex 25.0952 -10.9474 -5.8166
    vertex 23.1394 -10.9474 -5.7912
    vertex 25.4 -10.9474 -5.8166
  endloop
endfacet
facet normal -0.0 1.0 -0.0
  outer loop
    vertex 25.4 -10.9474 -5.8166
    vertex 23.1394 -10.9474 -5.7912
    vertex 25.9334 -10.9474 -5.8166
  endloop
endfacet
facet normal -0.0 1.0 -0.0
  outer loop
    vertex 25.9334 -10.9474 -5.8166
    vertex 23.1394 -10.9474 -5.7912
    vertex 27.4574 -10.9474 -5.8166
  endloop
endfacet
facet normal -0.0 1.0 -0.0
  outer loop
    vertex 15.875 -10.9474 -9.4996
    vertex 16.4846 -10.9474 -8.2296
    vertex 28.575 -10.9474 -9.4996
  endloop
endfacet
facet normal -0.0 1.0 -0.0
  outer loop
    vertex 16.4846 -10.9474 -8.2296
    vertex 15.875 -10.9474 -9.4996
    vertex 12.7 -10.9474 -6.3246
  endloop
endfacet
facet normal -0.0 1.0 -0.0
  outer loop
    vertex 16.4846 -10.9474 -8.2296
    vertex 12.7 -10.9474 -6.3246
    vertex 17.2466 -10.9474 -7.0358
  endloop
endfacet
facet normal -0.0 1.0 -0.0
  outer loop
    vertex 17.2466 -10.9474 -7.0358
    vertex 12.7 -10.9474 -6.3246
    vertex 16.51 -10.9474 -5.8166
  endloop
endfacet
facet normal -0.0 1.0 -0.0
  outer loop
    vertex 16.51 -10.9474 -5.8166
    vertex 12.7 -10.9474 -6.3246
    vertex 12.7 -10.9474 -4.6228
  endloop
endfacet
facet normal -0.0 1.0 -0.0
  outer loop
    vertex 16.51 -10.9474 -5.8166
    vertex 12.7 -10.9474 -4.6228
    vertex 16.8656 -10.9474 -5.8166
  endloop
endfacet
facet normal -0.0 1.0 -0.0
  outer loop
    vertex 16.8656 -10.9474 -5.8166
    vertex 12.7 -10.9474 -4.6228
    vertex 18.034 -10.9474 -5.8166
  endloop
endfacet
facet normal -0.0 1.0 -0.0
  outer loop
    vertex 18.034 -10.9474 -5.8166
    vertex 12.7 -10.9474 -4.6228
    vertex 18.3896 -10.9474 -5.8166
  endloop
endfacet
facet normal -0.0 1.0 -0.0
  outer loop
    vertex 18.3896 -10.9474 -5.8166
    vertex 12.7 -10.9474 -4.6228
    vertex 18.4404 -10.9474 -5.8166
  endloop
endfacet
facet normal -0.0 1.0 -0.0
  outer loop
    vertex 18.4404 -10.9474 -5.8166
    vertex 12.7 -10.9474 -4.6228
    vertex 18.796 -10.9474 -5.8166
  endloop
endfacet
facet normal -0.0 1.0 -0.0
  outer loop
    vertex 18.796 -10.9474 -5.8166
    vertex 12.7 -10.9474 -4.6228
    vertex 19.9644 -10.9474 -5.8166
  endloop
endfacet
facet normal -0.0 1.0 -0.0
  outer loop
    vertex 19.9644 -10.9474 -5.8166
    vertex 12.7 -10.9474 -4.6228
    vertex 20.32 -10.9474 -5.8166
  endloop
endfacet
facet normal -0.0 1.0 -0.0
  outer loop
    vertex 20.32 -10.9474 -5.8166
    vertex 12.7 -10.9474 -4.6228
    vertex 20.828 -10.9474 -5.8166
  endloop
endfacet
facet normal -0.0 1.0 -0.0
  outer loop
    vertex 20.828 -10.9474 -5.8166
    vertex 12.7 -10.9474 -4.6228
    vertex 21.0058 -10.9474 -5.7912
  endloop
endfacet
facet normal -0.0 1.0 -0.0
  outer loop
    vertex 21.0058 -10.9474 -5.7912
    vertex 12.7 -10.9474 -4.6228
    vertex 21.336 -10.9474 -5.7912
  endloop
endfacet
facet normal -0.0 1.0 -0.0
  outer loop
    vertex 21.336 -10.9474 -5.7912
    vertex 12.7 -10.9474 -4.6228
    vertex 22.8092 -10.9474 -5.7912
  endloop
endfacet
facet normal -0.0 1.0 -0.0
  outer loop
    vertex 22.8092 -10.9474 -5.7912
    vertex 12.7 -10.9474 -4.6228
    vertex 23.1394 -10.9474 -5.7912
  endloop
endfacet
facet normal -0.0 1.0 -0.0
  outer loop
    vertex 19.05 -10.9474 -3.048
    vertex 23.7998 -10.9474 -3.1496
    vertex 14.732 -10.9474 -3.8354
  endloop
endfacet
facet normal -0.0 1.0 -0.0
  outer loop
    vertex 23.7998 -10.9474 -3.1496
    vertex 19.05 -10.9474 -3.048
    vertex 23.3934 -10.9474 -3.0988
  endloop
endfacet
facet normal -0.0 1.0 -0.0
  outer loop
    vertex 23.3934 -10.9474 -3.0988
    vertex 19.05 -10.9474 -3.048
    vertex 23.0124 -10.9474 -2.9464
  endloop
endfacet
facet normal -0.0 1.0 -0.0
  outer loop
    vertex 23.0124 -10.9474 -2.9464
    vertex 19.05 -10.9474 -3.048
    vertex 22.6822 -10.9474 -2.6924
  endloop
endfacet
facet normal -0.0 1.0 -0.0
  outer loop
    vertex 22.6822 -10.9474 -2.6924
    vertex 19.05 -10.9474 -3.048
    vertex 22.4282 -10.9474 -2.3622
  endloop
endfacet
facet normal -0.0 1.0 -0.0
  outer loop
    vertex 22.4282 -10.9474 -2.3622
    vertex 19.05 -10.9474 -3.048
    vertex 19.05 -10.9474 3.0734
  endloop
endfacet
facet normal -0.0 1.0 -0.0
  outer loop
    vertex 22.4282 -10.9474 -2.3622
    vertex 19.05 -10.9474 3.0734
    vertex 22.2758 -10.9474 -1.9812
  endloop
endfacet
facet normal -0.0 1.0 -0.0
  outer loop
    vertex 22.2758 -10.9474 -1.9812
    vertex 19.05 -10.9474 3.0734
    vertex 22.225 -10.9474 -1.5748
  endloop
endfacet
facet normal -0.0 1.0 -0.0
  outer loop
    vertex 22.225 -10.9474 -1.5748
    vertex 19.05 -10.9474 3.0734
    vertex 22.225 -10.9474 1.5748
  endloop
endfacet
facet normal -0.0 1.0 -0.0
  outer loop
    vertex 22.225 -10.9474 1.5748
    vertex 19.05 -10.9474 3.0734
    vertex 22.2758 -10.9474 1.9812
  endloop
endfacet
facet normal -0.0 1.0 -0.0
  outer loop
    vertex 22.2758 -10.9474 1.9812
    vertex 19.05 -10.9474 3.0734
    vertex 22.4282 -10.9474 2.3622
  endloop
endfacet
facet normal -0.0 1.0 -0.0
  outer loop
    vertex 22.4282 -10.9474 2.3622
    vertex 19.05 -10.9474 3.0734
    vertex 22.6822 -10.9474 2.6924
  endloop
endfacet
facet normal -0.0 1.0 -0.0
  outer loop
    vertex 22.6822 -10.9474 2.6924
    vertex 19.05 -10.9474 3.0734
    vertex 23.0124 -10.9474 2.9464
  endloop
endfacet
facet normal -0.0 1.0 -0.0
  outer loop
    vertex 23.0124 -10.9474 2.9464
    vertex 19.05 -10.9474 3.0734
    vertex 23.3934 -10.9474 3.0988
  endloop
endfacet
facet normal -0.0 1.0 -0.0
  outer loop
    vertex 23.3934 -10.9474 3.0988
    vertex 19.05 -10.9474 3.0734
    vertex 19.05 -10.9474 9.525
  endloop
endfacet
facet normal -0.0 1.0 -0.0
  outer loop
    vertex 23.3934 -10.9474 3.0988
    vertex 19.05 -10.9474 9.525
    vertex 23.8252 -10.9474 3.175
  endloop
endfacet
facet normal -0.0 1.0 -0.0
  outer loop
    vertex 23.8252 -10.9474 3.175
    vertex 19.05 -10.9474 9.525
    vertex 27.0002 -10.9474 3.175
  endloop
endfacet
facet normal -0.0 1.0 -0.0
  outer loop
    vertex 27.0002 -10.9474 3.175
    vertex 19.05 -10.9474 9.525
    vertex 31.75 -10.9474 6.35
  endloop
endfacet
facet normal -0.0 1.0 -0.0
  outer loop
    vertex 31.75 -10.9474 6.35
    vertex 19.05 -10.9474 9.525
    vertex 28.575 -10.9474 9.525
  endloop
endfacet
facet normal -0.0 1.0 -0.0
  outer loop
    vertex 28.575 -10.9474 -9.4996
    vertex 26.416 -10.9474 -8.2296
    vertex 31.75 -10.9474 -6.3246
  endloop
endfacet
facet normal -0.0 1.0 -0.0
  outer loop
    vertex 26.416 -10.9474 -8.2296
    vertex 28.575 -10.9474 -9.4996
    vertex 16.4846 -10.9474 -8.2296
  endloop
endfacet
facet normal -0.0 1.0 -0.0
  outer loop
    vertex 26.416 -10.9474 -8.2296
    vertex 16.4846 -10.9474 -8.2296
    vertex 16.8148 -10.9474 -8.2296
  endloop
endfacet
facet normal -0.0 1.0 -0.0
  outer loop
    vertex 26.416 -10.9474 -8.2296
    vertex 16.8148 -10.9474 -8.2296
    vertex 18.0086 -10.9474 -8.2296
  endloop
endfacet
facet normal -0.0 1.0 -0.0
  outer loop
    vertex 26.416 -10.9474 -8.2296
    vertex 18.0086 -10.9474 -8.2296
    vertex 18.3896 -10.9474 -8.2296
  endloop
endfacet
facet normal -0.0 1.0 -0.0
  outer loop
    vertex 26.416 -10.9474 -8.2296
    vertex 18.3896 -10.9474 -8.2296
    vertex 18.415 -10.9474 -8.2296
  endloop
endfacet
facet normal -0.0 1.0 -0.0
  outer loop
    vertex 26.416 -10.9474 -8.2296
    vertex 18.415 -10.9474 -8.2296
    vertex 18.7452 -10.9474 -8.2296
  endloop
endfacet
facet normal -0.0 1.0 -0.0
  outer loop
    vertex 26.416 -10.9474 -8.2296
    vertex 18.7452 -10.9474 -8.2296
    vertex 19.939 -10.9474 -8.2296
  endloop
endfacet
facet normal -0.0 1.0 -0.0
  outer loop
    vertex 26.416 -10.9474 -8.2296
    vertex 19.939 -10.9474 -8.2296
    vertex 20.32 -10.9474 -8.2296
  endloop
endfacet
facet normal -0.0 1.0 -0.0
  outer loop
    vertex 26.416 -10.9474 -8.2296
    vertex 20.32 -10.9474 -8.2296
    vertex 20.4978 -10.9474 -8.2296
  endloop
endfacet
facet normal -0.0 1.0 -0.0
  outer loop
    vertex 26.416 -10.9474 -8.2296
    vertex 20.4978 -10.9474 -8.2296
    vertex 21.9964 -10.9474 -8.2296
  endloop
endfacet
facet normal -0.0 1.0 -0.0
  outer loop
    vertex 26.416 -10.9474 -8.2296
    vertex 21.9964 -10.9474 -8.2296
    vertex 22.3012 -10.9474 -8.2296
  endloop
endfacet
facet normal -0.0 1.0 -0.0
  outer loop
    vertex 26.416 -10.9474 -8.2296
    vertex 22.3012 -10.9474 -8.2296
    vertex 23.7998 -10.9474 -8.2296
  endloop
endfacet
facet normal -0.0 1.0 -0.0
  outer loop
    vertex 26.416 -10.9474 -8.2296
    vertex 23.7998 -10.9474 -8.2296
    vertex 25.0698 -10.9474 -8.2296
  endloop
endfacet
facet normal -0.0 1.0 -0.0
  outer loop
    vertex 26.416 -10.9474 -8.2296
    vertex 25.0698 -10.9474 -8.2296
    vertex 25.4 -10.9474 -8.2296
  endloop
endfacet
facet normal -0.0 1.0 -0.0
  outer loop
    vertex 26.416 -10.9474 -8.2296
    vertex 25.4 -10.9474 -8.2296
    vertex 26.0604 -10.9474 -8.2296
  endloop
endfacet
facet normal -0.0 1.0 -0.0
  outer loop
    vertex 31.75 -10.9474 -6.3246
    vertex 26.416 -10.9474 -8.2296
    vertex 27.4574 -10.9474 -6.1976
  endloop
endfacet
facet normal -0.0 1.0 -0.0
  outer loop
    vertex 31.75 -10.9474 -6.3246
    vertex 27.4574 -10.9474 -6.1976
    vertex 31.75 -10.9474 6.35
  endloop
endfacet
facet normal -0.0 1.0 -0.0
  outer loop
    vertex 31.75 -10.9474 6.35
    vertex 27.4574 -10.9474 -6.1976
    vertex 27.4574 -10.9474 -5.8166
  endloop
endfacet
facet normal -0.0 1.0 -0.0
  outer loop
    vertex 31.75 -10.9474 6.35
    vertex 27.4574 -10.9474 -5.8166
    vertex 28.5242 -10.9474 -1.9812
  endloop
endfacet
facet normal -0.0 1.0 -0.0
  outer loop
    vertex 28.5242 -10.9474 -1.9812
    vertex 27.4574 -10.9474 -5.8166
    vertex 28.3718 -10.9474 -2.3622
  endloop
endfacet
facet normal -0.0 1.0 -0.0
  outer loop
    vertex 28.3718 -10.9474 -2.3622
    vertex 27.4574 -10.9474 -5.8166
    vertex 28.1178 -10.9474 -2.6924
  endloop
endfacet
facet normal -0.0 1.0 -0.0
  outer loop
    vertex 28.1178 -10.9474 -2.6924
    vertex 27.4574 -10.9474 -5.8166
    vertex 27.7876 -10.9474 -2.9464
  endloop
endfacet
facet normal -0.0 1.0 -0.0
  outer loop
    vertex 27.7876 -10.9474 -2.9464
    vertex 27.4574 -10.9474 -5.8166
    vertex 23.1394 -10.9474 -5.7912
  endloop
endfacet
facet normal -0.0 1.0 -0.0
  outer loop
    vertex 27.7876 -10.9474 -2.9464
    vertex 23.1394 -10.9474 -5.7912
    vertex 27.4066 -10.9474 -3.0988
  endloop
endfacet
facet normal -0.0 1.0 -0.0
  outer loop
    vertex 27.4066 -10.9474 -3.0988
    vertex 23.1394 -10.9474 -5.7912
    vertex 26.9748 -10.9474 -3.1496
  endloop
endfacet
facet normal -0.0 1.0 -0.0
  outer loop
    vertex 26.9748 -10.9474 -3.1496
    vertex 23.1394 -10.9474 -5.7912
    vertex 12.7 -10.9474 -4.6228
  endloop
endfacet
facet normal -0.0 1.0 -0.0
  outer loop
    vertex 26.9748 -10.9474 -3.1496
    vertex 12.7 -10.9474 -4.6228
    vertex 14.732 -10.9474 -3.8354
  endloop
endfacet
facet normal -0.0 1.0 -0.0
  outer loop
    vertex 14.732 -10.9474 -3.8354
    vertex 12.7 -10.9474 -4.6228
    vertex 12.7 -10.9474 -3.8354
  endloop
endfacet
facet normal -0.0 1.0 -0.0
  outer loop
    vertex 26.9748 -10.9474 -3.1496
    vertex 14.732 -10.9474 -3.8354
    vertex 23.7998 -10.9474 -3.1496
  endloop
endfacet
facet normal -0.0 1.0 -0.0
  outer loop
    vertex 31.75 -10.9474 6.35
    vertex 28.5242 -10.9474 -1.9812
    vertex 28.575 -10.9474 -1.5748
  endloop
endfacet
facet normal -0.0 1.0 -0.0
  outer loop
    vertex 31.75 -10.9474 6.35
    vertex 28.575 -10.9474 -1.5748
    vertex 28.575 -10.9474 1.5748
  endloop
endfacet
facet normal -0.0 1.0 -0.0
  outer loop
    vertex 31.75 -10.9474 6.35
    vertex 28.575 -10.9474 1.5748
    vertex 28.5242 -10.9474 1.9812
  endloop
endfacet
facet normal -0.0 1.0 -0.0
  outer loop
    vertex 31.75 -10.9474 6.35
    vertex 28.5242 -10.9474 1.9812
    vertex 28.3718 -10.9474 2.3622
  endloop
endfacet
facet normal -0.0 1.0 -0.0
  outer loop
    vertex 31.75 -10.9474 6.35
    vertex 28.3718 -10.9474 2.3622
    vertex 28.1178 -10.9474 2.6924
  endloop
endfacet
facet normal -0.0 1.0 -0.0
  outer loop
    vertex 31.75 -10.9474 6.35
    vertex 28.1178 -10.9474 2.6924
    vertex 27.7876 -10.9474 2.9464
  endloop
endfacet
facet normal -0.0 1.0 -0.0
  outer loop
    vertex 31.75 -10.9474 6.35
    vertex 27.7876 -10.9474 2.9464
    vertex 27.4066 -10.9474 3.0988
  endloop
endfacet
facet normal -0.0 1.0 -0.0
  outer loop
    vertex 31.75 -10.9474 6.35
    vertex 27.4066 -10.9474 3.0988
    vertex 27.0002 -10.9474 3.175
  endloop
endfacet
facet normal -0.0 1.0 -0.0
  outer loop
    vertex 21.844 -10.9474 -6.1722
    vertex 22.3774 -10.9474 -6.2738
    vertex 21.8694 -10.9474 -6.2992
  endloop
endfacet
facet normal -0.0 1.0 -0.0
  outer loop
    vertex 22.3774 -10.9474 -6.2738
    vertex 21.844 -10.9474 -6.1722
    vertex 22.352 -10.9474 -5.9182
  endloop
endfacet
facet normal -0.0 1.0 -0.0
  outer loop
    vertex 22.352 -10.9474 -5.9182
    vertex 21.844 -10.9474 -6.1722
    vertex 21.7932 -10.9474 -6.0452
  endloop
endfacet
facet normal -0.0 1.0 -0.0
  outer loop
    vertex 22.352 -10.9474 -5.9182
    vertex 21.7932 -10.9474 -6.0452
    vertex 21.6916 -10.9474 -5.9436
  endloop
endfacet
facet normal -0.0 1.0 -0.0
  outer loop
    vertex 22.352 -10.9474 -5.9182
    vertex 21.6916 -10.9474 -5.9436
    vertex 21.59 -10.9474 -5.8674
  endloop
endfacet
facet normal -0.0 1.0 -0.0
  outer loop
    vertex 22.352 -10.9474 -5.9182
    vertex 21.59 -10.9474 -5.8674
    vertex 22.6314 -10.9474 -5.8166
  endloop
endfacet
facet normal -0.0 1.0 -0.0
  outer loop
    vertex 22.6314 -10.9474 -5.8166
    vertex 21.59 -10.9474 -5.8674
    vertex 21.463 -10.9474 -5.8166
  endloop
endfacet
facet normal -0.0 1.0 -0.0
  outer loop
    vertex 22.6314 -10.9474 -5.8166
    vertex 21.463 -10.9474 -5.8166
    vertex 21.336 -10.9474 -5.7912
  endloop
endfacet
facet normal -0.0 1.0 -0.0
  outer loop
    vertex 22.6314 -10.9474 -5.8166
    vertex 21.336 -10.9474 -5.7912
    vertex 22.8092 -10.9474 -5.7912
  endloop
endfacet
facet normal -0.0 1.0 -0.0
  outer loop
    vertex 25.4 -10.9474 -5.8166
    vertex 25.6794 -10.9474 -7.1628
    vertex 25.4 -10.9474 -7.1628
  endloop
endfacet
facet normal -0.0 1.0 -0.0
  outer loop
    vertex 25.6794 -10.9474 -7.1628
    vertex 25.4 -10.9474 -5.8166
    vertex 25.9334 -10.9474 -6.1214
  endloop
endfacet
facet normal -0.0 1.0 -0.0
  outer loop
    vertex 25.9334 -10.9474 -6.1214
    vertex 25.4 -10.9474 -5.8166
    vertex 25.9334 -10.9474 -5.8166
  endloop
endfacet
facet normal -0.0 1.0 -0.0
  outer loop
    vertex 19.558 -10.9474 -7.0104
    vertex 20.4978 -10.9474 -8.2296
    vertex 20.32 -10.9474 -8.2296
  endloop
endfacet
facet normal -0.0 1.0 -0.0
  outer loop
    vertex 20.4978 -10.9474 -8.2296
    vertex 19.558 -10.9474 -7.0104
    vertex 20.4978 -10.9474 -7.8994
  endloop
endfacet
facet normal -0.0 1.0 -0.0
  outer loop
    vertex 20.4978 -10.9474 -7.8994
    vertex 19.558 -10.9474 -7.0104
    vertex 20.8026 -10.9474 -7.62
  endloop
endfacet
facet normal -0.0 1.0 -0.0
  outer loop
    vertex 20.8026 -10.9474 -7.62
    vertex 19.558 -10.9474 -7.0104
    vertex 21.082 -10.9474 -7.3152
  endloop
endfacet
facet normal -0.0 1.0 -0.0
  outer loop
    vertex 21.082 -10.9474 -7.3152
    vertex 19.558 -10.9474 -7.0104
    vertex 21.3106 -10.9474 -7.0358
  endloop
endfacet
facet normal -0.0 1.0 -0.0
  outer loop
    vertex 21.3106 -10.9474 -7.0358
    vertex 19.558 -10.9474 -7.0104
    vertex 21.463 -10.9474 -6.8326
  endloop
endfacet
facet normal -0.0 1.0 -0.0
  outer loop
    vertex 21.463 -10.9474 -6.8326
    vertex 19.558 -10.9474 -7.0104
    vertex 20.574 -10.9474 -6.2738
  endloop
endfacet
facet normal -0.0 1.0 -0.0
  outer loop
    vertex 20.574 -10.9474 -6.2738
    vertex 19.558 -10.9474 -7.0104
    vertex 20.32 -10.9474 -5.8166
  endloop
endfacet
facet normal -0.0 1.0 -0.0
  outer loop
    vertex 21.463 -10.9474 -6.8326
    vertex 20.574 -10.9474 -6.2738
    vertex 21.5392 -10.9474 -6.6548
  endloop
endfacet
facet normal -0.0 1.0 -0.0
  outer loop
    vertex 21.5392 -10.9474 -6.6548
    vertex 20.574 -10.9474 -6.2738
    vertex 21.5646 -10.9474 -6.4516
  endloop
endfacet
facet normal -0.0 1.0 -0.0
  outer loop
    vertex 20.574 -10.9474 -6.2738
    vertex 20.32 -10.9474 -5.8166
    vertex 20.5486 -10.9474 -5.9182
  endloop
endfacet
facet normal -0.0 1.0 -0.0
  outer loop
    vertex 20.5486 -10.9474 -5.9182
    vertex 20.32 -10.9474 -5.8166
    vertex 20.828 -10.9474 -5.8166
  endloop
endfacet
facet normal -0.0 1.0 -0.0
  outer loop
    vertex 19.9644 -10.9474 -5.8166
    vertex 19.3802 -10.9474 -6.7818
    vertex 18.796 -10.9474 -5.8166
  endloop
endfacet
facet normal -0.0 1.0 -0.0
  outer loop
    vertex 17.6276 -10.9474 -7.0104
    vertex 18.415 -10.9474 -8.2296
    vertex 18.3896 -10.9474 -8.2296
  endloop
endfacet
facet normal -0.0 1.0 -0.0
  outer loop
    vertex 18.415 -10.9474 -8.2296
    vertex 17.6276 -10.9474 -7.0104
    vertex 19.177 -10.9474 -7.0358
  endloop
endfacet
facet normal -0.0 1.0 -0.0
  outer loop
    vertex 19.177 -10.9474 -7.0358
    vertex 17.6276 -10.9474 -7.0104
    vertex 18.4404 -10.9474 -5.8166
  endloop
endfacet
facet normal -0.0 1.0 -0.0
  outer loop
    vertex 18.4404 -10.9474 -5.8166
    vertex 17.6276 -10.9474 -7.0104
    vertex 18.3896 -10.9474 -5.8166
  endloop
endfacet
facet normal -0.0 1.0 -0.0
  outer loop
    vertex 18.034 -10.9474 -5.8166
    vertex 17.4498 -10.9474 -6.7818
    vertex 16.8656 -10.9474 -5.8166
  endloop
endfacet
facet normal -0.0 1.0 -0.0
  outer loop
    vertex 25.4 -10.9474 -7.4168
    vertex 26.0604 -10.9474 -8.2296
    vertex 25.4 -10.9474 -8.2296
  endloop
endfacet
facet normal -0.0 1.0 -0.0
  outer loop
    vertex 26.0604 -10.9474 -8.2296
    vertex 25.4 -10.9474 -7.4168
    vertex 25.6794 -10.9474 -7.4168
  endloop
endfacet
facet normal -0.0 1.0 -0.0
  outer loop
    vertex 26.0604 -10.9474 -8.2296
    vertex 25.6794 -10.9474 -7.4168
    vertex 27.178 -10.9474 -6.1214
  endloop
endfacet
facet normal -0.0 1.0 -0.0
  outer loop
    vertex 27.178 -10.9474 -6.1214
    vertex 25.6794 -10.9474 -7.4168
    vertex 25.6794 -10.9474 -7.1628
  endloop
endfacet
facet normal -0.0 1.0 -0.0
  outer loop
    vertex 27.178 -10.9474 -6.1214
    vertex 25.6794 -10.9474 -7.1628
    vertex 25.9334 -10.9474 -6.1214
  endloop
endfacet
facet normal -0.0 1.0 -0.0
  outer loop
    vertex 23.7998 -10.9474 -7.9756
    vertex 25.0698 -10.9474 -8.2296
    vertex 23.7998 -10.9474 -8.2296
  endloop
endfacet
facet normal -0.0 1.0 -0.0
  outer loop
    vertex 25.0698 -10.9474 -8.2296
    vertex 23.7998 -10.9474 -7.9756
    vertex 25.0698 -10.9474 -7.4168
  endloop
endfacet
facet normal -0.0 1.0 -0.0
  outer loop
    vertex 25.0698 -10.9474 -7.4168
    vertex 23.7998 -10.9474 -7.9756
    vertex 22.9108 -10.9474 -7.6708
  endloop
endfacet
facet normal -0.0 1.0 -0.0
  outer loop
    vertex 25.0698 -10.9474 -7.4168
    vertex 22.9108 -10.9474 -7.6708
    vertex 24.003 -10.9474 -7.4168
  endloop
endfacet
facet normal -0.0 1.0 -0.0
  outer loop
    vertex 21.9964 -10.9474 -7.9756
    vertex 22.3012 -10.9474 -8.2296
    vertex 21.9964 -10.9474 -8.2296
  endloop
endfacet
facet normal -0.0 1.0 -0.0
  outer loop
    vertex 22.3012 -10.9474 -8.2296
    vertex 21.9964 -10.9474 -7.9756
    vertex 22.3012 -10.9474 -7.8994
  endloop
endfacet
facet normal 0.609710760849696 0.0 -0.792623989104598
  outer loop
    vertex 28.1178 -9.3218 -2.6924
    vertex 27.7876 -10.9474 -2.9464
    vertex 27.7876 -9.3218 -2.9464
  endloop
endfacet
facet normal 0.609710760849696 0.0 -0.792623989104598
  outer loop
    vertex 27.7876 -10.9474 -2.9464
    vertex 28.1178 -9.3218 -2.6924
    vertex 28.1178 -10.9474 -2.6924
  endloop
endfacet
facet normal 0.371390676354101 3.07207167163089e-018 -0.928476690885261
  outer loop
    vertex 27.7876 -9.3218 -2.9464
    vertex 27.4066 -10.9474 -3.0988
    vertex 27.4066 -9.3218 -3.0988
  endloop
endfacet
facet normal 0.371390676354101 3.07207167163089e-018 -0.928476690885261
  outer loop
    vertex 27.4066 -10.9474 -3.0988
    vertex 27.7876 -9.3218 -2.9464
    vertex 27.7876 -10.9474 -2.9464
  endloop
endfacet
facet normal 0.116841052853242 -0.0018256414508317 -0.993148949252547
  outer loop
    vertex 27.4066 -10.9474 -3.0988
    vertex 26.9748 -10.9474 -3.1496
    vertex 27.0002 -9.3218 -3.1496
  endloop
endfacet
facet normal 0.124034734589208 -7.04492301649613e-018 -0.992277876713668
  outer loop
    vertex 27.4066 -10.9474 -3.0988
    vertex 27.0002 -9.3218 -3.1496
    vertex 27.4066 -9.3218 -3.0988
  endloop
endfacet
facet normal 0.0 0.0 -1.0
  outer loop
    vertex 23.8252 -9.3218 -3.1496
    vertex 26.9748 -10.9474 -3.1496
    vertex 23.7998 -10.9474 -3.1496
  endloop
endfacet
facet normal 0.0 0.0 -1.0
  outer loop
    vertex 26.9748 -10.9474 -3.1496
    vertex 23.8252 -9.3218 -3.1496
    vertex 27.0002 -9.3218 -3.1496
  endloop
endfacet
facet normal -0.124034734589208 0.0 -0.992277876713668
  outer loop
    vertex 23.7998 -10.9474 -3.1496
    vertex 23.3934 -10.9474 -3.0988
    vertex 23.3934 -9.3218 -3.0988
  endloop
endfacet
facet normal -0.116841052853242 0.0018256414508317 -0.993148949252547
  outer loop
    vertex 23.8252 -9.3218 -3.1496
    vertex 23.7998 -10.9474 -3.1496
    vertex 23.3934 -9.3218 -3.0988
  endloop
endfacet
facet normal -0.371390676354103 3.07207167163032e-018 -0.92847669088526
  outer loop
    vertex 23.3934 -9.3218 -3.0988
    vertex 23.0124 -10.9474 -2.9464
    vertex 23.0124 -9.3218 -2.9464
  endloop
endfacet
facet normal -0.371390676354103 3.07207167163032e-018 -0.92847669088526
  outer loop
    vertex 23.0124 -10.9474 -2.9464
    vertex 23.3934 -9.3218 -3.0988
    vertex 23.3934 -10.9474 -3.0988
  endloop
endfacet
facet normal 0.0 -0.992277876713668 -0.124034734589209
  outer loop
    vertex 12.7 -5.5372 1.2192
    vertex 2.032 -5.3848 0.0
    vertex 12.7 -5.3848 0.0
  endloop
endfacet
facet normal 0.0 -0.992277876713668 -0.124034734589209
  outer loop
    vertex 2.032 -5.3848 0.0
    vertex 12.7 -5.5372 1.2192
    vertex 2.032 -5.5372 1.2192
  endloop
endfacet
facet normal 0.514495755427527 0.0 -0.857492925712544
  outer loop
    vertex 22.606 -10.6934 -6.1214
    vertex 22.479 -10.9474 -6.1976
    vertex 22.479 -10.6934 -6.1976
  endloop
endfacet
facet normal 0.514495755427527 0.0 -0.857492925712544
  outer loop
    vertex 22.479 -10.9474 -6.1976
    vertex 22.606 -10.6934 -6.1214
    vertex 22.606 -10.9474 -6.1214
  endloop
endfacet
facet normal 0.0 -0.993883734673619 0.110431526074847
  outer loop
    vertex 2.032 -5.7912 0.4318
    vertex 0.0 -5.8166 0.2032
    vertex 2.032 -5.8166 0.2032
  endloop
endfacet
facet normal 0.0 -0.993883734673619 0.110431526074847
  outer loop
    vertex 0.0 -5.8166 0.2032
    vertex 2.032 -5.7912 0.4318
    vertex 0.0 -5.7912 0.4318
  endloop
endfacet
facet normal -0.0 1.0 -0.0
  outer loop
    vertex 1.016 -9.3218 5.7658
    vertex 3.302 -9.3218 4.6482
    vertex 1.016 -9.3218 4.6482
  endloop
endfacet
facet normal -0.0 1.0 -0.0
  outer loop
    vertex 3.302 -9.3218 4.6482
    vertex 1.016 -9.3218 5.7658
    vertex 3.302 -9.3218 5.7658
  endloop
endfacet
facet normal 1.43804965702091e-017 0.388057000058133 0.921635375138065
  outer loop
    vertex 14.732 -9.1186 3.8354
    vertex 12.7 -8.1534 3.429
    vertex 12.7 -9.1186 3.8354
  endloop
endfacet
facet normal 1.43804965702091e-017 0.388057000058133 0.921635375138065
  outer loop
    vertex 12.7 -8.1534 3.429
    vertex 14.732 -9.1186 3.8354
    vertex 14.732 -8.1534 3.429
  endloop
endfacet
facet normal 0.17804800691415 0.907459377599198 0.380547480928695
  outer loop
    vertex 19.05 -7.3914 1.6002
    vertex 19.05 -7.0612 0.8128
    vertex 14.732 -6.2992 1.016
  endloop
endfacet
facet normal 0.177741760688392 0.906960327051355 0.381878032442676
  outer loop
    vertex 14.732 -6.7056 1.9812
    vertex 19.05 -7.3914 1.6002
    vertex 14.732 -6.2992 1.016
  endloop
endfacet
facet normal -0.989949493661167 0.0 -0.14142135623731
  outer loop
    vertex 21.5392 -10.6934 -6.2738
    vertex 21.5646 -10.9474 -6.4516
    vertex 21.5392 -10.9474 -6.2738
  endloop
endfacet
facet normal -0.989949493661167 0.0 -0.14142135623731
  outer loop
    vertex 21.5646 -10.9474 -6.4516
    vertex 21.5392 -10.6934 -6.2738
    vertex 21.5646 -10.6934 -6.4516
  endloop
endfacet
facet normal -0.992277876713668 0.0 0.124034734589208
  outer loop
    vertex 21.5646 -10.6934 -6.4516
    vertex 21.5392 -10.9474 -6.6548
    vertex 21.5646 -10.9474 -6.4516
  endloop
endfacet
facet normal -0.992277876713668 0.0 0.124034734589208
  outer loop
    vertex 21.5392 -10.9474 -6.6548
    vertex 21.5646 -10.6934 -6.4516
    vertex 21.5392 -10.6934 -6.6548
  endloop
endfacet
facet normal -0.0 0.615644041972315 0.788024373724563
  outer loop
    vertex 10.16 -8.1534 3.429
    vertex 0.0 -7.3406 2.794
    vertex 0.0 -8.1534 3.429
  endloop
endfacet
facet normal -0.0 0.615644041972315 0.788024373724563
  outer loop
    vertex 0.0 -7.3406 2.794
    vertex 10.16 -8.1534 3.429
    vertex 10.16 -7.3406 2.794
  endloop
endfacet
facet normal 0.0 0.581238193719097 -0.813733471206735
  outer loop
    vertex 2.032 -13.335 2.8956
    vertex 0.0 -13.5128 2.7686
    vertex 0.0 -13.335 2.8956
  endloop
endfacet
facet normal 0.0 0.581238193719097 -0.813733471206735
  outer loop
    vertex 0.0 -13.5128 2.7686
    vertex 2.032 -13.335 2.8956
    vertex 2.032 -13.5128 2.7686
  endloop
endfacet
facet normal 1.43804965702091e-017 0.388057000058133 -0.921635375138065
  outer loop
    vertex 14.732 -8.1534 -3.4036
    vertex 12.7 -9.1186 -3.81
    vertex 12.7 -8.1534 -3.4036
  endloop
endfacet
facet normal 1.43804965702091e-017 0.388057000058133 -0.921635375138065
  outer loop
    vertex 12.7 -9.1186 -3.81
    vertex 14.732 -8.1534 -3.4036
    vertex 14.732 -9.1186 -3.81
  endloop
endfacet
facet normal -1.0 0.0 0.0
  outer loop
    vertex 1.016 -9.3218 5.7658
    vertex 1.016 -10.9474 4.6482
    vertex 1.016 -10.9474 5.7658
  endloop
endfacet
facet normal -1.0 0.0 0.0
  outer loop
    vertex 1.016 -10.9474 4.6482
    vertex 1.016 -9.3218 5.7658
    vertex 1.016 -10.1346 4.7498
  endloop
endfacet
facet normal -1.0 0.0 0.0
  outer loop
    vertex 1.016 -10.1346 4.7498
    vertex 1.016 -9.3218 5.7658
    vertex 1.016 -9.3218 4.6482
  endloop
endfacet
facet normal 0.752576694706876 -0.0 -0.658504607868521
  outer loop
    vertex 23.2664 -10.6934 -7.3406
    vertex 23.4442 -10.9474 -7.1374
    vertex 23.2664 -10.9474 -7.3406
  endloop
endfacet
facet normal 0.752576694706876 -0.0 -0.658504607868521
  outer loop
    vertex 23.4442 -10.9474 -7.1374
    vertex 23.2664 -10.6934 -7.3406
    vertex 23.4442 -10.6934 -7.1374
  endloop
endfacet
facet normal -0.0 0.813733471206734 0.581238193719098
  outer loop
    vertex 0.0 -12.8016 -3.5306
    vertex 2.8448 -12.6746 -3.7084
    vertex 0.0 -12.6746 -3.7084
  endloop
endfacet
facet normal -0.0 0.813733471206734 0.581238193719098
  outer loop
    vertex 2.8448 -12.6746 -3.7084
    vertex 0.0 -12.8016 -3.5306
    vertex 2.8448 -12.8016 -3.5306
  endloop
endfacet
facet normal 0.889933250556876 -0.0 -0.456090790910398
  outer loop
    vertex 26.416 -10.6934 -8.2296
    vertex 27.4574 -10.9474 -6.1976
    vertex 26.416 -10.9474 -8.2296
  endloop
endfacet
facet normal 0.889933250556876 -0.0 -0.456090790910398
  outer loop
    vertex 27.4574 -10.9474 -6.1976
    vertex 26.416 -10.6934 -8.2296
    vertex 27.4574 -10.6934 -6.1976
  endloop
endfacet
facet normal -0.0 0.894427190999916 0.447213595499958
  outer loop
    vertex 0.0 -12.5984 -3.8862
    vertex 2.8448 -12.4968 -4.0894
    vertex 0.0 -12.4968 -4.0894
  endloop
endfacet
facet normal -0.0 0.894427190999916 0.447213595499958
  outer loop
    vertex 2.8448 -12.4968 -4.0894
    vertex 0.0 -12.5984 -3.8862
    vertex 2.8448 -12.5984 -3.8862
  endloop
endfacet
facet normal 6.57394128923801e-018 0.921635375138065 -0.388057000058133
  outer loop
    vertex 12.7 -6.2992 -0.9906
    vertex 14.732 -6.7056 -1.9558
    vertex 12.7 -6.7056 -1.9558
  endloop
endfacet
facet normal 6.57394128923801e-018 0.921635375138065 -0.388057000058133
  outer loop
    vertex 14.732 -6.7056 -1.9558
    vertex 12.7 -6.2992 -0.9906
    vertex 14.732 -6.2992 -0.9906
  endloop
endfacet
facet normal 0.0 -0.650791373455969 -0.759256602365297
  outer loop
    vertex 2.8448 -6.7564 2.7686
    vertex 0.0 -6.9342 2.921
    vertex 0.0 -6.7564 2.7686
  endloop
endfacet
facet normal 0.0 -0.650791373455969 -0.759256602365297
  outer loop
    vertex 0.0 -6.9342 2.921
    vertex 2.8448 -6.7564 2.7686
    vertex 2.8448 -6.9342 2.921
  endloop
endfacet
facet normal -0.85591554194579 0.0 -0.517115639925582
  outer loop
    vertex 16.51 -10.6934 -5.8166
    vertex 17.2466 -10.9474 -7.0358
    vertex 16.51 -10.9474 -5.8166
  endloop
endfacet
facet normal -0.85591554194579 0.0 -0.517115639925582
  outer loop
    vertex 17.2466 -10.9474 -7.0358
    vertex 16.51 -10.6934 -5.8166
    vertex 17.2466 -10.6934 -7.0358
  endloop
endfacet
facet normal -0.0 -0.0 1.0
  outer loop
    vertex 1.2192 -9.9568 -4.318
    vertex 0.0 -9.7028 -4.318
    vertex 0.0 -9.9568 -4.318
  endloop
endfacet
facet normal -0.0 -0.0 1.0
  outer loop
    vertex 0.0 -9.7028 -4.318
    vertex 1.2192 -9.9568 -4.318
    vertex 1.2192 -9.7028 -4.318
  endloop
endfacet
facet normal -0.0 0.991881664685851 -0.127164315985366
  outer loop
    vertex 0.0 -6.1722 0.0
    vertex 10.16 -6.2992 -0.9906
    vertex 0.0 -6.2992 -0.9906
  endloop
endfacet
facet normal -0.0 0.991881664685851 -0.127164315985366
  outer loop
    vertex 10.16 -6.2992 -0.9906
    vertex 0.0 -6.1722 0.0
    vertex 10.16 -6.1722 0.0
  endloop
endfacet
facet normal -0.0 -0.393919298579168 0.919145030018058
  outer loop
    vertex 2.8448 -6.4008 -2.5146
    vertex 0.0 -6.223 -2.4384
    vertex 0.0 -6.4008 -2.5146
  endloop
endfacet
facet normal -0.0 -0.393919298579168 0.919145030018058
  outer loop
    vertex 0.0 -6.223 -2.4384
    vertex 2.8448 -6.4008 -2.5146
    vertex 2.8448 -6.223 -2.4384
  endloop
endfacet
facet normal -0.707106781186548 0.0 -0.707106781186548
  outer loop
    vertex 28.575 -9.3218 9.525
    vertex 31.75 -10.9474 6.35
    vertex 28.575 -10.9474 9.525
  endloop
endfacet
facet normal -0.707106781186548 0.0 -0.707106781186548
  outer loop
    vertex 31.75 -10.9474 6.35
    vertex 28.575 -9.3218 9.525
    vertex 31.75 -9.3218 6.35
  endloop
endfacet
facet normal -0.0 0.894427190999915 -0.447213595499959
  outer loop
    vertex 0.0 -12.6746 3.7338
    vertex 2.0066 -12.7762 3.5306
    vertex 0.0 -12.7762 3.5306
  endloop
endfacet
facet normal -0.0 0.894427190999915 -0.447213595499959
  outer loop
    vertex 2.0066 -12.7762 3.5306
    vertex 0.0 -12.6746 3.7338
    vertex 2.0066 -12.6746 3.7338
  endloop
endfacet
facet normal -0.0 1.0 -0.0
  outer loop
    vertex 22.352 -10.6934 -5.9182
    vertex 22.479 -10.6934 -6.1976
    vertex 22.3774 -10.6934 -6.2738
  endloop
endfacet
facet normal -0.0 1.0 -0.0
  outer loop
    vertex 22.479 -10.6934 -6.1976
    vertex 22.352 -10.6934 -5.9182
    vertex 22.606 -10.6934 -6.1214
  endloop
endfacet
facet normal -0.0 1.0 -0.0
  outer loop
    vertex 22.606 -10.6934 -6.1214
    vertex 22.352 -10.6934 -5.9182
    vertex 22.9616 -10.6934 -6.0452
  endloop
endfacet
facet normal -0.0 1.0 -0.0
  outer loop
    vertex 22.9616 -10.6934 -6.0452
    vertex 22.352 -10.6934 -5.9182
    vertex 23.5966 -10.6934 -6.0452
  endloop
endfacet
facet normal -0.0 1.0 -0.0
  outer loop
    vertex 23.5966 -10.6934 -6.0452
    vertex 22.352 -10.6934 -5.9182
    vertex 23.5204 -10.6934 -5.9436
  endloop
endfacet
facet normal -0.0 1.0 -0.0
  outer loop
    vertex 23.5204 -10.6934 -5.9436
    vertex 22.352 -10.6934 -5.9182
    vertex 23.4188 -10.6934 -5.8674
  endloop
endfacet
facet normal -0.0 1.0 -0.0
  outer loop
    vertex 23.4188 -10.6934 -5.8674
    vertex 22.352 -10.6934 -5.9182
    vertex 22.6314 -10.6934 -5.8166
  endloop
endfacet
facet normal -0.0 1.0 -0.0
  outer loop
    vertex 23.4188 -10.6934 -5.8674
    vertex 22.6314 -10.6934 -5.8166
    vertex 23.2918 -10.6934 -5.8166
  endloop
endfacet
facet normal -0.0 1.0 -0.0
  outer loop
    vertex 23.2918 -10.6934 -5.8166
    vertex 22.6314 -10.6934 -5.8166
    vertex 22.8092 -10.6934 -5.7912
  endloop
endfacet
facet normal -0.0 1.0 -0.0
  outer loop
    vertex 23.2918 -10.6934 -5.8166
    vertex 22.8092 -10.6934 -5.7912
    vertex 23.1394 -10.6934 -5.7912
  endloop
endfacet
facet normal -0.0 1.0 -0.0
  outer loop
    vertex 22.3012 -10.6934 -8.2296
    vertex 22.606 -10.6934 -7.9756
    vertex 23.7998 -10.6934 -8.2296
  endloop
endfacet
facet normal -0.0 1.0 -0.0
  outer loop
    vertex 22.606 -10.6934 -7.9756
    vertex 22.3012 -10.6934 -8.2296
    vertex 22.3012 -10.6934 -7.8994
  endloop
endfacet
facet normal -0.0 1.0 -0.0
  outer loop
    vertex 22.606 -10.6934 -7.9756
    vertex 22.3012 -10.6934 -7.8994
    vertex 22.9108 -10.6934 -7.6708
  endloop
endfacet
facet normal -0.0 1.0 -0.0
  outer loop
    vertex 22.9108 -10.6934 -7.6708
    vertex 22.3012 -10.6934 -7.8994
    vertex 22.606 -10.6934 -7.62
  endloop
endfacet
facet normal -0.0 1.0 -0.0
  outer loop
    vertex 22.9108 -10.6934 -7.6708
    vertex 22.606 -10.6934 -7.62
    vertex 23.2664 -10.6934 -7.3406
  endloop
endfacet
facet normal -0.0 1.0 -0.0
  outer loop
    vertex 23.2664 -10.6934 -7.3406
    vertex 22.606 -10.6934 -7.62
    vertex 22.8854 -10.6934 -7.3152
  endloop
endfacet
facet normal -0.0 1.0 -0.0
  outer loop
    vertex 23.2664 -10.6934 -7.3406
    vertex 22.8854 -10.6934 -7.3152
    vertex 23.4442 -10.6934 -7.1374
  endloop
endfacet
facet normal -0.0 1.0 -0.0
  outer loop
    vertex 23.4442 -10.6934 -7.1374
    vertex 22.8854 -10.6934 -7.3152
    vertex 23.1394 -10.6934 -7.0358
  endloop
endfacet
facet normal -0.0 1.0 -0.0
  outer loop
    vertex 23.4442 -10.6934 -7.1374
    vertex 23.1394 -10.6934 -7.0358
    vertex 23.5712 -10.6934 -6.9342
  endloop
endfacet
facet normal -0.0 1.0 -0.0
  outer loop
    vertex 23.5712 -10.6934 -6.9342
    vertex 23.1394 -10.6934 -7.0358
    vertex 23.2664 -10.6934 -6.8326
  endloop
endfacet
facet normal -0.0 1.0 -0.0
  outer loop
    vertex 23.5712 -10.6934 -6.9342
    vertex 23.2664 -10.6934 -6.8326
    vertex 23.6728 -10.6934 -6.7056
  endloop
endfacet
facet normal -0.0 1.0 -0.0
  outer loop
    vertex 23.6728 -10.6934 -6.7056
    vertex 23.2664 -10.6934 -6.8326
    vertex 23.3426 -10.6934 -6.6548
  endloop
endfacet
facet normal -0.0 1.0 -0.0
  outer loop
    vertex 23.6728 -10.6934 -6.7056
    vertex 23.3426 -10.6934 -6.6548
    vertex 23.6982 -10.6934 -6.4516
  endloop
endfacet
facet normal -0.0 1.0 -0.0
  outer loop
    vertex 23.6982 -10.6934 -6.4516
    vertex 23.3426 -10.6934 -6.6548
    vertex 23.368 -10.6934 -6.4516
  endloop
endfacet
facet normal -0.0 1.0 -0.0
  outer loop
    vertex 23.6982 -10.6934 -6.4516
    vertex 23.368 -10.6934 -6.4516
    vertex 23.3426 -10.6934 -6.2738
  endloop
endfacet
facet normal -0.0 1.0 -0.0
  outer loop
    vertex 23.6982 -10.6934 -6.4516
    vertex 23.3426 -10.6934 -6.2738
    vertex 23.6982 -10.6934 -6.2992
  endloop
endfacet
facet normal -0.0 1.0 -0.0
  outer loop
    vertex 23.6982 -10.6934 -6.2992
    vertex 23.3426 -10.6934 -6.2738
    vertex 23.5966 -10.6934 -6.0452
  endloop
endfacet
facet normal -0.0 1.0 -0.0
  outer loop
    vertex 23.5966 -10.6934 -6.0452
    vertex 23.3426 -10.6934 -6.2738
    vertex 23.241 -10.6934 -6.1468
  endloop
endfacet
facet normal -0.0 1.0 -0.0
  outer loop
    vertex 23.5966 -10.6934 -6.0452
    vertex 23.241 -10.6934 -6.1468
    vertex 23.114 -10.6934 -6.0706
  endloop
endfacet
facet normal -0.0 1.0 -0.0
  outer loop
    vertex 23.5966 -10.6934 -6.0452
    vertex 23.114 -10.6934 -6.0706
    vertex 22.9616 -10.6934 -6.0452
  endloop
endfacet
facet normal -0.0 1.0 -0.0
  outer loop
    vertex 23.7998 -10.6934 -7.9756
    vertex 23.7998 -10.6934 -8.2296
    vertex 22.606 -10.6934 -7.9756
  endloop
endfacet
facet normal -6.57394128923801e-018 -0.921635375138065 0.388057000058133
  outer loop
    vertex 14.732 -13.5636 1.9812
    vertex 12.7 -13.97 1.016
    vertex 14.732 -13.97 1.016
  endloop
endfacet
facet normal -6.57394128923801e-018 -0.921635375138065 0.388057000058133
  outer loop
    vertex 12.7 -13.97 1.016
    vertex 14.732 -13.5636 1.9812
    vertex 12.7 -13.5636 1.9812
  endloop
endfacet
facet normal -0.0 -0.351123441588392 0.936329177569045
  outer loop
    vertex 2.8448 -6.223 -2.4384
    vertex 0.0 -6.0198 -2.3622
    vertex 0.0 -6.223 -2.4384
  endloop
endfacet
facet normal -0.0 -0.351123441588392 0.936329177569045
  outer loop
    vertex 0.0 -6.0198 -2.3622
    vertex 2.8448 -6.223 -2.4384
    vertex 2.8448 -6.0198 -2.3622
  endloop
endfacet
facet normal -0.0 1.0 -0.0
  outer loop
    vertex 17.2466 -10.6934 -7.0358
    vertex 16.8148 -10.6934 -8.2296
    vertex 16.4846 -10.6934 -8.2296
  endloop
endfacet
facet normal -0.0 1.0 -0.0
  outer loop
    vertex 16.8148 -10.6934 -8.2296
    vertex 17.2466 -10.6934 -7.0358
    vertex 17.4244 -10.6934 -7.2644
  endloop
endfacet
facet normal -0.0 1.0 -0.0
  outer loop
    vertex 17.4244 -10.6934 -7.2644
    vertex 18.3896 -10.6934 -8.2296
    vertex 18.0086 -10.6934 -8.2296
  endloop
endfacet
facet normal -0.0 1.0 -0.0
  outer loop
    vertex 18.3896 -10.6934 -8.2296
    vertex 17.4244 -10.6934 -7.2644
    vertex 17.6276 -10.6934 -7.0104
  endloop
endfacet
facet normal -0.0 1.0 -0.0
  outer loop
    vertex 17.6276 -10.6934 -7.0104
    vertex 17.4244 -10.6934 -7.2644
    vertex 17.2466 -10.6934 -7.0358
  endloop
endfacet
facet normal -0.0 1.0 -0.0
  outer loop
    vertex 17.6276 -10.6934 -7.0104
    vertex 17.2466 -10.6934 -7.0358
    vertex 16.51 -10.6934 -5.8166
  endloop
endfacet
facet normal -0.0 1.0 -0.0
  outer loop
    vertex 17.6276 -10.6934 -7.0104
    vertex 16.51 -10.6934 -5.8166
    vertex 17.4498 -10.6934 -6.7818
  endloop
endfacet
facet normal -0.0 1.0 -0.0
  outer loop
    vertex 17.4498 -10.6934 -6.7818
    vertex 16.51 -10.6934 -5.8166
    vertex 16.8656 -10.6934 -5.8166
  endloop
endfacet
facet normal -0.0 1.0 -0.0
  outer loop
    vertex 17.4498 -10.6934 -6.7818
    vertex 18.3896 -10.6934 -5.8166
    vertex 17.6276 -10.6934 -7.0104
  endloop
endfacet
facet normal -0.0 1.0 -0.0
  outer loop
    vertex 18.3896 -10.6934 -5.8166
    vertex 17.4498 -10.6934 -6.7818
    vertex 18.034 -10.6934 -5.8166
  endloop
endfacet
facet normal -0.164398987305357 0.0 -0.986393923832144
  outer loop
    vertex 23.114 -10.6934 -6.0706
    vertex 22.9616 -10.9474 -6.0452
    vertex 22.9616 -10.6934 -6.0452
  endloop
endfacet
facet normal -0.164398987305357 0.0 -0.986393923832144
  outer loop
    vertex 22.9616 -10.9474 -6.0452
    vertex 23.114 -10.6934 -6.0706
    vertex 23.114 -10.9474 -6.0706
  endloop
endfacet
facet normal 0.0 -0.351123441588392 -0.936329177569045
  outer loop
    vertex 2.8448 -6.0198 2.3876
    vertex 0.0 -6.223 2.4638
    vertex 0.0 -6.0198 2.3876
  endloop
endfacet
facet normal 0.0 -0.351123441588392 -0.936329177569045
  outer loop
    vertex 0.0 -6.223 2.4638
    vertex 2.8448 -6.0198 2.3876
    vertex 2.8448 -6.223 2.4638
  endloop
endfacet
facet normal -0.0 0.650791373455969 0.759256602365297
  outer loop
    vertex 2.8448 -13.5128 -2.7432
    vertex 0.0 -13.335 -2.8956
    vertex 0.0 -13.5128 -2.7432
  endloop
endfacet
facet normal -0.0 0.650791373455969 0.759256602365297
  outer loop
    vertex 0.0 -13.335 -2.8956
    vertex 2.8448 -13.5128 -2.7432
    vertex 2.8448 -13.335 -2.8956
  endloop
endfacet
facet normal 0.0 -1.0 0.0
  outer loop
    vertex 3.302 -10.9474 5.7658
    vertex 1.016 -10.9474 4.6482
    vertex 3.302 -10.9474 4.6482
  endloop
endfacet
facet normal 0.0 -1.0 0.0
  outer loop
    vertex 1.016 -10.9474 4.6482
    vertex 3.302 -10.9474 5.7658
    vertex 1.016 -10.9474 5.7658
  endloop
endfacet
facet normal -0.0 1.0 -0.0
  outer loop
    vertex 19.177 -10.6934 -7.0358
    vertex 18.7452 -10.6934 -8.2296
    vertex 18.415 -10.6934 -8.2296
  endloop
endfacet
facet normal -0.0 1.0 -0.0
  outer loop
    vertex 18.7452 -10.6934 -8.2296
    vertex 19.177 -10.6934 -7.0358
    vertex 19.3548 -10.6934 -7.2644
  endloop
endfacet
facet normal -0.0 1.0 -0.0
  outer loop
    vertex 19.3548 -10.6934 -7.2644
    vertex 20.32 -10.6934 -8.2296
    vertex 19.939 -10.6934 -8.2296
  endloop
endfacet
facet normal -0.0 1.0 -0.0
  outer loop
    vertex 20.32 -10.6934 -8.2296
    vertex 19.3548 -10.6934 -7.2644
    vertex 19.558 -10.6934 -7.0104
  endloop
endfacet
facet normal -0.0 1.0 -0.0
  outer loop
    vertex 19.558 -10.6934 -7.0104
    vertex 19.3548 -10.6934 -7.2644
    vertex 19.177 -10.6934 -7.0358
  endloop
endfacet
facet normal -0.0 1.0 -0.0
  outer loop
    vertex 19.558 -10.6934 -7.0104
    vertex 19.177 -10.6934 -7.0358
    vertex 18.4404 -10.6934 -5.8166
  endloop
endfacet
facet normal -0.0 1.0 -0.0
  outer loop
    vertex 19.558 -10.6934 -7.0104
    vertex 18.4404 -10.6934 -5.8166
    vertex 19.3802 -10.6934 -6.7818
  endloop
endfacet
facet normal -0.0 1.0 -0.0
  outer loop
    vertex 19.3802 -10.6934 -6.7818
    vertex 18.4404 -10.6934 -5.8166
    vertex 18.796 -10.6934 -5.8166
  endloop
endfacet
facet normal -0.0 1.0 -0.0
  outer loop
    vertex 19.3802 -10.6934 -6.7818
    vertex 20.32 -10.6934 -5.8166
    vertex 19.558 -10.6934 -7.0104
  endloop
endfacet
facet normal -0.0 1.0 -0.0
  outer loop
    vertex 20.32 -10.6934 -5.8166
    vertex 19.3802 -10.6934 -6.7818
    vertex 19.9644 -10.6934 -5.8166
  endloop
endfacet
facet normal -0.0 -0.124034734589209 0.992277876713668
  outer loop
    vertex 10.16 -11.1506 3.8354
    vertex 0.0 -10.1346 3.9624
    vertex 0.0 -11.1506 3.8354
  endloop
endfacet
facet normal -0.0 -0.124034734589209 0.992277876713668
  outer loop
    vertex 0.0 -10.1346 3.9624
    vertex 10.16 -11.1506 3.8354
    vertex 10.16 -10.1346 3.9624
  endloop
endfacet
facet normal -0.0 -0.0 1.0
  outer loop
    vertex 21.336 -10.9474 -5.7912
    vertex 21.0058 -10.6934 -5.7912
    vertex 21.0058 -10.9474 -5.7912
  endloop
endfacet
facet normal -0.0 -0.0 1.0
  outer loop
    vertex 21.0058 -10.6934 -5.7912
    vertex 21.336 -10.9474 -5.7912
    vertex 21.336 -10.6934 -5.7912
  endloop
endfacet
facet normal 0.600000000000011 0.0 -0.799999999999992
  outer loop
    vertex 20.6756 -10.6934 -6.1976
    vertex 20.574 -10.9474 -6.2738
    vertex 20.574 -10.6934 -6.2738
  endloop
endfacet
facet normal 0.600000000000011 0.0 -0.799999999999992
  outer loop
    vertex 20.574 -10.9474 -6.2738
    vertex 20.6756 -10.6934 -6.1976
    vertex 20.6756 -10.9474 -6.1976
  endloop
endfacet
facet normal 0.707106781186548 -0.0 -0.707106781186548
  outer loop
    vertex 20.8026 -10.6934 -7.9756
    vertex 21.4376 -10.9474 -7.3406
    vertex 20.8026 -10.9474 -7.9756
  endloop
endfacet
facet normal 0.707106781186548 -0.0 -0.707106781186548
  outer loop
    vertex 21.4376 -10.9474 -7.3406
    vertex 20.8026 -10.6934 -7.9756
    vertex 21.4376 -10.6934 -7.3406
  endloop
endfacet
facet normal -0.0 0.788024373724564 -0.615644041972315
  outer loop
    vertex 0.0 -6.7056 -1.9558
    vertex 10.16 -7.3406 -2.7686
    vertex 0.0 -7.3406 -2.7686
  endloop
endfacet
facet normal -0.0 0.788024373724564 -0.615644041972315
  outer loop
    vertex 10.16 -7.3406 -2.7686
    vertex 0.0 -6.7056 -1.9558
    vertex 10.16 -6.7056 -1.9558
  endloop
endfacet
facet normal -0.0 0.768221279597376 -0.64018439966448
  outer loop
    vertex 0.0 -12.7762 3.5306
    vertex 2.0066 -12.9032 3.3782
    vertex 0.0 -12.9032 3.3782
  endloop
endfacet
facet normal -0.0 0.768221279597376 -0.64018439966448
  outer loop
    vertex 2.0066 -12.9032 3.3782
    vertex 0.0 -12.7762 3.5306
    vertex 2.0066 -12.7762 3.5306
  endloop
endfacet
facet normal -0.14142135623731 0.0 -0.989949493661167
  outer loop
    vertex 21.3106 -10.6934 -6.0706
    vertex 21.1328 -10.9474 -6.0452
    vertex 21.1328 -10.6934 -6.0452
  endloop
endfacet
facet normal -0.14142135623731 0.0 -0.989949493661167
  outer loop
    vertex 21.1328 -10.9474 -6.0452
    vertex 21.3106 -10.6934 -6.0706
    vertex 21.3106 -10.9474 -6.0706
  endloop
endfacet
facet normal 0.178053439777047 -0.976422089099932 0.122052761137492
  outer loop
    vertex 19.05 -13.208 0.8128
    vertex 14.732 -14.097 0.0
    vertex 19.05 -13.3096 0.0
  endloop
endfacet
facet normal 0.178053439777047 -0.976422089099932 0.122052761137492
  outer loop
    vertex 14.732 -14.097 0.0
    vertex 19.05 -13.208 0.8128
    vertex 14.732 -13.97 1.016
  endloop
endfacet
facet normal -1.5522191275577e-018 0.124034734589209 0.992277876713668
  outer loop
    vertex 12.7 -11.3538 -4.572
    vertex 1.2192 -10.1346 -4.7244
    vertex 1.2192 -11.3538 -4.572
  endloop
endfacet
facet normal -1.5522191275577e-018 0.124034734589209 0.992277876713668
  outer loop
    vertex 1.2192 -10.1346 -4.7244
    vertex 12.7 -11.3538 -4.572
    vertex 12.7 -10.1346 -4.7244
  endloop
endfacet
facet normal -1.5522191275577e-018 0.124034734589209 0.992277876713668
  outer loop
    vertex 12.7 -10.1346 -4.7244
    vertex 12.7 -11.3538 -4.572
    vertex 12.7 -10.9474 -4.6228
  endloop
endfacet
facet normal -0.0 0.992277876713668 0.124034734589209
  outer loop
    vertex 0.0 -14.5034 0.635
    vertex 0.4064 -14.478 0.4318
    vertex 0.0 -14.478 0.4318
  endloop
endfacet
facet normal -0.0 0.992277876713668 0.124034734589209
  outer loop
    vertex 0.4064 -14.478 0.4318
    vertex 0.0 -14.5034 0.635
    vertex 0.4064 -14.5034 0.635
  endloop
endfacet
facet normal 0.928476690885259 -0.0 0.371390676354104
  outer loop
    vertex 21.844 -10.6934 -6.1722
    vertex 21.7932 -10.9474 -6.0452
    vertex 21.844 -10.9474 -6.1722
  endloop
endfacet
facet normal 0.928476690885259 -0.0 0.371390676354104
  outer loop
    vertex 21.7932 -10.9474 -6.0452
    vertex 21.844 -10.6934 -6.1722
    vertex 21.7932 -10.6934 -6.0452
  endloop
endfacet
facet normal -2.28335809052864e-018 0.609710760849692 0.7926239891046
  outer loop
    vertex 12.7 -13.4874 -3.3274
    vertex 2.8448 -12.4968 -4.0894
    vertex 2.8448 -13.4874 -3.3274
  endloop
endfacet
facet normal -2.28335809052864e-018 0.609710760849692 0.7926239891046
  outer loop
    vertex 2.8448 -12.4968 -4.0894
    vertex 12.7 -13.4874 -3.3274
    vertex 12.7 -12.4968 -4.0894
  endloop
endfacet
facet normal -0.78086880944303 0.0 -0.624695047554424
  outer loop
    vertex 23.241 -10.6934 -6.1468
    vertex 23.3426 -10.9474 -6.2738
    vertex 23.241 -10.9474 -6.1468
  endloop
endfacet
facet normal -0.78086880944303 0.0 -0.624695047554424
  outer loop
    vertex 23.3426 -10.9474 -6.2738
    vertex 23.241 -10.6934 -6.1468
    vertex 23.3426 -10.6934 -6.2738
  endloop
endfacet
facet normal 0.176333447997129 0.768632978449023 0.614906382759219
  outer loop
    vertex 19.05 -7.8994 2.2352
    vertex 19.05 -7.3914 1.6002
    vertex 14.732 -6.7056 1.9812
  endloop
endfacet
facet normal -0.85591554194579 0.0 -0.517115639925582
  outer loop
    vertex 18.4404 -10.6934 -5.8166
    vertex 19.177 -10.9474 -7.0358
    vertex 18.4404 -10.9474 -5.8166
  endloop
endfacet
facet normal -0.85591554194579 0.0 -0.517115639925582
  outer loop
    vertex 19.177 -10.9474 -7.0358
    vertex 18.4404 -10.6934 -5.8166
    vertex 19.177 -10.6934 -7.0358
  endloop
endfacet
facet normal -0.0 0.991949779603849 0.126631886757938
  outer loop
    vertex 0.4064 -14.8844 0.0
    vertex 12.7 -14.732 -1.1938
    vertex 0.4064 -14.732 -1.1938
  endloop
endfacet
facet normal -0.0 0.991949779603849 0.126631886757938
  outer loop
    vertex 12.7 -14.732 -1.1938
    vertex 0.4064 -14.8844 0.0
    vertex 12.7 -14.8844 0.0
  endloop
endfacet
facet normal 0.178013662153888 0.381858959825375 0.906915029585266
  outer loop
    vertex 19.05 -9.3218 3.0734
    vertex 14.732 -8.1534 3.429
    vertex 14.732 -9.1186 3.8354
  endloop
endfacet
facet normal -0.0 -0.14142135623731 0.989949493661167
  outer loop
    vertex 1.2192 -10.3124 -4.318
    vertex 0.0 -10.1346 -4.2926
    vertex 0.0 -10.3124 -4.318
  endloop
endfacet
facet normal -0.0 -0.14142135623731 0.989949493661167
  outer loop
    vertex 0.0 -10.1346 -4.2926
    vertex 1.2192 -10.3124 -4.318
    vertex 1.2192 -10.1346 -4.2926
  endloop
endfacet
facet normal -0.0 1.0 -0.0
  outer loop
    vertex 25.9334 -10.6934 -5.8166
    vertex 27.178 -10.6934 -6.1214
    vertex 25.9334 -10.6934 -6.1214
  endloop
endfacet
facet normal -0.0 1.0 -0.0
  outer loop
    vertex 27.178 -10.6934 -6.1214
    vertex 26.416 -10.6934 -8.2296
    vertex 26.0604 -10.6934 -8.2296
  endloop
endfacet
facet normal -0.0 1.0 -0.0
  outer loop
    vertex 26.416 -10.6934 -8.2296
    vertex 27.178 -10.6934 -6.1214
    vertex 27.4574 -10.6934 -6.1976
  endloop
endfacet
facet normal -0.0 1.0 -0.0
  outer loop
    vertex 27.4574 -10.6934 -6.1976
    vertex 27.178 -10.6934 -6.1214
    vertex 27.4574 -10.6934 -5.8166
  endloop
endfacet
facet normal -0.0 1.0 -0.0
  outer loop
    vertex 27.4574 -10.6934 -5.8166
    vertex 27.178 -10.6934 -6.1214
    vertex 25.9334 -10.6934 -5.8166
  endloop
endfacet
facet normal 1.0 -0.0 -0.0
  outer loop
    vertex 2.8448 -13.4874 -3.3274
    vertex 2.8448 -14.0462 -2.4384
    vertex 2.8448 -14.2494 -2.3622
  endloop
endfacet
facet normal 1.0 -0.0 -0.0
  outer loop
    vertex 2.8448 -14.0462 -2.4384
    vertex 2.8448 -13.4874 -3.3274
    vertex 2.8448 -13.8684 -2.5146
  endloop
endfacet
facet normal 1.0 -0.0 -0.0
  outer loop
    vertex 2.8448 -13.8684 -2.5146
    vertex 2.8448 -13.4874 -3.3274
    vertex 2.8448 -13.6906 -2.6416
  endloop
endfacet
facet normal 1.0 -0.0 -0.0
  outer loop
    vertex 2.8448 -13.6906 -2.6416
    vertex 2.8448 -13.4874 -3.3274
    vertex 2.8448 -13.5128 -2.7432
  endloop
endfacet
facet normal 1.0 -0.0 -0.0
  outer loop
    vertex 2.8448 -13.5128 -2.7432
    vertex 2.8448 -13.4874 -3.3274
    vertex 2.8448 -13.335 -2.8956
  endloop
endfacet
facet normal 1.0 -0.0 -0.0
  outer loop
    vertex 2.8448 -13.335 -2.8956
    vertex 2.8448 -13.4874 -3.3274
    vertex 2.8448 -12.4968 -4.0894
  endloop
endfacet
facet normal 1.0 -0.0 -0.0
  outer loop
    vertex 2.8448 -13.335 -2.8956
    vertex 2.8448 -12.4968 -4.0894
    vertex 2.8448 -13.1826 -3.0226
  endloop
endfacet
facet normal 1.0 -0.0 -0.0
  outer loop
    vertex 2.8448 -13.1826 -3.0226
    vertex 2.8448 -12.4968 -4.0894
    vertex 2.8448 -13.0556 -3.175
  endloop
endfacet
facet normal 1.0 -0.0 -0.0
  outer loop
    vertex 2.8448 -13.0556 -3.175
    vertex 2.8448 -12.4968 -4.0894
    vertex 2.8448 -12.9032 -3.3528
  endloop
endfacet
facet normal 1.0 -0.0 -0.0
  outer loop
    vertex 2.8448 -12.9032 -3.3528
    vertex 2.8448 -12.4968 -4.0894
    vertex 2.8448 -12.8016 -3.5306
  endloop
endfacet
facet normal 1.0 -0.0 -0.0
  outer loop
    vertex 2.8448 -12.8016 -3.5306
    vertex 2.8448 -12.4968 -4.0894
    vertex 2.8448 -12.5984 -3.8862
  endloop
endfacet
facet normal 1.0 -0.0 -0.0
  outer loop
    vertex 2.8448 -12.8016 -3.5306
    vertex 2.8448 -12.5984 -3.8862
    vertex 2.8448 -12.6746 -3.7084
  endloop
endfacet
facet normal 0.94503495955705 0.22950849017813 -0.23288361503369
  outer loop
    vertex 2.032 -12.4968 4.1148
    vertex 2.032 -14.2494 2.3876
    vertex 2.0066 -12.5984 3.9116
  endloop
endfacet
facet normal 0.0 0.615644041972315 -0.788024373724563
  outer loop
    vertex 10.16 -7.3406 -2.7686
    vertex 0.0 -8.1534 -3.4036
    vertex 0.0 -7.3406 -2.7686
  endloop
endfacet
facet normal 0.0 0.615644041972315 -0.788024373724563
  outer loop
    vertex 0.0 -8.1534 -3.4036
    vertex 10.16 -7.3406 -2.7686
    vertex 10.16 -8.1534 -3.4036
  endloop
endfacet
facet normal -0.0 -0.650791373455969 0.759256602365297
  outer loop
    vertex 2.8448 -6.9342 -2.8956
    vertex 0.0 -6.7564 -2.7432
    vertex 0.0 -6.9342 -2.8956
  endloop
endfacet
facet normal -0.0 -0.650791373455969 0.759256602365297
  outer loop
    vertex 0.0 -6.7564 -2.7432
    vertex 2.8448 -6.9342 -2.8956
    vertex 2.8448 -6.7564 -2.7432
  endloop
endfacet
facet normal 0.0 -0.124034734589209 -0.992277876713668
  outer loop
    vertex 10.16 -10.1346 -3.937
    vertex 0.0 -11.1506 -3.81
    vertex 0.0 -10.1346 -3.937
  endloop
endfacet
facet normal 0.0 -0.124034734589209 -0.992277876713668
  outer loop
    vertex 0.0 -11.1506 -3.81
    vertex 10.16 -10.1346 -3.937
    vertex 10.16 -11.1506 -3.81
  endloop
endfacet
facet normal -0.0 -0.0 1.0
  outer loop
    vertex 28.575 -10.9474 -9.4996
    vertex 15.875 -9.3218 -9.4996
    vertex 15.875 -10.9474 -9.4996
  endloop
endfacet
facet normal -0.0 -0.0 1.0
  outer loop
    vertex 15.875 -9.3218 -9.4996
    vertex 28.575 -10.9474 -9.4996
    vertex 28.575 -9.3218 -9.4996
  endloop
endfacet
facet normal 1.0 -0.0 -0.0
  outer loop
    vertex 2.8448 -6.7818 -3.3274
    vertex 2.8448 -7.6708 -3.8862
    vertex 2.8448 -7.747 -4.0894
  endloop
endfacet
facet normal 1.0 -0.0 -0.0
  outer loop
    vertex 2.8448 -7.6708 -3.8862
    vertex 2.8448 -6.7818 -3.3274
    vertex 2.8448 -7.5946 -3.7084
  endloop
endfacet
facet normal 1.0 -0.0 -0.0
  outer loop
    vertex 2.8448 -7.5946 -3.7084
    vertex 2.8448 -6.7818 -3.3274
    vertex 2.8448 -7.4676 -3.5306
  endloop
endfacet
facet normal 1.0 -0.0 -0.0
  outer loop
    vertex 2.8448 -7.4676 -3.5306
    vertex 2.8448 -6.7818 -3.3274
    vertex 2.8448 -7.366 -3.3528
  endloop
endfacet
facet normal 1.0 -0.0 -0.0
  outer loop
    vertex 2.8448 -7.366 -3.3528
    vertex 2.8448 -6.7818 -3.3274
    vertex 2.8448 -7.2136 -3.175
  endloop
endfacet
facet normal 1.0 -0.0 -0.0
  outer loop
    vertex 2.8448 -7.2136 -3.175
    vertex 2.8448 -6.7818 -3.3274
    vertex 2.8448 -7.0866 -3.0226
  endloop
endfacet
facet normal 1.0 -0.0 -0.0
  outer loop
    vertex 2.8448 -7.0866 -3.0226
    vertex 2.8448 -6.7818 -3.3274
    vertex 2.8448 -6.9342 -2.8956
  endloop
endfacet
facet normal 1.0 -0.0 -0.0
  outer loop
    vertex 2.8448 -6.9342 -2.8956
    vertex 2.8448 -6.7818 -3.3274
    vertex 2.8448 -6.7564 -2.7432
  endloop
endfacet
facet normal 1.0 -0.0 -0.0
  outer loop
    vertex 2.8448 -6.7564 -2.7432
    vertex 2.8448 -6.7818 -3.3274
    vertex 2.8448 -6.0198 -2.3622
  endloop
endfacet
facet normal 1.0 -0.0 -0.0
  outer loop
    vertex 2.8448 -6.7564 -2.7432
    vertex 2.8448 -6.0198 -2.3622
    vertex 2.8448 -6.5786 -2.6416
  endloop
endfacet
facet normal 1.0 -0.0 -0.0
  outer loop
    vertex 2.8448 -6.5786 -2.6416
    vertex 2.8448 -6.0198 -2.3622
    vertex 2.8448 -6.4008 -2.5146
  endloop
endfacet
facet normal 1.0 -0.0 -0.0
  outer loop
    vertex 2.8448 -6.4008 -2.5146
    vertex 2.8448 -6.0198 -2.3622
    vertex 2.8448 -6.223 -2.4384
  endloop
endfacet
facet normal -0.0 0.868243142124459 -0.496138938356834
  outer loop
    vertex 0.0 -14.6304 -1.016
    vertex 0.4064 -14.732 -1.1938
    vertex 0.0 -14.732 -1.1938
  endloop
endfacet
facet normal -0.0 0.868243142124459 -0.496138938356834
  outer loop
    vertex 0.4064 -14.732 -1.1938
    vertex 0.0 -14.6304 -1.016
    vertex 0.4064 -14.6304 -1.016
  endloop
endfacet
facet normal -1.0 0.0 0.0
  outer loop
    vertex 25.0698 -10.6934 -7.4168
    vertex 25.0698 -10.9474 -8.2296
    vertex 25.0698 -10.9474 -7.4168
  endloop
endfacet
facet normal -1.0 0.0 0.0
  outer loop
    vertex 25.0698 -10.9474 -8.2296
    vertex 25.0698 -10.6934 -7.4168
    vertex 25.0698 -10.6934 -8.2296
  endloop
endfacet
facet normal 0.17804800691415 -0.907459377599197 -0.380547480928696
  outer loop
    vertex 19.05 -13.208 -0.7874
    vertex 14.732 -13.97 -0.9906
    vertex 19.05 -12.8778 -1.5748
  endloop
endfacet
facet normal -1.0 0.0 0.0
  outer loop
    vertex 24.003 -10.6934 -7.0612
    vertex 24.003 -10.9474 -7.4168
    vertex 24.003 -10.9474 -7.0612
  endloop
endfacet
facet normal -1.0 0.0 0.0
  outer loop
    vertex 24.003 -10.9474 -7.4168
    vertex 24.003 -10.6934 -7.0612
    vertex 24.003 -10.6934 -7.4168
  endloop
endfacet
facet normal 0.6 -0.0 0.8
  outer loop
    vertex 21.6916 -10.9474 -5.9436
    vertex 21.59 -10.6934 -5.8674
    vertex 21.59 -10.9474 -5.8674
  endloop
endfacet
facet normal 0.6 -0.0 0.8
  outer loop
    vertex 21.59 -10.6934 -5.8674
    vertex 21.6916 -10.9474 -5.9436
    vertex 21.6916 -10.6934 -5.9436
  endloop
endfacet
facet normal 0.178053439777046 0.122052761137492 0.976422089099932
  outer loop
    vertex 19.05 -9.3218 3.0734
    vertex 14.732 -9.1186 3.8354
    vertex 14.732 -9.3218 3.8608
  endloop
endfacet
facet normal 0.0 -0.936329177569045 -0.351123441588392
  outer loop
    vertex 2.8448 -7.747 4.1148
    vertex 0.0 -7.6708 3.9116
    vertex 2.8448 -7.6708 3.9116
  endloop
endfacet
facet normal 0.0 -0.936329177569045 -0.351123441588392
  outer loop
    vertex 0.0 -7.6708 3.9116
    vertex 2.8448 -7.747 4.1148
    vertex 0.0 -7.747 4.1148
  endloop
endfacet
facet normal 1.0 -0.0 -0.0
  outer loop
    vertex 2.8448 -7.6708 3.9116
    vertex 2.8448 -6.7818 3.3528
    vertex 2.8448 -7.747 4.1148
  endloop
endfacet
facet normal 1.0 -0.0 -0.0
  outer loop
    vertex 2.8448 -6.7818 3.3528
    vertex 2.8448 -7.6708 3.9116
    vertex 2.8448 -7.5946 3.7338
  endloop
endfacet
facet normal 1.0 -0.0 -0.0
  outer loop
    vertex 2.8448 -6.7818 3.3528
    vertex 2.8448 -7.5946 3.7338
    vertex 2.8448 -7.4676 3.556
  endloop
endfacet
facet normal 1.0 -0.0 -0.0
  outer loop
    vertex 2.8448 -6.7818 3.3528
    vertex 2.8448 -7.4676 3.556
    vertex 2.8448 -7.366 3.3782
  endloop
endfacet
facet normal 1.0 -0.0 -0.0
  outer loop
    vertex 2.8448 -6.7818 3.3528
    vertex 2.8448 -7.366 3.3782
    vertex 2.8448 -7.2136 3.2004
  endloop
endfacet
facet normal 1.0 -0.0 -0.0
  outer loop
    vertex 2.8448 -6.7818 3.3528
    vertex 2.8448 -7.2136 3.2004
    vertex 2.8448 -7.0866 3.048
  endloop
endfacet
facet normal 1.0 -0.0 -0.0
  outer loop
    vertex 2.8448 -6.7818 3.3528
    vertex 2.8448 -7.0866 3.048
    vertex 2.8448 -6.9342 2.921
  endloop
endfacet
facet normal 1.0 -0.0 -0.0
  outer loop
    vertex 2.8448 -6.7818 3.3528
    vertex 2.8448 -6.9342 2.921
    vertex 2.8448 -6.7564 2.7686
  endloop
endfacet
facet normal 1.0 -0.0 -0.0
  outer loop
    vertex 2.8448 -6.7818 3.3528
    vertex 2.8448 -6.7564 2.7686
    vertex 2.8448 -6.0198 2.3876
  endloop
endfacet
facet normal 1.0 -0.0 -0.0
  outer loop
    vertex 2.8448 -6.0198 2.3876
    vertex 2.8448 -6.7564 2.7686
    vertex 2.8448 -6.5786 2.667
  endloop
endfacet
facet normal 1.0 -0.0 -0.0
  outer loop
    vertex 2.8448 -6.0198 2.3876
    vertex 2.8448 -6.5786 2.667
    vertex 2.8448 -6.4008 2.54
  endloop
endfacet
facet normal 1.0 -0.0 -0.0
  outer loop
    vertex 2.8448 -6.0198 2.3876
    vertex 2.8448 -6.4008 2.54
    vertex 2.8448 -6.223 2.4638
  endloop
endfacet
facet normal 0.0 -0.992277876713668 -0.124034734589209
  outer loop
    vertex 2.032 -5.7912 -0.4064
    vertex 0.0 -5.7658 -0.6096
    vertex 2.032 -5.7658 -0.6096
  endloop
endfacet
facet normal 0.0 -0.992277876713668 -0.124034734589209
  outer loop
    vertex 0.0 -5.7658 -0.6096
    vertex 2.032 -5.7912 -0.4064
    vertex 0.0 -5.7912 -0.4064
  endloop
endfacet
facet normal -0.919145030018058 0.0 0.393919298579168
  outer loop
    vertex 23.3426 -10.6934 -6.6548
    vertex 23.2664 -10.9474 -6.8326
    vertex 23.3426 -10.9474 -6.6548
  endloop
endfacet
facet normal -0.919145030018058 0.0 0.393919298579168
  outer loop
    vertex 23.2664 -10.9474 -6.8326
    vertex 23.3426 -10.6934 -6.6548
    vertex 23.2664 -10.6934 -6.8326
  endloop
endfacet
facet normal -0.0 0.868243142124459 0.496138938356834
  outer loop
    vertex 0.0 -14.732 1.2192
    vertex 0.4064 -14.6304 1.0414
    vertex 0.0 -14.6304 1.0414
  endloop
endfacet
facet normal -0.0 0.868243142124459 0.496138938356834
  outer loop
    vertex 0.4064 -14.6304 1.0414
    vertex 0.0 -14.732 1.2192
    vertex 0.4064 -14.732 1.2192
  endloop
endfacet
facet normal -0.0 -0.393919298579168 0.919145030018058
  outer loop
    vertex 1.2192 -11.3538 -4.572
    vertex 0.0 -11.176 -4.4958
    vertex 0.0 -11.3538 -4.572
  endloop
endfacet
facet normal -0.0 -0.393919298579168 0.919145030018058
  outer loop
    vertex 0.0 -11.176 -4.4958
    vertex 1.2192 -11.3538 -4.572
    vertex 1.2192 -11.176 -4.4958
  endloop
endfacet
facet normal 0.0 -1.0 0.0
  outer loop
    vertex 31.75 -9.3218 -6.3246
    vertex 15.875 -9.3218 -9.4996
    vertex 28.575 -9.3218 -9.4996
  endloop
endfacet
facet normal 0.0 -1.0 0.0
  outer loop
    vertex 15.875 -9.3218 -9.4996
    vertex 31.75 -9.3218 -6.3246
    vertex 12.7 -9.3218 -6.3246
  endloop
endfacet
facet normal 0.0 -1.0 0.0
  outer loop
    vertex 12.7 -9.3218 -6.3246
    vertex 31.75 -9.3218 -6.3246
    vertex 27.4066 -9.3218 -3.0988
  endloop
endfacet
facet normal 0.0 -1.0 0.0
  outer loop
    vertex 27.4066 -9.3218 -3.0988
    vertex 31.75 -9.3218 -6.3246
    vertex 27.7876 -9.3218 -2.9464
  endloop
endfacet
facet normal 0.0 -1.0 0.0
  outer loop
    vertex 27.7876 -9.3218 -2.9464
    vertex 31.75 -9.3218 -6.3246
    vertex 28.1178 -9.3218 -2.6924
  endloop
endfacet
facet normal 0.0 -1.0 0.0
  outer loop
    vertex 28.1178 -9.3218 -2.6924
    vertex 31.75 -9.3218 -6.3246
    vertex 28.3718 -9.3218 -2.3622
  endloop
endfacet
facet normal 0.0 -1.0 0.0
  outer loop
    vertex 28.3718 -9.3218 -2.3622
    vertex 31.75 -9.3218 -6.3246
    vertex 28.5242 -9.3218 -1.9812
  endloop
endfacet
facet normal 0.0 -1.0 0.0
  outer loop
    vertex 28.5242 -9.3218 -1.9812
    vertex 31.75 -9.3218 -6.3246
    vertex 31.75 -9.3218 6.35
  endloop
endfacet
facet normal 0.0 -1.0 0.0
  outer loop
    vertex 12.7 -9.3218 -6.3246
    vertex 27.4066 -9.3218 -3.0988
    vertex 27.0002 -9.3218 -3.1496
  endloop
endfacet
facet normal 0.0 -1.0 0.0
  outer loop
    vertex 12.7 -9.3218 -6.3246
    vertex 27.0002 -9.3218 -3.1496
    vertex 12.7 -9.3218 -4.6228
  endloop
endfacet
facet normal 0.0 -1.0 0.0
  outer loop
    vertex 12.7 -9.3218 -4.6228
    vertex 27.0002 -9.3218 -3.1496
    vertex 14.732 -9.3218 -3.8354
  endloop
endfacet
facet normal 0.0 -1.0 0.0
  outer loop
    vertex 28.5242 -9.3218 -1.9812
    vertex 31.75 -9.3218 6.35
    vertex 28.575 -9.3218 -1.5748
  endloop
endfacet
facet normal 0.0 -1.0 0.0
  outer loop
    vertex 28.575 -9.3218 -1.5748
    vertex 31.75 -9.3218 6.35
    vertex 28.575 -9.3218 1.5748
  endloop
endfacet
facet normal 0.0 -1.0 0.0
  outer loop
    vertex 28.575 -9.3218 1.5748
    vertex 31.75 -9.3218 6.35
    vertex 28.5242 -9.3218 1.9812
  endloop
endfacet
facet normal 0.0 -1.0 0.0
  outer loop
    vertex 28.5242 -9.3218 1.9812
    vertex 31.75 -9.3218 6.35
    vertex 28.3718 -9.3218 2.3622
  endloop
endfacet
facet normal 0.0 -1.0 0.0
  outer loop
    vertex 28.3718 -9.3218 2.3622
    vertex 31.75 -9.3218 6.35
    vertex 28.1178 -9.3218 2.6924
  endloop
endfacet
facet normal 0.0 -1.0 0.0
  outer loop
    vertex 28.1178 -9.3218 2.6924
    vertex 31.75 -9.3218 6.35
    vertex 27.7876 -9.3218 2.9464
  endloop
endfacet
facet normal 0.0 -1.0 0.0
  outer loop
    vertex 27.7876 -9.3218 2.9464
    vertex 31.75 -9.3218 6.35
    vertex 27.4066 -9.3218 3.0988
  endloop
endfacet
facet normal 0.0 -1.0 0.0
  outer loop
    vertex 27.4066 -9.3218 3.0988
    vertex 31.75 -9.3218 6.35
    vertex 27.0002 -9.3218 3.175
  endloop
endfacet
facet normal 0.0 -1.0 0.0
  outer loop
    vertex 27.0002 -9.3218 3.175
    vertex 31.75 -9.3218 6.35
    vertex 23.8252 -9.3218 3.175
  endloop
endfacet
facet normal 0.0 -1.0 0.0
  outer loop
    vertex 23.8252 -9.3218 3.175
    vertex 31.75 -9.3218 6.35
    vertex 14.732 -9.3218 3.8608
  endloop
endfacet
facet normal 0.0 -1.0 0.0
  outer loop
    vertex 14.732 -9.3218 3.8608
    vertex 31.75 -9.3218 6.35
    vertex 12.7 -9.3218 3.8608
  endloop
endfacet
facet normal 0.0 -1.0 0.0
  outer loop
    vertex 12.7 -9.3218 3.8608
    vertex 31.75 -9.3218 6.35
    vertex 12.7 -9.3218 4.6482
  endloop
endfacet
facet normal 0.0 -1.0 0.0
  outer loop
    vertex 12.7 -9.3218 4.6482
    vertex 31.75 -9.3218 6.35
    vertex 6.35 -9.3218 4.6482
  endloop
endfacet
facet normal 0.0 -1.0 0.0
  outer loop
    vertex 6.35 -9.3218 4.6482
    vertex 31.75 -9.3218 6.35
    vertex 6.35 -9.3218 6.6802
  endloop
endfacet
facet normal 0.0 -1.0 0.0
  outer loop
    vertex 6.35 -9.3218 6.6802
    vertex 31.75 -9.3218 6.35
    vertex 28.575 -9.3218 9.525
  endloop
endfacet
facet normal 0.0 -1.0 0.0
  outer loop
    vertex 6.35 -9.3218 6.6802
    vertex 28.575 -9.3218 9.525
    vertex 19.05 -9.3218 9.525
  endloop
endfacet
facet normal 0.0 -1.0 0.0
  outer loop
    vertex 14.732 -9.3218 -3.8354
    vertex 23.8252 -9.3218 -3.1496
    vertex 19.05 -9.3218 -3.048
  endloop
endfacet
facet normal 0.0 -1.0 0.0
  outer loop
    vertex 23.8252 -9.3218 -3.1496
    vertex 14.732 -9.3218 -3.8354
    vertex 27.0002 -9.3218 -3.1496
  endloop
endfacet
facet normal 0.0 -1.0 0.0
  outer loop
    vertex 19.05 -9.3218 -3.048
    vertex 23.8252 -9.3218 -3.1496
    vertex 23.3934 -9.3218 -3.0988
  endloop
endfacet
facet normal 0.0 -1.0 0.0
  outer loop
    vertex 19.05 -9.3218 -3.048
    vertex 23.3934 -9.3218 -3.0988
    vertex 23.0124 -9.3218 -2.9464
  endloop
endfacet
facet normal 0.0 -1.0 0.0
  outer loop
    vertex 19.05 -9.3218 -3.048
    vertex 23.0124 -9.3218 -2.9464
    vertex 22.6822 -9.3218 -2.6924
  endloop
endfacet
facet normal 0.0 -1.0 0.0
  outer loop
    vertex 19.05 -9.3218 -3.048
    vertex 22.6822 -9.3218 -2.6924
    vertex 22.4282 -9.3218 -2.3622
  endloop
endfacet
facet normal 0.0 -1.0 0.0
  outer loop
    vertex 19.05 -9.3218 -3.048
    vertex 22.4282 -9.3218 -2.3622
    vertex 19.05 -9.3218 3.0734
  endloop
endfacet
facet normal 0.0 -1.0 0.0
  outer loop
    vertex 19.05 -9.3218 3.0734
    vertex 22.4282 -9.3218 -2.3622
    vertex 22.2758 -9.3218 -1.9812
  endloop
endfacet
facet normal 0.0 -1.0 0.0
  outer loop
    vertex 19.05 -9.3218 3.0734
    vertex 22.2758 -9.3218 -1.9812
    vertex 22.225 -9.3218 -1.5748
  endloop
endfacet
facet normal 0.0 -1.0 0.0
  outer loop
    vertex 19.05 -9.3218 3.0734
    vertex 22.225 -9.3218 -1.5748
    vertex 22.225 -9.3218 1.5748
  endloop
endfacet
facet normal 0.0 -1.0 0.0
  outer loop
    vertex 19.05 -9.3218 3.0734
    vertex 22.225 -9.3218 1.5748
    vertex 22.2758 -9.3218 1.9812
  endloop
endfacet
facet normal 0.0 -1.0 0.0
  outer loop
    vertex 19.05 -9.3218 3.0734
    vertex 22.2758 -9.3218 1.9812
    vertex 22.4282 -9.3218 2.3622
  endloop
endfacet
facet normal 0.0 -1.0 0.0
  outer loop
    vertex 19.05 -9.3218 3.0734
    vertex 22.4282 -9.3218 2.3622
    vertex 22.6822 -9.3218 2.6924
  endloop
endfacet
facet normal 0.0 -1.0 0.0
  outer loop
    vertex 19.05 -9.3218 3.0734
    vertex 22.6822 -9.3218 2.6924
    vertex 23.0124 -9.3218 2.9464
  endloop
endfacet
facet normal 0.0 -1.0 0.0
  outer loop
    vertex 19.05 -9.3218 3.0734
    vertex 23.0124 -9.3218 2.9464
    vertex 23.3934 -9.3218 3.0988
  endloop
endfacet
facet normal 0.0 -1.0 0.0
  outer loop
    vertex 19.05 -9.3218 3.0734
    vertex 23.3934 -9.3218 3.0988
    vertex 14.732 -9.3218 3.8608
  endloop
endfacet
facet normal 0.0 -1.0 0.0
  outer loop
    vertex 14.732 -9.3218 3.8608
    vertex 23.3934 -9.3218 3.0988
    vertex 23.8252 -9.3218 3.175
  endloop
endfacet
facet normal 0.0 -1.0 0.0
  outer loop
    vertex 12.7 -9.3218 -3.8354
    vertex 12.7 -9.3218 -4.6228
    vertex 14.732 -9.3218 -3.8354
  endloop
endfacet
facet normal 0.178726406450129 0.775336244887323 0.60573144131822
  outer loop
    vertex 14.732 -7.3406 2.794
    vertex 19.05 -7.8994 2.2352
    vertex 14.732 -6.7056 1.9812
  endloop
endfacet
facet normal 0.0 -0.919145030018058 -0.393919298579168
  outer loop
    vertex 2.8448 -7.6708 3.9116
    vertex 0.0 -7.5946 3.7338
    vertex 2.8448 -7.5946 3.7338
  endloop
endfacet
facet normal 0.0 -0.919145030018058 -0.393919298579168
  outer loop
    vertex 0.0 -7.5946 3.7338
    vertex 2.8448 -7.6708 3.9116
    vertex 0.0 -7.6708 3.9116
  endloop
endfacet
facet normal -0.00157141754653002 0.792623010469741 0.609710008053648
  outer loop
    vertex 12.7 -14.2494 -2.3368
    vertex 12.7 -13.4874 -3.3274
    vertex 2.8448 -14.2494 -2.3622
  endloop
endfacet
facet normal -0.0 0.919145030018058 0.393919298579168
  outer loop
    vertex 0.0 -12.6746 -3.7084
    vertex 2.8448 -12.5984 -3.8862
    vertex 0.0 -12.5984 -3.8862
  endloop
endfacet
facet normal -0.0 0.919145030018058 0.393919298579168
  outer loop
    vertex 2.8448 -12.5984 -3.8862
    vertex 0.0 -12.6746 -3.7084
    vertex 2.8448 -12.6746 -3.7084
  endloop
endfacet
facet normal -0.0 0.921635375138065 0.388057000058133
  outer loop
    vertex 0.0 -6.7056 1.9812
    vertex 10.16 -6.2992 1.016
    vertex 0.0 -6.2992 1.016
  endloop
endfacet
facet normal -0.0 0.921635375138065 0.388057000058133
  outer loop
    vertex 10.16 -6.2992 1.016
    vertex 0.0 -6.7056 1.9812
    vertex 10.16 -6.7056 1.9812
  endloop
endfacet
facet normal 1.23261399173221e-018 -0.388057000058133 -0.921635375138065
  outer loop
    vertex 14.732 -11.1506 -3.81
    vertex 12.7 -12.1158 -3.4036
    vertex 12.7 -11.1506 -3.81
  endloop
endfacet
facet normal 1.23261399173221e-018 -0.388057000058133 -0.921635375138065
  outer loop
    vertex 12.7 -12.1158 -3.4036
    vertex 14.732 -11.1506 -3.81
    vertex 14.732 -12.1158 -3.4036
  endloop
endfacet
facet normal 0.855500079018233 -0.0 0.517802679405773
  outer loop
    vertex 19.3802 -10.6934 -6.7818
    vertex 18.796 -10.9474 -5.8166
    vertex 19.3802 -10.9474 -6.7818
  endloop
endfacet
facet normal 0.855500079018233 -0.0 0.517802679405773
  outer loop
    vertex 18.796 -10.9474 -5.8166
    vertex 19.3802 -10.6934 -6.7818
    vertex 18.796 -10.6934 -5.8166
  endloop
endfacet
facet normal 0.177714506838826 0.380570794683921 0.90751497193858
  outer loop
    vertex 19.05 -8.5344 2.7432
    vertex 14.732 -8.1534 3.429
    vertex 19.05 -9.3218 3.0734
  endloop
endfacet
facet normal -1.89709967282892e-031 0.615644041972315 -0.788024373724563
  outer loop
    vertex 14.732 -7.3406 -2.7686
    vertex 12.7 -8.1534 -3.4036
    vertex 12.7 -7.3406 -2.7686
  endloop
endfacet
facet normal -1.89709967282892e-031 0.615644041972315 -0.788024373724563
  outer loop
    vertex 12.7 -8.1534 -3.4036
    vertex 14.732 -7.3406 -2.7686
    vertex 14.732 -8.1534 -3.4036
  endloop
endfacet
facet normal -0.773957299203319 0.0 0.633237790257265
  outer loop
    vertex 21.3106 -10.6934 -7.0358
    vertex 21.082 -10.9474 -7.3152
    vertex 21.3106 -10.9474 -7.0358
  endloop
endfacet
facet normal -0.773957299203319 0.0 0.633237790257265
  outer loop
    vertex 21.082 -10.9474 -7.3152
    vertex 21.3106 -10.6934 -7.0358
    vertex 21.082 -10.6934 -7.3152
  endloop
endfacet
facet normal -0.0 1.0 -0.0
  outer loop
    vertex 24.003 -10.6934 -7.4168
    vertex 24.257 -10.6934 -7.1628
    vertex 25.0698 -10.6934 -7.4168
  endloop
endfacet
facet normal -0.0 1.0 -0.0
  outer loop
    vertex 24.257 -10.6934 -7.1628
    vertex 24.003 -10.6934 -7.4168
    vertex 24.003 -10.6934 -7.0612
  endloop
endfacet
facet normal -0.0 1.0 -0.0
  outer loop
    vertex 25.0698 -10.6934 -7.4168
    vertex 24.257 -10.6934 -7.1628
    vertex 25.4 -10.6934 -7.4168
  endloop
endfacet
facet normal -0.0 1.0 -0.0
  outer loop
    vertex 25.4 -10.6934 -7.4168
    vertex 24.257 -10.6934 -7.1628
    vertex 25.6794 -10.6934 -7.4168
  endloop
endfacet
facet normal -0.0 1.0 -0.0
  outer loop
    vertex 24.257 -10.6934 -7.1628
    vertex 24.003 -10.6934 -7.0612
    vertex 25.0698 -10.6934 -6.1976
  endloop
endfacet
facet normal -0.0 1.0 -0.0
  outer loop
    vertex 25.0698 -10.6934 -6.1976
    vertex 24.003 -10.6934 -7.0612
    vertex 25.0952 -10.6934 -5.8166
  endloop
endfacet
facet normal -0.0 1.0 -0.0
  outer loop
    vertex 25.0698 -10.6934 -6.1976
    vertex 25.4 -10.6934 -7.1628
    vertex 25.0698 -10.6934 -7.1628
  endloop
endfacet
facet normal -0.0 1.0 -0.0
  outer loop
    vertex 25.4 -10.6934 -7.1628
    vertex 25.0698 -10.6934 -6.1976
    vertex 25.4 -10.6934 -5.8166
  endloop
endfacet
facet normal -0.0 1.0 -0.0
  outer loop
    vertex 25.4 -10.6934 -5.8166
    vertex 25.0698 -10.6934 -6.1976
    vertex 25.0952 -10.6934 -5.8166
  endloop
endfacet
facet normal -0.0 1.0 -0.0
  outer loop
    vertex 24.257 -10.6934 -7.1628
    vertex 25.6794 -10.6934 -7.1628
    vertex 25.6794 -10.6934 -7.4168
  endloop
endfacet
facet normal -0.0 1.0 -0.0
  outer loop
    vertex 25.6794 -10.6934 -7.1628
    vertex 24.257 -10.6934 -7.1628
    vertex 25.0698 -10.6934 -7.1628
  endloop
endfacet
facet normal -0.0 1.0 -0.0
  outer loop
    vertex 25.6794 -10.6934 -7.1628
    vertex 25.0698 -10.6934 -7.1628
    vertex 25.4 -10.6934 -7.1628
  endloop
endfacet
facet normal -0.0 1.0 -0.0
  outer loop
    vertex 25.0698 -10.6934 -7.4168
    vertex 25.4 -10.6934 -8.2296
    vertex 25.0698 -10.6934 -8.2296
  endloop
endfacet
facet normal -0.0 1.0 -0.0
  outer loop
    vertex 25.4 -10.6934 -8.2296
    vertex 25.0698 -10.6934 -7.4168
    vertex 25.4 -10.6934 -7.4168
  endloop
endfacet
facet normal -0.218583297745979 -5.16593903209641e-017 0.975818293508834
  outer loop
    vertex 19.05 -10.9474 9.525
    vertex 6.35 -9.3218 6.6802
    vertex 6.35 -10.9474 6.6802
  endloop
endfacet
facet normal -0.218583297745979 -5.16593903209641e-017 0.975818293508834
  outer loop
    vertex 6.35 -9.3218 6.6802
    vertex 19.05 -10.9474 9.525
    vertex 19.05 -9.3218 9.525
  endloop
endfacet
facet normal 0.847998304005088 -0.0 0.52999894000318
  outer loop
    vertex 18.3896 -10.6934 -8.2296
    vertex 17.6276 -10.9474 -7.0104
    vertex 18.3896 -10.9474 -8.2296
  endloop
endfacet
facet normal 0.847998304005088 -0.0 0.52999894000318
  outer loop
    vertex 17.6276 -10.9474 -7.0104
    vertex 18.3896 -10.6934 -8.2296
    vertex 17.6276 -10.6934 -7.0104
  endloop
endfacet
facet normal -1.89709967282892e-031 -0.615644041972315 0.788024373724563
  outer loop
    vertex 14.732 -12.9286 2.794
    vertex 12.7 -12.1158 3.429
    vertex 12.7 -12.9286 2.794
  endloop
endfacet
facet normal -1.89709967282892e-031 -0.615644041972315 0.788024373724563
  outer loop
    vertex 12.7 -12.1158 3.429
    vertex 14.732 -12.9286 2.794
    vertex 14.732 -12.1158 3.429
  endloop
endfacet
facet normal 6.57394128923801e-018 -0.921635375138065 -0.388057000058133
  outer loop
    vertex 14.732 -13.97 -0.9906
    vertex 12.7 -13.5636 -1.9558
    vertex 14.732 -13.5636 -1.9558
  endloop
endfacet
facet normal 6.57394128923801e-018 -0.921635375138065 -0.388057000058133
  outer loop
    vertex 12.7 -13.5636 -1.9558
    vertex 14.732 -13.97 -0.9906
    vertex 12.7 -13.97 -0.9906
  endloop
endfacet
facet normal 0.177741760688393 -0.906960327051355 -0.381878032442676
  outer loop
    vertex 14.732 -13.97 -0.9906
    vertex 14.732 -13.5636 -1.9558
    vertex 19.05 -12.8778 -1.5748
  endloop
endfacet
facet normal 0.0 -0.388057000058133 -0.921635375138065
  outer loop
    vertex 10.16 -11.1506 -3.81
    vertex 0.0 -12.1158 -3.4036
    vertex 0.0 -11.1506 -3.81
  endloop
endfacet
facet normal 0.0 -0.388057000058133 -0.921635375138065
  outer loop
    vertex 0.0 -12.1158 -3.4036
    vertex 10.16 -11.1506 -3.81
    vertex 10.16 -12.1158 -3.4036
  endloop
endfacet
facet normal -0.341743063086704 -0.0 0.939793423488437
  outer loop
    vertex 22.6314 -10.9474 -5.8166
    vertex 22.352 -10.6934 -5.9182
    vertex 22.352 -10.9474 -5.9182
  endloop
endfacet
facet normal -0.341743063086704 -0.0 0.939793423488437
  outer loop
    vertex 22.352 -10.6934 -5.9182
    vertex 22.6314 -10.9474 -5.8166
    vertex 22.6314 -10.6934 -5.8166
  endloop
endfacet
facet normal 0.0 -0.788024373724563 -0.615644041972315
  outer loop
    vertex 10.16 -13.5636 -1.9558
    vertex 0.0 -12.9286 -2.7686
    vertex 10.16 -12.9286 -2.7686
  endloop
endfacet
facet normal 0.0 -0.788024373724563 -0.615644041972315
  outer loop
    vertex 0.0 -12.9286 -2.7686
    vertex 10.16 -13.5636 -1.9558
    vertex 0.0 -13.5636 -1.9558
  endloop
endfacet
facet normal -0.0 0.992277876713668 0.124034734589209
  outer loop
    vertex 12.7 -6.2992 1.016
    vertex 14.732 -6.1722 0.0
    vertex 12.7 -6.1722 0.0
  endloop
endfacet
facet normal -0.0 0.992277876713668 0.124034734589209
  outer loop
    vertex 14.732 -6.1722 0.0
    vertex 12.7 -6.2992 1.016
    vertex 14.732 -6.2992 1.016
  endloop
endfacet
facet normal 0.0 0.0 -1.0
  outer loop
    vertex 25.0698 -10.6934 -7.4168
    vertex 24.003 -10.9474 -7.4168
    vertex 24.003 -10.6934 -7.4168
  endloop
endfacet
facet normal 0.0 0.0 -1.0
  outer loop
    vertex 24.003 -10.9474 -7.4168
    vertex 25.0698 -10.6934 -7.4168
    vertex 25.0698 -10.9474 -7.4168
  endloop
endfacet
facet normal 0.0 0.0 -1.0
  outer loop
    vertex 21.9964 -10.6934 -8.2296
    vertex 20.4978 -10.9474 -8.2296
    vertex 20.4978 -10.6934 -8.2296
  endloop
endfacet
facet normal 0.0 0.0 -1.0
  outer loop
    vertex 20.4978 -10.9474 -8.2296
    vertex 21.9964 -10.6934 -8.2296
    vertex 21.9964 -10.9474 -8.2296
  endloop
endfacet
facet normal 0.0 0.0 -1.0
  outer loop
    vertex 25.4 -10.6934 -8.2296
    vertex 25.0698 -10.9474 -8.2296
    vertex 25.0698 -10.6934 -8.2296
  endloop
endfacet
facet normal 0.0 0.0 -1.0
  outer loop
    vertex 25.0698 -10.9474 -8.2296
    vertex 25.4 -10.6934 -8.2296
    vertex 25.4 -10.9474 -8.2296
  endloop
endfacet
facet normal -0.514495755427527 0.0 -0.857492925712544
  outer loop
    vertex 23.241 -10.6934 -6.1468
    vertex 23.114 -10.9474 -6.0706
    vertex 23.114 -10.6934 -6.0706
  endloop
endfacet
facet normal -0.514495755427527 0.0 -0.857492925712544
  outer loop
    vertex 23.114 -10.9474 -6.0706
    vertex 23.241 -10.6934 -6.1468
    vertex 23.241 -10.9474 -6.1468
  endloop
endfacet
facet normal -0.0 0.921635375138065 -0.388057000058133
  outer loop
    vertex 0.0 -6.2992 -0.9906
    vertex 10.16 -6.7056 -1.9558
    vertex 0.0 -6.7056 -1.9558
  endloop
endfacet
facet normal -0.0 0.921635375138065 -0.388057000058133
  outer loop
    vertex 10.16 -6.7056 -1.9558
    vertex 0.0 -6.2992 -0.9906
    vertex 10.16 -6.2992 -0.9906
  endloop
endfacet
facet normal -0.0 0.993883734673619 -0.110431526074847
  outer loop
    vertex 0.0 -14.4526 -0.1778
    vertex 0.4064 -14.478 -0.4064
    vertex 0.0 -14.478 -0.4064
  endloop
endfacet
facet normal -0.0 0.993883734673619 -0.110431526074847
  outer loop
    vertex 0.4064 -14.478 -0.4064
    vertex 0.0 -14.4526 -0.1778
    vertex 0.4064 -14.4526 -0.1778
  endloop
endfacet
facet normal 1.0 -0.0 -0.0
  outer loop
    vertex 3.302 -10.1346 4.7498
    vertex 3.302 -10.9474 5.7658
    vertex 3.302 -10.9474 4.6482
  endloop
endfacet
facet normal 1.0 -0.0 -0.0
  outer loop
    vertex 3.302 -10.9474 5.7658
    vertex 3.302 -10.1346 4.7498
    vertex 3.302 -9.3218 5.7658
  endloop
endfacet
facet normal 1.0 -0.0 -0.0
  outer loop
    vertex 3.302 -9.3218 5.7658
    vertex 3.302 -10.1346 4.7498
    vertex 3.302 -9.3218 4.6482
  endloop
endfacet
facet normal -2.26105749691196e-018 -0.619644288579021 -0.784882765533426
  outer loop
    vertex 12.7 -6.7818 3.3528
    vertex 2.8448 -7.747 4.1148
    vertex 2.8448 -6.7818 3.3528
  endloop
endfacet
facet normal -2.26105749691196e-018 -0.619644288579021 -0.784882765533426
  outer loop
    vertex 2.8448 -7.747 4.1148
    vertex 12.7 -6.7818 3.3528
    vertex 12.7 -7.747 4.1148
  endloop
endfacet
facet normal 0.0 0.351123441588392 -0.936329177569045
  outer loop
    vertex 2.032 -14.0462 2.4638
    vertex 0.0 -14.2494 2.3876
    vertex 0.0 -14.0462 2.4638
  endloop
endfacet
facet normal 0.0 0.351123441588392 -0.936329177569045
  outer loop
    vertex 0.0 -14.2494 2.3876
    vertex 2.032 -14.0462 2.4638
    vertex 2.032 -14.2494 2.3876
  endloop
endfacet
facet normal 0.707106781186548 -0.0 0.707106781186548
  outer loop
    vertex 15.875 -9.3218 -9.4996
    vertex 12.7 -10.9474 -6.3246
    vertex 15.875 -10.9474 -9.4996
  endloop
endfacet
facet normal 0.707106781186548 -0.0 0.707106781186548
  outer loop
    vertex 12.7 -10.9474 -6.3246
    vertex 15.875 -9.3218 -9.4996
    vertex 12.7 -9.3218 -6.3246
  endloop
endfacet
facet normal 1.0 -0.0 -0.0
  outer loop
    vertex 21.9964 -10.6934 -8.2296
    vertex 21.9964 -10.9474 -7.9756
    vertex 21.9964 -10.9474 -8.2296
  endloop
endfacet
facet normal 1.0 -0.0 -0.0
  outer loop
    vertex 21.9964 -10.9474 -7.9756
    vertex 21.9964 -10.6934 -8.2296
    vertex 21.9964 -10.6934 -7.9756
  endloop
endfacet
facet normal -1.91029459930714e-030 -0.991881664685851 -0.127164315985366
  outer loop
    vertex 14.732 -14.097 0.0
    vertex 12.7 -13.97 -0.9906
    vertex 14.732 -13.97 -0.9906
  endloop
endfacet
facet normal -1.91029459930714e-030 -0.991881664685851 -0.127164315985366
  outer loop
    vertex 12.7 -13.97 -0.9906
    vertex 14.732 -14.097 0.0
    vertex 12.7 -14.097 0.0
  endloop
endfacet
facet normal 0.177741760688392 0.906960327051355 -0.381878032442676
  outer loop
    vertex 14.732 -6.2992 -0.9906
    vertex 19.05 -7.3914 -1.5748
    vertex 14.732 -6.7056 -1.9558
  endloop
endfacet
facet normal 0.17804800691415 0.907459377599198 -0.380547480928695
  outer loop
    vertex 19.05 -7.0612 -0.7874
    vertex 19.05 -7.3914 -1.5748
    vertex 14.732 -6.2992 -0.9906
  endloop
endfacet
facet normal -0.0 0.124034734589208 0.992277876713668
  outer loop
    vertex 14.732 -9.3218 3.8608
    vertex 12.7 -9.1186 3.8354
    vertex 12.7 -9.3218 3.8608
  endloop
endfacet
facet normal -0.0 0.124034734589208 0.992277876713668
  outer loop
    vertex 12.7 -9.1186 3.8354
    vertex 14.732 -9.3218 3.8608
    vertex 14.732 -9.1186 3.8354
  endloop
endfacet
facet normal 0.98058067569092 -0.0 -0.196116135138184
  outer loop
    vertex 21.844 -10.6934 -6.7056
    vertex 21.8948 -10.9474 -6.4516
    vertex 21.844 -10.9474 -6.7056
  endloop
endfacet
facet normal 0.98058067569092 -0.0 -0.196116135138184
  outer loop
    vertex 21.8948 -10.9474 -6.4516
    vertex 21.844 -10.6934 -6.7056
    vertex 21.8948 -10.6934 -6.4516
  endloop
endfacet
facet normal 9.17478100482569e-018 0.784882765533426 0.619644288579021
  outer loop
    vertex 2.8448 -14.2494 -2.3622
    vertex 12.7 -13.4874 -3.3274
    vertex 2.8448 -13.4874 -3.3274
  endloop
endfacet
facet normal -0.675724628517346 -0.0 0.737154140200741
  outer loop
    vertex 22.606 -10.9474 -7.62
    vertex 22.3012 -10.6934 -7.8994
    vertex 22.3012 -10.9474 -7.8994
  endloop
endfacet
facet normal -0.675724628517346 -0.0 0.737154140200741
  outer loop
    vertex 22.3012 -10.6934 -7.8994
    vertex 22.606 -10.9474 -7.62
    vertex 22.606 -10.6934 -7.62
  endloop
endfacet
facet normal -0.0 0.970142500145332 0.242535625036333
  outer loop
    vertex 0.0 -14.6304 1.0414
    vertex 0.4064 -14.5796 0.8382
    vertex 0.0 -14.5796 0.8382
  endloop
endfacet
facet normal -0.0 0.970142500145332 0.242535625036333
  outer loop
    vertex 0.4064 -14.5796 0.8382
    vertex 0.0 -14.6304 1.0414
    vertex 0.4064 -14.6304 1.0414
  endloop
endfacet
facet normal -1.89709967282892e-031 -0.615644041972315 -0.788024373724563
  outer loop
    vertex 14.732 -12.1158 -3.4036
    vertex 12.7 -12.9286 -2.7686
    vertex 12.7 -12.1158 -3.4036
  endloop
endfacet
facet normal -1.89709967282892e-031 -0.615644041972315 -0.788024373724563
  outer loop
    vertex 12.7 -12.9286 -2.7686
    vertex 14.732 -12.1158 -3.4036
    vertex 14.732 -12.9286 -2.7686
  endloop
endfacet
facet normal -0.0 0.992277876713668 0.124034734589209
  outer loop
    vertex 0.0 -6.2992 1.016
    vertex 10.16 -6.1722 0.0
    vertex 0.0 -6.1722 0.0
  endloop
endfacet
facet normal -0.0 0.992277876713668 0.124034734589209
  outer loop
    vertex 10.16 -6.1722 0.0
    vertex 0.0 -6.2992 1.016
    vertex 10.16 -6.2992 1.016
  endloop
endfacet
facet normal -0.0 0.351123441588392 0.936329177569045
  outer loop
    vertex 1.2192 -9.2964 -4.4196
    vertex 0.0 -9.0932 -4.4958
    vertex 0.0 -9.2964 -4.4196
  endloop
endfacet
facet normal -0.0 0.351123441588392 0.936329177569045
  outer loop
    vertex 0.0 -9.0932 -4.4958
    vertex 1.2192 -9.2964 -4.4196
    vertex 1.2192 -9.0932 -4.4958
  endloop
endfacet
facet normal 0.8 -0.0 -0.6
  outer loop
    vertex 21.6154 -10.6934 -7.1374
    vertex 21.7678 -10.9474 -6.9342
    vertex 21.6154 -10.9474 -7.1374
  endloop
endfacet
facet normal 0.8 -0.0 -0.6
  outer loop
    vertex 21.7678 -10.9474 -6.9342
    vertex 21.6154 -10.6934 -7.1374
    vertex 21.7678 -10.6934 -6.9342
  endloop
endfacet
facet normal 0.0 -0.992277876713668 0.124034734589209
  outer loop
    vertex 10.16 -13.97 1.016
    vertex 0.0 -14.097 0.0
    vertex 10.16 -14.097 0.0
  endloop
endfacet
facet normal 0.0 -0.992277876713668 0.124034734589209
  outer loop
    vertex 0.0 -14.097 0.0
    vertex 10.16 -13.97 1.016
    vertex 0.0 -13.97 1.016
  endloop
endfacet
facet normal 0.0 -0.921635375138065 -0.388057000058133
  outer loop
    vertex 10.16 -13.97 -0.9906
    vertex 0.0 -13.5636 -1.9558
    vertex 10.16 -13.5636 -1.9558
  endloop
endfacet
facet normal 0.0 -0.921635375138065 -0.388057000058133
  outer loop
    vertex 0.0 -13.5636 -1.9558
    vertex 10.16 -13.97 -0.9906
    vertex 0.0 -13.97 -0.9906
  endloop
endfacet
facet normal 5.41220630495629e-033 0.784882765533426 -0.619644288579021
  outer loop
    vertex 2.032 -13.4874 3.3528
    vertex 12.7 -14.2494 2.3876
    vertex 2.032 -14.2494 2.3876
  endloop
endfacet
facet normal 5.41220630495629e-033 0.784882765533426 -0.619644288579021
  outer loop
    vertex 12.7 -14.2494 2.3876
    vertex 2.032 -13.4874 3.3528
    vertex 12.7 -13.4874 3.3528
  endloop
endfacet
facet normal 0.997975983264553 -0.0369620734542404 0.0517469028359378
  outer loop
    vertex 2.0066 -12.5984 3.9116
    vertex 2.032 -13.5128 2.7686
    vertex 2.032 -13.335 2.8956
  endloop
endfacet
facet normal 0.996255703022905 -0.0553475390568207 0.0664170468681883
  outer loop
    vertex 2.0066 -12.5984 3.9116
    vertex 2.032 -13.6652 2.6416
    vertex 2.032 -13.5128 2.7686
  endloop
endfacet
facet normal 0.845488903030971 -0.0 -0.533992991387982
  outer loop
    vertex 18.7452 -10.6934 -8.2296
    vertex 19.3548 -10.9474 -7.2644
    vertex 18.7452 -10.9474 -8.2296
  endloop
endfacet
facet normal 0.845488903030971 -0.0 -0.533992991387982
  outer loop
    vertex 19.3548 -10.9474 -7.2644
    vertex 18.7452 -10.6934 -8.2296
    vertex 19.3548 -10.6934 -7.2644
  endloop
endfacet
facet normal -0.0 0.924261426490026 -0.381760154419791
  outer loop
    vertex 0.0 -14.2494 2.3876
    vertex 0.4064 -14.732 1.2192
    vertex 0.0 -14.732 1.2192
  endloop
endfacet
facet normal -0.0 0.924261426490026 -0.381760154419791
  outer loop
    vertex 0.4064 -14.732 1.2192
    vertex 0.0 -14.2494 2.3876
    vertex 12.7 -14.732 1.2192
  endloop
endfacet
facet normal -0.0 0.924261426490026 -0.381760154419791
  outer loop
    vertex 12.7 -14.732 1.2192
    vertex 0.0 -14.2494 2.3876
    vertex 12.7 -14.2494 2.3876
  endloop
endfacet
facet normal -0.0 0.924261426490026 -0.381760154419791
  outer loop
    vertex 12.7 -14.2494 2.3876
    vertex 0.0 -14.2494 2.3876
    vertex 2.032 -14.2494 2.3876
  endloop
endfacet
facet normal -0.0 -0.0 1.0
  outer loop
    vertex 23.7998 -10.9474 -7.9756
    vertex 22.606 -10.6934 -7.9756
    vertex 22.606 -10.9474 -7.9756
  endloop
endfacet
facet normal -0.0 -0.0 1.0
  outer loop
    vertex 22.606 -10.6934 -7.9756
    vertex 23.7998 -10.9474 -7.9756
    vertex 23.7998 -10.6934 -7.9756
  endloop
endfacet
facet normal -0.0 0.936329177569044 -0.351123441588392
  outer loop
    vertex 0.0 -14.5034 -0.6096
    vertex 0.4064 -14.5796 -0.8128
    vertex 0.0 -14.5796 -0.8128
  endloop
endfacet
facet normal -0.0 0.936329177569044 -0.351123441588392
  outer loop
    vertex 0.4064 -14.5796 -0.8128
    vertex 0.0 -14.5034 -0.6096
    vertex 0.4064 -14.5034 -0.6096
  endloop
endfacet
facet normal -0.0 -0.0 1.0
  outer loop
    vertex 20.32 -10.9474 -5.8166
    vertex 19.9644 -10.6934 -5.8166
    vertex 19.9644 -10.9474 -5.8166
  endloop
endfacet
facet normal -0.0 -0.0 1.0
  outer loop
    vertex 19.9644 -10.6934 -5.8166
    vertex 20.32 -10.9474 -5.8166
    vertex 20.32 -10.6934 -5.8166
  endloop
endfacet
facet normal 0.0 -0.496138938356834 -0.868243142124459
  outer loop
    vertex 2.8448 -6.5786 2.667
    vertex 0.0 -6.7564 2.7686
    vertex 0.0 -6.5786 2.667
  endloop
endfacet
facet normal 0.0 -0.496138938356834 -0.868243142124459
  outer loop
    vertex 0.0 -6.7564 2.7686
    vertex 2.8448 -6.5786 2.667
    vertex 2.8448 -6.7564 2.7686
  endloop
endfacet
facet normal -0.919145030018058 0.0 0.393919298579168
  outer loop
    vertex 21.5392 -10.6934 -6.6548
    vertex 21.463 -10.9474 -6.8326
    vertex 21.5392 -10.9474 -6.6548
  endloop
endfacet
facet normal -0.919145030018058 0.0 0.393919298579168
  outer loop
    vertex 21.463 -10.9474 -6.8326
    vertex 21.5392 -10.6934 -6.6548
    vertex 21.463 -10.6934 -6.8326
  endloop
endfacet
facet normal 0.6 0.0 -0.8
  outer loop
    vertex 22.479 -10.6934 -6.1976
    vertex 22.3774 -10.9474 -6.2738
    vertex 22.3774 -10.6934 -6.2738
  endloop
endfacet
facet normal 0.6 0.0 -0.8
  outer loop
    vertex 22.3774 -10.9474 -6.2738
    vertex 22.479 -10.6934 -6.1976
    vertex 22.479 -10.9474 -6.1976
  endloop
endfacet
facet normal 0.177741760688393 -0.906960327051355 0.381878032442676
  outer loop
    vertex 14.732 -13.5636 1.9812
    vertex 14.732 -13.97 1.016
    vertex 19.05 -12.8778 1.6002
  endloop
endfacet
facet normal -0.0 1.0 -0.0
  outer loop
    vertex 25.0698 -10.9474 -6.1976
    vertex 25.0698 -10.9474 -7.1628
    vertex 24.257 -10.9474 -7.1628
  endloop
endfacet
facet normal 0.178960024985005 0.614610186817189 0.768262733521486
  outer loop
    vertex 19.05 -7.8994 2.2352
    vertex 14.732 -7.3406 2.794
    vertex 19.05 -8.5344 2.7432
  endloop
endfacet
facet normal -1.91105767591584e-030 -0.992277876713668 0.124034734589209
  outer loop
    vertex 14.732 -13.97 1.016
    vertex 12.7 -14.097 0.0
    vertex 14.732 -14.097 0.0
  endloop
endfacet
facet normal -1.91105767591584e-030 -0.992277876713668 0.124034734589209
  outer loop
    vertex 12.7 -14.097 0.0
    vertex 14.732 -13.97 1.016
    vertex 12.7 -13.97 1.016
  endloop
endfacet
facet normal 0.0 -1.0 0.0
  outer loop
    vertex 2.032 -5.8166 0.2032
    vertex 0.0 -5.8166 -0.1778
    vertex 2.032 -5.8166 -0.1778
  endloop
endfacet
facet normal 0.0 -1.0 0.0
  outer loop
    vertex 0.0 -5.8166 -0.1778
    vertex 2.032 -5.8166 0.2032
    vertex 0.0 -5.8166 0.2032
  endloop
endfacet
facet normal 0.0 -0.759256602365297 -0.650791373455969
  outer loop
    vertex 2.8448 -7.366 3.3782
    vertex 0.0 -7.2136 3.2004
    vertex 2.8448 -7.2136 3.2004
  endloop
endfacet
facet normal 0.0 -0.759256602365297 -0.650791373455969
  outer loop
    vertex 0.0 -7.2136 3.2004
    vertex 2.8448 -7.366 3.3782
    vertex 0.0 -7.366 3.3782
  endloop
endfacet
facet normal 0.0 -0.124034734589208 -0.992277876713668
  outer loop
    vertex 14.732 -10.9474 -3.8354
    vertex 12.7 -11.1506 -3.81
    vertex 12.7 -10.9474 -3.8354
  endloop
endfacet
facet normal 0.0 -0.124034734589208 -0.992277876713668
  outer loop
    vertex 12.7 -11.1506 -3.81
    vertex 14.732 -10.9474 -3.8354
    vertex 14.732 -11.1506 -3.81
  endloop
endfacet
facet normal -0.0 -0.124034734589208 0.992277876713668
  outer loop
    vertex 14.732 -11.1506 3.8354
    vertex 12.7 -10.9474 3.8608
    vertex 12.7 -11.1506 3.8354
  endloop
endfacet
facet normal -0.0 -0.124034734589208 0.992277876713668
  outer loop
    vertex 12.7 -10.9474 3.8608
    vertex 14.732 -11.1506 3.8354
    vertex 14.732 -10.9474 3.8608
  endloop
endfacet
facet normal 0.179915827887012 -0.381724689432663 0.906596137402575
  outer loop
    vertex 19.05 -11.7094 2.7432
    vertex 14.732 -11.1506 3.8354
    vertex 14.732 -12.1158 3.429
  endloop
endfacet
facet normal 0.17804800691415 -0.907459377599197 0.380547480928696
  outer loop
    vertex 19.05 -12.8778 1.6002
    vertex 14.732 -13.97 1.016
    vertex 19.05 -13.208 0.8128
  endloop
endfacet
facet normal 1.0 -0.0 -0.0
  outer loop
    vertex 23.7998 -10.6934 -8.2296
    vertex 23.7998 -10.9474 -7.9756
    vertex 23.7998 -10.9474 -8.2296
  endloop
endfacet
facet normal 1.0 -0.0 -0.0
  outer loop
    vertex 23.7998 -10.9474 -7.9756
    vertex 23.7998 -10.6934 -8.2296
    vertex 23.7998 -10.6934 -7.9756
  endloop
endfacet
facet normal 0.176655639025669 0.605961635075944 0.775630892897209
  outer loop
    vertex 19.05 -8.5344 2.7432
    vertex 14.732 -7.3406 2.794
    vertex 14.732 -8.1534 3.429
  endloop
endfacet
facet normal 0.0 0.447213595499957 -0.894427190999917
  outer loop
    vertex 2.032 -13.6652 2.6416
    vertex 0.0 -13.8684 2.54
    vertex 0.0 -13.6652 2.6416
  endloop
endfacet
facet normal 0.0 0.447213595499957 -0.894427190999917
  outer loop
    vertex 0.0 -13.8684 2.54
    vertex 2.032 -13.6652 2.6416
    vertex 2.032 -13.8684 2.54
  endloop
endfacet
facet normal 0.0 -0.919145030018058 0.393919298579168
  outer loop
    vertex 2.8448 -7.5946 -3.7084
    vertex 0.0 -7.6708 -3.8862
    vertex 2.8448 -7.6708 -3.8862
  endloop
endfacet
facet normal 0.0 -0.919145030018058 0.393919298579168
  outer loop
    vertex 0.0 -7.6708 -3.8862
    vertex 2.8448 -7.5946 -3.7084
    vertex 0.0 -7.5946 -3.7084
  endloop
endfacet
facet normal 0.999442602426541 -0.0131505605582424 0.0306846413025679
  outer loop
    vertex 2.0066 -12.5984 3.9116
    vertex 2.032 -14.0462 2.4638
    vertex 2.032 -13.8684 2.54
  endloop
endfacet
facet normal -7.20843553762575e-032 0.242535625036331 0.970142500145332
  outer loop
    vertex 1.2192 -9.7028 -4.318
    vertex 0.0 -9.2964 -4.4196
    vertex 0.0 -9.7028 -4.318
  endloop
endfacet
facet normal -7.20843553762575e-032 0.242535625036331 0.970142500145332
  outer loop
    vertex 0.0 -9.2964 -4.4196
    vertex 1.2192 -9.7028 -4.318
    vertex 1.2192 -9.2964 -4.4196
  endloop
endfacet
facet normal -0.0 -0.0 1.0
  outer loop
    vertex 1.2192 -10.5664 -4.318
    vertex 0.0 -10.3124 -4.318
    vertex 0.0 -10.5664 -4.318
  endloop
endfacet
facet normal -0.0 -0.0 1.0
  outer loop
    vertex 0.0 -10.3124 -4.318
    vertex 1.2192 -10.5664 -4.318
    vertex 1.2192 -10.3124 -4.318
  endloop
endfacet
facet normal -0.707106781186548 -0.0 0.707106781186548
  outer loop
    vertex 31.75 -9.3218 -6.3246
    vertex 28.575 -10.9474 -9.4996
    vertex 31.75 -10.9474 -6.3246
  endloop
endfacet
facet normal -0.707106781186548 -0.0 0.707106781186548
  outer loop
    vertex 28.575 -10.9474 -9.4996
    vertex 31.75 -9.3218 -6.3246
    vertex 28.575 -9.3218 -9.4996
  endloop
endfacet
facet normal 0.180269389147235 -0.599722038258904 0.779638649736574
  outer loop
    vertex 19.05 -11.7094 2.7432
    vertex 14.732 -12.1158 3.429
    vertex 19.05 -12.3698 2.2352
  endloop
endfacet
facet normal 0.0 -0.640184399664479 -0.768221279597377
  outer loop
    vertex 2.8448 -6.9342 2.921
    vertex 0.0 -7.0866 3.048
    vertex 0.0 -6.9342 2.921
  endloop
endfacet
facet normal 0.0 -0.640184399664479 -0.768221279597377
  outer loop
    vertex 0.0 -7.0866 3.048
    vertex 2.8448 -6.9342 2.921
    vertex 2.8448 -7.0866 3.048
  endloop
endfacet
facet normal 0.0 -0.759256602365297 0.650791373455969
  outer loop
    vertex 2.8448 -7.2136 -3.175
    vertex 0.0 -7.366 -3.3528
    vertex 2.8448 -7.366 -3.3528
  endloop
endfacet
facet normal 0.0 -0.759256602365297 0.650791373455969
  outer loop
    vertex 0.0 -7.366 -3.3528
    vertex 2.8448 -7.2136 -3.175
    vertex 0.0 -7.2136 -3.175
  endloop
endfacet
facet normal -1.0 0.0 0.0
  outer loop
    vertex 10.16 -13.97 1.016
    vertex 10.16 -13.97 -0.9906
    vertex 10.16 -14.097 0.0
  endloop
endfacet
facet normal -1.0 0.0 0.0
  outer loop
    vertex 10.16 -13.97 -0.9906
    vertex 10.16 -13.97 1.016
    vertex 10.16 -13.5636 1.9812
  endloop
endfacet
facet normal -1.0 0.0 0.0
  outer loop
    vertex 10.16 -13.97 -0.9906
    vertex 10.16 -13.5636 1.9812
    vertex 10.16 -13.5636 -1.9558
  endloop
endfacet
facet normal -1.0 0.0 0.0
  outer loop
    vertex 10.16 -13.5636 -1.9558
    vertex 10.16 -13.5636 1.9812
    vertex 10.16 -12.9286 2.794
  endloop
endfacet
facet normal -1.0 0.0 0.0
  outer loop
    vertex 10.16 -13.5636 -1.9558
    vertex 10.16 -12.9286 2.794
    vertex 10.16 -12.9286 -2.7686
  endloop
endfacet
facet normal -1.0 0.0 0.0
  outer loop
    vertex 10.16 -12.9286 -2.7686
    vertex 10.16 -12.9286 2.794
    vertex 10.16 -12.1158 3.429
  endloop
endfacet
facet normal -1.0 0.0 0.0
  outer loop
    vertex 10.16 -12.9286 -2.7686
    vertex 10.16 -12.1158 3.429
    vertex 10.16 -12.1158 -3.4036
  endloop
endfacet
facet normal -1.0 0.0 0.0
  outer loop
    vertex 10.16 -12.1158 -3.4036
    vertex 10.16 -12.1158 3.429
    vertex 10.16 -11.1506 3.8354
  endloop
endfacet
facet normal -1.0 0.0 0.0
  outer loop
    vertex 10.16 -12.1158 -3.4036
    vertex 10.16 -11.1506 3.8354
    vertex 10.16 -11.1506 -3.81
  endloop
endfacet
facet normal -1.0 0.0 0.0
  outer loop
    vertex 10.16 -11.1506 -3.81
    vertex 10.16 -11.1506 3.8354
    vertex 10.16 -10.1346 3.9624
  endloop
endfacet
facet normal -1.0 0.0 0.0
  outer loop
    vertex 10.16 -11.1506 -3.81
    vertex 10.16 -10.1346 3.9624
    vertex 10.16 -10.1346 -3.937
  endloop
endfacet
facet normal -1.0 0.0 0.0
  outer loop
    vertex 10.16 -10.1346 -3.937
    vertex 10.16 -10.1346 3.9624
    vertex 10.16 -9.1186 3.8354
  endloop
endfacet
facet normal -1.0 0.0 0.0
  outer loop
    vertex 10.16 -10.1346 -3.937
    vertex 10.16 -9.1186 3.8354
    vertex 10.16 -9.1186 -3.81
  endloop
endfacet
facet normal -1.0 0.0 0.0
  outer loop
    vertex 10.16 -9.1186 -3.81
    vertex 10.16 -9.1186 3.8354
    vertex 10.16 -8.1534 3.429
  endloop
endfacet
facet normal -1.0 0.0 0.0
  outer loop
    vertex 10.16 -9.1186 -3.81
    vertex 10.16 -8.1534 3.429
    vertex 10.16 -8.1534 -3.4036
  endloop
endfacet
facet normal -1.0 0.0 0.0
  outer loop
    vertex 10.16 -8.1534 -3.4036
    vertex 10.16 -8.1534 3.429
    vertex 10.16 -7.3406 2.794
  endloop
endfacet
facet normal -1.0 0.0 0.0
  outer loop
    vertex 10.16 -8.1534 -3.4036
    vertex 10.16 -7.3406 2.794
    vertex 10.16 -7.3406 -2.7686
  endloop
endfacet
facet normal -1.0 0.0 0.0
  outer loop
    vertex 10.16 -7.3406 -2.7686
    vertex 10.16 -7.3406 2.794
    vertex 10.16 -6.7056 1.9812
  endloop
endfacet
facet normal -1.0 0.0 0.0
  outer loop
    vertex 10.16 -7.3406 -2.7686
    vertex 10.16 -6.7056 1.9812
    vertex 10.16 -6.7056 -1.9558
  endloop
endfacet
facet normal -1.0 0.0 0.0
  outer loop
    vertex 10.16 -6.7056 -1.9558
    vertex 10.16 -6.7056 1.9812
    vertex 10.16 -6.2992 1.016
  endloop
endfacet
facet normal -1.0 0.0 0.0
  outer loop
    vertex 10.16 -6.7056 -1.9558
    vertex 10.16 -6.2992 1.016
    vertex 10.16 -6.2992 -0.9906
  endloop
endfacet
facet normal -1.0 0.0 0.0
  outer loop
    vertex 10.16 -6.2992 -0.9906
    vertex 10.16 -6.2992 1.016
    vertex 10.16 -6.1722 0.0
  endloop
endfacet
facet normal -0.855500079018233 0.0 -0.517802679405773
  outer loop
    vertex 19.3548 -10.6934 -7.2644
    vertex 19.939 -10.9474 -8.2296
    vertex 19.3548 -10.9474 -7.2644
  endloop
endfacet
facet normal -0.855500079018233 0.0 -0.517802679405773
  outer loop
    vertex 19.939 -10.9474 -8.2296
    vertex 19.3548 -10.6934 -7.2644
    vertex 19.939 -10.6934 -8.2296
  endloop
endfacet
facet normal 0.855500079018233 -0.0 0.517802679405773
  outer loop
    vertex 17.4498 -10.6934 -6.7818
    vertex 16.8656 -10.9474 -5.8166
    vertex 17.4498 -10.9474 -6.7818
  endloop
endfacet
facet normal 0.855500079018233 -0.0 0.517802679405773
  outer loop
    vertex 16.8656 -10.9474 -5.8166
    vertex 17.4498 -10.6934 -6.7818
    vertex 16.8656 -10.6934 -5.8166
  endloop
endfacet
facet normal 0.0 0.124034734589208 -0.992277876713668
  outer loop
    vertex 10.16 -9.1186 -3.81
    vertex 0.0 -10.1346 -3.937
    vertex 0.0 -9.1186 -3.81
  endloop
endfacet
facet normal 0.0 0.124034734589208 -0.992277876713668
  outer loop
    vertex 0.0 -10.1346 -3.937
    vertex 10.16 -9.1186 -3.81
    vertex 10.16 -10.1346 -3.937
  endloop
endfacet
facet normal 0.842922209577588 -0.0 -0.538035452921865
  outer loop
    vertex 19.558 -10.6934 -7.0104
    vertex 20.32 -10.9474 -5.8166
    vertex 19.558 -10.9474 -7.0104
  endloop
endfacet
facet normal 0.842922209577588 -0.0 -0.538035452921865
  outer loop
    vertex 20.32 -10.9474 -5.8166
    vertex 19.558 -10.6934 -7.0104
    vertex 20.32 -10.6934 -5.8166
  endloop
endfacet
facet normal -0.0 -0.0 1.0
  outer loop
    vertex 25.0698 -10.9474 -7.1628
    vertex 24.257 -10.6934 -7.1628
    vertex 24.257 -10.9474 -7.1628
  endloop
endfacet
facet normal -0.0 -0.0 1.0
  outer loop
    vertex 24.257 -10.6934 -7.1628
    vertex 25.0698 -10.9474 -7.1628
    vertex 25.0698 -10.6934 -7.1628
  endloop
endfacet
facet normal -1.0 0.0 0.0
  outer loop
    vertex 6.35 -9.3218 6.6802
    vertex 6.35 -10.9474 4.6482
    vertex 6.35 -10.9474 6.6802
  endloop
endfacet
facet normal -1.0 0.0 0.0
  outer loop
    vertex 6.35 -10.9474 4.6482
    vertex 6.35 -9.3218 6.6802
    vertex 6.35 -10.1346 4.7498
  endloop
endfacet
facet normal -1.0 0.0 0.0
  outer loop
    vertex 6.35 -10.1346 4.7498
    vertex 6.35 -9.3218 6.6802
    vertex 6.35 -9.3218 4.6482
  endloop
endfacet
facet normal -0.855500079018234 0.0 0.517802679405771
  outer loop
    vertex 18.034 -10.6934 -5.8166
    vertex 17.4498 -10.9474 -6.7818
    vertex 18.034 -10.9474 -5.8166
  endloop
endfacet
facet normal -0.855500079018234 0.0 0.517802679405771
  outer loop
    vertex 17.4498 -10.9474 -6.7818
    vertex 18.034 -10.6934 -5.8166
    vertex 17.4498 -10.6934 -6.7818
  endloop
endfacet
facet normal 0.177755876801644 -0.391275386186885 0.902943198892811
  outer loop
    vertex 19.05 -10.9474 3.0734
    vertex 14.732 -11.1506 3.8354
    vertex 19.05 -11.7094 2.7432
  endloop
endfacet
facet normal -0.842922209577588 0.0 0.538035452921865
  outer loop
    vertex 17.2466 -10.6934 -7.0358
    vertex 16.4846 -10.9474 -8.2296
    vertex 17.2466 -10.9474 -7.0358
  endloop
endfacet
facet normal -0.842922209577588 0.0 0.538035452921865
  outer loop
    vertex 16.4846 -10.9474 -8.2296
    vertex 17.2466 -10.6934 -7.0358
    vertex 16.4846 -10.6934 -8.2296
  endloop
endfacet
facet normal 0.514495755427527 0.0 -0.857492925712544
  outer loop
    vertex 20.8026 -10.6934 -6.1214
    vertex 20.6756 -10.9474 -6.1976
    vertex 20.6756 -10.6934 -6.1976
  endloop
endfacet
facet normal 0.514495755427527 0.0 -0.857492925712544
  outer loop
    vertex 20.6756 -10.9474 -6.1976
    vertex 20.8026 -10.6934 -6.1214
    vertex 20.8026 -10.9474 -6.1214
  endloop
endfacet
facet normal 1.0 -0.0 -0.0
  outer loop
    vertex 25.6794 -10.6934 -7.4168
    vertex 25.6794 -10.9474 -7.1628
    vertex 25.6794 -10.9474 -7.4168
  endloop
endfacet
facet normal 1.0 -0.0 -0.0
  outer loop
    vertex 25.6794 -10.9474 -7.1628
    vertex 25.6794 -10.6934 -7.4168
    vertex 25.6794 -10.6934 -7.1628
  endloop
endfacet
facet normal 7.58839869131568e-031 0.788024373724564 -0.615644041972315
  outer loop
    vertex 12.7 -6.7056 -1.9558
    vertex 14.732 -7.3406 -2.7686
    vertex 12.7 -7.3406 -2.7686
  endloop
endfacet
facet normal 7.58839869131568e-031 0.788024373724564 -0.615644041972315
  outer loop
    vertex 14.732 -7.3406 -2.7686
    vertex 12.7 -6.7056 -1.9558
    vertex 14.732 -6.7056 -1.9558
  endloop
endfacet
facet normal -1.0 0.0 0.0
  outer loop
    vertex 20.4978 -10.6934 -7.8994
    vertex 20.4978 -10.9474 -8.2296
    vertex 20.4978 -10.9474 -7.8994
  endloop
endfacet
facet normal -1.0 0.0 0.0
  outer loop
    vertex 20.4978 -10.9474 -8.2296
    vertex 20.4978 -10.6934 -7.8994
    vertex 20.4978 -10.6934 -8.2296
  endloop
endfacet
facet normal -0.78086880944303 0.0 -0.624695047554424
  outer loop
    vertex 21.4376 -10.6934 -6.1468
    vertex 21.5392 -10.9474 -6.2738
    vertex 21.4376 -10.9474 -6.1468
  endloop
endfacet
facet normal -0.78086880944303 0.0 -0.624695047554424
  outer loop
    vertex 21.5392 -10.9474 -6.2738
    vertex 21.4376 -10.6934 -6.1468
    vertex 21.5392 -10.6934 -6.2738
  endloop
endfacet
facet normal -0.0 -0.0 1.0
  outer loop
    vertex 25.6794 -10.9474 -7.1628
    vertex 25.4 -10.6934 -7.1628
    vertex 25.4 -10.9474 -7.1628
  endloop
endfacet
facet normal -0.0 -0.0 1.0
  outer loop
    vertex 25.4 -10.6934 -7.1628
    vertex 25.6794 -10.9474 -7.1628
    vertex 25.6794 -10.6934 -7.1628
  endloop
endfacet
facet normal 0.0 0.0 -1.0
  outer loop
    vertex 16.8148 -10.6934 -8.2296
    vertex 16.4846 -10.9474 -8.2296
    vertex 16.4846 -10.6934 -8.2296
  endloop
endfacet
facet normal 0.0 0.0 -1.0
  outer loop
    vertex 16.4846 -10.9474 -8.2296
    vertex 16.8148 -10.6934 -8.2296
    vertex 16.8148 -10.9474 -8.2296
  endloop
endfacet
facet normal 0.0 -0.768221279597379 -0.640184399664476
  outer loop
    vertex 2.8448 -7.2136 3.2004
    vertex 0.0 -7.0866 3.048
    vertex 2.8448 -7.0866 3.048
  endloop
endfacet
facet normal 0.0 -0.768221279597379 -0.640184399664476
  outer loop
    vertex 0.0 -7.0866 3.048
    vertex 2.8448 -7.2136 3.2004
    vertex 0.0 -7.2136 3.2004
  endloop
endfacet
facet normal 0.0 0.0 -1.0
  outer loop
    vertex 18.3896 -10.6934 -8.2296
    vertex 18.0086 -10.9474 -8.2296
    vertex 18.0086 -10.6934 -8.2296
  endloop
endfacet
facet normal 0.0 0.0 -1.0
  outer loop
    vertex 18.0086 -10.9474 -8.2296
    vertex 18.3896 -10.6934 -8.2296
    vertex 18.3896 -10.9474 -8.2296
  endloop
endfacet
facet normal 0.0 0.393919298579168 -0.919145030018058
  outer loop
    vertex 2.032 -13.8684 2.54
    vertex 0.0 -14.0462 2.4638
    vertex 0.0 -13.8684 2.54
  endloop
endfacet
facet normal 0.0 0.393919298579168 -0.919145030018058
  outer loop
    vertex 0.0 -14.0462 2.4638
    vertex 2.032 -13.8684 2.54
    vertex 2.032 -14.0462 2.4638
  endloop
endfacet
facet normal -0.737154140200741 0.0 0.675724628517346
  outer loop
    vertex 22.8854 -10.6934 -7.3152
    vertex 22.606 -10.9474 -7.62
    vertex 22.8854 -10.9474 -7.3152
  endloop
endfacet
facet normal -0.737154140200741 0.0 0.675724628517346
  outer loop
    vertex 22.606 -10.9474 -7.62
    vertex 22.8854 -10.6934 -7.3152
    vertex 22.606 -10.6934 -7.62
  endloop
endfacet
facet normal 0.991836598134175 -0.0901669634667489 0.0901669634667467
  outer loop
    vertex 2.0066 -12.5984 3.9116
    vertex 2.032 -13.335 2.8956
    vertex 2.032 -13.1826 3.048
  endloop
endfacet
facet normal -0.0 0.992277876713668 -0.124034734589209
  outer loop
    vertex 0.4064 -14.732 1.2192
    vertex 12.7 -14.8844 0.0
    vertex 0.4064 -14.8844 0.0
  endloop
endfacet
facet normal -0.0 0.992277876713668 -0.124034734589209
  outer loop
    vertex 12.7 -14.8844 0.0
    vertex 0.4064 -14.732 1.2192
    vertex 12.7 -14.732 1.2192
  endloop
endfacet
facet normal 0.680451099367278 0.0 -0.732793491626299
  outer loop
    vertex 23.2664 -10.6934 -7.3406
    vertex 22.9108 -10.9474 -7.6708
    vertex 22.9108 -10.6934 -7.6708
  endloop
endfacet
facet normal 0.680451099367278 0.0 -0.732793491626299
  outer loop
    vertex 22.9108 -10.9474 -7.6708
    vertex 23.2664 -10.6934 -7.3406
    vertex 23.2664 -10.9474 -7.3406
  endloop
endfacet
facet normal 0.176333447997129 -0.768632978449023 0.614906382759219
  outer loop
    vertex 19.05 -12.3698 2.2352
    vertex 14.732 -13.5636 1.9812
    vertex 19.05 -12.8778 1.6002
  endloop
endfacet
facet normal 0.1801546329903 -0.391101904625308 -0.902542856827634
  outer loop
    vertex 19.05 -11.7094 -2.7178
    vertex 14.732 -12.1158 -3.4036
    vertex 19.05 -10.9474 -3.048
  endloop
endfacet
facet normal 1.0 -0.0 -0.0
  outer loop
    vertex 1.2192 -10.1346 -4.7244
    vertex 1.2192 -11.176 -4.4958
    vertex 1.2192 -11.3538 -4.572
  endloop
endfacet
facet normal 1.0 -0.0 -0.0
  outer loop
    vertex 1.2192 -11.176 -4.4958
    vertex 1.2192 -10.1346 -4.7244
    vertex 1.2192 -10.9728 -4.4196
  endloop
endfacet
facet normal 1.0 -0.0 -0.0
  outer loop
    vertex 1.2192 -10.9728 -4.4196
    vertex 1.2192 -10.1346 -4.7244
    vertex 1.2192 -10.5664 -4.318
  endloop
endfacet
facet normal 1.0 -0.0 -0.0
  outer loop
    vertex 1.2192 -10.5664 -4.318
    vertex 1.2192 -10.1346 -4.7244
    vertex 1.2192 -10.3124 -4.318
  endloop
endfacet
facet normal 1.0 -0.0 -0.0
  outer loop
    vertex 1.2192 -10.3124 -4.318
    vertex 1.2192 -10.1346 -4.7244
    vertex 1.2192 -10.1346 -4.2926
  endloop
endfacet
facet normal 1.0 -0.0 -0.0
  outer loop
    vertex 1.2192 -10.1346 -4.2926
    vertex 1.2192 -10.1346 -4.7244
    vertex 1.2192 -8.9154 -4.572
  endloop
endfacet
facet normal 1.0 -0.0 -0.0
  outer loop
    vertex 1.2192 -10.1346 -4.2926
    vertex 1.2192 -8.9154 -4.572
    vertex 1.2192 -9.9568 -4.318
  endloop
endfacet
facet normal 1.0 -0.0 -0.0
  outer loop
    vertex 1.2192 -9.9568 -4.318
    vertex 1.2192 -8.9154 -4.572
    vertex 1.2192 -9.7028 -4.318
  endloop
endfacet
facet normal 1.0 -0.0 -0.0
  outer loop
    vertex 1.2192 -9.7028 -4.318
    vertex 1.2192 -8.9154 -4.572
    vertex 1.2192 -9.2964 -4.4196
  endloop
endfacet
facet normal 1.0 -0.0 -0.0
  outer loop
    vertex 1.2192 -9.2964 -4.4196
    vertex 1.2192 -8.9154 -4.572
    vertex 1.2192 -9.0932 -4.4958
  endloop
endfacet
facet normal 0.999257664510566 -0.0172285804225952 0.0344571608451911
  outer loop
    vertex 2.0066 -12.5984 3.9116
    vertex 2.032 -13.8684 2.54
    vertex 2.032 -13.6652 2.6416
  endloop
endfacet
facet normal 0.847998304005088 -0.0 0.52999894000318
  outer loop
    vertex 20.32 -10.6934 -8.2296
    vertex 19.558 -10.9474 -7.0104
    vertex 20.32 -10.9474 -8.2296
  endloop
endfacet
facet normal 0.847998304005088 -0.0 0.52999894000318
  outer loop
    vertex 19.558 -10.9474 -7.0104
    vertex 20.32 -10.6934 -8.2296
    vertex 19.558 -10.6934 -7.0104
  endloop
endfacet
facet normal 1.0 -0.0 -0.0
  outer loop
    vertex 2.032 -12.4968 4.1148
    vertex 2.032 -13.4874 3.3528
    vertex 2.032 -14.2494 2.3876
  endloop
endfacet
facet normal -0.0 0.759256602365297 0.650791373455969
  outer loop
    vertex 0.0 -13.0556 -3.175
    vertex 2.8448 -12.9032 -3.3528
    vertex 0.0 -12.9032 -3.3528
  endloop
endfacet
facet normal -0.0 0.759256602365297 0.650791373455969
  outer loop
    vertex 2.8448 -12.9032 -3.3528
    vertex 0.0 -13.0556 -3.175
    vertex 2.8448 -13.0556 -3.175
  endloop
endfacet
facet normal 1.0 -0.0 -0.0
  outer loop
    vertex 12.7 -14.732 -1.1938
    vertex 12.7 -14.732 1.2192
    vertex 12.7 -14.8844 0.0
  endloop
endfacet
facet normal 1.0 -0.0 -0.0
  outer loop
    vertex 12.7 -14.732 1.2192
    vertex 12.7 -14.732 -1.1938
    vertex 12.7 -14.2494 -2.3368
  endloop
endfacet
facet normal 1.0 -0.0 -0.0
  outer loop
    vertex 12.7 -14.732 1.2192
    vertex 12.7 -14.2494 -2.3368
    vertex 12.7 -14.2494 2.3876
  endloop
endfacet
facet normal 1.0 -0.0 -0.0
  outer loop
    vertex 12.7 -14.2494 2.3876
    vertex 12.7 -14.2494 -2.3368
    vertex 12.7 -14.097 0.0
  endloop
endfacet
facet normal 1.0 -0.0 -0.0
  outer loop
    vertex 12.7 -14.097 0.0
    vertex 12.7 -14.2494 -2.3368
    vertex 12.7 -13.97 -0.9906
  endloop
endfacet
facet normal 1.0 -0.0 -0.0
  outer loop
    vertex 12.7 -13.97 -0.9906
    vertex 12.7 -14.2494 -2.3368
    vertex 12.7 -13.4874 -3.3274
  endloop
endfacet
facet normal 1.0 -0.0 -0.0
  outer loop
    vertex 12.7 -13.97 -0.9906
    vertex 12.7 -13.4874 -3.3274
    vertex 12.7 -13.5636 -1.9558
  endloop
endfacet
facet normal 1.0 -0.0 -0.0
  outer loop
    vertex 12.7 -13.5636 -1.9558
    vertex 12.7 -13.4874 -3.3274
    vertex 12.7 -12.9286 -2.7686
  endloop
endfacet
facet normal 1.0 -0.0 -0.0
  outer loop
    vertex 12.7 -12.9286 -2.7686
    vertex 12.7 -13.4874 -3.3274
    vertex 12.7 -12.4968 -4.0894
  endloop
endfacet
facet normal 1.0 -0.0 -0.0
  outer loop
    vertex 12.7 -12.9286 -2.7686
    vertex 12.7 -12.4968 -4.0894
    vertex 12.7 -12.1158 -3.4036
  endloop
endfacet
facet normal 1.0 -0.0 -0.0
  outer loop
    vertex 12.7 -12.1158 -3.4036
    vertex 12.7 -12.4968 -4.0894
    vertex 12.7 -11.3538 -4.572
  endloop
endfacet
facet normal 1.0 -0.0 -0.0
  outer loop
    vertex 12.7 -12.1158 -3.4036
    vertex 12.7 -11.3538 -4.572
    vertex 12.7 -11.1506 -3.81
  endloop
endfacet
facet normal 1.0 -0.0 -0.0
  outer loop
    vertex 12.7 -11.1506 -3.81
    vertex 12.7 -11.3538 -4.572
    vertex 12.7 -10.9474 -4.6228
  endloop
endfacet
facet normal 1.0 -0.0 -0.0
  outer loop
    vertex 12.7 -11.1506 -3.81
    vertex 12.7 -10.9474 -4.6228
    vertex 12.7 -10.9474 -3.8354
  endloop
endfacet
facet normal 1.0 -0.0 -0.0
  outer loop
    vertex 12.7 -14.2494 2.3876
    vertex 12.7 -13.97 1.016
    vertex 12.7 -13.4874 3.3528
  endloop
endfacet
facet normal 1.0 -0.0 -0.0
  outer loop
    vertex 12.7 -13.97 1.016
    vertex 12.7 -14.2494 2.3876
    vertex 12.7 -14.097 0.0
  endloop
endfacet
facet normal 1.0 -0.0 -0.0
  outer loop
    vertex 12.7 -13.4874 3.3528
    vertex 12.7 -13.97 1.016
    vertex 12.7 -13.5636 1.9812
  endloop
endfacet
facet normal 1.0 -0.0 -0.0
  outer loop
    vertex 12.7 -13.4874 3.3528
    vertex 12.7 -13.5636 1.9812
    vertex 12.7 -12.9286 2.794
  endloop
endfacet
facet normal 1.0 -0.0 -0.0
  outer loop
    vertex 12.7 -13.4874 3.3528
    vertex 12.7 -12.9286 2.794
    vertex 12.7 -12.4968 4.1148
  endloop
endfacet
facet normal 1.0 -0.0 -0.0
  outer loop
    vertex 12.7 -12.4968 4.1148
    vertex 12.7 -12.9286 2.794
    vertex 12.7 -12.1158 3.429
  endloop
endfacet
facet normal 1.0 -0.0 -0.0
  outer loop
    vertex 12.7 -12.4968 4.1148
    vertex 12.7 -12.1158 3.429
    vertex 12.7 -11.3538 4.5974
  endloop
endfacet
facet normal 1.0 -0.0 -0.0
  outer loop
    vertex 12.7 -11.3538 4.5974
    vertex 12.7 -12.1158 3.429
    vertex 12.7 -11.1506 3.8354
  endloop
endfacet
facet normal 1.0 -0.0 -0.0
  outer loop
    vertex 12.7 -11.3538 4.5974
    vertex 12.7 -11.1506 3.8354
    vertex 12.7 -10.9474 4.6482
  endloop
endfacet
facet normal 1.0 -0.0 -0.0
  outer loop
    vertex 12.7 -10.9474 4.6482
    vertex 12.7 -11.1506 3.8354
    vertex 12.7 -10.9474 3.8608
  endloop
endfacet
facet normal 0.98058067569092 -0.0 0.196116135138184
  outer loop
    vertex 21.8694 -10.6934 -6.2992
    vertex 21.844 -10.9474 -6.1722
    vertex 21.8694 -10.9474 -6.2992
  endloop
endfacet
facet normal 0.98058067569092 -0.0 0.196116135138184
  outer loop
    vertex 21.844 -10.9474 -6.1722
    vertex 21.8694 -10.6934 -6.2992
    vertex 21.844 -10.6934 -6.1722
  endloop
endfacet
facet normal -0.8835288503845 0.0 0.468376739962868
  outer loop
    vertex 27.178 -10.6934 -6.1214
    vertex 26.0604 -10.9474 -8.2296
    vertex 27.178 -10.9474 -6.1214
  endloop
endfacet
facet normal -0.8835288503845 0.0 0.468376739962868
  outer loop
    vertex 26.0604 -10.9474 -8.2296
    vertex 27.178 -10.6934 -6.1214
    vertex 26.0604 -10.6934 -8.2296
  endloop
endfacet
facet normal -0.0 1.0 -0.0
  outer loop
    vertex 0.0 -14.4526 0.2032
    vertex 0.4064 -14.4526 -0.1778
    vertex 0.0 -14.4526 -0.1778
  endloop
endfacet
facet normal -0.0 1.0 -0.0
  outer loop
    vertex 0.4064 -14.4526 -0.1778
    vertex 0.0 -14.4526 0.2032
    vertex 0.4064 -14.4526 0.2032
  endloop
endfacet
facet normal 0.986393923832144 -0.0 0.164398987305357
  outer loop
    vertex 21.8948 -10.6934 -6.4516
    vertex 21.8694 -10.9474 -6.2992
    vertex 21.8948 -10.9474 -6.4516
  endloop
endfacet
facet normal 0.986393923832144 -0.0 0.164398987305357
  outer loop
    vertex 21.8694 -10.9474 -6.2992
    vertex 21.8948 -10.6934 -6.4516
    vertex 21.8694 -10.6934 -6.2992
  endloop
endfacet
facet normal -0.341743063086707 -0.0 0.939793423488436
  outer loop
    vertex 20.828 -10.9474 -5.8166
    vertex 20.5486 -10.6934 -5.9182
    vertex 20.5486 -10.9474 -5.9182
  endloop
endfacet
facet normal -0.341743063086707 -0.0 0.939793423488436
  outer loop
    vertex 20.5486 -10.6934 -5.9182
    vertex 20.828 -10.9474 -5.8166
    vertex 20.828 -10.6934 -5.8166
  endloop
endfacet
facet normal 0.178053439777046 0.122052761137492 -0.976422089099932
  outer loop
    vertex 19.05 -9.3218 -3.048
    vertex 14.732 -9.3218 -3.8354
    vertex 14.732 -9.1186 -3.81
  endloop
endfacet
facet normal 0.164398987305357 -0.0 0.986393923832144
  outer loop
    vertex 23.2918 -10.9474 -5.8166
    vertex 23.1394 -10.6934 -5.7912
    vertex 23.1394 -10.9474 -5.7912
  endloop
endfacet
facet normal 0.164398987305357 -0.0 0.986393923832144
  outer loop
    vertex 23.1394 -10.6934 -5.7912
    vertex 23.2918 -10.9474 -5.8166
    vertex 23.2918 -10.6934 -5.8166
  endloop
endfacet
facet normal 0.178726406450129 -0.605731441318221 0.775336244887323
  outer loop
    vertex 19.05 -12.3698 2.2352
    vertex 14.732 -12.1158 3.429
    vertex 14.732 -12.9286 2.794
  endloop
endfacet
facet normal 0.0 -0.993883734673619 -0.110431526074847
  outer loop
    vertex 2.032 -5.8166 -0.1778
    vertex 0.0 -5.7912 -0.4064
    vertex 2.032 -5.7912 -0.4064
  endloop
endfacet
facet normal 0.0 -0.993883734673619 -0.110431526074847
  outer loop
    vertex 0.0 -5.7912 -0.4064
    vertex 2.032 -5.8166 -0.1778
    vertex 0.0 -5.8166 -0.1778
  endloop
endfacet
facet normal 0.995037190209989 -0.0 -0.0995037190209989
  outer loop
    vertex 23.6728 -10.6934 -6.7056
    vertex 23.6982 -10.9474 -6.4516
    vertex 23.6728 -10.9474 -6.7056
  endloop
endfacet
facet normal 0.995037190209989 -0.0 -0.0995037190209989
  outer loop
    vertex 23.6982 -10.9474 -6.4516
    vertex 23.6728 -10.6934 -6.7056
    vertex 23.6982 -10.6934 -6.4516
  endloop
endfacet
facet normal 0.178726406450129 -0.775336244887322 0.605731441318221
  outer loop
    vertex 14.732 -12.9286 2.794
    vertex 14.732 -13.5636 1.9812
    vertex 19.05 -12.3698 2.2352
  endloop
endfacet
facet normal 0.178053439777046 -0.122052761137492 0.976422089099932
  outer loop
    vertex 19.05 -10.9474 3.0734
    vertex 14.732 -10.9474 3.8608
    vertex 14.732 -11.1506 3.8354
  endloop
endfacet
facet normal 0.178013662153888 -0.381858959825375 -0.906915029585266
  outer loop
    vertex 19.05 -10.9474 -3.048
    vertex 14.732 -12.1158 -3.4036
    vertex 14.732 -11.1506 -3.81
  endloop
endfacet
facet normal -0.737154140200741 0.0 0.675724628517346
  outer loop
    vertex 21.082 -10.6934 -7.3152
    vertex 20.8026 -10.9474 -7.62
    vertex 21.082 -10.9474 -7.3152
  endloop
endfacet
facet normal -0.737154140200741 0.0 0.675724628517346
  outer loop
    vertex 20.8026 -10.9474 -7.62
    vertex 21.082 -10.6934 -7.3152
    vertex 20.8026 -10.6934 -7.62
  endloop
endfacet
facet normal -0.0 -0.640184399664479 0.768221279597377
  outer loop
    vertex 2.8448 -7.0866 -3.0226
    vertex 0.0 -6.9342 -2.8956
    vertex 0.0 -7.0866 -3.0226
  endloop
endfacet
facet normal -0.0 -0.640184399664479 0.768221279597377
  outer loop
    vertex 0.0 -6.9342 -2.8956
    vertex 2.8448 -7.0866 -3.0226
    vertex 2.8448 -6.9342 -2.8956
  endloop
endfacet
facet normal 0.0 0.0 -1.0
  outer loop
    vertex 23.7998 -10.6934 -8.2296
    vertex 22.3012 -10.9474 -8.2296
    vertex 22.3012 -10.6934 -8.2296
  endloop
endfacet
facet normal 0.0 0.0 -1.0
  outer loop
    vertex 22.3012 -10.9474 -8.2296
    vertex 23.7998 -10.6934 -8.2296
    vertex 23.7998 -10.9474 -8.2296
  endloop
endfacet
facet normal -0.739940073395942 0.0 0.672672793996314
  outer loop
    vertex 23.1394 -10.6934 -7.0358
    vertex 22.8854 -10.9474 -7.3152
    vertex 23.1394 -10.9474 -7.0358
  endloop
endfacet
facet normal -0.739940073395942 0.0 0.672672793996314
  outer loop
    vertex 22.8854 -10.9474 -7.3152
    vertex 23.1394 -10.6934 -7.0358
    vertex 22.8854 -10.6934 -7.3152
  endloop
endfacet
facet normal 0.0 -1.0 0.0
  outer loop
    vertex 19.05 -10.9474 9.525
    vertex 14.732 -10.9474 3.8608
    vertex 19.05 -10.9474 3.0734
  endloop
endfacet
facet normal 0.0 -1.0 0.0
  outer loop
    vertex 14.732 -10.9474 3.8608
    vertex 19.05 -10.9474 9.525
    vertex 12.7 -10.9474 3.8608
  endloop
endfacet
facet normal 0.0 -1.0 0.0
  outer loop
    vertex 12.7 -10.9474 3.8608
    vertex 19.05 -10.9474 9.525
    vertex 12.7 -10.9474 4.6482
  endloop
endfacet
facet normal 0.0 -1.0 0.0
  outer loop
    vertex 12.7 -10.9474 4.6482
    vertex 19.05 -10.9474 9.525
    vertex 6.35 -10.9474 4.6482
  endloop
endfacet
facet normal 0.0 -1.0 0.0
  outer loop
    vertex 6.35 -10.9474 4.6482
    vertex 19.05 -10.9474 9.525
    vertex 6.35 -10.9474 6.6802
  endloop
endfacet
endsolid xx2247
