solid PenHolder
facet normal 0.0 -1.0 0.0
  outer loop
    vertex 0.0190834819723351 0.0 -0.437083596942063
    vertex -0.0190834819723338 0.0 -0.437083596942063
    vertex 3.31678966558002e-16 0.0 -0.456
  endloop
endfacet
facet normal 0.0 -1.0 0.0
  outer loop
    vertex 0.057105209096273 0.0 -0.433757126851042
    vertex 0.0190834819723351 0.0 -0.437083596942063
    vertex 0.0397430186929324 0.0 -0.454264782329836
  endloop
endfacet
facet normal 0.0 -1.0 0.0
  outer loop
    vertex 0.0190834819723351 0.0 -0.437083596942063
    vertex 0.057105209096273 0.0 -0.433757126851042
    vertex -0.057105209096272 0.0 -0.433757126851042
  endloop
endfacet
facet normal 0.0 -1.0 0.0
  outer loop
    vertex 0.0946923310979205 0.0 -0.42712950311497
    vertex 0.057105209096273 0.0 -0.433757126851042
    vertex 0.0791835690161205 0.0 -0.449072335373567
  endloop
endfacet
facet normal 0.0 -1.0 0.0
  outer loop
    vertex 0.057105209096273 0.0 -0.433757126851042
    vertex 0.0946923310979205 0.0 -0.42712950311497
    vertex -0.094692331097919 0.0 -0.427129503114971
  endloop
endfacet
facet normal 0.0 -1.0 0.0
  outer loop
    vertex 0.13155878728312 0.0 -0.417251165952349
    vertex 0.0946923310979205 0.0 -0.42712950311497
    vertex 0.11802148456675 0.0 -0.440462176787815
  endloop
endfacet
facet normal 0.0 -1.0 0.0
  outer loop
    vertex 0.0946923310979205 0.0 -0.42712950311497
    vertex 0.13155878728312 0.0 -0.417251165952349
    vertex -0.131558787283119 0.0 -0.41725116595235
  endloop
endfacet
facet normal 0.0 -1.0 0.0
  outer loop
    vertex 0.167424001659728 0.0 -0.404197295473687
    vertex 0.13155878728312 0.0 -0.417251165952349
    vertex 0.155961185356505 0.0 -0.428499835078374
  endloop
endfacet
facet normal 0.0 -1.0 0.0
  outer loop
    vertex 0.13155878728312 0.0 -0.417251165952349
    vertex 0.167424001659728 0.0 -0.404197295473687
    vertex -0.167424001659726 0.0 -0.404197295473688
  endloop
endfacet
facet normal 0.0 -1.0 0.0
  outer loop
    vertex 0.202015018290328 0.0 -0.388067239515472
    vertex 0.167424001659728 0.0 -0.404197295473687
    vertex 0.192713927353759 0.0 -0.413276350888713
  endloop
endfacet
facet normal 0.0 -1.0 0.0
  outer loop
    vertex 0.167424001659728 0.0 -0.404197295473687
    vertex 0.202015018290328 0.0 -0.388067239515472
    vertex -0.202015018290327 0.0 -0.388067239515473
  endloop
endfacet
facet normal 0.0 -1.0 0.0
  outer loop
    vertex -0.202015018290327 0.0 -0.388067239515473
    vertex -0.235068578651734 0.0 -0.368983757543138
    vertex -0.228 0.0 -0.394907584125704
  endloop
endfacet
facet normal 0.0 -1.0 0.0
  outer loop
    vertex -0.235068578651734 0.0 -0.368983757543138
    vertex -0.202015018290327 0.0 -0.388067239515473
    vertex 0.202015018290328 0.0 -0.388067239515472
  endloop
endfacet
facet normal 0.0 -1.0 0.0
  outer loop
    vertex -0.235068578651734 0.0 -0.368983757543138
    vertex 0.202015018290328 0.0 -0.388067239515472
    vertex -7.38130266014155e-17 0.0 -0.369
  endloop
endfacet
facet normal 0.0 -1.0 0.0
  outer loop
    vertex -0.235068578651734 0.0 -0.368983757543138
    vertex -7.38130266014155e-17 0.0 -0.369
    vertex -0.0955042276428305 0.0 -0.356426629900666
  endloop
endfacet
facet normal 0.0 -1.0 0.0
  outer loop
    vertex 0.295570715831852 0.0 -0.322558834854429
    vertex 0.266333125191316 0.0 -0.347092086377415
    vertex 0.293111150017062 0.0 -0.349316266062254
  endloop
endfacet
facet normal 0.0 -1.0 0.0
  outer loop
    vertex 0.293111150017061 0.0 0.349316266062256
    vertex 0.266333125191316 0.0 0.347092086377415
    vertex 0.295570715831852 0.0 0.322558834854429
  endloop
endfacet
facet normal 0.0 -1.0 0.0
  outer loop
    vertex -0.295570715831851 0.0 -0.32255883485443
    vertex -0.293111150017062 0.0 -0.349316266062255
    vertex -0.266333125191315 0.0 -0.347092086377416
  endloop
endfacet
facet normal 0.0 -1.0 0.0
  outer loop
    vertex 0.235068578651736 0.0 -0.368983757543137
    vertex 0.202015018290328 0.0 -0.388067239515472
    vertex 0.228 0.0 -0.394907584125704
  endloop
endfacet
facet normal 0.0 -1.0 0.0
  outer loop
    vertex 0.202015018290328 0.0 -0.388067239515472
    vertex 0.235068578651736 0.0 -0.368983757543137
    vertex -7.38130266014155e-17 0.0 -0.369
  endloop
endfacet
facet normal 0.0 -1.0 0.0
  outer loop
    vertex -7.38130266014155e-17 0.0 -0.369
    vertex 0.235068578651736 0.0 -0.368983757543137
    vertex 0.09550422764283 0.0 -0.356426629900666
  endloop
endfacet
facet normal 0.0 -1.0 0.0
  outer loop
    vertex -0.167424001659726 0.0 -0.404197295473688
    vertex -0.202015018290327 0.0 -0.388067239515473
    vertex -0.192713927353759 0.0 -0.413276350888713
  endloop
endfacet
facet normal 0.0 -1.0 0.0
  outer loop
    vertex -0.202015018290327 0.0 -0.388067239515473
    vertex -0.167424001659726 0.0 -0.404197295473688
    vertex 0.167424001659728 0.0 -0.404197295473687
  endloop
endfacet
facet normal 0.0 -1.0 0.0
  outer loop
    vertex -0.131558787283119 0.0 -0.41725116595235
    vertex -0.167424001659726 0.0 -0.404197295473688
    vertex -0.155961185356504 0.0 -0.428499835078375
  endloop
endfacet
facet normal 0.0 -1.0 0.0
  outer loop
    vertex -0.167424001659726 0.0 -0.404197295473688
    vertex -0.131558787283119 0.0 -0.41725116595235
    vertex 0.13155878728312 0.0 -0.417251165952349
  endloop
endfacet
facet normal 0.0 -1.0 0.0
  outer loop
    vertex -0.094692331097919 0.0 -0.427129503114971
    vertex -0.131558787283119 0.0 -0.41725116595235
    vertex -0.118021484566749 0.0 -0.440462176787815
  endloop
endfacet
facet normal 0.0 -1.0 0.0
  outer loop
    vertex -0.131558787283119 0.0 -0.41725116595235
    vertex -0.094692331097919 0.0 -0.427129503114971
    vertex 0.0946923310979205 0.0 -0.42712950311497
  endloop
endfacet
facet normal 0.0 -1.0 0.0
  outer loop
    vertex -0.057105209096272 0.0 -0.433757126851042
    vertex -0.094692331097919 0.0 -0.427129503114971
    vertex -0.07918356901612 0.0 -0.449072335373567
  endloop
endfacet
facet normal 0.0 -1.0 0.0
  outer loop
    vertex -0.094692331097919 0.0 -0.427129503114971
    vertex -0.057105209096272 0.0 -0.433757126851042
    vertex 0.057105209096273 0.0 -0.433757126851042
  endloop
endfacet
facet normal 0.0 -1.0 0.0
  outer loop
    vertex -0.0190834819723338 0.0 -0.437083596942063
    vertex -0.057105209096272 0.0 -0.433757126851042
    vertex -0.0397430186929318 0.0 -0.454264782329836
  endloop
endfacet
facet normal 0.0 -1.0 0.0
  outer loop
    vertex -0.057105209096272 0.0 -0.433757126851042
    vertex -0.0190834819723338 0.0 -0.437083596942063
    vertex 0.0190834819723351 0.0 -0.437083596942063
  endloop
endfacet
facet normal 0.0 -1.0 0.0
  outer loop
    vertex 0.266333125191316 0.0 -0.347092086377415
    vertex 0.235068578651736 0.0 -0.368983757543137
    vertex 0.261550854976077 0.0 -0.37353333219578
  endloop
endfacet
facet normal 0.0 -1.0 0.0
  outer loop
    vertex 0.235068578651736 0.0 -0.368983757543137
    vertex 0.266333125191316 0.0 -0.347092086377415
    vertex 0.09550422764283 0.0 -0.356426629900666
  endloop
endfacet
facet normal 0.0 -1.0 0.0
  outer loop
    vertex 0.09550422764283 0.0 -0.356426629900666
    vertex 0.266333125191316 0.0 -0.347092086377415
    vertex 0.1845 0.0 -0.319563373996458
  endloop
endfacet
facet normal 0.0 -1.0 0.0
  outer loop
    vertex 0.1845 0.0 -0.319563373996458
    vertex 0.266333125191316 0.0 -0.347092086377415
    vertex 0.295570715831852 0.0 -0.322558834854429
  endloop
endfacet
facet normal 0.0 -1.0 0.0
  outer loop
    vertex 0.1845 0.0 -0.319563373996458
    vertex 0.295570715831852 0.0 -0.322558834854429
    vertex 0.322440692221065 0.0 -0.322440692221065
  endloop
endfacet
facet normal 0.0 -1.0 0.0
  outer loop
    vertex 0.1845 0.0 -0.319563373996458
    vertex 0.322440692221065 0.0 -0.322440692221065
    vertex 0.322558834854429 0.0 -0.295570715831851
  endloop
endfacet
facet normal 0.0 -1.0 0.0
  outer loop
    vertex 0.1845 0.0 -0.319563373996458
    vertex 0.322558834854429 0.0 -0.295570715831851
    vertex 0.260922402257836 0.0 -0.260922402257836
  endloop
endfacet
facet normal 0.0 -1.0 0.0
  outer loop
    vertex 0.260922402257836 0.0 -0.260922402257836
    vertex 0.322558834854429 0.0 -0.295570715831851
    vertex 0.349316266062254 0.0 -0.293111150017062
  endloop
endfacet
facet normal 0.0 -1.0 0.0
  outer loop
    vertex 0.260922402257836 0.0 -0.260922402257836
    vertex 0.349316266062254 0.0 -0.293111150017062
    vertex 0.347092086377416 0.0 -0.266333125191315
  endloop
endfacet
facet normal 0.0 -1.0 0.0
  outer loop
    vertex 0.260922402257836 0.0 -0.260922402257836
    vertex 0.347092086377416 0.0 -0.266333125191315
    vertex 0.37353333219578 0.0 -0.261550854976077
  endloop
endfacet
facet normal 0.0 -1.0 0.0
  outer loop
    vertex 0.260922402257836 0.0 -0.260922402257836
    vertex 0.37353333219578 0.0 -0.261550854976077
    vertex 0.368983757543138 0.0 -0.235068578651735
  endloop
endfacet
facet normal 0.0 -1.0 0.0
  outer loop
    vertex 0.260922402257836 0.0 -0.260922402257836
    vertex 0.368983757543138 0.0 -0.235068578651735
    vertex 0.319563373996458 0.0 -0.1845
  endloop
endfacet
facet normal 0.0 -1.0 0.0
  outer loop
    vertex 0.319563373996458 0.0 -0.1845
    vertex 0.368983757543138 0.0 -0.235068578651735
    vertex 0.394907584125704 0.0 -0.228
  endloop
endfacet
facet normal 0.0 -1.0 0.0
  outer loop
    vertex 0.319563373996458 0.0 -0.1845
    vertex 0.394907584125704 0.0 -0.228
    vertex 0.388067239515472 0.0 -0.202015018290327
  endloop
endfacet
facet normal 0.0 -1.0 0.0
  outer loop
    vertex 0.319563373996458 0.0 -0.1845
    vertex 0.388067239515472 0.0 -0.202015018290327
    vertex 0.413276350888713 0.0 -0.192713927353759
  endloop
endfacet
facet normal 0.0 -1.0 0.0
  outer loop
    vertex 0.319563373996458 0.0 -0.1845
    vertex 0.413276350888713 0.0 -0.192713927353759
    vertex 0.404197295473688 0.0 -0.167424001659727
  endloop
endfacet
facet normal 0.0 -1.0 0.0
  outer loop
    vertex 0.319563373996458 0.0 -0.1845
    vertex 0.404197295473688 0.0 -0.167424001659727
    vertex 0.356426629900666 0.0 -0.0955042276428305
  endloop
endfacet
facet normal 0.0 -1.0 0.0
  outer loop
    vertex 0.356426629900666 0.0 -0.0955042276428305
    vertex 0.404197295473688 0.0 -0.167424001659727
    vertex 0.428499835078374 0.0 -0.155961185356505
  endloop
endfacet
facet normal 0.0 -1.0 0.0
  outer loop
    vertex 0.356426629900666 0.0 -0.0955042276428305
    vertex 0.428499835078374 0.0 -0.155961185356505
    vertex 0.41725116595235 0.0 -0.13155878728312
  endloop
endfacet
facet normal 0.0 -1.0 0.0
  outer loop
    vertex 0.356426629900666 0.0 -0.0955042276428305
    vertex 0.41725116595235 0.0 -0.13155878728312
    vertex 0.440462176787815 0.0 -0.11802148456675
  endloop
endfacet
facet normal 0.0 -1.0 0.0
  outer loop
    vertex 0.356426629900666 0.0 -0.0955042276428305
    vertex 0.440462176787815 0.0 -0.11802148456675
    vertex 0.427129503114971 0.0 -0.09469233109792
  endloop
endfacet
facet normal 0.0 -1.0 0.0
  outer loop
    vertex 0.356426629900666 0.0 -0.0955042276428305
    vertex 0.427129503114971 0.0 -0.09469233109792
    vertex 0.369 0.0 -7.1836715771079e-18
  endloop
endfacet
facet normal 0.0 -1.0 0.0
  outer loop
    vertex 0.369 0.0 -7.1836715771079e-18
    vertex 0.427129503114971 0.0 -0.09469233109792
    vertex 0.449072335373567 0.0 -0.07918356901612
  endloop
endfacet
facet normal 0.0 -1.0 0.0
  outer loop
    vertex 0.369 0.0 -7.1836715771079e-18
    vertex 0.449072335373567 0.0 -0.07918356901612
    vertex 0.433757126851042 0.0 -0.0571052090962725
  endloop
endfacet
facet normal 0.0 -1.0 0.0
  outer loop
    vertex 0.369 0.0 -7.1836715771079e-18
    vertex 0.433757126851042 0.0 -0.0571052090962725
    vertex 0.454264782329836 0.0 -0.0397430186929321
  endloop
endfacet
facet normal 0.0 -1.0 0.0
  outer loop
    vertex 0.369 0.0 -7.1836715771079e-18
    vertex 0.454264782329836 0.0 -0.0397430186929321
    vertex 0.437083596942063 0.0 -0.0190834819723345
  endloop
endfacet
facet normal 0.0 -1.0 0.0
  outer loop
    vertex 0.369 0.0 -7.1836715771079e-18
    vertex 0.437083596942063 0.0 -0.0190834819723345
    vertex 0.456 0.0 0
  endloop
endfacet
facet normal 0.0 -1.0 0.0
  outer loop
    vertex 0.369 0.0 -7.1836715771079e-18
    vertex 0.456 0.0 0
    vertex 0.356426629900666 0.0 0.09550422764283
  endloop
endfacet
facet normal 0.0 -1.0 0.0
  outer loop
    vertex 0.356426629900666 0.0 0.09550422764283
    vertex 0.456 0.0 0
    vertex 0.437083596942063 0.0 0.0190834819723344
  endloop
endfacet
facet normal 0.0 -1.0 0.0
  outer loop
    vertex 0.356426629900666 0.0 0.09550422764283
    vertex 0.437083596942063 0.0 0.0190834819723344
    vertex 0.454264782329836 0.0 0.0397430186929346
  endloop
endfacet
facet normal 0.0 -1.0 0.0
  outer loop
    vertex 0.356426629900666 0.0 0.09550422764283
    vertex 0.454264782329836 0.0 0.0397430186929346
    vertex 0.433757126851042 0.0 0.0571052090962725
  endloop
endfacet
facet normal 0.0 -1.0 0.0
  outer loop
    vertex 0.356426629900666 0.0 0.09550422764283
    vertex 0.433757126851042 0.0 0.0571052090962725
    vertex 0.449072335373567 0.0 0.0791835690161225
  endloop
endfacet
facet normal 0.0 -1.0 0.0
  outer loop
    vertex 0.356426629900666 0.0 0.09550422764283
    vertex 0.449072335373567 0.0 0.0791835690161225
    vertex 0.427129503114971 0.0 0.09469233109792
  endloop
endfacet
facet normal 0.0 -1.0 0.0
  outer loop
    vertex 0.356426629900666 0.0 0.09550422764283
    vertex 0.427129503114971 0.0 0.09469233109792
    vertex 0.440462176787815 0.0 0.118021484566752
  endloop
endfacet
facet normal 0.0 -1.0 0.0
  outer loop
    vertex 0.356426629900666 0.0 0.09550422764283
    vertex 0.440462176787815 0.0 0.118021484566752
    vertex 0.319563373996458 0.0 0.1845
  endloop
endfacet
facet normal 0.0 -1.0 0.0
  outer loop
    vertex 0.319563373996458 0.0 0.1845
    vertex 0.440462176787815 0.0 0.118021484566752
    vertex 0.41725116595235 0.0 0.13155878728312
  endloop
endfacet
facet normal 0.0 -1.0 0.0
  outer loop
    vertex 0.319563373996458 0.0 0.1845
    vertex 0.41725116595235 0.0 0.13155878728312
    vertex 0.428499835078374 0.0 0.155961185356507
  endloop
endfacet
facet normal 0.0 -1.0 0.0
  outer loop
    vertex 0.319563373996458 0.0 0.1845
    vertex 0.428499835078374 0.0 0.155961185356507
    vertex 0.404197295473688 0.0 0.167424001659727
  endloop
endfacet
facet normal 0.0 -1.0 0.0
  outer loop
    vertex 0.319563373996458 0.0 0.1845
    vertex 0.404197295473688 0.0 0.167424001659727
    vertex 0.413276350888712 0.0 0.192713927353761
  endloop
endfacet
facet normal 0.0 -1.0 0.0
  outer loop
    vertex 0.319563373996458 0.0 0.1845
    vertex 0.413276350888712 0.0 0.192713927353761
    vertex 0.388067239515472 0.0 0.202015018290327
  endloop
endfacet
facet normal 0.0 -1.0 0.0
  outer loop
    vertex 0.319563373996458 0.0 0.1845
    vertex 0.388067239515472 0.0 0.202015018290327
    vertex 0.260922402257836 0.0 0.260922402257836
  endloop
endfacet
facet normal 0.0 -1.0 0.0
  outer loop
    vertex 0.260922402257836 0.0 0.260922402257836
    vertex 0.388067239515472 0.0 0.202015018290327
    vertex 0.394907584125703 0.0 0.228000000000002
  endloop
endfacet
facet normal 0.0 -1.0 0.0
  outer loop
    vertex 0.260922402257836 0.0 0.260922402257836
    vertex 0.394907584125703 0.0 0.228000000000002
    vertex 0.368983757543138 0.0 0.235068578651735
  endloop
endfacet
facet normal 0.0 -1.0 0.0
  outer loop
    vertex 0.260922402257836 0.0 0.260922402257836
    vertex 0.368983757543138 0.0 0.235068578651735
    vertex 0.373533332195779 0.0 0.261550854976079
  endloop
endfacet
facet normal 0.0 -1.0 0.0
  outer loop
    vertex 0.260922402257836 0.0 0.260922402257836
    vertex 0.373533332195779 0.0 0.261550854976079
    vertex 0.347092086377416 0.0 0.266333125191315
  endloop
endfacet
facet normal 0.0 -1.0 0.0
  outer loop
    vertex 0.260922402257836 0.0 0.260922402257836
    vertex 0.347092086377416 0.0 0.266333125191315
    vertex 0.1845 0.0 0.319563373996458
  endloop
endfacet
facet normal 0.0 -1.0 0.0
  outer loop
    vertex 0.1845 0.0 0.319563373996458
    vertex 0.347092086377416 0.0 0.266333125191315
    vertex 0.322558834854429 0.0 0.295570715831851
  endloop
endfacet
facet normal 0.0 -1.0 0.0
  outer loop
    vertex 0.322558834854429 0.0 0.295570715831851
    vertex 0.347092086377416 0.0 0.266333125191315
    vertex 0.349316266062253 0.0 0.293111150017064
  endloop
endfacet
facet normal 0.0 -1.0 0.0
  outer loop
    vertex 0.1845 0.0 0.319563373996458
    vertex 0.322558834854429 0.0 0.295570715831851
    vertex 0.322440692221064 0.0 0.322440692221067
  endloop
endfacet
facet normal 0.0 -1.0 0.0
  outer loop
    vertex 0.1845 0.0 0.319563373996458
    vertex 0.322440692221064 0.0 0.322440692221067
    vertex 0.295570715831852 0.0 0.322558834854429
  endloop
endfacet
facet normal 0.0 -1.0 0.0
  outer loop
    vertex 0.1845 0.0 0.319563373996458
    vertex 0.295570715831852 0.0 0.322558834854429
    vertex 0.09550422764283 0.0 0.356426629900666
  endloop
endfacet
facet normal 0.0 -1.0 0.0
  outer loop
    vertex 0.09550422764283 0.0 0.356426629900666
    vertex 0.295570715831852 0.0 0.322558834854429
    vertex 0.266333125191316 0.0 0.347092086377415
  endloop
endfacet
facet normal 0.0 -1.0 0.0
  outer loop
    vertex 0.09550422764283 0.0 0.356426629900666
    vertex 0.266333125191316 0.0 0.347092086377415
    vertex 0.235068578651735 0.0 0.368983757543138
  endloop
endfacet
facet normal 0.0 -1.0 0.0
  outer loop
    vertex 0.235068578651735 0.0 0.368983757543138
    vertex 0.266333125191316 0.0 0.347092086377415
    vertex 0.261550854976075 0.0 0.373533332195781
  endloop
endfacet
facet normal 0.0 -1.0 0.0
  outer loop
    vertex 0.235068578651735 0.0 0.368983757543138
    vertex 2.93934565852105e-17 0.0 0.369
    vertex 0.09550422764283 0.0 0.356426629900666
  endloop
endfacet
facet normal 0.0 -1.0 0.0
  outer loop
    vertex 2.93934565852105e-17 0.0 0.369
    vertex 0.235068578651735 0.0 0.368983757543138
    vertex 0.202015018290328 0.0 0.388067239515472
  endloop
endfacet
facet normal 0.0 -1.0 0.0
  outer loop
    vertex 0.202015018290328 0.0 0.388067239515472
    vertex 0.235068578651735 0.0 0.368983757543138
    vertex 0.227999999999999 0.0 0.394907584125705
  endloop
endfacet
facet normal 0.0 -1.0 0.0
  outer loop
    vertex 0.202015018290328 0.0 0.388067239515472
    vertex 0.167424001659727 0.0 0.404197295473688
    vertex -0.202015018290327 0.0 0.388067239515473
  endloop
endfacet
facet normal 0.0 -1.0 0.0
  outer loop
    vertex 0.167424001659727 0.0 0.404197295473688
    vertex 0.202015018290328 0.0 0.388067239515472
    vertex 0.192713927353757 0.0 0.413276350888713
  endloop
endfacet
facet normal 0.0 -1.0 0.0
  outer loop
    vertex 0.167424001659727 0.0 0.404197295473688
    vertex 0.13155878728312 0.0 0.417251165952349
    vertex -0.167424001659726 0.0 0.404197295473688
  endloop
endfacet
facet normal 0.0 -1.0 0.0
  outer loop
    vertex 0.13155878728312 0.0 0.417251165952349
    vertex 0.167424001659727 0.0 0.404197295473688
    vertex 0.155961185356503 0.0 0.428499835078375
  endloop
endfacet
facet normal 0.0 -1.0 0.0
  outer loop
    vertex 0.13155878728312 0.0 0.417251165952349
    vertex 0.0946923310979205 0.0 0.42712950311497
    vertex -0.131558787283119 0.0 0.41725116595235
  endloop
endfacet
facet normal 0.0 -1.0 0.0
  outer loop
    vertex 0.0946923310979205 0.0 0.42712950311497
    vertex 0.13155878728312 0.0 0.417251165952349
    vertex 0.118021484566748 0.0 0.440462176787816
  endloop
endfacet
facet normal 0.0 -1.0 0.0
  outer loop
    vertex 0.0946923310979205 0.0 0.42712950311497
    vertex 0.057105209096273 0.0 0.433757126851042
    vertex -0.0946923310979195 0.0 0.427129503114971
  endloop
endfacet
facet normal 0.0 -1.0 0.0
  outer loop
    vertex 0.057105209096273 0.0 0.433757126851042
    vertex 0.0946923310979205 0.0 0.42712950311497
    vertex 0.0791835690161185 0.0 0.449072335373567
  endloop
endfacet
facet normal 0.0 -1.0 0.0
  outer loop
    vertex 0.057105209096273 0.0 0.433757126851042
    vertex 0.0190834819723351 0.0 0.437083596942063
    vertex -0.057105209096272 0.0 0.433757126851042
  endloop
endfacet
facet normal 0.0 -1.0 0.0
  outer loop
    vertex 0.0190834819723351 0.0 0.437083596942063
    vertex 0.057105209096273 0.0 0.433757126851042
    vertex 0.0397430186929304 0.0 0.454264782329836
  endloop
endfacet
facet normal 0.0 -1.0 0.0
  outer loop
    vertex -1.70380327859471e-15 0.0 0.456
    vertex -0.0190834819723339 0.0 0.437083596942063
    vertex 0.0190834819723351 0.0 0.437083596942063
  endloop
endfacet
facet normal 0.0 -1.0 0.0
  outer loop
    vertex -0.057105209096272 0.0 0.433757126851042
    vertex -0.0190834819723339 0.0 0.437083596942063
    vertex -0.0397430186929338 0.0 0.454264782329836
  endloop
endfacet
facet normal 0.0 -1.0 0.0
  outer loop
    vertex -0.0190834819723339 0.0 0.437083596942063
    vertex -0.057105209096272 0.0 0.433757126851042
    vertex 0.0190834819723351 0.0 0.437083596942063
  endloop
endfacet
facet normal 0.0 -1.0 0.0
  outer loop
    vertex -0.0946923310979195 0.0 0.427129503114971
    vertex -0.057105209096272 0.0 0.433757126851042
    vertex -0.079183569016122 0.0 0.449072335373567
  endloop
endfacet
facet normal 0.0 -1.0 0.0
  outer loop
    vertex -0.057105209096272 0.0 0.433757126851042
    vertex -0.0946923310979195 0.0 0.427129503114971
    vertex 0.057105209096273 0.0 0.433757126851042
  endloop
endfacet
facet normal 0.0 -1.0 0.0
  outer loop
    vertex -0.131558787283119 0.0 0.41725116595235
    vertex -0.0946923310979195 0.0 0.427129503114971
    vertex -0.118021484566751 0.0 0.440462176787815
  endloop
endfacet
facet normal 0.0 -1.0 0.0
  outer loop
    vertex -0.0946923310979195 0.0 0.427129503114971
    vertex -0.131558787283119 0.0 0.41725116595235
    vertex 0.0946923310979205 0.0 0.42712950311497
  endloop
endfacet
facet normal 0.0 -1.0 0.0
  outer loop
    vertex -0.167424001659726 0.0 0.404197295473688
    vertex -0.131558787283119 0.0 0.41725116595235
    vertex -0.155961185356506 0.0 0.428499835078374
  endloop
endfacet
facet normal 0.0 -1.0 0.0
  outer loop
    vertex -0.131558787283119 0.0 0.41725116595235
    vertex -0.167424001659726 0.0 0.404197295473688
    vertex 0.13155878728312 0.0 0.417251165952349
  endloop
endfacet
facet normal 0.0 -1.0 0.0
  outer loop
    vertex -0.202015018290327 0.0 0.388067239515473
    vertex -0.167424001659726 0.0 0.404197295473688
    vertex -0.192713927353761 0.0 0.413276350888712
  endloop
endfacet
facet normal 0.0 -1.0 0.0
  outer loop
    vertex -0.167424001659726 0.0 0.404197295473688
    vertex -0.202015018290327 0.0 0.388067239515473
    vertex 0.167424001659727 0.0 0.404197295473688
  endloop
endfacet
facet normal 0.0 -1.0 0.0
  outer loop
    vertex 2.93934565852105e-17 0.0 0.369
    vertex -0.235068578651734 0.0 0.368983757543138
    vertex -0.09550422764283 0.0 0.356426629900666
  endloop
endfacet
facet normal 0.0 -1.0 0.0
  outer loop
    vertex -0.235068578651734 0.0 0.368983757543138
    vertex 2.93934565852105e-17 0.0 0.369
    vertex -0.202015018290327 0.0 0.388067239515473
  endloop
endfacet
facet normal 0.0 -1.0 0.0
  outer loop
    vertex -0.235068578651734 0.0 0.368983757543138
    vertex -0.202015018290327 0.0 0.388067239515473
    vertex -0.228000000000001 0.0 0.394907584125703
  endloop
endfacet
facet normal 0.0 -1.0 0.0
  outer loop
    vertex -0.202015018290327 0.0 0.388067239515473
    vertex 2.93934565852105e-17 0.0 0.369
    vertex 0.202015018290328 0.0 0.388067239515472
  endloop
endfacet
facet normal 0.0 -1.0 0.0
  outer loop
    vertex -0.235068578651734 0.0 -0.368983757543138
    vertex -0.266333125191315 0.0 -0.347092086377416
    vertex -0.261550854976076 0.0 -0.37353333219578
  endloop
endfacet
facet normal 0.0 -1.0 0.0
  outer loop
    vertex -0.266333125191315 0.0 -0.347092086377416
    vertex -0.235068578651734 0.0 -0.368983757543138
    vertex -0.0955042276428305 0.0 -0.356426629900666
  endloop
endfacet
facet normal 0.0 -1.0 0.0
  outer loop
    vertex -0.266333125191315 0.0 -0.347092086377416
    vertex -0.0955042276428305 0.0 -0.356426629900666
    vertex -0.1845 0.0 -0.319563373996458
  endloop
endfacet
facet normal 0.0 -1.0 0.0
  outer loop
    vertex -0.266333125191315 0.0 -0.347092086377416
    vertex -0.1845 0.0 -0.319563373996458
    vertex -0.295570715831851 0.0 -0.32255883485443
  endloop
endfacet
facet normal 0.0 -1.0 0.0
  outer loop
    vertex -0.295570715831851 0.0 -0.32255883485443
    vertex -0.1845 0.0 -0.319563373996458
    vertex -0.322440692221065 0.0 -0.322440692221066
  endloop
endfacet
facet normal 0.0 -1.0 0.0
  outer loop
    vertex -0.322440692221065 0.0 -0.322440692221066
    vertex -0.1845 0.0 -0.319563373996458
    vertex -0.322558834854428 0.0 -0.295570715831852
  endloop
endfacet
facet normal 0.0 -1.0 0.0
  outer loop
    vertex -0.322558834854428 0.0 -0.295570715831852
    vertex -0.1845 0.0 -0.319563373996458
    vertex -0.260922402257836 0.0 -0.260922402257836
  endloop
endfacet
facet normal 0.0 -1.0 0.0
  outer loop
    vertex -0.322558834854428 0.0 -0.295570715831852
    vertex -0.260922402257836 0.0 -0.260922402257836
    vertex -0.349316266062254 0.0 -0.293111150017063
  endloop
endfacet
facet normal 0.0 -1.0 0.0
  outer loop
    vertex -0.349316266062254 0.0 -0.293111150017063
    vertex -0.260922402257836 0.0 -0.260922402257836
    vertex -0.347092086377415 0.0 -0.266333125191316
  endloop
endfacet
facet normal 0.0 -1.0 0.0
  outer loop
    vertex -0.347092086377415 0.0 -0.266333125191316
    vertex -0.260922402257836 0.0 -0.260922402257836
    vertex -0.37353333219578 0.0 -0.261550854976077
  endloop
endfacet
facet normal 0.0 -1.0 0.0
  outer loop
    vertex -0.37353333219578 0.0 -0.261550854976077
    vertex -0.260922402257836 0.0 -0.260922402257836
    vertex -0.368983757543137 0.0 -0.235068578651736
  endloop
endfacet
facet normal 0.0 -1.0 0.0
  outer loop
    vertex -0.368983757543137 0.0 -0.235068578651736
    vertex -0.260922402257836 0.0 -0.260922402257836
    vertex -0.319563373996458 0.0 -0.1845
  endloop
endfacet
facet normal 0.0 -1.0 0.0
  outer loop
    vertex -0.368983757543137 0.0 -0.235068578651736
    vertex -0.319563373996458 0.0 -0.1845
    vertex -0.394907584125703 0.0 -0.228000000000001
  endloop
endfacet
facet normal 0.0 -1.0 0.0
  outer loop
    vertex -0.394907584125703 0.0 -0.228000000000001
    vertex -0.319563373996458 0.0 -0.1845
    vertex -0.388067239515472 0.0 -0.202015018290328
  endloop
endfacet
facet normal 0.0 -1.0 0.0
  outer loop
    vertex -0.388067239515472 0.0 -0.202015018290328
    vertex -0.319563373996458 0.0 -0.1845
    vertex -0.413276350888712 0.0 -0.19271392735376
  endloop
endfacet
facet normal 0.0 -1.0 0.0
  outer loop
    vertex -0.413276350888712 0.0 -0.19271392735376
    vertex -0.319563373996458 0.0 -0.1845
    vertex -0.404197295473687 0.0 -0.167424001659728
  endloop
endfacet
facet normal 0.0 -1.0 0.0
  outer loop
    vertex -0.404197295473687 0.0 -0.167424001659728
    vertex -0.319563373996458 0.0 -0.1845
    vertex -0.356426629900666 0.0 -0.09550422764283
  endloop
endfacet
facet normal 0.0 -1.0 0.0
  outer loop
    vertex -0.404197295473687 0.0 -0.167424001659728
    vertex -0.356426629900666 0.0 -0.09550422764283
    vertex -0.428499835078374 0.0 -0.155961185356505
  endloop
endfacet
facet normal 0.0 -1.0 0.0
  outer loop
    vertex -0.428499835078374 0.0 -0.155961185356505
    vertex -0.356426629900666 0.0 -0.09550422764283
    vertex -0.417251165952349 0.0 -0.131558787283121
  endloop
endfacet
facet normal 0.0 -1.0 0.0
  outer loop
    vertex -0.417251165952349 0.0 -0.131558787283121
    vertex -0.356426629900666 0.0 -0.09550422764283
    vertex -0.440462176787815 0.0 -0.118021484566751
  endloop
endfacet
facet normal 0.0 -1.0 0.0
  outer loop
    vertex -0.440462176787815 0.0 -0.118021484566751
    vertex -0.356426629900666 0.0 -0.09550422764283
    vertex -0.42712950311497 0.0 -0.094692331097921
  endloop
endfacet
facet normal 0.0 -1.0 0.0
  outer loop
    vertex -0.42712950311497 0.0 -0.094692331097921
    vertex -0.356426629900666 0.0 -0.09550422764283
    vertex -0.369 0.0 5.1603241593313e-17
  endloop
endfacet
facet normal 0.0 -1.0 0.0
  outer loop
    vertex -0.42712950311497 0.0 -0.094692331097921
    vertex -0.369 0.0 5.1603241593313e-17
    vertex -0.449072335373567 0.0 -0.079183569016121
  endloop
endfacet
facet normal 0.0 -1.0 0.0
  outer loop
    vertex -0.449072335373567 0.0 -0.079183569016121
    vertex -0.369 0.0 5.1603241593313e-17
    vertex -0.433757126851042 0.0 -0.0571052090962735
  endloop
endfacet
facet normal 0.0 -1.0 0.0
  outer loop
    vertex -0.433757126851042 0.0 -0.0571052090962735
    vertex -0.369 0.0 5.1603241593313e-17
    vertex -0.454264782329836 0.0 -0.0397430186929332
  endloop
endfacet
facet normal 0.0 -1.0 0.0
  outer loop
    vertex -0.454264782329836 0.0 -0.0397430186929332
    vertex -0.369 0.0 5.1603241593313e-17
    vertex -0.437083596942063 0.0 -0.0190834819723356
  endloop
endfacet
facet normal 0.0 -1.0 0.0
  outer loop
    vertex -0.437083596942063 0.0 -0.0190834819723356
    vertex -0.369 0.0 5.1603241593313e-17
    vertex -0.456 0.0 -1.06836729249926e-15
  endloop
endfacet
facet normal 0.0 -1.0 0.0
  outer loop
    vertex -0.456 0.0 -1.06836729249926e-15
    vertex -0.369 0.0 5.1603241593313e-17
    vertex -0.437083596942063 0.0 0.0190834819723334
  endloop
endfacet
facet normal 0.0 -1.0 0.0
  outer loop
    vertex -0.437083596942063 0.0 0.0190834819723334
    vertex -0.369 0.0 5.1603241593313e-17
    vertex -0.356426629900666 0.0 0.09550422764283
  endloop
endfacet
facet normal 0.0 -1.0 0.0
  outer loop
    vertex -0.437083596942063 0.0 0.0190834819723334
    vertex -0.356426629900666 0.0 0.09550422764283
    vertex -0.454264782329836 0.0 0.039743018692931
  endloop
endfacet
facet normal 0.0 -1.0 0.0
  outer loop
    vertex -0.454264782329836 0.0 0.039743018692931
    vertex -0.356426629900666 0.0 0.09550422764283
    vertex -0.433757126851042 0.0 0.057105209096274
  endloop
endfacet
facet normal 0.0 -1.0 0.0
  outer loop
    vertex -0.433757126851042 0.0 0.057105209096274
    vertex -0.356426629900666 0.0 0.09550422764283
    vertex -0.449072335373567 0.0 0.079183569016119
  endloop
endfacet
facet normal 0.0 -1.0 0.0
  outer loop
    vertex -0.449072335373567 0.0 0.079183569016119
    vertex -0.356426629900666 0.0 0.09550422764283
    vertex -0.42712950311497 0.0 0.0946923310979215
  endloop
endfacet
facet normal 0.0 -1.0 0.0
  outer loop
    vertex -0.42712950311497 0.0 0.0946923310979215
    vertex -0.356426629900666 0.0 0.09550422764283
    vertex -0.440462176787816 0.0 0.118021484566749
  endloop
endfacet
facet normal 0.0 -1.0 0.0
  outer loop
    vertex -0.440462176787816 0.0 0.118021484566749
    vertex -0.356426629900666 0.0 0.09550422764283
    vertex -0.319563373996458 0.0 0.1845
  endloop
endfacet
facet normal 0.0 -1.0 0.0
  outer loop
    vertex -0.440462176787816 0.0 0.118021484566749
    vertex -0.319563373996458 0.0 0.1845
    vertex -0.417251165952349 0.0 0.131558787283121
  endloop
endfacet
facet normal 0.0 -1.0 0.0
  outer loop
    vertex -0.417251165952349 0.0 0.131558787283121
    vertex -0.319563373996458 0.0 0.1845
    vertex -0.428499835078375 0.0 0.155961185356503
  endloop
endfacet
facet normal 0.0 -1.0 0.0
  outer loop
    vertex -0.428499835078375 0.0 0.155961185356503
    vertex -0.319563373996458 0.0 0.1845
    vertex -0.404197295473687 0.0 0.167424001659728
  endloop
endfacet
facet normal 0.0 -1.0 0.0
  outer loop
    vertex -0.404197295473687 0.0 0.167424001659728
    vertex -0.319563373996458 0.0 0.1845
    vertex -0.413276350888713 0.0 0.192713927353758
  endloop
endfacet
facet normal 0.0 -1.0 0.0
  outer loop
    vertex -0.413276350888713 0.0 0.192713927353758
    vertex -0.319563373996458 0.0 0.1845
    vertex -0.388067239515472 0.0 0.202015018290329
  endloop
endfacet
facet normal 0.0 -1.0 0.0
  outer loop
    vertex -0.388067239515472 0.0 0.202015018290329
    vertex -0.319563373996458 0.0 0.1845
    vertex -0.260922402257836 0.0 0.260922402257836
  endloop
endfacet
facet normal 0.0 -1.0 0.0
  outer loop
    vertex -0.388067239515472 0.0 0.202015018290329
    vertex -0.260922402257836 0.0 0.260922402257836
    vertex -0.394907584125704 0.0 0.227999999999999
  endloop
endfacet
facet normal 0.0 -1.0 0.0
  outer loop
    vertex -0.394907584125704 0.0 0.227999999999999
    vertex -0.260922402257836 0.0 0.260922402257836
    vertex -0.368983757543137 0.0 0.235068578651736
  endloop
endfacet
facet normal 0.0 -1.0 0.0
  outer loop
    vertex -0.368983757543137 0.0 0.235068578651736
    vertex -0.260922402257836 0.0 0.260922402257836
    vertex -0.373533332195781 0.0 0.261550854976076
  endloop
endfacet
facet normal 0.0 -1.0 0.0
  outer loop
    vertex -0.373533332195781 0.0 0.261550854976076
    vertex -0.260922402257836 0.0 0.260922402257836
    vertex -0.347092086377415 0.0 0.266333125191316
  endloop
endfacet
facet normal 0.0 -1.0 0.0
  outer loop
    vertex -0.347092086377415 0.0 0.266333125191316
    vertex -0.260922402257836 0.0 0.260922402257836
    vertex -0.1845 0.0 0.319563373996458
  endloop
endfacet
facet normal 0.0 -1.0 0.0
  outer loop
    vertex -0.347092086377415 0.0 0.266333125191316
    vertex -0.1845 0.0 0.319563373996458
    vertex -0.322558834854428 0.0 0.295570715831852
  endloop
endfacet
facet normal 0.0 -1.0 0.0
  outer loop
    vertex -0.347092086377415 0.0 0.266333125191316
    vertex -0.322558834854428 0.0 0.295570715831852
    vertex -0.349316266062255 0.0 0.293111150017061
  endloop
endfacet
facet normal 0.0 -1.0 0.0
  outer loop
    vertex -0.322558834854428 0.0 0.295570715831852
    vertex -0.1845 0.0 0.319563373996458
    vertex -0.322440692221067 0.0 0.322440692221064
  endloop
endfacet
facet normal 0.0 -1.0 0.0
  outer loop
    vertex -0.322440692221067 0.0 0.322440692221064
    vertex -0.1845 0.0 0.319563373996458
    vertex -0.295570715831851 0.0 0.32255883485443
  endloop
endfacet
facet normal 0.0 -1.0 0.0
  outer loop
    vertex -0.295570715831851 0.0 0.32255883485443
    vertex -0.1845 0.0 0.319563373996458
    vertex -0.09550422764283 0.0 0.356426629900666
  endloop
endfacet
facet normal 0.0 -1.0 0.0
  outer loop
    vertex -0.295570715831851 0.0 0.32255883485443
    vertex -0.09550422764283 0.0 0.356426629900666
    vertex -0.266333125191315 0.0 0.347092086377416
  endloop
endfacet
facet normal 0.0 -1.0 0.0
  outer loop
    vertex -0.266333125191315 0.0 0.347092086377416
    vertex -0.09550422764283 0.0 0.356426629900666
    vertex -0.235068578651734 0.0 0.368983757543138
  endloop
endfacet
facet normal 0.0 -1.0 0.0
  outer loop
    vertex -0.266333125191315 0.0 0.347092086377416
    vertex -0.235068578651734 0.0 0.368983757543138
    vertex -0.261550854976078 0.0 0.373533332195779
  endloop
endfacet
facet normal 0.0 -1.0 0.0
  outer loop
    vertex -0.293111150017063 0.0 0.349316266062253
    vertex -0.295570715831851 0.0 0.32255883485443
    vertex -0.266333125191315 0.0 0.347092086377416
  endloop
endfacet
facet normal 0.0 1.0 0.0
  outer loop
    vertex -0.057105209096272 1.75 -0.433757126851042
    vertex -0.0190834819723338 1.75 -0.437083596942063
    vertex -0.0397430186929318 1.75 -0.454264782329836
  endloop
endfacet
facet normal 0.0 1.0 0.0
  outer loop
    vertex -0.0190834819723338 1.75 -0.437083596942063
    vertex -0.057105209096272 1.75 -0.433757126851042
    vertex 0.0190834819723351 1.75 -0.437083596942063
  endloop
endfacet
facet normal 0.0 1.0 0.0
  outer loop
    vertex -0.094692331097919 1.75 -0.427129503114971
    vertex -0.057105209096272 1.75 -0.433757126851042
    vertex -0.07918356901612 1.75 -0.449072335373567
  endloop
endfacet
facet normal 0.0 1.0 0.0
  outer loop
    vertex -0.057105209096272 1.75 -0.433757126851042
    vertex -0.094692331097919 1.75 -0.427129503114971
    vertex 0.057105209096273 1.75 -0.433757126851042
  endloop
endfacet
facet normal 0.0 1.0 0.0
  outer loop
    vertex -0.131558787283119 1.75 -0.41725116595235
    vertex -0.094692331097919 1.75 -0.427129503114971
    vertex -0.118021484566749 1.75 -0.440462176787815
  endloop
endfacet
facet normal 0.0 1.0 0.0
  outer loop
    vertex -0.094692331097919 1.75 -0.427129503114971
    vertex -0.131558787283119 1.75 -0.41725116595235
    vertex 0.0946923310979205 1.75 -0.42712950311497
  endloop
endfacet
facet normal 0.0 1.0 0.0
  outer loop
    vertex -0.167424001659726 1.75 -0.404197295473688
    vertex -0.131558787283119 1.75 -0.41725116595235
    vertex -0.155961185356504 1.75 -0.428499835078375
  endloop
endfacet
facet normal 0.0 1.0 0.0
  outer loop
    vertex -0.131558787283119 1.75 -0.41725116595235
    vertex -0.167424001659726 1.75 -0.404197295473688
    vertex 0.13155878728312 1.75 -0.417251165952349
  endloop
endfacet
facet normal 0.0 1.0 0.0
  outer loop
    vertex -0.202015018290327 1.75 -0.388067239515473
    vertex -0.167424001659726 1.75 -0.404197295473688
    vertex -0.192713927353759 1.75 -0.413276350888713
  endloop
endfacet
facet normal 0.0 1.0 0.0
  outer loop
    vertex -0.167424001659726 1.75 -0.404197295473688
    vertex -0.202015018290327 1.75 -0.388067239515473
    vertex 0.167424001659728 1.75 -0.404197295473687
  endloop
endfacet
facet normal 0.0 1.0 0.0
  outer loop
    vertex 0.202015018290328 1.75 -0.388067239515472
    vertex 0.235068578651736 1.75 -0.368983757543137
    vertex 0.228 1.75 -0.394907584125704
  endloop
endfacet
facet normal 0.0 1.0 0.0
  outer loop
    vertex 0.235068578651736 1.75 -0.368983757543137
    vertex 0.202015018290328 1.75 -0.388067239515472
    vertex -6.7784200332806e-17 1.75 -0.369
  endloop
endfacet
facet normal 0.0 1.0 0.0
  outer loop
    vertex 0.235068578651736 1.75 -0.368983757543137
    vertex -6.7784200332806e-17 1.75 -0.369
    vertex 0.09550422764283 1.75 -0.356426629900666
  endloop
endfacet
facet normal 0.0 1.0 0.0
  outer loop
    vertex -0.295570715831851 1.75 -0.32255883485443
    vertex -0.266333125191315 1.75 -0.347092086377416
    vertex -0.293111150017062 1.75 -0.349316266062255
  endloop
endfacet
facet normal 0.0 1.0 0.0
  outer loop
    vertex 0.295570715831852 1.75 -0.322558834854429
    vertex 0.293111150017062 1.75 -0.349316266062254
    vertex 0.266333125191316 1.75 -0.347092086377415
  endloop
endfacet
facet normal 0.0 1.0 0.0
  outer loop
    vertex -0.235068578651734 1.75 -0.368983757543138
    vertex -0.202015018290327 1.75 -0.388067239515473
    vertex -0.228 1.75 -0.394907584125704
  endloop
endfacet
facet normal 0.0 1.0 0.0
  outer loop
    vertex -0.202015018290327 1.75 -0.388067239515473
    vertex -0.235068578651734 1.75 -0.368983757543138
    vertex 0.202015018290328 1.75 -0.388067239515472
  endloop
endfacet
facet normal 0.0 1.0 0.0
  outer loop
    vertex 0.202015018290328 1.75 -0.388067239515472
    vertex -0.235068578651734 1.75 -0.368983757543138
    vertex -6.7784200332806e-17 1.75 -0.369
  endloop
endfacet
facet normal 0.0 1.0 0.0
  outer loop
    vertex -6.7784200332806e-17 1.75 -0.369
    vertex -0.235068578651734 1.75 -0.368983757543138
    vertex -0.0955042276428305 1.75 -0.356426629900666
  endloop
endfacet
facet normal 0.0 1.0 0.0
  outer loop
    vertex 0.167424001659728 1.75 -0.404197295473687
    vertex 0.202015018290328 1.75 -0.388067239515472
    vertex 0.192713927353759 1.75 -0.413276350888713
  endloop
endfacet
facet normal 0.0 1.0 0.0
  outer loop
    vertex 0.202015018290328 1.75 -0.388067239515472
    vertex 0.167424001659728 1.75 -0.404197295473687
    vertex -0.202015018290327 1.75 -0.388067239515473
  endloop
endfacet
facet normal 0.0 1.0 0.0
  outer loop
    vertex 0.13155878728312 1.75 -0.417251165952349
    vertex 0.167424001659728 1.75 -0.404197295473687
    vertex 0.155961185356505 1.75 -0.428499835078374
  endloop
endfacet
facet normal 0.0 1.0 0.0
  outer loop
    vertex 0.167424001659728 1.75 -0.404197295473687
    vertex 0.13155878728312 1.75 -0.417251165952349
    vertex -0.167424001659726 1.75 -0.404197295473688
  endloop
endfacet
facet normal 0.0 1.0 0.0
  outer loop
    vertex 0.0946923310979205 1.75 -0.42712950311497
    vertex 0.13155878728312 1.75 -0.417251165952349
    vertex 0.11802148456675 1.75 -0.440462176787815
  endloop
endfacet
facet normal 0.0 1.0 0.0
  outer loop
    vertex 0.13155878728312 1.75 -0.417251165952349
    vertex 0.0946923310979205 1.75 -0.42712950311497
    vertex -0.131558787283119 1.75 -0.41725116595235
  endloop
endfacet
facet normal 0.0 1.0 0.0
  outer loop
    vertex 0.057105209096273 1.75 -0.433757126851042
    vertex 0.0946923310979205 1.75 -0.42712950311497
    vertex 0.0791835690161205 1.75 -0.449072335373567
  endloop
endfacet
facet normal 0.0 1.0 0.0
  outer loop
    vertex 0.0946923310979205 1.75 -0.42712950311497
    vertex 0.057105209096273 1.75 -0.433757126851042
    vertex -0.094692331097919 1.75 -0.427129503114971
  endloop
endfacet
facet normal 0.0 1.0 0.0
  outer loop
    vertex 0.0190834819723351 1.75 -0.437083596942063
    vertex 0.057105209096273 1.75 -0.433757126851042
    vertex 0.0397430186929324 1.75 -0.454264782329836
  endloop
endfacet
facet normal 0.0 1.0 0.0
  outer loop
    vertex 0.057105209096273 1.75 -0.433757126851042
    vertex 0.0190834819723351 1.75 -0.437083596942063
    vertex -0.057105209096272 1.75 -0.433757126851042
  endloop
endfacet
facet normal 0.0 1.0 0.0
  outer loop
    vertex 0.0190834819723351 1.75 -0.437083596942063
    vertex 3.31678966558002e-16 1.75 -0.456
    vertex -0.0190834819723338 1.75 -0.437083596942063
  endloop
endfacet
facet normal 0.0 1.0 0.0
  outer loop
    vertex -0.293111150017063 1.75 0.349316266062253
    vertex -0.266333125191315 1.75 0.347092086377416
    vertex -0.295570715831851 1.75 0.32255883485443
  endloop
endfacet
facet normal 0.0 1.0 0.0
  outer loop
    vertex 0.235068578651736 1.75 -0.368983757543137
    vertex 0.266333125191316 1.75 -0.347092086377415
    vertex 0.261550854976077 1.75 -0.37353333219578
  endloop
endfacet
facet normal 0.0 1.0 0.0
  outer loop
    vertex 0.266333125191316 1.75 -0.347092086377415
    vertex 0.235068578651736 1.75 -0.368983757543137
    vertex 0.09550422764283 1.75 -0.356426629900666
  endloop
endfacet
facet normal 0.0 1.0 0.0
  outer loop
    vertex 0.266333125191316 1.75 -0.347092086377415
    vertex 0.09550422764283 1.75 -0.356426629900666
    vertex 0.1845 1.75 -0.319563373996458
  endloop
endfacet
facet normal 0.0 1.0 0.0
  outer loop
    vertex 0.266333125191316 1.75 -0.347092086377415
    vertex 0.1845 1.75 -0.319563373996458
    vertex 0.295570715831852 1.75 -0.322558834854429
  endloop
endfacet
facet normal 0.0 1.0 0.0
  outer loop
    vertex 0.295570715831852 1.75 -0.322558834854429
    vertex 0.1845 1.75 -0.319563373996458
    vertex 0.322440692221065 1.75 -0.322440692221065
  endloop
endfacet
facet normal 0.0 1.0 0.0
  outer loop
    vertex 0.322440692221065 1.75 -0.322440692221065
    vertex 0.1845 1.75 -0.319563373996458
    vertex 0.322558834854429 1.75 -0.295570715831851
  endloop
endfacet
facet normal 0.0 1.0 0.0
  outer loop
    vertex 0.322558834854429 1.75 -0.295570715831851
    vertex 0.1845 1.75 -0.319563373996458
    vertex 0.260922402257836 1.75 -0.260922402257836
  endloop
endfacet
facet normal 0.0 1.0 0.0
  outer loop
    vertex 0.322558834854429 1.75 -0.295570715831851
    vertex 0.260922402257836 1.75 -0.260922402257836
    vertex 0.349316266062254 1.75 -0.293111150017062
  endloop
endfacet
facet normal 0.0 1.0 0.0
  outer loop
    vertex 0.349316266062254 1.75 -0.293111150017062
    vertex 0.260922402257836 1.75 -0.260922402257836
    vertex 0.347092086377416 1.75 -0.266333125191315
  endloop
endfacet
facet normal 0.0 1.0 0.0
  outer loop
    vertex 0.347092086377416 1.75 -0.266333125191315
    vertex 0.260922402257836 1.75 -0.260922402257836
    vertex 0.37353333219578 1.75 -0.261550854976077
  endloop
endfacet
facet normal 0.0 1.0 0.0
  outer loop
    vertex 0.37353333219578 1.75 -0.261550854976077
    vertex 0.260922402257836 1.75 -0.260922402257836
    vertex 0.368983757543138 1.75 -0.235068578651735
  endloop
endfacet
facet normal 0.0 1.0 0.0
  outer loop
    vertex 0.368983757543138 1.75 -0.235068578651735
    vertex 0.260922402257836 1.75 -0.260922402257836
    vertex 0.319563373996458 1.75 -0.1845
  endloop
endfacet
facet normal 0.0 1.0 0.0
  outer loop
    vertex 0.368983757543138 1.75 -0.235068578651735
    vertex 0.319563373996458 1.75 -0.1845
    vertex 0.394907584125704 1.75 -0.228
  endloop
endfacet
facet normal 0.0 1.0 0.0
  outer loop
    vertex 0.394907584125704 1.75 -0.228
    vertex 0.319563373996458 1.75 -0.1845
    vertex 0.388067239515472 1.75 -0.202015018290327
  endloop
endfacet
facet normal 0.0 1.0 0.0
  outer loop
    vertex 0.388067239515472 1.75 -0.202015018290327
    vertex 0.319563373996458 1.75 -0.1845
    vertex 0.413276350888713 1.75 -0.192713927353759
  endloop
endfacet
facet normal 0.0 1.0 0.0
  outer loop
    vertex 0.413276350888713 1.75 -0.192713927353759
    vertex 0.319563373996458 1.75 -0.1845
    vertex 0.404197295473688 1.75 -0.167424001659727
  endloop
endfacet
facet normal 0.0 1.0 0.0
  outer loop
    vertex 0.404197295473688 1.75 -0.167424001659727
    vertex 0.319563373996458 1.75 -0.1845
    vertex 0.356426629900666 1.75 -0.0955042276428305
  endloop
endfacet
facet normal 0.0 1.0 0.0
  outer loop
    vertex 0.404197295473688 1.75 -0.167424001659727
    vertex 0.356426629900666 1.75 -0.0955042276428305
    vertex 0.428499835078374 1.75 -0.155961185356505
  endloop
endfacet
facet normal 0.0 1.0 0.0
  outer loop
    vertex 0.428499835078374 1.75 -0.155961185356505
    vertex 0.356426629900666 1.75 -0.0955042276428305
    vertex 0.41725116595235 1.75 -0.13155878728312
  endloop
endfacet
facet normal 0.0 1.0 0.0
  outer loop
    vertex 0.41725116595235 1.75 -0.13155878728312
    vertex 0.356426629900666 1.75 -0.0955042276428305
    vertex 0.440462176787815 1.75 -0.11802148456675
  endloop
endfacet
facet normal 0.0 1.0 0.0
  outer loop
    vertex 0.440462176787815 1.75 -0.11802148456675
    vertex 0.356426629900666 1.75 -0.0955042276428305
    vertex 0.427129503114971 1.75 -0.09469233109792
  endloop
endfacet
facet normal 0.0 1.0 0.0
  outer loop
    vertex 0.427129503114971 1.75 -0.09469233109792
    vertex 0.356426629900666 1.75 -0.0955042276428305
    vertex 0.369 1.75 0
  endloop
endfacet
facet normal 0.0 1.0 0.0
  outer loop
    vertex 0.427129503114971 1.75 -0.09469233109792
    vertex 0.369 1.75 0
    vertex 0.449072335373567 1.75 -0.07918356901612
  endloop
endfacet
facet normal 0.0 1.0 0.0
  outer loop
    vertex 0.449072335373567 1.75 -0.07918356901612
    vertex 0.369 1.75 0
    vertex 0.433757126851042 1.75 -0.0571052090962725
  endloop
endfacet
facet normal 0.0 1.0 0.0
  outer loop
    vertex 0.433757126851042 1.75 -0.0571052090962725
    vertex 0.369 1.75 0
    vertex 0.454264782329836 1.75 -0.0397430186929321
  endloop
endfacet
facet normal 0.0 1.0 0.0
  outer loop
    vertex 0.454264782329836 1.75 -0.0397430186929321
    vertex 0.369 1.75 0
    vertex 0.437083596942063 1.75 -0.0190834819723345
  endloop
endfacet
facet normal 0.0 1.0 0.0
  outer loop
    vertex 0.437083596942063 1.75 -0.0190834819723345
    vertex 0.369 1.75 0
    vertex 0.456 1.75 0
  endloop
endfacet
facet normal 0.0 1.0 0.0
  outer loop
    vertex 0.456 1.75 0
    vertex 0.369 1.75 0
    vertex 0.356426629900666 1.75 0.09550422764283
  endloop
endfacet
facet normal 0.0 1.0 0.0
  outer loop
    vertex 0.456 1.75 0
    vertex 0.356426629900666 1.75 0.09550422764283
    vertex 0.437083596942063 1.75 0.0190834819723344
  endloop
endfacet
facet normal 0.0 1.0 0.0
  outer loop
    vertex 0.437083596942063 1.75 0.0190834819723344
    vertex 0.356426629900666 1.75 0.09550422764283
    vertex 0.454264782329836 1.75 0.0397430186929346
  endloop
endfacet
facet normal 0.0 1.0 0.0
  outer loop
    vertex 0.454264782329836 1.75 0.0397430186929346
    vertex 0.356426629900666 1.75 0.09550422764283
    vertex 0.433757126851042 1.75 0.0571052090962725
  endloop
endfacet
facet normal 0.0 1.0 0.0
  outer loop
    vertex 0.433757126851042 1.75 0.0571052090962725
    vertex 0.356426629900666 1.75 0.09550422764283
    vertex 0.449072335373567 1.75 0.0791835690161225
  endloop
endfacet
facet normal 0.0 1.0 0.0
  outer loop
    vertex 0.449072335373567 1.75 0.0791835690161225
    vertex 0.356426629900666 1.75 0.09550422764283
    vertex 0.427129503114971 1.75 0.09469233109792
  endloop
endfacet
facet normal 0.0 1.0 0.0
  outer loop
    vertex 0.427129503114971 1.75 0.09469233109792
    vertex 0.356426629900666 1.75 0.09550422764283
    vertex 0.440462176787815 1.75 0.118021484566752
  endloop
endfacet
facet normal 0.0 1.0 0.0
  outer loop
    vertex 0.440462176787815 1.75 0.118021484566752
    vertex 0.356426629900666 1.75 0.09550422764283
    vertex 0.319563373996458 1.75 0.1845
  endloop
endfacet
facet normal 0.0 1.0 0.0
  outer loop
    vertex 0.440462176787815 1.75 0.118021484566752
    vertex 0.319563373996458 1.75 0.1845
    vertex 0.41725116595235 1.75 0.13155878728312
  endloop
endfacet
facet normal 0.0 1.0 0.0
  outer loop
    vertex 0.41725116595235 1.75 0.13155878728312
    vertex 0.319563373996458 1.75 0.1845
    vertex 0.428499835078374 1.75 0.155961185356507
  endloop
endfacet
facet normal 0.0 1.0 0.0
  outer loop
    vertex 0.428499835078374 1.75 0.155961185356507
    vertex 0.319563373996458 1.75 0.1845
    vertex 0.404197295473688 1.75 0.167424001659727
  endloop
endfacet
facet normal 0.0 1.0 0.0
  outer loop
    vertex 0.404197295473688 1.75 0.167424001659727
    vertex 0.319563373996458 1.75 0.1845
    vertex 0.413276350888712 1.75 0.192713927353761
  endloop
endfacet
facet normal 0.0 1.0 0.0
  outer loop
    vertex 0.413276350888712 1.75 0.192713927353761
    vertex 0.319563373996458 1.75 0.1845
    vertex 0.388067239515472 1.75 0.202015018290327
  endloop
endfacet
facet normal 0.0 1.0 0.0
  outer loop
    vertex 0.388067239515472 1.75 0.202015018290327
    vertex 0.319563373996458 1.75 0.1845
    vertex 0.260922402257836 1.75 0.260922402257836
  endloop
endfacet
facet normal 0.0 1.0 0.0
  outer loop
    vertex 0.388067239515472 1.75 0.202015018290327
    vertex 0.260922402257836 1.75 0.260922402257836
    vertex 0.394907584125703 1.75 0.228000000000002
  endloop
endfacet
facet normal 0.0 1.0 0.0
  outer loop
    vertex 0.394907584125703 1.75 0.228000000000002
    vertex 0.260922402257836 1.75 0.260922402257836
    vertex 0.368983757543138 1.75 0.235068578651735
  endloop
endfacet
facet normal 0.0 1.0 0.0
  outer loop
    vertex 0.368983757543138 1.75 0.235068578651735
    vertex 0.260922402257836 1.75 0.260922402257836
    vertex 0.373533332195779 1.75 0.261550854976079
  endloop
endfacet
facet normal 0.0 1.0 0.0
  outer loop
    vertex 0.373533332195779 1.75 0.261550854976079
    vertex 0.260922402257836 1.75 0.260922402257836
    vertex 0.347092086377416 1.75 0.266333125191315
  endloop
endfacet
facet normal 0.0 1.0 0.0
  outer loop
    vertex 0.347092086377416 1.75 0.266333125191315
    vertex 0.260922402257836 1.75 0.260922402257836
    vertex 0.1845 1.75 0.319563373996458
  endloop
endfacet
facet normal 0.0 1.0 0.0
  outer loop
    vertex 0.347092086377416 1.75 0.266333125191315
    vertex 0.1845 1.75 0.319563373996458
    vertex 0.322558834854429 1.75 0.295570715831851
  endloop
endfacet
facet normal 0.0 1.0 0.0
  outer loop
    vertex 0.347092086377416 1.75 0.266333125191315
    vertex 0.322558834854429 1.75 0.295570715831851
    vertex 0.349316266062253 1.75 0.293111150017064
  endloop
endfacet
facet normal 0.0 1.0 0.0
  outer loop
    vertex 0.322558834854429 1.75 0.295570715831851
    vertex 0.1845 1.75 0.319563373996458
    vertex 0.322440692221064 1.75 0.322440692221067
  endloop
endfacet
facet normal 0.0 1.0 0.0
  outer loop
    vertex 0.322440692221064 1.75 0.322440692221067
    vertex 0.1845 1.75 0.319563373996458
    vertex 0.295570715831852 1.75 0.322558834854429
  endloop
endfacet
facet normal 0.0 1.0 0.0
  outer loop
    vertex 0.295570715831852 1.75 0.322558834854429
    vertex 0.1845 1.75 0.319563373996458
    vertex 0.09550422764283 1.75 0.356426629900666
  endloop
endfacet
facet normal 0.0 1.0 0.0
  outer loop
    vertex 0.295570715831852 1.75 0.322558834854429
    vertex 0.09550422764283 1.75 0.356426629900666
    vertex 0.266333125191316 1.75 0.347092086377415
  endloop
endfacet
facet normal 0.0 1.0 0.0
  outer loop
    vertex 0.266333125191316 1.75 0.347092086377415
    vertex 0.09550422764283 1.75 0.356426629900666
    vertex 0.235068578651735 1.75 0.368983757543138
  endloop
endfacet
facet normal 0.0 1.0 0.0
  outer loop
    vertex 0.266333125191316 1.75 0.347092086377415
    vertex 0.235068578651735 1.75 0.368983757543138
    vertex 0.261550854976075 1.75 0.373533332195781
  endloop
endfacet
facet normal 0.0 1.0 0.0
  outer loop
    vertex -0.266333125191315 1.75 -0.347092086377416
    vertex -0.235068578651734 1.75 -0.368983757543138
    vertex -0.261550854976076 1.75 -0.37353333219578
  endloop
endfacet
facet normal 0.0 1.0 0.0
  outer loop
    vertex -0.235068578651734 1.75 -0.368983757543138
    vertex -0.266333125191315 1.75 -0.347092086377416
    vertex -0.0955042276428305 1.75 -0.356426629900666
  endloop
endfacet
facet normal 0.0 1.0 0.0
  outer loop
    vertex -0.0955042276428305 1.75 -0.356426629900666
    vertex -0.266333125191315 1.75 -0.347092086377416
    vertex -0.1845 1.75 -0.319563373996458
  endloop
endfacet
facet normal 0.0 1.0 0.0
  outer loop
    vertex -0.1845 1.75 -0.319563373996458
    vertex -0.266333125191315 1.75 -0.347092086377416
    vertex -0.295570715831851 1.75 -0.32255883485443
  endloop
endfacet
facet normal 0.0 1.0 0.0
  outer loop
    vertex -0.1845 1.75 -0.319563373996458
    vertex -0.295570715831851 1.75 -0.32255883485443
    vertex -0.322440692221065 1.75 -0.322440692221066
  endloop
endfacet
facet normal 0.0 1.0 0.0
  outer loop
    vertex -0.1845 1.75 -0.319563373996458
    vertex -0.322440692221065 1.75 -0.322440692221066
    vertex -0.322558834854428 1.75 -0.295570715831852
  endloop
endfacet
facet normal 0.0 1.0 0.0
  outer loop
    vertex -0.1845 1.75 -0.319563373996458
    vertex -0.322558834854428 1.75 -0.295570715831852
    vertex -0.260922402257836 1.75 -0.260922402257836
  endloop
endfacet
facet normal 0.0 1.0 0.0
  outer loop
    vertex -0.260922402257836 1.75 -0.260922402257836
    vertex -0.322558834854428 1.75 -0.295570715831852
    vertex -0.349316266062254 1.75 -0.293111150017063
  endloop
endfacet
facet normal 0.0 1.0 0.0
  outer loop
    vertex -0.260922402257836 1.75 -0.260922402257836
    vertex -0.349316266062254 1.75 -0.293111150017063
    vertex -0.347092086377415 1.75 -0.266333125191316
  endloop
endfacet
facet normal 0.0 1.0 0.0
  outer loop
    vertex -0.260922402257836 1.75 -0.260922402257836
    vertex -0.347092086377415 1.75 -0.266333125191316
    vertex -0.37353333219578 1.75 -0.261550854976077
  endloop
endfacet
facet normal 0.0 1.0 0.0
  outer loop
    vertex -0.260922402257836 1.75 -0.260922402257836
    vertex -0.37353333219578 1.75 -0.261550854976077
    vertex -0.368983757543137 1.75 -0.235068578651736
  endloop
endfacet
facet normal 0.0 1.0 0.0
  outer loop
    vertex -0.260922402257836 1.75 -0.260922402257836
    vertex -0.368983757543137 1.75 -0.235068578651736
    vertex -0.319563373996458 1.75 -0.1845
  endloop
endfacet
facet normal 0.0 1.0 0.0
  outer loop
    vertex -0.319563373996458 1.75 -0.1845
    vertex -0.368983757543137 1.75 -0.235068578651736
    vertex -0.394907584125703 1.75 -0.228000000000001
  endloop
endfacet
facet normal 0.0 1.0 0.0
  outer loop
    vertex -0.319563373996458 1.75 -0.1845
    vertex -0.394907584125703 1.75 -0.228000000000001
    vertex -0.388067239515472 1.75 -0.202015018290328
  endloop
endfacet
facet normal 0.0 1.0 0.0
  outer loop
    vertex -0.319563373996458 1.75 -0.1845
    vertex -0.388067239515472 1.75 -0.202015018290328
    vertex -0.413276350888712 1.75 -0.19271392735376
  endloop
endfacet
facet normal 0.0 1.0 0.0
  outer loop
    vertex -0.319563373996458 1.75 -0.1845
    vertex -0.413276350888712 1.75 -0.19271392735376
    vertex -0.404197295473687 1.75 -0.167424001659728
  endloop
endfacet
facet normal 0.0 1.0 0.0
  outer loop
    vertex -0.319563373996458 1.75 -0.1845
    vertex -0.404197295473687 1.75 -0.167424001659728
    vertex -0.356426629900666 1.75 -0.09550422764283
  endloop
endfacet
facet normal 0.0 1.0 0.0
  outer loop
    vertex -0.356426629900666 1.75 -0.09550422764283
    vertex -0.404197295473687 1.75 -0.167424001659728
    vertex -0.428499835078374 1.75 -0.155961185356505
  endloop
endfacet
facet normal 0.0 1.0 0.0
  outer loop
    vertex -0.356426629900666 1.75 -0.09550422764283
    vertex -0.428499835078374 1.75 -0.155961185356505
    vertex -0.417251165952349 1.75 -0.131558787283121
  endloop
endfacet
facet normal 0.0 1.0 0.0
  outer loop
    vertex -0.356426629900666 1.75 -0.09550422764283
    vertex -0.417251165952349 1.75 -0.131558787283121
    vertex -0.440462176787815 1.75 -0.118021484566751
  endloop
endfacet
facet normal 0.0 1.0 0.0
  outer loop
    vertex -0.356426629900666 1.75 -0.09550422764283
    vertex -0.440462176787815 1.75 -0.118021484566751
    vertex -0.42712950311497 1.75 -0.094692331097921
  endloop
endfacet
facet normal 0.0 1.0 0.0
  outer loop
    vertex -0.356426629900666 1.75 -0.09550422764283
    vertex -0.42712950311497 1.75 -0.094692331097921
    vertex -0.369 1.75 4.51894668885374e-17
  endloop
endfacet
facet normal 0.0 1.0 0.0
  outer loop
    vertex -0.369 1.75 4.51894668885374e-17
    vertex -0.42712950311497 1.75 -0.094692331097921
    vertex -0.449072335373567 1.75 -0.079183569016121
  endloop
endfacet
facet normal 0.0 1.0 0.0
  outer loop
    vertex -0.369 1.75 4.51894668885374e-17
    vertex -0.449072335373567 1.75 -0.079183569016121
    vertex -0.433757126851042 1.75 -0.0571052090962735
  endloop
endfacet
facet normal 0.0 1.0 0.0
  outer loop
    vertex -0.369 1.75 4.51894668885374e-17
    vertex -0.433757126851042 1.75 -0.0571052090962735
    vertex -0.454264782329836 1.75 -0.0397430186929332
  endloop
endfacet
facet normal 0.0 1.0 0.0
  outer loop
    vertex -0.369 1.75 4.51894668885374e-17
    vertex -0.454264782329836 1.75 -0.0397430186929332
    vertex -0.437083596942063 1.75 -0.0190834819723356
  endloop
endfacet
facet normal 0.0 1.0 0.0
  outer loop
    vertex -0.369 1.75 4.51894668885374e-17
    vertex -0.437083596942063 1.75 -0.0190834819723356
    vertex -0.456 1.75 -1.06836729249926e-15
  endloop
endfacet
facet normal 0.0 1.0 0.0
  outer loop
    vertex -0.369 1.75 4.51894668885374e-17
    vertex -0.456 1.75 -1.06836729249926e-15
    vertex -0.437083596942063 1.75 0.0190834819723334
  endloop
endfacet
facet normal 0.0 1.0 0.0
  outer loop
    vertex -0.369 1.75 4.51894668885374e-17
    vertex -0.437083596942063 1.75 0.0190834819723334
    vertex -0.356426629900666 1.75 0.0955042276428305
  endloop
endfacet
facet normal 0.0 1.0 0.0
  outer loop
    vertex -0.356426629900666 1.75 0.0955042276428305
    vertex -0.437083596942063 1.75 0.0190834819723334
    vertex -0.454264782329836 1.75 0.039743018692931
  endloop
endfacet
facet normal 0.0 1.0 0.0
  outer loop
    vertex -0.356426629900666 1.75 0.0955042276428305
    vertex -0.454264782329836 1.75 0.039743018692931
    vertex -0.433757126851042 1.75 0.057105209096274
  endloop
endfacet
facet normal 0.0 1.0 0.0
  outer loop
    vertex -0.356426629900666 1.75 0.0955042276428305
    vertex -0.433757126851042 1.75 0.057105209096274
    vertex -0.449072335373567 1.75 0.079183569016119
  endloop
endfacet
facet normal 0.0 1.0 0.0
  outer loop
    vertex -0.356426629900666 1.75 0.0955042276428305
    vertex -0.449072335373567 1.75 0.079183569016119
    vertex -0.42712950311497 1.75 0.0946923310979215
  endloop
endfacet
facet normal 0.0 1.0 0.0
  outer loop
    vertex -0.356426629900666 1.75 0.0955042276428305
    vertex -0.42712950311497 1.75 0.0946923310979215
    vertex -0.440462176787816 1.75 0.118021484566749
  endloop
endfacet
facet normal 0.0 1.0 0.0
  outer loop
    vertex -0.356426629900666 1.75 0.0955042276428305
    vertex -0.440462176787816 1.75 0.118021484566749
    vertex -0.319563373996458 1.75 0.1845
  endloop
endfacet
facet normal 0.0 1.0 0.0
  outer loop
    vertex -0.319563373996458 1.75 0.1845
    vertex -0.440462176787816 1.75 0.118021484566749
    vertex -0.417251165952349 1.75 0.131558787283121
  endloop
endfacet
facet normal 0.0 1.0 0.0
  outer loop
    vertex -0.319563373996458 1.75 0.1845
    vertex -0.417251165952349 1.75 0.131558787283121
    vertex -0.428499835078375 1.75 0.155961185356503
  endloop
endfacet
facet normal 0.0 1.0 0.0
  outer loop
    vertex -0.319563373996458 1.75 0.1845
    vertex -0.428499835078375 1.75 0.155961185356503
    vertex -0.404197295473687 1.75 0.167424001659728
  endloop
endfacet
facet normal 0.0 1.0 0.0
  outer loop
    vertex -0.319563373996458 1.75 0.1845
    vertex -0.404197295473687 1.75 0.167424001659728
    vertex -0.413276350888713 1.75 0.192713927353758
  endloop
endfacet
facet normal 0.0 1.0 0.0
  outer loop
    vertex -0.319563373996458 1.75 0.1845
    vertex -0.413276350888713 1.75 0.192713927353758
    vertex -0.388067239515472 1.75 0.202015018290329
  endloop
endfacet
facet normal 0.0 1.0 0.0
  outer loop
    vertex -0.319563373996458 1.75 0.1845
    vertex -0.388067239515472 1.75 0.202015018290329
    vertex -0.260922402257836 1.75 0.260922402257836
  endloop
endfacet
facet normal 0.0 1.0 0.0
  outer loop
    vertex -0.260922402257836 1.75 0.260922402257836
    vertex -0.388067239515472 1.75 0.202015018290329
    vertex -0.394907584125704 1.75 0.227999999999999
  endloop
endfacet
facet normal 0.0 1.0 0.0
  outer loop
    vertex -0.260922402257836 1.75 0.260922402257836
    vertex -0.394907584125704 1.75 0.227999999999999
    vertex -0.368983757543137 1.75 0.235068578651736
  endloop
endfacet
facet normal 0.0 1.0 0.0
  outer loop
    vertex -0.260922402257836 1.75 0.260922402257836
    vertex -0.368983757543137 1.75 0.235068578651736
    vertex -0.373533332195781 1.75 0.261550854976076
  endloop
endfacet
facet normal 0.0 1.0 0.0
  outer loop
    vertex -0.260922402257836 1.75 0.260922402257836
    vertex -0.373533332195781 1.75 0.261550854976076
    vertex -0.347092086377415 1.75 0.266333125191316
  endloop
endfacet
facet normal 0.0 1.0 0.0
  outer loop
    vertex -0.260922402257836 1.75 0.260922402257836
    vertex -0.347092086377415 1.75 0.266333125191316
    vertex -0.1845 1.75 0.319563373996458
  endloop
endfacet
facet normal 0.0 1.0 0.0
  outer loop
    vertex -0.1845 1.75 0.319563373996458
    vertex -0.347092086377415 1.75 0.266333125191316
    vertex -0.322558834854428 1.75 0.295570715831852
  endloop
endfacet
facet normal 0.0 1.0 0.0
  outer loop
    vertex -0.322558834854428 1.75 0.295570715831852
    vertex -0.347092086377415 1.75 0.266333125191316
    vertex -0.349316266062255 1.75 0.293111150017061
  endloop
endfacet
facet normal 0.0 1.0 0.0
  outer loop
    vertex -0.1845 1.75 0.319563373996458
    vertex -0.322558834854428 1.75 0.295570715831852
    vertex -0.322440692221067 1.75 0.322440692221064
  endloop
endfacet
facet normal 0.0 1.0 0.0
  outer loop
    vertex -0.1845 1.75 0.319563373996458
    vertex -0.322440692221067 1.75 0.322440692221064
    vertex -0.295570715831851 1.75 0.32255883485443
  endloop
endfacet
facet normal 0.0 1.0 0.0
  outer loop
    vertex -0.1845 1.75 0.319563373996458
    vertex -0.295570715831851 1.75 0.32255883485443
    vertex -0.09550422764283 1.75 0.356426629900666
  endloop
endfacet
facet normal 0.0 1.0 0.0
  outer loop
    vertex -0.09550422764283 1.75 0.356426629900666
    vertex -0.295570715831851 1.75 0.32255883485443
    vertex -0.266333125191315 1.75 0.347092086377416
  endloop
endfacet
facet normal 0.0 1.0 0.0
  outer loop
    vertex -0.09550422764283 1.75 0.356426629900666
    vertex -0.266333125191315 1.75 0.347092086377416
    vertex -0.235068578651734 1.75 0.368983757543138
  endloop
endfacet
facet normal 0.0 1.0 0.0
  outer loop
    vertex -0.235068578651734 1.75 0.368983757543138
    vertex -0.266333125191315 1.75 0.347092086377416
    vertex -0.261550854976078 1.75 0.373533332195779
  endloop
endfacet
facet normal 0.0 1.0 0.0
  outer loop
    vertex -0.235068578651734 1.75 0.368983757543138
    vertex 2.25947334442687e-17 1.75 0.369
    vertex -0.09550422764283 1.75 0.356426629900666
  endloop
endfacet
facet normal 0.0 1.0 0.0
  outer loop
    vertex 2.25947334442687e-17 1.75 0.369
    vertex -0.235068578651734 1.75 0.368983757543138
    vertex -0.202015018290327 1.75 0.388067239515473
  endloop
endfacet
facet normal 0.0 1.0 0.0
  outer loop
    vertex -0.202015018290327 1.75 0.388067239515473
    vertex -0.235068578651734 1.75 0.368983757543138
    vertex -0.228000000000001 1.75 0.394907584125703
  endloop
endfacet
facet normal 0.0 1.0 0.0
  outer loop
    vertex 2.25947334442687e-17 1.75 0.369
    vertex -0.202015018290327 1.75 0.388067239515473
    vertex 0.202015018290328 1.75 0.388067239515472
  endloop
endfacet
facet normal 0.0 1.0 0.0
  outer loop
    vertex -0.202015018290327 1.75 0.388067239515473
    vertex -0.167424001659726 1.75 0.404197295473688
    vertex 0.167424001659727 1.75 0.404197295473688
  endloop
endfacet
facet normal 0.0 1.0 0.0
  outer loop
    vertex -0.167424001659726 1.75 0.404197295473688
    vertex -0.202015018290327 1.75 0.388067239515473
    vertex -0.192713927353761 1.75 0.413276350888712
  endloop
endfacet
facet normal 0.0 1.0 0.0
  outer loop
    vertex -0.167424001659726 1.75 0.404197295473688
    vertex -0.131558787283119 1.75 0.41725116595235
    vertex 0.13155878728312 1.75 0.417251165952349
  endloop
endfacet
facet normal 0.0 1.0 0.0
  outer loop
    vertex -0.131558787283119 1.75 0.41725116595235
    vertex -0.167424001659726 1.75 0.404197295473688
    vertex -0.155961185356506 1.75 0.428499835078374
  endloop
endfacet
facet normal 0.0 1.0 0.0
  outer loop
    vertex -0.131558787283119 1.75 0.41725116595235
    vertex -0.0946923310979195 1.75 0.427129503114971
    vertex 0.0946923310979205 1.75 0.42712950311497
  endloop
endfacet
facet normal 0.0 1.0 0.0
  outer loop
    vertex -0.0946923310979195 1.75 0.427129503114971
    vertex -0.131558787283119 1.75 0.41725116595235
    vertex -0.118021484566751 1.75 0.440462176787815
  endloop
endfacet
facet normal 0.0 1.0 0.0
  outer loop
    vertex -0.0946923310979195 1.75 0.427129503114971
    vertex -0.057105209096272 1.75 0.433757126851042
    vertex 0.057105209096273 1.75 0.433757126851042
  endloop
endfacet
facet normal 0.0 1.0 0.0
  outer loop
    vertex -0.057105209096272 1.75 0.433757126851042
    vertex -0.0946923310979195 1.75 0.427129503114971
    vertex -0.079183569016122 1.75 0.449072335373567
  endloop
endfacet
facet normal 0.0 1.0 0.0
  outer loop
    vertex -0.057105209096272 1.75 0.433757126851042
    vertex -0.0190834819723339 1.75 0.437083596942063
    vertex 0.0190834819723351 1.75 0.437083596942063
  endloop
endfacet
facet normal 0.0 1.0 0.0
  outer loop
    vertex -0.0190834819723339 1.75 0.437083596942063
    vertex -0.057105209096272 1.75 0.433757126851042
    vertex -0.0397430186929338 1.75 0.454264782329836
  endloop
endfacet
facet normal 0.0 1.0 0.0
  outer loop
    vertex -1.70380327859471e-15 1.75 0.456
    vertex 0.0190834819723351 1.75 0.437083596942063
    vertex -0.0190834819723339 1.75 0.437083596942063
  endloop
endfacet
facet normal 0.0 1.0 0.0
  outer loop
    vertex 0.057105209096273 1.75 0.433757126851042
    vertex 0.0190834819723351 1.75 0.437083596942063
    vertex 0.0397430186929304 1.75 0.454264782329836
  endloop
endfacet
facet normal 0.0 1.0 0.0
  outer loop
    vertex 0.0190834819723351 1.75 0.437083596942063
    vertex 0.057105209096273 1.75 0.433757126851042
    vertex -0.057105209096272 1.75 0.433757126851042
  endloop
endfacet
facet normal 0.0 1.0 0.0
  outer loop
    vertex 0.0946923310979205 1.75 0.42712950311497
    vertex 0.057105209096273 1.75 0.433757126851042
    vertex 0.0791835690161185 1.75 0.449072335373567
  endloop
endfacet
facet normal 0.0 1.0 0.0
  outer loop
    vertex 0.057105209096273 1.75 0.433757126851042
    vertex 0.0946923310979205 1.75 0.42712950311497
    vertex -0.0946923310979195 1.75 0.427129503114971
  endloop
endfacet
facet normal 0.0 1.0 0.0
  outer loop
    vertex 0.13155878728312 1.75 0.417251165952349
    vertex 0.0946923310979205 1.75 0.42712950311497
    vertex 0.118021484566748 1.75 0.440462176787816
  endloop
endfacet
facet normal 0.0 1.0 0.0
  outer loop
    vertex 0.0946923310979205 1.75 0.42712950311497
    vertex 0.13155878728312 1.75 0.417251165952349
    vertex -0.131558787283119 1.75 0.41725116595235
  endloop
endfacet
facet normal 0.0 1.0 0.0
  outer loop
    vertex 0.167424001659727 1.75 0.404197295473688
    vertex 0.13155878728312 1.75 0.417251165952349
    vertex 0.155961185356503 1.75 0.428499835078375
  endloop
endfacet
facet normal 0.0 1.0 0.0
  outer loop
    vertex 0.13155878728312 1.75 0.417251165952349
    vertex 0.167424001659727 1.75 0.404197295473688
    vertex -0.167424001659726 1.75 0.404197295473688
  endloop
endfacet
facet normal 0.0 1.0 0.0
  outer loop
    vertex 0.202015018290328 1.75 0.388067239515472
    vertex 0.167424001659727 1.75 0.404197295473688
    vertex 0.192713927353757 1.75 0.413276350888713
  endloop
endfacet
facet normal 0.0 1.0 0.0
  outer loop
    vertex 0.167424001659727 1.75 0.404197295473688
    vertex 0.202015018290328 1.75 0.388067239515472
    vertex -0.202015018290327 1.75 0.388067239515473
  endloop
endfacet
facet normal 0.0 1.0 0.0
  outer loop
    vertex 2.25947334442687e-17 1.75 0.369
    vertex 0.235068578651735 1.75 0.368983757543138
    vertex 0.09550422764283 1.75 0.356426629900666
  endloop
endfacet
facet normal 0.0 1.0 0.0
  outer loop
    vertex 0.235068578651735 1.75 0.368983757543138
    vertex 2.25947334442687e-17 1.75 0.369
    vertex 0.202015018290328 1.75 0.388067239515472
  endloop
endfacet
facet normal 0.0 1.0 0.0
  outer loop
    vertex 0.235068578651735 1.75 0.368983757543138
    vertex 0.202015018290328 1.75 0.388067239515472
    vertex 0.227999999999999 1.75 0.394907584125705
  endloop
endfacet
facet normal 0.0 1.0 0.0
  outer loop
    vertex 0.293111150017061 1.75 0.349316266062256
    vertex 0.295570715831852 1.75 0.322558834854429
    vertex 0.266333125191316 1.75 0.347092086377415
  endloop
endfacet
facet normal 0.426599016638922 0.0 0.904440865398454
  outer loop
    vertex 0.428499835078374 0.0 0.155961185356507
    vertex 0.404197295473688 1.75 0.167424001659727
    vertex 0.404197295473688 0.0 0.167424001659727
  endloop
endfacet
facet normal 0.426599016638922 0.0 0.904440865398454
  outer loop
    vertex 0.404197295473688 1.75 0.167424001659727
    vertex 0.428499835078374 0.0 0.155961185356507
    vertex 0.428499835078374 1.75 0.155961185356507
  endloop
endfacet
facet normal 0.90815718810862 0.0 -0.418629336868124
  outer loop
    vertex 0.41725116595235 1.75 0.13155878728312
    vertex 0.428499835078374 0.0 0.155961185356507
    vertex 0.41725116595235 0.0 0.13155878728312
  endloop
endfacet
facet normal 0.90815718810862 0.0 -0.418629336868124
  outer loop
    vertex 0.428499835078374 0.0 0.155961185356507
    vertex 0.41725116595235 1.75 0.13155878728312
    vertex 0.428499835078374 1.75 0.155961185356507
  endloop
endfacet
facet normal 0.503802893981986 0.0 0.863818640696863
  outer loop
    vertex 0.440462176787815 0.0 0.118021484566752
    vertex 0.41725116595235 1.75 0.13155878728312
    vertex 0.41725116595235 0.0 0.13155878728312
  endloop
endfacet
facet normal 0.503802893981986 0.0 0.863818640696863
  outer loop
    vertex 0.41725116595235 1.75 0.13155878728312
    vertex 0.440462176787815 0.0 0.118021484566752
    vertex 0.440462176787815 1.75 0.118021484566752
  endloop
endfacet
facet normal 0.868215425037016 0.0 -0.496187440114916
  outer loop
    vertex 0.427129503114971 1.75 0.09469233109792
    vertex 0.440462176787815 0.0 0.118021484566752
    vertex 0.427129503114971 0.0 0.09469233109792
  endloop
endfacet
facet normal 0.868215425037016 0.0 -0.496187440114916
  outer loop
    vertex 0.440462176787815 0.0 0.118021484566752
    vertex 0.427129503114971 1.75 0.09469233109792
    vertex 0.440462176787815 1.75 0.118021484566752
  endloop
endfacet
facet normal 0.57717252709734 0.0 0.816622234551613
  outer loop
    vertex 0.449072335373567 0.0 0.0791835690161225
    vertex 0.427129503114971 1.75 0.09469233109792
    vertex 0.427129503114971 0.0 0.09469233109792
  endloop
endfacet
facet normal 0.57717252709734 0.0 0.816622234551613
  outer loop
    vertex 0.427129503114971 1.75 0.09469233109792
    vertex 0.449072335373567 0.0 0.0791835690161225
    vertex 0.449072335373567 1.75 0.0791835690161225
  endloop
endfacet
facet normal 0.821666018338071 0.0 -0.569969257336272
  outer loop
    vertex 0.433757126851042 1.75 0.0571052090962725
    vertex 0.449072335373567 0.0 0.0791835690161225
    vertex 0.433757126851042 0.0 0.0571052090962725
  endloop
endfacet
facet normal 0.821666018338071 0.0 -0.569969257336272
  outer loop
    vertex 0.449072335373567 0.0 0.0791835690161225
    vertex 0.433757126851042 1.75 0.0571052090962725
    vertex 0.449072335373567 1.75 0.0791835690161225
  endloop
endfacet
facet normal 0.64614952877518 0.0 0.763210840111442
  outer loop
    vertex 0.454264782329836 0.0 0.0397430186929346
    vertex 0.433757126851042 1.75 0.0571052090962725
    vertex 0.433757126851042 0.0 0.0571052090962725
  endloop
endfacet
facet normal 0.64614952877518 0.0 0.763210840111442
  outer loop
    vertex 0.433757126851042 1.75 0.0571052090962725
    vertex 0.454264782329836 0.0 0.0397430186929346
    vertex 0.454264782329836 1.75 0.0397430186929346
  endloop
endfacet
facet normal 0.768863237104067 0.0 -0.639413264352449
  outer loop
    vertex 0.437083596942063 1.75 0.0190834819723344
    vertex 0.454264782329836 0.0 0.0397430186929346
    vertex 0.437083596942063 0.0 0.0190834819723344
  endloop
endfacet
facet normal 0.768863237104067 0.0 -0.639413264352449
  outer loop
    vertex 0.454264782329836 0.0 0.0397430186929346
    vertex 0.437083596942063 1.75 0.0190834819723344
    vertex 0.454264782329836 1.75 0.0397430186929346
  endloop
endfacet
facet normal 0.71020894238334 0.0 0.703990950338666
  outer loop
    vertex 0.456 1.75 0
    vertex 0.437083596942063 0.0 0.0190834819723344
    vertex 0.456 0.0 0
  endloop
endfacet
facet normal 0.71020894238334 0.0 0.703990950338666
  outer loop
    vertex 0.437083596942063 0.0 0.0190834819723344
    vertex 0.456 1.75 0
    vertex 0.437083596942063 1.75 0.0190834819723344
  endloop
endfacet
facet normal 0.710208942383339 0.0 -0.703990950338667
  outer loop
    vertex 0.437083596942063 1.75 -0.0190834819723345
    vertex 0.456 0.0 0
    vertex 0.437083596942063 0.0 -0.0190834819723345
  endloop
endfacet
facet normal 0.710208942383339 0.0 -0.703990950338667
  outer loop
    vertex 0.456 0.0 0
    vertex 0.437083596942063 1.75 -0.0190834819723345
    vertex 0.456 1.75 0
  endloop
endfacet
facet normal 0.768863237104025 0.0 0.6394132643525
  outer loop
    vertex 0.454264782329836 1.75 -0.0397430186929321
    vertex 0.437083596942063 0.0 -0.0190834819723345
    vertex 0.454264782329836 0.0 -0.0397430186929321
  endloop
endfacet
facet normal 0.768863237104025 0.0 0.6394132643525
  outer loop
    vertex 0.437083596942063 0.0 -0.0190834819723345
    vertex 0.454264782329836 1.75 -0.0397430186929321
    vertex 0.437083596942063 1.75 -0.0190834819723345
  endloop
endfacet
facet normal 0.646149528775231 0.0 -0.763210840111398
  outer loop
    vertex 0.454264782329836 1.75 -0.0397430186929321
    vertex 0.433757126851042 0.0 -0.0571052090962725
    vertex 0.433757126851042 1.75 -0.0571052090962725
  endloop
endfacet
facet normal 0.646149528775231 0.0 -0.763210840111398
  outer loop
    vertex 0.433757126851042 0.0 -0.0571052090962725
    vertex 0.454264782329836 1.75 -0.0397430186929321
    vertex 0.454264782329836 0.0 -0.0397430186929321
  endloop
endfacet
facet normal 0.821666018338034 0.0 0.569969257336325
  outer loop
    vertex 0.449072335373567 1.75 -0.07918356901612
    vertex 0.433757126851042 0.0 -0.0571052090962725
    vertex 0.449072335373567 0.0 -0.07918356901612
  endloop
endfacet
facet normal 0.821666018338034 0.0 0.569969257336325
  outer loop
    vertex 0.433757126851042 0.0 -0.0571052090962725
    vertex 0.449072335373567 1.75 -0.07918356901612
    vertex 0.433757126851042 1.75 -0.0571052090962725
  endloop
endfacet
facet normal 0.577172527097392 0.0 -0.816622234551577
  outer loop
    vertex 0.449072335373567 1.75 -0.07918356901612
    vertex 0.427129503114971 0.0 -0.09469233109792
    vertex 0.427129503114971 1.75 -0.09469233109792
  endloop
endfacet
facet normal 0.577172527097392 0.0 -0.816622234551577
  outer loop
    vertex 0.427129503114971 0.0 -0.09469233109792
    vertex 0.449072335373567 1.75 -0.07918356901612
    vertex 0.449072335373567 0.0 -0.07918356901612
  endloop
endfacet
facet normal 0.868215425036983 0.0 0.496187440114974
  outer loop
    vertex 0.440462176787815 1.75 -0.11802148456675
    vertex 0.427129503114971 0.0 -0.09469233109792
    vertex 0.440462176787815 0.0 -0.11802148456675
  endloop
endfacet
facet normal 0.868215425036983 0.0 0.496187440114974
  outer loop
    vertex 0.427129503114971 0.0 -0.09469233109792
    vertex 0.440462176787815 1.75 -0.11802148456675
    vertex 0.427129503114971 1.75 -0.09469233109792
  endloop
endfacet
facet normal 0.50380289398204 0.0 -0.863818640696832
  outer loop
    vertex 0.440462176787815 1.75 -0.11802148456675
    vertex 0.41725116595235 0.0 -0.13155878728312
    vertex 0.41725116595235 1.75 -0.13155878728312
  endloop
endfacet
facet normal 0.50380289398204 0.0 -0.863818640696832
  outer loop
    vertex 0.41725116595235 0.0 -0.13155878728312
    vertex 0.440462176787815 1.75 -0.11802148456675
    vertex 0.440462176787815 0.0 -0.11802148456675
  endloop
endfacet
facet normal 0.908157188108594 0.0 0.418629336868179
  outer loop
    vertex 0.428499835078374 1.75 -0.155961185356505
    vertex 0.41725116595235 0.0 -0.13155878728312
    vertex 0.428499835078374 0.0 -0.155961185356505
  endloop
endfacet
facet normal 0.908157188108594 0.0 0.418629336868179
  outer loop
    vertex 0.41725116595235 0.0 -0.13155878728312
    vertex 0.428499835078374 1.75 -0.155961185356505
    vertex 0.41725116595235 1.75 -0.13155878728312
  endloop
endfacet
facet normal 0.42659901663898 0.0 -0.904440865398427
  outer loop
    vertex 0.428499835078374 1.75 -0.155961185356505
    vertex 0.404197295473688 0.0 -0.167424001659727
    vertex 0.404197295473688 1.75 -0.167424001659727
  endloop
endfacet
facet normal 0.42659901663898 0.0 -0.904440865398427
  outer loop
    vertex 0.404197295473688 0.0 -0.167424001659727
    vertex 0.428499835078374 1.75 -0.155961185356505
    vertex 0.428499835078374 0.0 -0.155961185356505
  endloop
endfacet
facet normal 0.941187326618396 0.0 0.337885211592513
  outer loop
    vertex 0.413276350888713 1.75 -0.192713927353759
    vertex 0.404197295473688 0.0 -0.167424001659727
    vertex 0.413276350888713 0.0 -0.192713927353759
  endloop
endfacet
facet normal 0.941187326618396 0.0 0.337885211592513
  outer loop
    vertex 0.404197295473688 0.0 -0.167424001659727
    vertex 0.413276350888713 1.75 -0.192713927353759
    vertex 0.404197295473688 1.75 -0.167424001659727
  endloop
endfacet
facet normal 0.346148463191769 0.0 -0.938179748998014
  outer loop
    vertex 0.413276350888713 1.75 -0.192713927353759
    vertex 0.388067239515472 0.0 -0.202015018290327
    vertex 0.388067239515472 1.75 -0.202015018290327
  endloop
endfacet
facet normal 0.346148463191769 0.0 -0.938179748998014
  outer loop
    vertex 0.388067239515472 0.0 -0.202015018290327
    vertex 0.413276350888713 1.75 -0.192713927353759
    vertex 0.413276350888713 0.0 -0.192713927353759
  endloop
endfacet
facet normal 0.967054461268185 0.0 0.254569575835961
  outer loop
    vertex 0.394907584125704 1.75 -0.228
    vertex 0.388067239515472 0.0 -0.202015018290327
    vertex 0.394907584125704 0.0 -0.228
  endloop
endfacet
facet normal 0.967054461268185 0.0 0.254569575835961
  outer loop
    vertex 0.388067239515472 0.0 -0.202015018290327
    vertex 0.394907584125704 1.75 -0.228
    vertex 0.388067239515472 1.75 -0.202015018290327
  endloop
endfacet
facet normal 0.263063510929511 0.0 -0.964778518219306
  outer loop
    vertex 0.394907584125704 1.75 -0.228
    vertex 0.368983757543138 0.0 -0.235068578651735
    vertex 0.368983757543138 1.75 -0.235068578651735
  endloop
endfacet
facet normal 0.263063510929511 0.0 -0.964778518219306
  outer loop
    vertex 0.368983757543138 0.0 -0.235068578651735
    vertex 0.394907584125704 1.75 -0.228
    vertex 0.394907584125704 0.0 -0.228
  endloop
endfacet
facet normal 0.985561727544275 0.0 0.16931651189398
  outer loop
    vertex 0.37353333219578 1.75 -0.261550854976077
    vertex 0.368983757543138 0.0 -0.235068578651735
    vertex 0.37353333219578 0.0 -0.261550854976077
  endloop
endfacet
facet normal 0.985561727544275 0.0 0.16931651189398
  outer loop
    vertex 0.368983757543138 0.0 -0.235068578651735
    vertex 0.37353333219578 1.75 -0.261550854976077
    vertex 0.368983757543138 1.75 -0.235068578651735
  endloop
endfacet
facet normal 0.177976486506988 0.0 -0.984034740367751
  outer loop
    vertex 0.37353333219578 1.75 -0.261550854976077
    vertex 0.347092086377416 0.0 -0.266333125191315
    vertex 0.347092086377416 1.75 -0.266333125191315
  endloop
endfacet
facet normal 0.177976486506988 0.0 -0.984034740367751
  outer loop
    vertex 0.347092086377416 0.0 -0.266333125191315
    vertex 0.37353333219578 1.75 -0.261550854976077
    vertex 0.37353333219578 0.0 -0.261550854976077
  endloop
endfacet
facet normal 0.996568273975311 0.0 0.0827748470603836
  outer loop
    vertex 0.349316266062254 1.75 -0.293111150017062
    vertex 0.347092086377416 0.0 -0.266333125191315
    vertex 0.349316266062254 0.0 -0.293111150017062
  endloop
endfacet
facet normal 0.996568273975311 0.0 0.0827748470603836
  outer loop
    vertex 0.347092086377416 0.0 -0.266333125191315
    vertex 0.349316266062254 1.75 -0.293111150017062
    vertex 0.347092086377416 1.75 -0.266333125191315
  endloop
endfacet
facet normal 0.0915349535570089 0.0 -0.995801863965576
  outer loop
    vertex 0.349316266062254 1.75 -0.293111150017062
    vertex 0.322558834854429 0.0 -0.295570715831851
    vertex 0.322558834854429 1.75 -0.295570715831851
  endloop
endfacet
facet normal 0.0915349535570089 0.0 -0.995801863965576
  outer loop
    vertex 0.322558834854429 0.0 -0.295570715831851
    vertex 0.349316266062254 1.75 -0.293111150017062
    vertex 0.349316266062254 0.0 -0.293111150017062
  endloop
endfacet
facet normal 0.999990334097018 0.0 -0.00439678434016184
  outer loop
    vertex 0.322440692221065 1.75 -0.322440692221065
    vertex 0.322558834854429 0.0 -0.295570715831851
    vertex 0.322440692221065 0.0 -0.322440692221065
  endloop
endfacet
facet normal 0.999990334097018 0.0 -0.00439678434016184
  outer loop
    vertex 0.322558834854429 0.0 -0.295570715831851
    vertex 0.322440692221065 1.75 -0.322440692221065
    vertex 0.322558834854429 1.75 -0.295570715831851
  endloop
endfacet
facet normal 0.00439678434014127 0.0 -0.999990334097018
  outer loop
    vertex 0.322440692221065 1.75 -0.322440692221065
    vertex 0.295570715831852 0.0 -0.322558834854429
    vertex 0.295570715831852 1.75 -0.322558834854429
  endloop
endfacet
facet normal 0.00439678434014127 0.0 -0.999990334097018
  outer loop
    vertex 0.295570715831852 0.0 -0.322558834854429
    vertex 0.322440692221065 1.75 -0.322440692221065
    vertex 0.322440692221065 0.0 -0.322440692221065
  endloop
endfacet
facet normal 0.995801863965575 0.0 -0.0915349535570255
  outer loop
    vertex 0.293111150017062 1.75 -0.349316266062254
    vertex 0.295570715831852 0.0 -0.322558834854429
    vertex 0.293111150017062 0.0 -0.349316266062254
  endloop
endfacet
facet normal 0.995801863965575 0.0 -0.0915349535570255
  outer loop
    vertex 0.295570715831852 0.0 -0.322558834854429
    vertex 0.293111150017062 1.75 -0.349316266062254
    vertex 0.295570715831852 1.75 -0.322558834854429
  endloop
endfacet
facet normal -0.0827748470604039 -0.0 -0.996568273975309
  outer loop
    vertex 0.293111150017062 1.75 -0.349316266062254
    vertex 0.266333125191316 0.0 -0.347092086377415
    vertex 0.266333125191316 1.75 -0.347092086377415
  endloop
endfacet
facet normal -0.0827748470604039 -0.0 -0.996568273975309
  outer loop
    vertex 0.266333125191316 0.0 -0.347092086377415
    vertex 0.293111150017062 1.75 -0.349316266062254
    vertex 0.293111150017062 0.0 -0.349316266062254
  endloop
endfacet
facet normal 0.984034740367748 0.0 -0.177976486507007
  outer loop
    vertex 0.261550854976077 1.75 -0.37353333219578
    vertex 0.266333125191316 0.0 -0.347092086377415
    vertex 0.261550854976077 0.0 -0.37353333219578
  endloop
endfacet
facet normal 0.984034740367748 0.0 -0.177976486507007
  outer loop
    vertex 0.266333125191316 0.0 -0.347092086377415
    vertex 0.261550854976077 1.75 -0.37353333219578
    vertex 0.266333125191316 1.75 -0.347092086377415
  endloop
endfacet
facet normal -0.169316511894 -0.0 -0.985561727544272
  outer loop
    vertex 0.261550854976077 1.75 -0.37353333219578
    vertex 0.235068578651736 0.0 -0.368983757543137
    vertex 0.235068578651736 1.75 -0.368983757543137
  endloop
endfacet
facet normal -0.169316511894 -0.0 -0.985561727544272
  outer loop
    vertex 0.235068578651736 0.0 -0.368983757543137
    vertex 0.261550854976077 1.75 -0.37353333219578
    vertex 0.261550854976077 0.0 -0.37353333219578
  endloop
endfacet
facet normal 0.964778518219301 0.0 -0.263063510929528
  outer loop
    vertex 0.228 1.75 -0.394907584125704
    vertex 0.235068578651736 0.0 -0.368983757543137
    vertex 0.228 0.0 -0.394907584125704
  endloop
endfacet
facet normal 0.964778518219301 0.0 -0.263063510929528
  outer loop
    vertex 0.235068578651736 0.0 -0.368983757543137
    vertex 0.228 1.75 -0.394907584125704
    vertex 0.235068578651736 1.75 -0.368983757543137
  endloop
endfacet
facet normal -0.254569575835978 -0.0 -0.96705446126818
  outer loop
    vertex 0.228 1.75 -0.394907584125704
    vertex 0.202015018290328 0.0 -0.388067239515472
    vertex 0.202015018290328 1.75 -0.388067239515472
  endloop
endfacet
facet normal -0.254569575835978 -0.0 -0.96705446126818
  outer loop
    vertex 0.202015018290328 0.0 -0.388067239515472
    vertex 0.228 1.75 -0.394907584125704
    vertex 0.228 0.0 -0.394907584125704
  endloop
endfacet
facet normal 0.938179748998008 0.0 -0.346148463191785
  outer loop
    vertex 0.192713927353759 1.75 -0.413276350888713
    vertex 0.202015018290328 0.0 -0.388067239515472
    vertex 0.192713927353759 0.0 -0.413276350888713
  endloop
endfacet
facet normal 0.938179748998008 0.0 -0.346148463191785
  outer loop
    vertex 0.202015018290328 0.0 -0.388067239515472
    vertex 0.192713927353759 1.75 -0.413276350888713
    vertex 0.202015018290328 1.75 -0.388067239515472
  endloop
endfacet
facet normal -0.337885211592527 -0.0 -0.941187326618391
  outer loop
    vertex 0.192713927353759 1.75 -0.413276350888713
    vertex 0.167424001659728 0.0 -0.404197295473687
    vertex 0.167424001659728 1.75 -0.404197295473687
  endloop
endfacet
facet normal -0.337885211592527 -0.0 -0.941187326618391
  outer loop
    vertex 0.167424001659728 0.0 -0.404197295473687
    vertex 0.192713927353759 1.75 -0.413276350888713
    vertex 0.192713927353759 0.0 -0.413276350888713
  endloop
endfacet
facet normal 0.904440865398421 0.0 -0.426599016638993
  outer loop
    vertex 0.155961185356505 1.75 -0.428499835078374
    vertex 0.167424001659728 0.0 -0.404197295473687
    vertex 0.155961185356505 0.0 -0.428499835078374
  endloop
endfacet
facet normal 0.904440865398421 0.0 -0.426599016638993
  outer loop
    vertex 0.167424001659728 0.0 -0.404197295473687
    vertex 0.155961185356505 1.75 -0.428499835078374
    vertex 0.167424001659728 1.75 -0.404197295473687
  endloop
endfacet
facet normal -0.418629336868191 -0.0 -0.908157188108589
  outer loop
    vertex 0.155961185356505 1.75 -0.428499835078374
    vertex 0.13155878728312 0.0 -0.417251165952349
    vertex 0.13155878728312 1.75 -0.417251165952349
  endloop
endfacet
facet normal -0.418629336868191 -0.0 -0.908157188108589
  outer loop
    vertex 0.13155878728312 0.0 -0.417251165952349
    vertex 0.155961185356505 1.75 -0.428499835078374
    vertex 0.155961185356505 0.0 -0.428499835078374
  endloop
endfacet
facet normal 0.863818640696826 0.0 -0.50380289398205
  outer loop
    vertex 0.11802148456675 1.75 -0.440462176787815
    vertex 0.13155878728312 0.0 -0.417251165952349
    vertex 0.11802148456675 0.0 -0.440462176787815
  endloop
endfacet
facet normal 0.863818640696826 0.0 -0.50380289398205
  outer loop
    vertex 0.13155878728312 0.0 -0.417251165952349
    vertex 0.11802148456675 1.75 -0.440462176787815
    vertex 0.13155878728312 1.75 -0.417251165952349
  endloop
endfacet
facet normal -0.496187440114985 -0.0 -0.868215425036977
  outer loop
    vertex 0.11802148456675 1.75 -0.440462176787815
    vertex 0.0946923310979205 0.0 -0.42712950311497
    vertex 0.0946923310979205 1.75 -0.42712950311497
  endloop
endfacet
facet normal -0.496187440114985 -0.0 -0.868215425036977
  outer loop
    vertex 0.0946923310979205 0.0 -0.42712950311497
    vertex 0.11802148456675 1.75 -0.440462176787815
    vertex 0.11802148456675 0.0 -0.440462176787815
  endloop
endfacet
facet normal 0.816622234551571 0.0 -0.5771725270974
  outer loop
    vertex 0.0791835690161205 1.75 -0.449072335373567
    vertex 0.0946923310979205 0.0 -0.42712950311497
    vertex 0.0791835690161205 0.0 -0.449072335373567
  endloop
endfacet
facet normal 0.816622234551571 0.0 -0.5771725270974
  outer loop
    vertex 0.0946923310979205 0.0 -0.42712950311497
    vertex 0.0791835690161205 1.75 -0.449072335373567
    vertex 0.0946923310979205 1.75 -0.42712950311497
  endloop
endfacet
facet normal -0.569969257336334 -0.0 -0.821666018338027
  outer loop
    vertex 0.0791835690161205 1.75 -0.449072335373567
    vertex 0.057105209096273 0.0 -0.433757126851042
    vertex 0.057105209096273 1.75 -0.433757126851042
  endloop
endfacet
facet normal -0.569969257336334 -0.0 -0.821666018338027
  outer loop
    vertex 0.057105209096273 0.0 -0.433757126851042
    vertex 0.0791835690161205 1.75 -0.449072335373567
    vertex 0.0791835690161205 0.0 -0.449072335373567
  endloop
endfacet
facet normal 0.763210840111391 0.0 -0.64614952877524
  outer loop
    vertex 0.0397430186929324 1.75 -0.454264782329836
    vertex 0.057105209096273 0.0 -0.433757126851042
    vertex 0.0397430186929324 0.0 -0.454264782329836
  endloop
endfacet
facet normal 0.763210840111391 0.0 -0.64614952877524
  outer loop
    vertex 0.057105209096273 0.0 -0.433757126851042
    vertex 0.0397430186929324 1.75 -0.454264782329836
    vertex 0.057105209096273 1.75 -0.433757126851042
  endloop
endfacet
facet normal -0.639413264352506 -0.0 -0.76886323710402
  outer loop
    vertex 0.0397430186929324 1.75 -0.454264782329836
    vertex 0.0190834819723351 0.0 -0.437083596942063
    vertex 0.0190834819723351 1.75 -0.437083596942063
  endloop
endfacet
facet normal -0.639413264352506 -0.0 -0.76886323710402
  outer loop
    vertex 0.0190834819723351 0.0 -0.437083596942063
    vertex 0.0397430186929324 1.75 -0.454264782329836
    vertex 0.0397430186929324 0.0 -0.454264782329836
  endloop
endfacet
facet normal 0.70399095033866 0.0 -0.710208942383346
  outer loop
    vertex 0.0190834819723351 1.75 -0.437083596942063
    vertex 3.31678966558002e-16 0.0 -0.456
    vertex 3.31678966558002e-16 1.75 -0.456
  endloop
endfacet
facet normal 0.70399095033866 0.0 -0.710208942383346
  outer loop
    vertex 3.31678966558002e-16 0.0 -0.456
    vertex 0.0190834819723351 1.75 -0.437083596942063
    vertex 0.0190834819723351 0.0 -0.437083596942063
  endloop
endfacet
facet normal -0.703990950338673 -0.0 -0.710208942383333
  outer loop
    vertex 3.31678966558002e-16 1.75 -0.456
    vertex -0.0190834819723338 0.0 -0.437083596942063
    vertex -0.0190834819723338 1.75 -0.437083596942063
  endloop
endfacet
facet normal -0.703990950338673 -0.0 -0.710208942383333
  outer loop
    vertex -0.0190834819723338 0.0 -0.437083596942063
    vertex 3.31678966558002e-16 1.75 -0.456
    vertex 3.31678966558002e-16 0.0 -0.456
  endloop
endfacet
facet normal 0.639413264352494 0.0 -0.76886323710403
  outer loop
    vertex -0.0190834819723338 1.75 -0.437083596942063
    vertex -0.0397430186929318 0.0 -0.454264782329836
    vertex -0.0397430186929318 1.75 -0.454264782329836
  endloop
endfacet
facet normal 0.639413264352494 0.0 -0.76886323710403
  outer loop
    vertex -0.0397430186929318 0.0 -0.454264782329836
    vertex -0.0190834819723338 1.75 -0.437083596942063
    vertex -0.0190834819723338 0.0 -0.437083596942063
  endloop
endfacet
facet normal -0.763210840111404 -0.0 -0.646149528775224
  outer loop
    vertex -0.057105209096272 1.75 -0.433757126851042
    vertex -0.0397430186929318 0.0 -0.454264782329836
    vertex -0.057105209096272 0.0 -0.433757126851042
  endloop
endfacet
facet normal -0.763210840111404 -0.0 -0.646149528775224
  outer loop
    vertex -0.0397430186929318 0.0 -0.454264782329836
    vertex -0.057105209096272 1.75 -0.433757126851042
    vertex -0.0397430186929318 1.75 -0.454264782329836
  endloop
endfacet
facet normal 0.569969257336321 0.0 -0.821666018338036
  outer loop
    vertex -0.057105209096272 1.75 -0.433757126851042
    vertex -0.07918356901612 0.0 -0.449072335373567
    vertex -0.07918356901612 1.75 -0.449072335373567
  endloop
endfacet
facet normal 0.569969257336321 0.0 -0.821666018338036
  outer loop
    vertex -0.07918356901612 0.0 -0.449072335373567
    vertex -0.057105209096272 1.75 -0.433757126851042
    vertex -0.057105209096272 0.0 -0.433757126851042
  endloop
endfacet
facet normal -0.816622234551581 -0.0 -0.577172527097385
  outer loop
    vertex -0.094692331097919 1.75 -0.427129503114971
    vertex -0.07918356901612 0.0 -0.449072335373567
    vertex -0.094692331097919 0.0 -0.427129503114971
  endloop
endfacet
facet normal -0.816622234551581 -0.0 -0.577172527097385
  outer loop
    vertex -0.07918356901612 0.0 -0.449072335373567
    vertex -0.094692331097919 1.75 -0.427129503114971
    vertex -0.07918356901612 1.75 -0.449072335373567
  endloop
endfacet
facet normal 0.496187440114969 0.0 -0.868215425036986
  outer loop
    vertex -0.094692331097919 1.75 -0.427129503114971
    vertex -0.118021484566749 0.0 -0.440462176787815
    vertex -0.118021484566749 1.75 -0.440462176787815
  endloop
endfacet
facet normal 0.496187440114969 0.0 -0.868215425036986
  outer loop
    vertex -0.118021484566749 0.0 -0.440462176787815
    vertex -0.094692331097919 1.75 -0.427129503114971
    vertex -0.094692331097919 0.0 -0.427129503114971
  endloop
endfacet
facet normal -0.863818640696834 -0.0 -0.503802893982035
  outer loop
    vertex -0.131558787283119 1.75 -0.41725116595235
    vertex -0.118021484566749 0.0 -0.440462176787815
    vertex -0.131558787283119 0.0 -0.41725116595235
  endloop
endfacet
facet normal -0.863818640696834 -0.0 -0.503802893982035
  outer loop
    vertex -0.118021484566749 0.0 -0.440462176787815
    vertex -0.131558787283119 1.75 -0.41725116595235
    vertex -0.118021484566749 1.75 -0.440462176787815
  endloop
endfacet
facet normal 0.418629336868174 0.0 -0.908157188108596
  outer loop
    vertex -0.131558787283119 1.75 -0.41725116595235
    vertex -0.155961185356504 0.0 -0.428499835078375
    vertex -0.155961185356504 1.75 -0.428499835078375
  endloop
endfacet
facet normal 0.418629336868174 0.0 -0.908157188108596
  outer loop
    vertex -0.155961185356504 0.0 -0.428499835078375
    vertex -0.131558787283119 1.75 -0.41725116595235
    vertex -0.131558787283119 0.0 -0.41725116595235
  endloop
endfacet
facet normal -0.904440865398428 -0.0 -0.426599016638977
  outer loop
    vertex -0.167424001659726 1.75 -0.404197295473688
    vertex -0.155961185356504 0.0 -0.428499835078375
    vertex -0.167424001659726 0.0 -0.404197295473688
  endloop
endfacet
facet normal -0.904440865398428 -0.0 -0.426599016638977
  outer loop
    vertex -0.155961185356504 0.0 -0.428499835078375
    vertex -0.167424001659726 1.75 -0.404197295473688
    vertex -0.155961185356504 1.75 -0.428499835078375
  endloop
endfacet
facet normal 0.337885211592506 0.0 -0.941187326618398
  outer loop
    vertex -0.167424001659726 1.75 -0.404197295473688
    vertex -0.192713927353759 0.0 -0.413276350888713
    vertex -0.192713927353759 1.75 -0.413276350888713
  endloop
endfacet
facet normal 0.337885211592506 0.0 -0.941187326618398
  outer loop
    vertex -0.192713927353759 0.0 -0.413276350888713
    vertex -0.167424001659726 1.75 -0.404197295473688
    vertex -0.167424001659726 0.0 -0.404197295473688
  endloop
endfacet
facet normal -0.938179748998016 -0.0 -0.346148463191763
  outer loop
    vertex -0.202015018290327 1.75 -0.388067239515473
    vertex -0.192713927353759 0.0 -0.413276350888713
    vertex -0.202015018290327 0.0 -0.388067239515473
  endloop
endfacet
facet normal -0.938179748998016 -0.0 -0.346148463191763
  outer loop
    vertex -0.192713927353759 0.0 -0.413276350888713
    vertex -0.202015018290327 1.75 -0.388067239515473
    vertex -0.192713927353759 1.75 -0.413276350888713
  endloop
endfacet
facet normal 0.254569575835953 0.0 -0.967054461268187
  outer loop
    vertex -0.202015018290327 1.75 -0.388067239515473
    vertex -0.228 0.0 -0.394907584125704
    vertex -0.228 1.75 -0.394907584125704
  endloop
endfacet
facet normal 0.254569575835953 0.0 -0.967054461268187
  outer loop
    vertex -0.228 0.0 -0.394907584125704
    vertex -0.202015018290327 1.75 -0.388067239515473
    vertex -0.202015018290327 0.0 -0.388067239515473
  endloop
endfacet
facet normal -0.964778518219307 -0.0 -0.263063510929508
  outer loop
    vertex -0.235068578651734 1.75 -0.368983757543138
    vertex -0.228 0.0 -0.394907584125704
    vertex -0.235068578651734 0.0 -0.368983757543138
  endloop
endfacet
facet normal -0.964778518219307 -0.0 -0.263063510929508
  outer loop
    vertex -0.228 0.0 -0.394907584125704
    vertex -0.235068578651734 1.75 -0.368983757543138
    vertex -0.228 1.75 -0.394907584125704
  endloop
endfacet
facet normal 0.169316511893978 0.0 -0.985561727544276
  outer loop
    vertex -0.235068578651734 1.75 -0.368983757543138
    vertex -0.261550854976076 0.0 -0.37353333219578
    vertex -0.261550854976076 1.75 -0.37353333219578
  endloop
endfacet
facet normal 0.169316511893978 0.0 -0.985561727544276
  outer loop
    vertex -0.261550854976076 0.0 -0.37353333219578
    vertex -0.235068578651734 1.75 -0.368983757543138
    vertex -0.235068578651734 0.0 -0.368983757543138
  endloop
endfacet
facet normal -0.984034740367752 -0.0 -0.177976486506987
  outer loop
    vertex -0.266333125191315 1.75 -0.347092086377416
    vertex -0.261550854976076 0.0 -0.37353333219578
    vertex -0.266333125191315 0.0 -0.347092086377416
  endloop
endfacet
facet normal -0.984034740367752 -0.0 -0.177976486506987
  outer loop
    vertex -0.261550854976076 0.0 -0.37353333219578
    vertex -0.266333125191315 1.75 -0.347092086377416
    vertex -0.261550854976076 1.75 -0.37353333219578
  endloop
endfacet
facet normal 0.0827748470603812 0.0 -0.996568273975311
  outer loop
    vertex -0.266333125191315 1.75 -0.347092086377416
    vertex -0.293111150017062 0.0 -0.349316266062255
    vertex -0.293111150017062 1.75 -0.349316266062255
  endloop
endfacet
facet normal 0.0827748470603812 0.0 -0.996568273975311
  outer loop
    vertex -0.293111150017062 0.0 -0.349316266062255
    vertex -0.266333125191315 1.75 -0.347092086377416
    vertex -0.266333125191315 0.0 -0.347092086377416
  endloop
endfacet
facet normal -0.995801863965576 -0.0 -0.091534953557007
  outer loop
    vertex -0.295570715831851 1.75 -0.32255883485443
    vertex -0.293111150017062 0.0 -0.349316266062255
    vertex -0.295570715831851 0.0 -0.32255883485443
  endloop
endfacet
facet normal -0.995801863965576 -0.0 -0.091534953557007
  outer loop
    vertex -0.293111150017062 0.0 -0.349316266062255
    vertex -0.295570715831851 1.75 -0.32255883485443
    vertex -0.293111150017062 1.75 -0.349316266062255
  endloop
endfacet
facet normal -0.00439678434015977 -0.0 -0.999990334097018
  outer loop
    vertex -0.295570715831851 1.75 -0.32255883485443
    vertex -0.322440692221065 0.0 -0.322440692221066
    vertex -0.322440692221065 1.75 -0.322440692221066
  endloop
endfacet
facet normal -0.00439678434015977 -0.0 -0.999990334097018
  outer loop
    vertex -0.322440692221065 0.0 -0.322440692221066
    vertex -0.295570715831851 1.75 -0.32255883485443
    vertex -0.295570715831851 0.0 -0.32255883485443
  endloop
endfacet
facet normal -0.999990334097018 -0.0 -0.00439678434014746
  outer loop
    vertex -0.322558834854428 1.75 -0.295570715831852
    vertex -0.322440692221065 0.0 -0.322440692221066
    vertex -0.322558834854428 0.0 -0.295570715831852
  endloop
endfacet
facet normal -0.999990334097018 -0.0 -0.00439678434014746
  outer loop
    vertex -0.322440692221065 0.0 -0.322440692221066
    vertex -0.322558834854428 1.75 -0.295570715831852
    vertex -0.322440692221065 1.75 -0.322440692221066
  endloop
endfacet
facet normal -0.091534953557024 -0.0 -0.995801863965575
  outer loop
    vertex -0.322558834854428 1.75 -0.295570715831852
    vertex -0.349316266062254 0.0 -0.293111150017063
    vertex -0.349316266062254 1.75 -0.293111150017063
  endloop
endfacet
facet normal -0.091534953557024 -0.0 -0.995801863965575
  outer loop
    vertex -0.349316266062254 0.0 -0.293111150017063
    vertex -0.322558834854428 1.75 -0.295570715831852
    vertex -0.322558834854428 0.0 -0.295570715831852
  endloop
endfacet
facet normal -0.99656827397531 0.0 0.0827748470603976
  outer loop
    vertex -0.347092086377415 1.75 -0.266333125191316
    vertex -0.349316266062254 0.0 -0.293111150017063
    vertex -0.347092086377415 0.0 -0.266333125191316
  endloop
endfacet
facet normal -0.99656827397531 0.0 0.0827748470603976
  outer loop
    vertex -0.349316266062254 0.0 -0.293111150017063
    vertex -0.347092086377415 1.75 -0.266333125191316
    vertex -0.349316266062254 1.75 -0.293111150017063
  endloop
endfacet
facet normal -0.177976486507003 -0.0 -0.984034740367749
  outer loop
    vertex -0.347092086377415 1.75 -0.266333125191316
    vertex -0.37353333219578 0.0 -0.261550854976077
    vertex -0.37353333219578 1.75 -0.261550854976077
  endloop
endfacet
facet normal -0.177976486507003 -0.0 -0.984034740367749
  outer loop
    vertex -0.37353333219578 0.0 -0.261550854976077
    vertex -0.347092086377415 1.75 -0.266333125191316
    vertex -0.347092086377415 0.0 -0.266333125191316
  endloop
endfacet
facet normal -0.985561727544272 0.0 0.169316511893995
  outer loop
    vertex -0.368983757543137 1.75 -0.235068578651736
    vertex -0.37353333219578 0.0 -0.261550854976077
    vertex -0.368983757543137 0.0 -0.235068578651736
  endloop
endfacet
facet normal -0.985561727544272 0.0 0.169316511893995
  outer loop
    vertex -0.37353333219578 0.0 -0.261550854976077
    vertex -0.368983757543137 1.75 -0.235068578651736
    vertex -0.37353333219578 1.75 -0.261550854976077
  endloop
endfacet
facet normal -0.263063510929521 -0.0 -0.964778518219303
  outer loop
    vertex -0.368983757543137 1.75 -0.235068578651736
    vertex -0.394907584125703 0.0 -0.228000000000001
    vertex -0.394907584125703 1.75 -0.228000000000001
  endloop
endfacet
facet normal -0.263063510929521 -0.0 -0.964778518219303
  outer loop
    vertex -0.394907584125703 0.0 -0.228000000000001
    vertex -0.368983757543137 1.75 -0.235068578651736
    vertex -0.368983757543137 0.0 -0.235068578651736
  endloop
endfacet
facet normal -0.967054461268183 0.0 0.254569575835968
  outer loop
    vertex -0.388067239515472 1.75 -0.202015018290328
    vertex -0.394907584125703 0.0 -0.228000000000001
    vertex -0.388067239515472 0.0 -0.202015018290328
  endloop
endfacet
facet normal -0.967054461268183 0.0 0.254569575835968
  outer loop
    vertex -0.394907584125703 0.0 -0.228000000000001
    vertex -0.388067239515472 1.75 -0.202015018290328
    vertex -0.394907584125703 1.75 -0.228000000000001
  endloop
endfacet
facet normal -0.346148463191777 -0.0 -0.938179748998011
  outer loop
    vertex -0.388067239515472 1.75 -0.202015018290328
    vertex -0.413276350888712 0.0 -0.19271392735376
    vertex -0.413276350888712 1.75 -0.19271392735376
  endloop
endfacet
facet normal -0.346148463191777 -0.0 -0.938179748998011
  outer loop
    vertex -0.413276350888712 0.0 -0.19271392735376
    vertex -0.388067239515472 1.75 -0.202015018290328
    vertex -0.388067239515472 0.0 -0.202015018290328
  endloop
endfacet
facet normal -0.941187326618392 0.0 0.337885211592523
  outer loop
    vertex -0.404197295473687 1.75 -0.167424001659728
    vertex -0.413276350888712 0.0 -0.19271392735376
    vertex -0.404197295473687 0.0 -0.167424001659728
  endloop
endfacet
facet normal -0.941187326618392 0.0 0.337885211592523
  outer loop
    vertex -0.413276350888712 0.0 -0.19271392735376
    vertex -0.404197295473687 1.75 -0.167424001659728
    vertex -0.413276350888712 1.75 -0.19271392735376
  endloop
endfacet
facet normal -0.426599016638987 -0.0 -0.904440865398424
  outer loop
    vertex -0.404197295473687 1.75 -0.167424001659728
    vertex -0.428499835078374 0.0 -0.155961185356505
    vertex -0.428499835078374 1.75 -0.155961185356505
  endloop
endfacet
facet normal -0.426599016638987 -0.0 -0.904440865398424
  outer loop
    vertex -0.428499835078374 0.0 -0.155961185356505
    vertex -0.404197295473687 1.75 -0.167424001659728
    vertex -0.404197295473687 0.0 -0.167424001659728
  endloop
endfacet
facet normal -0.908157188108592 0.0 0.418629336868185
  outer loop
    vertex -0.417251165952349 1.75 -0.131558787283121
    vertex -0.428499835078374 0.0 -0.155961185356505
    vertex -0.417251165952349 0.0 -0.131558787283121
  endloop
endfacet
facet normal -0.908157188108592 0.0 0.418629336868185
  outer loop
    vertex -0.428499835078374 0.0 -0.155961185356505
    vertex -0.417251165952349 1.75 -0.131558787283121
    vertex -0.428499835078374 1.75 -0.155961185356505
  endloop
endfacet
facet normal -0.503802893982044 -0.0 -0.863818640696829
  outer loop
    vertex -0.417251165952349 1.75 -0.131558787283121
    vertex -0.440462176787815 0.0 -0.118021484566751
    vertex -0.440462176787815 1.75 -0.118021484566751
  endloop
endfacet
facet normal -0.503802893982044 -0.0 -0.863818640696829
  outer loop
    vertex -0.440462176787815 0.0 -0.118021484566751
    vertex -0.417251165952349 1.75 -0.131558787283121
    vertex -0.417251165952349 0.0 -0.131558787283121
  endloop
endfacet
facet normal -0.868215425036981 0.0 0.496187440114977
  outer loop
    vertex -0.42712950311497 1.75 -0.094692331097921
    vertex -0.440462176787815 0.0 -0.118021484566751
    vertex -0.42712950311497 0.0 -0.094692331097921
  endloop
endfacet
facet normal -0.868215425036981 0.0 0.496187440114977
  outer loop
    vertex -0.440462176787815 0.0 -0.118021484566751
    vertex -0.42712950311497 1.75 -0.094692331097921
    vertex -0.440462176787815 1.75 -0.118021484566751
  endloop
endfacet
facet normal -0.577172527097393 -0.0 -0.816622234551576
  outer loop
    vertex -0.42712950311497 1.75 -0.094692331097921
    vertex -0.449072335373567 0.0 -0.079183569016121
    vertex -0.449072335373567 1.75 -0.079183569016121
  endloop
endfacet
facet normal -0.577172527097393 -0.0 -0.816622234551576
  outer loop
    vertex -0.449072335373567 0.0 -0.079183569016121
    vertex -0.42712950311497 1.75 -0.094692331097921
    vertex -0.42712950311497 0.0 -0.094692331097921
  endloop
endfacet
facet normal -0.821666018338032 0.0 0.569969257336327
  outer loop
    vertex -0.433757126851042 1.75 -0.0571052090962735
    vertex -0.449072335373567 0.0 -0.079183569016121
    vertex -0.433757126851042 0.0 -0.0571052090962735
  endloop
endfacet
facet normal -0.821666018338032 0.0 0.569969257336327
  outer loop
    vertex -0.449072335373567 0.0 -0.079183569016121
    vertex -0.433757126851042 1.75 -0.0571052090962735
    vertex -0.449072335373567 1.75 -0.079183569016121
  endloop
endfacet
facet normal -0.646149528775232 -0.0 -0.763210840111398
  outer loop
    vertex -0.433757126851042 1.75 -0.0571052090962735
    vertex -0.454264782329836 0.0 -0.0397430186929332
    vertex -0.454264782329836 1.75 -0.0397430186929332
  endloop
endfacet
facet normal -0.646149528775232 -0.0 -0.763210840111398
  outer loop
    vertex -0.454264782329836 0.0 -0.0397430186929332
    vertex -0.433757126851042 1.75 -0.0571052090962735
    vertex -0.433757126851042 0.0 -0.0571052090962735
  endloop
endfacet
facet normal -0.768863237104026 0.0 0.639413264352499
  outer loop
    vertex -0.437083596942063 1.75 -0.0190834819723356
    vertex -0.454264782329836 0.0 -0.0397430186929332
    vertex -0.437083596942063 0.0 -0.0190834819723356
  endloop
endfacet
facet normal -0.768863237104026 0.0 0.639413264352499
  outer loop
    vertex -0.454264782329836 0.0 -0.0397430186929332
    vertex -0.437083596942063 1.75 -0.0190834819723356
    vertex -0.454264782329836 1.75 -0.0397430186929332
  endloop
endfacet
facet normal -0.710208942383338 -0.0 -0.703990950338668
  outer loop
    vertex -0.456 1.75 -1.06836729249926e-15
    vertex -0.437083596942063 0.0 -0.0190834819723356
    vertex -0.456 0.0 -1.06836729249926e-15
  endloop
endfacet
facet normal -0.710208942383338 -0.0 -0.703990950338668
  outer loop
    vertex -0.437083596942063 0.0 -0.0190834819723356
    vertex -0.456 1.75 -1.06836729249926e-15
    vertex -0.437083596942063 1.75 -0.0190834819723356
  endloop
endfacet
facet normal -0.710208942383341 0.0 0.703990950338665
  outer loop
    vertex -0.437083596942063 1.75 0.0190834819723334
    vertex -0.456 0.0 -1.06836729249926e-15
    vertex -0.437083596942063 0.0 0.0190834819723334
  endloop
endfacet
facet normal -0.710208942383341 0.0 0.703990950338665
  outer loop
    vertex -0.456 0.0 -1.06836729249926e-15
    vertex -0.437083596942063 1.75 0.0190834819723334
    vertex -0.456 1.75 -1.06836729249926e-15
  endloop
endfacet
facet normal -0.768863237104023 -0.0 -0.639413264352502
  outer loop
    vertex -0.454264782329836 1.75 0.039743018692931
    vertex -0.437083596942063 0.0 0.0190834819723334
    vertex -0.454264782329836 0.0 0.039743018692931
  endloop
endfacet
facet normal -0.768863237104023 -0.0 -0.639413264352502
  outer loop
    vertex -0.437083596942063 0.0 0.0190834819723334
    vertex -0.454264782329836 1.75 0.039743018692931
    vertex -0.437083596942063 1.75 0.0190834819723334
  endloop
endfacet
facet normal -0.646149528775282 0.0 0.763210840111356
  outer loop
    vertex -0.433757126851042 0.0 0.057105209096274
    vertex -0.454264782329836 1.75 0.039743018692931
    vertex -0.454264782329836 0.0 0.039743018692931
  endloop
endfacet
facet normal -0.646149528775282 0.0 0.763210840111356
  outer loop
    vertex -0.454264782329836 1.75 0.039743018692931
    vertex -0.433757126851042 0.0 0.057105209096274
    vertex -0.433757126851042 1.75 0.057105209096274
  endloop
endfacet
facet normal -0.821666018337998 -0.0 -0.569969257336376
  outer loop
    vertex -0.449072335373567 1.75 0.079183569016119
    vertex -0.433757126851042 0.0 0.057105209096274
    vertex -0.449072335373567 0.0 0.079183569016119
  endloop
endfacet
facet normal -0.821666018337998 -0.0 -0.569969257336376
  outer loop
    vertex -0.433757126851042 0.0 0.057105209096274
    vertex -0.449072335373567 1.75 0.079183569016119
    vertex -0.433757126851042 1.75 0.057105209096274
  endloop
endfacet
facet normal -0.577172527097445 0.0 0.816622234551539
  outer loop
    vertex -0.42712950311497 0.0 0.0946923310979215
    vertex -0.449072335373567 1.75 0.079183569016119
    vertex -0.449072335373567 0.0 0.079183569016119
  endloop
endfacet
facet normal -0.577172527097445 0.0 0.816622234551539
  outer loop
    vertex -0.449072335373567 1.75 0.079183569016119
    vertex -0.42712950311497 0.0 0.0946923310979215
    vertex -0.42712950311497 1.75 0.0946923310979215
  endloop
endfacet
facet normal -0.86821542503695 -0.0 -0.496187440115032
  outer loop
    vertex -0.440462176787816 1.75 0.118021484566749
    vertex -0.42712950311497 0.0 0.0946923310979215
    vertex -0.440462176787816 0.0 0.118021484566749
  endloop
endfacet
facet normal -0.86821542503695 -0.0 -0.496187440115032
  outer loop
    vertex -0.42712950311497 0.0 0.0946923310979215
    vertex -0.440462176787816 1.75 0.118021484566749
    vertex -0.42712950311497 1.75 0.0946923310979215
  endloop
endfacet
facet normal -0.503802893982097 0.0 0.863818640696798
  outer loop
    vertex -0.417251165952349 0.0 0.131558787283121
    vertex -0.440462176787816 1.75 0.118021484566749
    vertex -0.440462176787816 0.0 0.118021484566749
  endloop
endfacet
facet normal -0.503802893982097 0.0 0.863818640696798
  outer loop
    vertex -0.440462176787816 1.75 0.118021484566749
    vertex -0.417251165952349 0.0 0.131558787283121
    vertex -0.417251165952349 1.75 0.131558787283121
  endloop
endfacet
facet normal -0.908157188108565 -0.0 -0.418629336868242
  outer loop
    vertex -0.428499835078375 1.75 0.155961185356503
    vertex -0.417251165952349 0.0 0.131558787283121
    vertex -0.428499835078375 0.0 0.155961185356503
  endloop
endfacet
facet normal -0.908157188108565 -0.0 -0.418629336868242
  outer loop
    vertex -0.417251165952349 0.0 0.131558787283121
    vertex -0.428499835078375 1.75 0.155961185356503
    vertex -0.417251165952349 1.75 0.131558787283121
  endloop
endfacet
facet normal -0.426599016639041 0.0 0.904440865398398
  outer loop
    vertex -0.404197295473687 0.0 0.167424001659728
    vertex -0.428499835078375 1.75 0.155961185356503
    vertex -0.428499835078375 0.0 0.155961185356503
  endloop
endfacet
facet normal -0.426599016639041 0.0 0.904440865398398
  outer loop
    vertex -0.428499835078375 1.75 0.155961185356503
    vertex -0.404197295473687 0.0 0.167424001659728
    vertex -0.404197295473687 1.75 0.167424001659728
  endloop
endfacet
facet normal -0.941187326618373 -0.0 -0.337885211592577
  outer loop
    vertex -0.413276350888713 1.75 0.192713927353758
    vertex -0.404197295473687 0.0 0.167424001659728
    vertex -0.413276350888713 0.0 0.192713927353758
  endloop
endfacet
facet normal -0.941187326618373 -0.0 -0.337885211592577
  outer loop
    vertex -0.404197295473687 0.0 0.167424001659728
    vertex -0.413276350888713 1.75 0.192713927353758
    vertex -0.404197295473687 1.75 0.167424001659728
  endloop
endfacet
facet normal -0.346148463191834 0.0 0.93817974899799
  outer loop
    vertex -0.388067239515472 0.0 0.202015018290329
    vertex -0.413276350888713 1.75 0.192713927353758
    vertex -0.413276350888713 0.0 0.192713927353758
  endloop
endfacet
facet normal -0.346148463191834 0.0 0.93817974899799
  outer loop
    vertex -0.413276350888713 1.75 0.192713927353758
    vertex -0.388067239515472 0.0 0.202015018290329
    vertex -0.388067239515472 1.75 0.202015018290329
  endloop
endfacet
facet normal -0.967054461268167 -0.0 -0.254569575836029
  outer loop
    vertex -0.394907584125704 1.75 0.227999999999999
    vertex -0.388067239515472 0.0 0.202015018290329
    vertex -0.394907584125704 0.0 0.227999999999999
  endloop
endfacet
facet normal -0.967054461268167 -0.0 -0.254569575836029
  outer loop
    vertex -0.388067239515472 0.0 0.202015018290329
    vertex -0.394907584125704 1.75 0.227999999999999
    vertex -0.388067239515472 1.75 0.202015018290329
  endloop
endfacet
facet normal -0.263063510929578 0.0 0.964778518219287
  outer loop
    vertex -0.368983757543137 0.0 0.235068578651736
    vertex -0.394907584125704 1.75 0.227999999999999
    vertex -0.394907584125704 0.0 0.227999999999999
  endloop
endfacet
facet normal -0.263063510929578 0.0 0.964778518219287
  outer loop
    vertex -0.394907584125704 1.75 0.227999999999999
    vertex -0.368983757543137 0.0 0.235068578651736
    vertex -0.368983757543137 1.75 0.235068578651736
  endloop
endfacet
facet normal -0.985561727544263 -0.0 -0.169316511894053
  outer loop
    vertex -0.373533332195781 1.75 0.261550854976076
    vertex -0.368983757543137 0.0 0.235068578651736
    vertex -0.373533332195781 0.0 0.261550854976076
  endloop
endfacet
facet normal -0.985561727544263 -0.0 -0.169316511894053
  outer loop
    vertex -0.368983757543137 0.0 0.235068578651736
    vertex -0.373533332195781 1.75 0.261550854976076
    vertex -0.368983757543137 1.75 0.235068578651736
  endloop
endfacet
facet normal -0.177976486507057 0.0 0.984034740367739
  outer loop
    vertex -0.347092086377415 0.0 0.266333125191316
    vertex -0.373533332195781 1.75 0.261550854976076
    vertex -0.373533332195781 0.0 0.261550854976076
  endloop
endfacet
facet normal -0.177976486507057 0.0 0.984034740367739
  outer loop
    vertex -0.373533332195781 1.75 0.261550854976076
    vertex -0.347092086377415 0.0 0.266333125191316
    vertex -0.347092086377415 1.75 0.266333125191316
  endloop
endfacet
facet normal -0.996568273975305 -0.0 -0.082774847060456
  outer loop
    vertex -0.349316266062255 1.75 0.293111150017061
    vertex -0.347092086377415 0.0 0.266333125191316
    vertex -0.349316266062255 0.0 0.293111150017061
  endloop
endfacet
facet normal -0.996568273975305 -0.0 -0.082774847060456
  outer loop
    vertex -0.347092086377415 0.0 0.266333125191316
    vertex -0.349316266062255 1.75 0.293111150017061
    vertex -0.347092086377415 1.75 0.266333125191316
  endloop
endfacet
facet normal -0.0915349535570805 0.0 0.99580186396557
  outer loop
    vertex -0.322558834854428 0.0 0.295570715831852
    vertex -0.349316266062255 1.75 0.293111150017061
    vertex -0.349316266062255 0.0 0.293111150017061
  endloop
endfacet
facet normal -0.0915349535570805 0.0 0.99580186396557
  outer loop
    vertex -0.349316266062255 1.75 0.293111150017061
    vertex -0.322558834854428 0.0 0.295570715831852
    vertex -0.322558834854428 1.75 0.295570715831852
  endloop
endfacet
facet normal -0.999990334097019 0.0 0.00439678434008781
  outer loop
    vertex -0.322440692221067 1.75 0.322440692221064
    vertex -0.322558834854428 0.0 0.295570715831852
    vertex -0.322440692221067 0.0 0.322440692221064
  endloop
endfacet
facet normal -0.999990334097019 0.0 0.00439678434008781
  outer loop
    vertex -0.322558834854428 0.0 0.295570715831852
    vertex -0.322440692221067 1.75 0.322440692221064
    vertex -0.322558834854428 1.75 0.295570715831852
  endloop
endfacet
facet normal -0.00439678434021736 0.0 0.999990334097018
  outer loop
    vertex -0.295570715831851 0.0 0.32255883485443
    vertex -0.322440692221067 1.75 0.322440692221064
    vertex -0.322440692221067 0.0 0.322440692221064
  endloop
endfacet
facet normal -0.00439678434021736 0.0 0.999990334097018
  outer loop
    vertex -0.322440692221067 1.75 0.322440692221064
    vertex -0.295570715831851 0.0 0.32255883485443
    vertex -0.295570715831851 1.75 0.32255883485443
  endloop
endfacet
facet normal -0.995801863965581 0.0 0.0915349535569561
  outer loop
    vertex -0.293111150017063 1.75 0.349316266062253
    vertex -0.295570715831851 0.0 0.32255883485443
    vertex -0.293111150017063 0.0 0.349316266062253
  endloop
endfacet
facet normal -0.995801863965581 0.0 0.0915349535569561
  outer loop
    vertex -0.295570715831851 0.0 0.32255883485443
    vertex -0.293111150017063 1.75 0.349316266062253
    vertex -0.295570715831851 1.75 0.32255883485443
  endloop
endfacet
facet normal 0.0827748470603318 0.0 0.996568273975315
  outer loop
    vertex -0.266333125191315 0.0 0.347092086377416
    vertex -0.293111150017063 1.75 0.349316266062253
    vertex -0.293111150017063 0.0 0.349316266062253
  endloop
endfacet
facet normal 0.0827748470603318 0.0 0.996568273975315
  outer loop
    vertex -0.293111150017063 1.75 0.349316266062253
    vertex -0.266333125191315 0.0 0.347092086377416
    vertex -0.266333125191315 1.75 0.347092086377416
  endloop
endfacet
facet normal -0.984034740367761 0.0 0.177976486506938
  outer loop
    vertex -0.261550854976078 1.75 0.373533332195779
    vertex -0.266333125191315 0.0 0.347092086377416
    vertex -0.261550854976078 0.0 0.373533332195779
  endloop
endfacet
facet normal -0.984034740367761 0.0 0.177976486506938
  outer loop
    vertex -0.266333125191315 0.0 0.347092086377416
    vertex -0.261550854976078 1.75 0.373533332195779
    vertex -0.266333125191315 1.75 0.347092086377416
  endloop
endfacet
facet normal 0.16931651189393 0.0 0.985561727544284
  outer loop
    vertex -0.235068578651734 0.0 0.368983757543138
    vertex -0.261550854976078 1.75 0.373533332195779
    vertex -0.261550854976078 0.0 0.373533332195779
  endloop
endfacet
facet normal 0.16931651189393 0.0 0.985561727544284
  outer loop
    vertex -0.261550854976078 1.75 0.373533332195779
    vertex -0.235068578651734 0.0 0.368983757543138
    vertex -0.235068578651734 1.75 0.368983757543138
  endloop
endfacet
facet normal -0.964778518219319 0.0 0.263063510929462
  outer loop
    vertex -0.228000000000001 1.75 0.394907584125703
    vertex -0.235068578651734 0.0 0.368983757543138
    vertex -0.228000000000001 0.0 0.394907584125703
  endloop
endfacet
facet normal -0.964778518219319 0.0 0.263063510929462
  outer loop
    vertex -0.235068578651734 0.0 0.368983757543138
    vertex -0.228000000000001 1.75 0.394907584125703
    vertex -0.235068578651734 1.75 0.368983757543138
  endloop
endfacet
facet normal 0.254569575835906 0.0 0.967054461268199
  outer loop
    vertex -0.202015018290327 0.0 0.388067239515473
    vertex -0.228000000000001 1.75 0.394907584125703
    vertex -0.228000000000001 0.0 0.394907584125703
  endloop
endfacet
facet normal 0.254569575835906 0.0 0.967054461268199
  outer loop
    vertex -0.228000000000001 1.75 0.394907584125703
    vertex -0.202015018290327 0.0 0.388067239515473
    vertex -0.202015018290327 1.75 0.388067239515473
  endloop
endfacet
facet normal -0.938179748998033 0.0 0.346148463191718
  outer loop
    vertex -0.192713927353761 1.75 0.413276350888712
    vertex -0.202015018290327 0.0 0.388067239515473
    vertex -0.192713927353761 0.0 0.413276350888712
  endloop
endfacet
facet normal -0.938179748998033 0.0 0.346148463191718
  outer loop
    vertex -0.202015018290327 0.0 0.388067239515473
    vertex -0.192713927353761 1.75 0.413276350888712
    vertex -0.202015018290327 1.75 0.388067239515473
  endloop
endfacet
facet normal 0.337885211592463 0.0 0.941187326618414
  outer loop
    vertex -0.167424001659726 0.0 0.404197295473688
    vertex -0.192713927353761 1.75 0.413276350888712
    vertex -0.192713927353761 0.0 0.413276350888712
  endloop
endfacet
facet normal 0.337885211592463 0.0 0.941187326618414
  outer loop
    vertex -0.192713927353761 1.75 0.413276350888712
    vertex -0.167424001659726 0.0 0.404197295473688
    vertex -0.167424001659726 1.75 0.404197295473688
  endloop
endfacet
facet normal -0.90444086539845 0.0 0.426599016638931
  outer loop
    vertex -0.155961185356506 1.75 0.428499835078374
    vertex -0.167424001659726 0.0 0.404197295473688
    vertex -0.155961185356506 0.0 0.428499835078374
  endloop
endfacet
facet normal -0.90444086539845 0.0 0.426599016638931
  outer loop
    vertex -0.167424001659726 0.0 0.404197295473688
    vertex -0.155961185356506 1.75 0.428499835078374
    vertex -0.167424001659726 1.75 0.404197295473688
  endloop
endfacet
facet normal 0.418629336868128 0.0 0.908157188108618
  outer loop
    vertex -0.131558787283119 0.0 0.41725116595235
    vertex -0.155961185356506 1.75 0.428499835078374
    vertex -0.155961185356506 0.0 0.428499835078374
  endloop
endfacet
facet normal 0.418629336868128 0.0 0.908157188108618
  outer loop
    vertex -0.155961185356506 1.75 0.428499835078374
    vertex -0.131558787283119 0.0 0.41725116595235
    vertex -0.131558787283119 1.75 0.41725116595235
  endloop
endfacet
facet normal -0.86381864069686 0.0 0.503802893981991
  outer loop
    vertex -0.118021484566751 1.75 0.440462176787815
    vertex -0.131558787283119 0.0 0.41725116595235
    vertex -0.118021484566751 0.0 0.440462176787815
  endloop
endfacet
facet normal -0.86381864069686 0.0 0.503802893981991
  outer loop
    vertex -0.131558787283119 0.0 0.41725116595235
    vertex -0.118021484566751 1.75 0.440462176787815
    vertex -0.131558787283119 1.75 0.41725116595235
  endloop
endfacet
facet normal 0.496187440114925 0.0 0.868215425037011
  outer loop
    vertex -0.0946923310979195 0.0 0.427129503114971
    vertex -0.118021484566751 1.75 0.440462176787815
    vertex -0.118021484566751 0.0 0.440462176787815
  endloop
endfacet
facet normal 0.496187440114925 0.0 0.868215425037011
  outer loop
    vertex -0.118021484566751 1.75 0.440462176787815
    vertex -0.0946923310979195 0.0 0.427129503114971
    vertex -0.0946923310979195 1.75 0.427129503114971
  endloop
endfacet
facet normal -0.816622234551611 0.0 0.577172527097344
  outer loop
    vertex -0.079183569016122 1.75 0.449072335373567
    vertex -0.0946923310979195 0.0 0.427129503114971
    vertex -0.079183569016122 0.0 0.449072335373567
  endloop
endfacet
facet normal -0.816622234551611 0.0 0.577172527097344
  outer loop
    vertex -0.0946923310979195 0.0 0.427129503114971
    vertex -0.079183569016122 1.75 0.449072335373567
    vertex -0.0946923310979195 1.75 0.427129503114971
  endloop
endfacet
facet normal 0.569969257336276 0.0 0.821666018338068
  outer loop
    vertex -0.057105209096272 0.0 0.433757126851042
    vertex -0.079183569016122 1.75 0.449072335373567
    vertex -0.079183569016122 0.0 0.449072335373567
  endloop
endfacet
facet normal 0.569969257336276 0.0 0.821666018338068
  outer loop
    vertex -0.079183569016122 1.75 0.449072335373567
    vertex -0.057105209096272 0.0 0.433757126851042
    vertex -0.057105209096272 1.75 0.433757126851042
  endloop
endfacet
facet normal -0.763210840111435 0.0 0.646149528775187
  outer loop
    vertex -0.0397430186929338 1.75 0.454264782329836
    vertex -0.057105209096272 0.0 0.433757126851042
    vertex -0.0397430186929338 0.0 0.454264782329836
  endloop
endfacet
facet normal -0.763210840111435 0.0 0.646149528775187
  outer loop
    vertex -0.057105209096272 0.0 0.433757126851042
    vertex -0.0397430186929338 1.75 0.454264782329836
    vertex -0.057105209096272 1.75 0.433757126851042
  endloop
endfacet
facet normal 0.639413264352454 0.0 0.768863237104063
  outer loop
    vertex -0.0190834819723339 0.0 0.437083596942063
    vertex -0.0397430186929338 1.75 0.454264782329836
    vertex -0.0397430186929338 0.0 0.454264782329836
  endloop
endfacet
facet normal 0.639413264352454 0.0 0.768863237104063
  outer loop
    vertex -0.0397430186929338 1.75 0.454264782329836
    vertex -0.0190834819723339 0.0 0.437083596942063
    vertex -0.0190834819723339 1.75 0.437083596942063
  endloop
endfacet
facet normal -0.703990950338709 0.0 0.710208942383297
  outer loop
    vertex -1.70380327859471e-15 0.0 0.456
    vertex -0.0190834819723339 1.75 0.437083596942063
    vertex -0.0190834819723339 0.0 0.437083596942063
  endloop
endfacet
facet normal -0.703990950338709 0.0 0.710208942383297
  outer loop
    vertex -0.0190834819723339 1.75 0.437083596942063
    vertex -1.70380327859471e-15 0.0 0.456
    vertex -1.70380327859471e-15 1.75 0.456
  endloop
endfacet
facet normal 0.703990950338624 0.0 0.710208942383382
  outer loop
    vertex 0.0190834819723351 0.0 0.437083596942063
    vertex -1.70380327859471e-15 1.75 0.456
    vertex -1.70380327859471e-15 0.0 0.456
  endloop
endfacet
facet normal 0.703990950338624 0.0 0.710208942383382
  outer loop
    vertex -1.70380327859471e-15 1.75 0.456
    vertex 0.0190834819723351 0.0 0.437083596942063
    vertex 0.0190834819723351 1.75 0.437083596942063
  endloop
endfacet
facet normal -0.639413264352546 0.0 0.768863237103986
  outer loop
    vertex 0.0397430186929304 0.0 0.454264782329836
    vertex 0.0190834819723351 1.75 0.437083596942063
    vertex 0.0190834819723351 0.0 0.437083596942063
  endloop
endfacet
facet normal -0.639413264352546 0.0 0.768863237103986
  outer loop
    vertex 0.0190834819723351 1.75 0.437083596942063
    vertex 0.0397430186929304 0.0 0.454264782329836
    vertex 0.0397430186929304 1.75 0.454264782329836
  endloop
endfacet
facet normal 0.76321084011136 0.0 0.646149528775277
  outer loop
    vertex 0.057105209096273 1.75 0.433757126851042
    vertex 0.0397430186929304 0.0 0.454264782329836
    vertex 0.057105209096273 0.0 0.433757126851042
  endloop
endfacet
facet normal 0.76321084011136 0.0 0.646149528775277
  outer loop
    vertex 0.0397430186929304 0.0 0.454264782329836
    vertex 0.057105209096273 1.75 0.433757126851042
    vertex 0.0397430186929304 1.75 0.454264782329836
  endloop
endfacet
facet normal -0.569969257336377 0.0 0.821666018337997
  outer loop
    vertex 0.0791835690161185 0.0 0.449072335373567
    vertex 0.057105209096273 1.75 0.433757126851042
    vertex 0.057105209096273 0.0 0.433757126851042
  endloop
endfacet
facet normal -0.569969257336377 0.0 0.821666018337997
  outer loop
    vertex 0.057105209096273 1.75 0.433757126851042
    vertex 0.0791835690161185 0.0 0.449072335373567
    vertex 0.0791835690161185 1.75 0.449072335373567
  endloop
endfacet
facet normal 0.816622234551541 0.0 0.577172527097442
  outer loop
    vertex 0.0946923310979205 1.75 0.42712950311497
    vertex 0.0791835690161185 0.0 0.449072335373567
    vertex 0.0946923310979205 0.0 0.42712950311497
  endloop
endfacet
facet normal 0.816622234551541 0.0 0.577172527097442
  outer loop
    vertex 0.0791835690161185 0.0 0.449072335373567
    vertex 0.0946923310979205 1.75 0.42712950311497
    vertex 0.0791835690161185 1.75 0.449072335373567
  endloop
endfacet
facet normal -0.496187440115028 0.0 0.868215425036952
  outer loop
    vertex 0.118021484566748 0.0 0.440462176787816
    vertex 0.0946923310979205 1.75 0.42712950311497
    vertex 0.0946923310979205 0.0 0.42712950311497
  endloop
endfacet
facet normal -0.496187440115028 0.0 0.868215425036952
  outer loop
    vertex 0.0946923310979205 1.75 0.42712950311497
    vertex 0.118021484566748 0.0 0.440462176787816
    vertex 0.118021484566748 1.75 0.440462176787816
  endloop
endfacet
facet normal 0.8638186406968 0.0 0.503802893982094
  outer loop
    vertex 0.13155878728312 1.75 0.417251165952349
    vertex 0.118021484566748 0.0 0.440462176787816
    vertex 0.13155878728312 0.0 0.417251165952349
  endloop
endfacet
facet normal 0.8638186406968 0.0 0.503802893982094
  outer loop
    vertex 0.118021484566748 0.0 0.440462176787816
    vertex 0.13155878728312 1.75 0.417251165952349
    vertex 0.118021484566748 1.75 0.440462176787816
  endloop
endfacet
facet normal -0.418629336868238 0.0 0.908157188108567
  outer loop
    vertex 0.155961185356503 0.0 0.428499835078375
    vertex 0.13155878728312 1.75 0.417251165952349
    vertex 0.13155878728312 0.0 0.417251165952349
  endloop
endfacet
facet normal -0.418629336868238 0.0 0.908157188108567
  outer loop
    vertex 0.13155878728312 1.75 0.417251165952349
    vertex 0.155961185356503 0.0 0.428499835078375
    vertex 0.155961185356503 1.75 0.428499835078375
  endloop
endfacet
facet normal 0.904440865398399 0.0 0.42659901663904
  outer loop
    vertex 0.167424001659727 1.75 0.404197295473688
    vertex 0.155961185356503 0.0 0.428499835078375
    vertex 0.167424001659727 0.0 0.404197295473688
  endloop
endfacet
facet normal 0.904440865398399 0.0 0.42659901663904
  outer loop
    vertex 0.155961185356503 0.0 0.428499835078375
    vertex 0.167424001659727 1.75 0.404197295473688
    vertex 0.155961185356503 1.75 0.428499835078375
  endloop
endfacet
facet normal -0.337885211592575 0.0 0.941187326618374
  outer loop
    vertex 0.192713927353757 0.0 0.413276350888713
    vertex 0.167424001659727 1.75 0.404197295473688
    vertex 0.167424001659727 0.0 0.404197295473688
  endloop
endfacet
facet normal -0.337885211592575 0.0 0.941187326618374
  outer loop
    vertex 0.167424001659727 1.75 0.404197295473688
    vertex 0.192713927353757 0.0 0.413276350888713
    vertex 0.192713927353757 1.75 0.413276350888713
  endloop
endfacet
facet normal 0.938179748997991 0.0 0.34614846319183
  outer loop
    vertex 0.202015018290328 1.75 0.388067239515472
    vertex 0.192713927353757 0.0 0.413276350888713
    vertex 0.202015018290328 0.0 0.388067239515472
  endloop
endfacet
facet normal 0.938179748997991 0.0 0.34614846319183
  outer loop
    vertex 0.192713927353757 0.0 0.413276350888713
    vertex 0.202015018290328 1.75 0.388067239515472
    vertex 0.192713927353757 1.75 0.413276350888713
  endloop
endfacet
facet normal -0.254569575836022 0.0 0.967054461268169
  outer loop
    vertex 0.227999999999999 0.0 0.394907584125705
    vertex 0.202015018290328 1.75 0.388067239515472
    vertex 0.202015018290328 0.0 0.388067239515472
  endloop
endfacet
facet normal -0.254569575836022 0.0 0.967054461268169
  outer loop
    vertex 0.202015018290328 1.75 0.388067239515472
    vertex 0.227999999999999 0.0 0.394907584125705
    vertex 0.227999999999999 1.75 0.394907584125705
  endloop
endfacet
facet normal 0.964778518219288 0.0 0.263063510929575
  outer loop
    vertex 0.235068578651735 1.75 0.368983757543138
    vertex 0.227999999999999 0.0 0.394907584125705
    vertex 0.235068578651735 0.0 0.368983757543138
  endloop
endfacet
facet normal 0.964778518219288 0.0 0.263063510929575
  outer loop
    vertex 0.227999999999999 0.0 0.394907584125705
    vertex 0.235068578651735 1.75 0.368983757543138
    vertex 0.227999999999999 1.75 0.394907584125705
  endloop
endfacet
facet normal -0.169316511894048 0.0 0.985561727544263
  outer loop
    vertex 0.261550854976075 0.0 0.373533332195781
    vertex 0.235068578651735 1.75 0.368983757543138
    vertex 0.235068578651735 0.0 0.368983757543138
  endloop
endfacet
facet normal -0.169316511894048 0.0 0.985561727544263
  outer loop
    vertex 0.235068578651735 1.75 0.368983757543138
    vertex 0.261550854976075 0.0 0.373533332195781
    vertex 0.261550854976075 1.75 0.373533332195781
  endloop
endfacet
facet normal 0.984034740367739 0.0 0.177976486507058
  outer loop
    vertex 0.266333125191316 1.75 0.347092086377415
    vertex 0.261550854976075 0.0 0.373533332195781
    vertex 0.266333125191316 0.0 0.347092086377415
  endloop
endfacet
facet normal 0.984034740367739 0.0 0.177976486507058
  outer loop
    vertex 0.261550854976075 0.0 0.373533332195781
    vertex 0.266333125191316 1.75 0.347092086377415
    vertex 0.261550854976075 1.75 0.373533332195781
  endloop
endfacet
facet normal -0.0827748470604538 0.0 0.996568273975305
  outer loop
    vertex 0.293111150017061 0.0 0.349316266062256
    vertex 0.266333125191316 1.75 0.347092086377415
    vertex 0.266333125191316 0.0 0.347092086377415
  endloop
endfacet
facet normal -0.0827748470604538 0.0 0.996568273975305
  outer loop
    vertex 0.266333125191316 1.75 0.347092086377415
    vertex 0.293111150017061 0.0 0.349316266062256
    vertex 0.293111150017061 1.75 0.349316266062256
  endloop
endfacet
facet normal 0.99580186396557 0.0 0.0915349535570787
  outer loop
    vertex 0.295570715831852 1.75 0.322558834854429
    vertex 0.293111150017061 0.0 0.349316266062256
    vertex 0.295570715831852 0.0 0.322558834854429
  endloop
endfacet
facet normal 0.99580186396557 0.0 0.0915349535570787
  outer loop
    vertex 0.293111150017061 0.0 0.349316266062256
    vertex 0.295570715831852 1.75 0.322558834854429
    vertex 0.293111150017061 1.75 0.349316266062256
  endloop
endfacet
facet normal 0.00439678434008985 0.0 0.999990334097019
  outer loop
    vertex 0.322440692221064 0.0 0.322440692221067
    vertex 0.295570715831852 1.75 0.322558834854429
    vertex 0.295570715831852 0.0 0.322558834854429
  endloop
endfacet
facet normal 0.00439678434008985 0.0 0.999990334097019
  outer loop
    vertex 0.295570715831852 1.75 0.322558834854429
    vertex 0.322440692221064 0.0 0.322440692221067
    vertex 0.322440692221064 1.75 0.322440692221067
  endloop
endfacet
facet normal 0.999990334097018 0.0 0.00439678434021737
  outer loop
    vertex 0.322558834854429 1.75 0.295570715831851
    vertex 0.322440692221064 0.0 0.322440692221067
    vertex 0.322558834854429 0.0 0.295570715831851
  endloop
endfacet
facet normal 0.999990334097018 0.0 0.00439678434021737
  outer loop
    vertex 0.322440692221064 0.0 0.322440692221067
    vertex 0.322558834854429 1.75 0.295570715831851
    vertex 0.322440692221064 1.75 0.322440692221067
  endloop
endfacet
facet normal 0.0915349535569522 0.0 0.995801863965582
  outer loop
    vertex 0.349316266062253 0.0 0.293111150017064
    vertex 0.322558834854429 1.75 0.295570715831851
    vertex 0.322558834854429 0.0 0.295570715831851
  endloop
endfacet
facet normal 0.0915349535569522 0.0 0.995801863965582
  outer loop
    vertex 0.322558834854429 1.75 0.295570715831851
    vertex 0.349316266062253 0.0 0.293111150017064
    vertex 0.349316266062253 1.75 0.293111150017064
  endloop
endfacet
facet normal 0.996568273975316 0.0 -0.0827748470603273
  outer loop
    vertex 0.347092086377416 1.75 0.266333125191315
    vertex 0.349316266062253 0.0 0.293111150017064
    vertex 0.347092086377416 0.0 0.266333125191315
  endloop
endfacet
facet normal 0.996568273975316 0.0 -0.0827748470603273
  outer loop
    vertex 0.349316266062253 0.0 0.293111150017064
    vertex 0.347092086377416 1.75 0.266333125191315
    vertex 0.349316266062253 1.75 0.293111150017064
  endloop
endfacet
facet normal 0.177976486506934 0.0 0.984034740367761
  outer loop
    vertex 0.373533332195779 0.0 0.261550854976079
    vertex 0.347092086377416 1.75 0.266333125191315
    vertex 0.347092086377416 0.0 0.266333125191315
  endloop
endfacet
facet normal 0.177976486506934 0.0 0.984034740367761
  outer loop
    vertex 0.347092086377416 1.75 0.266333125191315
    vertex 0.373533332195779 0.0 0.261550854976079
    vertex 0.373533332195779 1.75 0.261550854976079
  endloop
endfacet
facet normal 0.985561727544285 0.0 -0.169316511893923
  outer loop
    vertex 0.368983757543138 1.75 0.235068578651735
    vertex 0.373533332195779 0.0 0.261550854976079
    vertex 0.368983757543138 0.0 0.235068578651735
  endloop
endfacet
facet normal 0.985561727544285 0.0 -0.169316511893923
  outer loop
    vertex 0.373533332195779 0.0 0.261550854976079
    vertex 0.368983757543138 1.75 0.235068578651735
    vertex 0.373533332195779 1.75 0.261550854976079
  endloop
endfacet
facet normal 0.263063510929452 0.0 0.964778518219322
  outer loop
    vertex 0.394907584125703 0.0 0.228000000000002
    vertex 0.368983757543138 1.75 0.235068578651735
    vertex 0.368983757543138 0.0 0.235068578651735
  endloop
endfacet
facet normal 0.263063510929452 0.0 0.964778518219322
  outer loop
    vertex 0.368983757543138 1.75 0.235068578651735
    vertex 0.394907584125703 0.0 0.228000000000002
    vertex 0.394907584125703 1.75 0.228000000000002
  endloop
endfacet
facet normal 0.9670544612682 0.0 -0.254569575835902
  outer loop
    vertex 0.388067239515472 1.75 0.202015018290327
    vertex 0.394907584125703 0.0 0.228000000000002
    vertex 0.388067239515472 0.0 0.202015018290327
  endloop
endfacet
facet normal 0.9670544612682 0.0 -0.254569575835902
  outer loop
    vertex 0.394907584125703 0.0 0.228000000000002
    vertex 0.388067239515472 1.75 0.202015018290327
    vertex 0.394907584125703 1.75 0.228000000000002
  endloop
endfacet
facet normal 0.346148463191711 0.0 0.938179748998035
  outer loop
    vertex 0.413276350888712 0.0 0.192713927353761
    vertex 0.388067239515472 1.75 0.202015018290327
    vertex 0.388067239515472 0.0 0.202015018290327
  endloop
endfacet
facet normal 0.346148463191711 0.0 0.938179748998035
  outer loop
    vertex 0.388067239515472 1.75 0.202015018290327
    vertex 0.413276350888712 0.0 0.192713927353761
    vertex 0.413276350888712 1.75 0.192713927353761
  endloop
endfacet
facet normal 0.941187326618416 0.0 -0.337885211592456
  outer loop
    vertex 0.404197295473688 1.75 0.167424001659727
    vertex 0.413276350888712 0.0 0.192713927353761
    vertex 0.404197295473688 0.0 0.167424001659727
  endloop
endfacet
facet normal 0.941187326618416 0.0 -0.337885211592456
  outer loop
    vertex 0.413276350888712 0.0 0.192713927353761
    vertex 0.404197295473688 1.75 0.167424001659727
    vertex 0.413276350888712 1.75 0.192713927353761
  endloop
endfacet
facet normal 0.0 -1.0 0.0
  outer loop
    vertex 0.21920310216783 -0.47 -0.21920310216783
    vertex -4.24333290805211e-17 -0.47 -0.235
    vertex 0.155 -0.47 -0.268467875173176
  endloop
endfacet
facet normal 0.0 -1.0 0.0
  outer loop
    vertex -4.24333290805211e-17 -0.47 -0.235
    vertex 0.21920310216783 -0.47 -0.21920310216783
    vertex 0.0608224755990925 -0.47 -0.226992569177931
  endloop
endfacet
facet normal 0.0 -1.0 0.0
  outer loop
    vertex 0.0608224755990925 -0.47 -0.226992569177931
    vertex 0.21920310216783 -0.47 -0.21920310216783
    vertex 0.1175 -0.47 -0.203515969889343
  endloop
endfacet
facet normal 0.0 -1.0 0.0
  outer loop
    vertex 0.1175 -0.47 -0.203515969889343
    vertex 0.21920310216783 -0.47 -0.21920310216783
    vertex 0.268467875173176 -0.47 -0.155
  endloop
endfacet
facet normal 0.0 -1.0 0.0
  outer loop
    vertex 0.1175 -0.47 -0.203515969889343
    vertex 0.268467875173176 -0.47 -0.155
    vertex 0.166170093578838 -0.47 -0.166170093578839
  endloop
endfacet
facet normal 0.0 -1.0 0.0
  outer loop
    vertex 0.166170093578838 -0.47 -0.166170093578839
    vertex 0.268467875173176 -0.47 -0.155
    vertex 0.203515969889343 -0.47 -0.1175
  endloop
endfacet
facet normal 0.0 -1.0 0.0
  outer loop
    vertex 0.203515969889343 -0.47 -0.1175
    vertex 0.268467875173176 -0.47 -0.155
    vertex 0.299437006149611 -0.47 -0.0802339039817815
  endloop
endfacet
facet normal 0.0 -1.0 0.0
  outer loop
    vertex 0.203515969889343 -0.47 -0.1175
    vertex 0.299437006149611 -0.47 -0.0802339039817815
    vertex 0.226992569177931 -0.47 -0.0608224755990925
  endloop
endfacet
facet normal 0.0 -1.0 0.0
  outer loop
    vertex 0.226992569177931 -0.47 -0.0608224755990925
    vertex 0.299437006149611 -0.47 -0.0802339039817815
    vertex 0.31 -0.47 0
  endloop
endfacet
facet normal 0.0 -1.0 0.0
  outer loop
    vertex 0.226992569177931 -0.47 -0.0608224755990925
    vertex 0.31 -0.47 0
    vertex 0.235 -0.47 0
  endloop
endfacet
facet normal 0.0 -1.0 0.0
  outer loop
    vertex 0.235 -0.47 0
    vertex 0.31 -0.47 0
    vertex 0.299437006149611 -0.47 0.0802339039817815
  endloop
endfacet
facet normal 0.0 -1.0 0.0
  outer loop
    vertex 0.235 -0.47 0
    vertex 0.299437006149611 -0.47 0.0802339039817815
    vertex 0.226992569177931 -0.47 0.0608224755990925
  endloop
endfacet
facet normal 0.0 -1.0 0.0
  outer loop
    vertex 0.226992569177931 -0.47 0.0608224755990925
    vertex 0.299437006149611 -0.47 0.0802339039817815
    vertex 0.203515969889343 -0.47 0.1175
  endloop
endfacet
facet normal 0.0 -1.0 0.0
  outer loop
    vertex 0.203515969889343 -0.47 0.1175
    vertex 0.299437006149611 -0.47 0.0802339039817815
    vertex 0.268467875173176 -0.47 0.155
  endloop
endfacet
facet normal 0.0 -1.0 0.0
  outer loop
    vertex 0.203515969889343 -0.47 0.1175
    vertex 0.268467875173176 -0.47 0.155
    vertex 0.166170093578838 -0.47 0.166170093578838
  endloop
endfacet
facet normal 0.0 -1.0 0.0
  outer loop
    vertex 0.166170093578838 -0.47 0.166170093578838
    vertex 0.268467875173176 -0.47 0.155
    vertex 0.21920310216783 -0.47 0.21920310216783
  endloop
endfacet
facet normal 0.0 -1.0 0.0
  outer loop
    vertex 0.166170093578838 -0.47 0.166170093578838
    vertex 0.21920310216783 -0.47 0.21920310216783
    vertex 0.1175 -0.47 0.203515969889343
  endloop
endfacet
facet normal 0.0 -1.0 0.0
  outer loop
    vertex 0.1175 -0.47 0.203515969889343
    vertex 0.21920310216783 -0.47 0.21920310216783
    vertex 0.0608224755990925 -0.47 0.226992569177931
  endloop
endfacet
facet normal 0.0 -1.0 0.0
  outer loop
    vertex 0.0608224755990925 -0.47 0.226992569177931
    vertex 0.21920310216783 -0.47 0.21920310216783
    vertex 0.155 -0.47 0.268467875173176
  endloop
endfacet
facet normal 0.0 -1.0 0.0
  outer loop
    vertex 0.0608224755990925 -0.47 0.226992569177931
    vertex 0.155 -0.47 0.268467875173176
    vertex 1.41444430268404e-17 -0.47 0.235
  endloop
endfacet
facet normal 0.0 -1.0 0.0
  outer loop
    vertex 1.41444430268404e-17 -0.47 0.235
    vertex 0.155 -0.47 0.268467875173176
    vertex -0.155 -0.47 0.268467875173176
  endloop
endfacet
facet normal 0.0 -1.0 0.0
  outer loop
    vertex -0.155 -0.47 0.268467875173176
    vertex 0.155 -0.47 0.268467875173176
    vertex -0.0802339039817815 -0.47 0.299437006149611
  endloop
endfacet
facet normal 0.0 -1.0 0.0
  outer loop
    vertex -0.0802339039817815 -0.47 0.299437006149611
    vertex 0.155 -0.47 0.268467875173176
    vertex 0.0802339039817815 -0.47 0.299437006149611
  endloop
endfacet
facet normal 0.0 -1.0 0.0
  outer loop
    vertex -0.0802339039817815 -0.47 0.299437006149611
    vertex 0.0802339039817815 -0.47 0.299437006149611
    vertex -5.6946076160352e-17 -0.47 0.31
  endloop
endfacet
facet normal 0.0 -1.0 0.0
  outer loop
    vertex 0.0802339039817815 -0.47 -0.299437006149611
    vertex -0.0802339039817815 -0.47 -0.299437006149611
    vertex 1.8982025386784e-17 -0.47 -0.31
  endloop
endfacet
facet normal 0.0 -1.0 0.0
  outer loop
    vertex -0.0802339039817815 -0.47 -0.299437006149611
    vertex 0.0802339039817815 -0.47 -0.299437006149611
    vertex 0.155 -0.47 -0.268467875173176
  endloop
endfacet
facet normal 0.0 -1.0 0.0
  outer loop
    vertex -0.0802339039817815 -0.47 -0.299437006149611
    vertex 0.155 -0.47 -0.268467875173176
    vertex -0.155 -0.47 -0.268467875173176
  endloop
endfacet
facet normal 0.0 -1.0 0.0
  outer loop
    vertex -0.155 -0.47 -0.268467875173176
    vertex 0.155 -0.47 -0.268467875173176
    vertex -0.21920310216783 -0.47 -0.21920310216783
  endloop
endfacet
facet normal 0.0 -1.0 0.0
  outer loop
    vertex -0.21920310216783 -0.47 -0.21920310216783
    vertex 0.155 -0.47 -0.268467875173176
    vertex -4.24333290805211e-17 -0.47 -0.235
  endloop
endfacet
facet normal 0.0 -1.0 0.0
  outer loop
    vertex -0.21920310216783 -0.47 -0.21920310216783
    vertex -4.24333290805211e-17 -0.47 -0.235
    vertex -0.0608224755990925 -0.47 -0.226992569177931
  endloop
endfacet
facet normal 0.0 -1.0 0.0
  outer loop
    vertex -0.21920310216783 -0.47 -0.21920310216783
    vertex -0.0608224755990925 -0.47 -0.226992569177931
    vertex -0.1175 -0.47 -0.203515969889343
  endloop
endfacet
facet normal 0.0 -1.0 0.0
  outer loop
    vertex -0.21920310216783 -0.47 -0.21920310216783
    vertex -0.1175 -0.47 -0.203515969889343
    vertex -0.268467875173176 -0.47 -0.155
  endloop
endfacet
facet normal 0.0 -1.0 0.0
  outer loop
    vertex -0.268467875173176 -0.47 -0.155
    vertex -0.1175 -0.47 -0.203515969889343
    vertex -0.166170093578838 -0.47 -0.166170093578838
  endloop
endfacet
facet normal 0.0 -1.0 0.0
  outer loop
    vertex -0.268467875173176 -0.47 -0.155
    vertex -0.166170093578838 -0.47 -0.166170093578838
    vertex -0.203515969889343 -0.47 -0.1175
  endloop
endfacet
facet normal 0.0 -1.0 0.0
  outer loop
    vertex -0.268467875173176 -0.47 -0.155
    vertex -0.203515969889343 -0.47 -0.1175
    vertex -0.299437006149611 -0.47 -0.0802339039817815
  endloop
endfacet
facet normal 0.0 -1.0 0.0
  outer loop
    vertex -0.299437006149611 -0.47 -0.0802339039817815
    vertex -0.203515969889343 -0.47 -0.1175
    vertex -0.226992569177931 -0.47 -0.0608224755990925
  endloop
endfacet
facet normal 0.0 -1.0 0.0
  outer loop
    vertex -0.299437006149611 -0.47 -0.0802339039817815
    vertex -0.226992569177931 -0.47 -0.0608224755990925
    vertex -0.31 -0.47 -3.7964050773568e-17
  endloop
endfacet
facet normal 0.0 -1.0 0.0
  outer loop
    vertex -0.31 -0.47 -3.7964050773568e-17
    vertex -0.226992569177931 -0.47 -0.0608224755990925
    vertex -0.235 -0.47 2.82888860536808e-17
  endloop
endfacet
facet normal 0.0 -1.0 0.0
  outer loop
    vertex -0.31 -0.47 -3.7964050773568e-17
    vertex -0.235 -0.47 2.82888860536808e-17
    vertex -0.299437006149611 -0.47 0.0802339039817815
  endloop
endfacet
facet normal 0.0 -1.0 0.0
  outer loop
    vertex -0.299437006149611 -0.47 0.0802339039817815
    vertex -0.235 -0.47 2.82888860536808e-17
    vertex -0.226992569177931 -0.47 0.0608224755990925
  endloop
endfacet
facet normal 0.0 -1.0 0.0
  outer loop
    vertex -0.299437006149611 -0.47 0.0802339039817815
    vertex -0.226992569177931 -0.47 0.0608224755990925
    vertex -0.203515969889343 -0.47 0.1175
  endloop
endfacet
facet normal 0.0 -1.0 0.0
  outer loop
    vertex -0.299437006149611 -0.47 0.0802339039817815
    vertex -0.203515969889343 -0.47 0.1175
    vertex -0.268467875173176 -0.47 0.155
  endloop
endfacet
facet normal 0.0 -1.0 0.0
  outer loop
    vertex -0.268467875173176 -0.47 0.155
    vertex -0.203515969889343 -0.47 0.1175
    vertex -0.166170093578838 -0.47 0.166170093578838
  endloop
endfacet
facet normal 0.0 -1.0 0.0
  outer loop
    vertex -0.268467875173176 -0.47 0.155
    vertex -0.166170093578838 -0.47 0.166170093578838
    vertex -0.21920310216783 -0.47 0.21920310216783
  endloop
endfacet
facet normal 0.0 -1.0 0.0
  outer loop
    vertex -0.21920310216783 -0.47 0.21920310216783
    vertex -0.166170093578838 -0.47 0.166170093578838
    vertex -0.1175 -0.47 0.203515969889343
  endloop
endfacet
facet normal 0.0 -1.0 0.0
  outer loop
    vertex -0.21920310216783 -0.47 0.21920310216783
    vertex -0.1175 -0.47 0.203515969889343
    vertex -0.0608224755990925 -0.47 0.226992569177931
  endloop
endfacet
facet normal 0.0 -1.0 0.0
  outer loop
    vertex -0.21920310216783 -0.47 0.21920310216783
    vertex -0.0608224755990925 -0.47 0.226992569177931
    vertex -0.155 -0.47 0.268467875173176
  endloop
endfacet
facet normal 0.0 -1.0 0.0
  outer loop
    vertex -0.155 -0.47 0.268467875173176
    vertex -0.0608224755990925 -0.47 0.226992569177931
    vertex 1.41444430268404e-17 -0.47 0.235
  endloop
endfacet
facet normal 1.0 0.0 1.24755538539057e-016
  outer loop
    vertex 0.31 0.0 0
    vertex 0.299437006149611 -0.47 0.0802339039817815
    vertex 0.31 -0.47 0
  endloop
endfacet
facet normal 0.965925826289068 0.0 0.258819045102521
  outer loop
    vertex 0.299437006149611 -0.47 0.0802339039817815
    vertex 0.31 0.0 0
    vertex 0.299437006149611 0.0 0.0802339039817815
  endloop
endfacet
facet normal 0.965925826289068 0.0 0.258819045102521
  outer loop
    vertex 0.299437006149611 0.0 0.0802339039817815
    vertex 0.268467875173176 -0.47 0.155
    vertex 0.299437006149611 -0.47 0.0802339039817815
  endloop
endfacet
facet normal 0.866025403784438 0.0 0.5
  outer loop
    vertex 0.268467875173176 -0.47 0.155
    vertex 0.299437006149611 0.0 0.0802339039817815
    vertex 0.268467875173176 0.0 0.155
  endloop
endfacet
facet normal 0.866025403784438 0.0 0.5
  outer loop
    vertex 0.268467875173176 0.0 0.155
    vertex 0.21920310216783 -0.47 0.21920310216783
    vertex 0.268467875173176 -0.47 0.155
  endloop
endfacet
facet normal 0.707106781186547 0.0 0.707106781186548
  outer loop
    vertex 0.21920310216783 -0.47 0.21920310216783
    vertex 0.268467875173176 0.0 0.155
    vertex 0.21920310216783 0.0 0.21920310216783
  endloop
endfacet
facet normal 0.707106781186547 0.0 0.707106781186548
  outer loop
    vertex 0.21920310216783 -0.47 0.21920310216783
    vertex 0.155 0.0 0.268467875173176
    vertex 0.155 -0.47 0.268467875173176
  endloop
endfacet
facet normal 0.5 0.0 0.866025403784439
  outer loop
    vertex 0.155 0.0 0.268467875173176
    vertex 0.21920310216783 -0.47 0.21920310216783
    vertex 0.21920310216783 0.0 0.21920310216783
  endloop
endfacet
facet normal 0.5 0.0 0.866025403784439
  outer loop
    vertex 0.155 -0.47 0.268467875173176
    vertex 0.0802339039817815 0.0 0.299437006149611
    vertex 0.0802339039817815 -0.47 0.299437006149611
  endloop
endfacet
facet normal 0.25881904510252 0.0 0.965925826289068
  outer loop
    vertex 0.0802339039817815 0.0 0.299437006149611
    vertex 0.155 -0.47 0.268467875173176
    vertex 0.155 0.0 0.268467875173176
  endloop
endfacet
facet normal 0.25881904510252 0.0 0.965925826289068
  outer loop
    vertex 0.0802339039817815 -0.47 0.299437006149611
    vertex -5.6946076160352e-17 0.0 0.31
    vertex -5.6946076160352e-17 -0.47 0.31
  endloop
endfacet
facet normal -4.63377714573639e-016 0.0 1.0
  outer loop
    vertex -5.6946076160352e-17 0.0 0.31
    vertex 0.0802339039817815 -0.47 0.299437006149611
    vertex 0.0802339039817815 0.0 0.299437006149611
  endloop
endfacet
facet normal -4.63377714573639e-016 0.0 1.0
  outer loop
    vertex -5.6946076160352e-17 -0.47 0.31
    vertex -0.0802339039817815 0.0 0.299437006149611
    vertex -0.0802339039817815 -0.47 0.299437006149611
  endloop
endfacet
facet normal -0.258819045102521 0.0 0.965925826289068
  outer loop
    vertex -0.0802339039817815 0.0 0.299437006149611
    vertex -5.6946076160352e-17 -0.47 0.31
    vertex -5.6946076160352e-17 0.0 0.31
  endloop
endfacet
facet normal -0.258819045102521 0.0 0.965925826289068
  outer loop
    vertex -0.0802339039817815 -0.47 0.299437006149611
    vertex -0.155 0.0 0.268467875173176
    vertex -0.155 -0.47 0.268467875173176
  endloop
endfacet
facet normal -0.500000000000001 0.0 0.866025403784438
  outer loop
    vertex -0.155 0.0 0.268467875173176
    vertex -0.0802339039817815 -0.47 0.299437006149611
    vertex -0.0802339039817815 0.0 0.299437006149611
  endloop
endfacet
facet normal -0.500000000000001 0.0 0.866025403784438
  outer loop
    vertex -0.155 -0.47 0.268467875173176
    vertex -0.21920310216783 0.0 0.21920310216783
    vertex -0.21920310216783 -0.47 0.21920310216783
  endloop
endfacet
facet normal -0.707106781186548 0.0 0.707106781186547
  outer loop
    vertex -0.21920310216783 0.0 0.21920310216783
    vertex -0.155 -0.47 0.268467875173176
    vertex -0.155 0.0 0.268467875173176
  endloop
endfacet
facet normal -0.707106781186548 0.0 0.707106781186547
  outer loop
    vertex -0.21920310216783 0.0 0.21920310216783
    vertex -0.268467875173176 -0.47 0.155
    vertex -0.21920310216783 -0.47 0.21920310216783
  endloop
endfacet
facet normal -0.866025403784439 0.0 0.5
  outer loop
    vertex -0.268467875173176 -0.47 0.155
    vertex -0.21920310216783 0.0 0.21920310216783
    vertex -0.268467875173176 0.0 0.155
  endloop
endfacet
facet normal -0.866025403784439 0.0 0.5
  outer loop
    vertex -0.268467875173176 0.0 0.155
    vertex -0.299437006149611 -0.47 0.0802339039817815
    vertex -0.268467875173176 -0.47 0.155
  endloop
endfacet
facet normal -0.965925826289069 0.0 0.25881904510252
  outer loop
    vertex -0.299437006149611 -0.47 0.0802339039817815
    vertex -0.268467875173176 0.0 0.155
    vertex -0.299437006149611 0.0 0.0802339039817815
  endloop
endfacet
facet normal -0.965925826289069 0.0 0.25881904510252
  outer loop
    vertex -0.299437006149611 0.0 0.0802339039817815
    vertex -0.31 -0.47 -3.7964050773568e-17
    vertex -0.299437006149611 -0.47 0.0802339039817815
  endloop
endfacet
facet normal -1.0 0.0 -2.49511077078113e-016
  outer loop
    vertex -0.31 -0.47 -3.7964050773568e-17
    vertex -0.299437006149611 0.0 0.0802339039817815
    vertex -0.31 0.0 -3.7964050773568e-17
  endloop
endfacet
facet normal -1.0 0.0 -2.49511077078113e-016
  outer loop
    vertex -0.31 0.0 -3.7964050773568e-17
    vertex -0.299437006149611 -0.47 -0.0802339039817815
    vertex -0.31 -0.47 -3.7964050773568e-17
  endloop
endfacet
facet normal -0.965925826289068 0.0 -0.258819045102521
  outer loop
    vertex -0.299437006149611 -0.47 -0.0802339039817815
    vertex -0.31 0.0 -3.7964050773568e-17
    vertex -0.299437006149611 0.0 -0.0802339039817815
  endloop
endfacet
facet normal -0.965925826289068 0.0 -0.258819045102521
  outer loop
    vertex -0.299437006149611 0.0 -0.0802339039817815
    vertex -0.268467875173176 -0.47 -0.155
    vertex -0.299437006149611 -0.47 -0.0802339039817815
  endloop
endfacet
facet normal -0.866025403784438 0.0 -0.5
  outer loop
    vertex -0.268467875173176 -0.47 -0.155
    vertex -0.299437006149611 0.0 -0.0802339039817815
    vertex -0.268467875173176 0.0 -0.155
  endloop
endfacet
facet normal -0.866025403784438 0.0 -0.5
  outer loop
    vertex -0.268467875173176 0.0 -0.155
    vertex -0.21920310216783 -0.47 -0.21920310216783
    vertex -0.268467875173176 -0.47 -0.155
  endloop
endfacet
facet normal -0.707106781186547 0.0 -0.707106781186548
  outer loop
    vertex -0.21920310216783 -0.47 -0.21920310216783
    vertex -0.268467875173176 0.0 -0.155
    vertex -0.21920310216783 0.0 -0.21920310216783
  endloop
endfacet
facet normal -0.5 0.0 -0.866025403784439
  outer loop
    vertex -0.155 0.0 -0.268467875173176
    vertex -0.21920310216783 -0.47 -0.21920310216783
    vertex -0.21920310216783 0.0 -0.21920310216783
  endloop
endfacet
facet normal -0.707106781186547 0.0 -0.707106781186548
  outer loop
    vertex -0.21920310216783 -0.47 -0.21920310216783
    vertex -0.155 0.0 -0.268467875173176
    vertex -0.155 -0.47 -0.268467875173176
  endloop
endfacet
facet normal -0.258819045102521 0.0 -0.965925826289068
  outer loop
    vertex -0.0802339039817815 0.0 -0.299437006149611
    vertex -0.155 -0.47 -0.268467875173176
    vertex -0.155 0.0 -0.268467875173176
  endloop
endfacet
facet normal -0.5 0.0 -0.866025403784439
  outer loop
    vertex -0.155 -0.47 -0.268467875173176
    vertex -0.0802339039817815 0.0 -0.299437006149611
    vertex -0.0802339039817815 -0.47 -0.299437006149611
  endloop
endfacet
facet normal -6.23777692695283e-017 0.0 -1.0
  outer loop
    vertex 1.8982025386784e-17 0.0 -0.31
    vertex -0.0802339039817815 -0.47 -0.299437006149611
    vertex -0.0802339039817815 0.0 -0.299437006149611
  endloop
endfacet
facet normal -0.258819045102521 0.0 -0.965925826289068
  outer loop
    vertex -0.0802339039817815 -0.47 -0.299437006149611
    vertex 1.8982025386784e-17 0.0 -0.31
    vertex 1.8982025386784e-17 -0.47 -0.31
  endloop
endfacet
facet normal 0.258819045102521 0.0 -0.965925826289068
  outer loop
    vertex 0.0802339039817815 0.0 -0.299437006149611
    vertex 1.8982025386784e-17 -0.47 -0.31
    vertex 1.8982025386784e-17 0.0 -0.31
  endloop
endfacet
facet normal -6.23777692695283e-017 0.0 -1.0
  outer loop
    vertex 1.8982025386784e-17 -0.47 -0.31
    vertex 0.0802339039817815 0.0 -0.299437006149611
    vertex 0.0802339039817815 -0.47 -0.299437006149611
  endloop
endfacet
facet normal 0.5 0.0 -0.866025403784439
  outer loop
    vertex 0.155 0.0 -0.268467875173176
    vertex 0.0802339039817815 -0.47 -0.299437006149611
    vertex 0.0802339039817815 0.0 -0.299437006149611
  endloop
endfacet
facet normal 0.258819045102521 0.0 -0.965925826289068
  outer loop
    vertex 0.0802339039817815 -0.47 -0.299437006149611
    vertex 0.155 0.0 -0.268467875173176
    vertex 0.155 -0.47 -0.268467875173176
  endloop
endfacet
facet normal 0.707106781186547 0.0 -0.707106781186548
  outer loop
    vertex 0.21920310216783 0.0 -0.21920310216783
    vertex 0.155 -0.47 -0.268467875173176
    vertex 0.155 0.0 -0.268467875173176
  endloop
endfacet
facet normal 0.5 0.0 -0.866025403784439
  outer loop
    vertex 0.155 -0.47 -0.268467875173176
    vertex 0.21920310216783 0.0 -0.21920310216783
    vertex 0.21920310216783 -0.47 -0.21920310216783
  endloop
endfacet
facet normal 0.707106781186547 0.0 -0.707106781186548
  outer loop
    vertex 0.21920310216783 0.0 -0.21920310216783
    vertex 0.268467875173176 -0.47 -0.155
    vertex 0.21920310216783 -0.47 -0.21920310216783
  endloop
endfacet
facet normal 0.866025403784439 0.0 -0.5
  outer loop
    vertex 0.268467875173176 -0.47 -0.155
    vertex 0.21920310216783 0.0 -0.21920310216783
    vertex 0.268467875173176 0.0 -0.155
  endloop
endfacet
facet normal 0.866025403784439 0.0 -0.5
  outer loop
    vertex 0.268467875173176 0.0 -0.155
    vertex 0.299437006149611 -0.47 -0.0802339039817815
    vertex 0.268467875173176 -0.47 -0.155
  endloop
endfacet
facet normal 0.965925826289068 0.0 -0.258819045102521
  outer loop
    vertex 0.299437006149611 -0.47 -0.0802339039817815
    vertex 0.268467875173176 0.0 -0.155
    vertex 0.299437006149611 0.0 -0.0802339039817815
  endloop
endfacet
facet normal 0.965925826289068 0.0 -0.258819045102521
  outer loop
    vertex 0.299437006149611 0.0 -0.0802339039817815
    vertex 0.31 -0.47 0
    vertex 0.299437006149611 -0.47 -0.0802339039817815
  endloop
endfacet
facet normal 1.0 0.0 1.24755538539057e-016
  outer loop
    vertex 0.31 -0.47 0
    vertex 0.299437006149611 0.0 -0.0802339039817815
    vertex 0.31 0.0 0
  endloop
endfacet
facet normal 0.965925826289068 0.0 0.258819045102521
  outer loop
    vertex -0.210088867217873 1.75 -0.0562931423097985
    vertex -0.2175 -0.47 -2.6636067881455e-17
    vertex -0.210088867217873 -0.47 -0.0562931423097985
  endloop
endfacet
facet normal 1.0 0.0 1.33666648434704e-016
  outer loop
    vertex -0.2175 -0.47 -2.6636067881455e-17
    vertex -0.210088867217873 1.75 -0.0562931423097985
    vertex -0.2175 1.75 -2.6636067881455e-17
  endloop
endfacet
facet normal 1.0 0.0 1.33666648434704e-016
  outer loop
    vertex -0.2175 1.75 -2.6636067881455e-17
    vertex -0.210088867217873 -0.47 0.056293142309798
    vertex -0.2175 -0.47 -2.6636067881455e-17
  endloop
endfacet
facet normal 0.965925826289068 0.0 -0.25881904510252
  outer loop
    vertex -0.210088867217873 -0.47 0.056293142309798
    vertex -0.2175 1.75 -2.6636067881455e-17
    vertex -0.210088867217873 1.75 0.056293142309798
  endloop
endfacet
facet normal 0.965925826289068 0.0 -0.25881904510252
  outer loop
    vertex -0.210088867217873 1.75 0.056293142309798
    vertex -0.188360525323116 -0.47 0.10875
    vertex -0.210088867217873 -0.47 0.056293142309798
  endloop
endfacet
facet normal 0.866025403784439 0.0 -0.5
  outer loop
    vertex -0.188360525323116 -0.47 0.10875
    vertex -0.210088867217873 1.75 0.056293142309798
    vertex -0.188360525323116 1.75 0.10875
  endloop
endfacet
facet normal 0.866025403784439 0.0 -0.5
  outer loop
    vertex -0.188360525323116 1.75 0.10875
    vertex -0.153795724908074 -0.47 0.153795724908074
    vertex -0.188360525323116 -0.47 0.10875
  endloop
endfacet
facet normal 0.707106781186548 0.0 -0.707106781186547
  outer loop
    vertex -0.153795724908074 -0.47 0.153795724908074
    vertex -0.188360525323116 1.75 0.10875
    vertex -0.153795724908074 1.75 0.153795724908074
  endloop
endfacet
facet normal 0.500000000000001 0.0 -0.866025403784438
  outer loop
    vertex -0.10875 1.75 0.188360525323116
    vertex -0.153795724908074 -0.47 0.153795724908074
    vertex -0.153795724908074 1.75 0.153795724908074
  endloop
endfacet
facet normal 0.707106781186548 0.0 -0.707106781186547
  outer loop
    vertex -0.153795724908074 -0.47 0.153795724908074
    vertex -0.10875 1.75 0.188360525323116
    vertex -0.10875 -0.47 0.188360525323116
  endloop
endfacet
facet normal 0.258819045102521 0.0 -0.965925826289068
  outer loop
    vertex -0.0562931423097985 1.75 0.210088867217873
    vertex -0.10875 -0.47 0.188360525323116
    vertex -0.10875 1.75 0.188360525323116
  endloop
endfacet
facet normal 0.500000000000001 0.0 -0.866025403784438
  outer loop
    vertex -0.10875 -0.47 0.188360525323116
    vertex -0.0562931423097985 1.75 0.210088867217873
    vertex -0.0562931423097985 -0.47 0.210088867217873
  endloop
endfacet
facet normal 2.85155516660701e-016 0.0 -1.0
  outer loop
    vertex -3.99541018221824e-17 1.75 0.2175
    vertex -0.0562931423097985 -0.47 0.210088867217873
    vertex -0.0562931423097985 1.75 0.210088867217873
  endloop
endfacet
facet normal 0.258819045102521 0.0 -0.965925826289068
  outer loop
    vertex -0.0562931423097985 -0.47 0.210088867217873
    vertex -3.99541018221824e-17 1.75 0.2175
    vertex -3.99541018221824e-17 -0.47 0.2175
  endloop
endfacet
facet normal -0.25881904510252 0.0 -0.965925826289068
  outer loop
    vertex 0.056293142309798 1.75 0.210088867217873
    vertex -3.99541018221824e-17 -0.47 0.2175
    vertex -3.99541018221824e-17 1.75 0.2175
  endloop
endfacet
facet normal 2.85155516660701e-016 0.0 -1.0
  outer loop
    vertex -3.99541018221824e-17 -0.47 0.2175
    vertex 0.056293142309798 1.75 0.210088867217873
    vertex 0.056293142309798 -0.47 0.210088867217873
  endloop
endfacet
facet normal -0.5 0.0 -0.866025403784439
  outer loop
    vertex 0.10875 1.75 0.188360525323116
    vertex 0.056293142309798 -0.47 0.210088867217873
    vertex 0.056293142309798 1.75 0.210088867217873
  endloop
endfacet
facet normal -0.25881904510252 0.0 -0.965925826289068
  outer loop
    vertex 0.056293142309798 -0.47 0.210088867217873
    vertex 0.10875 1.75 0.188360525323116
    vertex 0.10875 -0.47 0.188360525323116
  endloop
endfacet
facet normal -0.707106781186547 0.0 -0.707106781186548
  outer loop
    vertex 0.153795724908074 1.75 0.153795724908074
    vertex 0.10875 -0.47 0.188360525323116
    vertex 0.10875 1.75 0.188360525323116
  endloop
endfacet
facet normal -0.5 0.0 -0.866025403784439
  outer loop
    vertex 0.10875 -0.47 0.188360525323116
    vertex 0.153795724908074 1.75 0.153795724908074
    vertex 0.153795724908074 -0.47 0.153795724908074
  endloop
endfacet
facet normal -0.707106781186547 0.0 -0.707106781186548
  outer loop
    vertex 0.153795724908074 1.75 0.153795724908074
    vertex 0.188360525323116 -0.47 0.10875
    vertex 0.153795724908074 -0.47 0.153795724908074
  endloop
endfacet
facet normal -0.866025403784438 0.0 -0.500000000000001
  outer loop
    vertex 0.188360525323116 -0.47 0.10875
    vertex 0.153795724908074 1.75 0.153795724908074
    vertex 0.188360525323116 1.75 0.10875
  endloop
endfacet
facet normal -0.866025403784438 0.0 -0.500000000000001
  outer loop
    vertex 0.188360525323116 1.75 0.10875
    vertex 0.210088867217873 -0.47 0.0562931423097985
    vertex 0.188360525323116 -0.47 0.10875
  endloop
endfacet
facet normal -0.965925826289068 0.0 -0.258819045102521
  outer loop
    vertex 0.210088867217873 -0.47 0.0562931423097985
    vertex 0.188360525323116 1.75 0.10875
    vertex 0.210088867217873 1.75 0.0562931423097985
  endloop
endfacet
facet normal -0.965925826289068 0.0 -0.258819045102521
  outer loop
    vertex 0.210088867217873 1.75 0.0562931423097985
    vertex 0.2175 -0.47 0
    vertex 0.210088867217873 -0.47 0.0562931423097985
  endloop
endfacet
facet normal -1.0 0.0 -4.45555494782345e-017
  outer loop
    vertex 0.2175 -0.47 0
    vertex 0.210088867217873 1.75 0.0562931423097985
    vertex 0.2175 1.75 0
  endloop
endfacet
facet normal -1.0 0.0 -4.45555494782345e-017
  outer loop
    vertex 0.2175 1.75 0
    vertex 0.210088867217873 -0.47 -0.0562931423097985
    vertex 0.2175 -0.47 0
  endloop
endfacet
facet normal -0.965925826289068 0.0 0.258819045102521
  outer loop
    vertex 0.210088867217873 -0.47 -0.0562931423097985
    vertex 0.2175 1.75 0
    vertex 0.210088867217873 1.75 -0.0562931423097985
  endloop
endfacet
facet normal -0.965925826289068 0.0 0.258819045102521
  outer loop
    vertex 0.210088867217873 1.75 -0.0562931423097985
    vertex 0.188360525323116 -0.47 -0.10875
    vertex 0.210088867217873 -0.47 -0.0562931423097985
  endloop
endfacet
facet normal -0.866025403784439 0.0 0.5
  outer loop
    vertex 0.188360525323116 -0.47 -0.10875
    vertex 0.210088867217873 1.75 -0.0562931423097985
    vertex 0.188360525323116 1.75 -0.10875
  endloop
endfacet
facet normal -0.866025403784439 0.0 0.5
  outer loop
    vertex 0.188360525323116 1.75 -0.10875
    vertex 0.153795724908074 -0.47 -0.153795724908074
    vertex 0.188360525323116 -0.47 -0.10875
  endloop
endfacet
facet normal -0.707106781186548 0.0 0.707106781186547
  outer loop
    vertex 0.153795724908074 -0.47 -0.153795724908074
    vertex 0.188360525323116 1.75 -0.10875
    vertex 0.153795724908074 1.75 -0.153795724908074
  endloop
endfacet
facet normal -0.707106781186548 0.0 0.707106781186547
  outer loop
    vertex 0.153795724908074 -0.47 -0.153795724908074
    vertex 0.10875 1.75 -0.188360525323116
    vertex 0.10875 -0.47 -0.188360525323116
  endloop
endfacet
facet normal -0.5 0.0 0.866025403784438
  outer loop
    vertex 0.10875 1.75 -0.188360525323116
    vertex 0.153795724908074 -0.47 -0.153795724908074
    vertex 0.153795724908074 1.75 -0.153795724908074
  endloop
endfacet
facet normal -0.5 0.0 0.866025403784438
  outer loop
    vertex 0.10875 -0.47 -0.188360525323116
    vertex 0.0562931423097985 1.75 -0.210088867217873
    vertex 0.0562931423097985 -0.47 -0.210088867217873
  endloop
endfacet
facet normal -0.258819045102521 0.0 0.965925826289068
  outer loop
    vertex 0.0562931423097985 1.75 -0.210088867217873
    vertex 0.10875 -0.47 -0.188360525323116
    vertex 0.10875 1.75 -0.188360525323116
  endloop
endfacet
facet normal -0.258819045102521 0.0 0.965925826289068
  outer loop
    vertex 0.0562931423097985 -0.47 -0.210088867217873
    vertex 1.33180339407275e-17 1.75 -0.2175
    vertex 1.33180339407275e-17 -0.47 -0.2175
  endloop
endfacet
facet normal 4.45555494782345e-017 0.0 1.0
  outer loop
    vertex 1.33180339407275e-17 1.75 -0.2175
    vertex 0.0562931423097985 -0.47 -0.210088867217873
    vertex 0.0562931423097985 1.75 -0.210088867217873
  endloop
endfacet
facet normal 4.45555494782345e-017 0.0 1.0
  outer loop
    vertex 1.33180339407275e-17 -0.47 -0.2175
    vertex -0.056293142309798 1.75 -0.210088867217873
    vertex -0.056293142309798 -0.47 -0.210088867217873
  endloop
endfacet
facet normal 0.258819045102521 0.0 0.965925826289068
  outer loop
    vertex -0.056293142309798 1.75 -0.210088867217873
    vertex 1.33180339407275e-17 -0.47 -0.2175
    vertex 1.33180339407275e-17 1.75 -0.2175
  endloop
endfacet
facet normal 0.258819045102521 0.0 0.965925826289068
  outer loop
    vertex -0.056293142309798 -0.47 -0.210088867217873
    vertex -0.10875 1.75 -0.188360525323116
    vertex -0.10875 -0.47 -0.188360525323116
  endloop
endfacet
facet normal 0.5 0.0 0.866025403784439
  outer loop
    vertex -0.10875 1.75 -0.188360525323116
    vertex -0.056293142309798 -0.47 -0.210088867217873
    vertex -0.056293142309798 1.75 -0.210088867217873
  endloop
endfacet
facet normal 0.5 0.0 0.866025403784439
  outer loop
    vertex -0.10875 -0.47 -0.188360525323116
    vertex -0.153795724908074 1.75 -0.153795724908074
    vertex -0.153795724908074 -0.47 -0.153795724908074
  endloop
endfacet
facet normal 0.707106781186547 0.0 0.707106781186548
  outer loop
    vertex -0.153795724908074 1.75 -0.153795724908074
    vertex -0.10875 -0.47 -0.188360525323116
    vertex -0.10875 1.75 -0.188360525323116
  endloop
endfacet
facet normal 0.707106781186547 0.0 0.707106781186548
  outer loop
    vertex -0.153795724908074 1.75 -0.153795724908074
    vertex -0.188360525323116 -0.47 -0.10875
    vertex -0.153795724908074 -0.47 -0.153795724908074
  endloop
endfacet
facet normal 0.866025403784439 0.0 0.5
  outer loop
    vertex -0.188360525323116 -0.47 -0.10875
    vertex -0.153795724908074 1.75 -0.153795724908074
    vertex -0.188360525323116 1.75 -0.10875
  endloop
endfacet
facet normal 0.866025403784439 0.0 0.5
  outer loop
    vertex -0.188360525323116 1.75 -0.10875
    vertex -0.210088867217873 -0.47 -0.0562931423097985
    vertex -0.188360525323116 -0.47 -0.10875
  endloop
endfacet
facet normal 0.965925826289068 0.0 0.258819045102521
  outer loop
    vertex -0.210088867217873 -0.47 -0.0562931423097985
    vertex -0.188360525323116 1.75 -0.10875
    vertex -0.210088867217873 1.75 -0.0562931423097985
  endloop
endfacet
facet normal 0.0 -1.0 0.0
  outer loop
    vertex 0.106251840891797 2.0 -0.0284700949612773
    vertex -6.4293956955236e-18 2.0 -0.035
    vertex 0.0952627944162885 2.0 -0.055
  endloop
endfacet
facet normal 0.0 -1.0 0.0
  outer loop
    vertex -6.4293956955236e-18 2.0 -0.035
    vertex 0.106251840891797 2.0 -0.0284700949612773
    vertex 0.0090586665785882 2.0 -0.0338074039201174
  endloop
endfacet
facet normal 0.0 -1.0 0.0
  outer loop
    vertex 0.0090586665785882 2.0 -0.0338074039201174
    vertex 0.106251840891797 2.0 -0.0284700949612773
    vertex 0.0175 2.0 -0.0303108891324553
  endloop
endfacet
facet normal 0.0 -1.0 0.0
  outer loop
    vertex 0.0175 2.0 -0.0303108891324553
    vertex 0.106251840891797 2.0 -0.0284700949612773
    vertex 0.0247487373415291 2.0 -0.0247487373415291
  endloop
endfacet
facet normal 0.0 -1.0 0.0
  outer loop
    vertex 0.0247487373415291 2.0 -0.0247487373415291
    vertex 0.106251840891797 2.0 -0.0284700949612773
    vertex 0.11 2.0 0
  endloop
endfacet
facet normal 0.0 -1.0 0.0
  outer loop
    vertex 0.0247487373415291 2.0 -0.0247487373415291
    vertex 0.11 2.0 0
    vertex 0.0303108891324553 2.0 -0.0175
  endloop
endfacet
facet normal 0.0 -1.0 0.0
  outer loop
    vertex 0.0303108891324553 2.0 -0.0175
    vertex 0.11 2.0 0
    vertex 0.0338074039201174 2.0 -0.00905866657858825
  endloop
endfacet
facet normal 0.0 -1.0 0.0
  outer loop
    vertex 0.0338074039201174 2.0 -0.00905866657858825
    vertex 0.11 2.0 0
    vertex 0.035 2.0 0
  endloop
endfacet
facet normal 0.0 -1.0 0.0
  outer loop
    vertex 0.035 2.0 0
    vertex 0.11 2.0 0
    vertex 0.106251840891797 2.0 0.0284700949612774
  endloop
endfacet
facet normal 0.0 -1.0 0.0
  outer loop
    vertex 0.035 2.0 0
    vertex 0.106251840891797 2.0 0.0284700949612774
    vertex 0.0338074039201174 2.0 0.00905866657858825
  endloop
endfacet
facet normal 0.0 -1.0 0.0
  outer loop
    vertex 0.0338074039201174 2.0 0.00905866657858825
    vertex 0.106251840891797 2.0 0.0284700949612774
    vertex 0.0303108891324553 2.0 0.0175
  endloop
endfacet
facet normal 0.0 -1.0 0.0
  outer loop
    vertex 0.0303108891324553 2.0 0.0175
    vertex 0.106251840891797 2.0 0.0284700949612774
    vertex 0.0247487373415291 2.0 0.0247487373415291
  endloop
endfacet
facet normal 0.0 -1.0 0.0
  outer loop
    vertex 0.0247487373415291 2.0 0.0247487373415291
    vertex 0.106251840891797 2.0 0.0284700949612774
    vertex 0.0175 2.0 0.0303108891324553
  endloop
endfacet
facet normal 0.0 -1.0 0.0
  outer loop
    vertex 0.0175 2.0 0.0303108891324553
    vertex 0.106251840891797 2.0 0.0284700949612774
    vertex 0.095262794416288 2.0 0.055
  endloop
endfacet
facet normal 0.0 -1.0 0.0
  outer loop
    vertex 0.0175 2.0 0.0303108891324553
    vertex 0.095262794416288 2.0 0.055
    vertex 0.00905866657858825 2.0 0.0338074039201174
  endloop
endfacet
facet normal 0.0 -1.0 0.0
  outer loop
    vertex 0.00905866657858825 2.0 0.0338074039201174
    vertex 0.095262794416288 2.0 0.055
    vertex 2.14313189850787e-18 2.0 0.035
  endloop
endfacet
facet normal 0.0 -1.0 0.0
  outer loop
    vertex 2.14313189850787e-18 2.0 0.035
    vertex 0.095262794416288 2.0 0.055
    vertex -0.0952627944162885 2.0 0.055
  endloop
endfacet
facet normal 0.0 -1.0 0.0
  outer loop
    vertex -0.0952627944162885 2.0 0.055
    vertex 0.095262794416288 2.0 0.055
    vertex -0.0777817459305205 2.0 0.07778174593052
  endloop
endfacet
facet normal 0.0 -1.0 0.0
  outer loop
    vertex -0.0777817459305205 2.0 0.07778174593052
    vertex 0.095262794416288 2.0 0.055
    vertex 0.07778174593052 2.0 0.07778174593052
  endloop
endfacet
facet normal 0.0 -1.0 0.0
  outer loop
    vertex -0.0777817459305205 2.0 0.07778174593052
    vertex 0.07778174593052 2.0 0.07778174593052
    vertex -0.055 2.0 0.095262794416288
  endloop
endfacet
facet normal 0.0 -1.0 0.0
  outer loop
    vertex -0.055 2.0 0.095262794416288
    vertex 0.07778174593052 2.0 0.07778174593052
    vertex 0.055 2.0 0.0952627944162885
  endloop
endfacet
facet normal 0.0 -1.0 0.0
  outer loop
    vertex -0.055 2.0 0.095262794416288
    vertex 0.055 2.0 0.0952627944162885
    vertex -0.0284700949612774 2.0 0.106251840891797
  endloop
endfacet
facet normal 0.0 -1.0 0.0
  outer loop
    vertex -0.0284700949612774 2.0 0.106251840891797
    vertex 0.055 2.0 0.0952627944162885
    vertex 0.0284700949612773 2.0 0.106251840891797
  endloop
endfacet
facet normal 0.0 -1.0 0.0
  outer loop
    vertex -0.0284700949612774 2.0 0.106251840891797
    vertex 0.0284700949612773 2.0 0.106251840891797
    vertex -2.02066721859314e-17 2.0 0.11
  endloop
endfacet
facet normal 0.0 -1.0 0.0
  outer loop
    vertex 0.0284700949612773 2.0 -0.106251840891797
    vertex -0.0284700949612773 2.0 -0.106251840891797
    vertex 6.73555739531045e-18 2.0 -0.11
  endloop
endfacet
facet normal 0.0 -1.0 0.0
  outer loop
    vertex -0.0284700949612773 2.0 -0.106251840891797
    vertex 0.0284700949612773 2.0 -0.106251840891797
    vertex -0.055 2.0 -0.0952627944162885
  endloop
endfacet
facet normal 0.0 -1.0 0.0
  outer loop
    vertex -0.055 2.0 -0.0952627944162885
    vertex 0.0284700949612773 2.0 -0.106251840891797
    vertex 0.055 2.0 -0.0952627944162885
  endloop
endfacet
facet normal 0.0 -1.0 0.0
  outer loop
    vertex -0.055 2.0 -0.0952627944162885
    vertex 0.055 2.0 -0.0952627944162885
    vertex 0.07778174593052 2.0 -0.07778174593052
  endloop
endfacet
facet normal 0.0 -1.0 0.0
  outer loop
    vertex -0.055 2.0 -0.0952627944162885
    vertex 0.07778174593052 2.0 -0.07778174593052
    vertex -0.07778174593052 2.0 -0.07778174593052
  endloop
endfacet
facet normal 0.0 -1.0 0.0
  outer loop
    vertex -0.07778174593052 2.0 -0.07778174593052
    vertex 0.07778174593052 2.0 -0.07778174593052
    vertex -0.095262794416288 2.0 -0.055
  endloop
endfacet
facet normal 0.0 -1.0 0.0
  outer loop
    vertex -0.095262794416288 2.0 -0.055
    vertex 0.07778174593052 2.0 -0.07778174593052
    vertex 0.0952627944162885 2.0 -0.055
  endloop
endfacet
facet normal 0.0 -1.0 0.0
  outer loop
    vertex -0.095262794416288 2.0 -0.055
    vertex 0.0952627944162885 2.0 -0.055
    vertex -0.106251840891797 2.0 -0.0284700949612773
  endloop
endfacet
facet normal 0.0 -1.0 0.0
  outer loop
    vertex -0.106251840891797 2.0 -0.0284700949612773
    vertex 0.0952627944162885 2.0 -0.055
    vertex -6.4293956955236e-18 2.0 -0.035
  endloop
endfacet
facet normal 0.0 -1.0 0.0
  outer loop
    vertex -0.106251840891797 2.0 -0.0284700949612773
    vertex -6.4293956955236e-18 2.0 -0.035
    vertex -0.00905866657858825 2.0 -0.0338074039201174
  endloop
endfacet
facet normal 0.0 -1.0 0.0
  outer loop
    vertex -0.106251840891797 2.0 -0.0284700949612773
    vertex -0.00905866657858825 2.0 -0.0338074039201174
    vertex -0.0175 2.0 -0.0303108891324553
  endloop
endfacet
facet normal 0.0 -1.0 0.0
  outer loop
    vertex -0.106251840891797 2.0 -0.0284700949612773
    vertex -0.0175 2.0 -0.0303108891324553
    vertex -0.0247487373415292 2.0 -0.0247487373415291
  endloop
endfacet
facet normal 0.0 -1.0 0.0
  outer loop
    vertex -0.106251840891797 2.0 -0.0284700949612773
    vertex -0.0247487373415292 2.0 -0.0247487373415291
    vertex -0.11 2.0 -1.34711147906209e-17
  endloop
endfacet
facet normal 0.0 -1.0 0.0
  outer loop
    vertex -0.11 2.0 -1.34711147906209e-17
    vertex -0.0247487373415292 2.0 -0.0247487373415291
    vertex -0.0303108891324553 2.0 -0.0175
  endloop
endfacet
facet normal 0.0 -1.0 0.0
  outer loop
    vertex -0.11 2.0 -1.34711147906209e-17
    vertex -0.0303108891324553 2.0 -0.0175
    vertex -0.0338074039201174 2.0 -0.0090586665785882
  endloop
endfacet
facet normal 0.0 -1.0 0.0
  outer loop
    vertex -0.11 2.0 -1.34711147906209e-17
    vertex -0.0338074039201174 2.0 -0.0090586665785882
    vertex -0.035 2.0 4.28626379701574e-18
  endloop
endfacet
facet normal 0.0 -1.0 0.0
  outer loop
    vertex -0.11 2.0 -1.34711147906209e-17
    vertex -0.035 2.0 4.28626379701574e-18
    vertex -0.106251840891797 2.0 0.0284700949612773
  endloop
endfacet
facet normal 0.0 -1.0 0.0
  outer loop
    vertex -0.106251840891797 2.0 0.0284700949612773
    vertex -0.035 2.0 4.28626379701574e-18
    vertex -0.0338074039201174 2.0 0.00905866657858825
  endloop
endfacet
facet normal 0.0 -1.0 0.0
  outer loop
    vertex -0.106251840891797 2.0 0.0284700949612773
    vertex -0.0338074039201174 2.0 0.00905866657858825
    vertex -0.0303108891324553 2.0 0.0175
  endloop
endfacet
facet normal 0.0 -1.0 0.0
  outer loop
    vertex -0.106251840891797 2.0 0.0284700949612773
    vertex -0.0303108891324553 2.0 0.0175
    vertex -0.0247487373415291 2.0 0.0247487373415291
  endloop
endfacet
facet normal 0.0 -1.0 0.0
  outer loop
    vertex -0.106251840891797 2.0 0.0284700949612773
    vertex -0.0247487373415291 2.0 0.0247487373415291
    vertex -0.0175 2.0 0.0303108891324553
  endloop
endfacet
facet normal 0.0 -1.0 0.0
  outer loop
    vertex -0.106251840891797 2.0 0.0284700949612773
    vertex -0.0175 2.0 0.0303108891324553
    vertex -0.0952627944162885 2.0 0.055
  endloop
endfacet
facet normal 0.0 -1.0 0.0
  outer loop
    vertex -0.0952627944162885 2.0 0.055
    vertex -0.0175 2.0 0.0303108891324553
    vertex -0.0090586665785882 2.0 0.0338074039201174
  endloop
endfacet
facet normal 0.0 -1.0 0.0
  outer loop
    vertex -0.0952627944162885 2.0 0.055
    vertex -0.0090586665785882 2.0 0.0338074039201174
    vertex 2.14313189850787e-18 2.0 0.035
  endloop
endfacet
facet normal -0.25881904510252 0.0 0.965925826289069
  outer loop
    vertex 0.0090586665785882 2.0 -0.0338074039201174
    vertex -6.4293956955236e-18 2.05 -0.035
    vertex -6.4293956955236e-18 2.0 -0.035
  endloop
endfacet
facet normal 5.61399923425755e-016 0.0 1.0
  outer loop
    vertex -6.4293956955236e-18 2.05 -0.035
    vertex 0.0090586665785882 2.0 -0.0338074039201174
    vertex 0.0090586665785882 2.05 -0.0338074039201174
  endloop
endfacet
facet normal -0.5 0.0 0.866025403784439
  outer loop
    vertex 0.0175 2.0 -0.0303108891324553
    vertex 0.0090586665785882 2.05 -0.0338074039201174
    vertex 0.0090586665785882 2.0 -0.0338074039201174
  endloop
endfacet
facet normal -0.25881904510252 0.0 0.965925826289069
  outer loop
    vertex 0.0090586665785882 2.05 -0.0338074039201174
    vertex 0.0175 2.0 -0.0303108891324553
    vertex 0.0175 2.05 -0.0303108891324553
  endloop
endfacet
facet normal -0.707106781186547 0.0 0.707106781186548
  outer loop
    vertex 0.0247487373415291 2.0 -0.0247487373415291
    vertex 0.0175 2.05 -0.0303108891324553
    vertex 0.0175 2.0 -0.0303108891324553
  endloop
endfacet
facet normal -0.5 0.0 0.866025403784439
  outer loop
    vertex 0.0175 2.05 -0.0303108891324553
    vertex 0.0247487373415291 2.0 -0.0247487373415291
    vertex 0.0247487373415291 2.05 -0.0247487373415291
  endloop
endfacet
facet normal -0.866025403784438 0.0 0.5
  outer loop
    vertex 0.0303108891324553 2.05 -0.0175
    vertex 0.0247487373415291 2.0 -0.0247487373415291
    vertex 0.0303108891324553 2.0 -0.0175
  endloop
endfacet
facet normal -0.707106781186547 0.0 0.707106781186548
  outer loop
    vertex 0.0247487373415291 2.0 -0.0247487373415291
    vertex 0.0303108891324553 2.05 -0.0175
    vertex 0.0247487373415291 2.05 -0.0247487373415291
  endloop
endfacet
facet normal -0.965925826289068 0.0 0.258819045102521
  outer loop
    vertex 0.0338074039201174 2.05 -0.00905866657858825
    vertex 0.0303108891324553 2.0 -0.0175
    vertex 0.0338074039201174 2.0 -0.00905866657858825
  endloop
endfacet
facet normal -0.866025403784438 0.0 0.5
  outer loop
    vertex 0.0303108891324553 2.0 -0.0175
    vertex 0.0338074039201174 2.05 -0.00905866657858825
    vertex 0.0303108891324553 2.05 -0.0175
  endloop
endfacet
facet normal -1.0 0.0 1.60399978121644e-016
  outer loop
    vertex 0.035 2.05 0
    vertex 0.0338074039201174 2.0 -0.00905866657858825
    vertex 0.035 2.0 0
  endloop
endfacet
facet normal -0.965925826289068 0.0 0.258819045102521
  outer loop
    vertex 0.0338074039201174 2.0 -0.00905866657858825
    vertex 0.035 2.05 0
    vertex 0.0338074039201174 2.05 -0.00905866657858825
  endloop
endfacet
facet normal -0.965925826289068 0.0 -0.258819045102521
  outer loop
    vertex 0.0338074039201174 2.05 0.00905866657858825
    vertex 0.035 2.0 0
    vertex 0.0338074039201174 2.0 0.00905866657858825
  endloop
endfacet
facet normal -1.0 0.0 1.60399978121644e-016
  outer loop
    vertex 0.035 2.0 0
    vertex 0.0338074039201174 2.05 0.00905866657858825
    vertex 0.035 2.05 0
  endloop
endfacet
facet normal -0.866025403784439 0.0 -0.5
  outer loop
    vertex 0.0303108891324553 2.05 0.0175
    vertex 0.0338074039201174 2.0 0.00905866657858825
    vertex 0.0303108891324553 2.0 0.0175
  endloop
endfacet
facet normal -0.965925826289068 0.0 -0.258819045102521
  outer loop
    vertex 0.0338074039201174 2.0 0.00905866657858825
    vertex 0.0303108891324553 2.05 0.0175
    vertex 0.0338074039201174 2.05 0.00905866657858825
  endloop
endfacet
facet normal -0.707106781186548 0.0 -0.707106781186547
  outer loop
    vertex 0.0247487373415291 2.05 0.0247487373415291
    vertex 0.0303108891324553 2.0 0.0175
    vertex 0.0247487373415291 2.0 0.0247487373415291
  endloop
endfacet
facet normal -0.866025403784439 0.0 -0.5
  outer loop
    vertex 0.0303108891324553 2.0 0.0175
    vertex 0.0247487373415291 2.05 0.0247487373415291
    vertex 0.0303108891324553 2.05 0.0175
  endloop
endfacet
facet normal -0.707106781186548 0.0 -0.707106781186547
  outer loop
    vertex 0.0247487373415291 2.05 0.0247487373415291
    vertex 0.0175 2.0 0.0303108891324553
    vertex 0.0175 2.05 0.0303108891324553
  endloop
endfacet
facet normal -0.5 0.0 -0.866025403784439
  outer loop
    vertex 0.0175 2.0 0.0303108891324553
    vertex 0.0247487373415291 2.05 0.0247487373415291
    vertex 0.0247487373415291 2.0 0.0247487373415291
  endloop
endfacet
facet normal -0.5 0.0 -0.866025403784439
  outer loop
    vertex 0.0175 2.05 0.0303108891324553
    vertex 0.00905866657858825 2.0 0.0338074039201174
    vertex 0.00905866657858825 2.05 0.0338074039201174
  endloop
endfacet
facet normal -0.258819045102521 0.0 -0.965925826289068
  outer loop
    vertex 0.00905866657858825 2.0 0.0338074039201174
    vertex 0.0175 2.05 0.0303108891324553
    vertex 0.0175 2.0 0.0303108891324553
  endloop
endfacet
facet normal -0.258819045102521 0.0 -0.965925826289068
  outer loop
    vertex 0.00905866657858825 2.05 0.0338074039201174
    vertex 2.14313189850787e-18 2.0 0.035
    vertex 2.14313189850787e-18 2.05 0.035
  endloop
endfacet
facet normal 7.12888791651753e-017 0.0 -1.0
  outer loop
    vertex 2.14313189850787e-18 2.0 0.035
    vertex 0.00905866657858825 2.05 0.0338074039201174
    vertex 0.00905866657858825 2.0 0.0338074039201174
  endloop
endfacet
facet normal 7.12888791651753e-017 0.0 -1.0
  outer loop
    vertex 2.14313189850787e-18 2.05 0.035
    vertex -0.0090586665785882 2.0 0.0338074039201174
    vertex -0.0090586665785882 2.05 0.0338074039201174
  endloop
endfacet
facet normal 0.258819045102521 0.0 -0.965925826289068
  outer loop
    vertex -0.0090586665785882 2.0 0.0338074039201174
    vertex 2.14313189850787e-18 2.05 0.035
    vertex 2.14313189850787e-18 2.0 0.035
  endloop
endfacet
facet normal 0.258819045102521 0.0 -0.965925826289068
  outer loop
    vertex -0.0090586665785882 2.05 0.0338074039201174
    vertex -0.0175 2.0 0.0303108891324553
    vertex -0.0175 2.05 0.0303108891324553
  endloop
endfacet
facet normal 0.5 0.0 -0.866025403784439
  outer loop
    vertex -0.0175 2.0 0.0303108891324553
    vertex -0.0090586665785882 2.05 0.0338074039201174
    vertex -0.0090586665785882 2.0 0.0338074039201174
  endloop
endfacet
facet normal 0.5 0.0 -0.866025403784439
  outer loop
    vertex -0.0175 2.05 0.0303108891324553
    vertex -0.0247487373415291 2.0 0.0247487373415291
    vertex -0.0247487373415291 2.05 0.0247487373415291
  endloop
endfacet
facet normal 0.707106781186547 0.0 -0.707106781186548
  outer loop
    vertex -0.0247487373415291 2.0 0.0247487373415291
    vertex -0.0175 2.05 0.0303108891324553
    vertex -0.0175 2.0 0.0303108891324553
  endloop
endfacet
facet normal 0.866025403784438 0.0 -0.5
  outer loop
    vertex -0.0303108891324553 2.05 0.0175
    vertex -0.0247487373415291 2.0 0.0247487373415291
    vertex -0.0303108891324553 2.0 0.0175
  endloop
endfacet
facet normal 0.707106781186547 0.0 -0.707106781186548
  outer loop
    vertex -0.0247487373415291 2.0 0.0247487373415291
    vertex -0.0303108891324553 2.05 0.0175
    vertex -0.0247487373415291 2.05 0.0247487373415291
  endloop
endfacet
facet normal 0.965925826289068 0.0 -0.258819045102521
  outer loop
    vertex -0.0338074039201174 2.05 0.00905866657858825
    vertex -0.0303108891324553 2.0 0.0175
    vertex -0.0338074039201174 2.0 0.00905866657858825
  endloop
endfacet
facet normal 0.866025403784438 0.0 -0.5
  outer loop
    vertex -0.0303108891324553 2.0 0.0175
    vertex -0.0338074039201174 2.05 0.00905866657858825
    vertex -0.0303108891324553 2.05 0.0175
  endloop
endfacet
facet normal 1.0 0.0 -2.67333296869407e-016
  outer loop
    vertex -0.035 2.05 4.28626379701574e-18
    vertex -0.0338074039201174 2.0 0.00905866657858825
    vertex -0.035 2.0 4.28626379701574e-18
  endloop
endfacet
facet normal 0.965925826289068 0.0 -0.258819045102521
  outer loop
    vertex -0.0338074039201174 2.0 0.00905866657858825
    vertex -0.035 2.05 4.28626379701574e-18
    vertex -0.0338074039201174 2.05 0.00905866657858825
  endloop
endfacet
facet normal 0.965925826289068 0.0 0.25881904510252
  outer loop
    vertex -0.0338074039201174 2.05 -0.0090586665785882
    vertex -0.035 2.0 4.28626379701574e-18
    vertex -0.0338074039201174 2.0 -0.0090586665785882
  endloop
endfacet
facet normal 1.0 0.0 -2.67333296869407e-016
  outer loop
    vertex -0.035 2.0 4.28626379701574e-18
    vertex -0.0338074039201174 2.05 -0.0090586665785882
    vertex -0.035 2.05 4.28626379701574e-18
  endloop
endfacet
facet normal 0.866025403784439 0.0 0.5
  outer loop
    vertex -0.0303108891324553 2.05 -0.0175
    vertex -0.0338074039201174 2.0 -0.0090586665785882
    vertex -0.0303108891324553 2.0 -0.0175
  endloop
endfacet
facet normal 0.965925826289068 0.0 0.25881904510252
  outer loop
    vertex -0.0338074039201174 2.0 -0.0090586665785882
    vertex -0.0303108891324553 2.05 -0.0175
    vertex -0.0338074039201174 2.05 -0.0090586665785882
  endloop
endfacet
facet normal 0.707106781186548 0.0 0.707106781186547
  outer loop
    vertex -0.0247487373415292 2.05 -0.0247487373415291
    vertex -0.0303108891324553 2.0 -0.0175
    vertex -0.0247487373415292 2.0 -0.0247487373415291
  endloop
endfacet
facet normal 0.866025403784439 0.0 0.5
  outer loop
    vertex -0.0303108891324553 2.0 -0.0175
    vertex -0.0247487373415292 2.05 -0.0247487373415291
    vertex -0.0303108891324553 2.05 -0.0175
  endloop
endfacet
facet normal 0.5 0.0 0.866025403784438
  outer loop
    vertex -0.0175 2.0 -0.0303108891324553
    vertex -0.0247487373415292 2.05 -0.0247487373415291
    vertex -0.0247487373415292 2.0 -0.0247487373415291
  endloop
endfacet
facet normal 0.707106781186548 0.0 0.707106781186547
  outer loop
    vertex -0.0247487373415292 2.05 -0.0247487373415291
    vertex -0.0175 2.0 -0.0303108891324553
    vertex -0.0175 2.05 -0.0303108891324553
  endloop
endfacet
facet normal 0.258819045102521 0.0 0.965925826289068
  outer loop
    vertex -0.00905866657858825 2.0 -0.0338074039201174
    vertex -0.0175 2.05 -0.0303108891324553
    vertex -0.0175 2.0 -0.0303108891324553
  endloop
endfacet
facet normal 0.5 0.0 0.866025403784438
  outer loop
    vertex -0.0175 2.05 -0.0303108891324553
    vertex -0.00905866657858825 2.0 -0.0338074039201174
    vertex -0.00905866657858825 2.05 -0.0338074039201174
  endloop
endfacet
facet normal 5.61399923425755e-016 0.0 1.0
  outer loop
    vertex -6.4293956955236e-18 2.0 -0.035
    vertex -0.00905866657858825 2.05 -0.0338074039201174
    vertex -0.00905866657858825 2.0 -0.0338074039201174
  endloop
endfacet
facet normal 0.258819045102521 0.0 0.965925826289068
  outer loop
    vertex -0.00905866657858825 2.05 -0.0338074039201174
    vertex -6.4293956955236e-18 2.0 -0.035
    vertex -6.4293956955236e-18 2.05 -0.035
  endloop
endfacet
facet normal -0.0 1.0 -0.0
  outer loop
    vertex -0.0580237020535575 2.05 -0.0335
    vertex -6.4293956955236e-18 2.05 -0.035
    vertex -0.0473761543394987 2.05 -0.0473761543394986
  endloop
endfacet
facet normal -0.0 1.0 -0.0
  outer loop
    vertex -6.4293956955236e-18 2.05 -0.035
    vertex -0.0580237020535575 2.05 -0.0335
    vertex -0.00905866657858825 2.05 -0.0338074039201174
  endloop
endfacet
facet normal -0.0 1.0 -0.0
  outer loop
    vertex -0.00905866657858825 2.05 -0.0338074039201174
    vertex -0.0580237020535575 2.05 -0.0335
    vertex -0.0175 2.05 -0.0303108891324553
  endloop
endfacet
facet normal -0.0 1.0 -0.0
  outer loop
    vertex -0.0175 2.05 -0.0303108891324553
    vertex -0.0580237020535575 2.05 -0.0335
    vertex -0.0647170303613675 2.05 -0.0173408760218688
  endloop
endfacet
facet normal -0.0 1.0 -0.0
  outer loop
    vertex -0.0175 2.05 -0.0303108891324553
    vertex -0.0647170303613675 2.05 -0.0173408760218688
    vertex -0.0247487373415292 2.05 -0.0247487373415291
  endloop
endfacet
facet normal -0.0 1.0 -0.0
  outer loop
    vertex -0.0247487373415292 2.05 -0.0247487373415291
    vertex -0.0647170303613675 2.05 -0.0173408760218688
    vertex -0.0303108891324553 2.05 -0.0175
  endloop
endfacet
facet normal -0.0 1.0 -0.0
  outer loop
    vertex -0.0303108891324553 2.05 -0.0175
    vertex -0.0647170303613675 2.05 -0.0173408760218688
    vertex -0.0338074039201174 2.05 -0.0090586665785882
  endloop
endfacet
facet normal -0.0 1.0 -0.0
  outer loop
    vertex -0.0338074039201174 2.05 -0.0090586665785882
    vertex -0.0647170303613675 2.05 -0.0173408760218688
    vertex -0.067 2.05 8.20513355428725e-18
  endloop
endfacet
facet normal -0.0 1.0 -0.0
  outer loop
    vertex -0.0338074039201174 2.05 -0.0090586665785882
    vertex -0.067 2.05 8.20513355428725e-18
    vertex -0.035 2.05 4.28626379701574e-18
  endloop
endfacet
facet normal -0.0 1.0 -0.0
  outer loop
    vertex -0.035 2.05 4.28626379701574e-18
    vertex -0.067 2.05 8.20513355428725e-18
    vertex -0.0338074039201174 2.05 0.00905866657858825
  endloop
endfacet
facet normal -0.0 1.0 -0.0
  outer loop
    vertex -0.0338074039201174 2.05 0.00905866657858825
    vertex -0.067 2.05 8.20513355428725e-18
    vertex -0.0647170303613675 2.05 0.0173408760218689
  endloop
endfacet
facet normal -0.0 1.0 -0.0
  outer loop
    vertex -0.0338074039201174 2.05 0.00905866657858825
    vertex -0.0647170303613675 2.05 0.0173408760218689
    vertex -0.0303108891324553 2.05 0.0175
  endloop
endfacet
facet normal -0.0 1.0 -0.0
  outer loop
    vertex -0.0303108891324553 2.05 0.0175
    vertex -0.0647170303613675 2.05 0.0173408760218689
    vertex -0.0580237020535575 2.05 0.0335
  endloop
endfacet
facet normal -0.0 1.0 -0.0
  outer loop
    vertex -0.0303108891324553 2.05 0.0175
    vertex -0.0580237020535575 2.05 0.0335
    vertex -0.0247487373415291 2.05 0.0247487373415291
  endloop
endfacet
facet normal -0.0 1.0 -0.0
  outer loop
    vertex -0.0247487373415291 2.05 0.0247487373415291
    vertex -0.0580237020535575 2.05 0.0335
    vertex -0.0175 2.05 0.0303108891324553
  endloop
endfacet
facet normal -0.0 1.0 -0.0
  outer loop
    vertex -0.0175 2.05 0.0303108891324553
    vertex -0.0580237020535575 2.05 0.0335
    vertex -0.0090586665785882 2.05 0.0338074039201174
  endloop
endfacet
facet normal -0.0 1.0 -0.0
  outer loop
    vertex -0.0090586665785882 2.05 0.0338074039201174
    vertex -0.0580237020535575 2.05 0.0335
    vertex -0.0473761543394987 2.05 0.0473761543394987
  endloop
endfacet
facet normal -0.0 1.0 -0.0
  outer loop
    vertex -0.0090586665785882 2.05 0.0338074039201174
    vertex -0.0473761543394987 2.05 0.0473761543394987
    vertex 2.14313189850787e-18 2.05 0.035
  endloop
endfacet
facet normal -0.0 1.0 -0.0
  outer loop
    vertex 2.14313189850787e-18 2.05 0.035
    vertex -0.0473761543394987 2.05 0.0473761543394987
    vertex 0.0473761543394987 2.05 0.0473761543394987
  endloop
endfacet
facet normal -0.0 1.0 -0.0
  outer loop
    vertex 0.0473761543394987 2.05 0.0473761543394987
    vertex -0.0473761543394987 2.05 0.0473761543394987
    vertex 0.0335 2.05 0.0580237020535575
  endloop
endfacet
facet normal -0.0 1.0 -0.0
  outer loop
    vertex 0.0335 2.05 0.0580237020535575
    vertex -0.0473761543394987 2.05 0.0473761543394987
    vertex -0.0335 2.05 0.0580237020535575
  endloop
endfacet
facet normal -0.0 1.0 -0.0
  outer loop
    vertex 0.0335 2.05 0.0580237020535575
    vertex -0.0335 2.05 0.0580237020535575
    vertex 0.0173408760218689 2.05 0.0647170303613675
  endloop
endfacet
facet normal -0.0 1.0 -0.0
  outer loop
    vertex 0.0173408760218689 2.05 0.0647170303613675
    vertex -0.0335 2.05 0.0580237020535575
    vertex -0.0173408760218689 2.05 0.0647170303613675
  endloop
endfacet
facet normal -0.0 1.0 -0.0
  outer loop
    vertex 0.0173408760218689 2.05 0.0647170303613675
    vertex -0.0173408760218689 2.05 0.0647170303613675
    vertex 4.10256677714363e-18 2.05 0.067
  endloop
endfacet
facet normal -0.0 1.0 -0.0
  outer loop
    vertex -0.0173408760218689 2.05 -0.0647170303613675
    vertex 0.0173408760218688 2.05 -0.0647170303613675
    vertex -1.23077003314309e-17 2.05 -0.067
  endloop
endfacet
facet normal -0.0 1.0 -0.0
  outer loop
    vertex 0.0173408760218688 2.05 -0.0647170303613675
    vertex -0.0173408760218689 2.05 -0.0647170303613675
    vertex 0.0335 2.05 -0.0580237020535575
  endloop
endfacet
facet normal -0.0 1.0 -0.0
  outer loop
    vertex 0.0335 2.05 -0.0580237020535575
    vertex -0.0173408760218689 2.05 -0.0647170303613675
    vertex -0.0335000000000001 2.05 -0.0580237020535575
  endloop
endfacet
facet normal -0.0 1.0 -0.0
  outer loop
    vertex 0.0335 2.05 -0.0580237020535575
    vertex -0.0335000000000001 2.05 -0.0580237020535575
    vertex 0.0473761543394987 2.05 -0.0473761543394987
  endloop
endfacet
facet normal -0.0 1.0 -0.0
  outer loop
    vertex 0.0473761543394987 2.05 -0.0473761543394987
    vertex -0.0335000000000001 2.05 -0.0580237020535575
    vertex -0.0473761543394987 2.05 -0.0473761543394986
  endloop
endfacet
facet normal -0.0 1.0 -0.0
  outer loop
    vertex 0.0473761543394987 2.05 -0.0473761543394987
    vertex -0.0473761543394987 2.05 -0.0473761543394986
    vertex 0.0580237020535575 2.05 -0.0335000000000001
  endloop
endfacet
facet normal -0.0 1.0 -0.0
  outer loop
    vertex 0.0580237020535575 2.05 -0.0335000000000001
    vertex -0.0473761543394987 2.05 -0.0473761543394986
    vertex -6.4293956955236e-18 2.05 -0.035
  endloop
endfacet
facet normal -0.0 1.0 -0.0
  outer loop
    vertex 0.0580237020535575 2.05 -0.0335000000000001
    vertex -6.4293956955236e-18 2.05 -0.035
    vertex 0.0090586665785882 2.05 -0.0338074039201174
  endloop
endfacet
facet normal -0.0 1.0 -0.0
  outer loop
    vertex 0.0580237020535575 2.05 -0.0335000000000001
    vertex 0.0090586665785882 2.05 -0.0338074039201174
    vertex 0.0175 2.05 -0.0303108891324553
  endloop
endfacet
facet normal -0.0 1.0 -0.0
  outer loop
    vertex 0.0580237020535575 2.05 -0.0335000000000001
    vertex 0.0175 2.05 -0.0303108891324553
    vertex 0.0647170303613675 2.05 -0.0173408760218689
  endloop
endfacet
facet normal -0.0 1.0 -0.0
  outer loop
    vertex 0.0647170303613675 2.05 -0.0173408760218689
    vertex 0.0175 2.05 -0.0303108891324553
    vertex 0.0247487373415291 2.05 -0.0247487373415291
  endloop
endfacet
facet normal -0.0 1.0 -0.0
  outer loop
    vertex 0.0647170303613675 2.05 -0.0173408760218689
    vertex 0.0247487373415291 2.05 -0.0247487373415291
    vertex 0.0303108891324553 2.05 -0.0175
  endloop
endfacet
facet normal -0.0 1.0 -0.0
  outer loop
    vertex 0.0647170303613675 2.05 -0.0173408760218689
    vertex 0.0303108891324553 2.05 -0.0175
    vertex 0.0338074039201174 2.05 -0.00905866657858825
  endloop
endfacet
facet normal -0.0 1.0 -0.0
  outer loop
    vertex 0.0647170303613675 2.05 -0.0173408760218689
    vertex 0.0338074039201174 2.05 -0.00905866657858825
    vertex 0.067 2.05 0
  endloop
endfacet
facet normal -0.0 1.0 -0.0
  outer loop
    vertex 0.067 2.05 0
    vertex 0.0338074039201174 2.05 -0.00905866657858825
    vertex 0.035 2.05 0
  endloop
endfacet
facet normal -0.0 1.0 -0.0
  outer loop
    vertex 0.067 2.05 0
    vertex 0.035 2.05 0
    vertex 0.0338074039201174 2.05 0.00905866657858825
  endloop
endfacet
facet normal -0.0 1.0 -0.0
  outer loop
    vertex 0.067 2.05 0
    vertex 0.0338074039201174 2.05 0.00905866657858825
    vertex 0.0647170303613675 2.05 0.0173408760218689
  endloop
endfacet
facet normal -0.0 1.0 -0.0
  outer loop
    vertex 0.0647170303613675 2.05 0.0173408760218689
    vertex 0.0338074039201174 2.05 0.00905866657858825
    vertex 0.0303108891324553 2.05 0.0175
  endloop
endfacet
facet normal -0.0 1.0 -0.0
  outer loop
    vertex 0.0647170303613675 2.05 0.0173408760218689
    vertex 0.0303108891324553 2.05 0.0175
    vertex 0.0580237020535575 2.05 0.0335
  endloop
endfacet
facet normal -0.0 1.0 -0.0
  outer loop
    vertex 0.0580237020535575 2.05 0.0335
    vertex 0.0303108891324553 2.05 0.0175
    vertex 0.0247487373415291 2.05 0.0247487373415291
  endloop
endfacet
facet normal -0.0 1.0 -0.0
  outer loop
    vertex 0.0580237020535575 2.05 0.0335
    vertex 0.0247487373415291 2.05 0.0247487373415291
    vertex 0.0175 2.05 0.0303108891324553
  endloop
endfacet
facet normal -0.0 1.0 -0.0
  outer loop
    vertex 0.0580237020535575 2.05 0.0335
    vertex 0.0175 2.05 0.0303108891324553
    vertex 0.00905866657858825 2.05 0.0338074039201174
  endloop
endfacet
facet normal -0.0 1.0 -0.0
  outer loop
    vertex 0.0580237020535575 2.05 0.0335
    vertex 0.00905866657858825 2.05 0.0338074039201174
    vertex 0.0473761543394987 2.05 0.0473761543394987
  endloop
endfacet
facet normal -0.0 1.0 -0.0
  outer loop
    vertex 0.0473761543394987 2.05 0.0473761543394987
    vertex 0.00905866657858825 2.05 0.0338074039201174
    vertex 2.14313189850787e-18 2.05 0.035
  endloop
endfacet
facet normal 1.96044417704232e-016 0.0 -1.0
  outer loop
    vertex 6.73555739531045e-18 3.742 -0.11
    vertex -0.0284700949612773 2.0 -0.106251840891797
    vertex -0.0284700949612773 3.742 -0.106251840891797
  endloop
endfacet
facet normal -0.258819045102521 0.0 -0.965925826289068
  outer loop
    vertex -0.0284700949612773 2.0 -0.106251840891797
    vertex 6.73555739531045e-18 3.742 -0.11
    vertex 6.73555739531045e-18 2.0 -0.11
  endloop
endfacet
facet normal 0.258819045102521 0.0 -0.965925826289068
  outer loop
    vertex 0.0284700949612773 3.742 -0.106251840891797
    vertex 6.73555739531045e-18 2.0 -0.11
    vertex 6.73555739531045e-18 3.742 -0.11
  endloop
endfacet
facet normal 1.96044417704232e-016 0.0 -1.0
  outer loop
    vertex 6.73555739531045e-18 2.0 -0.11
    vertex 0.0284700949612773 3.742 -0.106251840891797
    vertex 0.0284700949612773 2.0 -0.106251840891797
  endloop
endfacet
facet normal 0.5 0.0 -0.866025403784438
  outer loop
    vertex 0.055 3.742 -0.0952627944162885
    vertex 0.0284700949612773 2.0 -0.106251840891797
    vertex 0.0284700949612773 3.742 -0.106251840891797
  endloop
endfacet
facet normal 0.258819045102521 0.0 -0.965925826289068
  outer loop
    vertex 0.0284700949612773 2.0 -0.106251840891797
    vertex 0.055 3.742 -0.0952627944162885
    vertex 0.055 2.0 -0.0952627944162885
  endloop
endfacet
facet normal 0.707106781186548 0.0 -0.707106781186547
  outer loop
    vertex 0.07778174593052 3.742 -0.07778174593052
    vertex 0.055 2.0 -0.0952627944162885
    vertex 0.055 3.742 -0.0952627944162885
  endloop
endfacet
facet normal 0.5 0.0 -0.866025403784438
  outer loop
    vertex 0.055 2.0 -0.0952627944162885
    vertex 0.07778174593052 3.742 -0.07778174593052
    vertex 0.07778174593052 2.0 -0.07778174593052
  endloop
endfacet
facet normal 0.707106781186548 0.0 -0.707106781186547
  outer loop
    vertex 0.07778174593052 3.742 -0.07778174593052
    vertex 0.0952627944162885 2.0 -0.055
    vertex 0.07778174593052 2.0 -0.07778174593052
  endloop
endfacet
facet normal 0.866025403784439 0.0 -0.5
  outer loop
    vertex 0.0952627944162885 2.0 -0.055
    vertex 0.07778174593052 3.742 -0.07778174593052
    vertex 0.0952627944162885 3.742 -0.055
  endloop
endfacet
facet normal 0.866025403784439 0.0 -0.5
  outer loop
    vertex 0.0952627944162885 3.742 -0.055
    vertex 0.106251840891797 2.0 -0.0284700949612773
    vertex 0.0952627944162885 2.0 -0.055
  endloop
endfacet
facet normal 0.965925826289068 0.0 -0.258819045102521
  outer loop
    vertex 0.106251840891797 2.0 -0.0284700949612773
    vertex 0.0952627944162885 3.742 -0.055
    vertex 0.106251840891797 3.742 -0.0284700949612773
  endloop
endfacet
facet normal 0.965925826289068 0.0 -0.258819045102521
  outer loop
    vertex 0.106251840891797 3.742 -0.0284700949612773
    vertex 0.11 2.0 0
    vertex 0.106251840891797 2.0 -0.0284700949612773
  endloop
endfacet
facet normal 1.0 0.0 2.67333296869407e-017
  outer loop
    vertex 0.11 2.0 0
    vertex 0.106251840891797 3.742 -0.0284700949612773
    vertex 0.11 3.742 0
  endloop
endfacet
facet normal 1.0 0.0 2.67333296869407e-017
  outer loop
    vertex 0.11 3.742 0
    vertex 0.106251840891797 2.0 0.0284700949612774
    vertex 0.11 2.0 0
  endloop
endfacet
facet normal 0.965925826289068 0.0 0.258819045102521
  outer loop
    vertex 0.106251840891797 2.0 0.0284700949612774
    vertex 0.11 3.742 0
    vertex 0.106251840891797 3.742 0.0284700949612774
  endloop
endfacet
facet normal 0.965925826289068 0.0 0.258819045102521
  outer loop
    vertex 0.106251840891797 3.742 0.0284700949612774
    vertex 0.095262794416288 2.0 0.055
    vertex 0.106251840891797 2.0 0.0284700949612774
  endloop
endfacet
facet normal 0.866025403784438 0.0 0.500000000000001
  outer loop
    vertex 0.095262794416288 2.0 0.055
    vertex 0.106251840891797 3.742 0.0284700949612774
    vertex 0.095262794416288 3.742 0.055
  endloop
endfacet
facet normal 0.866025403784438 0.0 0.500000000000001
  outer loop
    vertex 0.095262794416288 3.742 0.055
    vertex 0.07778174593052 2.0 0.07778174593052
    vertex 0.095262794416288 2.0 0.055
  endloop
endfacet
facet normal 0.707106781186547 0.0 0.707106781186548
  outer loop
    vertex 0.07778174593052 2.0 0.07778174593052
    vertex 0.095262794416288 3.742 0.055
    vertex 0.07778174593052 3.742 0.07778174593052
  endloop
endfacet
facet normal 0.707106781186547 0.0 0.707106781186548
  outer loop
    vertex 0.07778174593052 2.0 0.07778174593052
    vertex 0.055 3.742 0.0952627944162885
    vertex 0.055 2.0 0.0952627944162885
  endloop
endfacet
facet normal 0.499999999999999 0.0 0.866025403784439
  outer loop
    vertex 0.055 3.742 0.0952627944162885
    vertex 0.07778174593052 2.0 0.07778174593052
    vertex 0.07778174593052 3.742 0.07778174593052
  endloop
endfacet
facet normal 0.499999999999999 0.0 0.866025403784439
  outer loop
    vertex 0.055 2.0 0.0952627944162885
    vertex 0.0284700949612773 3.742 0.106251840891797
    vertex 0.0284700949612773 2.0 0.106251840891797
  endloop
endfacet
facet normal 0.25881904510252 0.0 0.965925826289068
  outer loop
    vertex 0.0284700949612773 3.742 0.106251840891797
    vertex 0.055 2.0 0.0952627944162885
    vertex 0.055 3.742 0.0952627944162885
  endloop
endfacet
facet normal 0.25881904510252 0.0 0.965925826289068
  outer loop
    vertex 0.0284700949612773 2.0 0.106251840891797
    vertex -2.02066721859314e-17 3.742 0.11
    vertex -2.02066721859314e-17 2.0 0.11
  endloop
endfacet
facet normal -2.49511077078113e-016 0.0 1.0
  outer loop
    vertex -2.02066721859314e-17 3.742 0.11
    vertex 0.0284700949612773 2.0 0.106251840891797
    vertex 0.0284700949612773 3.742 0.106251840891797
  endloop
endfacet
facet normal -2.49511077078113e-016 0.0 1.0
  outer loop
    vertex -2.02066721859314e-17 2.0 0.11
    vertex -0.0284700949612774 3.742 0.106251840891797
    vertex -0.0284700949612774 2.0 0.106251840891797
  endloop
endfacet
facet normal -0.258819045102521 0.0 0.965925826289068
  outer loop
    vertex -0.0284700949612774 3.742 0.106251840891797
    vertex -2.02066721859314e-17 2.0 0.11
    vertex -2.02066721859314e-17 3.742 0.11
  endloop
endfacet
facet normal -0.258819045102521 0.0 0.965925826289068
  outer loop
    vertex -0.0284700949612774 2.0 0.106251840891797
    vertex -0.055 3.742 0.095262794416288
    vertex -0.055 2.0 0.095262794416288
  endloop
endfacet
facet normal -0.500000000000001 0.0 0.866025403784438
  outer loop
    vertex -0.055 3.742 0.095262794416288
    vertex -0.0284700949612774 2.0 0.106251840891797
    vertex -0.0284700949612774 3.742 0.106251840891797
  endloop
endfacet
facet normal -0.500000000000001 0.0 0.866025403784438
  outer loop
    vertex -0.055 2.0 0.095262794416288
    vertex -0.0777817459305205 3.742 0.07778174593052
    vertex -0.0777817459305205 2.0 0.07778174593052
  endloop
endfacet
facet normal -0.707106781186548 0.0 0.707106781186547
  outer loop
    vertex -0.0777817459305205 3.742 0.07778174593052
    vertex -0.055 2.0 0.095262794416288
    vertex -0.055 3.742 0.095262794416288
  endloop
endfacet
facet normal -0.707106781186548 0.0 0.707106781186547
  outer loop
    vertex -0.0777817459305205 3.742 0.07778174593052
    vertex -0.0952627944162885 2.0 0.055
    vertex -0.0777817459305205 2.0 0.07778174593052
  endloop
endfacet
facet normal -0.866025403784439 0.0 0.5
  outer loop
    vertex -0.0952627944162885 2.0 0.055
    vertex -0.0777817459305205 3.742 0.07778174593052
    vertex -0.0952627944162885 3.742 0.055
  endloop
endfacet
facet normal -0.866025403784439 0.0 0.5
  outer loop
    vertex -0.0952627944162885 3.742 0.055
    vertex -0.106251840891797 2.0 0.0284700949612773
    vertex -0.0952627944162885 2.0 0.055
  endloop
endfacet
facet normal -0.965925826289068 0.0 0.25881904510252
  outer loop
    vertex -0.106251840891797 2.0 0.0284700949612773
    vertex -0.0952627944162885 3.742 0.055
    vertex -0.106251840891797 3.742 0.0284700949612773
  endloop
endfacet
facet normal -0.965925826289068 0.0 0.25881904510252
  outer loop
    vertex -0.106251840891797 3.742 0.0284700949612773
    vertex -0.11 2.0 -1.34711147906209e-17
    vertex -0.106251840891797 2.0 0.0284700949612773
  endloop
endfacet
facet normal -1.0 0.0 -3.7426661561717e-016
  outer loop
    vertex -0.11 2.0 -1.34711147906209e-17
    vertex -0.106251840891797 3.742 0.0284700949612773
    vertex -0.11 3.742 -1.34711147906209e-17
  endloop
endfacet
facet normal -1.0 0.0 -3.7426661561717e-016
  outer loop
    vertex -0.11 3.742 -1.34711147906209e-17
    vertex -0.106251840891797 2.0 -0.0284700949612773
    vertex -0.11 2.0 -1.34711147906209e-17
  endloop
endfacet
facet normal -0.965925826289068 0.0 -0.258819045102521
  outer loop
    vertex -0.106251840891797 2.0 -0.0284700949612773
    vertex -0.11 3.742 -1.34711147906209e-17
    vertex -0.106251840891797 3.742 -0.0284700949612773
  endloop
endfacet
facet normal -0.965925826289068 0.0 -0.258819045102521
  outer loop
    vertex -0.106251840891797 3.742 -0.0284700949612773
    vertex -0.095262794416288 2.0 -0.055
    vertex -0.106251840891797 2.0 -0.0284700949612773
  endloop
endfacet
facet normal -0.866025403784438 0.0 -0.5
  outer loop
    vertex -0.095262794416288 2.0 -0.055
    vertex -0.106251840891797 3.742 -0.0284700949612773
    vertex -0.095262794416288 3.742 -0.055
  endloop
endfacet
facet normal -0.866025403784438 0.0 -0.5
  outer loop
    vertex -0.095262794416288 3.742 -0.055
    vertex -0.07778174593052 2.0 -0.07778174593052
    vertex -0.095262794416288 2.0 -0.055
  endloop
endfacet
facet normal -0.707106781186547 0.0 -0.707106781186548
  outer loop
    vertex -0.07778174593052 2.0 -0.07778174593052
    vertex -0.095262794416288 3.742 -0.055
    vertex -0.07778174593052 3.742 -0.07778174593052
  endloop
endfacet
facet normal -0.5 0.0 -0.866025403784439
  outer loop
    vertex -0.055 3.742 -0.0952627944162885
    vertex -0.07778174593052 2.0 -0.07778174593052
    vertex -0.07778174593052 3.742 -0.07778174593052
  endloop
endfacet
facet normal -0.707106781186547 0.0 -0.707106781186548
  outer loop
    vertex -0.07778174593052 2.0 -0.07778174593052
    vertex -0.055 3.742 -0.0952627944162885
    vertex -0.055 2.0 -0.0952627944162885
  endloop
endfacet
facet normal -0.258819045102521 0.0 -0.965925826289068
  outer loop
    vertex -0.0284700949612773 3.742 -0.106251840891797
    vertex -0.055 2.0 -0.0952627944162885
    vertex -0.055 3.742 -0.0952627944162885
  endloop
endfacet
facet normal -0.5 0.0 -0.866025403784439
  outer loop
    vertex -0.055 2.0 -0.0952627944162885
    vertex -0.0284700949612773 3.742 -0.106251840891797
    vertex -0.0284700949612773 2.0 -0.106251840891797
  endloop
endfacet
facet normal 0.0 1.0 0.0
  outer loop
    vertex -0.0284700949612773 3.742 -0.106251840891797
    vertex 0.0284700949612773 3.742 -0.106251840891797
    vertex 6.73555739531045e-18 3.742 -0.11
  endloop
endfacet
facet normal 0.0 1.0 0.0
  outer loop
    vertex 0.0284700949612773 3.742 -0.106251840891797
    vertex -0.0284700949612773 3.742 -0.106251840891797
    vertex -0.055 3.742 -0.0952627944162885
  endloop
endfacet
facet normal 0.0 1.0 0.0
  outer loop
    vertex 0.0284700949612773 3.742 -0.106251840891797
    vertex -0.055 3.742 -0.0952627944162885
    vertex 0.055 3.742 -0.0952627944162885
  endloop
endfacet
facet normal 0.0 1.0 0.0
  outer loop
    vertex 0.055 3.742 -0.0952627944162885
    vertex -0.055 3.742 -0.0952627944162885
    vertex -0.07778174593052 3.742 -0.07778174593052
  endloop
endfacet
facet normal 0.0 1.0 0.0
  outer loop
    vertex 0.055 3.742 -0.0952627944162885
    vertex -0.07778174593052 3.742 -0.07778174593052
    vertex 0.07778174593052 3.742 -0.07778174593052
  endloop
endfacet
facet normal 0.0 1.0 0.0
  outer loop
    vertex 0.07778174593052 3.742 -0.07778174593052
    vertex -0.07778174593052 3.742 -0.07778174593052
    vertex -0.095262794416288 3.742 -0.055
  endloop
endfacet
facet normal 0.0 1.0 0.0
  outer loop
    vertex 0.07778174593052 3.742 -0.07778174593052
    vertex -0.095262794416288 3.742 -0.055
    vertex -1.23077003314309e-17 3.742 -0.067
  endloop
endfacet
facet normal 0.0 1.0 0.0
  outer loop
    vertex -1.23077003314309e-17 3.742 -0.067
    vertex -0.095262794416288 3.742 -0.055
    vertex -0.0173408760218689 3.742 -0.0647170303613675
  endloop
endfacet
facet normal 0.0 1.0 0.0
  outer loop
    vertex -0.0173408760218689 3.742 -0.0647170303613675
    vertex -0.095262794416288 3.742 -0.055
    vertex -0.0335000000000001 3.742 -0.0580237020535575
  endloop
endfacet
facet normal 0.0 1.0 0.0
  outer loop
    vertex -0.0335000000000001 3.742 -0.0580237020535575
    vertex -0.095262794416288 3.742 -0.055
    vertex -0.0473761543394987 3.742 -0.0473761543394986
  endloop
endfacet
facet normal 0.0 1.0 0.0
  outer loop
    vertex -0.0473761543394987 3.742 -0.0473761543394986
    vertex -0.095262794416288 3.742 -0.055
    vertex -0.106251840891797 3.742 -0.0284700949612773
  endloop
endfacet
facet normal 0.0 1.0 0.0
  outer loop
    vertex -0.0473761543394987 3.742 -0.0473761543394986
    vertex -0.106251840891797 3.742 -0.0284700949612773
    vertex -0.0580237020535575 3.742 -0.0335
  endloop
endfacet
facet normal 0.0 1.0 0.0
  outer loop
    vertex -0.0580237020535575 3.742 -0.0335
    vertex -0.106251840891797 3.742 -0.0284700949612773
    vertex -0.0647170303613675 3.742 -0.0173408760218688
  endloop
endfacet
facet normal 0.0 1.0 0.0
  outer loop
    vertex -0.0647170303613675 3.742 -0.0173408760218688
    vertex -0.106251840891797 3.742 -0.0284700949612773
    vertex -0.11 3.742 -1.34711147906209e-17
  endloop
endfacet
facet normal 0.0 1.0 0.0
  outer loop
    vertex -0.0647170303613675 3.742 -0.0173408760218688
    vertex -0.11 3.742 -1.34711147906209e-17
    vertex -0.067 3.742 8.20513355428725e-18
  endloop
endfacet
facet normal 0.0 1.0 0.0
  outer loop
    vertex -0.067 3.742 8.20513355428725e-18
    vertex -0.11 3.742 -1.34711147906209e-17
    vertex -0.106251840891797 3.742 0.0284700949612773
  endloop
endfacet
facet normal 0.0 1.0 0.0
  outer loop
    vertex -0.067 3.742 8.20513355428725e-18
    vertex -0.106251840891797 3.742 0.0284700949612773
    vertex -0.0647170303613675 3.742 0.0173408760218689
  endloop
endfacet
facet normal 0.0 1.0 0.0
  outer loop
    vertex -0.0647170303613675 3.742 0.0173408760218689
    vertex -0.106251840891797 3.742 0.0284700949612773
    vertex -0.0580237020535575 3.742 0.0335
  endloop
endfacet
facet normal 0.0 1.0 0.0
  outer loop
    vertex -0.0580237020535575 3.742 0.0335
    vertex -0.106251840891797 3.742 0.0284700949612773
    vertex -0.0952627944162885 3.742 0.055
  endloop
endfacet
facet normal 0.0 1.0 0.0
  outer loop
    vertex -0.0580237020535575 3.742 0.0335
    vertex -0.0952627944162885 3.742 0.055
    vertex -0.0473761543394987 3.742 0.0473761543394987
  endloop
endfacet
facet normal 0.0 1.0 0.0
  outer loop
    vertex -0.0473761543394987 3.742 0.0473761543394987
    vertex -0.0952627944162885 3.742 0.055
    vertex -0.0335 3.742 0.0580237020535575
  endloop
endfacet
facet normal 0.0 1.0 0.0
  outer loop
    vertex -0.0335 3.742 0.0580237020535575
    vertex -0.0952627944162885 3.742 0.055
    vertex -0.0777817459305205 3.742 0.07778174593052
  endloop
endfacet
facet normal 0.0 1.0 0.0
  outer loop
    vertex -0.0335 3.742 0.0580237020535575
    vertex -0.0777817459305205 3.742 0.07778174593052
    vertex -0.0173408760218689 3.742 0.0647170303613675
  endloop
endfacet
facet normal 0.0 1.0 0.0
  outer loop
    vertex -0.0173408760218689 3.742 0.0647170303613675
    vertex -0.0777817459305205 3.742 0.07778174593052
    vertex 4.10256677714363e-18 3.742 0.067
  endloop
endfacet
facet normal 0.0 1.0 0.0
  outer loop
    vertex -1.23077003314309e-17 3.742 -0.067
    vertex 0.0952627944162885 3.742 -0.055
    vertex 0.07778174593052 3.742 -0.07778174593052
  endloop
endfacet
facet normal 0.0 1.0 0.0
  outer loop
    vertex 0.0952627944162885 3.742 -0.055
    vertex -1.23077003314309e-17 3.742 -0.067
    vertex 0.0173408760218688 3.742 -0.0647170303613675
  endloop
endfacet
facet normal 0.0 1.0 0.0
  outer loop
    vertex 0.0952627944162885 3.742 -0.055
    vertex 0.0173408760218688 3.742 -0.0647170303613675
    vertex 0.0335 3.742 -0.0580237020535575
  endloop
endfacet
facet normal 0.0 1.0 0.0
  outer loop
    vertex 0.0952627944162885 3.742 -0.055
    vertex 0.0335 3.742 -0.0580237020535575
    vertex 0.0473761543394987 3.742 -0.0473761543394987
  endloop
endfacet
facet normal 0.0 1.0 0.0
  outer loop
    vertex 0.0952627944162885 3.742 -0.055
    vertex 0.0473761543394987 3.742 -0.0473761543394987
    vertex 0.106251840891797 3.742 -0.0284700949612773
  endloop
endfacet
facet normal 0.0 1.0 0.0
  outer loop
    vertex 0.106251840891797 3.742 -0.0284700949612773
    vertex 0.0473761543394987 3.742 -0.0473761543394987
    vertex 0.0580237020535575 3.742 -0.0335000000000001
  endloop
endfacet
facet normal 0.0 1.0 0.0
  outer loop
    vertex 0.106251840891797 3.742 -0.0284700949612773
    vertex 0.0580237020535575 3.742 -0.0335000000000001
    vertex 0.0647170303613675 3.742 -0.0173408760218689
  endloop
endfacet
facet normal 0.0 1.0 0.0
  outer loop
    vertex 0.106251840891797 3.742 -0.0284700949612773
    vertex 0.0647170303613675 3.742 -0.0173408760218689
    vertex 0.11 3.742 0
  endloop
endfacet
facet normal 0.0 1.0 0.0
  outer loop
    vertex 0.11 3.742 0
    vertex 0.0647170303613675 3.742 -0.0173408760218689
    vertex 0.067 3.742 0
  endloop
endfacet
facet normal 0.0 1.0 0.0
  outer loop
    vertex 0.11 3.742 0
    vertex 0.067 3.742 0
    vertex 0.0647170303613675 3.742 0.0173408760218689
  endloop
endfacet
facet normal 0.0 1.0 0.0
  outer loop
    vertex 0.11 3.742 0
    vertex 0.0647170303613675 3.742 0.0173408760218689
    vertex 0.106251840891797 3.742 0.0284700949612774
  endloop
endfacet
facet normal 0.0 1.0 0.0
  outer loop
    vertex 0.106251840891797 3.742 0.0284700949612774
    vertex 0.0647170303613675 3.742 0.0173408760218689
    vertex 0.0580237020535575 3.742 0.0335
  endloop
endfacet
facet normal 0.0 1.0 0.0
  outer loop
    vertex 0.106251840891797 3.742 0.0284700949612774
    vertex 0.0580237020535575 3.742 0.0335
    vertex 0.095262794416288 3.742 0.055
  endloop
endfacet
facet normal 0.0 1.0 0.0
  outer loop
    vertex 0.095262794416288 3.742 0.055
    vertex 0.0580237020535575 3.742 0.0335
    vertex 0.0473761543394987 3.742 0.0473761543394987
  endloop
endfacet
facet normal 0.0 1.0 0.0
  outer loop
    vertex 0.095262794416288 3.742 0.055
    vertex 0.0473761543394987 3.742 0.0473761543394987
    vertex 0.0335 3.742 0.0580237020535575
  endloop
endfacet
facet normal 0.0 1.0 0.0
  outer loop
    vertex 0.095262794416288 3.742 0.055
    vertex 0.0335 3.742 0.0580237020535575
    vertex 0.07778174593052 3.742 0.07778174593052
  endloop
endfacet
facet normal 0.0 1.0 0.0
  outer loop
    vertex 0.07778174593052 3.742 0.07778174593052
    vertex 0.0335 3.742 0.0580237020535575
    vertex 0.0173408760218689 3.742 0.0647170303613675
  endloop
endfacet
facet normal 0.0 1.0 0.0
  outer loop
    vertex 0.07778174593052 3.742 0.07778174593052
    vertex 0.0173408760218689 3.742 0.0647170303613675
    vertex 4.10256677714363e-18 3.742 0.067
  endloop
endfacet
facet normal 0.0 1.0 0.0
  outer loop
    vertex 0.07778174593052 3.742 0.07778174593052
    vertex 4.10256677714363e-18 3.742 0.067
    vertex -0.0777817459305205 3.742 0.07778174593052
  endloop
endfacet
facet normal 0.0 1.0 0.0
  outer loop
    vertex 0.07778174593052 3.742 0.07778174593052
    vertex -0.0777817459305205 3.742 0.07778174593052
    vertex -0.055 3.742 0.095262794416288
  endloop
endfacet
facet normal 0.0 1.0 0.0
  outer loop
    vertex 0.07778174593052 3.742 0.07778174593052
    vertex -0.055 3.742 0.095262794416288
    vertex 0.055 3.742 0.0952627944162885
  endloop
endfacet
facet normal 0.0 1.0 0.0
  outer loop
    vertex 0.055 3.742 0.0952627944162885
    vertex -0.055 3.742 0.095262794416288
    vertex -0.0284700949612774 3.742 0.106251840891797
  endloop
endfacet
facet normal 0.0 1.0 0.0
  outer loop
    vertex 0.055 3.742 0.0952627944162885
    vertex -0.0284700949612774 3.742 0.106251840891797
    vertex 0.0284700949612773 3.742 0.106251840891797
  endloop
endfacet
facet normal 0.0 1.0 0.0
  outer loop
    vertex 0.0284700949612773 3.742 0.106251840891797
    vertex -0.0284700949612774 3.742 0.106251840891797
    vertex -2.02066721859314e-17 3.742 0.11
  endloop
endfacet
facet normal 0.965925826289068 0.0 -0.258819045102521
  outer loop
    vertex -0.0647170303613675 3.742 0.0173408760218689
    vertex -0.0580237020535575 2.05 0.0335
    vertex -0.0647170303613675 2.05 0.0173408760218689
  endloop
endfacet
facet normal 0.866025403784439 0.0 -0.5
  outer loop
    vertex -0.0580237020535575 2.05 0.0335
    vertex -0.0647170303613675 3.742 0.0173408760218689
    vertex -0.0580237020535575 3.742 0.0335
  endloop
endfacet
facet normal 1.0 0.0 -2.76244406765054e-016
  outer loop
    vertex -0.067 3.742 8.20513355428725e-18
    vertex -0.0647170303613675 2.05 0.0173408760218689
    vertex -0.067 2.05 8.20513355428725e-18
  endloop
endfacet
facet normal 0.965925826289068 0.0 -0.258819045102521
  outer loop
    vertex -0.0647170303613675 2.05 0.0173408760218689
    vertex -0.067 3.742 8.20513355428725e-18
    vertex -0.0647170303613675 3.742 0.0173408760218689
  endloop
endfacet
facet normal 0.965925826289068 0.0 0.25881904510252
  outer loop
    vertex -0.0647170303613675 3.742 -0.0173408760218688
    vertex -0.067 2.05 8.20513355428725e-18
    vertex -0.0647170303613675 2.05 -0.0173408760218688
  endloop
endfacet
facet normal 1.0 0.0 -2.76244406765054e-016
  outer loop
    vertex -0.067 2.05 8.20513355428725e-18
    vertex -0.0647170303613675 3.742 -0.0173408760218688
    vertex -0.067 3.742 8.20513355428725e-18
  endloop
endfacet
facet normal 0.866025403784439 0.0 0.5
  outer loop
    vertex -0.0580237020535575 3.742 -0.0335
    vertex -0.0647170303613675 2.05 -0.0173408760218688
    vertex -0.0580237020535575 2.05 -0.0335
  endloop
endfacet
facet normal 0.965925826289068 0.0 0.25881904510252
  outer loop
    vertex -0.0647170303613675 2.05 -0.0173408760218688
    vertex -0.0580237020535575 3.742 -0.0335
    vertex -0.0647170303613675 3.742 -0.0173408760218688
  endloop
endfacet
facet normal 0.707106781186548 0.0 0.707106781186547
  outer loop
    vertex -0.0473761543394987 3.742 -0.0473761543394986
    vertex -0.0580237020535575 2.05 -0.0335
    vertex -0.0473761543394987 2.05 -0.0473761543394986
  endloop
endfacet
facet normal 0.866025403784439 0.0 0.5
  outer loop
    vertex -0.0580237020535575 2.05 -0.0335
    vertex -0.0473761543394987 3.742 -0.0473761543394986
    vertex -0.0580237020535575 3.742 -0.0335
  endloop
endfacet
facet normal 0.500000000000001 0.0 0.866025403784438
  outer loop
    vertex -0.0335000000000001 2.05 -0.0580237020535575
    vertex -0.0473761543394987 3.742 -0.0473761543394986
    vertex -0.0473761543394987 2.05 -0.0473761543394986
  endloop
endfacet
facet normal 0.707106781186548 0.0 0.707106781186547
  outer loop
    vertex -0.0473761543394987 3.742 -0.0473761543394986
    vertex -0.0335000000000001 2.05 -0.0580237020535575
    vertex -0.0335000000000001 3.742 -0.0580237020535575
  endloop
endfacet
facet normal 0.258819045102521 0.0 0.965925826289068
  outer loop
    vertex -0.0173408760218689 2.05 -0.0647170303613675
    vertex -0.0335000000000001 3.742 -0.0580237020535575
    vertex -0.0335000000000001 2.05 -0.0580237020535575
  endloop
endfacet
facet normal 0.500000000000001 0.0 0.866025403784438
  outer loop
    vertex -0.0335000000000001 3.742 -0.0580237020535575
    vertex -0.0173408760218689 2.05 -0.0647170303613675
    vertex -0.0173408760218689 3.742 -0.0647170303613675
  endloop
endfacet
facet normal 1.96044417704232e-016 0.0 1.0
  outer loop
    vertex -1.23077003314309e-17 2.05 -0.067
    vertex -0.0173408760218689 3.742 -0.0647170303613675
    vertex -0.0173408760218689 2.05 -0.0647170303613675
  endloop
endfacet
facet normal 0.258819045102521 0.0 0.965925826289068
  outer loop
    vertex -0.0173408760218689 3.742 -0.0647170303613675
    vertex -1.23077003314309e-17 2.05 -0.067
    vertex -1.23077003314309e-17 3.742 -0.067
  endloop
endfacet
facet normal -0.25881904510252 0.0 0.965925826289068
  outer loop
    vertex 0.0173408760218688 2.05 -0.0647170303613675
    vertex -1.23077003314309e-17 3.742 -0.067
    vertex -1.23077003314309e-17 2.05 -0.067
  endloop
endfacet
facet normal 1.96044417704232e-016 0.0 1.0
  outer loop
    vertex -1.23077003314309e-17 3.742 -0.067
    vertex 0.0173408760218688 2.05 -0.0647170303613675
    vertex 0.0173408760218688 3.742 -0.0647170303613675
  endloop
endfacet
facet normal -0.5 0.0 0.866025403784439
  outer loop
    vertex 0.0335 2.05 -0.0580237020535575
    vertex 0.0173408760218688 3.742 -0.0647170303613675
    vertex 0.0173408760218688 2.05 -0.0647170303613675
  endloop
endfacet
facet normal -0.25881904510252 0.0 0.965925826289068
  outer loop
    vertex 0.0173408760218688 3.742 -0.0647170303613675
    vertex 0.0335 2.05 -0.0580237020535575
    vertex 0.0335 3.742 -0.0580237020535575
  endloop
endfacet
facet normal -0.707106781186547 0.0 0.707106781186548
  outer loop
    vertex 0.0473761543394987 2.05 -0.0473761543394987
    vertex 0.0335 3.742 -0.0580237020535575
    vertex 0.0335 2.05 -0.0580237020535575
  endloop
endfacet
facet normal -0.5 0.0 0.866025403784439
  outer loop
    vertex 0.0335 3.742 -0.0580237020535575
    vertex 0.0473761543394987 2.05 -0.0473761543394987
    vertex 0.0473761543394987 3.742 -0.0473761543394987
  endloop
endfacet
facet normal -0.866025403784438 0.0 0.500000000000001
  outer loop
    vertex 0.0580237020535575 3.742 -0.0335000000000001
    vertex 0.0473761543394987 2.05 -0.0473761543394987
    vertex 0.0580237020535575 2.05 -0.0335000000000001
  endloop
endfacet
facet normal -0.707106781186547 0.0 0.707106781186548
  outer loop
    vertex 0.0473761543394987 2.05 -0.0473761543394987
    vertex 0.0580237020535575 3.742 -0.0335000000000001
    vertex 0.0473761543394987 3.742 -0.0473761543394987
  endloop
endfacet
facet normal -0.965925826289068 0.0 0.258819045102521
  outer loop
    vertex 0.0647170303613675 3.742 -0.0173408760218689
    vertex 0.0580237020535575 2.05 -0.0335000000000001
    vertex 0.0647170303613675 2.05 -0.0173408760218689
  endloop
endfacet
facet normal -0.866025403784438 0.0 0.500000000000001
  outer loop
    vertex 0.0580237020535575 2.05 -0.0335000000000001
    vertex 0.0647170303613675 3.742 -0.0173408760218689
    vertex 0.0580237020535575 3.742 -0.0335000000000001
  endloop
endfacet
facet normal -1.0 0.0 1.96044417704232e-016
  outer loop
    vertex 0.067 3.742 0
    vertex 0.0647170303613675 2.05 -0.0173408760218689
    vertex 0.067 2.05 0
  endloop
endfacet
facet normal -0.965925826289068 0.0 0.258819045102521
  outer loop
    vertex 0.0647170303613675 2.05 -0.0173408760218689
    vertex 0.067 3.742 0
    vertex 0.0647170303613675 3.742 -0.0173408760218689
  endloop
endfacet
facet normal -0.965925826289068 0.0 -0.258819045102521
  outer loop
    vertex 0.0647170303613675 3.742 0.0173408760218689
    vertex 0.067 2.05 0
    vertex 0.0647170303613675 2.05 0.0173408760218689
  endloop
endfacet
facet normal -1.0 0.0 1.96044417704232e-016
  outer loop
    vertex 0.067 2.05 0
    vertex 0.0647170303613675 3.742 0.0173408760218689
    vertex 0.067 3.742 0
  endloop
endfacet
facet normal -0.866025403784439 0.0 -0.5
  outer loop
    vertex 0.0580237020535575 3.742 0.0335
    vertex 0.0647170303613675 2.05 0.0173408760218689
    vertex 0.0580237020535575 2.05 0.0335
  endloop
endfacet
facet normal -0.965925826289068 0.0 -0.258819045102521
  outer loop
    vertex 0.0647170303613675 2.05 0.0173408760218689
    vertex 0.0580237020535575 3.742 0.0335
    vertex 0.0647170303613675 3.742 0.0173408760218689
  endloop
endfacet
facet normal -0.707106781186548 0.0 -0.707106781186547
  outer loop
    vertex 0.0473761543394987 3.742 0.0473761543394987
    vertex 0.0580237020535575 2.05 0.0335
    vertex 0.0473761543394987 2.05 0.0473761543394987
  endloop
endfacet
facet normal -0.866025403784439 0.0 -0.5
  outer loop
    vertex 0.0580237020535575 2.05 0.0335
    vertex 0.0473761543394987 3.742 0.0473761543394987
    vertex 0.0580237020535575 3.742 0.0335
  endloop
endfacet
facet normal -0.707106781186548 0.0 -0.707106781186547
  outer loop
    vertex 0.0473761543394987 3.742 0.0473761543394987
    vertex 0.0335 2.05 0.0580237020535575
    vertex 0.0335 3.742 0.0580237020535575
  endloop
endfacet
facet normal -0.5 0.0 -0.866025403784439
  outer loop
    vertex 0.0335 2.05 0.0580237020535575
    vertex 0.0473761543394987 3.742 0.0473761543394987
    vertex 0.0473761543394987 2.05 0.0473761543394987
  endloop
endfacet
facet normal -0.5 0.0 -0.866025403784439
  outer loop
    vertex 0.0335 3.742 0.0580237020535575
    vertex 0.0173408760218689 2.05 0.0647170303613675
    vertex 0.0173408760218689 3.742 0.0647170303613675
  endloop
endfacet
facet normal -0.258819045102521 0.0 -0.965925826289068
  outer loop
    vertex 0.0173408760218689 2.05 0.0647170303613675
    vertex 0.0335 3.742 0.0580237020535575
    vertex 0.0335 2.05 0.0580237020535575
  endloop
endfacet
facet normal -0.258819045102521 0.0 -0.965925826289068
  outer loop
    vertex 0.0173408760218689 3.742 0.0647170303613675
    vertex 4.10256677714363e-18 2.05 0.067
    vertex 4.10256677714363e-18 3.742 0.067
  endloop
endfacet
facet normal -3.29711066138935e-016 0.0 -1.0
  outer loop
    vertex 4.10256677714363e-18 2.05 0.067
    vertex 0.0173408760218689 3.742 0.0647170303613675
    vertex 0.0173408760218689 2.05 0.0647170303613675
  endloop
endfacet
facet normal -3.29711066138935e-016 0.0 -1.0
  outer loop
    vertex 4.10256677714363e-18 3.742 0.067
    vertex -0.0173408760218689 2.05 0.0647170303613675
    vertex -0.0173408760218689 3.742 0.0647170303613675
  endloop
endfacet
facet normal 0.258819045102521 0.0 -0.965925826289068
  outer loop
    vertex -0.0173408760218689 2.05 0.0647170303613675
    vertex 4.10256677714363e-18 3.742 0.067
    vertex 4.10256677714363e-18 2.05 0.067
  endloop
endfacet
facet normal 0.258819045102521 0.0 -0.965925826289068
  outer loop
    vertex -0.0173408760218689 3.742 0.0647170303613675
    vertex -0.0335 2.05 0.0580237020535575
    vertex -0.0335 3.742 0.0580237020535575
  endloop
endfacet
facet normal 0.5 0.0 -0.866025403784439
  outer loop
    vertex -0.0335 2.05 0.0580237020535575
    vertex -0.0173408760218689 3.742 0.0647170303613675
    vertex -0.0173408760218689 2.05 0.0647170303613675
  endloop
endfacet
facet normal 0.5 0.0 -0.866025403784439
  outer loop
    vertex -0.0335 3.742 0.0580237020535575
    vertex -0.0473761543394987 2.05 0.0473761543394987
    vertex -0.0473761543394987 3.742 0.0473761543394987
  endloop
endfacet
facet normal 0.707106781186547 0.0 -0.707106781186548
  outer loop
    vertex -0.0473761543394987 2.05 0.0473761543394987
    vertex -0.0335 3.742 0.0580237020535575
    vertex -0.0335 2.05 0.0580237020535575
  endloop
endfacet
facet normal 0.866025403784439 0.0 -0.5
  outer loop
    vertex -0.0580237020535575 3.742 0.0335
    vertex -0.0473761543394987 2.05 0.0473761543394987
    vertex -0.0580237020535575 2.05 0.0335
  endloop
endfacet
facet normal 0.707106781186547 0.0 -0.707106781186548
  outer loop
    vertex -0.0473761543394987 2.05 0.0473761543394987
    vertex -0.0580237020535575 3.742 0.0335
    vertex -0.0473761543394987 3.742 0.0473761543394987
  endloop
endfacet
facet normal 0.0 1.0 0.0
  outer loop
    vertex -0.260922402257836 -1.05 -0.260922402257836
    vertex -0.0608224755990925 -1.05 -0.226992569177931
    vertex -4.31687996699442e-17 -1.05 -0.235
  endloop
endfacet
facet normal 0.0 1.0 0.0
  outer loop
    vertex -0.0608224755990925 -1.05 -0.226992569177931
    vertex -0.260922402257836 -1.05 -0.260922402257836
    vertex -0.319563373996458 -1.05 -0.1845
  endloop
endfacet
facet normal 0.0 1.0 0.0
  outer loop
    vertex -0.0608224755990925 -1.05 -0.226992569177931
    vertex -0.319563373996458 -1.05 -0.1845
    vertex -0.1175 -1.05 -0.203515969889343
  endloop
endfacet
facet normal 0.0 1.0 0.0
  outer loop
    vertex -0.1175 -1.05 -0.203515969889343
    vertex -0.319563373996458 -1.05 -0.1845
    vertex -0.166170093578838 -1.05 -0.166170093578838
  endloop
endfacet
facet normal 0.0 1.0 0.0
  outer loop
    vertex -0.166170093578838 -1.05 -0.166170093578838
    vertex -0.319563373996458 -1.05 -0.1845
    vertex -0.356426629900666 -1.05 -0.09550422764283
  endloop
endfacet
facet normal 0.0 1.0 0.0
  outer loop
    vertex -0.166170093578838 -1.05 -0.166170093578838
    vertex -0.356426629900666 -1.05 -0.09550422764283
    vertex -0.203515969889343 -1.05 -0.1175
  endloop
endfacet
facet normal 0.0 1.0 0.0
  outer loop
    vertex -0.203515969889343 -1.05 -0.1175
    vertex -0.356426629900666 -1.05 -0.09550422764283
    vertex -0.226992569177931 -1.05 -0.0608224755990925
  endloop
endfacet
facet normal 0.0 1.0 0.0
  outer loop
    vertex -0.226992569177931 -1.05 -0.0608224755990925
    vertex -0.356426629900666 -1.05 -0.09550422764283
    vertex -0.369 -1.05 4.51894668885374e-17
  endloop
endfacet
facet normal 0.0 1.0 0.0
  outer loop
    vertex -0.226992569177931 -1.05 -0.0608224755990925
    vertex -0.369 -1.05 4.51894668885374e-17
    vertex -0.235 -1.05 2.87791997799628e-17
  endloop
endfacet
facet normal 0.0 1.0 0.0
  outer loop
    vertex -0.235 -1.05 2.87791997799628e-17
    vertex -0.369 -1.05 4.51894668885374e-17
    vertex -0.226992569177931 -1.05 0.0608224755990925
  endloop
endfacet
facet normal 0.0 1.0 0.0
  outer loop
    vertex -0.226992569177931 -1.05 0.0608224755990925
    vertex -0.369 -1.05 4.51894668885374e-17
    vertex -0.356426629900666 -1.05 0.0955042276428305
  endloop
endfacet
facet normal 0.0 1.0 0.0
  outer loop
    vertex -0.226992569177931 -1.05 0.0608224755990925
    vertex -0.356426629900666 -1.05 0.0955042276428305
    vertex -0.203515969889343 -1.05 0.1175
  endloop
endfacet
facet normal 0.0 1.0 0.0
  outer loop
    vertex -0.203515969889343 -1.05 0.1175
    vertex -0.356426629900666 -1.05 0.0955042276428305
    vertex -0.319563373996458 -1.05 0.1845
  endloop
endfacet
facet normal 0.0 1.0 0.0
  outer loop
    vertex -0.203515969889343 -1.05 0.1175
    vertex -0.319563373996458 -1.05 0.1845
    vertex -0.166170093578838 -1.05 0.166170093578838
  endloop
endfacet
facet normal 0.0 1.0 0.0
  outer loop
    vertex -0.166170093578838 -1.05 0.166170093578838
    vertex -0.319563373996458 -1.05 0.1845
    vertex -0.1175 -1.05 0.203515969889343
  endloop
endfacet
facet normal 0.0 1.0 0.0
  outer loop
    vertex -0.1175 -1.05 0.203515969889343
    vertex -0.319563373996458 -1.05 0.1845
    vertex -0.260922402257836 -1.05 0.260922402257836
  endloop
endfacet
facet normal 0.0 1.0 0.0
  outer loop
    vertex -0.1175 -1.05 0.203515969889343
    vertex -0.260922402257836 -1.05 0.260922402257836
    vertex -0.0608224755990925 -1.05 0.226992569177931
  endloop
endfacet
facet normal 0.0 1.0 0.0
  outer loop
    vertex -0.0608224755990925 -1.05 0.226992569177931
    vertex -0.260922402257836 -1.05 0.260922402257836
    vertex 1.43895998899814e-17 -1.05 0.235
  endloop
endfacet
facet normal 0.0 1.0 0.0
  outer loop
    vertex -0.0955042276428305 -1.05 -0.356426629900666
    vertex 0.09550422764283 -1.05 -0.356426629900666
    vertex -6.7784200332806e-17 -1.05 -0.369
  endloop
endfacet
facet normal 0.0 1.0 0.0
  outer loop
    vertex 0.09550422764283 -1.05 -0.356426629900666
    vertex -0.0955042276428305 -1.05 -0.356426629900666
    vertex 0.1845 -1.05 -0.319563373996458
  endloop
endfacet
facet normal 0.0 1.0 0.0
  outer loop
    vertex 0.1845 -1.05 -0.319563373996458
    vertex -0.0955042276428305 -1.05 -0.356426629900666
    vertex -0.1845 -1.05 -0.319563373996458
  endloop
endfacet
facet normal 0.0 1.0 0.0
  outer loop
    vertex 0.1845 -1.05 -0.319563373996458
    vertex -0.1845 -1.05 -0.319563373996458
    vertex 0.260922402257836 -1.05 -0.260922402257836
  endloop
endfacet
facet normal 0.0 1.0 0.0
  outer loop
    vertex 0.260922402257836 -1.05 -0.260922402257836
    vertex -0.1845 -1.05 -0.319563373996458
    vertex -0.260922402257836 -1.05 -0.260922402257836
  endloop
endfacet
facet normal 0.0 1.0 0.0
  outer loop
    vertex 0.260922402257836 -1.05 -0.260922402257836
    vertex -0.260922402257836 -1.05 -0.260922402257836
    vertex -4.31687996699442e-17 -1.05 -0.235
  endloop
endfacet
facet normal 0.0 1.0 0.0
  outer loop
    vertex 0.260922402257836 -1.05 -0.260922402257836
    vertex -4.31687996699442e-17 -1.05 -0.235
    vertex 0.0608224755990925 -1.05 -0.226992569177931
  endloop
endfacet
facet normal 0.0 1.0 0.0
  outer loop
    vertex 0.260922402257836 -1.05 -0.260922402257836
    vertex 0.0608224755990925 -1.05 -0.226992569177931
    vertex 0.319563373996458 -1.05 -0.1845
  endloop
endfacet
facet normal 0.0 1.0 0.0
  outer loop
    vertex 0.319563373996458 -1.05 -0.1845
    vertex 0.0608224755990925 -1.05 -0.226992569177931
    vertex 0.1175 -1.05 -0.203515969889343
  endloop
endfacet
facet normal 0.0 1.0 0.0
  outer loop
    vertex 0.319563373996458 -1.05 -0.1845
    vertex 0.1175 -1.05 -0.203515969889343
    vertex 0.166170093578838 -1.05 -0.166170093578838
  endloop
endfacet
facet normal 0.0 1.0 0.0
  outer loop
    vertex 0.319563373996458 -1.05 -0.1845
    vertex 0.166170093578838 -1.05 -0.166170093578838
    vertex 0.356426629900666 -1.05 -0.0955042276428305
  endloop
endfacet
facet normal 0.0 1.0 0.0
  outer loop
    vertex 0.356426629900666 -1.05 -0.0955042276428305
    vertex 0.166170093578838 -1.05 -0.166170093578838
    vertex 0.203515969889343 -1.05 -0.1175
  endloop
endfacet
facet normal 0.0 1.0 0.0
  outer loop
    vertex 0.356426629900666 -1.05 -0.0955042276428305
    vertex 0.203515969889343 -1.05 -0.1175
    vertex 0.226992569177931 -1.05 -0.0608224755990925
  endloop
endfacet
facet normal 0.0 1.0 0.0
  outer loop
    vertex 0.356426629900666 -1.05 -0.0955042276428305
    vertex 0.226992569177931 -1.05 -0.0608224755990925
    vertex 0.369 -1.05 0
  endloop
endfacet
facet normal 0.0 1.0 0.0
  outer loop
    vertex 0.369 -1.05 0
    vertex 0.226992569177931 -1.05 -0.0608224755990925
    vertex 0.235 -1.05 0
  endloop
endfacet
facet normal 0.0 1.0 0.0
  outer loop
    vertex 0.369 -1.05 0
    vertex 0.235 -1.05 0
    vertex 0.226992569177931 -1.05 0.0608224755990925
  endloop
endfacet
facet normal 0.0 1.0 0.0
  outer loop
    vertex 0.369 -1.05 0
    vertex 0.226992569177931 -1.05 0.0608224755990925
    vertex 0.356426629900666 -1.05 0.09550422764283
  endloop
endfacet
facet normal 0.0 1.0 0.0
  outer loop
    vertex 0.356426629900666 -1.05 0.09550422764283
    vertex 0.226992569177931 -1.05 0.0608224755990925
    vertex 0.203515969889343 -1.05 0.1175
  endloop
endfacet
facet normal 0.0 1.0 0.0
  outer loop
    vertex 0.356426629900666 -1.05 0.09550422764283
    vertex 0.203515969889343 -1.05 0.1175
    vertex 0.319563373996458 -1.05 0.1845
  endloop
endfacet
facet normal 0.0 1.0 0.0
  outer loop
    vertex 0.319563373996458 -1.05 0.1845
    vertex 0.203515969889343 -1.05 0.1175
    vertex 0.166170093578838 -1.05 0.166170093578838
  endloop
endfacet
facet normal 0.0 1.0 0.0
  outer loop
    vertex 0.319563373996458 -1.05 0.1845
    vertex 0.166170093578838 -1.05 0.166170093578838
    vertex 0.1175 -1.05 0.203515969889343
  endloop
endfacet
facet normal 0.0 1.0 0.0
  outer loop
    vertex 0.319563373996458 -1.05 0.1845
    vertex 0.1175 -1.05 0.203515969889343
    vertex 0.260922402257836 -1.05 0.260922402257836
  endloop
endfacet
facet normal 0.0 1.0 0.0
  outer loop
    vertex 0.260922402257836 -1.05 0.260922402257836
    vertex 0.1175 -1.05 0.203515969889343
    vertex 0.0608224755990925 -1.05 0.226992569177931
  endloop
endfacet
facet normal 0.0 1.0 0.0
  outer loop
    vertex 0.260922402257836 -1.05 0.260922402257836
    vertex 0.0608224755990925 -1.05 0.226992569177931
    vertex 1.43895998899814e-17 -1.05 0.235
  endloop
endfacet
facet normal 0.0 1.0 0.0
  outer loop
    vertex 0.260922402257836 -1.05 0.260922402257836
    vertex 1.43895998899814e-17 -1.05 0.235
    vertex -0.260922402257836 -1.05 0.260922402257836
  endloop
endfacet
facet normal 0.0 1.0 0.0
  outer loop
    vertex 0.260922402257836 -1.05 0.260922402257836
    vertex -0.260922402257836 -1.05 0.260922402257836
    vertex -0.1845 -1.05 0.319563373996458
  endloop
endfacet
facet normal 0.0 1.0 0.0
  outer loop
    vertex 0.260922402257836 -1.05 0.260922402257836
    vertex -0.1845 -1.05 0.319563373996458
    vertex 0.1845 -1.05 0.319563373996458
  endloop
endfacet
facet normal 0.0 1.0 0.0
  outer loop
    vertex 0.1845 -1.05 0.319563373996458
    vertex -0.1845 -1.05 0.319563373996458
    vertex 0.09550422764283 -1.05 0.356426629900666
  endloop
endfacet
facet normal 0.0 1.0 0.0
  outer loop
    vertex 0.09550422764283 -1.05 0.356426629900666
    vertex -0.1845 -1.05 0.319563373996458
    vertex -0.09550422764283 -1.05 0.356426629900666
  endloop
endfacet
facet normal 0.0 1.0 0.0
  outer loop
    vertex 0.09550422764283 -1.05 0.356426629900666
    vertex -0.09550422764283 -1.05 0.356426629900666
    vertex 2.25947334442687e-17 -1.05 0.369
  endloop
endfacet
facet normal 0.866025403784439 1.92920534152536e-017 -0.5
  outer loop
    vertex -0.319563373996458 1.75 0.1845
    vertex -0.260922402257836 0.0 0.260922402257836
    vertex -0.319563373996458 0.0 0.1845
  endloop
endfacet
facet normal 0.707106781186548 -2.79947325324414e-017 -0.707106781186547
  outer loop
    vertex -0.260922402257836 0.0 0.260922402257836
    vertex -0.319563373996458 1.75 0.1845
    vertex -0.260922402257836 1.75 0.260922402257836
  endloop
endfacet
facet normal 0.5 6.02030240904021e-017 -0.866025403784439
  outer loop
    vertex -0.1845 0.0 0.319563373996458
    vertex -0.260922402257836 -1.05 0.260922402257836
    vertex -0.260922402257836 0.0 0.260922402257836
  endloop
endfacet
facet normal 0.707106781186548 4.65232542380546e-017 -0.707106781186547
  outer loop
    vertex -0.260922402257836 -1.05 0.260922402257836
    vertex -0.1845 0.0 0.319563373996458
    vertex -0.1845 -1.05 0.319563373996458
  endloop
endfacet
facet normal 0.258819045102521 5.41245139212972e-017 -0.965925826289068
  outer loop
    vertex -0.09550422764283 0.0 0.356426629900666
    vertex -0.1845 -1.05 0.319563373996458
    vertex -0.1845 0.0 0.319563373996458
  endloop
endfacet
facet normal 0.5 6.02030240904021e-017 -0.866025403784439
  outer loop
    vertex -0.1845 -1.05 0.319563373996458
    vertex -0.09550422764283 0.0 0.356426629900666
    vertex -0.09550422764283 -1.05 0.356426629900666
  endloop
endfacet
facet normal -2.40599967182466e-016 5.39533065892409e-017 -1.0
  outer loop
    vertex 2.93934565852105e-17 0.0 0.369
    vertex -0.09550422764283 -1.05 0.356426629900666
    vertex -0.09550422764283 0.0 0.356426629900666
  endloop
endfacet
facet normal 0.258819045102521 5.41245139212972e-017 -0.965925826289068
  outer loop
    vertex -0.09550422764283 -1.05 0.356426629900666
    vertex 2.93934565852105e-17 0.0 0.369
    vertex 2.25947334442687e-17 -1.05 0.369
  endloop
endfacet
facet normal -2.40599967182466e-016 5.39533065892409e-017 -1.0
  outer loop
    vertex 2.93934565852105e-17 0.0 0.369
    vertex 0.09550422764283 -1.05 0.356426629900666
    vertex 2.25947334442687e-17 -1.05 0.369
  endloop
endfacet
facet normal -0.258819045102521 2.71838013020906e-017 -0.965925826289068
  outer loop
    vertex 0.09550422764283 -1.05 0.356426629900666
    vertex 2.93934565852105e-17 0.0 0.369
    vertex 0.09550422764283 0.0 0.356426629900666
  endloop
endfacet
facet normal -0.5 4.01405776525377e-018 -0.866025403784439
  outer loop
    vertex 0.1845 0.0 0.319563373996458
    vertex 0.09550422764283 -1.05 0.356426629900666
    vertex 0.09550422764283 0.0 0.356426629900666
  endloop
endfacet
facet normal -0.258819045102521 2.71838013020906e-017 -0.965925826289068
  outer loop
    vertex 0.09550422764283 -1.05 0.356426629900666
    vertex 0.1845 0.0 0.319563373996458
    vertex 0.1845 -1.05 0.319563373996458
  endloop
endfacet
facet normal -0.707106781186547 -7.87853017187201e-018 -0.707106781186548
  outer loop
    vertex 0.260922402257836 0.0 0.260922402257836
    vertex 0.1845 -1.05 0.319563373996458
    vertex 0.1845 0.0 0.319563373996458
  endloop
endfacet
facet normal -0.5 4.01405776525377e-018 -0.866025403784439
  outer loop
    vertex 0.1845 -1.05 0.319563373996458
    vertex 0.260922402257836 0.0 0.260922402257836
    vertex 0.260922402257836 -1.05 0.260922402257836
  endloop
endfacet
facet normal -0.707106781186548 4.34416140393762e-018 -0.707106781186548
  outer loop
    vertex 0.260922402257836 1.75 0.260922402257836
    vertex 0.319563373996458 0.0 0.1845
    vertex 0.260922402257836 0.0 0.260922402257836
  endloop
endfacet
facet normal -0.866025403784439 1.59547280004863e-017 -0.5
  outer loop
    vertex 0.319563373996458 0.0 0.1845
    vertex 0.260922402257836 1.75 0.260922402257836
    vertex 0.319563373996458 1.75 0.1845
  endloop
endfacet
facet normal -0.866025403784439 1.59547280004863e-017 -0.5
  outer loop
    vertex 0.319563373996458 1.75 0.1845
    vertex 0.356426629900666 0.0 0.09550422764283
    vertex 0.319563373996458 0.0 0.1845
  endloop
endfacet
facet normal -0.965925826289068 -7.50100679497992e-018 -0.258819045102521
  outer loop
    vertex 0.356426629900666 0.0 0.09550422764283
    vertex 0.319563373996458 1.75 0.1845
    vertex 0.356426629900666 1.75 0.09550422764283
  endloop
endfacet
facet normal -0.965925826289068 -7.50100679497992e-018 -0.258819045102521
  outer loop
    vertex 0.356426629900666 1.75 0.09550422764283
    vertex 0.369 0.0 -7.1836715771079e-18
    vertex 0.356426629900666 0.0 0.09550422764283
  endloop
endfacet
facet normal -1.0 -3.23172441079471e-017 8.01999890608221e-017
  outer loop
    vertex 0.369 0.0 -7.1836715771079e-18
    vertex 0.356426629900666 1.75 0.09550422764283
    vertex 0.369 1.75 0
  endloop
endfacet
facet normal -1.0 -3.23172441079471e-017 8.01999890608221e-017
  outer loop
    vertex 0.369 1.75 0
    vertex 0.356426629900666 0.0 -0.0955042276428305
    vertex 0.369 0.0 -7.1836715771079e-18
  endloop
endfacet
facet normal -0.965925826289068 -1.61586220539735e-017 0.258819045102522
  outer loop
    vertex 0.356426629900666 0.0 -0.0955042276428305
    vertex 0.369 1.75 0
    vertex 0.356426629900666 1.75 -0.0955042276428305
  endloop
endfacet
facet normal -0.965925826289068 -1.61586220539735e-017 0.258819045102522
  outer loop
    vertex 0.356426629900666 1.75 -0.0955042276428305
    vertex 0.319563373996458 0.0 -0.1845
    vertex 0.356426629900666 0.0 -0.0955042276428305
  endloop
endfacet
facet normal -0.866025403784438 0.0 0.500000000000001
  outer loop
    vertex 0.319563373996458 0.0 -0.1845
    vertex 0.356426629900666 1.75 -0.0955042276428305
    vertex 0.319563373996458 1.75 -0.1845
  endloop
endfacet
facet normal -0.866025403784438 0.0 0.500000000000001
  outer loop
    vertex 0.319563373996458 1.75 -0.1845
    vertex 0.260922402257836 0.0 -0.260922402257836
    vertex 0.319563373996458 0.0 -0.1845
  endloop
endfacet
facet normal -0.707106781186547 -4.17363019914772e-018 0.707106781186548
  outer loop
    vertex 0.260922402257836 0.0 -0.260922402257836
    vertex 0.319563373996458 1.75 -0.1845
    vertex 0.260922402257836 1.75 -0.260922402257836
  endloop
endfacet
facet normal -0.5 -6.79728382423565e-018 0.866025403784439
  outer loop
    vertex 0.1845 0.0 -0.319563373996458
    vertex 0.260922402257836 1.75 -0.260922402257836
    vertex 0.1845 1.75 -0.319563373996458
  endloop
endfacet
facet normal -0.707106781186547 -4.17363019914772e-018 0.707106781186548
  outer loop
    vertex 0.260922402257836 1.75 -0.260922402257836
    vertex 0.1845 0.0 -0.319563373996458
    vertex 0.260922402257836 0.0 -0.260922402257836
  endloop
endfacet
facet normal -0.5 -6.79728382423565e-018 0.866025403784439
  outer loop
    vertex 0.1845 0.0 -0.319563373996458
    vertex 0.09550422764283 1.75 -0.356426629900666
    vertex 0.09550422764283 0.0 -0.356426629900666
  endloop
endfacet
facet normal -0.25881904510252 -1.81856894175474e-017 0.965925826289068
  outer loop
    vertex 0.09550422764283 1.75 -0.356426629900666
    vertex 0.1845 0.0 -0.319563373996458
    vertex 0.1845 1.75 -0.319563373996458
  endloop
endfacet
facet normal -0.25881904510252 -1.81856894175474e-017 0.965925826289068
  outer loop
    vertex 0.09550422764283 0.0 -0.356426629900666
    vertex -6.7784200332806e-17 1.75 -0.369
    vertex -7.38130266014155e-17 0.0 -0.369
  endloop
endfacet
facet normal 2.04955527599879e-016 -4.75809867696496e-017 1.0
  outer loop
    vertex -6.7784200332806e-17 1.75 -0.369
    vertex 0.09550422764283 0.0 -0.356426629900666
    vertex 0.09550422764283 1.75 -0.356426629900666
  endloop
endfacet
facet normal 2.04955527599879e-016 -4.75809867696496e-017 1.0
  outer loop
    vertex -7.38130266014155e-17 0.0 -0.369
    vertex -0.0955042276428305 1.75 -0.356426629900666
    vertex -0.0955042276428305 0.0 -0.356426629900666
  endloop
endfacet
facet normal 0.258819045102522 -4.67984246947222e-017 0.965925826289068
  outer loop
    vertex -0.0955042276428305 1.75 -0.356426629900666
    vertex -7.38130266014155e-17 0.0 -0.369
    vertex -6.7784200332806e-17 1.75 -0.369
  endloop
endfacet
facet normal 0.258819045102522 -4.67984246947222e-017 0.965925826289068
  outer loop
    vertex -0.0955042276428305 0.0 -0.356426629900666
    vertex -0.1845 1.75 -0.319563373996458
    vertex -0.1845 0.0 -0.319563373996458
  endloop
endfacet
facet normal 0.500000000000001 -5.04100325285411e-018 0.866025403784438
  outer loop
    vertex -0.1845 1.75 -0.319563373996458
    vertex -0.0955042276428305 0.0 -0.356426629900666
    vertex -0.0955042276428305 1.75 -0.356426629900666
  endloop
endfacet
facet normal 0.707106781186548 9.73847046467801e-018 0.707106781186547
  outer loop
    vertex -0.260922402257836 0.0 -0.260922402257836
    vertex -0.1845 1.75 -0.319563373996458
    vertex -0.260922402257836 1.75 -0.260922402257836
  endloop
endfacet
facet normal 0.500000000000001 -5.04100325285411e-018 0.866025403784438
  outer loop
    vertex -0.1845 1.75 -0.319563373996458
    vertex -0.260922402257836 0.0 -0.260922402257836
    vertex -0.1845 0.0 -0.319563373996458
  endloop
endfacet
facet normal 0.707106781186548 9.73847046467801e-018 0.707106781186547
  outer loop
    vertex -0.260922402257836 1.75 -0.260922402257836
    vertex -0.319563373996458 0.0 -0.1845
    vertex -0.260922402257836 0.0 -0.260922402257836
  endloop
endfacet
facet normal 0.866025403784439 -1.47794737175321e-017 0.5
  outer loop
    vertex -0.319563373996458 0.0 -0.1845
    vertex -0.260922402257836 1.75 -0.260922402257836
    vertex -0.319563373996458 1.75 -0.1845
  endloop
endfacet
facet normal 0.866025403784439 -1.47794737175321e-017 0.5
  outer loop
    vertex -0.319563373996458 1.75 -0.1845
    vertex -0.356426629900666 0.0 -0.09550422764283
    vertex -0.319563373996458 0.0 -0.1845
  endloop
endfacet
facet normal 0.965925826289068 -3.06398026407487e-017 0.258819045102521
  outer loop
    vertex -0.356426629900666 0.0 -0.09550422764283
    vertex -0.319563373996458 1.75 -0.1845
    vertex -0.356426629900666 1.75 -0.09550422764283
  endloop
endfacet
facet normal 0.965925826289068 -3.06398026407487e-017 0.258819045102521
  outer loop
    vertex -0.356426629900666 1.75 -0.09550422764283
    vertex -0.369 0.0 5.1603241593313e-17
    vertex -0.356426629900666 0.0 -0.09550422764283
  endloop
endfacet
facet normal 1.0 -1.52637426617025e-017 -5.88133253112696e-016
  outer loop
    vertex -0.369 0.0 5.1603241593313e-17
    vertex -0.356426629900666 1.75 -0.09550422764283
    vertex -0.369 1.75 4.51894668885374e-17
  endloop
endfacet
facet normal 1.0 -1.52637426617025e-017 -5.88133253112696e-016
  outer loop
    vertex -0.369 1.75 4.51894668885374e-17
    vertex -0.356426629900666 0.0 0.09550422764283
    vertex -0.369 0.0 5.1603241593313e-17
  endloop
endfacet
facet normal 0.965925826289068 2.8406431279853e-017 -0.258819045102521
  outer loop
    vertex -0.356426629900666 0.0 0.09550422764283
    vertex -0.369 1.75 4.51894668885374e-17
    vertex -0.356426629900666 1.75 0.0955042276428305
  endloop
endfacet
facet normal 0.965925826289068 2.8406431279853e-017 -0.258819045102521
  outer loop
    vertex -0.356426629900666 1.75 0.0955042276428305
    vertex -0.319563373996458 0.0 0.1845
    vertex -0.356426629900666 0.0 0.09550422764283
  endloop
endfacet
facet normal 0.866025403784439 1.92920534152536e-017 -0.5
  outer loop
    vertex -0.319563373996458 0.0 0.1845
    vertex -0.356426629900666 1.75 0.0955042276428305
    vertex -0.319563373996458 1.75 0.1845
  endloop
endfacet
facet normal -1.0 -2.03668856928509e-018 3.20799956243289e-016
  outer loop
    vertex -0.235 -0.47 2.82888860536808e-17
    vertex -0.226992569177931 -1.05 -0.0608224755990925
    vertex -0.235 -1.05 2.87791997799628e-17
  endloop
endfacet
facet normal -0.965925826289068 -3.48140066409999e-017 -0.25881904510252
  outer loop
    vertex -0.226992569177931 -1.05 -0.0608224755990925
    vertex -0.235 -0.47 2.82888860536808e-17
    vertex -0.226992569177931 -0.47 -0.0608224755990925
  endloop
endfacet
facet normal -0.965925826289068 -3.48140066409999e-017 -0.25881904510252
  outer loop
    vertex -0.226992569177931 -0.47 -0.0608224755990925
    vertex -0.203515969889343 -1.05 -0.1175
    vertex -0.226992569177931 -1.05 -0.0608224755990925
  endloop
endfacet
facet normal -0.866025403784439 -5.4941457339013e-017 -0.5
  outer loop
    vertex -0.203515969889343 -1.05 -0.1175
    vertex -0.226992569177931 -0.47 -0.0608224755990925
    vertex -0.203515969889343 -0.47 -0.1175
  endloop
endfacet
facet normal -0.866025403784439 -5.4941457339013e-017 -0.5
  outer loop
    vertex -0.203515969889343 -0.47 -0.1175
    vertex -0.166170093578838 -1.05 -0.166170093578838
    vertex -0.203515969889343 -1.05 -0.1175
  endloop
endfacet
facet normal -0.707106781186548 -7.03838971785132e-017 -0.707106781186547
  outer loop
    vertex -0.166170093578838 -1.05 -0.166170093578838
    vertex -0.203515969889343 -0.47 -0.1175
    vertex -0.166170093578838 -0.47 -0.166170093578838
  endloop
endfacet
facet normal -0.707106781186548 -7.03838971785132e-017 -0.707106781186547
  outer loop
    vertex -0.166170093578838 -0.47 -0.166170093578838
    vertex -0.1175 -1.05 -0.203515969889343
    vertex -0.166170093578838 -1.05 -0.166170093578838
  endloop
endfacet
facet normal -0.500000000000001 -8.61792483142886e-017 -0.866025403784438
  outer loop
    vertex -0.1175 -1.05 -0.203515969889343
    vertex -0.166170093578838 -0.47 -0.166170093578838
    vertex -0.1175 -0.47 -0.203515969889343
  endloop
endfacet
facet normal -0.258819045102521 -3.86383865928353e-017 -0.965925826289068
  outer loop
    vertex -0.0608224755990925 -0.47 -0.226992569177931
    vertex -0.1175 -1.05 -0.203515969889343
    vertex -0.1175 -0.47 -0.203515969889343
  endloop
endfacet
facet normal -0.500000000000001 -8.61792483142886e-017 -0.866025403784438
  outer loop
    vertex -0.1175 -1.05 -0.203515969889343
    vertex -0.0608224755990925 -0.47 -0.226992569177931
    vertex -0.0608224755990925 -1.05 -0.226992569177931
  endloop
endfacet
facet normal -5.43577703634461e-016 -2.52076618099418e-017 -1.0
  outer loop
    vertex -4.24333290805211e-17 -0.47 -0.235
    vertex -0.0608224755990925 -1.05 -0.226992569177931
    vertex -0.0608224755990925 -0.47 -0.226992569177931
  endloop
endfacet
facet normal -0.258819045102521 -3.86383865928353e-017 -0.965925826289068
  outer loop
    vertex -0.0608224755990925 -1.05 -0.226992569177931
    vertex -4.24333290805211e-17 -0.47 -0.235
    vertex -4.31687996699442e-17 -1.05 -0.235
  endloop
endfacet
facet normal -5.43577703634461e-016 -2.52076618099418e-017 -1.0
  outer loop
    vertex -4.24333290805211e-17 -0.47 -0.235
    vertex 0.0608224755990925 -1.05 -0.226992569177931
    vertex -4.31687996699442e-17 -1.05 -0.235
  endloop
endfacet
facet normal 0.25881904510252 -9.89756448447426e-017 -0.965925826289068
  outer loop
    vertex 0.0608224755990925 -1.05 -0.226992569177931
    vertex -4.24333290805211e-17 -0.47 -0.235
    vertex 0.0608224755990925 -0.47 -0.226992569177931
  endloop
endfacet
facet normal 0.25881904510252 -9.89756448447426e-017 -0.965925826289068
  outer loop
    vertex 0.0608224755990925 -0.47 -0.226992569177931
    vertex 0.1175 -1.05 -0.203515969889343
    vertex 0.0608224755990925 -1.05 -0.226992569177931
  endloop
endfacet
facet normal 0.5 -1.64604846408366e-016 -0.866025403784439
  outer loop
    vertex 0.1175 -1.05 -0.203515969889343
    vertex 0.0608224755990925 -0.47 -0.226992569177931
    vertex 0.1175 -0.47 -0.203515969889343
  endloop
endfacet
facet normal 0.5 -1.64604846408366e-016 -0.866025403784439
  outer loop
    vertex 0.1175 -0.47 -0.203515969889343
    vertex 0.166170093578838 -1.05 -0.166170093578838
    vertex 0.1175 -1.05 -0.203515969889343
  endloop
endfacet
facet normal 0.707106781186547 -1.23353113504149e-016 -0.707106781186548
  outer loop
    vertex 0.166170093578838 -1.05 -0.166170093578838
    vertex 0.1175 -0.47 -0.203515969889343
    vertex 0.166170093578838 -0.47 -0.166170093578839
  endloop
endfacet
facet normal 0.707106781186547 -1.23353113504149e-016 -0.707106781186548
  outer loop
    vertex 0.166170093578838 -0.47 -0.166170093578839
    vertex 0.203515969889343 -1.05 -0.1175
    vertex 0.166170093578838 -1.05 -0.166170093578838
  endloop
endfacet
facet normal 0.866025403784438 -3.91664150679918e-017 -0.5
  outer loop
    vertex 0.203515969889343 -1.05 -0.1175
    vertex 0.166170093578838 -0.47 -0.166170093578839
    vertex 0.203515969889343 -0.47 -0.1175
  endloop
endfacet
facet normal 0.866025403784438 -3.91664150679918e-017 -0.5
  outer loop
    vertex 0.203515969889343 -0.47 -0.1175
    vertex 0.226992569177931 -1.05 -0.0608224755990925
    vertex 0.203515969889343 -1.05 -0.1175
  endloop
endfacet
facet normal 0.965925826289068 -5.97126874764552e-018 -0.258819045102521
  outer loop
    vertex 0.226992569177931 -1.05 -0.0608224755990925
    vertex 0.203515969889343 -0.47 -0.1175
    vertex 0.226992569177931 -0.47 -0.0608224755990925
  endloop
endfacet
facet normal 0.965925826289068 -5.97126874764552e-018 -0.258819045102521
  outer loop
    vertex 0.226992569177931 -0.47 -0.0608224755990925
    vertex 0.235 -1.05 0
    vertex 0.226992569177931 -1.05 -0.0608224755990925
  endloop
endfacet
facet normal 1.0 2.3136668116582e-017 -1.1584442864341e-016
  outer loop
    vertex 0.235 -1.05 0
    vertex 0.226992569177931 -0.47 -0.0608224755990925
    vertex 0.235 -0.47 0
  endloop
endfacet
facet normal 1.0 2.3136668116582e-017 -9.80222088521159e-017
  outer loop
    vertex 0.235 -0.47 0
    vertex 0.226992569177931 -1.05 0.0608224755990925
    vertex 0.235 -1.05 0
  endloop
endfacet
facet normal 0.965925826289068 3.55975269461702e-017 0.258819045102521
  outer loop
    vertex 0.226992569177931 -1.05 0.0608224755990925
    vertex 0.235 -0.47 0
    vertex 0.226992569177931 -0.47 0.0608224755990925
  endloop
endfacet
facet normal 0.965925826289068 3.55975269461702e-017 0.258819045102521
  outer loop
    vertex 0.226992569177931 -0.47 0.0608224755990925
    vertex 0.203515969889343 -1.05 0.1175
    vertex 0.226992569177931 -1.05 0.0608224755990925
  endloop
endfacet
facet normal 0.866025403784439 2.31139389443361e-017 0.5
  outer loop
    vertex 0.203515969889343 -1.05 0.1175
    vertex 0.226992569177931 -0.47 0.0608224755990925
    vertex 0.203515969889343 -0.47 0.1175
  endloop
endfacet
facet normal 0.866025403784439 2.31139389443361e-017 0.5
  outer loop
    vertex 0.203515969889343 -0.47 0.1175
    vertex 0.166170093578838 -1.05 0.166170093578838
    vertex 0.203515969889343 -1.05 0.1175
  endloop
endfacet
facet normal 0.707106781186548 3.28172193820461e-017 0.707106781186548
  outer loop
    vertex 0.166170093578838 -1.05 0.166170093578838
    vertex 0.203515969889343 -0.47 0.1175
    vertex 0.166170093578838 -0.47 0.166170093578838
  endloop
endfacet
facet normal 0.5 2.21641392672982e-017 0.866025403784438
  outer loop
    vertex 0.1175 -1.05 0.203515969889343
    vertex 0.166170093578838 -0.47 0.166170093578838
    vertex 0.1175 -0.47 0.203515969889343
  endloop
endfacet
facet normal 0.707106781186548 3.28172193820461e-017 0.707106781186548
  outer loop
    vertex 0.166170093578838 -0.47 0.166170093578838
    vertex 0.1175 -1.05 0.203515969889343
    vertex 0.166170093578838 -1.05 0.166170093578838
  endloop
endfacet
facet normal 0.5 2.21641392672982e-017 0.866025403784438
  outer loop
    vertex 0.1175 -1.05 0.203515969889343
    vertex 0.0608224755990925 -0.47 0.226992569177931
    vertex 0.0608224755990925 -1.05 0.226992569177931
  endloop
endfacet
facet normal 0.258819045102521 -1.3577923795234e-018 0.965925826289068
  outer loop
    vertex 0.0608224755990925 -0.47 0.226992569177931
    vertex 0.1175 -1.05 0.203515969889343
    vertex 0.1175 -0.47 0.203515969889343
  endloop
endfacet
facet normal 0.965925826289068 5.12809089942384e-017 0.258819045102521
  outer loop
    vertex -0.356426629900666 0.0 -0.09550422764283
    vertex -0.369 -1.05 4.51894668885374e-17
    vertex -0.356426629900666 -1.05 -0.09550422764283
  endloop
endfacet
facet normal 1.0 2.47189598949681e-017 -5.97044363008343e-016
  outer loop
    vertex -0.369 -1.05 4.51894668885374e-17
    vertex -0.356426629900666 0.0 -0.09550422764283
    vertex -0.369 0.0 5.1603241593313e-17
  endloop
endfacet
facet normal 2.67333296869407e-017 2.2492077050895e-017 1.0
  outer loop
    vertex 1.43895998899814e-17 -1.05 0.235
    vertex -0.0608224755990925 -0.47 0.226992569177931
    vertex -0.0608224755990925 -1.05 0.226992569177931
  endloop
endfacet
facet normal -0.258819045102521 2.26485429308233e-017 0.965925826289068
  outer loop
    vertex -0.0608224755990925 -0.47 0.226992569177931
    vertex 1.43895998899814e-17 -1.05 0.235
    vertex 1.41444430268404e-17 -0.47 0.235
  endloop
endfacet
facet normal 1.0 2.47189598949681e-017 -5.97044363008343e-016
  outer loop
    vertex -0.369 0.0 5.1603241593313e-17
    vertex -0.356426629900666 -1.05 0.0955042276428305
    vertex -0.369 -1.05 4.51894668885374e-17
  endloop
endfacet
facet normal 0.965925826289068 -4.63774678224135e-017 -0.258819045102521
  outer loop
    vertex -0.356426629900666 -1.05 0.0955042276428305
    vertex -0.369 0.0 5.1603241593313e-17
    vertex -0.356426629900666 0.0 0.09550422764283
  endloop
endfacet
facet normal 0.965925826289068 -4.63774678224135e-017 -0.258819045102521
  outer loop
    vertex -0.356426629900666 0.0 0.09550422764283
    vertex -0.319563373996458 -1.05 0.1845
    vertex -0.356426629900666 -1.05 0.0955042276428305
  endloop
endfacet
facet normal 0.866025403784439 -3.10659796633722e-017 -0.5
  outer loop
    vertex -0.319563373996458 -1.05 0.1845
    vertex -0.356426629900666 0.0 0.09550422764283
    vertex -0.319563373996458 0.0 0.1845
  endloop
endfacet
facet normal 0.866025403784439 -3.10659796633721e-017 -0.5
  outer loop
    vertex -0.319563373996458 0.0 0.1845
    vertex -0.260922402257836 -1.05 0.260922402257836
    vertex -0.319563373996458 -1.05 0.1845
  endloop
endfacet
facet normal 0.707106781186548 4.65232542380546e-017 -0.707106781186547
  outer loop
    vertex -0.260922402257836 -1.05 0.260922402257836
    vertex -0.319563373996458 0.0 0.1845
    vertex -0.260922402257836 0.0 0.260922402257836
  endloop
endfacet
facet normal -0.866025403784438 7.58709262044055e-017 0.5
  outer loop
    vertex -0.203515969889343 -0.47 0.1175
    vertex -0.226992569177931 -1.05 0.0608224755990925
    vertex -0.203515969889343 -1.05 0.1175
  endloop
endfacet
facet normal -0.965925826289068 2.60169529077825e-017 0.258819045102521
  outer loop
    vertex -0.226992569177931 -1.05 0.0608224755990925
    vertex -0.203515969889343 -0.47 0.1175
    vertex -0.226992569177931 -0.47 0.0608224755990925
  endloop
endfacet
facet normal 2.67333296869407e-017 2.2492077050895e-017 1.0
  outer loop
    vertex 1.43895998899814e-17 -1.05 0.235
    vertex 0.0608224755990925 -0.47 0.226992569177931
    vertex 1.41444430268404e-17 -0.47 0.235
  endloop
endfacet
facet normal 0.258819045102521 -1.3577923795234e-018 0.965925826289068
  outer loop
    vertex 0.0608224755990925 -0.47 0.226992569177931
    vertex 1.43895998899814e-17 -1.05 0.235
    vertex 0.0608224755990925 -1.05 0.226992569177931
  endloop
endfacet
facet normal -0.965925826289068 2.60169529077825e-017 0.258819045102521
  outer loop
    vertex -0.226992569177931 -0.47 0.0608224755990925
    vertex -0.235 -1.05 2.87791997799628e-17
    vertex -0.226992569177931 -1.05 0.0608224755990925
  endloop
endfacet
facet normal -1.0 -2.03668856928509e-018 3.20799956243289e-016
  outer loop
    vertex -0.235 -1.05 2.87791997799628e-17
    vertex -0.226992569177931 -0.47 0.0608224755990925
    vertex -0.235 -0.47 2.82888860536808e-17
  endloop
endfacet
facet normal 0.707106781186548 -2.79947325324414e-017 -0.707106781186547
  outer loop
    vertex -0.260922402257836 1.75 0.260922402257836
    vertex -0.1845 0.0 0.319563373996458
    vertex -0.260922402257836 0.0 0.260922402257836
  endloop
endfacet
facet normal 0.5 -3.51309658552508e-017 -0.866025403784439
  outer loop
    vertex -0.1845 0.0 0.319563373996458
    vertex -0.260922402257836 1.75 0.260922402257836
    vertex -0.1845 1.75 0.319563373996458
  endloop
endfacet
facet normal 0.258819045102522 7.80504142813887e-017 0.965925826289068
  outer loop
    vertex -0.0955042276428305 -1.05 -0.356426629900666
    vertex -0.1845 0.0 -0.319563373996458
    vertex -0.1845 -1.05 -0.319563373996458
  endloop
endfacet
facet normal 0.500000000000001 7.53557389224622e-018 0.866025403784438
  outer loop
    vertex -0.1845 0.0 -0.319563373996458
    vertex -0.0955042276428305 -1.05 -0.356426629900666
    vertex -0.0955042276428305 0.0 -0.356426629900666
  endloop
endfacet
facet normal 0.500000000000001 7.53557389224622e-018 0.866025403784438
  outer loop
    vertex -0.1845 -1.05 -0.319563373996458
    vertex -0.260922402257836 0.0 -0.260922402257836
    vertex -0.260922402257836 -1.05 -0.260922402257836
  endloop
endfacet
facet normal 0.707106781186548 -1.73901258297822e-017 0.707106781186547
  outer loop
    vertex -0.260922402257836 0.0 -0.260922402257836
    vertex -0.1845 -1.05 -0.319563373996458
    vertex -0.1845 0.0 -0.319563373996458
  endloop
endfacet
facet normal 0.707106781186548 -1.73901258297822e-017 0.707106781186547
  outer loop
    vertex -0.260922402257836 0.0 -0.260922402257836
    vertex -0.319563373996458 -1.05 -0.1845
    vertex -0.260922402257836 -1.05 -0.260922402257836
  endloop
endfacet
facet normal 0.866025403784439 2.49256997220284e-017 0.5
  outer loop
    vertex -0.319563373996458 -1.05 -0.1845
    vertex -0.260922402257836 0.0 -0.260922402257836
    vertex -0.319563373996458 0.0 -0.1845
  endloop
endfacet
facet normal -0.707106781186547 -7.87853017187201e-018 -0.707106781186548
  outer loop
    vertex 0.260922402257836 0.0 0.260922402257836
    vertex 0.319563373996458 -1.05 0.1845
    vertex 0.260922402257836 -1.05 0.260922402257836
  endloop
endfacet
facet normal -0.866025403784439 -2.34570886425027e-017 -0.5
  outer loop
    vertex 0.319563373996458 -1.05 0.1845
    vertex 0.260922402257836 0.0 0.260922402257836
    vertex 0.319563373996458 0.0 0.1845
  endloop
endfacet
facet normal 0.866025403784439 2.49256997220284e-017 0.5
  outer loop
    vertex -0.319563373996458 0.0 -0.1845
    vertex -0.356426629900666 -1.05 -0.09550422764283
    vertex -0.319563373996458 -1.05 -0.1845
  endloop
endfacet
facet normal 0.965925826289068 5.12809089942384e-017 0.258819045102521
  outer loop
    vertex -0.356426629900666 -1.05 -0.09550422764283
    vertex -0.319563373996458 0.0 -0.1845
    vertex -0.356426629900666 0.0 -0.09550422764283
  endloop
endfacet
facet normal -0.707106781186548 4.34416140393762e-018 -0.707106781186548
  outer loop
    vertex 0.260922402257836 1.75 0.260922402257836
    vertex 0.1845 0.0 0.319563373996458
    vertex 0.1845 1.75 0.319563373996458
  endloop
endfacet
facet normal -0.5 -2.95295133755506e-018 -0.866025403784439
  outer loop
    vertex 0.1845 0.0 0.319563373996458
    vertex 0.260922402257836 1.75 0.260922402257836
    vertex 0.260922402257836 0.0 0.260922402257836
  endloop
endfacet
facet normal -0.258819045102521 -1.61586220539735e-017 -0.965925826289068
  outer loop
    vertex 0.09550422764283 1.75 0.356426629900666
    vertex 2.93934565852105e-17 0.0 0.369
    vertex 2.25947334442687e-17 1.75 0.369
  endloop
endfacet
facet normal -2.22777747391173e-016 -3.23172441079471e-017 -1.0
  outer loop
    vertex 2.93934565852105e-17 0.0 0.369
    vertex 0.09550422764283 1.75 0.356426629900666
    vertex 0.09550422764283 0.0 0.356426629900666
  endloop
endfacet
facet normal -0.258819045102521 2.26485429308233e-017 0.965925826289068
  outer loop
    vertex -0.0608224755990925 -1.05 0.226992569177931
    vertex -0.1175 -0.47 0.203515969889343
    vertex -0.1175 -1.05 0.203515969889343
  endloop
endfacet
facet normal -0.5 -9.36221219113254e-018 0.866025403784439
  outer loop
    vertex -0.1175 -0.47 0.203515969889343
    vertex -0.0608224755990925 -1.05 0.226992569177931
    vertex -0.0608224755990925 -0.47 0.226992569177931
  endloop
endfacet
facet normal 0.258819045102521 -3.18126469798683e-017 -0.965925826289068
  outer loop
    vertex -0.09550422764283 1.75 0.356426629900666
    vertex 2.93934565852105e-17 0.0 0.369
    vertex -0.09550422764283 0.0 0.356426629900666
  endloop
endfacet
facet normal -2.22777747391173e-016 -3.23172441079471e-017 -1.0
  outer loop
    vertex 2.93934565852105e-17 0.0 0.369
    vertex -0.09550422764283 1.75 0.356426629900666
    vertex 2.25947334442687e-17 1.75 0.369
  endloop
endfacet
facet normal -0.5 -9.36221219113254e-018 0.866025403784439
  outer loop
    vertex -0.1175 -1.05 0.203515969889343
    vertex -0.166170093578838 -0.47 0.166170093578838
    vertex -0.166170093578838 -1.05 0.166170093578838
  endloop
endfacet
facet normal -0.707106781186547 4.16930876050855e-017 0.707106781186548
  outer loop
    vertex -0.166170093578838 -0.47 0.166170093578838
    vertex -0.1175 -1.05 0.203515969889343
    vertex -0.1175 -0.47 0.203515969889343
  endloop
endfacet
facet normal 0.258819045102521 -3.18126469798683e-017 -0.965925826289068
  outer loop
    vertex -0.09550422764283 1.75 0.356426629900666
    vertex -0.1845 0.0 0.319563373996458
    vertex -0.1845 1.75 0.319563373996458
  endloop
endfacet
facet normal 0.5 -3.51309658552508e-017 -0.866025403784439
  outer loop
    vertex -0.1845 0.0 0.319563373996458
    vertex -0.09550422764283 1.75 0.356426629900666
    vertex -0.09550422764283 0.0 0.356426629900666
  endloop
endfacet
facet normal -0.707106781186547 4.16930876050855e-017 0.707106781186548
  outer loop
    vertex -0.166170093578838 -0.47 0.166170093578838
    vertex -0.203515969889343 -1.05 0.1175
    vertex -0.166170093578838 -1.05 0.166170093578838
  endloop
endfacet
facet normal -0.866025403784438 7.58709262044055e-017 0.5
  outer loop
    vertex -0.203515969889343 -1.05 0.1175
    vertex -0.166170093578838 -0.47 0.166170093578838
    vertex -0.203515969889343 -0.47 0.1175
  endloop
endfacet
facet normal -0.5 -2.95295133755506e-018 -0.866025403784439
  outer loop
    vertex 0.1845 1.75 0.319563373996458
    vertex 0.09550422764283 0.0 0.356426629900666
    vertex 0.09550422764283 1.75 0.356426629900666
  endloop
endfacet
facet normal -0.258819045102521 -1.61586220539735e-017 -0.965925826289068
  outer loop
    vertex 0.09550422764283 0.0 0.356426629900666
    vertex 0.1845 1.75 0.319563373996458
    vertex 0.1845 0.0 0.319563373996458
  endloop
endfacet
facet normal -1.0 5.35390105743006e-017 6.23777692695283e-017
  outer loop
    vertex 0.369 0.0 -7.1836715771079e-18
    vertex 0.356426629900666 -1.05 -0.0955042276428305
    vertex 0.369 -1.05 0
  endloop
endfacet
facet normal -0.965925826289068 2.67695052871503e-017 0.258819045102521
  outer loop
    vertex 0.356426629900666 -1.05 -0.0955042276428305
    vertex 0.369 0.0 -7.1836715771079e-18
    vertex 0.356426629900666 0.0 -0.0955042276428305
  endloop
endfacet
facet normal -0.965925826289068 2.67695052871503e-017 0.258819045102521
  outer loop
    vertex 0.356426629900666 0.0 -0.0955042276428305
    vertex 0.319563373996458 -1.05 -0.1845
    vertex 0.356426629900666 -1.05 -0.0955042276428305
  endloop
endfacet
facet normal -0.866025403784438 0.0 0.500000000000001
  outer loop
    vertex 0.319563373996458 -1.05 -0.1845
    vertex 0.356426629900666 0.0 -0.0955042276428305
    vertex 0.319563373996458 0.0 -0.1845
  endloop
endfacet
facet normal -0.707106781186547 9.66118101654564e-018 0.707106781186548
  outer loop
    vertex 0.260922402257836 -1.05 -0.260922402257836
    vertex 0.1845 0.0 -0.319563373996458
    vertex 0.1845 -1.05 -0.319563373996458
  endloop
endfacet
facet normal -0.5 1.45197988407826e-017 0.866025403784439
  outer loop
    vertex 0.1845 0.0 -0.319563373996458
    vertex 0.260922402257836 -1.05 -0.260922402257836
    vertex 0.260922402257836 0.0 -0.260922402257836
  endloop
endfacet
facet normal -0.5 1.45197988407826e-017 0.866025403784439
  outer loop
    vertex 0.1845 -1.05 -0.319563373996458
    vertex 0.09550422764283 0.0 -0.356426629900666
    vertex 0.09550422764283 -1.05 -0.356426629900666
  endloop
endfacet
facet normal -0.25881904510252 3.07995310815066e-017 0.965925826289068
  outer loop
    vertex 0.09550422764283 0.0 -0.356426629900666
    vertex 0.1845 -1.05 -0.319563373996458
    vertex 0.1845 0.0 -0.319563373996458
  endloop
endfacet
facet normal -0.866025403784438 0.0 0.500000000000001
  outer loop
    vertex 0.319563373996458 0.0 -0.1845
    vertex 0.260922402257836 -1.05 -0.260922402257836
    vertex 0.319563373996458 -1.05 -0.1845
  endloop
endfacet
facet normal -0.707106781186547 9.66118101654564e-018 0.707106781186548
  outer loop
    vertex 0.260922402257836 -1.05 -0.260922402257836
    vertex 0.319563373996458 0.0 -0.1845
    vertex 0.260922402257836 0.0 -0.260922402257836
  endloop
endfacet
facet normal 1.96044417704232e-016 7.906562781663e-017 1.0
  outer loop
    vertex -6.7784200332806e-17 -1.05 -0.369
    vertex 0.09550422764283 0.0 -0.356426629900666
    vertex -7.38130266014155e-17 0.0 -0.369
  endloop
endfacet
facet normal -0.25881904510252 3.07995310815066e-017 0.965925826289068
  outer loop
    vertex 0.09550422764283 0.0 -0.356426629900666
    vertex -6.7784200332806e-17 -1.05 -0.369
    vertex 0.09550422764283 -1.05 -0.356426629900666
  endloop
endfacet
facet normal 1.96044417704232e-016 7.906562781663e-017 1.0
  outer loop
    vertex -6.7784200332806e-17 -1.05 -0.369
    vertex -0.0955042276428305 0.0 -0.356426629900666
    vertex -0.0955042276428305 -1.05 -0.356426629900666
  endloop
endfacet
facet normal 0.258819045102522 7.80504142813887e-017 0.965925826289068
  outer loop
    vertex -0.0955042276428305 0.0 -0.356426629900666
    vertex -6.7784200332806e-17 -1.05 -0.369
    vertex -7.38130266014155e-17 0.0 -0.369
  endloop
endfacet
facet normal -0.866025403784439 -2.34570886425027e-017 -0.5
  outer loop
    vertex 0.319563373996458 0.0 0.1845
    vertex 0.356426629900666 -1.05 0.09550422764283
    vertex 0.319563373996458 -1.05 0.1845
  endloop
endfacet
facet normal -0.965925826289068 1.52050045817734e-017 -0.258819045102521
  outer loop
    vertex 0.356426629900666 -1.05 0.09550422764283
    vertex 0.319563373996458 0.0 0.1845
    vertex 0.356426629900666 0.0 0.09550422764283
  endloop
endfacet
facet normal -0.965925826289068 1.52050045817734e-017 -0.258819045102521
  outer loop
    vertex 0.356426629900666 0.0 0.09550422764283
    vertex 0.369 -1.05 0
    vertex 0.356426629900666 -1.05 0.09550422764283
  endloop
endfacet
facet normal -1.0 5.35390105743006e-017 6.23777692695283e-017
  outer loop
    vertex 0.369 -1.05 0
    vertex 0.356426629900666 0.0 0.09550422764283
    vertex 0.369 0.0 -7.1836715771079e-18
  endloop
endfacet
facet normal -0.965925826289068 -6.66285408951333e-018 0.258819045102521
  outer loop
    vertex -0.226992569177931 1.75 0.0608224755990925
    vertex -0.235 -0.47 2.82888860536808e-17
    vertex -0.226992569177931 -0.47 0.0608224755990925
  endloop
endfacet
facet normal -1.0 5.56076645327088e-019 3.02977736451995e-016
  outer loop
    vertex -0.235 -0.47 2.82888860536808e-17
    vertex -0.226992569177931 1.75 0.0608224755990925
    vertex -0.235 1.75 2.87791997799628e-17
  endloop
endfacet
facet normal -0.866025403784438 -1.91478409877884e-017 0.5
  outer loop
    vertex -0.203515969889343 -0.47 0.1175
    vertex -0.226992569177931 1.75 0.0608224755990925
    vertex -0.226992569177931 -0.47 0.0608224755990925
  endloop
endfacet
facet normal -0.965925826289068 -6.66285408951333e-018 0.258819045102521
  outer loop
    vertex -0.226992569177931 1.75 0.0608224755990925
    vertex -0.203515969889343 -0.47 0.1175
    vertex -0.203515969889343 1.75 0.1175
  endloop
endfacet
facet normal -0.707106781186547 -1.02568220199103e-017 0.707106781186548
  outer loop
    vertex -0.166170093578838 1.75 0.166170093578838
    vertex -0.203515969889343 -0.47 0.1175
    vertex -0.166170093578838 -0.47 0.166170093578838
  endloop
endfacet
facet normal -0.866025403784438 -1.91478409877884e-017 0.5
  outer loop
    vertex -0.203515969889343 -0.47 0.1175
    vertex -0.166170093578838 1.75 0.166170093578838
    vertex -0.203515969889343 1.75 0.1175
  endloop
endfacet
facet normal -0.707106781186547 -1.02568220199103e-017 0.707106781186548
  outer loop
    vertex -0.166170093578838 -0.47 0.166170093578838
    vertex -0.1175 1.75 0.203515969889343
    vertex -0.166170093578838 1.75 0.166170093578838
  endloop
endfacet
facet normal -0.5 1.90016696061151e-018 0.866025403784439
  outer loop
    vertex -0.1175 1.75 0.203515969889343
    vertex -0.166170093578838 -0.47 0.166170093578838
    vertex -0.1175 -0.47 0.203515969889343
  endloop
endfacet
facet normal -0.258819045102521 -6.66373011635371e-018 0.965925826289068
  outer loop
    vertex -0.0608224755990925 -0.47 0.226992569177931
    vertex -0.1175 1.75 0.203515969889343
    vertex -0.1175 -0.47 0.203515969889343
  endloop
endfacet
facet normal -0.5 1.90016696061151e-018 0.866025403784439
  outer loop
    vertex -0.1175 1.75 0.203515969889343
    vertex -0.0608224755990925 -0.47 0.226992569177931
    vertex -0.0608224755990925 1.75 0.226992569177931
  endloop
endfacet
facet normal 8.91110989564691e-018 -5.77965555327338e-018 1.0
  outer loop
    vertex 1.41444430268404e-17 -0.47 0.235
    vertex -0.0608224755990925 1.75 0.226992569177931
    vertex -0.0608224755990925 -0.47 0.226992569177931
  endloop
endfacet
facet normal -0.258819045102521 -6.66373011635371e-018 0.965925826289068
  outer loop
    vertex -0.0608224755990925 1.75 0.226992569177931
    vertex 1.41444430268404e-17 -0.47 0.235
    vertex 1.43895998899814e-17 1.75 0.235
  endloop
endfacet
facet normal 0.258819045102521 5.56076645327091e-019 0.965925826289068
  outer loop
    vertex 0.0608224755990925 -0.47 0.226992569177931
    vertex 1.43895998899814e-17 1.75 0.235
    vertex 1.41444430268404e-17 -0.47 0.235
  endloop
endfacet
facet normal 8.91110989564691e-018 -5.77965555327338e-018 1.0
  outer loop
    vertex 1.43895998899814e-17 1.75 0.235
    vertex 0.0608224755990925 -0.47 0.226992569177931
    vertex 0.0608224755990925 1.75 0.226992569177931
  endloop
endfacet
facet normal 0.258819045102521 5.56076645327091e-019 0.965925826289068
  outer loop
    vertex 0.0608224755990925 -0.47 0.226992569177931
    vertex 0.1175 1.75 0.203515969889343
    vertex 0.0608224755990925 1.75 0.226992569177931
  endloop
endfacet
facet normal 0.5 -6.0514702130664e-018 0.866025403784438
  outer loop
    vertex 0.1175 1.75 0.203515969889343
    vertex 0.0608224755990925 -0.47 0.226992569177931
    vertex 0.1175 -0.47 0.203515969889343
  endloop
endfacet
facet normal 0.965925826289068 -9.55255894321344e-018 0.258819045102521
  outer loop
    vertex 0.226992569177931 -0.47 0.0608224755990925
    vertex 0.203515969889343 1.75 0.1175
    vertex 0.203515969889343 -0.47 0.1175
  endloop
endfacet
facet normal 0.866025403784439 -6.74304168850885e-018 0.5
  outer loop
    vertex 0.203515969889343 1.75 0.1175
    vertex 0.226992569177931 -0.47 0.0608224755990925
    vertex 0.226992569177931 1.75 0.0608224755990925
  endloop
endfacet
facet normal 0.866025403784439 -6.74304168850885e-018 0.5
  outer loop
    vertex 0.203515969889343 1.75 0.1175
    vertex 0.166170093578838 -0.47 0.166170093578838
    vertex 0.203515969889343 -0.47 0.1175
  endloop
endfacet
facet normal 0.707106781186548 -9.39232627518657e-018 0.707106781186547
  outer loop
    vertex 0.166170093578838 -0.47 0.166170093578838
    vertex 0.203515969889343 1.75 0.1175
    vertex 0.166170093578838 1.75 0.166170093578838
  endloop
endfacet
facet normal 0.707106781186548 -9.39232627518657e-018 0.707106781186547
  outer loop
    vertex 0.166170093578838 -0.47 0.166170093578838
    vertex 0.1175 1.75 0.203515969889343
    vertex 0.1175 -0.47 0.203515969889343
  endloop
endfacet
facet normal 0.5 -6.0514702130664e-018 0.866025403784438
  outer loop
    vertex 0.1175 1.75 0.203515969889343
    vertex 0.166170093578838 -0.47 0.166170093578838
    vertex 0.166170093578838 1.75 0.166170093578838
  endloop
endfacet
facet normal 1.0 -6.15037331682477e-018 -1.24755538539057e-016
  outer loop
    vertex 0.235 1.75 0
    vertex 0.226992569177931 -0.47 0.0608224755990925
    vertex 0.235 -0.47 0
  endloop
endfacet
facet normal 0.965925826289068 -9.55255894321344e-018 0.258819045102521
  outer loop
    vertex 0.226992569177931 -0.47 0.0608224755990925
    vertex 0.235 1.75 0
    vertex 0.226992569177931 1.75 0.0608224755990925
  endloop
endfacet
facet normal 0.965925826289068 1.08688948770822e-018 -0.258819045102521
  outer loop
    vertex 0.226992569177931 1.75 -0.0608224755990925
    vertex 0.235 -0.47 0
    vertex 0.226992569177931 -0.47 -0.0608224755990925
  endloop
endfacet
facet normal 1.0 -6.15037331682477e-018 -1.42577758330351e-016
  outer loop
    vertex 0.235 -0.47 0
    vertex 0.226992569177931 1.75 -0.0608224755990925
    vertex 0.235 1.75 0
  endloop
endfacet
facet normal 0.866025403784438 9.41672597935895e-018 -0.5
  outer loop
    vertex 0.203515969889343 1.75 -0.1175
    vertex 0.226992569177931 -0.47 -0.0608224755990925
    vertex 0.203515969889343 -0.47 -0.1175
  endloop
endfacet
facet normal 0.965925826289068 1.08688948770822e-018 -0.258819045102521
  outer loop
    vertex 0.226992569177931 -0.47 -0.0608224755990925
    vertex 0.203515969889343 1.75 -0.1175
    vertex 0.226992569177931 1.75 -0.0608224755990925
  endloop
endfacet
facet normal 0.707106781186547 3.09545184930613e-017 -0.707106781186548
  outer loop
    vertex 0.166170093578838 -0.47 -0.166170093578839
    vertex 0.203515969889343 1.75 -0.1175
    vertex 0.203515969889343 -0.47 -0.1175
  endloop
endfacet
facet normal 0.866025403784438 9.41672597935895e-018 -0.5
  outer loop
    vertex 0.203515969889343 1.75 -0.1175
    vertex 0.166170093578838 -0.47 -0.166170093578839
    vertex 0.166170093578838 1.75 -0.166170093578838
  endloop
endfacet
facet normal 0.707106781186547 3.09545184930613e-017 -0.707106781186548
  outer loop
    vertex 0.166170093578838 1.75 -0.166170093578838
    vertex 0.1175 -0.47 -0.203515969889343
    vertex 0.1175 1.75 -0.203515969889343
  endloop
endfacet
facet normal 0.499999999999999 4.19669037916479e-017 -0.866025403784439
  outer loop
    vertex 0.1175 -0.47 -0.203515969889343
    vertex 0.166170093578838 1.75 -0.166170093578838
    vertex 0.166170093578838 -0.47 -0.166170093578839
  endloop
endfacet
facet normal 0.5 4.1966903791648e-017 -0.866025403784439
  outer loop
    vertex 0.1175 1.75 -0.203515969889343
    vertex 0.0608224755990925 -0.47 -0.226992569177931
    vertex 0.0608224755990925 1.75 -0.226992569177931
  endloop
endfacet
facet normal 0.25881904510252 2.56873203095413e-017 -0.965925826289068
  outer loop
    vertex 0.0608224755990925 -0.47 -0.226992569177931
    vertex 0.1175 1.75 -0.203515969889343
    vertex 0.1175 -0.47 -0.203515969889343
  endloop
endfacet
facet normal 0.25881904510252 2.56873203095413e-017 -0.965925826289068
  outer loop
    vertex 0.0608224755990925 1.75 -0.226992569177931
    vertex -4.24333290805211e-17 -0.47 -0.235
    vertex -4.31687996699442e-17 1.75 -0.235
  endloop
endfacet
facet normal -5.61399923425755e-016 6.53045740107963e-018 -1.0
  outer loop
    vertex -4.24333290805211e-17 -0.47 -0.235
    vertex 0.0608224755990925 1.75 -0.226992569177931
    vertex 0.0608224755990925 -0.47 -0.226992569177931
  endloop
endfacet
facet normal -0.258819045102521 9.78088351666046e-018 -0.965925826289068
  outer loop
    vertex -0.0608224755990925 1.75 -0.226992569177931
    vertex -4.24333290805211e-17 -0.47 -0.235
    vertex -0.0608224755990925 -0.47 -0.226992569177931
  endloop
endfacet
facet normal -5.61399923425755e-016 6.53045740107963e-018 -1.0
  outer loop
    vertex -4.24333290805211e-17 -0.47 -0.235
    vertex -0.0608224755990925 1.75 -0.226992569177931
    vertex -4.31687996699442e-17 1.75 -0.235
  endloop
endfacet
facet normal -0.500000000000001 2.21585961443431e-017 -0.866025403784438
  outer loop
    vertex -0.1175 1.75 -0.203515969889343
    vertex -0.0608224755990925 -0.47 -0.226992569177931
    vertex -0.1175 -0.47 -0.203515969889343
  endloop
endfacet
facet normal -0.258819045102521 9.78088351666046e-018 -0.965925826289068
  outer loop
    vertex -0.0608224755990925 -0.47 -0.226992569177931
    vertex -0.1175 1.75 -0.203515969889343
    vertex -0.0608224755990925 1.75 -0.226992569177931
  endloop
endfacet
facet normal -0.500000000000001 2.21585961443431e-017 -0.866025403784438
  outer loop
    vertex -0.1175 1.75 -0.203515969889343
    vertex -0.166170093578838 -0.47 -0.166170093578838
    vertex -0.166170093578838 1.75 -0.166170093578838
  endloop
endfacet
facet normal -0.707106781186548 1.76189774555442e-017 -0.707106781186547
  outer loop
    vertex -0.166170093578838 -0.47 -0.166170093578838
    vertex -0.1175 1.75 -0.203515969889343
    vertex -0.1175 -0.47 -0.203515969889343
  endloop
endfacet
facet normal -0.866025403784439 1.33490942671615e-017 -0.5
  outer loop
    vertex -0.203515969889343 1.75 -0.1175
    vertex -0.166170093578838 -0.47 -0.166170093578838
    vertex -0.203515969889343 -0.47 -0.1175
  endloop
endfacet
facet normal -0.707106781186548 1.76189774555442e-017 -0.707106781186547
  outer loop
    vertex -0.166170093578838 -0.47 -0.166170093578838
    vertex -0.203515969889343 1.75 -0.1175
    vertex -0.166170093578838 1.75 -0.166170093578838
  endloop
endfacet
facet normal -0.965925826289068 8.84926496640275e-018 -0.25881904510252
  outer loop
    vertex -0.226992569177931 1.75 -0.0608224755990925
    vertex -0.203515969889343 -0.47 -0.1175
    vertex -0.226992569177931 -0.47 -0.0608224755990925
  endloop
endfacet
facet normal -0.866025403784439 1.33490942671615e-017 -0.5
  outer loop
    vertex -0.203515969889343 -0.47 -0.1175
    vertex -0.226992569177931 1.75 -0.0608224755990925
    vertex -0.203515969889343 1.75 -0.1175
  endloop
endfacet
facet normal -1.0 5.56076645327088e-019 3.02977736451995e-016
  outer loop
    vertex -0.235 1.75 2.87791997799628e-17
    vertex -0.226992569177931 -0.47 -0.0608224755990925
    vertex -0.235 -0.47 2.82888860536808e-17
  endloop
endfacet
facet normal -0.965925826289068 8.84926496640275e-018 -0.25881904510252
  outer loop
    vertex -0.226992569177931 -0.47 -0.0608224755990925
    vertex -0.235 1.75 2.87791997799628e-17
    vertex -0.226992569177931 1.75 -0.0608224755990925
  endloop
endfacet
facet normal 5.90446153853725e-018 -1.0 1.59923733917436e-017
  outer loop
    vertex 0.0608224755990925 -0.47 -0.226992569177931
    vertex -0.0608224755990925 -0.47 -0.226992569177931
    vertex -4.24333290805211e-17 -0.47 -0.235
  endloop
endfacet
facet normal 5.90446153853725e-018 -1.0 1.59923733917436e-017
  outer loop
    vertex -0.0608224755990925 -0.47 -0.226992569177931
    vertex 0.0608224755990925 -0.47 -0.226992569177931
    vertex 0.1175 -0.47 -0.203515969889343
  endloop
endfacet
facet normal 5.90446153853725e-018 -1.0 1.59923733917436e-017
  outer loop
    vertex -0.0608224755990925 -0.47 -0.226992569177931
    vertex 0.1175 -0.47 -0.203515969889343
    vertex 1.33180339407275e-17 -0.47 -0.2175
  endloop
endfacet
facet normal 5.90446153853725e-018 -1.0 1.59923733917436e-017
  outer loop
    vertex 1.33180339407275e-17 -0.47 -0.2175
    vertex 0.1175 -0.47 -0.203515969889343
    vertex 0.0562931423097985 -0.47 -0.210088867217873
  endloop
endfacet
facet normal 5.90446153853725e-018 -1.0 1.59923733917436e-017
  outer loop
    vertex 0.0562931423097985 -0.47 -0.210088867217873
    vertex 0.1175 -0.47 -0.203515969889343
    vertex 0.10875 -0.47 -0.188360525323116
  endloop
endfacet
facet normal 5.90446153853725e-018 -1.0 1.59923733917436e-017
  outer loop
    vertex 0.10875 -0.47 -0.188360525323116
    vertex 0.1175 -0.47 -0.203515969889343
    vertex 0.166170093578838 -0.47 -0.166170093578839
  endloop
endfacet
facet normal 5.90446153853725e-018 -1.0 1.59923733917436e-017
  outer loop
    vertex 0.10875 -0.47 -0.188360525323116
    vertex 0.166170093578838 -0.47 -0.166170093578839
    vertex 0.153795724908074 -0.47 -0.153795724908074
  endloop
endfacet
facet normal 5.90446153853725e-018 -1.0 1.59923733917436e-017
  outer loop
    vertex 0.153795724908074 -0.47 -0.153795724908074
    vertex 0.166170093578838 -0.47 -0.166170093578839
    vertex 0.203515969889343 -0.47 -0.1175
  endloop
endfacet
facet normal 5.90446153853725e-018 -1.0 1.59923733917436e-017
  outer loop
    vertex 0.153795724908074 -0.47 -0.153795724908074
    vertex 0.203515969889343 -0.47 -0.1175
    vertex 0.188360525323116 -0.47 -0.10875
  endloop
endfacet
facet normal 5.90446153853725e-018 -1.0 1.59923733917436e-017
  outer loop
    vertex 0.188360525323116 -0.47 -0.10875
    vertex 0.203515969889343 -0.47 -0.1175
    vertex 0.226992569177931 -0.47 -0.0608224755990925
  endloop
endfacet
facet normal 5.90446153853725e-018 -1.0 1.59923733917436e-017
  outer loop
    vertex 0.188360525323116 -0.47 -0.10875
    vertex 0.226992569177931 -0.47 -0.0608224755990925
    vertex 0.210088867217873 -0.47 -0.0562931423097985
  endloop
endfacet
facet normal 5.90446153853725e-018 -1.0 1.59923733917436e-017
  outer loop
    vertex 0.210088867217873 -0.47 -0.0562931423097985
    vertex 0.226992569177931 -0.47 -0.0608224755990925
    vertex 0.235 -0.47 0
  endloop
endfacet
facet normal 5.90446153853725e-018 -1.0 1.59923733917436e-017
  outer loop
    vertex 0.210088867217873 -0.47 -0.0562931423097985
    vertex 0.235 -0.47 0
    vertex 0.2175 -0.47 0
  endloop
endfacet
facet normal 5.90446153853725e-018 -1.0 1.59923733917436e-017
  outer loop
    vertex 0.2175 -0.47 0
    vertex 0.235 -0.47 0
    vertex 0.226992569177931 -0.47 0.0608224755990925
  endloop
endfacet
facet normal 5.90446153853725e-018 -1.0 1.59923733917436e-017
  outer loop
    vertex 0.2175 -0.47 0
    vertex 0.226992569177931 -0.47 0.0608224755990925
    vertex 0.210088867217873 -0.47 0.0562931423097985
  endloop
endfacet
facet normal 5.90446153853725e-018 -1.0 1.59923733917436e-017
  outer loop
    vertex 0.210088867217873 -0.47 0.0562931423097985
    vertex 0.226992569177931 -0.47 0.0608224755990925
    vertex 0.188360525323116 -0.47 0.10875
  endloop
endfacet
facet normal 5.90446153853725e-018 -1.0 1.59923733917436e-017
  outer loop
    vertex 0.188360525323116 -0.47 0.10875
    vertex 0.226992569177931 -0.47 0.0608224755990925
    vertex 0.203515969889343 -0.47 0.1175
  endloop
endfacet
facet normal 5.90446153853725e-018 -1.0 1.59923733917436e-017
  outer loop
    vertex 0.188360525323116 -0.47 0.10875
    vertex 0.203515969889343 -0.47 0.1175
    vertex 0.153795724908074 -0.47 0.153795724908074
  endloop
endfacet
facet normal 5.90446153853725e-018 -1.0 1.59923733917436e-017
  outer loop
    vertex 0.153795724908074 -0.47 0.153795724908074
    vertex 0.203515969889343 -0.47 0.1175
    vertex 0.166170093578838 -0.47 0.166170093578838
  endloop
endfacet
facet normal 5.90446153853725e-018 -1.0 1.59923733917436e-017
  outer loop
    vertex 0.153795724908074 -0.47 0.153795724908074
    vertex 0.166170093578838 -0.47 0.166170093578838
    vertex 0.10875 -0.47 0.188360525323116
  endloop
endfacet
facet normal 5.90446153853725e-018 -1.0 1.59923733917436e-017
  outer loop
    vertex 0.10875 -0.47 0.188360525323116
    vertex 0.166170093578838 -0.47 0.166170093578838
    vertex 0.1175 -0.47 0.203515969889343
  endloop
endfacet
facet normal 5.90446153853725e-018 -1.0 1.59923733917436e-017
  outer loop
    vertex 0.10875 -0.47 0.188360525323116
    vertex 0.1175 -0.47 0.203515969889343
    vertex 0.056293142309798 -0.47 0.210088867217873
  endloop
endfacet
facet normal 5.90446153853725e-018 -1.0 1.59923733917436e-017
  outer loop
    vertex 0.056293142309798 -0.47 0.210088867217873
    vertex 0.1175 -0.47 0.203515969889343
    vertex 0.0608224755990925 -0.47 0.226992569177931
  endloop
endfacet
facet normal 5.90446153853725e-018 -1.0 1.59923733917436e-017
  outer loop
    vertex 0.056293142309798 -0.47 0.210088867217873
    vertex 0.0608224755990925 -0.47 0.226992569177931
    vertex -3.99541018221824e-17 -0.47 0.2175
  endloop
endfacet
facet normal 5.90446153853725e-018 -1.0 1.59923733917436e-017
  outer loop
    vertex 1.33180339407275e-17 -0.47 -0.2175
    vertex -0.1175 -0.47 -0.203515969889343
    vertex -0.0608224755990925 -0.47 -0.226992569177931
  endloop
endfacet
facet normal 5.90446153853725e-018 -1.0 1.59923733917436e-017
  outer loop
    vertex -0.1175 -0.47 -0.203515969889343
    vertex 1.33180339407275e-17 -0.47 -0.2175
    vertex -0.056293142309798 -0.47 -0.210088867217873
  endloop
endfacet
facet normal 5.90446153853725e-018 -1.0 1.59923733917436e-017
  outer loop
    vertex -0.1175 -0.47 -0.203515969889343
    vertex -0.056293142309798 -0.47 -0.210088867217873
    vertex -0.10875 -0.47 -0.188360525323116
  endloop
endfacet
facet normal 5.90446153853725e-018 -1.0 1.59923733917436e-017
  outer loop
    vertex -0.1175 -0.47 -0.203515969889343
    vertex -0.10875 -0.47 -0.188360525323116
    vertex -0.166170093578838 -0.47 -0.166170093578838
  endloop
endfacet
facet normal 5.90446153853725e-018 -1.0 1.59923733917436e-017
  outer loop
    vertex -0.166170093578838 -0.47 -0.166170093578838
    vertex -0.10875 -0.47 -0.188360525323116
    vertex -0.153795724908074 -0.47 -0.153795724908074
  endloop
endfacet
facet normal 5.90446153853725e-018 -1.0 1.59923733917436e-017
  outer loop
    vertex -0.166170093578838 -0.47 -0.166170093578838
    vertex -0.153795724908074 -0.47 -0.153795724908074
    vertex -0.203515969889343 -0.47 -0.1175
  endloop
endfacet
facet normal 5.90446153853725e-018 -1.0 1.59923733917436e-017
  outer loop
    vertex -0.203515969889343 -0.47 -0.1175
    vertex -0.153795724908074 -0.47 -0.153795724908074
    vertex -0.188360525323116 -0.47 -0.10875
  endloop
endfacet
facet normal 5.90446153853725e-018 -1.0 1.59923733917436e-017
  outer loop
    vertex -0.203515969889343 -0.47 -0.1175
    vertex -0.188360525323116 -0.47 -0.10875
    vertex -0.226992569177931 -0.47 -0.0608224755990925
  endloop
endfacet
facet normal 5.90446153853725e-018 -1.0 1.59923733917436e-017
  outer loop
    vertex -0.226992569177931 -0.47 -0.0608224755990925
    vertex -0.188360525323116 -0.47 -0.10875
    vertex -0.210088867217873 -0.47 -0.0562931423097985
  endloop
endfacet
facet normal 5.90446153853725e-018 -1.0 1.59923733917436e-017
  outer loop
    vertex -0.226992569177931 -0.47 -0.0608224755990925
    vertex -0.210088867217873 -0.47 -0.0562931423097985
    vertex -0.235 -0.47 2.82888860536808e-17
  endloop
endfacet
facet normal 5.90446153853725e-018 -1.0 1.59923733917436e-017
  outer loop
    vertex -0.235 -0.47 2.82888860536808e-17
    vertex -0.210088867217873 -0.47 -0.0562931423097985
    vertex -0.2175 -0.47 -2.6636067881455e-17
  endloop
endfacet
facet normal 5.90446153853725e-018 -1.0 1.59923733917436e-017
  outer loop
    vertex -0.235 -0.47 2.82888860536808e-17
    vertex -0.2175 -0.47 -2.6636067881455e-17
    vertex -0.210088867217873 -0.47 0.056293142309798
  endloop
endfacet
facet normal 5.90446153853725e-018 -1.0 1.59923733917436e-017
  outer loop
    vertex -0.235 -0.47 2.82888860536808e-17
    vertex -0.210088867217873 -0.47 0.056293142309798
    vertex -0.226992569177931 -0.47 0.0608224755990925
  endloop
endfacet
facet normal 5.90446153853725e-018 -1.0 1.59923733917436e-017
  outer loop
    vertex -0.226992569177931 -0.47 0.0608224755990925
    vertex -0.210088867217873 -0.47 0.056293142309798
    vertex -0.188360525323116 -0.47 0.10875
  endloop
endfacet
facet normal 5.90446153853725e-018 -1.0 1.59923733917436e-017
  outer loop
    vertex -0.226992569177931 -0.47 0.0608224755990925
    vertex -0.188360525323116 -0.47 0.10875
    vertex -0.203515969889343 -0.47 0.1175
  endloop
endfacet
facet normal 5.90446153853725e-018 -1.0 1.59923733917436e-017
  outer loop
    vertex -0.203515969889343 -0.47 0.1175
    vertex -0.188360525323116 -0.47 0.10875
    vertex -0.153795724908074 -0.47 0.153795724908074
  endloop
endfacet
facet normal 5.90446153853725e-018 -1.0 1.59923733917436e-017
  outer loop
    vertex -0.203515969889343 -0.47 0.1175
    vertex -0.153795724908074 -0.47 0.153795724908074
    vertex -0.166170093578838 -0.47 0.166170093578838
  endloop
endfacet
facet normal 5.90446153853725e-018 -1.0 1.59923733917436e-017
  outer loop
    vertex -0.166170093578838 -0.47 0.166170093578838
    vertex -0.153795724908074 -0.47 0.153795724908074
    vertex -0.10875 -0.47 0.188360525323116
  endloop
endfacet
facet normal 5.90446153853725e-018 -1.0 1.59923733917436e-017
  outer loop
    vertex -0.166170093578838 -0.47 0.166170093578838
    vertex -0.10875 -0.47 0.188360525323116
    vertex -0.1175 -0.47 0.203515969889343
  endloop
endfacet
facet normal 5.90446153853725e-018 -1.0 1.59923733917436e-017
  outer loop
    vertex -0.1175 -0.47 0.203515969889343
    vertex -0.10875 -0.47 0.188360525323116
    vertex -0.0562931423097985 -0.47 0.210088867217873
  endloop
endfacet
facet normal 5.90446153853725e-018 -1.0 1.59923733917436e-017
  outer loop
    vertex -0.1175 -0.47 0.203515969889343
    vertex -0.0562931423097985 -0.47 0.210088867217873
    vertex -0.0608224755990925 -0.47 0.226992569177931
  endloop
endfacet
facet normal 5.90446153853725e-018 -1.0 1.59923733917436e-017
  outer loop
    vertex -0.0608224755990925 -0.47 0.226992569177931
    vertex -0.0562931423097985 -0.47 0.210088867217873
    vertex -3.99541018221824e-17 -0.47 0.2175
  endloop
endfacet
facet normal 5.90446153853725e-018 -1.0 1.59923733917436e-017
  outer loop
    vertex -0.0608224755990925 -0.47 0.226992569177931
    vertex -3.99541018221824e-17 -0.47 0.2175
    vertex 0.0608224755990925 -0.47 0.226992569177931
  endloop
endfacet
facet normal 5.90446153853725e-018 -1.0 1.59923733917436e-017
  outer loop
    vertex -0.0608224755990925 -0.47 0.226992569177931
    vertex 0.0608224755990925 -0.47 0.226992569177931
    vertex 1.41444430268404e-17 -0.47 0.235
  endloop
endfacet
endsolid PenHolder
